"","FeatureID","PC1","PC2","PC3","ASV","Kingdom","Phylum","Class","Order","Family","Genus","Species"
"1","ASV_1",-0.000811850972471449,-0.152790359044442,0.172873624932468,"ASV_1","Metazoa","Arthropoda","Hexanauplia","Cyclopoida","Oithonidae","Oithona","Oithona similis"
"2","ASV_2",-0.0293277594289361,0.00485438867390011,0.237270004920093,"ASV_2","no_hit","Dinophyceae","Dinophyceae","no_hit","no_hit","no_hit","no_hit"
"3","ASV_3",-0.0281246121424286,0.012062299355676,0.0749439599347898,"ASV_3","Metazoa","Arthropoda","Hexanauplia","Calanoida","Metridinidae","Metridia","no_hit"
"4","ASV_4",0.153217726045902,-0.0520756238654748,0.187144340610355,"ASV_4","Metazoa","Arthropoda","Hexanauplia","Calanoida","Paracalanidae","Paracalanus","no_hit"
"5","ASV_5",0.0905298677423596,-0.0802386743405275,0.151757717034569,"ASV_5","no_hit","Bacillariophyta","Bacillariophyceae","Bacillariales","Bacillariaceae","Pseudo-nitzschia","no_hit"
"6","ASV_6",0.0486209993278344,-0.0523309148968465,0.124667148766085,"ASV_6","no_hit","Bacillariophyta","Coscinodiscophyceae","Chaetocerotales","Chaetocerotaceae","Chaetoceros","no_hit"
"7","ASV_7",0.100310114849455,-0.0184320861086182,0.11313381946911,"ASV_7","Metazoa","Arthropoda","Hexanauplia","Calanoida","Calanidae","no_hit","no_hit"
"8","ASV_8",-0.0718035584146619,0.0155574026501668,0.197681164386661,"ASV_8","no_hit","Dinophyceae","Dinophyceae","no_hit","no_hit","no_hit","no_hit"
"9","ASV_9",0.0523180090880018,-0.0213155798823133,0.192671505702526,"ASV_9","no_hit","Bacillariophyta","Coscinodiscophyceae","Thalassiosirales","Thalassiosiraceae","no_hit","no_hit"
"10","ASV_10",-0.0197897254760079,0.00884742838462749,0.212354284914795,"ASV_10","no_hit","Dinophyceae","Dinophyceae","no_hit","no_hit","no_hit","no_hit"
"11","ASV_11",-0.0992320794290797,0.165652414584977,0.0860661205240683,"ASV_11","no_hit","unknown","unknown","unknown","unknown","unknown","Acantharian sp. 6201"
"12","ASV_12",-0.0501535412946416,-0.0964327290066299,0.1124752976504,"ASV_12","Metazoa","Chordata","Appendicularia","Copelata","Oikopleuridae","Oikopleura","Oikopleura dioica"
"13","ASV_13",-0.125562031990757,-0.0393871307198656,0.0762192986198887,"ASV_13","no_hit","no_hit","no_hit","no_hit","no_hit","no_hit","no_hit"
"14","ASV_14",0.0619154592969428,-0.0263167536297095,0.0834216578910662,"ASV_14","no_hit","Dinophyceae","Dinophyceae","Gonyaulacales","Gonyaulacaceae","Alexandrium","no_hit"
"15","ASV_15",-0.100339325659437,0.0853045554780959,0.0848719550454565,"ASV_15","Metazoa","Cnidaria","Hydrozoa","Siphonophorae","no_hit","no_hit","no_hit"
"16","ASV_16",0.0686758595854901,-0.0219674154112795,0.0829379360097016,"ASV_16","no_hit","Dinophyceae","Dinophyceae","Gonyaulacales","Gonyaulacaceae","Alexandrium","no_hit"
"17","ASV_17",0.0361717236219979,-0.0559226739084581,0.143638591023258,"ASV_17","no_hit","Bacillariophyta","Coscinodiscophyceae","Thalassiosirales","Thalassiosiraceae","Thalassiosira","no_hit"
"18","ASV_18",-0.0486761170702389,-0.119897853115592,0.044574303015792,"ASV_18","no_hit","Dinophyceae","Dinophyceae","Syndiniales","no_hit","no_hit","no_hit"
"19","ASV_19",-0.132146145964654,0.0775620976534137,0.0874411412985322,"ASV_19","no_hit","no_hit","no_hit","no_hit","no_hit","no_hit","no_hit"
"20","ASV_20",0.0537648058933874,-0.0263819710473942,0.0584360776256957,"ASV_20","no_hit","Dinophyceae","Dinophyceae","Gymnodiniales","Gymnodiniaceae","Akashiwo","Akashiwo sanguinea"
"21","ASV_21",0.0298768194792469,-0.0682299528534089,0.085274839781721,"ASV_21","no_hit","Bacillariophyta","Coscinodiscophyceae","Chaetocerotales","Chaetocerotaceae","Chaetoceros","Chaetoceros tenuissimus"
"22","ASV_22",-0.0222123320322305,-0.0263730126651862,0.127951633493886,"ASV_22","no_hit","Haptophyta","unknown","Phaeocystales","Phaeocystaceae","Phaeocystis","no_hit"
"23","ASV_23",0.0190203924209018,0.05387621811363,0.0984056869174149,"ASV_23","no_hit","Imbricatea","unknown","Thaumatomonadida","Thaumatomastigidae","Protaspis","no_hit"
"24","ASV_24",-0.0616981609325637,-0.060673085190558,0.0751045569405777,"ASV_24","no_hit","Dinophyceae","Dinophyceae","no_hit","no_hit","no_hit","no_hit"
"25","ASV_25",-0.0488669885179021,-0.0128907907966454,0.0413130614382355,"ASV_25","Metazoa","Arthropoda","Hexanauplia","Calanoida","Clausocalanidae","Clausocalanus","no_hit"
"26","ASV_26",-0.123327802173253,0.0393977374848482,0.0586444361806921,"ASV_26","no_hit","no_hit","no_hit","no_hit","no_hit","no_hit","no_hit"
"27","ASV_27",-0.124638388597936,-0.0198678157191054,0.0507816874614334,"ASV_27","no_hit","unknown","unknown","unknown","unknown","g_","s_"
"28","ASV_28",0.0903086478362057,0.0278521801131978,0.0970574954039813,"ASV_28","no_hit","Dinophyceae","Dinophyceae","Gymnodiniales","Gymnodiniaceae","Gyrodinium","Gyrodinium rubrum"
"29","ASV_29",-0.0397333345460511,-0.0525275585083866,0.0960646411685163,"ASV_29","no_hit","no_hit","no_hit","no_hit","no_hit","no_hit","no_hit"
"30","ASV_30",0.0201776745587052,-0.00595907888462038,0.0228690663678911,"ASV_30","Metazoa","Arthropoda","Hexanauplia","Calanoida","no_hit","no_hit","no_hit"
"31","ASV_31",-0.109992995214477,0.0803586657717094,0.063966804964976,"ASV_31","no_hit","Euglenozoa","unknown","Diplonemea","unknown","g_","s_"
"32","ASV_32",-0.00930134001599739,-0.0286741723371047,0.0071000358247128,"ASV_32","Metazoa","Arthropoda","Malacostraca","Euphausiacea","Euphausiidae","no_hit","no_hit"
"33","ASV_33",0.0373011125493656,0.0831942824847352,0.116655588383562,"ASV_33","no_hit","no_hit","no_hit","no_hit","no_hit","no_hit","no_hit"
"34","ASV_34",0.0527588884156494,-0.0550866983223454,0.092905159715327,"ASV_34","no_hit","Bacillariophyta","Coscinodiscophyceae","no_hit","no_hit","no_hit","no_hit"
"35","ASV_36",0.0568810631462775,-0.0090405706944959,0.053991690442276,"ASV_36","no_hit","Ciliophora","Prostomatea","Prorodontida","Plagiocampidae","g_","s_"
"36","ASV_37",-0.0365805222436788,-0.0107369954654992,0.0441907882544597,"ASV_37","Metazoa","Arthropoda","Hexanauplia","Calanoida","Metridinidae","no_hit","no_hit"
"37","ASV_38",-0.111181790796292,0.0289195268703204,0.0548400058347186,"ASV_38","no_hit","Dinophyceae","Dinophyceae","Syndiniales","no_hit","no_hit","no_hit"
"38","ASV_39",-0.101258002451573,0.0464863199028147,0.0496328757868064,"ASV_39","unassigned","unassigned","unassigned","unassigned","unassigned","unassigned","unassigned"
"39","ASV_41",-0.0148602228937624,-0.0508913203259121,0.104926321212713,"ASV_41","no_hit","no_hit","no_hit","no_hit","no_hit","no_hit","no_hit"
"40","ASV_42",-0.090444775702584,-0.0375695002748186,0.057013440537597,"ASV_42","no_hit","unknown","unknown","unknown","unknown","g_","s_"
"41","ASV_43",0.039825097615657,-0.0376152509816631,0.0696427791640703,"ASV_43","Metazoa","Arthropoda","Hexanauplia","Calanoida","no_hit","no_hit","no_hit"
"42","ASV_44",-0.110630686273615,-0.0411356797467053,0.0299693395853875,"ASV_44","no_hit","unknown","Polycystinea","Nassellaria","Plagiacanthidae","Lithomelissa","Lithomelissa setosa"
"43","ASV_46",-0.0245700385594885,-0.0918078409096638,0.0536432683565357,"ASV_46","no_hit","unknown","unknown","unknown","unknown","unknown","s_"
"44","ASV_47",0.0504893361645432,0.0166851379488307,0.0957514389633261,"ASV_47","no_hit","Bacillariophyta","Bacillariophyceae","Bacillariales","Bacillariaceae","Pseudo-nitzschia","no_hit"
"45","ASV_48",0.0612953454140591,-0.0292406191560975,0.0413040401011428,"ASV_48","no_hit","Dinophyceae","Dinophyceae","Prorocentrales","Prorocentraceae","Prorocentrum","Prorocentrum triestinum"
"46","ASV_49",0.0437238996565662,-0.036077331465599,0.0843768040050335,"ASV_49","no_hit","Dinophyceae","Dinophyceae","Gymnodiniales","Gymnodiniaceae","Gyrodinium","Gyrodinium rubrum"
"47","ASV_50",0.0658360406160583,-0.0336476001946056,0.0731851332554184,"ASV_50","no_hit","Bacillariophyta","Coscinodiscophyceae","Chaetocerotales","Chaetocerotaceae","Chaetoceros","Chaetoceros brevis"
"48","ASV_51",0.067092399021652,-0.0187053719790572,0.0672449299780742,"ASV_51","no_hit","Bacillariophyta","Bacillariophyceae","Bacillariales","Bacillariaceae","Fragilariopsis","no_hit"
"49","ASV_52",-0.0455245488932544,-0.0958751754534198,0.0263867846695981,"ASV_52","no_hit","Dinophyceae","Dinophyceae","no_hit","no_hit","no_hit","no_hit"
"50","ASV_53",-0.0536444382110595,-0.0134359313925259,0.017262164336478,"ASV_53","no_hit","Imbricatea","unknown","Thaumatomonadida","Thaumatomastigidae","Protaspis","s_"
"51","ASV_54",0.0707800890104676,-0.0311145438565945,0.0501870246886153,"ASV_54","no_hit","Dinophyceae","Dinophyceae","Prorocentrales","Prorocentraceae","Prorocentrum","no_hit"
"52","ASV_55",0.0155345259649566,0.00244163008630696,0.0454739678970043,"ASV_55","Metazoa","Arthropoda","Hexanauplia","Cyclopoida","Oithonidae","Oithona","no_hit"
"53","ASV_56",0.0101758856500479,-0.050605974578347,0.0467434961666085,"ASV_56","no_hit","Bacillariophyta","Coscinodiscophyceae","Thalassiosirales","Thalassiosiraceae","Thalassiosira","no_hit"
"54","ASV_57",-0.038655982188832,-0.0543593799611264,0.0461463102500391,"ASV_57","Metazoa","Arthropoda","Hexanauplia","Cyclopoida","Oithonidae","Oithona","Oithona similis"
"55","ASV_58",-0.101231879338213,-0.0624880197222754,-0.00266493432255834,"ASV_58","Metazoa","Cnidaria","Scyphozoa","Semaeostomeae","Ulmaridae","Phacellophora","Phacellophora camtschatica"
"56","ASV_59",-0.0165537264326201,-0.0216046073877556,0.10381352743744,"ASV_59","no_hit","Dinophyceae","Dinophyceae","no_hit","no_hit","no_hit","no_hit"
"57","ASV_60",-0.0139996568005795,-0.0784014952132429,0.0409724780813805,"ASV_60","no_hit","Dinophyceae","Dinophyceae","Gymnodiniales","Warnowiaceae","g_","s_"
"58","ASV_61",0.0688531785948064,-0.0145148261803689,0.0560328368348168,"ASV_61","no_hit","Bacillariophyta","Bacillariophyceae","no_hit","no_hit","no_hit","no_hit"
"59","ASV_62",0.0639339977779551,-0.0322515407224457,0.0627721876431542,"ASV_62","no_hit","Dinophyceae","Dinophyceae","Gymnodiniales","Warnowiaceae","g_","s_"
"60","ASV_63",0.00845356374442423,0.0977547922156454,0.0277717899493724,"ASV_63","no_hit","Dinophyceae","Dinophyceae","Syndiniales","no_hit","no_hit","no_hit"
"61","ASV_64",-0.00485704879274585,0.00940770923433996,0.0456320471305639,"ASV_64","Metazoa","Arthropoda","Hexanauplia","Cyclopoida","Oithonidae","Oithona","Oithona decipiens"
"62","ASV_65",-0.0202817373453737,0.0688412498237032,0.0307643142461314,"ASV_65","Metazoa","Cnidaria","Hydrozoa","Siphonophorae","Apolemiidae","Apolemia","no_hit"
"63","ASV_67",-0.000865351778157142,-0.000353729487066284,-0.0010409890045904,"ASV_67","Fungi","Ascomycota","Dothideomycetes","Cladosporiales","Cladosporiaceae","Cladosporium","no_hit"
"64","ASV_68",-0.0158338987357533,0.0551814026115085,0.0495043773124906,"ASV_68","Metazoa","Arthropoda","Hexanauplia","Cyclopoida","Oithonidae","Oithona","Oithona pulla"
"65","ASV_69",0.0262868274974973,-0.0340742543021039,0.092800291544099,"ASV_69","no_hit","Bacillariophyta","Bacillariophyceae","Naviculales","Naviculaceae","Navicula","no_hit"
"66","ASV_70",0.0316596901580156,0.0021790514725207,0.0377259258859049,"ASV_70","no_hit","Bacillariophyta","Coscinodiscophyceae","Chaetocerotales","Chaetocerotaceae","Chaetoceros","no_hit"
"67","ASV_71",-0.0072752848564429,-0.0794791352506626,0.0715939728378625,"ASV_71","no_hit","Haptophyta","no_hit","no_hit","no_hit","g_","s_"
"68","ASV_72",0.0259397712398613,0.0415546847581092,0.105008297329654,"ASV_72","no_hit","Dinophyceae","Dinophyceae","Syndiniales","no_hit","no_hit","no_hit"
"69","ASV_73",-0.0554091936225942,-0.0194351480395425,0.010808818616949,"ASV_73","no_hit","Dinophyceae","Dinophyceae","Syndiniales","Ellobiopsidae","g_","s_"
"70","ASV_74",0.062178478444859,-0.0236250715954576,0.0677713329655217,"ASV_74","no_hit","Dinophyceae","Dinophyceae","no_hit","no_hit","no_hit","no_hit"
"71","ASV_75",-0.00427761744272255,0.0184353846732295,0.0129228142059812,"ASV_75","Metazoa","Arthropoda","Ostracoda","Halocyprida","Halocyprididae","g_","s_"
"72","ASV_76",-0.0951474818322731,0.00491572769708846,0.0371042402750207,"ASV_76","no_hit","Dinophyceae","Dinophyceae","Syndiniales","Amoebophryaceae","Amoebophrya","no_hit"
"73","ASV_77",-0.0264898067648158,0.07757013907282,0.0512071259514948,"ASV_77","Metazoa","Cnidaria","Hydrozoa","Siphonophorae","Diphyidae","no_hit","no_hit"
"74","ASV_78",0.0231579935822215,-0.018632308805446,0.0762183298849069,"ASV_78","no_hit","Bacillariophyta","Bacillariophyceae","Bacillariales","Bacillariaceae","Pseudo-nitzschia","no_hit"
"75","ASV_79",-0.0106665043911923,-0.0215563205280117,0.0863162059035988,"ASV_79","no_hit","Dinophyceae","Dinophyceae","no_hit","no_hit","no_hit","no_hit"
"76","ASV_80",-0.0879139232793264,-0.0773194472673485,-0.00577984999398556,"ASV_80","no_hit","no_hit","no_hit","no_hit","no_hit","no_hit","no_hit"
"77","ASV_81",-0.00886391141499902,-0.0667330320262482,0.0656485477028048,"ASV_81","no_hit","unknown","unknown","unknown","unknown","g_","s_"
"78","ASV_82",0.0803196392367485,-0.0198048483726152,0.0607257572704906,"ASV_82","no_hit","Bacillariophyta","Coscinodiscophyceae","Thalassiosirales","Thalassiosiraceae","Thalassiosira","no_hit"
"79","ASV_83",-0.0933494932020758,-0.0373919716050077,0.0223771525478364,"ASV_83","no_hit","unknown","unknown","unknown","unknown","g_","s_"
"80","ASV_84",-0.0938323532571718,-0.0118609633879374,0.0230797991105702,"ASV_84","no_hit","unknown","unknown","unknown","unknown","g_","s_"
"81","ASV_85",-0.00198839606763972,-0.0516112352480188,0.0476105447663128,"ASV_85","no_hit","Dinophyceae","Dinophyceae","Peridiniales","Protoperidiniaceae","g_","s_"
"82","ASV_86",-0.0256101488896927,0.0712903559419431,0.0376850568483596,"ASV_86","no_hit","Dinophyceae","Dinophyceae","Coccidiniales","Chytriodiniaceae","Chytriodinium","s_"
"83","ASV_87",0.0574376143374695,-0.0137718319507474,0.0513303439968131,"ASV_87","no_hit","Dinophyceae","Dinophyceae","Peridiniales","Peridiniaceae","Scrippsiella","no_hit"
"84","ASV_88",0.0187046116678754,-0.00648965408676745,0.0656006955927161,"ASV_88","no_hit","Dinophyceae","Dinophyceae","no_hit","no_hit","no_hit","no_hit"
"85","ASV_89",0.0496040092248466,-0.0320282061789093,0.0660650804534492,"ASV_89","no_hit","Bacillariophyta","Coscinodiscophyceae","Thalassiosirales","Thalassiosiraceae","Thalassiosira","Thalassiosira concaviuscula"
"86","ASV_90",-0.0139401216423495,-0.0737978582758967,0.0499542493264643,"ASV_90","no_hit","Bacillariophyta","Coscinodiscophyceae","Stephanodiscales","Stephanodiscaceae","Cyclotella","no_hit"
"87","ASV_91",-0.0883971358794727,0.00177001821416302,0.0381169284067015,"ASV_91","no_hit","Dinophyceae","Dinophyceae","Syndiniales","no_hit","no_hit","no_hit"
"88","ASV_92",-0.0938757332258715,-0.0672138810948571,-0.00681814832244727,"ASV_92","no_hit","Dinophyceae","Dinophyceae","Peridiniales","no_hit","no_hit","no_hit"
"89","ASV_93",0.046814089191068,-0.0329575279844196,0.0577198614118475,"ASV_93","no_hit","Dinophyceae","Dinophyceae","no_hit","no_hit","no_hit","no_hit"
"90","ASV_94",0.0181192678355832,-0.0452659798365896,0.0664941438707497,"ASV_94","no_hit","unknown","Cryptophyceae","no_hit","no_hit","no_hit","no_hit"
"91","ASV_95",-0.0606459241046175,-0.00204617063542803,0.0389745093484522,"ASV_95","Metazoa","Arthropoda","Hexanauplia","Poecilostomatoida","Oncaeidae","Oncaea","no_hit"
"92","ASV_96",-0.0806225949401795,0.0088795624490079,0.0416807106215176,"ASV_96","no_hit","unknown","unknown","unknown","unknown","unknown","Stramenopiles sp. MAST-1C-sp1"
"93","ASV_97",-0.0575030685534495,0.0829967912910147,0.0439159450161332,"ASV_97","no_hit","no_hit","no_hit","no_hit","no_hit","no_hit","no_hit"
"94","ASV_98",0.00976427430619504,0.0198698856735651,0.0676031262261676,"ASV_98","no_hit","Dinophyceae","Dinophyceae","no_hit","no_hit","no_hit","no_hit"
"95","ASV_99",-0.0824934292973278,-0.006658458016164,0.034594304352612,"ASV_99","no_hit","unknown","unknown","unknown","unknown","unknown","uncultured marine eukaryote"
"96","ASV_100",0.0379747243974664,-0.0102133674307326,0.0299369294633874,"ASV_100","no_hit","Dinophyceae","Dinophyceae","no_hit","no_hit","no_hit","no_hit"
"97","ASV_101",-0.0236171411552054,-0.0647594095641625,0.0456838606486887,"ASV_101","no_hit","Dinophyceae","Dinophyceae","Gonyaulacales","Gonyaulacaceae","Adenoides","Adenoides eludens"
"98","ASV_102",0.00131448321848431,0.0661485154639286,0.0239062661247038,"ASV_102","no_hit","no_hit","no_hit","no_hit","no_hit","no_hit","no_hit"
"99","ASV_103",-0.0546109125930154,-0.0489058949908193,-0.00251467251280182,"ASV_103","Metazoa","Annelida","Polychaeta","Terebellida","Terebellidae","Lysilla","Lysilla sp. THS-2012"
"100","ASV_104",0.0417076154655589,-0.0193108639337729,0.0458451083933766,"ASV_104","no_hit","Dinophyceae","Dinophyceae","Gonyaulacales","Gonyaulacaceae","Spiniferites","Spiniferites ramosus"
"101","ASV_105",-0.0748742548485901,-0.0685008769174147,-0.00303682286371563,"ASV_105","no_hit","no_hit","no_hit","no_hit","no_hit","no_hit","no_hit"
"102","ASV_106",0.0374216781901982,0.00461757863864866,0.0688053581599605,"ASV_106","no_hit","Dinophyceae","Dinophyceae","unknown","unknown","unknown","Dinophyceae sp. UDMS0803"
"103","ASV_107",-0.0497070929402982,0.0720135367859395,0.0472258495512536,"ASV_107","no_hit","no_hit","no_hit","no_hit","no_hit","no_hit","no_hit"
"104","ASV_108",-0.0162809298958018,0.0193343306339984,0.027129293847232,"ASV_108","no_hit","unknown","unknown","unknown","unknown","unknown","uncultured marine picoeukaryote"
"105","ASV_109",-0.0112223565086729,-0.0655559880488656,0.0311150163517906,"ASV_109","no_hit","Dinophyceae","Dinophyceae","Peridiniales","Protoperidiniaceae","Islandinium","Islandinium tricingulatum"
"106","ASV_110",-0.049578900100013,0.00625851063284491,0.0597472114761718,"ASV_110","no_hit","Dinophyceae","Dinophyceae","Peridiniales","Peridiniopsidaceae","Palatinus","Palatinus apiculatus"
"107","ASV_111",-0.0796534572917928,-0.0196891982672331,0.0307750297598866,"ASV_111","no_hit","Dinophyceae","Dinophyceae","Syndiniales","Duboscquellidae","Duboscquella","no_hit"
"108","ASV_112",-0.0947941770950307,-0.0380474430164927,0.00452049723245451,"ASV_112","no_hit","Dinophyceae","Dinophyceae","Syndiniales","Amoebophryaceae","Amoebophrya","no_hit"
"109","ASV_113",-0.0770839409664095,0.0403940055373511,0.0363689224019165,"ASV_113","no_hit","Dinophyceae","Dinophyceae","Gymnodiniales","Kareniaceae","g_","s_"
"110","ASV_114",-0.0221387881873643,-0.0426091087891301,0.0335689853973594,"ASV_114","Fungi","Basidiomycota","Exobasidiomycetes","Exobasidiales","Brachybasidiaceae","g_","s_"
"111","ASV_115",0.0214495586441115,-0.0342407099125383,0.0419493488998946,"ASV_115","no_hit","unknown","Cryptophyceae","Pyrenomonadales","Geminigeraceae","Teleaulax","Teleaulax amphioxeia"
"112","ASV_116",0.0403974060409016,-0.0144787954948056,0.0408952483645985,"ASV_116","no_hit","Dinophyceae","Dinophyceae","Peridiniales","Amphidiniopsidaceae","Archaeperidinium","no_hit"
"113","ASV_117",0.0224803353075812,-0.00175512785072063,0.0178656333607063,"ASV_117","no_hit","Oomycota","no_hit","no_hit","no_hit","no_hit","no_hit"
"114","ASV_118",0.00548613229839592,-0.0319801892735916,0.0298537370249573,"ASV_118","no_hit","Dinophyceae","Dinophyceae","Suessiales","unknown","Dactylodinium","Dactylodinium arachnoides"
"115","ASV_119",-0.0450638983487772,-0.0707408607469758,0.0181654449167067,"ASV_119","no_hit","Bacillariophyta","Coscinodiscophyceae","no_hit","no_hit","no_hit","no_hit"
"116","ASV_120",0.0470499147158773,-0.0259136298655138,0.0446488366220688,"ASV_120","no_hit","Bacillariophyta","Bacillariophyceae","Naviculales","Naviculaceae","Haslea","no_hit"
"117","ASV_121",0.0502695191876638,-0.0357912494602036,0.0592718469462781,"ASV_121","no_hit","Ciliophora","Spirotrichea","unknown","Strombidiidae","g_","s_"
"118","ASV_122",0.0246198913042667,-0.0188905844729603,0.0431274228145256,"ASV_122","Metazoa","Arthropoda","Hexanauplia","Poecilostomatoida","Corycaeidae","no_hit","no_hit"
"119","ASV_123",-0.080747641369383,0.0242243159996367,0.0298134423317611,"ASV_123","no_hit","unknown","Choanoflagellata","Acanthoecida","Stephanoecidae","Calliacantha","Calliacantha natans"
"120","ASV_124",0.0259495801235464,-0.0437945088597686,0.0533985871114549,"ASV_124","no_hit","Bacillariophyta","Bacillariophyceae","Bacillariales","Bacillariaceae","g_","s_"
"121","ASV_125",-0.0118864460757463,-0.020829854529295,0.0546626501982574,"ASV_125","no_hit","no_hit","no_hit","no_hit","no_hit","no_hit","no_hit"
"122","ASV_126",-0.00610256487624484,0.00911720694632496,0.00375868243064856,"ASV_126","no_hit","unknown","Acantharea","Chaunacanthida","no_hit","no_hit","no_hit"
"123","ASV_127",-0.0350253285663883,0.00463450224316409,0.0311231296076043,"ASV_127","Metazoa","Arthropoda","Hexanauplia","Calanoida","Metridinidae","Metridia","no_hit"
"124","ASV_128",0.0287810642132187,-0.0309478476743772,0.0479151125860307,"ASV_128","no_hit","Bacillariophyta","Coscinodiscophyceae","Rhizosoleniales","Rhizosoleniaceae","Rhizosolenia","Rhizosolenia setigera"
"125","ASV_129",-0.0652567348628269,0.075545007335523,0.0415743797136707,"ASV_129","no_hit","Euglenozoa","unknown","Diplonemea","unknown","g_","s_"
"126","ASV_130",0.0507151980339892,-0.00619436460645956,0.0437260361717865,"ASV_130","no_hit","Bacillariophyta","Bacillariophyceae","Bacillariales","Bacillariaceae","Fragilariopsis","no_hit"
"127","ASV_131",-0.0648696823625004,-0.0564107648046972,0.00762909476981258,"ASV_131","no_hit","unknown","unknown","unknown","unknown","g_","s_"
"128","ASV_132",0.0116186747355572,-0.0546580436060825,0.0325337410159457,"ASV_132","no_hit","unknown","unknown","unknown","unknown","unknown","uncultured marine picoeukaryote"
"129","ASV_133",-0.00744933730288287,0.00895016065023167,0.0489906148777522,"ASV_133","no_hit","unknown","unknown","unknown","unknown","g_","s_"
"130","ASV_134",-0.0131973823143334,-0.0379314249931963,0.0446498642790831,"ASV_134","no_hit","unknown","unknown","unknown","unknown","unknown","uncultured marine picoeukaryote"
"131","ASV_135",-0.0670186510846609,0.0400239137033964,0.0330536534920532,"ASV_135","no_hit","unknown","Choanoflagellata","no_hit","no_hit","no_hit","no_hit"
"132","ASV_136",0.0359633636550006,-0.0163113697044987,0.0340572895896653,"ASV_136","no_hit","Ciliophora","no_hit","no_hit","no_hit","no_hit","no_hit"
"133","ASV_137",-0.0672816201344109,-0.0409761530872005,0.00661954715338423,"ASV_137","no_hit","Dinophyceae","Dinophyceae","Coccidiniales","Chytriodiniaceae","g_","s_"
"134","ASV_138",-0.0727966375083663,-0.0490875267693094,8.92047121127086e-05,"ASV_138","no_hit","Dinophyceae","Dinophyceae","Syndiniales","Amoebophryaceae","Amoebophrya","no_hit"
"135","ASV_139",-0.0796779791054659,-0.0036003035548157,0.0287417378595721,"ASV_139","no_hit","unknown","unknown","unknown","unknown","unknown","Stramenopiles sp. MAST-4E-sp1"
"136","ASV_140",-0.0500071257038796,-0.0674453455058299,0.0120170496088232,"ASV_140","no_hit","unknown","unknown","unknown","unknown","unknown","s_"
"137","ASV_141",-0.0117558674754499,0.107020376123567,0.0387343276414183,"ASV_141","no_hit","no_hit","no_hit","no_hit","no_hit","no_hit","no_hit"
"138","ASV_142",0.0439050412523141,-0.0149726657765649,0.0344224686043609,"ASV_142","no_hit","Dinophyceae","Dinophyceae","Dinophysiales","Dinophysiaceae","Phalacroma","Phalacroma oxytoxoides"
"139","ASV_143",-0.0290677492562102,-0.0392908517178815,0.029299575771827,"ASV_143","no_hit","Dinophyceae","Dinophyceae","unknown","unknown","Theleodinium","Theleodinium calcisporum"
"140","ASV_144",-0.0578213548866591,0.000157675958036409,0.031084481339987,"ASV_144","no_hit","unknown","unknown","unknown","unknown","unknown","s_"
"141","ASV_145",0.0394405827669658,-0.0151122599372087,0.0308342247635429,"ASV_145","no_hit","Imbricatea","unknown","Thaumatomonadida","no_hit","no_hit","no_hit"
"142","ASV_146",-0.00251528220035037,-0.0406139836489466,0.0355995633981944,"ASV_146","no_hit","Ciliophora","Spirotrichea","unknown","Strombidiidae","Strombidium","Strombidium caudispina"
"143","ASV_147",-0.0103680012611667,0.00826193220710557,0.0283319779006311,"ASV_147","no_hit","no_hit","no_hit","no_hit","no_hit","no_hit","no_hit"
"144","ASV_148",0.0327075042364918,-0.0261979650044671,0.0373634532813793,"ASV_148","no_hit","Bacillariophyta","Coscinodiscophyceae","Melosirales","Stephanopyxidaceae","g_","s_"
"145","ASV_149",0.0192231823885095,-0.00180789487926188,0.0209720456774049,"ASV_149","no_hit","unknown","Bigyra","Nanomonadea","unknown","Solenicola","s_"
"146","ASV_150",0.0015361415965809,-0.063668323065,0.0372610293316692,"ASV_150","no_hit","Haptophyta","unknown","Prymnesiales","no_hit","no_hit","no_hit"
"147","ASV_151",0.0430271825703127,-0.0179571657557697,0.0448034349515636,"ASV_151","Metazoa","Arthropoda","Hexanauplia","Calanoida","Paracalanidae","Paracalanus","Paracalanus parvus"
"148","ASV_152",-0.00807884718308655,0.0256288676809283,0.0341742729664328,"ASV_152","no_hit","Oomycota","unknown","Lagenidiales","Haliphthoraceae","g_","s_"
"149","ASV_153",-0.0864748621175602,-0.0201491670810788,0.00841982085434511,"ASV_153","no_hit","Dinophyceae","Dinophyceae","Syndiniales","Amoebophryaceae","Amoebophrya","s_"
"150","ASV_154",-0.0290851538266007,0.0421670384826315,0.0297232071926487,"ASV_154","Metazoa","Arthropoda","Hexanauplia","Poecilostomatoida","Oncaeidae","no_hit","no_hit"
"151","ASV_155",-0.0358348598087154,-0.00592503984356306,0.0491696941306247,"ASV_155","no_hit","Dinophyceae","Dinophyceae","Gymnodiniales","Kareniaceae","Karlodinium","no_hit"
"152","ASV_156",0.034055136958515,-0.00888834475820076,0.0303308480962007,"ASV_156","no_hit","Dinophyceae","Dinophyceae","Peridiniales","Protoperidiniaceae","Protoperidinium","s_"
"153","ASV_157",-0.0925881739597518,-0.00384694306466043,0.0096043423639603,"ASV_157","no_hit","unknown","Bigyra","Nanomonadea","unknown","Incisomonas","s_"
"154","ASV_158",-0.00303181546637727,0.019484069688419,0.0200442063332521,"ASV_158","Metazoa","Arthropoda","Hexanauplia","Cyclopoida","Oithonidae","Oithona","no_hit"
"155","ASV_159",-0.0592898626751034,-0.0373401674807546,0.00519459163530035,"ASV_159","no_hit","unknown","unknown","unknown","unknown","g_","s_"
"156","ASV_160",0.022119315978405,-0.00111030315870112,0.0431127835970515,"ASV_160","no_hit","Ciliophora","Spirotrichea","no_hit","no_hit","no_hit","no_hit"
"157","ASV_161",0.0228148865959581,-0.00867011546097216,0.0240090775623709,"ASV_161","Metazoa","Rotifera","Eurotatoria","Ploima","Synchaetidae","Synchaeta","Synchaeta grimpei"
"158","ASV_162",-0.0510190426157675,-0.0330874670873231,0.0187107873289368,"ASV_162","no_hit","Dinophyceae","Dinophyceae","Syndiniales","no_hit","no_hit","no_hit"
"159","ASV_163",-0.0369727623044437,0.0486961944439383,0.03880760602467,"ASV_163","no_hit","Bacillariophyta","Coscinodiscophyceae","Thalassiosirales","Thalassiosiraceae","Minidiscus","no_hit"
"160","ASV_164",0.0257492123021151,-0.00995025506873244,0.028692362417494,"ASV_164","no_hit","Dinophyceae","Dinophyceae","Peridiniales","Peridiniaceae","Scrippsiella","no_hit"
"161","ASV_165",-0.0747954265706963,-0.0400436924983782,0.00225100961291002,"ASV_165","no_hit","Dinophyceae","Dinophyceae","Syndiniales","Amoebophryaceae","Amoebophrya","no_hit"
"162","ASV_166",-0.0136295103853245,0.0828607703993427,0.0476783437807598,"ASV_166","no_hit","Dinophyceae","Dinophyceae","no_hit","no_hit","no_hit","no_hit"
"163","ASV_167",0.0493419080011514,-0.0140766812405343,0.0423724110341968,"ASV_167","no_hit","Dinophyceae","Dinophyceae","Gonyaulacales","Ceratiaceae","Tripos","no_hit"
"164","ASV_168",0.0482049071118518,-0.0150161578837223,0.0332786013104211,"ASV_168","no_hit","Ciliophora","Spirotrichea","unknown","Tontoniidae","Pseudotontonia","Pseudotontonia sp. JG-2011a"
"165","ASV_169",0.0504146260336307,-0.0237551201828131,0.0418551126834331,"ASV_169","no_hit","Bacillariophyta","Bacillariophyceae","Bacillariales","Bacillariaceae","no_hit","no_hit"
"166","ASV_170",-0.0174948949519368,-0.00343885360974989,0.0100604640659148,"ASV_170","Metazoa","Arthropoda","Hexanauplia","Calanoida","Calocalanidae","Calocalanus","s_"
"167","ASV_171",0.0339842592180718,-0.0200837070808172,0.034983060352699,"ASV_171","no_hit","Bacillariophyta","Coscinodiscophyceae","Chaetocerotales","Chaetocerotaceae","Chaetoceros","no_hit"
"168","ASV_172",-0.0754848905794894,-0.0021498050198112,0.0212516098024699,"ASV_172","no_hit","unknown","unknown","unknown","unknown","unknown","Stramenopiles sp. MAST-4A-sp1"
"169","ASV_173",0.0356254157637175,-0.00843266136610709,0.0324973057120673,"ASV_173","Viridiplantae","Chlorophyta","no_hit","no_hit","no_hit","no_hit","no_hit"
"170","ASV_174",-0.00197829370507379,0.0932303667229411,0.0318927497307654,"ASV_174","Metazoa","Cnidaria","Hydrozoa","Siphonophorae","no_hit","no_hit","no_hit"
"171","ASV_175",-0.0681306342829039,-0.0356906072506313,0.000464004074643527,"ASV_175","no_hit","unknown","Acantharea","Chaunacanthida","Gigartacontidae","Gigartacon","Gigartacon muelleri"
"172","ASV_176",0.0196456532100589,-0.0293160342946019,0.0245394510104776,"ASV_176","no_hit","Haptophyta","unknown","Isochrysidales","Noelaerhabdaceae","no_hit","no_hit"
"173","ASV_177",-0.0746409267619399,-0.0198001832931963,0.0106606580184883,"ASV_177","no_hit","Dinophyceae","Dinophyceae","no_hit","no_hit","no_hit","no_hit"
"174","ASV_178",-0.0389217568473365,0.0788618598786646,0.033192697311154,"ASV_178","no_hit","Dinophyceae","Dinophyceae","Syndiniales","no_hit","no_hit","no_hit"
"175","ASV_179",-0.00282692175615951,-0.00382183767299497,0.0172777942408554,"ASV_179","no_hit","unknown","unknown","unknown","unknown","unknown","s_"
"176","ASV_180",0.00173579361724777,-0.00254523545216205,-0.00117495569718094,"ASV_180","Metazoa","Rotifera","Eurotatoria","Ploima","Synchaetidae","Synchaeta","no_hit"
"177","ASV_181",0.0167262470614841,-0.027560738433562,0.0441716171298964,"ASV_181","no_hit","Dinophyceae","Dinophyceae","no_hit","no_hit","no_hit","no_hit"
"178","ASV_182",-0.0655949611101576,-0.0045109862241147,0.0196845717511627,"ASV_182","no_hit","unknown","unknown","unknown","unknown","unknown","s_"
"179","ASV_183",-0.0382607474023606,0.00158292313910197,0.0184035114418816,"ASV_183","no_hit","Dinophyceae","Dinophyceae","Syndiniales","Amoebophryaceae","Amoebophrya","s_"
"180","ASV_184",0.000599092557918098,-0.00718352044159563,0.0391140357489583,"ASV_184","no_hit","Dinophyceae","Dinophyceae","no_hit","no_hit","no_hit","no_hit"
"181","ASV_185",-0.0322031259901804,0.0369877810482576,0.0239675879445821,"ASV_185","no_hit","Cercozoa","unknown","unknown","unknown","g_","s_"
"182","ASV_186",-0.0539111623998989,-0.0586547258069765,0.000771074576877285,"ASV_186","no_hit","Dinophyceae","Dinophyceae","Coccidiniales","Chytriodiniaceae","g_","s_"
"183","ASV_187",0.0295861738812624,-0.017029063857319,0.024974079074802,"ASV_187","no_hit","Dinophyceae","Dinophyceae","Gymnodiniales","Warnowiaceae","Proterythropsis","no_hit"
"184","ASV_188",-0.0455491708174263,0.00627621610219218,0.0362508848576379,"ASV_188","no_hit","Ciliophora","Spirotrichea","no_hit","no_hit","no_hit","no_hit"
"185","ASV_189",0.0120031452634663,-0.026302790357136,0.0260709000137258,"ASV_189","no_hit","Dinophyceae","Dinophyceae","Gymnodiniales","Gymnodiniaceae","Gymnodinium","no_hit"
"186","ASV_191",0.0277380090972082,-0.0157817476823533,0.0368142335175049,"ASV_191","Metazoa","Arthropoda","Hexanauplia","Calanoida","Calocalanidae","Calocalanus","no_hit"
"187","ASV_192",-0.0136286146125541,-0.0389492636900132,0.0222740853969497,"ASV_192","no_hit","Dinophyceae","Dinophyceae","no_hit","no_hit","no_hit","no_hit"
"188","ASV_193",-0.0439798963424563,0.0467038891118737,0.0333979731246937,"ASV_193","no_hit","Dinophyceae","Dinophyceae","Coccidiniales","Chytriodiniaceae","g_","s_"
"189","ASV_194",0.00883823597875879,-0.00576549239597159,0.0095764929812136,"ASV_194","Metazoa","Arthropoda","Malacostraca","Euphausiacea","Euphausiidae","no_hit","no_hit"
"190","ASV_195",-0.00828978840101104,-0.0325694060795459,0.0217337973462062,"ASV_195","no_hit","unknown","unknown","unknown","unknown","g_","s_"
"191","ASV_196",-0.0157829258892598,0.0569290469572253,0.031272768586086,"ASV_196","no_hit","Bacillariophyta","Coscinodiscophyceae","Thalassiosirales","Thalassiosiraceae","Thalassiosira","no_hit"
"192","ASV_197",-0.0601006686182448,-0.0438260461948407,-0.00743323783138097,"ASV_197","no_hit","Dinophyceae","Dinophyceae","no_hit","no_hit","no_hit","no_hit"
"193","ASV_198",0.015808465280199,0.00320518594965368,0.040763196757583,"ASV_198","no_hit","Dinophyceae","Dinophyceae","Peridiniales","Peridiniaceae","Pentapharsodinium","no_hit"
"194","ASV_199",-0.0364254876555853,0.047566811789947,0.0210542819985647,"ASV_199","no_hit","unknown","unknown","unknown","unknown","g_","s_"
"195","ASV_200",-0.0464593714233498,0.0235136703260867,0.0260958241948257,"ASV_200","no_hit","Dinophyceae","Dinophyceae","Gymnodiniales","Kareniaceae","Takayama","Takayama cf. pulchellum"
"196","ASV_201",-0.031010557135797,0.0810481595003513,0.037643563746703,"ASV_201","no_hit","Euglenozoa","unknown","Diplonemea","no_hit","no_hit","no_hit"
"197","ASV_202",0.0433582556287782,-0.00567996348454453,0.028864168683649,"ASV_202","no_hit","Dinophyceae","Dinophyceae","unknown","unknown","unknown","Thecate dinoflagellate UDTSW0701"
"198","ASV_203",-0.0415863665962408,-0.0168989984981124,0.0174461924992928,"ASV_203","no_hit","Dinophyceae","Dinophyceae","no_hit","no_hit","no_hit","no_hit"
"199","ASV_204",-0.0166882106553756,-0.0501302419835471,0.0153042774234854,"ASV_204","no_hit","Dinophyceae","Dinophyceae","Peridiniales","Protoperidiniaceae","Protoperidinium","s_"
"200","ASV_205",-0.062460212991508,-0.0407159832336985,0.00445010981496918,"ASV_205","Metazoa","Annelida","Polychaeta","Terebellida","Terebellidae","Lysilla","Lysilla sp. THS-2012"
"201","ASV_206",-0.0493895873193054,0.0207670436036706,0.0272066739443821,"ASV_206","no_hit","unknown","Choanoflagellata","no_hit","no_hit","g_","s_"
"202","ASV_207",0.0218278461643046,-0.0148401458633505,0.0265614821020864,"ASV_207","no_hit","Dinophyceae","Dinophyceae","no_hit","no_hit","g_","s_"
"203","ASV_208",0.0220836546969198,-0.00724682607043725,0.0225955761603444,"ASV_208","no_hit","Ciliophora","Prostomatea","Prorodontida","Colepidae","Tiarina","no_hit"
"204","ASV_209",-0.0697746721118417,-0.000540577712816065,0.00149905420680441,"ASV_209","no_hit","Dinophyceae","Dinophyceae","Syndiniales","Amoebophryaceae","g_","s_"
"205","ASV_210",-0.0117314786345932,-0.00361590989387025,0.0346867238006284,"ASV_210","no_hit","unknown","Choanoflagellata","Acanthoecida","Stephanoecidae","Calliacantha","Calliacantha natans"
"206","ASV_211",-0.0201178044622658,0.0183466823795265,0.0127650169415672,"ASV_211","Metazoa","Cnidaria","Hydrozoa","Anthoathecata","Pandeidae","Leuckartiara","Leuckartiara octona"
"207","ASV_212",0.00263348807820587,0.00243337833056323,0.000706631926580801,"ASV_212","Viridiplantae","Streptophyta","Magnoliopsida","Poales","Poaceae","no_hit","no_hit"
"208","ASV_213",-0.00537863269880793,0.0929794746103699,0.0317122361661104,"ASV_213","no_hit","unknown","Polycystinea","Collodaria","Collozoidae","Cladococcus","Cladococcus viminalis"
"209","ASV_214",-0.0257560675695297,0.0831808225477923,0.0330969498780632,"ASV_214","no_hit","unknown","unknown","unknown","unknown","unknown","s_"
"210","ASV_215",-0.00862477566889606,0.0656109437512747,0.0291793000477286,"ASV_215","no_hit","no_hit","no_hit","no_hit","no_hit","no_hit","no_hit"
"211","ASV_216",0.0151821356386507,-0.00222510618902013,0.0386480446330353,"ASV_216","no_hit","Bacillariophyta","Coscinodiscophyceae","Coscinodiscales","Hemidiscaceae","Actinocyclus","Actinocyclus curvatulus"
"212","ASV_217",-0.0118182337343881,0.0909546619129045,0.033404568158188,"ASV_217","no_hit","Euglenozoa","unknown","Diplonemea","unknown","unknown","Diplonemida sp. 37 RG-2016"
"213","ASV_218",-0.00548354248446076,0.0647306480878047,0.0257651900016191,"ASV_218","no_hit","unknown","Acantharea","Chaunacanthida","unknown","g_","s_"
"214","ASV_219",-0.0559659931693938,-0.0601164837923442,-0.00684436285509856,"ASV_219","no_hit","Dinophyceae","Dinophyceae","Coccidiniales","Chytriodiniaceae","g_","s_"
"215","ASV_220",-0.054911639257746,-0.0153926609809724,0.0171837398143916,"ASV_220","no_hit","Dinophyceae","Dinophyceae","Syndiniales","Amoebophryaceae","Amoebophrya","s_"
"216","ASV_221",0.00152976488465531,0.0316906626043687,0.0125140970834055,"ASV_221","no_hit","Dinophyceae","Dinophyceae","Gymnodiniales","Amphilothaceae","Achradina","Achradina pulchra"
"217","ASV_222",-0.0301533536458307,-0.0370602905307245,0.0148679461392219,"ASV_222","no_hit","no_hit","no_hit","no_hit","no_hit","no_hit","no_hit"
"218","ASV_223",-0.00842818788423322,-0.0393960713664445,0.025181178868925,"ASV_223","no_hit","no_hit","no_hit","no_hit","no_hit","no_hit","no_hit"
"219","ASV_224",-0.043245980364131,0.00269559886356552,0.0181477949149039,"ASV_224","Metazoa","Arthropoda","Hexanauplia","Poecilostomatoida","Oncaeidae","no_hit","no_hit"
"220","ASV_225",-0.00390412690293114,0.0171376805229682,0.0321648512659566,"ASV_225","no_hit","unknown","Choanoflagellata","Craspedida","Salpingoecidae","Bicosta","Bicosta minor"
"221","ASV_226",-0.0525316112655996,0.036795832366997,0.0212007847465274,"ASV_226","no_hit","Dinophyceae","Dinophyceae","Peridiniales","Podolampaceae","Lessardia","Lessardia elongata"
"222","ASV_227",0.0129919684387804,-0.015941407234887,0.0297053314089739,"ASV_227","Metazoa","Chordata","Appendicularia","Copelata","Fritillariidae","Fritillaria <tunicates>","Fritillaria borealis"
"223","ASV_228",-0.000944460850973541,0.0328989369129647,0.0417527370699916,"ASV_228","no_hit","unknown","Choanoflagellata","Acanthoecida","Stephanoecidae","Diaphanoeca","Diaphanoeca undulata"
"224","ASV_229",-0.0281311377828901,-0.0415496901752742,0.0191795713245951,"ASV_229","no_hit","unknown","unknown","unknown","unknown","unknown","phototrophic eukaryote"
"225","ASV_230",-0.0101210106688137,0.0390867770426041,0.0124367050485845,"ASV_230","Metazoa","Arthropoda","Hexanauplia","Calanoida","no_hit","no_hit","no_hit"
"226","ASV_231",-0.0654299300713012,-0.0197133779582024,0.00356887772257788,"ASV_231","no_hit","Dinophyceae","Dinophyceae","Syndiniales","Amoebophryaceae","g_","s_"
"227","ASV_232",0.0416447409854081,-0.0217322383434006,0.0262012286879052,"ASV_232","no_hit","Ciliophora","Spirotrichea","unknown","Strombidiidae","Strombidium","Strombidium caudispina"
"228","ASV_233",0.0248379070857042,-0.020794264211424,0.0287262280286933,"ASV_233","no_hit","Oomycota","unknown","Lagenidiales","Haliphthoraceae","g_","s_"
"229","ASV_234",0.0317094900401119,-0.00614779570519183,0.0210986086170174,"ASV_234","no_hit","Dinophyceae","Dinophyceae","no_hit","no_hit","no_hit","no_hit"
"230","ASV_235",-0.0592166281187043,0.0101783137263695,0.0142531191123327,"ASV_235","no_hit","unknown","unknown","unknown","unknown","g_","s_"
"231","ASV_236",0.0155098699391819,-0.00837244614484835,0.0276401379374833,"ASV_236","no_hit","unknown","unknown","unknown","unknown","g_","s_"
"232","ASV_237",-0.00515706597397061,-0.056249719691266,0.0199386317544606,"ASV_237","no_hit","unknown","Cryptophyceae","Pyrenomonadales","Geminigeraceae","Teleaulax","Teleaulax amphioxeia"
"233","ASV_238",-0.00383603890957013,-0.00398151730499559,-0.000245827809498043,"ASV_238","Metazoa","Arthropoda","Hexanauplia","Calanoida","Metridinidae","no_hit","no_hit"
"234","ASV_239",-0.0548575243221055,-0.00512899586618789,0.0101695832240779,"ASV_239","no_hit","Dinophyceae","Dinophyceae","Syndiniales","no_hit","g_","s_"
"235","ASV_240",0.00351909817894615,0.0316009429407357,0.0114162128940545,"ASV_240","no_hit","unknown","Polycystinea","Spumellaria","Spongodiscidae","no_hit","no_hit"
"236","ASV_241",0.025975959338805,-0.0169029769180336,0.0267674891968118,"ASV_241","no_hit","Dinophyceae","Dinophyceae","Gymnodiniales","Gymnodiniaceae","g_","s_"
"237","ASV_242",-0.0483981915923647,-0.000604443250535912,0.0228953914162978,"ASV_242","no_hit","unknown","unknown","unknown","unknown","unknown","uncultured marine picoeukaryote"
"238","ASV_243",-0.0406755032724996,-0.0218661216651713,0.00423408261766172,"ASV_243","Metazoa","Chordata","Appendicularia","Copelata","Oikopleuridae","Oikopleura","no_hit"
"239","ASV_244",0.0296364893294536,-0.0184091571474246,0.0299182211744031,"ASV_244","no_hit","Dinophyceae","Dinophyceae","Gymnodiniales","Gymnodiniaceae","g_","s_"
"240","ASV_245",-0.00948454702519393,0.0903363121351578,0.0329666790809063,"ASV_245","no_hit","Dinophyceae","Dinophyceae","Syndiniales","no_hit","no_hit","no_hit"
"241","ASV_246",0.003749168954028,0.0610242598499227,0.0235363162725584,"ASV_246","Metazoa","Chordata","Appendicularia","Copelata","Oikopleuridae","Oikopleura","no_hit"
"242","ASV_247",-0.0721390991092279,0.0286374882835624,0.00978091216890039,"ASV_247","no_hit","no_hit","no_hit","no_hit","no_hit","no_hit","no_hit"
"243","ASV_248",-0.0302743879679092,-0.0224287518015648,0.0227257007479039,"ASV_248","no_hit","unknown","unknown","unknown","unknown","unknown","uncultured marine eukaryote"
"244","ASV_249",0.0277174488984588,-0.00966488276034752,0.035295865652678,"ASV_249","Metazoa","Arthropoda","Hexanauplia","Calanoida","Calanidae","no_hit","no_hit"
"245","ASV_250",0.0091507298171482,-0.00401297837748428,0.029640919216706,"ASV_250","no_hit","no_hit","no_hit","no_hit","no_hit","g_","s_"
"246","ASV_251",-0.0551158808732795,-0.025009101654432,0.00314147148879426,"ASV_251","no_hit","Ciliophora","Spirotrichea","Tintinnida","Tintinnidae","Salpingella","no_hit"
"247","ASV_252",-0.0202880801956264,0.0648816734513823,0.0275317018757325,"ASV_252","no_hit","Euglenozoa","unknown","Diplonemea","no_hit","no_hit","no_hit"
"248","ASV_253",-0.0427152491751146,-0.0213391019599436,0.00868253139193221,"ASV_253","no_hit","unknown","Choanoflagellata","Acanthoecida","Stephanoecidae","g_","s_"
"249","ASV_254",-0.0473758236795245,-0.0293626285691422,0.00800330242235371,"ASV_254","no_hit","no_hit","no_hit","no_hit","no_hit","no_hit","no_hit"
"250","ASV_255",-0.0529458572410321,-0.0143185461338403,0.00947040354489188,"ASV_255","no_hit","Dinophyceae","Dinophyceae","Syndiniales","Amoebophryaceae","Amoebophrya","no_hit"
"251","ASV_256",-0.0653640037506274,-0.0332183376541043,-0.0045446391610866,"ASV_256","no_hit","unknown","unknown","unknown","unknown","unknown","Stramenopiles sp. MAST-3C-sp1"
"252","ASV_257",-0.00213309725544424,0.0154249114564788,0.00759134221129733,"ASV_257","Metazoa","Arthropoda","Hexanauplia","Calanoida","no_hit","no_hit","no_hit"
"253","ASV_258",-0.0453530692659348,-0.00112545390643821,0.0201600889735824,"ASV_258","no_hit","unknown","unknown","unknown","unknown","g_","s_"
"254","ASV_259",-0.0235060859495578,-0.0102335024498547,0.00868255405995215,"ASV_259","no_hit","Dinophyceae","Dinophyceae","no_hit","no_hit","no_hit","no_hit"
"255","ASV_260",0.0298082906980681,-0.0103256317103451,0.0307480186048595,"ASV_260","no_hit","Dinophyceae","Dinophyceae","no_hit","no_hit","no_hit","no_hit"
"256","ASV_261",0.0255987357970475,-0.00931202831186185,0.0254537945190278,"ASV_261","no_hit","Dinophyceae","Dinophyceae","Peridiniales","Protoperidiniaceae","Protoperidinium","Protoperidinium excentricum"
"257","ASV_262",-0.0257601599259159,-0.0256698247975442,-0.00059176081034026,"ASV_262","Metazoa","Arthropoda","Hexanauplia","Calanoida","Clausocalanidae","Clausocalanus","no_hit"
"258","ASV_263",-0.0173250503157262,0.0741603639479633,0.0293885395947117,"ASV_263","no_hit","Euglenozoa","unknown","Diplonemea","unknown","unknown","s_"
"259","ASV_264",-0.0619335297147434,-0.0213021703383045,-0.00404976091859567,"ASV_264","no_hit","Dinophyceae","Dinophyceae","Syndiniales","no_hit","no_hit","no_hit"
"260","ASV_265",0.0224194342584993,-0.00960057213204662,0.0195326847015636,"ASV_265","no_hit","Oomycota","unknown","Lagenidiales","Haliphthoraceae","Haliphthoros","no_hit"
"261","ASV_266",0.0223044134291862,-0.00554698020593584,0.0259751776440371,"ASV_266","no_hit","Dinophyceae","Dinophyceae","no_hit","no_hit","no_hit","no_hit"
"262","ASV_267",-9.78548013203646e-05,0.0166780458041346,0.00166837648297899,"ASV_267","no_hit","Cercozoa","Thecofilosea","unknown","unknown","g_","s_"
"263","ASV_268",-0.035113236245534,-0.0149812688209479,0.00386799327945217,"ASV_268","no_hit","unknown","unknown","unknown","unknown","g_","s_"
"264","ASV_269",0.0324633594093744,-0.00439668525417923,0.0142219552100634,"ASV_269","no_hit","Dinophyceae","Dinophyceae","Syndiniales","Amoebophryaceae","g_","s_"
"265","ASV_270",0.0145842200427465,-0.00358597269533547,0.0277720057114719,"ASV_270","no_hit","Dinophyceae","Dinophyceae","Gonyaulacales","Amphidomataceae","g_","s_"
"266","ASV_272",-0.00962571697064851,0.0416241244083582,0.0100687780603811,"ASV_272","no_hit","Dinophyceae","Dinophyceae","no_hit","no_hit","no_hit","no_hit"
"267","ASV_273",-0.0447981442959598,0.00734016686083879,0.0208497608462474,"ASV_273","no_hit","Dinophyceae","Dinophyceae","Coccidiniales","Chytriodiniaceae","g_","s_"
"268","ASV_274",-0.0597940476756119,0.0198138402084717,0.011064486631501,"ASV_274","no_hit","unknown","unknown","unknown","unknown","g_","s_"
"269","ASV_275",-0.0539027427138601,-0.0123010566872358,0.00538486223774568,"ASV_275","no_hit","unknown","unknown","unknown","unknown","g_","s_"
"270","ASV_276",-0.0545041699110242,0.0240459669933919,0.0201052732789708,"ASV_276","no_hit","Dinophyceae","Dinophyceae","Syndiniales","Amoebophryaceae","g_","s_"
"271","ASV_277",-0.00145760713154682,-0.0290761675480794,0.0233811511951514,"ASV_277","Viridiplantae","Chlorophyta","Mamiellophyceae","Mamiellales","Mamiellaceae","Micromonas","no_hit"
"272","ASV_278",-0.0230945203878521,0.0331328045095457,0.0263381057181547,"ASV_278","no_hit","Dinophyceae","Dinophyceae","Syndiniales","no_hit","no_hit","no_hit"
"273","ASV_279",-0.0538472200096838,0.00607764894823603,0.00852363062227289,"ASV_279","no_hit","Dinophyceae","Dinophyceae","Syndiniales","Amoebophryaceae","Amoebophrya","no_hit"
"274","ASV_280",0.00202502834451101,0.0293621419270769,0.0203979503706892,"ASV_280","no_hit","Bacillariophyta","Mediophyceae","Lithodesmiales","Lithodesmiaceae","Ditylum","Ditylum brightwellii"
"275","ASV_281",-0.0510171188420229,-0.0141231774817177,0.0104867641087067,"ASV_281","no_hit","Dinophyceae","Dinophyceae","Peridiniales","Peridiniaceae","Pentapharsodinium","s_"
"276","ASV_282",-0.0149581407151372,0.0796393393047441,0.0303195505331687,"ASV_282","no_hit","Euglenozoa","unknown","Diplonemea","unknown","unknown","Diplonemida sp. 1sb RG-2016"
"277","ASV_283",-0.0227951654644638,-0.00373693559532412,0.0108185297225153,"ASV_283","no_hit","unknown","unknown","Telonemida","unknown","g_","s_"
"278","ASV_284",-0.0453894544409615,-0.0497805812415401,-0.0100653451611177,"ASV_284","no_hit","Bacillariophyta","Mediophyceae","Cymatosirales","Cymatosiraceae","Minutocellus","Minutocellus polymorphus"
"279","ASV_285",-0.0189198093709732,0.00664433322755113,0.0223880834062958,"ASV_285","no_hit","no_hit","no_hit","no_hit","no_hit","no_hit","no_hit"
"280","ASV_286",0.0251909826721591,-0.0199564824320936,0.0221086776951398,"ASV_286","no_hit","no_hit","no_hit","no_hit","no_hit","no_hit","no_hit"
"281","ASV_287",-0.00212824129464105,0.01536216689643,0.00756623728234197,"ASV_287","Metazoa","Arthropoda","Hexanauplia","Poecilostomatoida","no_hit","g_","s_"
"282","ASV_288",0.0138979098188181,-0.0195535940584905,0.0296856236933147,"ASV_288","no_hit","Dinophyceae","Dinophyceae","Syndiniales","no_hit","no_hit","no_hit"
"283","ASV_289",-0.0393140798643116,0.04749695712177,0.0230338703550582,"ASV_289","no_hit","Dinophyceae","Dinophyceae","Syndiniales","Duboscquellidae","Duboscquella","no_hit"
"284","ASV_290",-0.0345010818619088,0.0168874193553086,0.016910637200943,"ASV_290","no_hit","Dinophyceae","Dinophyceae","Syndiniales","no_hit","g_","s_"
"285","ASV_291",-0.0119500925506203,0.0249775393000494,0.02654865743448,"ASV_291","no_hit","Bacillariophyta","Coscinodiscophyceae","Thalassiosirales","Skeletonemataceae","Skeletonema","no_hit"
"286","ASV_292",-0.0334051353466053,-0.0330173459402353,-0.00979482497932402,"ASV_292","no_hit","no_hit","no_hit","no_hit","no_hit","no_hit","no_hit"
"287","ASV_293",-0.0597578360441088,-0.0219308670488312,-0.0026216951545602,"ASV_293","no_hit","unknown","Bigyra","Oblongichytrida","unknown","Oblongichytrium","no_hit"
"288","ASV_294",-0.054958424748011,-0.0485809631001679,-0.0216986503169085,"ASV_294","no_hit","Dinophyceae","Dinophyceae","Syndiniales","no_hit","no_hit","no_hit"
"289","ASV_295",0.0105227120448575,0.00101694512890999,0.01172463972442,"ASV_295","no_hit","Bacillariophyta","Coscinodiscophyceae","Rhizosoleniales","Rhizosoleniaceae","no_hit","no_hit"
"290","ASV_296",-0.0551247932500645,-0.0175178741845151,0.00432222716206892,"ASV_296","no_hit","no_hit","no_hit","no_hit","no_hit","no_hit","no_hit"
"291","ASV_297",-0.0224377395127578,0.0655071840729431,0.0269238043094065,"ASV_297","no_hit","Euglenozoa","unknown","Diplonemea","unknown","g_","s_"
"292","ASV_298",0.00134241514511213,0.056477041663973,0.0191451063570639,"ASV_298","no_hit","no_hit","no_hit","no_hit","no_hit","no_hit","no_hit"
"293","ASV_299",0.0230980935580463,-0.0101078680571313,0.0206260410222924,"ASV_299","no_hit","Dinophyceae","Dinophyceae","Gonyaulacales","Pyrophacaceae","Fragilidium","Fragilidium duplocampanaeforme"
"294","ASV_300",0.031150427258119,-0.0150379813870896,0.0286682883563144,"ASV_300","no_hit","Dinophyceae","Dinophyceae","Syndiniales","no_hit","no_hit","no_hit"
"295","ASV_301",-0.0153599533720976,0.0476088158723127,0.0192560870936012,"ASV_301","no_hit","no_hit","no_hit","no_hit","no_hit","no_hit","no_hit"
"296","ASV_302",0.0120010009124404,-0.0171748635966809,0.0260556379645354,"ASV_302","no_hit","no_hit","no_hit","no_hit","no_hit","g_","s_"
"297","ASV_303",-0.0401490632538228,-0.0359651563174677,0.00486881150833828,"ASV_303","no_hit","Bacillariophyta","Coscinodiscophyceae","Coscinodiscales","Coscinodiscaceae","Planktoniella","Planktoniella sol"
"298","ASV_304",-0.00545943057738233,-0.024277619585529,0.0200867480788482,"ASV_304","Metazoa","Arthropoda","Hexanauplia","Poecilostomatoida","Oncaeidae","no_hit","s_"
"299","ASV_305",-0.058935824660251,-0.0438573744556286,-0.0122037322743473,"ASV_305","no_hit","unknown","unknown","unknown","unknown","g_","s_"
"300","ASV_306",-0.0276696859333925,0.0332067497312328,0.0113293236502093,"ASV_306","no_hit","Dinophyceae","Dinophyceae","Syndiniales","no_hit","no_hit","no_hit"
"301","ASV_307",0.00565090609275693,0.00924468569487243,0.0305858827878102,"ASV_307","no_hit","Dinophyceae","Dinophyceae","Dinophysiales","Dinophysiaceae","no_hit","no_hit"
"302","ASV_308",-0.0622318143690719,-0.0260619136345497,-0.0105985249744647,"ASV_308","no_hit","unknown","Bigyra","no_hit","no_hit","no_hit","no_hit"
"303","ASV_309",-0.00102621150160988,0.0297753938236477,0.0216876759197354,"ASV_309","no_hit","Bacillariophyta","Fragilariophyceae","Fragilariales","Fragilariaceae","Asterionellopsis","Asterionellopsis glacialis"
"304","ASV_310",-0.00915388537077698,0.0193235126709363,0.00464234586330233,"ASV_310","Metazoa","Ctenophora","no_hit","no_hit","no_hit","no_hit","no_hit"
"305","ASV_311",-0.0394515317962715,-0.0172257145760458,0.000171475977019413,"ASV_311","no_hit","unknown","Bigyra","Oblongichytrida","unknown","Oblongichytrium","no_hit"
"306","ASV_312",0.0200819103105705,-0.00366915486856789,0.0198092676326855,"ASV_312","no_hit","Bacillariophyta","Coscinodiscophyceae","Rhizosoleniales","Rhizosoleniaceae","Guinardia","Guinardia flaccida"
"307","ASV_313",-0.0597839649365007,-0.0406220301944789,-0.0114250353944994,"ASV_313","no_hit","unknown","unknown","unknown","unknown","g_","s_"
"308","ASV_314",0.00455394731069857,-0.0181590378144476,0.0100846152550971,"ASV_314","no_hit","Bacillariophyta","Mediophyceae","Hemiaulales","Hemiaulaceae","Eucampia","no_hit"
"309","ASV_315",-0.0262533657711774,-0.00146606704322644,0.00797625880537937,"ASV_315","no_hit","Dinophyceae","Dinophyceae","Gymnodiniales","Gymnodiniaceae","g_","s_"
"310","ASV_316",-0.0422018785151598,0.0181636792796357,0.0189216173598388,"ASV_316","no_hit","no_hit","no_hit","no_hit","no_hit","no_hit","no_hit"
"311","ASV_317",0.0318281158485193,-0.0137403242972104,0.0082801101043144,"ASV_317","no_hit","Bacillariophyta","Coscinodiscophyceae","Chaetocerotales","Chaetocerotaceae","Chaetoceros","Chaetoceros sp. UNC1416"
"312","ASV_318",0.0233306016149894,-0.00973011628991284,0.0208843124543826,"ASV_318","no_hit","Dinophyceae","Dinophyceae","Peridiniales","Protoperidiniaceae","g_","s_"
"313","ASV_319",-0.0152154716799368,-0.0376122847149314,0.00723893065388968,"ASV_319","no_hit","no_hit","no_hit","no_hit","no_hit","no_hit","no_hit"
"314","ASV_320",0.000347999178813535,0.0511747367706679,0.0187486718829843,"ASV_320","no_hit","no_hit","no_hit","no_hit","no_hit","no_hit","no_hit"
"315","ASV_321",-0.0538196514535344,0.0324873531670777,0.00687353748362713,"ASV_321","no_hit","Dinophyceae","Dinophyceae","Syndiniales","no_hit","no_hit","no_hit"
"316","ASV_322",-0.038031133547978,0.0280124053001267,0.0150729090950836,"ASV_322","no_hit","no_hit","no_hit","no_hit","no_hit","no_hit","no_hit"
"317","ASV_323",0.0234104190122171,-0.0145789575066186,0.0178881514746189,"ASV_323","no_hit","Dinophyceae","Dinophyceae","no_hit","no_hit","no_hit","no_hit"
"318","ASV_324",-0.00850825760806755,0.0160604756356417,0.00940631552020619,"ASV_324","no_hit","no_hit","no_hit","no_hit","no_hit","g_","s_"
"319","ASV_325",0.00543458623896372,0.00506037057529664,0.00837353335688013,"ASV_325","no_hit","Bacillariophyta","Coscinodiscophyceae","Chaetocerotales","Chaetocerotaceae","Chaetoceros","Chaetoceros cinctus"
"320","ASV_326",0.000101100669259192,0.0212559117530946,0.00892016385341792,"ASV_326","Metazoa","Cnidaria","Hydrozoa","Siphonophorae","Agalmatidae","Agalma","Agalma elegans"
"321","ASV_327",0.0233457538049545,-0.00512752632336499,0.00868968062535202,"ASV_327","no_hit","no_hit","no_hit","no_hit","no_hit","no_hit","no_hit"
"322","ASV_328",0.0126544069319753,0.064537805970127,0.017418111876703,"ASV_328","no_hit","no_hit","no_hit","no_hit","no_hit","no_hit","no_hit"
"323","ASV_329",0.0221208937549703,-0.00955838371817635,0.0180028190941757,"ASV_329","no_hit","Dinophyceae","Dinophyceae","Syndiniales","no_hit","no_hit","no_hit"
"324","ASV_330",-0.0516473402111197,-0.0371385192239294,-0.00391561981552796,"ASV_330","no_hit","no_hit","no_hit","no_hit","no_hit","no_hit","s_"
"325","ASV_331",-0.0188518153444843,0.0294934566113927,0.00831897781500414,"ASV_331","no_hit","Dinophyceae","Dinophyceae","Syndiniales","Amoebophryaceae","g_","s_"
"326","ASV_332",-0.0172484937082134,0.0583323889539693,0.025415721551264,"ASV_332","no_hit","no_hit","no_hit","no_hit","no_hit","no_hit","no_hit"
"327","ASV_333",0.00339391230468526,0.0708411120137236,0.0219071020191478,"ASV_333","no_hit","Euglenozoa","unknown","Diplonemea","unknown","unknown","s_"
"328","ASV_334",-0.0196147767102101,0.0317337806067444,0.0136393045548099,"ASV_334","no_hit","unknown","Bigyra","Thraustochytrida","Thraustochytriaceae","Aplanochytrium","Aplanochytrium kerguelense"
"329","ASV_335",-0.0448758199947089,-0.0385899254336015,-0.00294550855403677,"ASV_335","no_hit","Ciliophora","Spirotrichea","Tintinnida","no_hit","no_hit","no_hit"
"330","ASV_336",-0.026121464774944,0.0253489901806285,0.0117658340193955,"ASV_336","no_hit","no_hit","no_hit","no_hit","no_hit","no_hit","no_hit"
"331","ASV_337",0.00902973245268947,0.0669788776275917,0.0194434218952992,"ASV_337","no_hit","no_hit","no_hit","no_hit","no_hit","no_hit","no_hit"
"332","ASV_338",0.0203406080152362,-0.00498146766533238,0.0144476015563204,"ASV_338","no_hit","Dinophyceae","Dinophyceae","Dinophysiales","Dinophysiaceae","Dinophysis","Dinophysis acuminata"
"333","ASV_339",-0.0283819681556349,0.00769575548591826,0.0105132463456895,"ASV_339","no_hit","unknown","unknown","unknown","unknown","g_","s_"
"334","ASV_340",0.0107679235548813,-0.0235878644287749,0.0152129565022148,"ASV_340","no_hit","unknown","unknown","unknown","unknown","g_","s_"
"335","ASV_341",-0.0229812228627189,0.0296629914826998,0.0109306727507035,"ASV_341","no_hit","unknown","unknown","unknown","unknown","unknown","uncultured marine eukaryote"
"336","ASV_342",-0.0219161199579573,-0.00913904196219688,0.00283043333064033,"ASV_342","Metazoa","Cnidaria","Hydrozoa","Trachymedusae","Rhopalonematidae","no_hit","no_hit"
"337","ASV_343",0.0201175689577734,-0.00557040330608949,0.0227771028825677,"ASV_343","no_hit","Bacillariophyta","Coscinodiscophyceae","Chaetocerotales","Chaetocerotaceae","Chaetoceros","Chaetoceros sp. UNC1415"
"338","ASV_344",-0.0200732015247045,-0.0309407334480016,0.00240821732467538,"ASV_344","no_hit","Ciliophora","Spirotrichea","unknown","Strombidiidae","g_","s_"
"339","ASV_345",-0.0287814679866326,-0.0401362785109059,0.00248901772940849,"ASV_345","no_hit","Dinophyceae","Dinophyceae","Syndiniales","no_hit","no_hit","no_hit"
"340","ASV_346",0.00788264244637807,0.00887546010215882,0.0208240236259691,"ASV_346","no_hit","unknown","unknown","unknown","unknown","g_","s_"
"341","ASV_347",-0.00356053307374067,0.072396291630677,0.0249468373796733,"ASV_347","no_hit","Euglenozoa","unknown","Diplonemea","no_hit","no_hit","no_hit"
"342","ASV_348",0.0129996008774477,-0.0216631178965379,0.0146068345949913,"ASV_348","no_hit","unknown","Cryptophyceae","no_hit","no_hit","no_hit","no_hit"
"343","ASV_349",-0.000305402823873052,0.0685426625395617,0.0253192190835076,"ASV_349","no_hit","Euglenozoa","unknown","Diplonemea","unknown","unknown","s_"
"344","ASV_350",0.0176540179063659,-0.00245376042333112,0.0107708993518956,"ASV_350","no_hit","Bacillariophyta","Bacillariophyceae","Bacillariales","Bacillariaceae","Pseudo-nitzschia","no_hit"
"345","ASV_351",-0.000325266491628269,-0.0256567020898266,0.00749915846842225,"ASV_351","no_hit","Dinophyceae","Dinophyceae","Peridiniales","Protoperidiniaceae","Protoperidinium","no_hit"
"346","ASV_352",-0.0112445937005584,0.0248149572875476,0.0170470224186502,"ASV_352","no_hit","Dinophyceae","Dinophyceae","Coccidiniales","Chytriodiniaceae","g_","s_"
"347","ASV_353",0.000712728558673124,-0.00704600036832408,0.0126957828942885,"ASV_353","no_hit","unknown","Bigyra","Nanomonadea","unknown","g_","s_"
"348","ASV_354",0.013139527917725,-0.00534931064532482,0.009632477276035,"ASV_354","no_hit","Bacillariophyta","Bacillariophyceae","Bacillariales","Bacillariaceae","Pseudo-nitzschia","no_hit"
"349","ASV_355",-0.0241281324038742,-0.00292267804716148,0.00534733878821216,"ASV_355","no_hit","no_hit","no_hit","no_hit","no_hit","no_hit","no_hit"
"350","ASV_356",0.00453797182560622,0.00399683290275441,0.0160380336650625,"ASV_356","no_hit","Dinophyceae","Dinophyceae","Gymnodiniales","Warnowiaceae","Warnowia","no_hit"
"351","ASV_357",0.0146431838275472,-0.00313571961757627,0.0149985166975029,"ASV_357","no_hit","Bacillariophyta","no_hit","no_hit","no_hit","g_","s_"
"352","ASV_358",0.0011576485772529,-0.0202909706973758,0.0141561716598136,"ASV_358","no_hit","unknown","unknown","unknown","unknown","g_","s_"
"353","ASV_359",0.014626663717027,0.000494225063421288,0.0103274135848038,"ASV_359","no_hit","Bacillariophyta","Bacillariophyceae","Bacillariales","Bacillariaceae","Pseudo-nitzschia","no_hit"
"354","ASV_360",-0.0179749189075684,0.00330501301768862,0.0113805801547738,"ASV_360","no_hit","no_hit","no_hit","no_hit","no_hit","no_hit","no_hit"
"355","ASV_361",0.0144757138263432,-0.00658543844782956,0.0172606790150289,"ASV_361","no_hit","Bacillariophyta","Bacillariophyceae","Bacillariales","Bacillariaceae","no_hit","no_hit"
"356","ASV_362",-0.0487401050765918,-0.0209424729032017,0.000141576752200532,"ASV_362","no_hit","Dinophyceae","Dinophyceae","Syndiniales","no_hit","no_hit","no_hit"
"357","ASV_363",-0.0480873198431669,-0.0185814830876326,-0.00611607931262579,"ASV_363","no_hit","Dinophyceae","Dinophyceae","Syndiniales","Amoebophryaceae","Amoebophrya","s_"
"358","ASV_364",-0.0358196696422677,-0.0249932046773416,0.00132855513289518,"ASV_364","no_hit","unknown","unknown","unknown","unknown","g_","s_"
"359","ASV_365",-0.00634780533382627,0.072137171529275,0.0269623837690677,"ASV_365","no_hit","no_hit","no_hit","no_hit","no_hit","no_hit","no_hit"
"360","ASV_366",-0.0435913063271239,-0.0233472264439126,0.0055185892323455,"ASV_366","no_hit","Dinophyceae","Dinophyceae","Syndiniales","Amoebophryaceae","g_","s_"
"361","ASV_367",0.0186768915291014,-0.00798755152364037,0.0194668156991045,"ASV_367","Metazoa","Chaetognatha","Sagittoidea","Aphragmophora","Sagittidae","Parasagitta","Parasagitta elegans"
"362","ASV_368",-0.0332463346173594,-0.0273759880495383,-0.00335006822676593,"ASV_368","no_hit","Dinophyceae","Dinophyceae","no_hit","no_hit","no_hit","no_hit"
"363","ASV_369",-0.0241040762962394,-0.0362445346557169,-0.00230308901015112,"ASV_369","no_hit","no_hit","no_hit","no_hit","no_hit","no_hit","no_hit"
"364","ASV_370",-0.0377936671304655,-0.000217773568578946,0.00417438888119276,"ASV_370","no_hit","Dinophyceae","Dinophyceae","Syndiniales","Amoebophryaceae","g_","s_"
"365","ASV_371",0.0251363086062781,-0.00636492306695591,0.0239047361568524,"ASV_371","no_hit","Dinophyceae","Dinophyceae","Peridiniales","Protoperidiniaceae","Islandinium","Islandinium tricingulatum"
"366","ASV_372",0.0177252746521841,-0.00735676776971041,-3.212593612203e-06,"ASV_372","no_hit","Dinophyceae","Dinophyceae","Syndiniales","Amoebophryaceae","Amoebophrya","no_hit"
"367","ASV_373",-0.0339885567770235,-0.0252909151728555,0.00449812856634526,"ASV_373","no_hit","Dinophyceae","Dinophyceae","Peridiniales","Peridiniopsidaceae","Palatinus","Palatinus apiculatus"
"368","ASV_374",0.0153189070908515,-0.00719642775956751,0.0241112538066864,"ASV_374","no_hit","Dinophyceae","Dinophyceae","Gonyaulacales","Gonyaulacaceae","Alexandrium","no_hit"
"369","ASV_375",0.0241953594250104,-0.0170545698251191,0.0224999434313105,"ASV_375","no_hit","Dinophyceae","Dinophyceae","Syndiniales","Amoebophryaceae","g_","s_"
"370","ASV_376",-0.0433099269896902,-0.0195762873864482,0.00775604497963572,"ASV_376","no_hit","Dinophyceae","Dinophyceae","no_hit","no_hit","no_hit","no_hit"
"371","ASV_377",-0.0477714875353632,0.00512639955471158,0.00473702225812987,"ASV_377","no_hit","unknown","unknown","unknown","unknown","unknown","uncultured marine eukaryote"
"372","ASV_378",-0.00806139257615859,0.0605879981733173,0.0232943735958513,"ASV_378","no_hit","Euglenozoa","unknown","Diplonemea","no_hit","g_","s_"
"373","ASV_379",-0.031652627783494,-0.0181230951301606,0.00470995617372244,"ASV_379","no_hit","no_hit","no_hit","no_hit","no_hit","no_hit","no_hit"
"374","ASV_380",-0.0170133362604987,0.0230056962437367,0.0148221210589353,"ASV_380","no_hit","Dinophyceae","Dinophyceae","Syndiniales","no_hit","no_hit","no_hit"
"375","ASV_381",-0.0390223524179787,0.00351580823565467,0.0115150187204702,"ASV_381","no_hit","no_hit","no_hit","no_hit","no_hit","g_","s_"
"376","ASV_382",0.0306457801445365,-0.00477655389503957,0.0137097077334453,"ASV_382","no_hit","Dinophyceae","Dinophyceae","Gymnodiniales","Gymnodiniaceae","Paragymnodinium","no_hit"
"377","ASV_383",-0.00924292985254402,0.0492211141793905,0.0168263703128011,"ASV_383","no_hit","Dinophyceae","Dinophyceae","Syndiniales","no_hit","no_hit","no_hit"
"378","ASV_384",-0.0187984337553962,0.0122801419859156,0.0102006673853279,"ASV_384","no_hit","Dinophyceae","Dinophyceae","Gymnodiniales","Kareniaceae","Karlodinium","no_hit"
"379","ASV_385",-0.0258016895609038,0.062990384862114,0.0107151235443232,"ASV_385","no_hit","Euglenozoa","unknown","Diplonemea","no_hit","no_hit","no_hit"
"380","ASV_386",0.0230753049777258,-0.00831621799531593,0.0173044442284303,"ASV_386","no_hit","Ciliophora","Spirotrichea","Tintinnida","Tintinnidae","Eutintinnus","Eutintinnus pectinis"
"381","ASV_387",-0.0169174880999904,0.0661546007076555,0.0152466888101853,"ASV_387","no_hit","Dinophyceae","Dinophyceae","no_hit","no_hit","no_hit","no_hit"
"382","ASV_388",-0.0121195537087715,0.0247188793221105,0.0134737769999338,"ASV_388","no_hit","Dinophyceae","Dinophyceae","Coccidiniales","Chytriodiniaceae","g_","s_"
"383","ASV_389",0.022198986697838,-0.0148485503729821,0.0208554828820338,"ASV_389","no_hit","Ciliophora","Spirotrichea","Choreotrichida","Strobilidiidae","Rimostrombidium","Rimostrombidium veniliae"
"384","ASV_390",0.0075648587348177,0.000869468023050522,0.00987088392666359,"ASV_390","no_hit","Ciliophora","Spirotrichea","unknown","Strombidiidae","g_","s_"
"385","ASV_391",0.0121275977699628,-0.00296064084733713,0.0126110225997151,"ASV_391","no_hit","Dinophyceae","Dinophyceae","no_hit","no_hit","no_hit","no_hit"
"386","ASV_392",-0.0447951971092671,0.00389276911957306,0.00121332345995007,"ASV_392","no_hit","no_hit","no_hit","no_hit","no_hit","no_hit","no_hit"
"387","ASV_393",0.00383349839690314,0.0710298003109865,0.0210468589191203,"ASV_393","no_hit","Euglenozoa","unknown","Diplonemea","unknown","unknown","Diplonemida sp. 9sb RG-2016"
"388","ASV_394",-0.0356518901763722,-0.00628062797427459,-0.00260810193916799,"ASV_394","no_hit","unknown","Chrysophyceae","Chromulinales","Paraphysomonadaceae","Paraphysomonas","no_hit"
"389","ASV_395",-0.00357403545688643,0.04868759923354,0.0157172983834613,"ASV_395","Metazoa","Cnidaria","Hydrozoa","Siphonophorae","Prayidae","Lilyopsis","no_hit"
"390","ASV_396",-0.0271399440327948,-0.0186124741873933,0.00322790030789867,"ASV_396","no_hit","Dinophyceae","Dinophyceae","no_hit","no_hit","g_","s_"
"391","ASV_397",0.00702937795915936,-0.00286123060109227,0.00661478711908981,"ASV_397","Metazoa","Cnidaria","Hydrozoa","Leptothecata","Mitrocomidae","Halopsis","s_"
"392","ASV_398",0.00239151152963143,0.0026659029486366,0.00966234664929744,"ASV_398","no_hit","unknown","Choanoflagellata","no_hit","no_hit","no_hit","no_hit"
"393","ASV_399",-0.0410539511594579,-0.0311226829736008,0.00198485677541813,"ASV_399","Metazoa","Annelida","Polychaeta","Echiuroidea","Echiuridae","no_hit","no_hit"
"394","ASV_400",-0.00573287395137583,-0.0365034275230407,-0.00076278599243164,"ASV_400","no_hit","unknown","unknown","unknown","unknown","unknown","s_"
"395","ASV_401",-0.046204932583028,-0.0146049832527842,-0.00723356623830489,"ASV_401","no_hit","no_hit","no_hit","no_hit","no_hit","no_hit","no_hit"
"396","ASV_402",0.0285690093652909,-0.016705375558317,0.0110932903233645,"ASV_402","no_hit","Bacillariophyta","Coscinodiscophyceae","Chaetocerotales","Chaetocerotaceae","Chaetoceros","Chaetoceros sp. UNC1414"
"397","ASV_403",-0.0189585922021421,0.0495424227089762,0.0201529795916236,"ASV_403","no_hit","Euglenozoa","unknown","Diplonemea","unknown","unknown","s_"
"398","ASV_404",0.0157222608312039,-0.00554971881179564,0.0193027232072416,"ASV_404","no_hit","Dinophyceae","Dinophyceae","Gymnodiniales","Warnowiaceae","Erythropsidinium","no_hit"
"399","ASV_405",0.0121581251178441,-0.000537178707731906,0.0137804780794043,"ASV_405","no_hit","Imbricatea","unknown","Thaumatomonadida","unknown","g_","s_"
"400","ASV_406",0.0168300770227717,-0.00876046499665897,0.0157775249516667,"ASV_406","no_hit","Dinophyceae","Dinophyceae","Noctilucales","Kofoidiniaceae","Spatulodinium","Spatulodinium pseudonoctiluca"
"401","ASV_407",-0.017886246772051,0.0237038623707994,0.016203045153503,"ASV_407","no_hit","Dinophyceae","Dinophyceae","Syndiniales","no_hit","no_hit","no_hit"
"402","ASV_408",-0.00635621387847255,0.0459434783108828,0.0165922077405097,"ASV_408","no_hit","unknown","Acantharea","Chaunacanthida","unknown","unknown","Chaunacanthid sp. 6200"
"403","ASV_410",0.00447178131386567,0.0244950006682825,0.00832365377582692,"ASV_410","no_hit","Euglenozoa","unknown","Diplonemea","unknown","unknown","s_"
"404","ASV_411",0.0204019504240899,-0.0125353568919313,0.0105758678202918,"ASV_411","no_hit","Dinophyceae","Dinophyceae","Suessiales","no_hit","no_hit","no_hit"
"405","ASV_412",-0.040073723409594,-0.0352368154698251,-0.00371806131206502,"ASV_412","no_hit","unknown","unknown","unknown","unknown","g_","s_"
"406","ASV_413",-0.0480601061559887,-0.00380242964146768,-0.0031020955708142,"ASV_413","no_hit","Apicomplexa","Conoidasida","Eucoccidiorida","Eimeriidae","no_hit","no_hit"
"407","ASV_414",0.0182267667798675,-0.0108034671332642,0.0129850631510404,"ASV_414","no_hit","Cercozoa","Thecofilosea","Cryomonadida","Protaspidae","Cryothecomonas","s_"
"408","ASV_415",0.00822371075360244,0.0657807891259872,0.0185735272884246,"ASV_415","no_hit","Dinophyceae","Dinophyceae","Syndiniales","no_hit","no_hit","no_hit"
"409","ASV_416",-0.0047855961357613,-0.0122953812916348,0.00841162579192156,"ASV_416","no_hit","no_hit","no_hit","no_hit","no_hit","g_","s_"
"410","ASV_417",-0.0415377102736659,-0.0189048282195114,-6.28972426072719e-05,"ASV_417","no_hit","Dinophyceae","Dinophyceae","no_hit","no_hit","no_hit","no_hit"
"411","ASV_418",-0.0275550836884713,-0.00216400256517988,0.0109560162600885,"ASV_418","no_hit","Dinophyceae","Dinophyceae","Prorocentrales","Prorocentraceae","g_","s_"
"412","ASV_419",-0.0194294840501178,0.00503754608262086,0.00668195382600398,"ASV_419","no_hit","Ciliophora","Spirotrichea","unknown","Strombidiidae","no_hit","no_hit"
"413","ASV_420",0.0330743854659216,-0.00171419768738734,0.0124998054871581,"ASV_420","no_hit","Bacillariophyta","Coscinodiscophyceae","Chaetocerotales","Chaetocerotaceae","Chaetoceros","Chaetoceros didymus"
"414","ASV_421",-0.00308530787112189,0.0125650104145419,0.00915246138740564,"ASV_421","Metazoa","Arthropoda","Ostracoda","Halocyprida","Halocyprididae","g_","s_"
"415","ASV_422",0.0117246710966072,-0.00107744007888812,0.0140398904482305,"ASV_422","no_hit","Bacillariophyta","Bacillariophyceae","Bacillariales","Bacillariaceae","Pseudo-nitzschia","Pseudo-nitzschia heimii"
"416","ASV_423",0.0199166236510017,0.00198194679931926,0.00658559590339816,"ASV_423","no_hit","Bacillariophyta","Coscinodiscophyceae","Leptocylindrales","Leptocylindraceae","Leptocylindrus","no_hit"
"417","ASV_424",0.0120308924094437,-0.00368242229307052,0.00653499883946014,"ASV_424","no_hit","Ciliophora","Spirotrichea","Choreotrichida","Strobilidiidae","no_hit","no_hit"
"418","ASV_425",-0.0253300864151118,0.0385663481334658,0.0174584180767215,"ASV_425","no_hit","Euglenozoa","unknown","Diplonemea","unknown","g_","s_"
"419","ASV_426",0.000154978082722663,-0.00261097358938428,0.00216090665830724,"ASV_426","no_hit","Dinophyceae","Dinophyceae","no_hit","no_hit","no_hit","no_hit"
"420","ASV_427",-0.00718828559405781,0.0103822882500304,0.00630593456202268,"ASV_427","Metazoa","Cnidaria","Hydrozoa","Trachymedusae","Rhopalonematidae","Amphogona","Amphogona apicata"
"421","ASV_428",-0.0108508907490032,0.0560820874514566,0.0218364332899402,"ASV_428","no_hit","Euglenozoa","unknown","Diplonemea","unknown","unknown","s_"
"422","ASV_429",-0.0216407958556597,0.0180017096359154,0.0155855592434847,"ASV_429","Metazoa","Arthropoda","Hexanauplia","Poecilostomatoida","Oncaeidae","no_hit","no_hit"
"423","ASV_430",-0.00284227601438463,0.0101695076031896,0.0142090242763689,"ASV_430","no_hit","Dinophyceae","Dinophyceae","no_hit","no_hit","no_hit","no_hit"
"424","ASV_431",-0.00761555589760233,0.0190222149159696,0.00955406378793526,"ASV_431","no_hit","Dinophyceae","Dinophyceae","no_hit","no_hit","no_hit","no_hit"
"425","ASV_432",-0.0270738313418373,-0.0143568788162593,-0.0125523343697306,"ASV_432","no_hit","Cercozoa","no_hit","no_hit","no_hit","no_hit","no_hit"
"426","ASV_433",0.0124462658102922,-0.00664561794284145,0.015057297286569,"ASV_433","Metazoa","Chaetognatha","Sagittoidea","Aphragmophora","Sagittidae","no_hit","no_hit"
"427","ASV_434",0.00381377169409141,-0.00685622385449602,0.00714609037487458,"ASV_434","Metazoa","Arthropoda","Malacostraca","Euphausiacea","Euphausiidae","no_hit","s_"
"428","ASV_435",0.0282222034435007,-0.00987682256107835,0.000711367342811646,"ASV_435","no_hit","Dinophyceae","Dinophyceae","Gymnodiniales","Gymnodiniaceae","Gymnodinium","Gymnodinium gracile"
"429","ASV_436",-0.035151465253188,0.00380383970050241,0.00897022628546925,"ASV_436","no_hit","Ciliophora","Oligohymenophorea","Apostomatida","Foettingeriidae","g_","s_"
"430","ASV_437",-0.0155446756293593,0.0247607624425724,0.00677046894693764,"ASV_437","no_hit","Dinophyceae","Dinophyceae","Syndiniales","Amoebophryaceae","Amoebophrya","s_"
"431","ASV_438",-0.0171772135587104,-0.0176190193153165,-0.00331344425909209,"ASV_438","no_hit","no_hit","no_hit","no_hit","no_hit","no_hit","no_hit"
"432","ASV_439",0.0176098747275197,-0.000427922809635429,0.0176756685308086,"ASV_439","no_hit","Bacillariophyta","Coscinodiscophyceae","Rhizosoleniales","Rhizosoleniaceae","no_hit","no_hit"
"433","ASV_440",0.0135226652297726,-0.0100733892659612,0.00356829817038864,"ASV_440","no_hit","Dinophyceae","Dinophyceae","Gymnodiniales","Gymnodiniaceae","Lepidodinium","Lepidodinium viride"
"434","ASV_441",-0.0176276329852669,0.0277227543458083,0.0124537402921167,"ASV_441","no_hit","Dinophyceae","Dinophyceae","Syndiniales","Amoebophryaceae","g_","s_"
"435","ASV_442",-0.0367750206364825,-0.00842106589468955,-0.000271860617696457,"ASV_442","no_hit","unknown","unknown","unknown","unknown","g_","s_"
"436","ASV_443",0.00968434402437592,-0.00634821969772032,0.00998745668812524,"ASV_443","no_hit","Dinophyceae","Dinophyceae","Gymnodiniales","Gymnodiniaceae","Polykrikos","Polykrikos kofoidii"
"437","ASV_444",-0.040644037978783,-0.0192101828087003,-0.0066379598423247,"ASV_444","no_hit","Ciliophora","no_hit","no_hit","no_hit","no_hit","no_hit"
"438","ASV_446",0.0147385893795276,0.00107126507357831,0.00445432357602821,"ASV_446","no_hit","Bacillariophyta","no_hit","no_hit","no_hit","g_","s_"
"439","ASV_447",-0.0320586571209308,0.0136751201614492,0.0052164291812811,"ASV_447","no_hit","Ciliophora","Spirotrichea","no_hit","no_hit","no_hit","no_hit"
"440","ASV_448",-0.00542731236852941,0.0610503631287087,0.0203117813554906,"ASV_448","no_hit","Euglenozoa","unknown","Diplonemea","unknown","unknown","s_"
"441","ASV_449",-0.00491418180013373,0.00930840535122252,0.00656798938489552,"ASV_449","no_hit","Dinophyceae","Dinophyceae","Syndiniales","Ellobiopsidae","g_","s_"
"442","ASV_450",-0.0460989719101447,-0.0315501791550574,-0.00586707749038179,"ASV_450","no_hit","Dinophyceae","Dinophyceae","Syndiniales","Amoebophryaceae","g_","s_"
"443","ASV_451",-0.00661132611319706,-0.00978443975433449,0.00576521002807571,"ASV_451","no_hit","Dinophyceae","Dinophyceae","Peridiniales","Heterocapsaceae","Heterocapsa","Heterocapsa rotundata"
"444","ASV_452",0.0189659076641705,-0.0101300253210593,0.00353446909893928,"ASV_452","no_hit","Bacillariophyta","Fragilariophyceae","Fragilariales","Fragilariaceae","no_hit","no_hit"
"445","ASV_453",-0.0231140908580419,0.0415630385041899,0.0122570213458635,"ASV_453","no_hit","unknown","unknown","unknown","unknown","g_","s_"
"446","ASV_454",-0.0283478459878796,-0.00669678660500332,-0.00238340707690181,"ASV_454","no_hit","Dinophyceae","Dinophyceae","Syndiniales","no_hit","no_hit","no_hit"
"447","ASV_455",-0.0300422083324729,-0.0152713684735169,0.000609811084315344,"ASV_455","Metazoa","Arthropoda","Hexanauplia","Cyclopoida","Oithonidae","Oithona","Oithona similis"
"448","ASV_456",-0.0102009013509269,0.00996623768932519,0.00866284922667125,"ASV_456","no_hit","Dinophyceae","Dinophyceae","Syndiniales","Amoebophryaceae","g_","s_"
"449","ASV_457",0.000750907482642349,0.0351376356310899,0.0134103620293713,"ASV_457","no_hit","Cercozoa","unknown","unknown","unknown","g_","s_"
"450","ASV_458",-0.0338328919748222,-0.0349643576031953,-0.00348586828573349,"ASV_458","no_hit","no_hit","no_hit","no_hit","no_hit","no_hit","no_hit"
"451","ASV_459",0.00568150301113081,0.0642155343128379,0.0199142973208503,"ASV_459","no_hit","Euglenozoa","unknown","Diplonemea","unknown","g_","s_"
"452","ASV_460",-0.0372475954724032,-0.00993215608413281,0.00418255788117179,"ASV_460","no_hit","Dinophyceae","Dinophyceae","Syndiniales","no_hit","g_","s_"
"453","ASV_461",0.0144575336163343,-0.00584486672349751,0.0158017949354502,"ASV_461","Metazoa","Arthropoda","Hexanauplia","Harpacticoida","Euterpinidae","Euterpina","Euterpina acutifrons"
"454","ASV_462",0.0114714887888585,-0.000313739143431765,0.00216060357020945,"ASV_462","no_hit","unknown","Dictyochophyceae","Dictyochales","unknown","Dictyocha","Dictyocha speculum"
"455","ASV_463",0.00360673873955578,0.00743204901836215,0.0020158592796263,"ASV_463","Metazoa","Cnidaria","Hydrozoa","Siphonophorae","Resomiidae","Resomia","Resomia ornicephala"
"456","ASV_464",-0.0233355012458233,0.0104207339522725,0.0105355704073957,"ASV_464","no_hit","Euglenozoa","unknown","Diplonemea","unknown","g_","s_"
"457","ASV_465",0.0179274861950082,0.0025981498991551,0.000174659473048855,"ASV_465","no_hit","Bacillariophyta","Bacillariophyceae","Bacillariales","Bacillariaceae","no_hit","no_hit"
"458","ASV_466",-0.038396294080709,-0.0205368958961354,-0.014634518822137,"ASV_466","no_hit","no_hit","no_hit","no_hit","no_hit","no_hit","no_hit"
"459","ASV_467",0.0159297266069682,0.00332019534878786,0.00399098263004785,"ASV_467","no_hit","unknown","Raphidophyceae","Chattonellales","Chattonellaceae","Heterosigma","Heterosigma akashiwo"
"460","ASV_468",0.0116051092630403,-0.00392671459087347,0.0141743676103123,"ASV_468","no_hit","Bacillariophyta","Bacillariophyceae","Bacillariales","Bacillariaceae","no_hit","no_hit"
"461","ASV_469",-0.0131898894530238,-0.0126143924955133,-0.00509386374199607,"ASV_469","no_hit","unknown","unknown","unknown","unknown","unknown","uncultured marine eukaryote"
"462","ASV_470",0.016537952026592,-0.000587320479029814,-0.0017766957801262,"ASV_470","no_hit","Bacillariophyta","Coscinodiscophyceae","Chaetocerotales","Chaetocerotaceae","Chaetoceros","Chaetoceros radicans"
"463","ASV_471",-0.0048800178885241,-0.0124863201412343,0.00664490535779993,"ASV_471","no_hit","no_hit","no_hit","no_hit","no_hit","no_hit","s_"
"464","ASV_472",-0.0227280212874471,-0.0188254085467285,-0.00457000541741597,"ASV_472","no_hit","Dinophyceae","Dinophyceae","Syndiniales","no_hit","no_hit","no_hit"
"465","ASV_473",-0.0254680376927382,-0.0266613629803598,-0.0143765936062856,"ASV_473","no_hit","unknown","unknown","Pirsoniales","unknown","Pirsonia","Pirsonia verrucosa"
"466","ASV_474",-0.00505831729714811,0.0600370195730606,0.019135072921697,"ASV_474","no_hit","Euglenozoa","unknown","Diplonemea","unknown","g_","s_"
"467","ASV_475",0.000703470496947038,0.0112961170612047,0.00474560931626692,"ASV_475","no_hit","unknown","Polycystinea","Collodaria","Sphaerozoidae","g_","s_"
"468","ASV_476",-0.0316351690549412,-0.0192082183089621,-0.00794899356214968,"ASV_476","no_hit","unknown","unknown","unknown","unknown","unknown","uncultured marine picoeukaryote"
"469","ASV_477",0.0051666785221276,0.0598370751678866,0.017248467771401,"ASV_477","no_hit","Euglenozoa","unknown","Diplonemea","unknown","g_","s_"
"470","ASV_478",-0.0412122871457746,0.0123474885487882,-0.00861698649245262,"ASV_478","no_hit","unknown","unknown","unknown","unknown","unknown","uncultured marine eukaryote"
"471","ASV_479",-0.0151906230817326,-0.0141033822815755,-0.00639175841302312,"ASV_479","no_hit","Dinophyceae","Dinophyceae","Syndiniales","Amoebophryaceae","Amoebophrya","s_"
"472","ASV_480",-0.0141267138181422,-0.0226227876512897,-0.00357474516081556,"ASV_480","no_hit","unknown","Bolidophyceae","Parmales","Triparmaceae","Triparma","Triparma pacifica"
"473","ASV_481",-0.0198029329660486,0.0207155778618995,0.00992207155489788,"ASV_481","no_hit","Dinophyceae","Dinophyceae","no_hit","no_hit","no_hit","s_"
"474","ASV_482",-0.0184305091548792,0.0192659437399908,0.00318687896958011,"ASV_482","no_hit","unknown","unknown","unknown","unknown","unknown","s_"
"475","ASV_483",-0.0162351168223256,-0.0037616305683203,0.00686081533932716,"ASV_483","Metazoa","Arthropoda","Hexanauplia","Cyclopoida","Oithonidae","Oithona","s_"
"476","ASV_484",-0.0123170690036394,0.00146236397824691,0.00596398392753986,"ASV_484","no_hit","unknown","unknown","unknown","unknown","g_","s_"
"477","ASV_485",-0.00578324104761551,0.00948866760816572,0.0148305940428817,"ASV_485","no_hit","Dinophyceae","Dinophyceae","Syndiniales","Amoebophryaceae","g_","s_"
"478","ASV_486",0.0177925665714501,-0.0030659483342982,0.00932815607708046,"ASV_486","no_hit","Dinophyceae","Dinophyceae","Gymnodiniales","Gymnodiniaceae","no_hit","s_"
"479","ASV_487",-0.0170120538646786,0.0306626020752524,0.0112522774838996,"ASV_487","no_hit","unknown","unknown","unknown","unknown","g_","s_"
"480","ASV_488",-0.0305557241865463,-0.0219050730804411,-0.0177474502710074,"ASV_488","no_hit","no_hit","no_hit","no_hit","no_hit","no_hit","no_hit"
"481","ASV_489",-0.0332741576871222,0.0119928488866526,0.00580836817421264,"ASV_489","no_hit","no_hit","no_hit","no_hit","no_hit","no_hit","no_hit"
"482","ASV_490",0.00409025736030579,-0.00357630632167331,0.00705535854004068,"ASV_490","no_hit","Dinophyceae","Dinophyceae","Peridiniales","Protoperidiniaceae","Protoperidinium","Protoperidinium pellucidum"
"483","ASV_491",0.0199144844778996,0.00484337381554072,0.00142323431957847,"ASV_491","no_hit","no_hit","no_hit","no_hit","no_hit","no_hit","no_hit"
"484","ASV_492",-0.0218779875092609,0.00134386422813472,0.00706734174162284,"ASV_492","no_hit","no_hit","no_hit","no_hit","no_hit","no_hit","no_hit"
"485","ASV_493",0.00324440527883903,-2.94122171777801e-05,0.0170836519763912,"ASV_493","no_hit","unknown","unknown","unknown","unknown","g_","s_"
"486","ASV_494",-0.0388558773882477,-0.0363112418940605,-0.00139958776400069,"ASV_494","Metazoa","Annelida","Polychaeta","Eunicida","Onuphidae","no_hit","no_hit"
"487","ASV_495",-0.0233239987711285,0.0136319023873939,0.00769778482323425,"ASV_495","no_hit","Dinophyceae","Dinophyceae","Gymnodiniales","Kareniaceae","g_","s_"
"488","ASV_496",-0.00862259359207116,0.0421312876819553,0.0197518658763424,"ASV_496","no_hit","Dinophyceae","Dinophyceae","Gymnodiniales","Kareniaceae","g_","s_"
"489","ASV_497",-0.00901563952544378,0.0479290389639459,0.0177239190744794,"ASV_497","no_hit","Dinophyceae","Dinophyceae","no_hit","no_hit","no_hit","no_hit"
"490","ASV_498",-0.014446374918066,-0.0109550110157471,-0.0129847706047219,"ASV_498","no_hit","Bacillariophyta","Coscinodiscophyceae","Thalassiosirales","Thalassiosiraceae","no_hit","no_hit"
"491","ASV_499",-0.0304431155211552,-0.031939982687999,-0.00794923103835877,"ASV_499","no_hit","no_hit","no_hit","no_hit","no_hit","no_hit","no_hit"
"492","ASV_500",-0.0216816332678827,0.0230124828001958,0.00872724793185677,"ASV_500","no_hit","no_hit","no_hit","no_hit","no_hit","no_hit","no_hit"
"493","ASV_502",0.0107683543602979,-0.00496238508092377,0.0034782085551178,"ASV_502","no_hit","Cercozoa","Thecofilosea","unknown","unknown","g_","s_"
"494","ASV_503",0.00932715589570352,-0.00798164243981231,-0.00136878514293538,"ASV_503","no_hit","unknown","Dictyochophyceae","Pedinellales","unknown","Pedinella","Pedinella sp. squamata"
"495","ASV_504",0.000911937325909969,0.0564749151977038,0.0188963364605182,"ASV_504","no_hit","Euglenozoa","unknown","Diplonemea","unknown","unknown","Diplonemida sp. 1sb RG-2016"
"496","ASV_505",0.0171491197303748,-0.00500072009861738,0.0143523892257012,"ASV_505","no_hit","Ciliophora","Spirotrichea","Choreotrichida","Strombidinopsidae","Strombidinopsis","Strombidinopsis acuminata"
"497","ASV_506",0.0128532946167102,-0.00731548412834998,0.00869621896310276,"ASV_506","no_hit","Bacillariophyta","Mediophyceae","Hemiaulales","Hemiaulaceae","Eucampia","no_hit"
"498","ASV_507",-0.00739563294484988,0.0399225081240778,0.0123881029064681,"ASV_507","no_hit","Euglenozoa","unknown","Diplonemea","unknown","unknown","s_"
"499","ASV_509",-0.00879597143264643,-0.00578822596074674,-0.0068412104551029,"ASV_509","no_hit","Dinophyceae","Dinophyceae","no_hit","no_hit","no_hit","no_hit"
"500","ASV_510",0.0173048251167443,-0.00520116792173365,0.0120970045126203,"ASV_510","no_hit","Ciliophora","Spirotrichea","Tintinnida","no_hit","no_hit","s_"
"501","ASV_511",0.00611084793819573,-0.0146557588991732,-0.00420932622824383,"ASV_511","no_hit","Dinophyceae","Dinophyceae","Syndiniales","Amoebophryaceae","Amoebophrya","no_hit"
"502","ASV_512",-0.0243691477668351,0.0158599988154906,0.0031508144749469,"ASV_512","no_hit","Dinophyceae","Dinophyceae","Peridiniales","Heterocapsaceae","Heterocapsa","Heterocapsa rotundata"
"503","ASV_513",0.00997834716953188,0.00460484522023885,-0.00457089394465168,"ASV_513","no_hit","unknown","Cryptophyceae","no_hit","no_hit","no_hit","no_hit"
"504","ASV_514",-0.0304012864861914,-0.00245141863240559,0.00319003624505412,"ASV_514","no_hit","Dinophyceae","Dinophyceae","Syndiniales","Amoebophryaceae","g_","s_"
"505","ASV_515",-0.0136149698601799,0.00418763897913607,0.00619565169642055,"ASV_515","no_hit","Cercozoa","Thecofilosea","Phaeogromida","Challengeriidae","Protocystis","Protocystis thomsoni"
"506","ASV_516",0.00132220036950144,0.0361215249794186,0.0143982510274409,"ASV_516","no_hit","unknown","unknown","unknown","unknown","unknown","s_"
"507","ASV_517",-0.00413005773917129,-0.00280588776105802,0.000547922848976432,"ASV_517","Metazoa","Annelida","Polychaeta","Spionida","Spionidae","Polydora","Polydora brevipalpa"
"508","ASV_518",0.00687770980179448,-0.0028953656561302,0.00380861195575601,"ASV_518","no_hit","Dinophyceae","Dinophyceae","Peridiniales","Peridiniaceae","Scrippsiella","no_hit"
"509","ASV_519",0.0226037497444145,-0.00282240912793753,0.00549937891847235,"ASV_519","no_hit","Bacillariophyta","Coscinodiscophyceae","Thalassiosirales","Thalassiosiraceae","Thalassiosira","Thalassiosira oceanica"
"510","ASV_520",-0.00193166735761068,-0.00475340826619641,0.00213447472077556,"ASV_520","no_hit","Dinophyceae","Dinophyceae","Syndiniales","Duboscquellidae","Duboscquella","no_hit"
"511","ASV_521",-0.00162592887765502,-0.00350602140481302,-0.00112079223069978,"ASV_521","no_hit","unknown","unknown","unknown","unknown","g_","s_"
"512","ASV_522",0.00207421273042994,0.0274220720694322,0.00908406175620817,"ASV_522","no_hit","Dinophyceae","Dinophyceae","Syndiniales","no_hit","no_hit","no_hit"
"513","ASV_523",-0.0313879923667754,-0.0301291018202223,-0.00701556050179094,"ASV_523","no_hit","Dinophyceae","Dinophyceae","Peridiniales","Peridiniaceae","Pentapharsodinium","Pentapharsodinium tyrrhenicum"
"514","ASV_524",0.0203187984786977,-0.000150919745291554,0.00941913696322708,"ASV_524","no_hit","Euglenozoa","unknown","Diplonemea","unknown","unknown","s_"
"515","ASV_525",0.00695515657881922,0.0583575661790524,0.017250475546949,"ASV_525","no_hit","Euglenozoa","unknown","Diplonemea","no_hit","no_hit","no_hit"
"516","ASV_526",0.014828179357214,-0.0079081838508854,0.0167672049971033,"ASV_526","no_hit","Dinophyceae","Dinophyceae","Syndiniales","Amoebophryaceae","Amoebophrya","no_hit"
"517","ASV_527",-0.0236172803974809,-0.0170482635700067,-0.00235937113961779,"ASV_527","no_hit","unknown","unknown","unknown","unknown","unknown","s_"
"518","ASV_528",-0.00528751450379143,0.0398756882574083,0.0133211250972812,"ASV_528","no_hit","Dinophyceae","Dinophyceae","Syndiniales","no_hit","no_hit","no_hit"
"519","ASV_529",0.0218871713834471,0.0107879727291627,0.00306998153364764,"ASV_529","no_hit","Bacillariophyta","Coscinodiscophyceae","Leptocylindrales","Leptocylindraceae","Leptocylindrus","Leptocylindrus convexus"
"520","ASV_530",-0.01631362358757,-0.00562149802285733,-0.000409975708231969,"ASV_530","Metazoa","Arthropoda","Hexanauplia","Cyclopoida","Oithonidae","Oithona","Oithona similis"
"521","ASV_531",0.0111903273405573,-0.00791431491347131,0.00376327600489076,"ASV_531","no_hit","no_hit","no_hit","no_hit","no_hit","no_hit","no_hit"
"522","ASV_532",0.00814387227538437,-0.0037086653741284,0.00642160911791856,"ASV_532","no_hit","Bacillariophyta","Bacillariophyceae","Bacillariales","Bacillariaceae","Pseudo-nitzschia","Pseudo-nitzschia heimii"
"523","ASV_533",-0.04127685626247,-0.0302118197441629,-0.00881615217278643,"ASV_533","no_hit","Cercozoa","unknown","unknown","unknown","Quadricilia","Quadricilia rotundata"
"524","ASV_534",-0.0292495903593453,-0.0265998824819171,-0.00568284436576147,"ASV_534","no_hit","unknown","unknown","unknown","unknown","unknown","s_"
"525","ASV_535",-0.027957204877904,-0.0173801719743492,-0.0115783269711846,"ASV_535","no_hit","unknown","unknown","unknown","unknown","unknown","uncultured marine picoeukaryote"
"526","ASV_536",-0.00117503385497608,0.00295759447363824,0.00335160527444129,"ASV_536","Metazoa","Annelida","Polychaeta","Phyllodocida","no_hit","g_","s_"
"527","ASV_537",-0.0385863338494616,-0.0266503362781355,-0.0200258439784036,"ASV_537","no_hit","unknown","Centroplasthelida","unknown","unknown","Meringosphaera","Meringosphaera mediterranea"
"528","ASV_538",-0.0331157538604005,-0.027079060077805,-0.014332497046761,"ASV_538","no_hit","unknown","unknown","unknown","unknown","unknown","uncultured marine eukaryote"
"529","ASV_539",-0.0108920003695857,0.0122531899449854,0.0129189574523666,"ASV_539","Metazoa","Arthropoda","Hexanauplia","Poecilostomatoida","Oncaeidae","no_hit","no_hit"
"530","ASV_540",0.00472346337703293,0.00950848563644208,0.0029530466779846,"ASV_540","no_hit","unknown","Acantharea","Chaunacanthida","unknown","g_","s_"
"531","ASV_541",-0.0351410256301275,-0.00554136794579468,-0.0137645093307687,"ASV_541","no_hit","Picozoa","unknown","unknown","unknown","unknown","Picobiliphyte sp. MS584-11"
"532","ASV_542",-0.00797877003331953,0.0123021213762736,0.00495840632354636,"ASV_542","Metazoa","Chordata","Thaliacea","Salpida","Salpidae","Salpa","no_hit"
"533","ASV_543",-0.0134713300888777,-0.00825323439004627,-0.00450976189621733,"ASV_543","Viridiplantae","Chlorophyta","Pyramimonadophyceae","Pyramimonadales","Pyramimonadaceae","Cymbomonas","Cymbomonas tetramitiformis"
"534","ASV_545",-0.0179584713904713,-0.024476210764802,-0.00958940267928302,"ASV_545","no_hit","unknown","unknown","unknown","unknown","unknown","uncultured marine eukaryote"
"535","ASV_546",-0.00678590989397635,0.0341446489384069,0.011740015472169,"ASV_546","no_hit","Euglenozoa","unknown","Diplonemea","no_hit","no_hit","no_hit"
"536","ASV_547",-6.17756525440792e-05,-0.00913284070893535,-0.00186601310411342,"ASV_547","no_hit","unknown","Bigyra","Nanomonadea","unknown","Incisomonas","s_"
"537","ASV_548",0.0219166945023774,-0.0017497291202624,0.00564781058422155,"ASV_548","no_hit","Bacillariophyta","Bacillariophyceae","Bacillariales","Bacillariaceae","no_hit","no_hit"
"538","ASV_549",-0.0201625920446265,-0.0038893859305228,0.00722840105656051,"ASV_549","no_hit","Dinophyceae","Dinophyceae","Peridiniales","Peridiniaceae","Pentapharsodinium","Pentapharsodinium tyrrhenicum"
"539","ASV_550",0.00939924675852335,-0.0025050117107825,0.00253457768781399,"ASV_550","no_hit","Cercozoa","Thecofilosea","Cryomonadida","Protaspidae","Cryothecomonas","s_"
"540","ASV_551",-0.0103540978623117,-0.0109952538889233,-0.00968602208900094,"ASV_551","no_hit","Haptophyta","unknown","Zygodiscales","Braarudosphaeraceae","Braarudosphaera","Braarudosphaera bigelowii"
"541","ASV_552",-0.0232407704049105,-0.0167317874181391,-0.00462876154313008,"ASV_552","no_hit","Dinophyceae","Dinophyceae","no_hit","no_hit","no_hit","no_hit"
"542","ASV_553",0.00525003377240551,-0.00399502435733392,0.00673381252968873,"ASV_553","no_hit","Bacillariophyta","Coscinodiscophyceae","Chaetocerotales","Chaetocerotaceae","Chaetoceros","no_hit"
"543","ASV_554",-0.0058841774768925,0.0319040295998143,0.00600422514821303,"ASV_554","no_hit","Dinophyceae","Dinophyceae","Syndiniales","Duboscquellidae","Duboscquella","no_hit"
"544","ASV_555",-0.0122974289085333,0.0158758466806932,0.0124038485047624,"ASV_555","Metazoa","Arthropoda","Hexanauplia","Poecilostomatoida","Oncaeidae","no_hit","no_hit"
"545","ASV_556",0.0190705838769147,0.00632094747922835,0.00380415755285191,"ASV_556","no_hit","Cercozoa","Thecofilosea","unknown","unknown","g_","s_"
"546","ASV_557",0.00157002841905361,0.020616940201429,0.00826900514531633,"ASV_557","no_hit","no_hit","no_hit","no_hit","no_hit","no_hit","no_hit"
"547","ASV_558",-0.0169157200665426,0.00961312688650403,0.00658679057109756,"ASV_558","no_hit","unknown","unknown","unknown","unknown","unknown","Uncultured marine alveolate Group I DH144-EKD3"
"548","ASV_559",-0.00241424705839277,0.0487315375884975,0.0191519044096451,"ASV_559","no_hit","unknown","unknown","unknown","unknown","g_","s_"
"549","ASV_560",-0.0251768814325627,-0.000545204667267523,-0.00396380643250536,"ASV_560","no_hit","unknown","unknown","unknown","unknown","g_","s_"
"550","ASV_561",0.00745519730345404,-0.0110012403731959,0.00718205451472559,"ASV_561","no_hit","Cercozoa","Thecofilosea","Cryomonadida","Protaspidae","Cryothecomonas","Cryothecomonas sp. APCC MC5-1Cryo"
"551","ASV_562",-0.0279051527777106,-0.0119271051523335,-0.00998469223534104,"ASV_562","no_hit","no_hit","no_hit","no_hit","no_hit","no_hit","no_hit"
"552","ASV_563",-0.0312500523352902,-0.036677393564848,-0.00345829414615043,"ASV_563","no_hit","no_hit","no_hit","no_hit","no_hit","no_hit","no_hit"
"553","ASV_564",-0.0313294767720249,-0.0282027354866238,-0.000179776870112671,"ASV_564","Metazoa","Hemichordata","Enteropneusta","unknown","Harrimaniidae","g_","s_"
"554","ASV_565",0.00126772590674251,-0.00206793408969257,0.00394142044638488,"ASV_565","no_hit","Bacillariophyta","Coscinodiscophyceae","Chaetocerotales","Chaetocerotaceae","Chaetoceros","no_hit"
"555","ASV_566",0.00538566854866285,0.0509355399153589,0.014064659149575,"ASV_566","no_hit","unknown","unknown","unknown","unknown","g_","s_"
"556","ASV_567",0.0120532947894264,-0.00908164811961155,0.0141773270915737,"ASV_567","no_hit","Dinophyceae","Dinophyceae","Peridiniales","Protoperidiniaceae","Protoperidinium","Protoperidinium crassipes"
"557","ASV_568",-0.0162201775493192,0.0228672439604692,0.00306762807913556,"ASV_568","no_hit","unknown","unknown","unknown","unknown","g_","s_"
"558","ASV_569",0.000551412337887692,0.00720097035059583,0.00360088391240432,"ASV_569","no_hit","unknown","Polycystinea","Collodaria","Sphaerozoidae","no_hit","no_hit"
"559","ASV_570",-0.0161550277373546,-0.000279395986050696,1.05481586204012e-05,"ASV_570","no_hit","unknown","Cryptophyceae","Pyrenomonadales","Geminigeraceae","g_","s_"
"560","ASV_571",-0.0251146697318019,-0.0116579477287698,0.00269679870023328,"ASV_571","no_hit","no_hit","no_hit","no_hit","no_hit","g_","s_"
"561","ASV_572",-0.00353882892466217,0.0426582190003921,0.0155149911183639,"ASV_572","no_hit","Euglenozoa","unknown","Diplonemea","no_hit","no_hit","s_"
"562","ASV_573",0.000975866373443828,0.0285853049825425,0.00451307390759445,"ASV_573","no_hit","Dinophyceae","Dinophyceae","Syndiniales","Amoebophryaceae","Amoebophrya","s_"
"563","ASV_574",0.0075590053834453,0.0186844033485752,0.00574830316130503,"ASV_574","no_hit","Bacillariophyta","Coscinodiscophyceae","Chaetocerotales","Attheyaceae","Attheya","Attheya longicornis"
"564","ASV_575",-0.0285263474477816,-0.0257017448387332,-0.00886178014557676,"ASV_575","no_hit","Dinophyceae","Dinophyceae","Syndiniales","Amoebophryaceae","g_","s_"
"565","ASV_576",-0.00356819697778026,0.0279284494613776,0.00936871510259158,"ASV_576","no_hit","Dinophyceae","Dinophyceae","Syndiniales","no_hit","no_hit","no_hit"
"566","ASV_577",0.00341452377585588,0.0118808443048869,0.00546859210032908,"ASV_577","no_hit","Bacillariophyta","Bacillariophyceae","Bacillariales","Bacillariaceae","Pseudo-nitzschia","no_hit"
"567","ASV_578",-0.00518266501600666,0.00971721371125918,0.00114360069167868,"ASV_578","no_hit","Bacillariophyta","Bacillariophyceae","Bacillariales","Bacillariaceae","Pseudo-nitzschia","no_hit"
"568","ASV_579",-0.00038819926431517,0.0237084969371334,0.00578173465772299,"ASV_579","no_hit","unknown","unknown","unknown","unknown","unknown","eukaryote clone OLI11012"
"569","ASV_580",-0.0205198614781193,-0.0129127995583884,-0.00724882546865153,"ASV_580","no_hit","no_hit","no_hit","no_hit","no_hit","no_hit","no_hit"
"570","ASV_581",5.99759733368817e-05,0.0406370617073496,0.0156135080221091,"ASV_581","no_hit","no_hit","no_hit","no_hit","no_hit","no_hit","no_hit"
"571","ASV_582",0.00456801157184633,0.0133114880275496,0.00709354233109222,"ASV_582","no_hit","Dinophyceae","Dinophyceae","Gymnodiniales","Gymnodiniaceae","Paulsenella","Paulsenella vonstoschii"
"572","ASV_583",0.014624777240314,0.00594528365397549,-0.000274128784583726,"ASV_583","no_hit","Bacillariophyta","Bacillariophyceae","no_hit","no_hit","no_hit","no_hit"
"573","ASV_584",0.000904689388385675,0.00124292607968873,0.00345022412716687,"ASV_584","no_hit","Dinophyceae","Dinophyceae","Gymnodiniales","Gymnodiniaceae","no_hit","no_hit"
"574","ASV_585",0.000281338235729192,0.00894303716140064,0.00409632392847513,"ASV_585","Metazoa","Chaetognatha","Sagittoidea","Aphragmophora","Sagittidae","no_hit","no_hit"
"575","ASV_586",-0.00507011845768283,0.00493241165843559,0.00634651256380579,"ASV_586","no_hit","unknown","unknown","unknown","unknown","unknown","s_"
"576","ASV_587",-0.0230344061312622,0.0207099141351719,-0.00554441251350114,"ASV_587","no_hit","no_hit","no_hit","no_hit","no_hit","no_hit","s_"
"577","ASV_588",-0.00745900827163319,0.0389328487280735,0.00264000311637969,"ASV_588","no_hit","Dinophyceae","Dinophyceae","Syndiniales","Amoebophryaceae","Amoebophrya","s_"
"578","ASV_589",-0.00174973730430912,0.0461461968741133,0.0156303018578896,"ASV_589","no_hit","Euglenozoa","unknown","Diplonemea","no_hit","no_hit","no_hit"
"579","ASV_590",-0.00345684774273726,0.0267257632761769,0.00914982209652181,"ASV_590","no_hit","Euglenozoa","unknown","Diplonemea","no_hit","g_","s_"
"580","ASV_591",-0.0207269090057169,-0.00493928286640016,0.000979322171126952,"ASV_591","no_hit","Dinophyceae","Dinophyceae","Gymnodiniales","Kareniaceae","Karlodinium","s_"
"581","ASV_592",-0.00528939976139231,0.0167779821692838,0.00533114734043133,"ASV_592","no_hit","no_hit","no_hit","no_hit","no_hit","no_hit","no_hit"
"582","ASV_593",-0.0129565206949125,-0.00157413010942258,-0.00563607773161699,"ASV_593","no_hit","no_hit","no_hit","no_hit","no_hit","no_hit","no_hit"
"583","ASV_594",-0.00525804662196293,0.00871387915587994,0.00860152791377059,"ASV_594","no_hit","Dinophyceae","Dinophyceae","Peridiniales","Protoperidiniaceae","g_","s_"
"584","ASV_595",-0.0101210963628872,-0.00426819685690734,0.00109232499412517,"ASV_595","Metazoa","Arthropoda","Hexanauplia","Cyclopoida","Oithonidae","Oithona","Oithona similis"
"585","ASV_597",0.010322008598165,0.0289867039919318,0.00647902860697162,"ASV_597","Metazoa","Ctenophora","Tentaculata","Thalassocalycida","Thalassocalycidae","Thalassocalyce","Thalassocalyce inconstans"
"586","ASV_598",-0.0155182173485433,0.00521221362464116,0.00338561483854281,"ASV_598","Viridiplantae","Chlorophyta","no_hit","no_hit","no_hit","no_hit","no_hit"
"587","ASV_599",0.00672003297959313,0.00381192522711351,-0.000152916124109463,"ASV_599","no_hit","unknown","unknown","unknown","unknown","unknown","uncultured marine picoeukaryote"
"588","ASV_600",-0.0118643423102603,-0.0102560666724311,-0.00926439207668377,"ASV_600","no_hit","unknown","Choanoflagellata","Craspedida","Salpingoecidae","g_","s_"
"589","ASV_601",-0.0207117696132254,-0.00185252680134781,0.00362363461793197,"ASV_601","no_hit","no_hit","no_hit","no_hit","no_hit","no_hit","s_"
"590","ASV_602",0.00341037457517404,-0.00691198281997546,0.00729528740832971,"ASV_602","no_hit","no_hit","no_hit","no_hit","no_hit","g_","s_"
"591","ASV_603",-0.029204832315418,-0.0298393733776372,-0.00739345522244636,"ASV_603","no_hit","Dinophyceae","Dinophyceae","Syndiniales","Amoebophryaceae","g_","s_"
"592","ASV_604",0.00284992218907357,0.051329206707798,0.0138587499971725,"ASV_604","no_hit","Euglenozoa","unknown","Diplonemea","no_hit","no_hit","no_hit"
"593","ASV_605",-0.00343488572281726,0.0194669708810988,-0.00479397239119752,"ASV_605","no_hit","Dinophyceae","Dinophyceae","Syndiniales","Amoebophryaceae","g_","s_"
"594","ASV_606",-0.0176792796103382,0.0059842607389751,-0.00836281235185276,"ASV_606","no_hit","unknown","unknown","unknown","unknown","unknown","uncultured marine picoeukaryote"
"595","ASV_607",0.00650163282670824,-0.00519385268991402,0.00982090070241003,"ASV_607","no_hit","Dinophyceae","Dinophyceae","Peridiniales","Protoperidiniaceae","g_","s_"
"596","ASV_608",-0.000713414397245022,-0.00284060509866746,-0.00119904073501208,"ASV_608","no_hit","unknown","Bigyra","Nanomonadea","unknown","Incisomonas","Incisomonas marina"
"597","ASV_609",-0.0167034778630014,0.00219466492113194,0.000577130969337301,"ASV_609","no_hit","Dinophyceae","Dinophyceae","Gymnodiniales","Warnowiaceae","Warnowia","no_hit"
"598","ASV_610",-0.00160664268061559,0.0411457398913565,0.0154322265039224,"ASV_610","no_hit","Dinophyceae","Dinophyceae","no_hit","no_hit","no_hit","s_"
"599","ASV_611",0.00252449995941254,0.0122821056980169,0.00422857621234646,"ASV_611","Metazoa","Cnidaria","Hydrozoa","Anthoathecata","Hydrichthyidae","Hydrichthys","Hydrichthys boycei"
"600","ASV_612",-0.000160626309222878,0.0413907901713275,0.0138653242662818,"ASV_612","no_hit","unknown","Polycystinea","no_hit","no_hit","no_hit","s_"
"601","ASV_613",0.00791360426628965,-0.000750164691818845,0.0054591677425612,"ASV_613","no_hit","Bacillariophyta","Fragilariophyceae","Fragilariales","Fragilariaceae","no_hit","no_hit"
"602","ASV_614",0.00158847539357623,0.0157855383755082,-0.00528318347486878,"ASV_614","no_hit","unknown","unknown","unknown","unknown","g_","s_"
"603","ASV_615",0.00284608538784382,0.0477382581441173,0.00959911646359637,"ASV_615","no_hit","no_hit","no_hit","no_hit","no_hit","no_hit","no_hit"
"604","ASV_616",0.00620349413818231,0.00029082283262641,0.00540547653002971,"ASV_616","no_hit","no_hit","no_hit","no_hit","no_hit","no_hit","s_"
"605","ASV_617",0.00812945042463811,0.031727896301621,0.00710174089040955,"ASV_617","no_hit","Dinophyceae","Dinophyceae","Syndiniales","Amoebophryaceae","Amoebophrya","no_hit"
"606","ASV_618",-0.0102230783122524,0.015850040895456,0.00532853251091249,"ASV_618","no_hit","Euglenozoa","unknown","Diplonemea","unknown","g_","s_"
"607","ASV_619",0.0135439824640113,-0.00728985323061445,-0.0134348887498034,"ASV_619","no_hit","Haptophyta","unknown","Zygodiscales","Braarudosphaeraceae","Braarudosphaera","Braarudosphaera bigelowii"
"608","ASV_620",-0.0145833991881214,-0.00812437777588838,-0.0119934528925097,"ASV_620","no_hit","Imbricatea","unknown","Thaumatomonadida","Thaumatomastigidae","Protaspis","s_"
"609","ASV_621",0.00143399279197998,0.0183473515316583,-0.000490312035461494,"ASV_621","no_hit","Dinophyceae","Dinophyceae","Syndiniales","no_hit","no_hit","s_"
"610","ASV_622",-0.0140038868837725,0.00308635030249387,-0.00977018320500506,"ASV_622","no_hit","no_hit","no_hit","no_hit","no_hit","no_hit","no_hit"
"611","ASV_623",-0.00172937404486887,0.00513191219594175,0.00838016834769438,"ASV_623","no_hit","Dinophyceae","Dinophyceae","Syndiniales","Amoebophryaceae","g_","s_"
"612","ASV_624",-0.00988126938150959,-0.00411871308246206,-0.00543144183293546,"ASV_624","no_hit","Ciliophora","Colpodea","unknown","unknown","g_","s_"
"613","ASV_625",-0.0315717563586105,-0.00469247368565036,-0.0174355686631297,"ASV_625","no_hit","unknown","unknown","unknown","unknown","unknown","Stramenopiles sp. MAST-7B-sp1"
"614","ASV_626",-0.033657766319816,-0.0172241679762461,-0.018785266768342,"ASV_626","no_hit","Dinophyceae","Dinophyceae","no_hit","no_hit","no_hit","no_hit"
"615","ASV_627",-0.0208226311340603,-0.0195998747050255,-0.0067249474373277,"ASV_627","no_hit","Dinophyceae","Dinophyceae","Peridiniales","Peridiniaceae","Pentapharsodinium","Pentapharsodinium tyrrhenicum"
"616","ASV_628",0.00049856441261146,0.0232233825029068,0.00981617406095246,"ASV_628","no_hit","unknown","unknown","unknown","unknown","g_","s_"
"617","ASV_629",-0.0225133285660146,-0.0332685350146437,-0.00856084649504906,"ASV_629","no_hit","Dinophyceae","Dinophyceae","Syndiniales","Amoebophryaceae","Amoebophrya","s_"
"618","ASV_630",0.00582719399467096,0.0198378267477466,0.00569035578357872,"ASV_630","no_hit","no_hit","no_hit","no_hit","no_hit","no_hit","no_hit"
"619","ASV_631",-0.015565764392606,-0.00194874430546248,0.00442014454747925,"ASV_631","no_hit","Dinophyceae","Dinophyceae","Syndiniales","no_hit","no_hit","no_hit"
"620","ASV_632",2.41461058452627e-05,-0.00112415832186112,0.010679370079057,"ASV_632","no_hit","Dinophyceae","Dinophyceae","no_hit","no_hit","no_hit","s_"
"621","ASV_633",-0.0275496963939126,-0.0161578664521317,-0.012480633018068,"ASV_633","no_hit","no_hit","no_hit","no_hit","no_hit","no_hit","no_hit"
"622","ASV_634",0.00613489679726498,0.0053044990600899,-0.0023322982903553,"ASV_634","no_hit","Dinophyceae","Dinophyceae","no_hit","no_hit","no_hit","no_hit"
"623","ASV_635",0.00318541229151933,-0.0025301411797327,0.0024189286596233,"ASV_635","no_hit","Dinophyceae","Dinophyceae","Peridiniales","Protoperidiniaceae","Protoperidinium","Protoperidinium conicum"
"624","ASV_636",-0.00175630778563684,0.0363143778668863,0.00742409805907136,"ASV_636","no_hit","unknown","unknown","unknown","unknown","g_","s_"
"625","ASV_637",0.00395554419115426,-0.00409226748753247,0.00887962368353875,"ASV_637","Metazoa","Arthropoda","Hexanauplia","Harpacticoida","Ectinosomatidae","Microsetella","Microsetella norvegica"
"626","ASV_638",0.000450766223362426,0.015637472549043,0.00626842221638374,"ASV_638","no_hit","no_hit","no_hit","no_hit","no_hit","no_hit","no_hit"
"627","ASV_639",-0.0029723754729408,0.0328175114688007,0.0115571041730482,"ASV_639","no_hit","unknown","unknown","unknown","unknown","unknown","eukaryote clone OLI11001"
"628","ASV_640",-0.012849891037664,0.0153948352620538,0.00467014149713025,"ASV_640","no_hit","Ciliophora","no_hit","no_hit","no_hit","no_hit","no_hit"
"629","ASV_641",-0.0323068707378763,-0.022869706202542,-0.0136050893281868,"ASV_641","no_hit","Dinophyceae","Dinophyceae","Syndiniales","Amoebophryaceae","g_","s_"
"630","ASV_642",0.00644624226920062,-0.00338648339879437,0.00736072947065439,"ASV_642","no_hit","Ciliophora","Spirotrichea","unknown","Strombidiidae","no_hit","no_hit"
"631","ASV_643",-0.00431763792099039,0.0355582039532346,0.0102740032903956,"ASV_643","no_hit","Dinophyceae","Dinophyceae","Syndiniales","Amoebophryaceae","Amoebophrya","s_"
"632","ASV_644",-0.0109673220331379,0.0172962302523451,0.0120290050060387,"ASV_644","no_hit","Dinophyceae","Dinophyceae","Dinophysiales","Dinophysiaceae","g_","s_"
"633","ASV_645",0.0121870478341552,0.00574789636557405,-0.0061949255659595,"ASV_645","no_hit","unknown","unknown","unknown","unknown","g_","s_"
"634","ASV_646",0.0114316258551495,-0.00368239753998185,0.00283431820642253,"ASV_646","no_hit","Bacillariophyta","Mediophyceae","Cymatosirales","Cymatosiraceae","Brockmanniella","Brockmanniella brockmannii"
"635","ASV_647",0.00836424533555355,0.011330628961154,-0.00267817779070179,"ASV_647","no_hit","Haptophyta","unknown","Prymnesiales","unknown","Chrysocampanula","Chrysocampanula spinifera"
"636","ASV_648",4.15509398498878e-05,0.000572489246902638,0.000250725351904735,"ASV_648","no_hit","no_hit","no_hit","no_hit","no_hit","no_hit","no_hit"
"637","ASV_649",-0.0140084434057752,0.00628509419108368,-0.00641420599515016,"ASV_649","no_hit","Dinophyceae","Dinophyceae","Syndiniales","Amoebophryaceae","Amoebophrya","no_hit"
"638","ASV_650",-0.0118429977605727,0.00215533710837336,0.00494421367506765,"ASV_650","no_hit","Dinophyceae","Dinophyceae","Gymnodiniales","Gymnodiniaceae","g_","s_"
"639","ASV_651",0.00552875967989596,-0.00307010352173654,0.00189775915627456,"ASV_651","Metazoa","Chordata","Appendicularia","Copelata","Oikopleuridae","Oikopleura","no_hit"
"640","ASV_652",-0.0182904690102056,-0.00394991631974099,-0.000635368637805917,"ASV_652","no_hit","no_hit","no_hit","no_hit","no_hit","no_hit","no_hit"
"641","ASV_653",-0.00671028661711698,0.0396977560250827,0.0181878501988535,"ASV_653","no_hit","no_hit","no_hit","no_hit","no_hit","no_hit","no_hit"
"642","ASV_654",-0.0141116394557917,0.00517252239308854,0.00338170338895655,"ASV_654","no_hit","Dinophyceae","Dinophyceae","Peridiniales","Heterocapsaceae","g_","s_"
"643","ASV_655",-0.0122074827336417,0.0052511997737461,0.00791495515541544,"ASV_655","no_hit","no_hit","no_hit","no_hit","no_hit","no_hit","no_hit"
"644","ASV_656",0.00912050271402894,-0.00301260086496396,0.011455028556568,"ASV_656","no_hit","Dinophyceae","Dinophyceae","Gymnodiniales","Gymnodiniaceae","Cochlodinium","no_hit"
"645","ASV_657",0.0190383706086527,-0.000747630312152289,-0.00252952118172708,"ASV_657","no_hit","Bacillariophyta","Coscinodiscophyceae","Chaetocerotales","Chaetocerotaceae","Chaetoceros","Chaetoceros debilis"
"646","ASV_658",-0.00304265487858843,0.0186096513491562,0.00699912858222409,"ASV_658","no_hit","Dinophyceae","Dinophyceae","Syndiniales","no_hit","g_","s_"
"647","ASV_659",-0.00751554648449475,0.028571905218248,0.0146280344344108,"ASV_659","no_hit","Dinophyceae","Dinophyceae","Torodiniales","Torodiniaceae","g_","s_"
"648","ASV_660",-0.026357171119352,-0.007361777238061,-0.0173013301334369,"ASV_660","no_hit","Dinophyceae","Dinophyceae","no_hit","no_hit","no_hit","no_hit"
"649","ASV_661",0.012132185264498,-0.00490172328561587,0.00383384152063316,"ASV_661","no_hit","no_hit","no_hit","no_hit","no_hit","no_hit","no_hit"
"650","ASV_662",-0.00239155332019744,0.00913227484234577,-0.005786500305555,"ASV_662","no_hit","Bacillariophyta","Coscinodiscophyceae","Coscinodiscales","Heliopeltaceae","Actinoptychus","s_"
"651","ASV_663",-0.0140448282341472,0.00389554735230433,-0.0156173186304718,"ASV_663","no_hit","unknown","unknown","unknown","unknown","unknown","uncultured marine eukaryote"
"652","ASV_664",-0.0169343768110185,-0.0088376065976346,-0.0111916071942541,"ASV_664","no_hit","Dinophyceae","Dinophyceae","Syndiniales","Duboscquellidae","Duboscquella","no_hit"
"653","ASV_665",0.002347912580211,0.0193159691555406,-0.00811799454194188,"ASV_665","no_hit","unknown","unknown","unknown","unknown","unknown","s_"
"654","ASV_666",-0.00914840902598603,0.0223301393456825,0.00864476278449928,"ASV_666","no_hit","Dinophyceae","Dinophyceae","Syndiniales","no_hit","no_hit","no_hit"
"655","ASV_667",-0.0171394394684904,-0.0213267269273496,-0.00412894125911295,"ASV_667","no_hit","Dinophyceae","Dinophyceae","Syndiniales","Amoebophryaceae","Amoebophrya","no_hit"
"656","ASV_668",-0.0250675044258726,-0.0225919164593749,-0.0152438412018395,"ASV_668","no_hit","Dinophyceae","Dinophyceae","Thoracosphaerales","Thoracosphaeraceae","Thoracosphaera","s_"
"657","ASV_669",-0.00497009645048747,0.0121224456369991,-0.000877033381973434,"ASV_669","no_hit","Dinophyceae","Dinophyceae","no_hit","no_hit","no_hit","no_hit"
"658","ASV_670",0.00700522642906479,-0.00226175777520297,-0.000722158987834343,"ASV_670","no_hit","Bacillariophyta","Coscinodiscophyceae","Thalassiosirales","Thalassiosiraceae","Thalassiosira","no_hit"
"659","ASV_671",-0.000787100542683595,0.00836700241501652,0.00430282644864199,"ASV_671","no_hit","Dinophyceae","Dinophyceae","Syndiniales","Syndiniaceae","g_","s_"
"660","ASV_672",0.0191380086486875,0.00281884392886458,0.00711444944848345,"ASV_672","no_hit","Bacillariophyta","Coscinodiscophyceae","Chaetocerotales","Chaetocerotaceae","Chaetoceros","Chaetoceros diadema"
"661","ASV_673",0.0200079739415941,0.00281077782999833,0.00847271173044152,"ASV_673","no_hit","Cercozoa","Thecofilosea","unknown","unknown","g_","s_"
"662","ASV_674",0.000988293386250564,0.0230970116870837,0.00598999175541362,"ASV_674","no_hit","Dinophyceae","Dinophyceae","Syndiniales","Amoebophryaceae","Amoebophrya","s_"
"663","ASV_675",0.00458218032477732,0.0157194975407442,0.00482061745516678,"ASV_675","no_hit","no_hit","no_hit","no_hit","no_hit","no_hit","no_hit"
"664","ASV_676",0.00586508837189991,0.0101675690761069,-0.00564770388851892,"ASV_676","no_hit","unknown","Chrysophyceae","unknown","unknown","g_","s_"
"665","ASV_677",-0.0165445343954645,-0.00731621603977824,0.000770929903204895,"ASV_677","no_hit","unknown","Cryptophyceae","Pyrenomonadales","Chroomonadaceae","g_","s_"
"666","ASV_678",-0.00852941758949273,0.0138652942127506,-0.00520097397076594,"ASV_678","no_hit","unknown","Choanoflagellata","Acanthoecida","Stephanoecidae","g_","s_"
"667","ASV_679",-0.0227861275799348,-0.00624616490625694,-0.00305435651031813,"ASV_679","no_hit","Dinophyceae","Dinophyceae","no_hit","no_hit","g_","s_"
"668","ASV_680",0.0081035396720829,0.00175825353820753,-0.00439132269122868,"ASV_680","no_hit","Dinophyceae","Dinophyceae","no_hit","no_hit","no_hit","no_hit"
"669","ASV_681",-0.00892808418702034,0.0198923707954005,-0.00709589243211993,"ASV_681","no_hit","Ciliophora","Oligohymenophorea","Apostomatida","Colliniidae","Pseudocollinia","no_hit"
"670","ASV_682",-0.019999355667686,-0.0278403843820978,-0.00467072762964351,"ASV_682","no_hit","no_hit","no_hit","no_hit","no_hit","no_hit","no_hit"
"671","ASV_683",-0.0170524751575377,-0.00896114315342512,-0.018287601940101,"ASV_683","no_hit","unknown","Dictyochophyceae","Florenciellales","no_hit","no_hit","no_hit"
"672","ASV_684",0.00656348623102045,0.00284724290228576,-0.00629301020616128,"ASV_684","no_hit","Bacillariophyta","Coscinodiscophyceae","Thalassiosirales","no_hit","no_hit","no_hit"
"673","ASV_685",-0.00035398828901784,0.0306191993829381,0.0115315164750922,"ASV_685","no_hit","Dinophyceae","Dinophyceae","Syndiniales","no_hit","no_hit","no_hit"
"674","ASV_686",0.00238346444700329,0.00709484029017084,-0.00922776940977906,"ASV_686","no_hit","unknown","unknown","unknown","unknown","g_","s_"
"675","ASV_687",-0.00752617618692437,0.0235883804922055,-0.00254861917364656,"ASV_687","no_hit","unknown","unknown","unknown","unknown","g_","s_"
"676","ASV_688",0.00402526561041215,0.00498235788897414,-0.00252655758588162,"ASV_688","no_hit","Dinophyceae","Dinophyceae","no_hit","no_hit","no_hit","no_hit"
"677","ASV_689",-0.00266540809378979,-0.00183176573689564,0.00352110938552404,"ASV_689","Metazoa","Cnidaria","Anthozoa","Actiniaria","Edwardsiidae","no_hit","no_hit"
"678","ASV_690",-0.00133570728211682,0.0420083879126048,0.0158731199184012,"ASV_690","no_hit","Euglenozoa","unknown","Diplonemea","unknown","g_","s_"
"679","ASV_691",0.00166534585569136,0.0186883279330545,0.00422896975789063,"ASV_691","no_hit","no_hit","no_hit","no_hit","no_hit","no_hit","no_hit"
"680","ASV_692",0.000689989530124797,0.00799078881527008,0.00684976253793402,"ASV_692","no_hit","Dinophyceae","Dinophyceae","Syndiniales","Amoebophryaceae","Amoebophrya","s_"
"681","ASV_693",0.000857923809769803,0.0200001773895016,0.00836819700660294,"ASV_693","no_hit","no_hit","no_hit","no_hit","no_hit","no_hit","no_hit"
"682","ASV_695",-0.017042288687473,-0.0185321688465811,0.00282898264434327,"ASV_695","no_hit","Dinophyceae","Dinophyceae","no_hit","no_hit","no_hit","s_"
"683","ASV_696",0.00867103883527771,0.013509684491977,0.00388445854110464,"ASV_696","Metazoa","Ctenophora","Tentaculata","Cydippida","Pleurobrachiidae","Pleurobrachia","no_hit"
"684","ASV_697",0.00586423605348111,0.00294664437961629,0.0037230328501073,"ASV_697","no_hit","Bacillariophyta","Bacillariophyceae","Bacillariales","Bacillariaceae","Pseudo-nitzschia","Pseudo-nitzschia fraudulenta"
"685","ASV_698",-0.0120897443589867,0.00137996247179911,-0.00351623837163674,"ASV_698","no_hit","Dinophyceae","Dinophyceae","Syndiniales","Amoebophryaceae","Amoebophrya","s_"
"686","ASV_699",-0.0264047659790992,-0.0141013771874479,-0.0138306278044862,"ASV_699","no_hit","Dinophyceae","Dinophyceae","Syndiniales","Amoebophryaceae","g_","s_"
"687","ASV_700",0.0001856368775788,-0.00197355312474233,-3.2591843525668e-05,"ASV_700","no_hit","Dinophyceae","Dinophyceae","Peridiniales","Protoperidiniaceae","Protoperidinium","Protoperidinium conicum"
"688","ASV_701",-0.00934607371635332,-0.0040976155198731,-0.00771156554255645,"ASV_701","no_hit","Dinophyceae","Dinophyceae","no_hit","no_hit","no_hit","no_hit"
"689","ASV_702",-0.0133109611908313,0.00470162639574605,-0.0154984348734872,"ASV_702","no_hit","Bacillariophyta","Coscinodiscophyceae","Coscinodiscales","Heliopeltaceae","Actinoptychus","no_hit"
"690","ASV_703",-0.01989950806377,-0.0118498921397577,-0.00386507936481512,"ASV_703","Metazoa","Chordata","Actinopteri","no_hit","no_hit","no_hit","no_hit"
"691","ASV_704",-0.000362329225908902,-0.0016228467183938,-0.000272450526748529,"ASV_704","no_hit","Ciliophora","unknown","unknown","unknown","Cryptocaryon","no_hit"
"692","ASV_705",-0.0021091600295831,-0.00274060665333417,0.00311987258490737,"ASV_705","no_hit","Dinophyceae","Dinophyceae","Peridiniales","Protoperidiniaceae","Protoperidinium","Protoperidinium leonis"
"693","ASV_706",-0.0056134592039938,-0.00376535346096567,0.00979043065396454,"ASV_706","Metazoa","Arthropoda","Hexanauplia","Harpacticoida","Ectinosomatidae","Microsetella","Microsetella norvegica"
"694","ASV_707",-0.0222872691213249,-0.0160027131845312,-0.0152429479966442,"ASV_707","no_hit","Dinophyceae","Dinophyceae","Syndiniales","Amoebophryaceae","Amoebophrya","no_hit"
"695","ASV_708",-0.00915074402644086,0.00412414291951221,-0.00794288549658734,"ASV_708","no_hit","unknown","unknown","unknown","unknown","unknown","uncultured marine eukaryote"
"696","ASV_709",0.00558919193555529,0.0389041601724271,0.0111979759083476,"ASV_709","no_hit","Euglenozoa","unknown","Diplonemea","unknown","unknown","Diplonemida sp. 3 RG-2016"
"697","ASV_710",-0.00186264289826881,0.000380927129909304,0.00400405333156461,"ASV_710","Metazoa","Chordata","Appendicularia","Copelata","Fritillariidae","Fritillaria <tunicates>","Fritillaria haplostoma"
"698","ASV_711",-0.00507274645643562,0.0135383587162375,0.00183180048106315,"ASV_711","no_hit","no_hit","no_hit","no_hit","no_hit","g_","s_"
"699","ASV_712",0.00876487873827324,-0.0020413525899774,-0.00945088088291646,"ASV_712","no_hit","Dinophyceae","Dinophyceae","no_hit","no_hit","no_hit","no_hit"
"700","ASV_713",0.00479022591170346,0.00151474644676219,0.00442772227809364,"ASV_713","no_hit","Dinophyceae","Dinophyceae","Syndiniales","Amoebophryaceae","g_","s_"
"701","ASV_714",0.00300059558381136,0.0279810033702572,0.00815105105095059,"ASV_714","no_hit","Dinophyceae","Dinophyceae","Syndiniales","Amoebophryaceae","Amoebophrya","s_"
"702","ASV_715",0.000651717360911661,0.0352473735090333,0.0134245777983217,"ASV_715","no_hit","no_hit","no_hit","no_hit","no_hit","no_hit","no_hit"
"703","ASV_716",-0.0194244287008116,0.00352758242955135,-0.0135142413056529,"ASV_716","no_hit","Dinophyceae","Dinophyceae","Blastodiniales","unknown","g_","s_"
"704","ASV_717",0.00425595475959223,0.00412313086475269,-0.00404016057095196,"ASV_717","no_hit","unknown","Bigyra","Nanomonadea","unknown","Solenicola","s_"
"705","ASV_718",-0.0269628459678534,-0.0159336220121524,-0.0119978042640942,"ASV_718","no_hit","Dinophyceae","Dinophyceae","no_hit","no_hit","no_hit","no_hit"
"706","ASV_719",-0.0171086693388509,-0.0153662300875036,-0.00815158743182718,"ASV_719","no_hit","Dinophyceae","Dinophyceae","Syndiniales","Amoebophryaceae","g_","s_"
"707","ASV_720",0.00377208703092696,-0.00278110070477669,0.00240524803565495,"ASV_720","no_hit","Dinophyceae","Dinophyceae","Peridiniales","Peridiniaceae","Scrippsiella","Scrippsiella lachrymosa"
"708","ASV_721",0.00409452311668001,0.0003458363270888,-0.000517558178907283,"ASV_721","no_hit","no_hit","no_hit","no_hit","no_hit","g_","s_"
"709","ASV_722",0.0100378528790744,-0.00112510989814723,0.00445116465830632,"ASV_722","no_hit","Dinophyceae","Dinophyceae","Peridiniales","Heterocapsaceae","Heterocapsa","no_hit"
"710","ASV_723",0.00335415089046726,0.0403537455133493,0.00732851848307878,"ASV_723","no_hit","Dinophyceae","Dinophyceae","Syndiniales","no_hit","no_hit","no_hit"
"711","ASV_724",-0.008642487945088,0.00837769393931548,-0.00654569330415809,"ASV_724","no_hit","Dinophyceae","Dinophyceae","Gymnodiniales","no_hit","no_hit","no_hit"
"712","ASV_725",-0.00108494059395414,0.0330365327435209,0.0126072307756234,"ASV_725","no_hit","Dinophyceae","Dinophyceae","no_hit","no_hit","g_","s_"
"713","ASV_726",-0.00838336393816931,0.00214027615777564,0.00286507616874142,"ASV_726","Metazoa","Arthropoda","Hexanauplia","Calanoida","Metridinidae","no_hit","no_hit"
"714","ASV_727",-0.000634001079259622,0.0332256764792905,0.00944787590235699,"ASV_727","no_hit","Dinophyceae","Dinophyceae","Syndiniales","no_hit","no_hit","no_hit"
"715","ASV_728",0.00656277495965884,-0.00597488116361272,0.00894230620792979,"ASV_728","no_hit","Dinophyceae","Dinophyceae","Dinophysiales","Dinophysiaceae","no_hit","s_"
"716","ASV_729",-0.0228060967360389,-0.0147577963426102,-0.0308326812754268,"ASV_729","no_hit","Dinophyceae","Dinophyceae","no_hit","no_hit","no_hit","no_hit"
"717","ASV_730",-0.00414811832646048,-0.00306077254935538,0.0015302854804162,"ASV_730","Metazoa","Rotifera","Eurotatoria","Ploima","Synchaetidae","Synchaeta","Synchaeta tremuloida"
"718","ASV_731",-0.00258853567922886,0.00501439898260753,0.000369474679225106,"ASV_731","no_hit","no_hit","no_hit","no_hit","no_hit","no_hit","no_hit"
"719","ASV_732",-0.0186464598149665,-0.0280772410563601,-0.0155136617938596,"ASV_732","no_hit","Dinophyceae","Dinophyceae","Syndiniales","Amoebophryaceae","Amoebophrya","s_"
"720","ASV_733",0.00880474267892884,-0.00413773665115763,0.0068530185661705,"ASV_733","no_hit","Ciliophora","Spirotrichea","Choreotrichida","Strombidinopsidae","Strombidinopsis","no_hit"
"721","ASV_734",0.000403208430862935,0.0281191888219372,0.0115959746038291,"ASV_734","no_hit","unknown","Polycystinea","no_hit","no_hit","no_hit","no_hit"
"722","ASV_735",-0.00769480693950268,0.010037150314662,0.00619725803413704,"ASV_735","no_hit","Dinophyceae","Dinophyceae","Syndiniales","Amoebophryaceae","g_","s_"
"723","ASV_736",-0.00878846221243764,-0.00957484777482043,-0.00588623506366044,"ASV_736","no_hit","Ciliophora","Oligohymenophorea","Philasterida","Loxocephalidae","no_hit","no_hit"
"724","ASV_737",-0.00270019510415989,0.0151221168114938,0.00180728665591686,"ASV_737","no_hit","Dinophyceae","Dinophyceae","Peridiniales","Peridiniaceae","Pentapharsodinium","s_"
"725","ASV_738",0.00268604152706442,0.00431308878557393,-0.00208151727622441,"ASV_738","no_hit","Dinophyceae","Dinophyceae","no_hit","no_hit","no_hit","no_hit"
"726","ASV_739",-0.00419142161462042,0.00636259992075954,-0.0162772581872361,"ASV_739","no_hit","Ciliophora","Spirotrichea","no_hit","no_hit","no_hit","no_hit"
"727","ASV_740",-0.00313945684951101,0.000694472395722086,0.00114862505141558,"ASV_740","no_hit","no_hit","no_hit","no_hit","no_hit","no_hit","no_hit"
"728","ASV_741",0.00224974337584189,0.00242386671747477,0.000752518151404104,"ASV_741","no_hit","Dinophyceae","Dinophyceae","Syndiniales","Amoebophryaceae","Amoebophrya","s_"
"729","ASV_742",-0.026024704528194,-0.0137464334848394,-0.0137255296736856,"ASV_742","no_hit","no_hit","no_hit","no_hit","no_hit","no_hit","no_hit"
"730","ASV_743",-0.00942299741188375,0.00764845978396041,0.0041702070614583,"ASV_743","no_hit","no_hit","no_hit","no_hit","no_hit","g_","s_"
"731","ASV_744",-0.00223627660338713,0.016660271133906,0.00573279731092226,"ASV_744","no_hit","Euglenozoa","unknown","Diplonemea","unknown","g_","s_"
"732","ASV_745",-0.019034151552005,0.000886738855652595,-0.0175619696567666,"ASV_745","no_hit","unknown","Cryptophyceae","Pyrenomonadales","Geminigeraceae","g_","s_"
"733","ASV_746",-0.0149326102862899,0.00181758469595822,-0.000303749561727743,"ASV_746","no_hit","no_hit","no_hit","no_hit","no_hit","g_","s_"
"734","ASV_747",-0.00569553104647596,0.0279076411431792,0.00239569991951492,"ASV_747","no_hit","Dinophyceae","Dinophyceae","Syndiniales","Duboscquellidae","Duboscquella","no_hit"
"735","ASV_748",0.00142508702015177,0.0364253149023554,0.0106484521525662,"ASV_748","no_hit","Dinophyceae","Dinophyceae","Syndiniales","no_hit","no_hit","no_hit"
"736","ASV_749",-0.00490989465730761,0.0103418232884694,-0.0101098446143442,"ASV_749","no_hit","unknown","Cryptophyceae","no_hit","no_hit","no_hit","no_hit"
"737","ASV_750",0.00156336316470565,0.0119017393011723,0.001199511575629,"ASV_750","no_hit","Dinophyceae","Dinophyceae","no_hit","no_hit","no_hit","no_hit"
"738","ASV_751",-0.0117163405276942,-0.0124992771422962,-0.00344091707874887,"ASV_751","no_hit","unknown","unknown","unknown","unknown","g_","s_"
"739","ASV_752",-0.0124049419614782,0.0107751323167093,0.00309945014598973,"ASV_752","no_hit","Dinophyceae","Dinophyceae","no_hit","no_hit","no_hit","no_hit"
"740","ASV_753",-0.00955573059015264,0.00196856827767639,0.00102419649791678,"ASV_753","no_hit","Dinophyceae","Dinophyceae","Syndiniales","Amoebophryaceae","g_","s_"
"741","ASV_754",0.0126164163142196,0.0378294074061852,0.0066998929506424,"ASV_754","no_hit","Dinophyceae","Dinophyceae","Syndiniales","no_hit","no_hit","no_hit"
"742","ASV_755",-0.0147224322227881,-0.0111070140374306,-0.0105437846682257,"ASV_755","no_hit","Dinophyceae","Dinophyceae","no_hit","no_hit","no_hit","no_hit"
"743","ASV_756",-0.000788080612873612,-0.00342536411445626,-0.0182326641683646,"ASV_756","no_hit","no_hit","no_hit","no_hit","no_hit","g_","s_"
"744","ASV_757",0.00192180443064904,0.0422620521321746,0.0129830909389062,"ASV_757","no_hit","Euglenozoa","unknown","Diplonemea","unknown","g_","s_"
"745","ASV_758",0.00217111861631226,0.0213193858347516,0.0048641393987945,"ASV_758","no_hit","no_hit","no_hit","no_hit","no_hit","no_hit","no_hit"
"746","ASV_759",0.00813967369411078,0.0401238675398705,0.00992077294512488,"ASV_759","no_hit","unknown","Bolidophyceae","Parmales","Triparmaceae","g_","s_"
"747","ASV_760",-0.0062211404022814,-0.00721656896986689,-0.00371233825095775,"ASV_760","no_hit","Dinophyceae","Dinophyceae","Syndiniales","Amoebophryaceae","g_","s_"
"748","ASV_761",-0.0130373780420195,-0.00130187438978986,-0.00966009241801811,"ASV_761","no_hit","unknown","unknown","unknown","unknown","unknown","uncultured marine picoeukaryote"
"749","ASV_762",0.0039017973409052,0.00974583118107122,-0.016362007220558,"ASV_762","no_hit","Dinophyceae","Dinophyceae","no_hit","no_hit","no_hit","no_hit"
"750","ASV_763",-0.0129301510824805,-0.000272693900929138,-0.0110660571060742,"ASV_763","no_hit","Dinophyceae","Dinophyceae","Syndiniales","Amoebophryaceae","Amoebophrya","no_hit"
"751","ASV_764",0.00663285799819245,0.0247420087285701,0.00107625198459929,"ASV_764","no_hit","no_hit","no_hit","no_hit","no_hit","no_hit","s_"
"752","ASV_765",0.00315158674973566,0.0295846561723975,0.00769800228312104,"ASV_765","no_hit","unknown","unknown","unknown","unknown","unknown","Uncultured marine alveolate Group II DH147-EKD6"
"753","ASV_766",0.0064298966414841,0.0358821618727344,0.0100110059277517,"ASV_766","no_hit","Euglenozoa","unknown","Diplonemea","unknown","g_","s_"
"754","ASV_767",-0.00919656945761719,-0.00283514371596547,-0.0113369633519402,"ASV_767","no_hit","Bacillariophyta","Coscinodiscophyceae","no_hit","no_hit","no_hit","no_hit"
"755","ASV_768",-0.0199742323650658,-0.0166492377340727,-0.0025229308896174,"ASV_768","no_hit","Dinophyceae","Dinophyceae","Syndiniales","Amoebophryaceae","Amoebophrya","s_"
"756","ASV_769",0.00187005406707967,0.0287089728380912,0.00896578394213247,"ASV_769","no_hit","Euglenozoa","unknown","Diplonemea","unknown","g_","s_"
"757","ASV_770",0.00083410420978832,0.00404385326116621,-0.00905470073859717,"ASV_770","no_hit","no_hit","no_hit","no_hit","no_hit","no_hit","no_hit"
"758","ASV_771",-0.00804217403057663,-0.00210223748699499,0.00201563770322509,"ASV_771","no_hit","Dinophyceae","Dinophyceae","Syndiniales","Amoebophryaceae","g_","s_"
"759","ASV_772",-0.0112161364674624,0.007126823947143,-0.00422445467581032,"ASV_772","no_hit","unknown","Bigyra","Nanomonadea","unknown","Incisomonas","s_"
"760","ASV_773",0.0116047975701942,0.00665296665273863,-0.000832056091003496,"ASV_773","Viridiplantae","Chlorophyta","no_hit","no_hit","no_hit","no_hit","no_hit"
"761","ASV_774",-0.00544172771926702,-0.00123524235112283,-0.00943134718865796,"ASV_774","no_hit","unknown","unknown","unknown","unknown","g_","s_"
"762","ASV_775",-0.0132520455345388,-0.00119635653814838,0.00654812027153478,"ASV_775","no_hit","Euglenozoa","unknown","Diplonemea","unknown","unknown","s_"
"763","ASV_776",-0.00916123542136768,-0.00694926356731881,-0.0112691435185139,"ASV_776","no_hit","Dinophyceae","Dinophyceae","no_hit","no_hit","no_hit","no_hit"
"764","ASV_777",0.000698524505514532,-0.000840608381317469,0.00270047426523715,"ASV_777","no_hit","Ciliophora","Spirotrichea","Choreotrichida","Strobilidiidae","Rimostrombidium","Rimostrombidium veniliae"
"765","ASV_778",-0.0174180868485727,-0.0165063405908123,-0.0129699351392166,"ASV_778","no_hit","unknown","unknown","unknown","unknown","g_","s_"
"766","ASV_779",-0.00575368373605769,0.00177445950895062,-0.00422985055301674,"ASV_779","no_hit","no_hit","no_hit","no_hit","no_hit","g_","s_"
"767","ASV_780",0.00844743595503385,-0.00195257568911792,0.00880325204459389,"ASV_780","no_hit","Imbricatea","unknown","Thaumatomonadida","no_hit","g_","s_"
"768","ASV_781",0.00387936087447657,-0.00778391676832313,-0.00202951561720282,"ASV_781","no_hit","no_hit","no_hit","no_hit","no_hit","g_","s_"
"769","ASV_782",0.00086570183614331,0.0209378923114615,0.00865302523749539,"ASV_782","no_hit","unknown","Acantharea","unknown","unknown","unknown","Uncultured marine acantharean DH147-EKD17"
"770","ASV_783",-0.0144943382787725,-0.00102511658121052,-0.015637372636322,"ASV_783","no_hit","Picozoa","Picomonadea","Picomonadida","Picomonadidae","Picomonas","no_hit"
"771","ASV_784",-0.00320529214731881,-0.00153126711712595,-0.00473595624590199,"ASV_784","no_hit","unknown","unknown","unknown","unknown","g_","s_"
"772","ASV_785",-0.000423577594966459,0.00738602569988258,-0.00963694627237188,"ASV_785","no_hit","unknown","unknown","unknown","unknown","g_","s_"
"773","ASV_786",-0.0108986706868813,-0.0125713255574246,-0.0119798165605258,"ASV_786","no_hit","unknown","unknown","unknown","unknown","g_","s_"
"774","ASV_787",-0.00783314124700667,0.00229110208782844,-0.0106123534063133,"ASV_787","no_hit","Bacillariophyta","Bacillariophyceae","Naviculales","Pleurosigmataceae","no_hit","no_hit"
"775","ASV_788",-0.00239055060057834,0.0136213883401151,-0.014762121727379,"ASV_788","no_hit","unknown","unknown","unknown","unknown","unknown","uncultured marine picoeukaryote"
"776","ASV_789",-0.00296531027564159,-0.00303535744631813,-0.000666152413348062,"ASV_789","no_hit","Bacillariophyta","Coscinodiscophyceae","Chaetocerotales","Chaetocerotaceae","Chaetoceros","s_"
"777","ASV_790",-0.0115205390855181,-0.00712727255799611,-0.0224731285927148,"ASV_790","no_hit","unknown","Centroplasthelida","Pterocystida","Pterocystidae","Pterocystis","no_hit"
"778","ASV_791",0.00286915486959434,0.0329964770355803,0.00300238073368172,"ASV_791","no_hit","Dinophyceae","Dinophyceae","Syndiniales","Amoebophryaceae","g_","s_"
"779","ASV_792",0.0015738225117852,-0.00166440036224241,0.0032564506668968,"ASV_792","no_hit","Ciliophora","Oligohymenophorea","Philasterida","Parauronematidae","g_","s_"
"780","ASV_793",0.00639518916614015,0.0338591569965012,0.00703826193524293,"ASV_793","no_hit","unknown","unknown","unknown","unknown","g_","s_"
"781","ASV_794",-0.00522778500241532,0.0036815918731118,-0.0179916539688755,"ASV_794","no_hit","unknown","unknown","unknown","unknown","unknown","Stramenopiles sp. MAST-7B-sp1"
"782","ASV_795",-0.00176282391875408,0.0118658256498331,0.00608868547684143,"ASV_795","Metazoa","Arthropoda","Hexanauplia","Poecilostomatoida","no_hit","g_","s_"
"783","ASV_796",0.00194246487207321,-0.00160333111619135,-0.000368029014076749,"ASV_796","no_hit","Dinophyceae","Dinophyceae","Dinophysiales","Dinophysiaceae","Dinophysis","Dinophysis acuminata"
"784","ASV_797",-0.0010087146948541,0.00473134214124677,-0.000267327851150778,"ASV_797","no_hit","Dinophyceae","Dinophyceae","Peridiniales","no_hit","no_hit","no_hit"
"785","ASV_798",0.000498788910938385,0.00636811884717541,-0.00747463830937099,"ASV_798","no_hit","unknown","unknown","unknown","unknown","g_","s_"
"786","ASV_799",-0.0137065928372261,-0.00926351987619029,-0.016223338681613,"ASV_799","no_hit","Dinophyceae","Dinophyceae","Syndiniales","Amoebophryaceae","Amoebophrya","no_hit"
"787","ASV_800",0.000214864071882999,-0.00347172291305909,-0.0066314353962566,"ASV_800","no_hit","no_hit","no_hit","no_hit","no_hit","no_hit","no_hit"
"788","ASV_801",0.00228188543726056,0.00101101864038374,-0.00891129835635325,"ASV_801","no_hit","Dinophyceae","Dinophyceae","Syndiniales","Amoebophryaceae","Amoebophrya","no_hit"
"789","ASV_802",-0.0122705931377198,-0.012736317644128,-0.00212980085300924,"ASV_802","no_hit","unknown","unknown","unknown","unknown","g_","s_"
"790","ASV_803",0.00191475295713952,0.00523239017368929,0.00157320923843559,"ASV_803","no_hit","Dinophyceae","Dinophyceae","Peridiniales","no_hit","no_hit","no_hit"
"791","ASV_804",0.00482122413299232,0.0218486265108447,0.00570662732771616,"ASV_804","no_hit","Dinophyceae","Dinophyceae","Syndiniales","Amoebophryaceae","g_","s_"
"792","ASV_805",0.00748032694524359,0.0317392662088284,0.00624025981463201,"ASV_805","no_hit","Euglenozoa","unknown","Diplonemea","unknown","unknown","s_"
"793","ASV_806",-0.0022525534203285,0.0238275202871767,0.0075376332114799,"ASV_806","no_hit","Dinophyceae","Dinophyceae","Gymnodiniales","no_hit","no_hit","no_hit"
"794","ASV_807",-0.00137800308082403,-7.4785167540338e-05,0.00259822152745408,"ASV_807","no_hit","no_hit","no_hit","no_hit","no_hit","no_hit","no_hit"
"795","ASV_808",-0.00117977619400715,0.0118866154956575,0.005802988116688,"ASV_808","Metazoa","Chordata","Thaliacea","Doliolida","Doliolidae","Doliolum","Doliolum nationalis"
"796","ASV_809",0.00961680770326295,0.0265324336712557,0.0054405576277823,"ASV_809","no_hit","Euglenozoa","unknown","Diplonemea","unknown","unknown","s_"
"797","ASV_810",5.48768842972369e-05,0.00600353841066345,-0.000124221770227506,"ASV_810","no_hit","Dinophyceae","Dinophyceae","no_hit","no_hit","no_hit","no_hit"
"798","ASV_811",-0.000244995446841271,-0.00604791740405929,0.00682798186624449,"ASV_811","Metazoa","Arthropoda","Malacostraca","Euphausiacea","Euphausiidae","g_","s_"
"799","ASV_812",0.0121240679032031,-0.00729396785008402,-0.00164409548282159,"ASV_812","no_hit","Bacillariophyta","Coscinodiscophyceae","Chaetocerotales","Chaetocerotaceae","Chaetoceros","Chaetoceros constrictus"
"800","ASV_813",-0.00220226479294835,0.00849117097573053,-0.0091087615798871,"ASV_813","no_hit","Euglenozoa","unknown","Diplonemea","Diplonemidae","g_","s_"
"801","ASV_814",-0.00747578949151698,6.0953913517484e-06,-0.0132558567229741,"ASV_814","no_hit","Bacillariophyta","Bacillariophyceae","Naviculales","Plagiotropidaceae","Plagiolemma","Plagiolemma distortum"
"802","ASV_815",0.00829230035482956,0.0343183452254413,0.00580208021838505,"ASV_815","no_hit","Dinophyceae","Dinophyceae","Syndiniales","Amoebophryaceae","Amoebophrya","no_hit"
"803","ASV_816",0.00737910706396576,0.0044649018275676,-0.00720305799549813,"ASV_816","no_hit","unknown","Cryptophyceae","Cyathomonadacea","Goniomonadaceae","Goniomonas","s_"
"804","ASV_818",0.000701006851357978,-0.00981198878950771,-0.00185970367974521,"ASV_818","no_hit","Dinophyceae","Dinophyceae","Peridiniales","Peridiniaceae","g_","s_"
"805","ASV_819",0.00627001773395732,0.0284456989986198,0.00619173132693705,"ASV_819","no_hit","no_hit","no_hit","no_hit","no_hit","no_hit","no_hit"
"806","ASV_820",-0.00702308245633157,-0.00437989271403546,-0.0103622960733864,"ASV_820","no_hit","Bacillariophyta","Bacillariophyceae","Bacillariales","Bacillariaceae","Fragilariopsis","no_hit"
"807","ASV_821",-0.0112194824719289,-0.00827322874204391,-0.00700697974857148,"ASV_821","no_hit","no_hit","no_hit","no_hit","no_hit","no_hit","no_hit"
"808","ASV_822",-0.020527149134303,-0.0251927543941115,-0.00537707060289731,"ASV_822","no_hit","Dinophyceae","Dinophyceae","Syndiniales","Amoebophryaceae","g_","s_"
"809","ASV_823",-0.00474571002430776,-0.00549651499908473,-0.000686734118753043,"ASV_823","no_hit","Dinophyceae","Dinophyceae","Syndiniales","Amoebophryaceae","Amoebophrya","no_hit"
"810","ASV_824",-0.00156723945761574,0.00965888754757824,-0.00227296890539954,"ASV_824","no_hit","Ciliophora","no_hit","no_hit","no_hit","no_hit","no_hit"
"811","ASV_825",0.00410596553401928,0.034515420790398,0.00139162906547371,"ASV_825","no_hit","no_hit","no_hit","no_hit","no_hit","no_hit","no_hit"
"812","ASV_826",-0.00497820426265782,0.0169055125097991,-0.00937062658119226,"ASV_826","no_hit","Dinophyceae","Dinophyceae","Syndiniales","no_hit","no_hit","s_"
"813","ASV_827",-0.012628453908681,-0.0212434388895094,-0.00715402036752123,"ASV_827","no_hit","Dinophyceae","Dinophyceae","Syndiniales","Amoebophryaceae","g_","s_"
"814","ASV_828",0.00709126213807773,-0.00057918605754988,0.00530127014439881,"ASV_828","no_hit","Dinophyceae","Dinophyceae","Peridiniales","Protoperidiniaceae","Protoperidinium","no_hit"
"815","ASV_829",0.0058495393311196,0.00656386651924322,-0.000296033874352863,"ASV_829","no_hit","Dinophyceae","Dinophyceae","Syndiniales","Amoebophryaceae","Amoebophrya","s_"
"816","ASV_830",-0.00359585026300411,0.0085602958757132,-0.00522574248773217,"ASV_830","no_hit","Cercozoa","Thecofilosea","Ventricleftida","Ventrifissuridae","g_","s_"
"817","ASV_831",-0.00285703326178108,0.0145222373846412,-0.0140008348539241,"ASV_831","no_hit","unknown","unknown","unknown","unknown","unknown","uncultured marine picoeukaryote"
"818","ASV_832",0.00268707191750356,0.000687924412112292,0.00186746071692027,"ASV_832","no_hit","Ciliophora","Prostomatea","Prorodontida","unknown","Hexasterias","Hexasterias problematica"
"819","ASV_833",-0.00366792005776021,0.0196935563028819,0.00761853311709259,"ASV_833","no_hit","Ciliophora","Oligohymenophorea","Philasterida","Cinetochilidae","g_","s_"
"820","ASV_834",-0.0150978654425357,-0.00699297425931239,-0.0221093855102334,"ASV_834","no_hit","unknown","unknown","unknown","unknown","unknown","uncultured marine picoeukaryote"
"821","ASV_835",0.000607330235145259,-0.000837276089178802,-0.00549846106900315,"ASV_835","no_hit","unknown","unknown","Telonemida","unknown","g_","s_"
"822","ASV_836",-0.00221480652886071,-0.0108238320717075,-0.0160305655889985,"ASV_836","no_hit","Dinophyceae","Dinophyceae","Dinophysiales","Dinophysiaceae","no_hit","no_hit"
"823","ASV_837",-0.0139061683173517,-0.00958073111969708,-0.00479192841949761,"ASV_837","no_hit","no_hit","no_hit","no_hit","no_hit","no_hit","no_hit"
"824","ASV_838",-0.00518941008334748,-0.0102955327449802,-0.0111093138284119,"ASV_838","no_hit","Dinophyceae","Dinophyceae","Syndiniales","Amoebophryaceae","g_","s_"
"825","ASV_839",-0.0076611916222743,0.0050164297492592,-0.0140802356098026,"ASV_839","no_hit","Dinophyceae","Dinophyceae","Syndiniales","Amoebophryaceae","Amoebophrya","no_hit"
"826","ASV_840",0.00611961854418278,0.0271519327259866,0.00615997918265131,"ASV_840","no_hit","Euglenozoa","unknown","Diplonemea","unknown","unknown","Diplonemida sp. 1sb RG-2016"
"827","ASV_841",-0.00634653694452953,0.0131971853866972,-0.00473539499219753,"ASV_841","no_hit","Dinophyceae","Dinophyceae","Gymnodiniales","Kareniaceae","Karlodinium","no_hit"
"828","ASV_842",-0.00180067889473347,0.0241057222208394,0.00875449134514508,"ASV_842","Metazoa","Cnidaria","Hydrozoa","Siphonophorae","Pyrostephidae","Bargmannia","Bargmannia amoena"
"829","ASV_843",0.00215995917575846,-0.00284399141443818,-0.0085104981368023,"ASV_843","no_hit","Cercozoa","Thecofilosea","unknown","unknown","g_","s_"
"830","ASV_844",-0.0137266678271107,0.00272094697663077,-0.0196820075758186,"ASV_844","no_hit","Dinophyceae","Dinophyceae","Gymnodiniales","Gymnodiniaceae","g_","s_"
"831","ASV_845",0.00524251470062133,0.0240922250707383,0.00625331590073577,"ASV_845","no_hit","Dinophyceae","Dinophyceae","Syndiniales","no_hit","no_hit","no_hit"
"832","ASV_846",0.00242717296472982,0.00253132208738089,0.00764330740822306,"ASV_846","Metazoa","Cnidaria","Hydrozoa","Trachymedusae","Rhopalonematidae","Aglantha","Aglantha digitale"
"833","ASV_847",-0.0062496623890717,-0.0119645042152488,-0.00839994153625947,"ASV_847","no_hit","Dinophyceae","Dinophyceae","Syndiniales","Amoebophryaceae","Amoebophrya","s_"
"834","ASV_848",0.00154277621740121,-0.00562723073856925,0.00669389830736632,"ASV_848","Metazoa","Cnidaria","Hydrozoa","Leptothecata","no_hit","g_","s_"
"835","ASV_849",0.00574031908645146,0.0267317189905718,0.00773795739572808,"ASV_849","no_hit","unknown","unknown","unknown","unknown","unknown","s_"
"836","ASV_850",0.0041189314719231,0.00217631309082175,-0.00964879908318878,"ASV_850","no_hit","unknown","unknown","Telonemida","unknown","Telonema","no_hit"
"837","ASV_851",0.00263118153655024,0.0194797120816813,0.00738721662523919,"ASV_851","no_hit","Euglenozoa","unknown","Diplonemea","unknown","g_","s_"
"838","ASV_852",-0.000937529330635583,0.0126994803622214,-0.0111674517547986,"ASV_852","no_hit","Bacillariophyta","Coscinodiscophyceae","Coscinodiscales","Coscinodiscaceae","Coscinodiscus","Coscinodiscus radiatus"
"839","ASV_853",-0.00486953509279948,0.00172637848945858,-0.00277946661175709,"ASV_853","no_hit","Dinophyceae","Dinophyceae","no_hit","no_hit","no_hit","no_hit"
"840","ASV_854",-0.0177817886226526,-0.0162093963866973,-0.0113313950464673,"ASV_854","no_hit","Dinophyceae","Dinophyceae","Syndiniales","no_hit","g_","s_"
"841","ASV_855",-0.0058977335541447,0.00353101130789948,-0.0057801184615214,"ASV_855","no_hit","Dinophyceae","Dinophyceae","no_hit","no_hit","no_hit","s_"
"842","ASV_856",-0.00582013281470533,0.00162064370755312,-0.00562760402033943,"ASV_856","no_hit","Dinophyceae","Dinophyceae","Syndiniales","Amoebophryaceae","g_","s_"
"843","ASV_857",-0.00130644970894235,0.00945135401884247,0.00379231507383106,"ASV_857","no_hit","Dinophyceae","Dinophyceae","Syndiniales","Amoebophryaceae","Amoebophrya","s_"
"844","ASV_858",-0.0125195676245636,0.00140872720355123,-0.00367382385816092,"ASV_858","no_hit","Apicomplexa","Conoidasida","Eucoccidiorida","Eimeriidae","no_hit","no_hit"
"845","ASV_859",0.00614239819472914,0.0211481084993692,0.00380969665897361,"ASV_859","no_hit","Euglenozoa","unknown","Diplonemea","unknown","g_","s_"
"846","ASV_860",0.00736548601886936,0.00606064474069999,-0.00351492166468304,"ASV_860","no_hit","Dinophyceae","Dinophyceae","no_hit","no_hit","g_","s_"
"847","ASV_861",-0.00321289048425375,0.0243701910465564,0.0108105973952869,"ASV_861","Metazoa","Chordata","Appendicularia","Copelata","Oikopleuridae","Mesoikopleura","Mesoikopleura haranti"
"848","ASV_862",-0.00173215500764588,0.0138359251907095,0.00543748785964782,"ASV_862","no_hit","Dinophyceae","Dinophyceae","Syndiniales","Amoebophryaceae","g_","s_"
"849","ASV_863",0.0133727444781512,0.0129484299847375,-0.00673924386257308,"ASV_863","no_hit","Dinophyceae","Dinophyceae","Syndiniales","Amoebophryaceae","Amoebophrya","no_hit"
"850","ASV_864",0.00417838496668216,-0.00126439221376228,0.00425755760040404,"ASV_864","no_hit","Ciliophora","Spirotrichea","Choreotrichida","Lynnellidae","Lynnella","Lynnella semiglobulosa"
"851","ASV_865",0.000387835496107715,0.00921448438047526,-0.0161060987475398,"ASV_865","no_hit","Cercozoa","Thecofilosea","Cryomonadida","Protaspidae","Cryothecomonas","Cryothecomonas sp. APCC MC5-1Cryo"
"852","ASV_866",0.000201556489675657,0.0236799873800723,0.00848148671828524,"ASV_866","no_hit","Euglenozoa","unknown","Diplonemea","unknown","g_","s_"
"853","ASV_868",-0.00874819973226418,0.00964332995299662,-0.0174387088514209,"ASV_868","no_hit","no_hit","no_hit","no_hit","no_hit","no_hit","no_hit"
"854","ASV_869",0.00747463798095606,0.00681812053672745,-0.00271452108332043,"ASV_869","no_hit","Dinophyceae","Dinophyceae","Syndiniales","Amoebophryaceae","Amoebophrya","no_hit"
"855","ASV_870",0.00201673510965332,0.0263425028143811,0.008065983416679,"ASV_870","no_hit","Euglenozoa","unknown","Diplonemea","unknown","unknown","Diplonemida sp. 37 RG-2016"
"856","ASV_871",-0.00388492821861011,0.0062095390061935,-0.0124365193614698,"ASV_871","no_hit","Cercozoa","unknown","Cercomonadida","Cercomonadidae","g_","s_"
"857","ASV_872",0.0014692927493638,-0.00356978960181091,-0.00967010621625295,"ASV_872","no_hit","Cercozoa","Thecofilosea","Cryomonadida","Protaspidae","Cryothecomonas","Cryothecomonas longipes"
"858","ASV_873",0.00115802447796309,0.0232031206079237,0.00571599921325636,"ASV_873","no_hit","Dinophyceae","Dinophyceae","Syndiniales","Amoebophryaceae","Amoebophrya","no_hit"
"859","ASV_874",-0.00126914568922047,0.00820675640408723,-0.00862761022858933,"ASV_874","no_hit","Cercozoa","no_hit","no_hit","no_hit","no_hit","no_hit"
"860","ASV_875",0.00582021511785566,0.0109439416399433,-0.00545415610610559,"ASV_875","no_hit","Dinophyceae","Dinophyceae","Prorocentrales","Prorocentraceae","g_","s_"
"861","ASV_876",-0.0109017260702306,-0.00459623600024234,-0.010824020938425,"ASV_876","no_hit","unknown","unknown","Telonemida","unknown","Telonema","s_"
"862","ASV_877",-0.00749058826643137,0.00143794859553248,-0.00621312947778848,"ASV_877","Metazoa","Arthropoda","Hexanauplia","Cyclopoida","Oithonidae","Oithona","Oithona similis"
"863","ASV_878",0.00252885344138552,0.010725864654987,-0.00855746682390118,"ASV_878","no_hit","Dinophyceae","Dinophyceae","Syndiniales","no_hit","no_hit","no_hit"
"864","ASV_879",0.00671120340413923,0.0160996746868579,0.000550515871992897,"ASV_879","no_hit","Euglenozoa","unknown","Diplonemea","unknown","g_","s_"
"865","ASV_880",0.00699142977725522,0.0125016522725236,0.00466272112096963,"ASV_880","Metazoa","Annelida","Polychaeta","Terebellida","Cirratulidae","no_hit","s_"
"866","ASV_881",0.00857611860523112,0.0308528238482602,0.00403078716855874,"ASV_881","no_hit","unknown","unknown","unknown","unknown","unknown","s_"
"867","ASV_882",0.00334905703005291,0.0289769025189359,0.00489461461252672,"ASV_882","unassigned","unassigned","unassigned","unassigned","unassigned","unassigned","unassigned"
"868","ASV_883",0.00731438852121369,0.0255718419656839,0.00693512327648219,"ASV_883","no_hit","no_hit","no_hit","no_hit","no_hit","no_hit","no_hit"
"869","ASV_884",0.000857427029389172,-0.000886810284137677,-0.000909958020365796,"ASV_884","no_hit","Dinophyceae","Dinophyceae","Syndiniales","no_hit","no_hit","no_hit"
"870","ASV_885",-0.00208824171570477,-0.00348738473177546,-0.0096370753232095,"ASV_885","no_hit","Dinophyceae","Dinophyceae","no_hit","no_hit","no_hit","no_hit"
"871","ASV_886",-0.00219118624344288,0.00256919794799094,-0.007105003334078,"ASV_886","no_hit","Bacillariophyta","Coscinodiscophyceae","Thalassiosirales","Thalassiosiraceae","Thalassiosira","no_hit"
"872","ASV_887",0.0106912046557561,0.0292168140217132,0.00521771563192639,"ASV_887","no_hit","Euglenozoa","unknown","Diplonemea","unknown","g_","s_"
"873","ASV_888",0.013034715057355,0.010378535374585,-0.00392600613014583,"ASV_888","no_hit","Dinophyceae","Dinophyceae","Syndiniales","Amoebophryaceae","g_","s_"
"874","ASV_889",-0.00885377968825931,-0.00807628457108769,-0.0159791039575473,"ASV_889","no_hit","unknown","unknown","unknown","unknown","unknown","uncultured marine picoeukaryote"
"875","ASV_890",-0.00421160711083998,-0.00463477185455256,-0.00210636226465417,"ASV_890","no_hit","unknown","unknown","unknown","unknown","g_","s_"
"876","ASV_891",-0.0033336030680409,-0.00144716424586099,-0.00444227529895053,"ASV_891","no_hit","Imbricatea","unknown","Marimonadida","unknown","g_","s_"
"877","ASV_892",-0.00395234523078346,0.00208245180826393,-0.0031086641736133,"ASV_892","no_hit","Dinophyceae","Dinophyceae","no_hit","no_hit","g_","s_"
"878","ASV_894",0.0103125195020196,0.0270993496707724,0.00551538013640459,"ASV_894","no_hit","Euglenozoa","unknown","Diplonemea","unknown","g_","s_"
"879","ASV_895",0.00948236534381063,0.024949041673615,0.00298006158911463,"ASV_895","no_hit","Dinophyceae","Dinophyceae","Syndiniales","Amoebophryaceae","g_","s_"
"880","ASV_896",0.000894070492820528,0.0282039927672059,0.00966094653014841,"ASV_896","no_hit","Dinophyceae","Dinophyceae","Syndiniales","Amoebophryaceae","g_","s_"
"881","ASV_897",0.0121220168571596,0.027919622868089,0.0050577060192688,"ASV_897","no_hit","Euglenozoa","unknown","Diplonemea","unknown","unknown","s_"
"882","ASV_898",0.00268553381196309,0.0302308256783383,0.00905191156090816,"ASV_898","no_hit","Dinophyceae","Dinophyceae","Syndiniales","no_hit","no_hit","no_hit"
"883","ASV_899",0.00133021996307977,0.00630367646144222,-0.00711386642317619,"ASV_899","no_hit","Dinophyceae","Dinophyceae","no_hit","no_hit","no_hit","no_hit"
"884","ASV_900",0.00932739339238523,0.0125493905425475,0.00185385309974987,"ASV_900","Metazoa","Cnidaria","Hydrozoa","Narcomedusae","Aeginidae","Aegina","Aegina citrea"
"885","ASV_901",-0.00107293099391414,0.00300751820099072,-0.000833904042249785,"ASV_901","no_hit","Dinophyceae","Dinophyceae","Syndiniales","Amoebophryaceae","g_","s_"
"886","ASV_902",-0.00528161643142158,-0.000704617735907791,-0.00704204919279685,"ASV_902","no_hit","Dinophyceae","Dinophyceae","no_hit","no_hit","no_hit","no_hit"
"887","ASV_903",0.0087633852744801,0.0170325948838932,0.00194893500847869,"ASV_903","no_hit","Dinophyceae","Dinophyceae","Syndiniales","no_hit","g_","s_"
"888","ASV_904",0.00600277959205449,-0.00412435836325114,0.00206390702442165,"ASV_904","no_hit","Cercozoa","Thecofilosea","Cryomonadida","Protaspidae","g_","s_"
"889","ASV_905",-0.00787624012369422,0.0048329461897999,0.0049306417835595,"ASV_905","Metazoa","Arthropoda","Hexanauplia","Calanoida","Metridinidae","Metridia","Metridia gerlachei"
"890","ASV_906",-0.00425499215651055,0.032506948179471,0.0136039295120568,"ASV_906","no_hit","unknown","Cryptophyceae","Pyrenomonadales","Chroomonadaceae","g_","s_"
"891","ASV_907",0.00479394114119395,-0.00437088212822111,0.00656781942224249,"ASV_907","Metazoa","Arthropoda","Hexanauplia","Calanoida","Clausocalanidae","Pseudocalanus","Pseudocalanus newmani"
"892","ASV_908",-0.0191071049563081,-0.00902841825358364,-0.00762824528977831,"ASV_908","no_hit","unknown","Bigyra","Nanomonadea","unknown","Incisomonas","Incisomonas marina"
"893","ASV_909",0.00200027587119823,-0.00268661624562327,-0.00067478742180496,"ASV_909","no_hit","Dinophyceae","Dinophyceae","Peridiniales","no_hit","no_hit","no_hit"
"894","ASV_910",0.00706874241248764,0.030248139315199,0.00805356487771201,"ASV_910","no_hit","no_hit","no_hit","no_hit","no_hit","no_hit","no_hit"
"895","ASV_911",0.00174923496776177,0.00186203478676531,-0.00941387934600773,"ASV_911","no_hit","Bacillariophyta","Bacillariophyceae","Bacillariales","Bacillariaceae","Pseudo-nitzschia","Pseudo-nitzschia delicatissima"
"896","ASV_912",0.00502220425340791,0.0136950266966458,0.00274979495478332,"ASV_912","no_hit","Dinophyceae","Dinophyceae","Syndiniales","no_hit","no_hit","no_hit"
"897","ASV_913",-0.0129896316428278,-0.0099626838802774,-0.00957209592781895,"ASV_913","no_hit","Apicomplexa","Conoidasida","Eucoccidiorida","Dactylosomatidae","no_hit","no_hit"
"898","ASV_914",0.000738001121005571,0.026938923031229,0.0109239235810406,"ASV_914","no_hit","unknown","Polycystinea","no_hit","no_hit","no_hit","no_hit"
"899","ASV_915",-0.00198786196935915,0.0230875006615206,0.00851484100675234,"ASV_915","Metazoa","Chordata","Appendicularia","Copelata","Oikopleuridae","Oikopleura","no_hit"
"900","ASV_916",0.0016303706492617,0.0102918578774198,-0.0061245165333219,"ASV_916","no_hit","Haptophyta","unknown","Phaeocystales","Phaeocystaceae","g_","s_"
"901","ASV_917",0.00373604686212542,0.0101346762473564,-0.00504620884873365,"ASV_917","no_hit","Apicomplexa","Conoidasida","Eucoccidiorida","Adeleidae","g_","s_"
"902","ASV_918",-0.000873013374321892,0.000100343014726574,-0.0152894937309379,"ASV_918","no_hit","Dinophyceae","Dinophyceae","no_hit","no_hit","no_hit","no_hit"
"903","ASV_919",0.00252506997239715,-0.00243648978492627,0.00354457670951312,"ASV_919","no_hit","Dinophyceae","Dinophyceae","Noctilucales","Noctilucaceae","Noctiluca","no_hit"
"904","ASV_920",-0.00709499463739413,-0.00604455568406282,-0.00331487402614441,"ASV_920","no_hit","unknown","Bolidophyceae","Parmales","Triparmaceae","g_","s_"
"905","ASV_921",0.00623597384983031,0.0147634045980889,-0.000323462207639749,"ASV_921","no_hit","no_hit","no_hit","no_hit","no_hit","no_hit","no_hit"
"906","ASV_922",1.36791844679762e-05,-0.00262091959723687,0.00200323329231872,"ASV_922","no_hit","Dinophyceae","Dinophyceae","Peridiniales","Protoperidiniaceae","Protoperidinium","s_"
"907","ASV_923",0.00376355937882015,0.00278262263863133,0.000406513341002676,"ASV_923","no_hit","Endomyxa","Ascetosporea","Paradiniida","unknown","Paradinium","Paradinium poucheti"
"908","ASV_924",-0.0113472717395167,-0.0153091793906797,-0.00862000117476098,"ASV_924","no_hit","Dinophyceae","Dinophyceae","Syndiniales","Amoebophryaceae","Amoebophrya","s_"
"909","ASV_925",-0.00758516431657408,0.00498829278740118,-0.0113754330220279,"ASV_925","no_hit","Dinophyceae","Dinophyceae","Gonyaulacales","Gonyaulacaceae","Gonyaulax","Gonyaulax polygramma"
"910","ASV_926",-0.000348803820203712,0.0112868826932577,-0.00303393752865583,"ASV_926","no_hit","unknown","unknown","unknown","unknown","unknown","Stramenopiles sp. MAST-1C-sp1"
"911","ASV_927",0.0112267887092792,0.0124554457074477,-0.000969348073458129,"ASV_927","no_hit","unknown","unknown","unknown","unknown","g_","s_"
"912","ASV_928",0.00347281154418975,0.0130351175155315,0.00442025824839308,"ASV_928","no_hit","Dinophyceae","Dinophyceae","Syndiniales","Amoebophryaceae","g_","s_"
"913","ASV_930",-0.00110638395071628,0.0167282291787031,0.00547832688555713,"ASV_930","no_hit","Dinophyceae","Dinophyceae","Peridiniales","Pfiesteriaceae","g_","s_"
"914","ASV_931",-0.00611962046137396,0.00298467224622049,0.00342087963128209,"ASV_931","no_hit","no_hit","no_hit","no_hit","no_hit","g_","s_"
"915","ASV_932",0.00551632449808671,0.00535302848682442,0.000324975034913805,"ASV_932","Viridiplantae","Chlorophyta","no_hit","no_hit","no_hit","no_hit","no_hit"
"916","ASV_933",0.00463936860270006,0.0281961595326522,0.00876158383022419,"ASV_933","no_hit","Dinophyceae","Dinophyceae","Syndiniales","Amoebophryaceae","g_","s_"
"917","ASV_934",0.00332977059864849,-0.00205722916036697,-0.0146365561847692,"ASV_934","no_hit","Dinophyceae","Dinophyceae","Syndiniales","Amoebophryaceae","g_","s_"
"918","ASV_935",0.000949367474165994,0.0236409486626752,0.0077007221882291,"ASV_935","no_hit","unknown","Polycystinea","no_hit","no_hit","no_hit","no_hit"
"919","ASV_936",0.00731928553608771,0.00808903822448153,-0.000261914302645565,"ASV_936","no_hit","no_hit","no_hit","no_hit","no_hit","no_hit","no_hit"
"920","ASV_937",-0.00147291034230496,-0.0107797068323007,-0.00574340794905555,"ASV_937","no_hit","Discosea","Flabellinia","Dactylopodida","Paramoebidae","no_hit","no_hit"
"921","ASV_938",-0.00176986778343047,0.0251129852127505,-0.00195935655762471,"ASV_938","no_hit","unknown","unknown","unknown","unknown","g_","s_"
"922","ASV_939",0.00158180831350422,0.0204807483026135,0.0072108435928089,"ASV_939","no_hit","Dinophyceae","Dinophyceae","Syndiniales","Amoebophryaceae","Amoebophrya","s_"
"923","ASV_940",0.00443649000851826,0.00905239663290893,-0.00802923820221371,"ASV_940","no_hit","Dinophyceae","Dinophyceae","no_hit","no_hit","no_hit","s_"
"924","ASV_941",-0.00700078461538937,-0.00279209455879488,-0.00635667150927193,"ASV_941","unassigned","unassigned","unassigned","unassigned","unassigned","unassigned","unassigned"
"925","ASV_942",0.00553379250016203,0.010261143371233,-0.0114076034439832,"ASV_942","no_hit","unknown","unknown","unknown","unknown","unknown","Uncultured marine alveolate Group II DH145-EKD20"
"926","ASV_943",0.00142007774658947,0.00816530962313811,-0.00993332099523367,"ASV_943","no_hit","Dinophyceae","Dinophyceae","unknown","unknown","unknown","Dinophyceae sp. UDMS0803"
"927","ASV_944",-0.0040723248106991,0.0137761135592925,0.00749803531930525,"ASV_944","no_hit","Cercozoa","Thecofilosea","Phaeogromida","Medusettidae","Gazelletta","s_"
"928","ASV_945",-0.00312301936247083,-0.0155520038350462,-0.00655229259388626,"ASV_945","no_hit","unknown","unknown","unknown","unknown","unknown","uncultured marine eukaryote"
"929","ASV_946",0.0056404411338516,0.014502586452612,0.00316430057378903,"ASV_946","no_hit","no_hit","no_hit","no_hit","no_hit","no_hit","no_hit"
"930","ASV_947",0.00629240861935751,0.00874882537625691,-0.00579689482384027,"ASV_947","no_hit","Bacillariophyta","Coscinodiscophyceae","Chaetocerotales","Chaetocerotaceae","Chaetoceros","s_"
"931","ASV_948",0.00378451907301013,0.00720663466219821,0.00133618194903146,"ASV_948","no_hit","Dinophyceae","Dinophyceae","no_hit","no_hit","no_hit","no_hit"
"932","ASV_949",0.000721271578609285,0.000156263175571093,0.000921164353492672,"ASV_949","no_hit","Dinophyceae","Dinophyceae","Syndiniales","no_hit","no_hit","s_"
"933","ASV_950",0.0034821424594478,-0.00164208215482951,0.00455413007394815,"ASV_950","no_hit","Dinophyceae","Dinophyceae","Gymnodiniales","Gymnodiniaceae","Polykrikos","Polykrikos sp. EP-2016a"
"934","ASV_951",0.00797932671013073,0.0250431788337735,0.00524423403930732,"ASV_951","no_hit","Dinophyceae","Dinophyceae","Syndiniales","Amoebophryaceae","g_","s_"
"935","ASV_952",0.00288057971251329,0.00277127497129698,0.0010424036449126,"ASV_952","no_hit","Ciliophora","Spirotrichea","Tintinnida","Tintinnidae","Salpingella","no_hit"
"936","ASV_953",-0.00166118631513293,0.0204633258807089,0.0089989279769945,"ASV_953","no_hit","Dinophyceae","Dinophyceae","Syndiniales","Amoebophryaceae","g_","s_"
"937","ASV_954",-0.00952405130685324,0.0116380363246576,-0.0156026971354744,"ASV_954","no_hit","unknown","unknown","unknown","unknown","unknown","s_"
"938","ASV_955",-0.0136273493429389,0.00132045887386616,-0.0240910441093394,"ASV_955","no_hit","unknown","unknown","unknown","unknown","unknown","uncultured marine eukaryote"
"939","ASV_956",-0.000934148933627393,-0.00748109177241081,-0.00359310187891213,"ASV_956","no_hit","Dinophyceae","Dinophyceae","Syndiniales","Amoebophryaceae","Amoebophrya","no_hit"
"940","ASV_957",0.00107619287364136,-0.00411907742147007,-0.0150417518499417,"ASV_957","no_hit","Dinophyceae","Dinophyceae","Syndiniales","Amoebophryaceae","Amoebophrya","no_hit"
"941","ASV_958",-0.00670834578628389,0.00709846024612614,-0.0145574471895402,"ASV_958","no_hit","unknown","unknown","unknown","unknown","unknown","uncultured marine picoeukaryote"
"942","ASV_959",0.00344391000738854,0.00178026994606657,-0.00465202521570617,"ASV_959","no_hit","unknown","unknown","unknown","unknown","g_","s_"
"943","ASV_960",0.000383762370463433,-0.00449436018057086,-0.00206725958590409,"ASV_960","no_hit","no_hit","no_hit","no_hit","no_hit","no_hit","no_hit"
"944","ASV_961",0.00343814719102533,0.00195612451184629,-0.00477249387452357,"ASV_961","no_hit","Cercozoa","Chlorarachniophyceae","unknown","unknown","Minorisa","Minorisa sp. SRT710"
"945","ASV_962",-0.006560294013118,0.0199154647011074,-0.0184258996054926,"ASV_962","no_hit","Euglenozoa","unknown","Diplonemea","unknown","g_","s_"
"946","ASV_963",-0.00695218500644426,0.00755157340470638,0.00160867254406733,"ASV_963","no_hit","no_hit","no_hit","no_hit","no_hit","g_","s_"
"947","ASV_964",-0.00187259812900013,0.00448768019707036,-0.0192917019892893,"ASV_964","no_hit","unknown","unknown","unknown","unknown","unknown","uncultured marine picoeukaryote"
"948","ASV_965",0.00200304653539016,0.0101256661731712,-0.0184750977990855,"ASV_965","no_hit","Dinophyceae","Dinophyceae","no_hit","no_hit","no_hit","no_hit"
"949","ASV_966",0.00654060003708935,-0.00336249315145707,0.0034926283532756,"ASV_966","no_hit","Bacillariophyta","Coscinodiscophyceae","Chaetocerotales","Chaetocerotaceae","Chaetoceros","s_"
"950","ASV_967",0.00314722451935032,0.0130676811327694,-0.00882162313372697,"ASV_967","no_hit","Dinophyceae","Dinophyceae","Syndiniales","Amoebophryaceae","g_","s_"
"951","ASV_968",-0.0075144563362127,0.0080650636169395,0.00753057407899989,"ASV_968","Metazoa","Arthropoda","Hexanauplia","Poecilostomatoida","Oncaeidae","no_hit","no_hit"
"952","ASV_969",-0.00467160605768781,0.00173410758698595,-0.0102838384020659,"ASV_969","no_hit","Dinophyceae","Dinophyceae","Syndiniales","Amoebophryaceae","Amoebophrya","s_"
"953","ASV_970",-0.00441895031384592,0.0245470575461788,0.00937714961511523,"ASV_970","no_hit","Euglenozoa","unknown","Diplonemea","unknown","g_","s_"
"954","ASV_971",-0.00232836892302585,0.00133202563116901,-0.0219420523727085,"ASV_971","no_hit","Dinophyceae","Dinophyceae","no_hit","no_hit","no_hit","no_hit"
"955","ASV_972",0.00565858236554207,0.00395181661171295,-0.00326947283786424,"ASV_972","no_hit","Dinophyceae","Dinophyceae","Syndiniales","Amoebophryaceae","g_","s_"
"956","ASV_973",-0.00101364619718864,-0.00347344633629153,0.00674780751808108,"ASV_973","no_hit","Apicomplexa","Conoidasida","Eucoccidiorida","Cryptosporidiidae","g_","s_"
"957","ASV_974",0.000827418621626128,-0.000431302262987427,-0.000227250167408594,"ASV_974","no_hit","Ciliophora","Spirotrichea","unknown","Strombidiidae","Spirostrombidium","s_"
"958","ASV_975",0.00115853575098607,-0.000646594905523168,0.00381803684917175,"ASV_975","Metazoa","Arthropoda","Hexanauplia","Calanoida","Eucalanidae","no_hit","no_hit"
"959","ASV_976",-0.0124832202564564,0.00108275626772136,-0.0135526753296889,"ASV_976","no_hit","Dinophyceae","Dinophyceae","Peridiniales","Pfiesteriaceae","no_hit","no_hit"
"960","ASV_977",-0.00215255635920495,0.00184650119335671,-0.00398015542827016,"ASV_977","no_hit","Dinophyceae","Dinophyceae","Syndiniales","Amoebophryaceae","g_","s_"
"961","ASV_978",-0.0058114654387107,0.00188760082976652,-0.0160011752483658,"ASV_978","no_hit","Haptophyta","no_hit","no_hit","no_hit","no_hit","no_hit"
"962","ASV_980",0.0011406511872637,0.0170000308687653,0.00462103170094031,"ASV_980","no_hit","unknown","unknown","unknown","unknown","g_","s_"
"963","ASV_981",0.00385083130695095,0.00817050664489465,0.000287067920928232,"ASV_981","no_hit","Cercozoa","unknown","unknown","Massisteriidae","g_","s_"
"964","ASV_982",0.00568690087085836,0.0121252439106616,-0.00113297461906107,"ASV_982","no_hit","no_hit","no_hit","no_hit","no_hit","g_","s_"
"965","ASV_983",-0.00297997268133931,-0.00222365382063493,0.000166276229805194,"ASV_983","no_hit","unknown","unknown","unknown","unknown","unknown","uncultured marine picoeukaryote"
"966","ASV_984",0.00832964301408136,0.014383004644822,-0.00805361179779687,"ASV_984","no_hit","unknown","unknown","unknown","unknown","unknown","uncultured marine picoeukaryote"
"967","ASV_985",-0.00462086621156491,-0.00761227732733827,-0.0157180444944847,"ASV_985","no_hit","Dinophyceae","Dinophyceae","no_hit","no_hit","no_hit","no_hit"
"968","ASV_986",-0.000725255948647199,-0.0032698566704897,0.00316033800331721,"ASV_986","Metazoa","Annelida","Polychaeta","Phyllodocida","Polynoidae","no_hit","no_hit"
"969","ASV_987",-0.016023834285773,-0.0140120288546062,-0.00192235376881247,"ASV_987","no_hit","unknown","unknown","unknown","unknown","g_","s_"
"970","ASV_988",-0.00183888005145995,0.00531263134987963,-0.00682305297312024,"ASV_988","no_hit","Ciliophora","unknown","unknown","unknown","Cryptocaryon","s_"
"971","ASV_989",0.00682502508744613,0.0181748472355337,-0.00381173826461662,"ASV_989","no_hit","Dinophyceae","Dinophyceae","Syndiniales","Syndiniaceae","g_","s_"
"972","ASV_990",0.00361508418201042,0.00848888678776196,0.00108557323006328,"ASV_990","no_hit","Dinophyceae","Dinophyceae","no_hit","no_hit","no_hit","no_hit"
"973","ASV_991",-0.00363041910742257,0.00455565827530172,-0.001749868392661,"ASV_991","no_hit","no_hit","no_hit","no_hit","no_hit","g_","s_"
"974","ASV_992",-0.00228346585506597,0.0244287394095348,0.00957120554816676,"ASV_992","no_hit","no_hit","no_hit","no_hit","no_hit","no_hit","no_hit"
"975","ASV_993",-0.0110221974181173,-0.00502594869842302,-0.0148117119334018,"ASV_993","no_hit","Dinophyceae","Dinophyceae","Syndiniales","Amoebophryaceae","Amoebophrya","s_"
"976","ASV_994",-0.00740720899408892,0.00594038980649754,-0.000444995635785443,"ASV_994","no_hit","Dinophyceae","Dinophyceae","no_hit","no_hit","no_hit","no_hit"
"977","ASV_995",-0.00130318374285561,0.026731330930334,0.0108582402155665,"ASV_995","no_hit","Euglenozoa","unknown","Diplonemea","unknown","unknown","s_"
"978","ASV_996",0.00711886889338282,0.00615371954145104,-0.0033124684226476,"ASV_996","no_hit","Dinophyceae","Dinophyceae","Syndiniales","no_hit","no_hit","s_"
"979","ASV_997",0.00776366882041772,0.0118473318685186,0.00124908174676706,"ASV_997","no_hit","Dinophyceae","Dinophyceae","Syndiniales","Syndiniaceae","g_","s_"
"980","ASV_998",-0.00502623383634142,-0.000820265790474116,0.000851948173523702,"ASV_998","Metazoa","Annelida","Polychaeta","Terebellida","Terebellidae","no_hit","no_hit"
"981","ASV_999",-0.00231907424090286,0.0108493053568988,0.00108164120390441,"ASV_999","no_hit","Imbricatea","unknown","Thaumatomonadida","Thaumatomastigidae","Protaspis","no_hit"
"982","ASV_1000",0.015784160943014,0.0192976660257756,0.0017122797135684,"ASV_1000","no_hit","Dinophyceae","Dinophyceae","Syndiniales","no_hit","no_hit","no_hit"
"983","ASV_1001",0.00995307729798052,0.0174332138156202,0.00468821146785488,"ASV_1001","no_hit","Dinophyceae","Dinophyceae","Syndiniales","Syndiniaceae","g_","s_"
"984","ASV_1002",0.00148013584006399,-0.000948483379790326,0.00312564957297542,"ASV_1002","no_hit","Ciliophora","Spirotrichea","Tintinnida","Codonellidae","Tintinnopsis","no_hit"
"985","ASV_1003",-0.0191229545124595,-0.00968505085290391,-0.00457489119520523,"ASV_1003","no_hit","Dinophyceae","Dinophyceae","Peridiniales","Protoperidiniaceae","Protoperidinium","Protoperidinium depressum"
"986","ASV_1004",0.00613320182717735,-0.00679276128022159,-0.0213931669630939,"ASV_1004","no_hit","unknown","unknown","unknown","unknown","g_","s_"
"987","ASV_1005",-0.000295368215152888,0.00104546318092332,0.000334202845672072,"ASV_1005","no_hit","Ciliophora","Spirotrichea","unknown","Strombidiidae","Strombidium","Strombidium sp. JG-2011a"
"988","ASV_1006",0.000750364502332652,0.00121592671246245,-0.00352691681070989,"ASV_1006","no_hit","Euglenozoa","unknown","Diplonemea","Hemistasiidae","g_","s_"
"989","ASV_1007",-0.0039965279041122,0.00155850898742299,-0.0147902266762126,"ASV_1007","no_hit","unknown","Bolidophyceae","Parmales","Triparmaceae","Triparma","Triparma pacifica"
"990","ASV_1008",0.0117663936646709,0.011550566795609,-0.00382312152057445,"ASV_1008","no_hit","unknown","unknown","unknown","unknown","g_","s_"
"991","ASV_1009",0.00524364296356886,0.0183945412247532,0.00450881276596534,"ASV_1009","no_hit","Euglenozoa","unknown","Diplonemea","unknown","unknown","Diplonemida sp. 3 RG-2016"
"992","ASV_1010",-0.0100655134463363,-0.00671140173890261,-0.0247363377447524,"ASV_1010","no_hit","unknown","unknown","unknown","unknown","g_","s_"
"993","ASV_1011",0.00502843205196715,0.0205499131144427,0.00576883342480549,"ASV_1011","no_hit","unknown","unknown","unknown","unknown","unknown","Uncultured marine alveolate Group I DH148-EKD22"
"994","ASV_1012",0.000139798022797438,-0.00201239394660326,0.00573663784662939,"ASV_1012","no_hit","Dinophyceae","Dinophyceae","Peridiniales","Protoperidiniaceae","Protoperidinium","Protoperidinium divergens"
"995","ASV_1013",0.0120094261608375,0.00261898377785299,-0.0132154383159165,"ASV_1013","no_hit","Dinophyceae","Dinophyceae","Syndiniales","Amoebophryaceae","Amoebophrya","no_hit"
"996","ASV_1014",-0.00587723678895662,0.0105321780517349,-0.0187701958048648,"ASV_1014","no_hit","Dinophyceae","Dinophyceae","no_hit","no_hit","no_hit","no_hit"
"997","ASV_1015",-0.0123816770017869,-0.00955290437950081,-0.0199909254370738,"ASV_1015","no_hit","Dinophyceae","Dinophyceae","Syndiniales","no_hit","no_hit","no_hit"
"998","ASV_1016",-0.00746277514606286,0.011935278009982,-0.0189613364878033,"ASV_1016","no_hit","Cercozoa","Thecofilosea","unknown","unknown","g_","s_"
"999","ASV_1017",-0.000967581293247871,0.0188992363758886,0.00710092712029457,"ASV_1017","no_hit","unknown","Polycystinea","no_hit","no_hit","no_hit","no_hit"
"1000","ASV_1018",0.0139386276180119,0.0183899236541801,0.0016559061141509,"ASV_1018","no_hit","Euglenozoa","unknown","Diplonemea","no_hit","g_","s_"
"1001","ASV_1019",0.0106286892600773,0.0070806089213498,-0.00208648544024269,"ASV_1019","no_hit","no_hit","no_hit","no_hit","no_hit","g_","s_"
"1002","ASV_1020",0.00556274430379426,0.0172319496717519,0.00415634510819133,"ASV_1020","no_hit","Ciliophora","Oligohymenophorea","Philasterida","Loxocephalidae","g_","s_"
"1003","ASV_1021",-0.0180293239342056,-0.0146128866072979,-0.000359972943036704,"ASV_1021","no_hit","unknown","unknown","unknown","unknown","g_","s_"
"1004","ASV_1022",0.00997857984622613,0.00836656976040839,-0.00334650667811265,"ASV_1022","no_hit","unknown","unknown","unknown","unknown","unknown","uncultured marine picoeukaryote"
"1005","ASV_1023",-0.000126326751587554,0.00573613864654976,-0.00788256028290252,"ASV_1023","no_hit","Bacillariophyta","Coscinodiscophyceae","Rhizosoleniales","Rhizosoleniaceae","Guinardia","Guinardia striata"
"1006","ASV_1024",0.00327763132535539,0.00685264463323584,-0.00160209129588573,"ASV_1024","no_hit","unknown","unknown","unknown","unknown","g_","s_"
"1007","ASV_1025",0.00182740192669133,0.0283083978582265,0.0103047840382352,"ASV_1025","no_hit","Euglenozoa","unknown","Diplonemea","unknown","unknown","s_"
"1008","ASV_1026",-0.00457352609126232,0.00279990937520573,-0.0056279288369517,"ASV_1026","no_hit","Dinophyceae","Dinophyceae","Peridiniales","Protoperidiniaceae","Protoperidinium","Protoperidinium conicum"
"1009","ASV_1027",0.0109673042648623,0.00563101629075381,0.000980506800480262,"ASV_1027","no_hit","Dinophyceae","Dinophyceae","Syndiniales","no_hit","no_hit","no_hit"
"1010","ASV_1028",0.000869304422684125,-0.00158723290119464,0.001683257831068,"ASV_1028","no_hit","Ciliophora","Spirotrichea","Tintinnida","no_hit","no_hit","no_hit"
"1011","ASV_1029",0.010049787238492,0.0035688116908255,-0.00345653406406043,"ASV_1029","no_hit","Dinophyceae","Dinophyceae","Blastodiniales","unknown","g_","s_"
"1012","ASV_1030",0.00288832969413823,0.0220475980884428,0.00576981141455874,"ASV_1030","no_hit","Euglenozoa","unknown","Diplonemea","unknown","unknown","s_"
"1013","ASV_1031",-0.000182603760276506,0.0177750860476027,0.00727254770550636,"ASV_1031","no_hit","Euglenozoa","unknown","Diplonemea","unknown","g_","s_"
"1014","ASV_1032",0.00387562087895871,0.0239861061657337,0.00726669995165925,"ASV_1032","no_hit","no_hit","no_hit","no_hit","no_hit","no_hit","no_hit"
"1015","ASV_1033",0.0113331659546872,0.0154476875761522,-0.00480760969338681,"ASV_1033","no_hit","unknown","unknown","unknown","unknown","g_","s_"
"1016","ASV_1034",0.00118055458901822,0.0107152576126448,0.0044691735618737,"ASV_1034","no_hit","no_hit","no_hit","no_hit","no_hit","no_hit","no_hit"
"1017","ASV_1035",0.000533933502935336,0.0116066793585258,0.00525775379053448,"ASV_1035","unassigned","unassigned","unassigned","unassigned","unassigned","unassigned","s_"
"1018","ASV_1036",0.00230720525527879,0.00686575552542406,-0.0192414046833168,"ASV_1036","no_hit","no_hit","no_hit","no_hit","no_hit","no_hit","no_hit"
"1019","ASV_1037",0.00220786133303645,-0.00140879333965256,-0.0073652912625601,"ASV_1037","no_hit","no_hit","no_hit","no_hit","no_hit","g_","s_"
"1020","ASV_1038",0.00462863756363974,0.00716780524397938,0.00261340888117219,"ASV_1038","Metazoa","Arthropoda","Hexanauplia","Calanoida","Clausocalanidae","Clausocalanus","no_hit"
"1021","ASV_1039",0.00715228621635176,0.0205177832404407,0.00400822746949373,"ASV_1039","no_hit","no_hit","no_hit","no_hit","no_hit","no_hit","no_hit"
"1022","ASV_1040",-9.46724390306227e-05,-0.00144217008821935,0.000243959063288443,"ASV_1040","no_hit","unknown","Bigyra","Oblongichytrida","unknown","Oblongichytrium","s_"
"1023","ASV_1041",-0.00197038488009036,0.0209384691936553,0.00897241006509888,"ASV_1041","no_hit","Euglenozoa","unknown","Diplonemea","unknown","unknown","s_"
"1024","ASV_1042",-0.00282361326655476,0.00342169023835059,-0.0030473809285066,"ASV_1042","no_hit","Ciliophora","Spirotrichea","Choreotrichida","Strombidinopsidae","g_","s_"
"1025","ASV_1043",0.00396950881353629,0.0176907441623353,0.00468072338369781,"ASV_1043","no_hit","unknown","unknown","unknown","unknown","g_","s_"
"1026","ASV_1044",-0.00354247695294276,0.00812863624039763,-0.00105028156527254,"ASV_1044","no_hit","Dinophyceae","Dinophyceae","Peridiniales","Protoperidiniaceae","Protoperidinium","Protoperidinium monovelum"
"1027","ASV_1045",0.00271061484443647,0.0181650128612118,0.00654482516710708,"ASV_1045","no_hit","Dinophyceae","Dinophyceae","Syndiniales","no_hit","no_hit","no_hit"
"1028","ASV_1047",-0.00939016865598781,-0.00799991008572638,0.000854388160205095,"ASV_1047","Metazoa","Annelida","Polychaeta","Terebellida","Terebellidae","no_hit","no_hit"
"1029","ASV_1048",0.00498748605898215,-0.00147713301977029,0.00237074046106906,"ASV_1048","no_hit","Dinophyceae","Dinophyceae","Gonyaulacales","Ceratiaceae","Tripos","s_"
"1030","ASV_1049",-0.00863945181052154,-0.00531846756193652,-0.00504747416222355,"ASV_1049","no_hit","unknown","unknown","unknown","unknown","unknown","s_"
"1031","ASV_1050",0.00549012442871581,0.0221912611457171,0.0055142410298133,"ASV_1050","no_hit","unknown","unknown","unknown","unknown","unknown","s_"
"1032","ASV_1051",0.00238789318381039,2.06608907400136e-06,0.00744600202240741,"ASV_1051","no_hit","no_hit","no_hit","no_hit","no_hit","g_","s_"
"1033","ASV_1052",0.00155136332917841,4.86044579855424e-05,0.00398607274683399,"ASV_1052","no_hit","Ciliophora","Spirotrichea","Choreotrichida","Strombidinopsidae","Strombidinopsis","Strombidinopsis sp. NSMS0601"
"1034","ASV_1053",0.0122617618139439,-1.91766302325838e-05,-0.00380188629593156,"ASV_1053","no_hit","unknown","unknown","unknown","unknown","unknown","uncultured marine eukaryote"
"1035","ASV_1054",-0.00410058150742479,0.000468396331609305,-0.00549944983966159,"ASV_1054","no_hit","Dinophyceae","Dinophyceae","Dinophysiales","Dinophysiaceae","Dinophysis","Dinophysis acuminata"
"1036","ASV_1055",-0.00459250906417755,0.00720734339054279,-0.000191168249198024,"ASV_1055","Viridiplantae","Chlorophyta","no_hit","no_hit","no_hit","g_","s_"
"1037","ASV_1056",0.0122275983282635,0.00371383027149396,-0.00755107885679012,"ASV_1056","no_hit","unknown","unknown","Telonemida","unknown","g_","s_"
"1038","ASV_1057",-0.00166887221024884,-0.000234005510384395,0.000910389138086877,"ASV_1057","no_hit","no_hit","no_hit","no_hit","no_hit","no_hit","no_hit"
"1039","ASV_1059",0.0137826321732577,0.00752293683035139,-0.00278856986346923,"ASV_1059","no_hit","Euglenozoa","unknown","Diplonemea","unknown","unknown","Diplonemida sp. 21 RG-2016"
"1040","ASV_1060",0.00214408336870966,-0.00180754706540057,0.0042376047911302,"ASV_1060","Metazoa","Arthropoda","Hexanauplia","Harpacticoida","Ectinosomatidae","Microsetella","Microsetella norvegica"
"1041","ASV_1061",-0.0097667999144336,-0.0130461794225729,-0.0036423158392644,"ASV_1061","no_hit","unknown","Bolidophyceae","Parmales","Triparmaceae","g_","s_"
"1042","ASV_1062",0.00226587718281842,0.00960076320576988,-0.0130912901616398,"ASV_1062","Viridiplantae","Chlorophyta","Pyramimonadophyceae","Pyramimonadales","Pyramimonadaceae","Pterosperma","Pterosperma cristatum"
"1043","ASV_1063",0.000593036127649144,0.00677882343998616,-0.0201380340750022,"ASV_1063","no_hit","no_hit","no_hit","no_hit","no_hit","no_hit","no_hit"
"1044","ASV_1064",-0.000969468888192535,-0.000550576990066943,-0.00207363292599711,"ASV_1064","no_hit","Imbricatea","unknown","Thaumatomonadida","Thaumatomastigidae","Protaspis","s_"
"1045","ASV_1065",0.00360170445976584,0.00986841907445979,0.00291286207261547,"ASV_1065","no_hit","Euglenozoa","unknown","Diplonemea","unknown","g_","s_"
"1046","ASV_1066",-0.0120978878166433,-0.00411756340741092,-0.011588159907189,"ASV_1066","no_hit","Dinophyceae","Dinophyceae","no_hit","no_hit","no_hit","no_hit"
"1047","ASV_1067",0.00473540446349503,-0.00826109490263371,0.00305719834545956,"ASV_1067","no_hit","Dinophyceae","Dinophyceae","Syndiniales","no_hit","no_hit","no_hit"
"1048","ASV_1068",-0.000505160172408793,-0.0117476312398195,-0.00852141889320147,"ASV_1068","no_hit","unknown","unknown","unknown","unknown","unknown","uncultured marine picoeukaryote"
"1049","ASV_1069",-0.00805943167107057,0.00537164144227507,0.00345502594470901,"ASV_1069","no_hit","Dinophyceae","Dinophyceae","no_hit","no_hit","no_hit","no_hit"
"1050","ASV_1070",-0.000255074390118603,-0.000460146447017556,0.000643805946556969,"ASV_1070","Metazoa","Annelida","Polychaeta","Spionida","Spionidae","no_hit","no_hit"
"1051","ASV_1071",0.000588144599781532,0.017555969691156,0.00640499026135368,"ASV_1071","no_hit","Dinophyceae","Dinophyceae","Syndiniales","Duboscquellidae","g_","s_"
"1052","ASV_1072",0.00430129241063919,0.0183504396607084,0.0029347766339636,"ASV_1072","no_hit","unknown","unknown","unknown","unknown","g_","s_"
"1053","ASV_1073",0.000401023006529564,0.0181764942095964,0.00792900438390928,"ASV_1073","no_hit","no_hit","no_hit","no_hit","no_hit","no_hit","no_hit"
"1054","ASV_1074",0.00475510158491676,-0.00238803038416332,0.00712666789571803,"ASV_1074","no_hit","unknown","unknown","Pirsoniales","unknown","g_","s_"
"1055","ASV_1075",0.00824550527925073,0.0135594473368777,0.000136967533055315,"ASV_1075","no_hit","unknown","unknown","unknown","unknown","unknown","uncultured marine eukaryote"
"1056","ASV_1076",-0.0122713495062188,-0.0105000438960264,0.000710127763377547,"ASV_1076","Metazoa","Cnidaria","Anthozoa","Ceriantharia","Cerianthidae","Pachycerianthus","Pachycerianthus fimbriatus"
"1057","ASV_1077",-0.00863860830357399,0.0057130031688814,-0.0134138694187843,"ASV_1077","no_hit","Dinophyceae","Dinophyceae","no_hit","no_hit","no_hit","no_hit"
"1058","ASV_1078",0.0026923158610949,-0.000869646167077685,-0.00107647092617068,"ASV_1078","no_hit","Dinophyceae","Dinophyceae","Syndiniales","Ellobiopsidae","Ellobiopsis","s_"
"1059","ASV_1079",0.0028997004975272,0.0181442886097124,0.00592699825331365,"ASV_1079","no_hit","Euglenozoa","unknown","Diplonemea","no_hit","no_hit","no_hit"
"1060","ASV_1080",0.00921857430888617,0.00193490197913099,-0.0053867404080579,"ASV_1080","no_hit","Euglenozoa","unknown","Diplonemea","unknown","unknown","Diplonemida sp. 21sb RG-2016"
"1061","ASV_1081",-0.00946671695310346,0.00284625846302942,-0.00845382961608731,"ASV_1081","no_hit","Dinophyceae","Dinophyceae","Dinophysiales","Dinophysiaceae","Dinophysis","s_"
"1062","ASV_1082",-0.0026376917763939,0.0102663261232563,-0.00950698761869837,"ASV_1082","no_hit","unknown","unknown","unknown","unknown","unknown","uncultured marine eukaryote"
"1063","ASV_1083",-0.00275455662852976,0.00299688904357344,0.00353254392533512,"ASV_1083","Metazoa","Ctenophora","Nuda","Beroida","Beroidae","Beroe","Beroe abyssicola"
"1064","ASV_1084",-0.00889003425132979,0.00631161284511639,-0.0105227838510887,"ASV_1084","no_hit","Dinophyceae","Dinophyceae","Gymnodiniales","Amphilothaceae","Achradina","Achradina pulchra"
"1065","ASV_1085",-0.00294967864229564,-0.000847296692347327,-0.00508066710281147,"ASV_1085","no_hit","Bacillariophyta","Coscinodiscophyceae","Thalassiosirales","Thalassiosiraceae","Thalassiosira","no_hit"
"1066","ASV_1086",0.007791624991529,0.000610895314905412,-0.00629973123028958,"ASV_1086","no_hit","unknown","Choanoflagellata","Acanthoecida","Stephanoecidae","g_","s_"
"1067","ASV_1087",0.00264290731812555,0.0170464643960479,-0.00414362106087701,"ASV_1087","no_hit","Dinophyceae","Dinophyceae","Gymnodiniales","Gymnodiniaceae","Gymnodinium","s_"
"1068","ASV_1088",0.00696043477040538,0.00790739049738303,0.000811946751964796,"ASV_1088","no_hit","no_hit","no_hit","no_hit","no_hit","g_","s_"
"1069","ASV_1089",-0.00395404436869853,0.0106129731124722,-0.0067469536327322,"ASV_1089","no_hit","no_hit","no_hit","no_hit","no_hit","g_","s_"
"1070","ASV_1090",0.00267496372333104,-0.00289382519146723,0.00408201737119649,"ASV_1090","no_hit","Bacillariophyta","Coscinodiscophyceae","Chaetocerotales","Chaetocerotaceae","g_","s_"
"1071","ASV_1091",0.009419643464107,0.0217390041900552,0.00489157036906553,"ASV_1091","no_hit","Dinophyceae","Dinophyceae","Syndiniales","Amoebophryaceae","g_","s_"
"1072","ASV_1092",0.00325515244066147,0.00845634834483546,0.000549210736594756,"ASV_1092","no_hit","Dinophyceae","Dinophyceae","Syndiniales","no_hit","no_hit","no_hit"
"1073","ASV_1093",-0.00205197440292078,-0.000918619750708719,-0.00391598533471264,"ASV_1093","no_hit","Bacillariophyta","Coscinodiscophyceae","Thalassiosirales","Thalassiosiraceae","Thalassiosira","no_hit"
"1074","ASV_1094",0.00979676488433042,0.0121070213693346,-0.00590169769939598,"ASV_1094","no_hit","no_hit","no_hit","no_hit","no_hit","no_hit","no_hit"
"1075","ASV_1095",0.00662568167282805,0.00657836483761019,-0.000620377464601948,"ASV_1095","no_hit","Euglenozoa","unknown","Diplonemea","unknown","g_","s_"
"1076","ASV_1096",-0.00350061312548608,0.0159204972881694,0.00787259835595402,"ASV_1096","no_hit","Euglenozoa","unknown","Diplonemea","unknown","g_","s_"
"1077","ASV_1097",-0.00966822279955506,0.00806155964813078,-0.00846157485618448,"ASV_1097","no_hit","Dinophyceae","Dinophyceae","no_hit","no_hit","no_hit","no_hit"
"1078","ASV_1098",0.0046452729343787,0.0109489203281967,0.00249235923770817,"ASV_1098","Metazoa","Annelida","Polychaeta","Terebellida","Ampharetidae","Ampharete","no_hit"
"1079","ASV_1099",-0.00154672298347626,-0.00278084033185329,-0.000105946746049507,"ASV_1099","Metazoa","Annelida","Polychaeta","unknown","Paraonidae","Aricidea","no_hit"
"1080","ASV_1100",-0.00329587372002596,0.00847925903642709,-0.0107271135685243,"ASV_1100","no_hit","Bacillariophyta","Bacillariophyceae","Naviculales","Pleurosigmataceae","Pleurosigma","no_hit"
"1081","ASV_1101",0.012893321808391,0.0116704783272867,0.000821147845749323,"ASV_1101","no_hit","unknown","Bigyra","Bicosoecida","Cafeteriaceae","Pseudobodo","no_hit"
"1082","ASV_1102",-0.00303143339610026,0.00107110616863233,0.00598318046192276,"ASV_1102","no_hit","no_hit","no_hit","no_hit","no_hit","g_","s_"
"1083","ASV_1103",0.00296219742058718,-0.00309929230749844,0.0031687202946981,"ASV_1103","no_hit","no_hit","no_hit","no_hit","no_hit","g_","s_"
"1084","ASV_1104",0.00700557335342342,0.00693903328982402,0.000952174781135601,"ASV_1104","no_hit","Dinophyceae","Dinophyceae","Syndiniales","Amoebophryaceae","g_","s_"
"1085","ASV_1105",0.00523223181996607,0.0142818865926208,-0.00805231550111108,"ASV_1105","no_hit","unknown","Cryptophyceae","Kathablepharidacea","Katablepharidaceae","Katablepharis","Katablepharis japonica"
"1086","ASV_1106",-0.00211974510716115,-0.00107489135053702,-0.00395883136907702,"ASV_1106","no_hit","Dinophyceae","Dinophyceae","Syndiniales","Amoebophryaceae","g_","s_"
"1087","ASV_1107",0.0127964675720204,0.0154214833678817,0.000402434450182788,"ASV_1107","no_hit","unknown","Polycystinea","Spumellaria","no_hit","no_hit","no_hit"
"1088","ASV_1108",0.00105963001199726,0.0148682106637236,0.00470231998703781,"ASV_1108","no_hit","no_hit","no_hit","no_hit","no_hit","g_","s_"
"1089","ASV_1109",0.00202453966578095,-0.00260843675532106,0.00471402551054648,"ASV_1109","Metazoa","Arthropoda","Hexanauplia","Harpacticoida","Ameiridae","g_","s_"
"1090","ASV_1110",0.00857283944086877,0.0138465712304211,0.00350674426998293,"ASV_1110","no_hit","Dinophyceae","Dinophyceae","Syndiniales","Ellobiopsidae","Thalassomyces","Thalassomyces sp. JDS-2003"
"1091","ASV_1111",0.0126667008685423,0.000610872586261642,-0.005021306012136,"ASV_1111","no_hit","Dinophyceae","Dinophyceae","Peridiniales","Peridiniaceae","g_","s_"
"1092","ASV_1112",-0.00337165373410521,0.00984366965667693,0.00405002003926785,"ASV_1112","no_hit","no_hit","no_hit","no_hit","no_hit","g_","s_"
"1093","ASV_1113",0.00229975234672959,0.0103100423890969,0.00326345442605489,"ASV_1113","Metazoa","Cnidaria","Hydrozoa","Siphonophorae","no_hit","no_hit","no_hit"
"1094","ASV_1114",-0.00261037570657143,-0.00257550705098577,0.000279548035676813,"ASV_1114","Metazoa","Annelida","Polychaeta","unknown","Paraonidae","Paraonis","Paraonis sp. THS-2006"
"1095","ASV_1115",8.99501918821572e-05,-0.00162873509763982,-0.0111314287456878,"ASV_1115","no_hit","Dinophyceae","Dinophyceae","Syndiniales","Amoebophryaceae","Amoebophrya","s_"
"1096","ASV_1116",0.00981530336117527,0.0170451441119357,-0.00015909459672688,"ASV_1116","no_hit","Dinophyceae","Dinophyceae","Syndiniales","Amoebophryaceae","g_","s_"
"1097","ASV_1117",-0.00373344362083045,-0.00322020411628612,0.00188453897531089,"ASV_1117","Metazoa","Platyhelminthes","Trematoda","Strigeidida","Aporocotylidae","Aporocotyle","Aporocotyle spinosicanalis"
"1098","ASV_1118",-0.000350088997943078,0.00683003346532918,0.00394876938502512,"ASV_1118","no_hit","Ciliophora","Oligohymenophorea","no_hit","no_hit","g_","s_"
"1099","ASV_1119",0.000539575198538517,0.0134972556910083,0.0060159477945556,"ASV_1119","no_hit","Euglenozoa","unknown","Diplonemea","unknown","g_","s_"
"1100","ASV_1120",0.00109081857315857,0.0072053599238887,0.00243358082246052,"ASV_1120","no_hit","Euglenozoa","unknown","Diplonemea","unknown","unknown","Diplonemida sp. 13 RG-2016"
"1101","ASV_1121",0.000234299180882658,0.0220013908655677,0.00863191732699555,"ASV_1121","Metazoa","Cnidaria","Hydrozoa","Siphonophorae","Clausophyidae","Chuniphyes","no_hit"
"1102","ASV_1122",0.000549470382661682,0.00363375463783861,-0.0192512815062535,"ASV_1122","no_hit","Haptophyta","unknown","Prymnesiales","Chrysochromulinaceae","Chrysochromulina","Chrysochromulina scutellum"
"1103","ASV_1123",-3.39467009595155e-05,0.00108092153692592,-0.00176125466501104,"ASV_1123","unassigned","unassigned","unassigned","unassigned","unassigned","unassigned","s_"
"1104","ASV_1124",-0.00183387469431653,-0.000159489082676562,-0.00266256028098141,"ASV_1124","Viridiplantae","Chlorophyta","Pyramimonadophyceae","Pyramimonadales","Pyramimonadaceae","Pyramimonas","no_hit"
"1105","ASV_1125",0.00173969726846831,0.00363994333482909,-0.0150668091776179,"ASV_1125","no_hit","Dinophyceae","Dinophyceae","Blastodiniales","unknown","g_","s_"
"1106","ASV_1126",-0.00550024273489088,-0.00409600749522247,-0.00269358768957468,"ASV_1126","no_hit","Dinophyceae","Dinophyceae","Syndiniales","Amoebophryaceae","g_","s_"
"1107","ASV_1127",0.00208663024818656,-0.0082450693538149,-0.00494822165205167,"ASV_1127","no_hit","Bacillariophyta","Coscinodiscophyceae","Leptocylindrales","Leptocylindraceae","Leptocylindrus","s_"
"1108","ASV_1128",0.00750615726355597,0.000201688653922986,-0.00980189062982345,"ASV_1128","no_hit","Dinophyceae","Dinophyceae","Gymnodiniales","no_hit","no_hit","no_hit"
"1109","ASV_1129",-0.00550660558256528,-0.00931441893391548,-0.00199373489959435,"ASV_1129","Metazoa","Annelida","Polychaeta","Phyllodocida","Nephtyidae","no_hit","no_hit"
"1110","ASV_1130",-0.00111741059841268,0.00659238009659806,-0.00481192645488891,"ASV_1130","no_hit","unknown","Cryptophyceae","no_hit","no_hit","no_hit","s_"
"1111","ASV_1131",0.0153435730190385,0.011264297658243,-0.0103736804765946,"ASV_1131","no_hit","unknown","unknown","unknown","unknown","unknown","uncultured marine eukaryote"
"1112","ASV_1132",-0.00552873920256554,0.000903283043375624,-0.00584457143728637,"ASV_1132","no_hit","no_hit","no_hit","no_hit","no_hit","g_","s_"
"1113","ASV_1133",0.001960119726354,0.00445283407482212,0.00117970147566214,"ASV_1133","Metazoa","Ctenophora","Tentaculata","no_hit","no_hit","no_hit","no_hit"
"1114","ASV_1134",0.00653680445845376,0.0045626710076667,-0.0104218028714179,"ASV_1134","no_hit","Haptophyta","unknown","Prymnesiales","Prymnesiaceae","no_hit","no_hit"
"1115","ASV_1135",-0.00665806245896854,0.00116030777716906,-0.00910181186503371,"ASV_1135","no_hit","Dinophyceae","Dinophyceae","Gymnodiniales","Gymnodiniaceae","Polykrikos","Polykrikos sp. EP-2016a"
"1116","ASV_1136",-0.00921106750229901,0.0105141515312533,-0.0124437404592124,"ASV_1136","no_hit","no_hit","no_hit","no_hit","no_hit","no_hit","no_hit"
"1117","ASV_1137",0.00156014406951581,0.0215807814602107,0.00667827817169878,"ASV_1137","no_hit","Dinophyceae","Dinophyceae","Gymnodiniales","Kareniaceae","g_","s_"
"1118","ASV_1138",0.00940192731665768,0.00582116381251643,-0.000740030209360537,"ASV_1138","no_hit","Dinophyceae","Dinophyceae","Peridiniales","Peridiniaceae","g_","s_"
"1119","ASV_1139",0.00253566758362187,-0.00290524074365942,0.00489561632181248,"ASV_1139","no_hit","Dinophyceae","Dinophyceae","Syndiniales","Amoebophryaceae","Amoebophrya","no_hit"
"1120","ASV_1140",-0.000303238485791237,0.00179611912614779,-0.0145032642420453,"ASV_1140","no_hit","unknown","unknown","unknown","unknown","g_","s_"
"1121","ASV_1141",0.00427519032235564,-0.00475578190510116,0.0054143598798938,"ASV_1141","no_hit","Bacillariophyta","Coscinodiscophyceae","Thalassiosirales","Thalassiosiraceae","Thalassiosira","no_hit"
"1122","ASV_1142",0.00647841323052651,0.0127595428630085,0.00199618317780295,"ASV_1142","no_hit","Euglenozoa","unknown","Diplonemea","unknown","unknown","Diplonemida sp. 1sb RG-2016"
"1123","ASV_1143",-0.00159066934103696,0.000891448917456484,-0.00131356198968364,"ASV_1143","no_hit","Ciliophora","Spirotrichea","no_hit","no_hit","no_hit","no_hit"
"1124","ASV_1144",0.00131780851803803,0.00716495887034099,-0.00688773746532205,"ASV_1144","no_hit","no_hit","no_hit","no_hit","no_hit","no_hit","no_hit"
"1125","ASV_1145",0.00121996867706308,-0.0085254016239583,-0.0106970163402538,"ASV_1145","no_hit","unknown","Cryptophyceae","Pyrenomonadales","Geminigeraceae","Proteomonas","no_hit"
"1126","ASV_1146",0.00662842902586422,-0.00322649924907613,0.00176655016867061,"ASV_1146","no_hit","Bacillariophyta","Coscinodiscophyceae","Coscinodiscales","Hemidiscaceae","Actinocyclus","Actinocyclus curvatulus"
"1127","ASV_1147",0.00933799502751685,-0.000741897320343958,-0.00863866288743463,"ASV_1147","no_hit","no_hit","no_hit","no_hit","no_hit","no_hit","no_hit"
"1128","ASV_1148",0.00478192034224871,0.00748181599458776,-0.0101333241048324,"ASV_1148","no_hit","unknown","unknown","unknown","unknown","g_","s_"
"1129","ASV_1149",-0.00567492379988247,0.00165131046784693,-0.0053645960381739,"ASV_1149","no_hit","Ciliophora","Prostomatea","Prorodontida","Urotrichidae","Urotricha","s_"
"1130","ASV_1151",-0.00238162237289953,0.000820931428434018,-0.00377186248007182,"ASV_1151","no_hit","Dinophyceae","Dinophyceae","no_hit","no_hit","no_hit","no_hit"
"1131","ASV_1152",0.0105382211326072,0.00486140107426697,-0.0030809840462401,"ASV_1152","no_hit","unknown","unknown","unknown","unknown","g_","s_"
"1132","ASV_1153",0.0115382048030122,0.005086698994711,-0.00718104441329138,"ASV_1153","no_hit","Dinophyceae","Dinophyceae","Syndiniales","Duboscquellidae","Duboscquella","no_hit"
"1133","ASV_1154",0.00296511812897115,0.00123469920154266,-0.0140909646844197,"ASV_1154","no_hit","Dinophyceae","Dinophyceae","Gymnodiniales","Gymnodiniaceae","g_","s_"
"1134","ASV_1155",0.0089568504379502,-0.000265655312697753,-0.00294344963382312,"ASV_1155","no_hit","unknown","unknown","unknown","unknown","g_","s_"
"1135","ASV_1156",0.00563946719194622,0.0143214662660127,-0.010299991620564,"ASV_1156","no_hit","Haptophyta","unknown","Prymnesiales","Chrysochromulinaceae","Chrysochromulina","Chrysochromulina strobilus"
"1136","ASV_1157",-0.0064247189476576,0.0067474737451516,-0.0180990215514082,"ASV_1157","no_hit","Dinophyceae","Dinophyceae","Syndiniales","no_hit","no_hit","no_hit"
"1137","ASV_1158",0.00533884936226015,-0.00453138036248629,0.00155698129628554,"ASV_1158","no_hit","Cercozoa","Thecofilosea","Cryomonadida","Protaspidae","Cryothecomonas","s_"
"1138","ASV_1159",-0.00201783703625153,0.0232075764254665,0.00999951588935421,"ASV_1159","no_hit","Dinophyceae","Dinophyceae","Gymnodiniales","Kareniaceae","g_","s_"
"1139","ASV_1160",0.0144234872174953,0.00648397340443945,0.00406080761061784,"ASV_1160","no_hit","Dinophyceae","Dinophyceae","Syndiniales","Amoebophryaceae","g_","s_"
"1140","ASV_1161",-0.00326000104078255,0.00368076489098924,-0.0109729998082843,"ASV_1161","no_hit","Cercozoa","no_hit","no_hit","no_hit","no_hit","no_hit"
"1141","ASV_1162",0.00778592782330549,0.011976101191016,0.00188221485294615,"ASV_1162","no_hit","Euglenozoa","unknown","Diplonemea","unknown","unknown","s_"
"1142","ASV_1163",-0.000626959937128583,-0.00146855510849196,-0.00436761828885075,"ASV_1163","no_hit","Dinophyceae","Dinophyceae","Peridiniales","Protoperidiniaceae","Protoperidinium","Protoperidinium conicum"
"1143","ASV_1164",0.00165831340359093,0.00483940880818831,-0.00232382869926045,"ASV_1164","no_hit","Dinophyceae","Dinophyceae","Syndiniales","Amoebophryaceae","g_","s_"
"1144","ASV_1165",0.0108051958034403,0.00244365518847642,-0.00793397649005018,"ASV_1165","no_hit","Dinophyceae","Dinophyceae","Peridiniales","Heterocapsaceae","Heterocapsa","no_hit"
"1145","ASV_1166",0.0106961313752959,0.000850925482573478,-0.00436868041128446,"ASV_1166","no_hit","Dinophyceae","Dinophyceae","no_hit","no_hit","no_hit","no_hit"
"1146","ASV_1167",0.00107622002173813,-0.00116527058465676,-0.00505105100901798,"ASV_1167","no_hit","Bacillariophyta","Mediophyceae","Biddulphiales","Biddulphiaceae","Biddulphia","Biddulphia sp. MACC 6"
"1147","ASV_1168",0.0125031428467401,0.0185388350456906,0.00251302467842513,"ASV_1168","no_hit","Euglenozoa","unknown","Diplonemea","unknown","g_","s_"
"1148","ASV_1169",0.00805507476654225,0.00537267442058647,-0.0212243649794396,"ASV_1169","no_hit","Dinophyceae","Dinophyceae","Prorocentrales","Prorocentraceae","g_","s_"
"1149","ASV_1170",0.00751601945739383,0.00562951475948383,-0.00105421065263554,"ASV_1170","no_hit","no_hit","no_hit","no_hit","no_hit","g_","s_"
"1150","ASV_1171",0.00606656834024299,0.00719609785509029,0.00059287266971554,"ASV_1171","no_hit","Dinophyceae","Dinophyceae","Syndiniales","no_hit","no_hit","s_"
"1151","ASV_1172",0.00154988294250203,0.0104101939721275,-0.0136960361598124,"ASV_1172","no_hit","Cercozoa","no_hit","no_hit","no_hit","no_hit","no_hit"
"1152","ASV_1173",0.00867361778027828,0.00477815139935512,-0.00730087286157896,"ASV_1173","no_hit","unknown","unknown","unknown","unknown","unknown","uncultured marine eukaryote"
"1153","ASV_1174",0.0087723951555756,0.00532961650115381,-0.0118944508558336,"ASV_1174","no_hit","Dinophyceae","Dinophyceae","no_hit","no_hit","no_hit","no_hit"
"1154","ASV_1175",0.00562951038130423,-0.00106292965874374,-0.0106506286146118,"ASV_1175","no_hit","Dinophyceae","Dinophyceae","Gymnodiniales","no_hit","no_hit","no_hit"
"1155","ASV_1176",0.00437496618897931,0.00131174753480377,-0.0203674194872934,"ASV_1176","no_hit","unknown","unknown","unknown","unknown","g_","s_"
"1156","ASV_1177",0.00943735688499426,0.00982610694197732,-0.00099731720128493,"ASV_1177","no_hit","unknown","unknown","unknown","unknown","unknown","uncultured marine eukaryote"
"1157","ASV_1178",-0.00293779553515145,0.00272770929122255,-0.00421977588964842,"ASV_1178","no_hit","Dinophyceae","Dinophyceae","Gymnodiniales","Gymnodiniaceae","Gymnodinium","no_hit"
"1158","ASV_1179",0.0103049506769293,0.00796249013365857,-0.00662147176532565,"ASV_1179","no_hit","Dinophyceae","Dinophyceae","Syndiniales","Amoebophryaceae","Amoebophrya","no_hit"
"1159","ASV_1180",-0.00203123446038504,0.00613795861019259,0.0058795095017416,"ASV_1180","no_hit","Dinophyceae","Dinophyceae","no_hit","no_hit","no_hit","no_hit"
"1160","ASV_1181",-0.0035634015604712,0.00167382023072227,-0.007024419761586,"ASV_1181","no_hit","Dinophyceae","Dinophyceae","Peridiniales","Protoperidiniaceae","Protoperidinium","no_hit"
"1161","ASV_1182",0.00569299161210562,0.0182110611674802,-0.0156716149323734,"ASV_1182","no_hit","unknown","unknown","unknown","unknown","unknown","uncultured marine picoeukaryote"
"1162","ASV_1183",0.000115416760213869,0.00911726230347627,0.000735327201899973,"ASV_1183","no_hit","unknown","unknown","unknown","unknown","g_","s_"
"1163","ASV_1184",0.00185751413365098,-0.00142341758811874,-0.0086400833406764,"ASV_1184","Metazoa","Arthropoda","Hexanauplia","Poecilostomatoida","Oncaeidae","Oncaea","no_hit"
"1164","ASV_1185",0.000129547609417054,-0.000607337693969538,-0.0102825980092376,"ASV_1185","no_hit","Imbricatea","unknown","Thaumatomonadida","Thaumatomastigidae","Protaspis","s_"
"1165","ASV_1186",-0.00329671381665476,-0.00275099587374911,-0.000114304880208424,"ASV_1186","no_hit","unknown","unknown","unknown","unknown","g_","s_"
"1166","ASV_1187",0.000342789061360923,0.0168234482070439,0.00732573863762049,"ASV_1187","no_hit","Euglenozoa","unknown","Diplonemea","unknown","g_","s_"
"1167","ASV_1188",0.00072455078588788,0.0131528691181047,0.00424337840929536,"ASV_1188","no_hit","Ciliophora","Oligohymenophorea","Philasterida","Cinetochilidae","g_","s_"
"1168","ASV_1189",-0.00593790332510102,-0.00287690951208895,-0.00192089090034377,"ASV_1189","no_hit","Dinophyceae","Dinophyceae","Syndiniales","Amoebophryaceae","Amoebophrya","s_"
"1169","ASV_1190",-0.000858183811303149,0.000373167196685512,-0.00692949039323777,"ASV_1190","no_hit","Haptophyta","unknown","Zygodiscales","Braarudosphaeraceae","Braarudosphaera","Braarudosphaera bigelowii"
"1170","ASV_1191",0.00731951340180184,0.00795176938376719,-0.00848884272798804,"ASV_1191","no_hit","unknown","Dictyochophyceae","Pedinellales","unknown","g_","s_"
"1171","ASV_1192",-0.00278133727630644,-0.0013701057622746,-0.00796486837235832,"ASV_1192","no_hit","no_hit","no_hit","no_hit","no_hit","g_","s_"
"1172","ASV_1193",-0.0119324414572248,0.00638584625601157,-0.0122214007206131,"ASV_1193","no_hit","Dinophyceae","Dinophyceae","no_hit","no_hit","no_hit","no_hit"
"1173","ASV_1194",0.00736215805949314,0.0246887807878804,0.00619510744380841,"ASV_1194","no_hit","Dinophyceae","Dinophyceae","Gymnodiniales","Gymnodiniaceae","g_","s_"
"1174","ASV_1195",0.00738229893583749,0.0014737620594614,-0.00154285526431654,"ASV_1195","no_hit","unknown","Ichthyosporea","Ichthyophonida","unknown","g_","s_"
"1175","ASV_1196",0.0112775219897723,0.00624485110589938,-0.00552252515841042,"ASV_1196","no_hit","unknown","unknown","unknown","unknown","unknown","uncultured marine eukaryote"
"1176","ASV_1197",-0.00577324115230911,0.00116008561911663,-0.00470041051127522,"ASV_1197","no_hit","Bacillariophyta","Bacillariophyceae","Bacillariales","Bacillariaceae","Pseudo-nitzschia","no_hit"
"1177","ASV_1198",-0.00241433027241516,0.00199215475858727,-0.00670822799807179,"ASV_1198","no_hit","Dinophyceae","Dinophyceae","Peridiniales","Protoperidiniaceae","Protoperidinium","s_"
"1178","ASV_1199",0.000978096770880423,-0.000960403830023151,0.001573667218731,"ASV_1199","no_hit","Dinophyceae","Dinophyceae","Gonyaulacales","Gonyaulacaceae","Gonyaulax","Gonyaulax spinifera"
"1179","ASV_1200",0.0132604802733705,0.00895729108712328,-0.00462269655975562,"ASV_1200","no_hit","Dinophyceae","Dinophyceae","Syndiniales","Amoebophryaceae","Amoebophrya","no_hit"
"1180","ASV_1201",0.00335717696474519,0.00843557863735156,0.00306109742153905,"ASV_1201","no_hit","unknown","unknown","unknown","unknown","unknown","s_"
"1181","ASV_1202",0.00618991546256798,-0.000328906956261078,-0.0011836728189395,"ASV_1202","no_hit","unknown","unknown","unknown","unknown","g_","s_"
"1182","ASV_1203",0.00800723084969445,0.00948752121865781,-0.00192179867852149,"ASV_1203","no_hit","Dinophyceae","Dinophyceae","Syndiniales","Amoebophryaceae","Amoebophrya","s_"
"1183","ASV_1204",0.00932232660736612,0.00566234018404704,-0.00111008231921362,"ASV_1204","no_hit","Euglenozoa","unknown","Diplonemea","unknown","g_","s_"
"1184","ASV_1205",0.00489933595350463,0.00954916998151538,-0.00402508606736976,"ASV_1205","no_hit","unknown","unknown","unknown","unknown","unknown","uncultured marine eukaryote"
"1185","ASV_1206",-0.00169337805899922,0.00281958058202768,-0.00856998643948064,"ASV_1206","no_hit","unknown","unknown","unknown","unknown","g_","s_"
"1186","ASV_1207",-0.000758752167430949,-0.00202424912044605,0.00344270863049944,"ASV_1207","Metazoa","Chordata","Appendicularia","Copelata","Fritillariidae","g_","s_"
"1187","ASV_1208",0.00521484960054038,-0.0028728903381992,0.00400053325104512,"ASV_1208","no_hit","Dinophyceae","Dinophyceae","Syndiniales","no_hit","no_hit","no_hit"
"1188","ASV_1209",-0.00101463841976631,0.00310040460306855,-0.00705697133026397,"ASV_1209","no_hit","Dinophyceae","Dinophyceae","no_hit","no_hit","g_","s_"
"1189","ASV_1210",7.30200418282453e-05,0.00997732010852768,-5.30650521756209e-06,"ASV_1210","no_hit","unknown","unknown","unknown","unknown","g_","s_"
"1190","ASV_1211",-0.000203656947634679,0.00705007246051859,0.0036291448997652,"ASV_1211","Metazoa","Arthropoda","Hexanauplia","Mormonilloida","Mormonillidae","Mormonilla","Mormonilla sp. DZMBK37"
"1191","ASV_1212",0.00508994392221061,-0.00448410550173101,-0.00536754103323505,"ASV_1212","no_hit","Haptophyta","unknown","Prymnesiales","Chrysochromulinaceae","Chrysochromulina","Chrysochromulina strobilus"
"1192","ASV_1213",-0.000812817531832159,0.0133050710788317,-0.0152829242450591,"ASV_1213","no_hit","no_hit","no_hit","no_hit","no_hit","g_","s_"
"1193","ASV_1214",0.0049286681086371,0.00968154730747723,-0.0190528672351654,"ASV_1214","no_hit","Dinophyceae","Dinophyceae","Syndiniales","Amoebophryaceae","Amoebophrya","s_"
"1194","ASV_1215",0.010219411540261,0.00881547575717785,-0.0085180244746657,"ASV_1215","no_hit","unknown","Bigyra","no_hit","no_hit","no_hit","no_hit"
"1195","ASV_1216",0.00528017478650024,0.00669024078010274,0.00107698972005402,"ASV_1216","no_hit","Dinophyceae","Dinophyceae","Syndiniales","Amoebophryaceae","g_","s_"
"1196","ASV_1217",-0.00509620243287217,0.00133691178826604,-0.0165443441107674,"ASV_1217","no_hit","Dinophyceae","Dinophyceae","Syndiniales","no_hit","no_hit","no_hit"
"1197","ASV_1218",0.00264108469707174,0.00989671542176888,0.00375272074694571,"ASV_1218","no_hit","no_hit","no_hit","no_hit","no_hit","no_hit","no_hit"
"1198","ASV_1219",0.00648296769858397,0.00682282004725682,-0.000952656810395853,"ASV_1219","no_hit","unknown","unknown","unknown","unknown","g_","s_"
"1199","ASV_1220",-0.00308098868599135,-0.000785284217178723,-0.00632252838084894,"ASV_1220","no_hit","Dinophyceae","Dinophyceae","Gymnodiniales","Gymnodiniaceae","g_","s_"
"1200","ASV_1221",5.0927014087867e-05,0.0146140582780609,0.00659905397866693,"ASV_1221","no_hit","Dinophyceae","Dinophyceae","no_hit","no_hit","no_hit","no_hit"
"1201","ASV_1222",0.0164266029389488,0.00731472776379782,-0.00380662601371772,"ASV_1222","no_hit","Euglenozoa","unknown","Diplonemea","unknown","g_","s_"
"1202","ASV_1223",0.0165738906827104,0.00695580926303718,-0.0087722479317118,"ASV_1223","no_hit","unknown","unknown","unknown","unknown","unknown","s_"
"1203","ASV_1224",0.00742266736752738,0.00825092457920677,-0.00416048958636282,"ASV_1224","no_hit","Haptophyta","no_hit","no_hit","no_hit","no_hit","s_"
"1204","ASV_1225",0.00660387655111713,0.00701699951765698,-0.00508901633931955,"ASV_1225","Viridiplantae","Chlorophyta","no_hit","no_hit","no_hit","no_hit","s_"
"1205","ASV_1226",-0.00144069836858711,-0.00671945917616186,-0.0108156586663628,"ASV_1226","no_hit","Dinophyceae","Dinophyceae","Syndiniales","Amoebophryaceae","g_","s_"
"1206","ASV_1227",-0.004604394158963,0.00481444805846941,-0.00545270411873616,"ASV_1227","no_hit","Dinophyceae","Dinophyceae","no_hit","no_hit","no_hit","s_"
"1207","ASV_1228",0.00237881712792105,0.017664223401445,0.00541460394314863,"ASV_1228","no_hit","Dinophyceae","Dinophyceae","Syndiniales","no_hit","no_hit","no_hit"
"1208","ASV_1229",0.00705007609031568,0.00858651172053179,-0.000390559233392553,"ASV_1229","no_hit","Dinophyceae","Dinophyceae","Syndiniales","Amoebophryaceae","Amoebophrya","no_hit"
"1209","ASV_1230",0.0112838137950438,0.00322733915396449,-0.00253088385119329,"ASV_1230","no_hit","Dinophyceae","Dinophyceae","Gymnodiniales","Kareniaceae","Takayama","Takayama cf. pulchellum"
"1210","ASV_1231",-0.00256860232977466,0.00187167351107614,-0.00299401792646807,"ASV_1231","no_hit","Ciliophora","Spirotrichea","Sporadotrichida","Oxytrichidae","Protogastrostyla","s_"
"1211","ASV_1232",0.00596145761336668,0.00231798175182249,-0.00510974829928478,"ASV_1232","no_hit","unknown","unknown","unknown","unknown","unknown","uncultured marine eukaryote"
"1212","ASV_1233",0.00759053548414997,0.0127828650958652,0.0020625635952496,"ASV_1233","no_hit","no_hit","no_hit","no_hit","no_hit","g_","s_"
"1213","ASV_1234",0.011293270110946,0.00245750893098748,-0.00471904318136955,"ASV_1234","no_hit","unknown","unknown","unknown","unknown","unknown","s_"
"1214","ASV_1235",-0.0067869392923883,0.00134583700120506,-0.0108450996138985,"ASV_1235","no_hit","Euglenozoa","unknown","Diplonemea","Diplonemidae","g_","s_"
"1215","ASV_1236",-0.000583305436666035,0.0212078977231025,0.00899423722736751,"ASV_1236","no_hit","Dinophyceae","Dinophyceae","no_hit","no_hit","no_hit","no_hit"
"1216","ASV_1237",0.000544473334641338,0.00512072663337132,0.00165749664838204,"ASV_1237","no_hit","Dinophyceae","Dinophyceae","Syndiniales","no_hit","g_","s_"
"1217","ASV_1238",0.00862524480672532,0.00632666856168374,-0.00634847878355733,"ASV_1238","no_hit","Imbricatea","unknown","Thaumatomonadida","Thaumatomastigidae","Protaspis","s_"
"1218","ASV_1239",0.0166708450774943,0.00685264908602803,-0.00559158066423096,"ASV_1239","no_hit","unknown","unknown","unknown","unknown","unknown","uncultured marine eukaryote"
"1219","ASV_1240",0.00817792058549664,0.00491100130122168,-0.0033189595323967,"ASV_1240","no_hit","Euglenozoa","unknown","Diplonemea","no_hit","no_hit","no_hit"
"1220","ASV_1241",0.013577394925945,0.00879997323234834,-0.00348755993719105,"ASV_1241","no_hit","no_hit","no_hit","no_hit","no_hit","no_hit","no_hit"
"1221","ASV_1242",-0.00371056220672519,0.00624619643126309,-0.00344106556055843,"ASV_1242","no_hit","Cercozoa","Thecofilosea","Cryomonadida","Protaspidae","Cryothecomonas","Cryothecomonas longipes"
"1222","ASV_1243",-0.00871015900653957,-0.000983182350658941,-0.0135385668580034,"ASV_1243","no_hit","Euglenozoa","unknown","Diplonemea","Hemistasiidae","Hemistasia","Hemistasia phaeocysticola"
"1223","ASV_1244",0.0140042529027949,0.00158153108014166,-0.00468299904882042,"ASV_1244","no_hit","Dinophyceae","Dinophyceae","Peridiniales","Peridiniaceae","Pentapharsodinium","Pentapharsodinium tyrrhenicum"
"1224","ASV_1245",0.0107934766205808,0.00208291655580337,-0.00550717443187172,"ASV_1245","no_hit","no_hit","no_hit","no_hit","no_hit","no_hit","s_"
"1225","ASV_1246",0.00723215374679843,0.00502041004752065,-0.00601570739163328,"ASV_1246","no_hit","Dinophyceae","Dinophyceae","Syndiniales","no_hit","g_","s_"
"1226","ASV_1247",0.0148198953911679,-0.00536758060574487,-0.00930456095891788,"ASV_1247","no_hit","Dinophyceae","Dinophyceae","Syndiniales","no_hit","no_hit","no_hit"
"1227","ASV_1248",0.00564084827212993,0.0147619521906666,0.00151168653201857,"ASV_1248","no_hit","Dinophyceae","Dinophyceae","Syndiniales","no_hit","no_hit","s_"
"1228","ASV_1249",-0.00581331055403378,0.00568108578306564,-0.00341747206588301,"ASV_1249","no_hit","Dinophyceae","Dinophyceae","Syndiniales","Amoebophryaceae","Amoebophrya","s_"
"1229","ASV_1250",0.00211719161706244,-0.0046111060276651,-0.00500118942299355,"ASV_1250","no_hit","no_hit","no_hit","no_hit","no_hit","no_hit","no_hit"
"1230","ASV_1251",-5.88983275825268e-05,0.0136693314748943,0.00394387968567685,"ASV_1251","no_hit","Euglenozoa","unknown","Diplonemea","unknown","g_","s_"
"1231","ASV_1252",0.0188480231132721,-0.00287555156556876,-0.00761506458608572,"ASV_1252","no_hit","unknown","unknown","unknown","unknown","g_","s_"
"1232","ASV_1253",0.00582924138648694,-0.00450614960464321,-0.0138735434526428,"ASV_1253","no_hit","Dinophyceae","Dinophyceae","Syndiniales","Amoebophryaceae","g_","s_"
"1233","ASV_1254",0.00823918337899652,0.0137557863250107,-0.0110717726037051,"ASV_1254","no_hit","Dinophyceae","Dinophyceae","Syndiniales","Amoebophryaceae","Amoebophrya","no_hit"
"1234","ASV_1255",-0.00751671372430246,-0.00646141250704048,0.000841869532557231,"ASV_1255","no_hit","Dinophyceae","Dinophyceae","Gymnodiniales","Kareniaceae","Karlodinium","s_"
"1235","ASV_1256",0.00103459350512114,0.00294249270367574,0.00160215774894589,"ASV_1256","no_hit","no_hit","no_hit","no_hit","no_hit","no_hit","no_hit"
"1236","ASV_1257",0.00231798084169869,0.0133968496272669,0.00266726505349915,"ASV_1257","no_hit","Dinophyceae","Dinophyceae","no_hit","no_hit","no_hit","no_hit"
"1237","ASV_1258",-0.00245207845992448,0.00834577460164308,-0.01290997867305,"ASV_1258","no_hit","unknown","unknown","unknown","unknown","g_","s_"
"1238","ASV_1259",-0.0138892248355586,0.0113161903368927,-0.00514423243531516,"ASV_1259","no_hit","no_hit","no_hit","no_hit","no_hit","no_hit","s_"
"1239","ASV_1260",0.00854893659147816,0.0137118460643913,-0.00548078744514049,"ASV_1260","no_hit","unknown","unknown","unknown","unknown","unknown","uncultured marine eukaryote"
"1240","ASV_1261",-0.0024375482109382,0.00299225129733199,0.000862890487477717,"ASV_1261","no_hit","no_hit","no_hit","no_hit","no_hit","g_","s_"
"1241","ASV_1262",0.00342389191473366,0.00039624678540978,-0.0104846182308671,"ASV_1262","no_hit","Bacillariophyta","Coscinodiscophyceae","Chaetocerotales","Chaetocerotaceae","Chaetoceros","Chaetoceros debilis"
"1242","ASV_1263",0.0143038764339576,0.00807360101199454,-0.00226424350645696,"ASV_1263","no_hit","Dinophyceae","Dinophyceae","Syndiniales","no_hit","no_hit","no_hit"
"1243","ASV_1264",0.0105397682483852,0.0020879391113517,-0.00389899348739982,"ASV_1264","no_hit","unknown","unknown","unknown","unknown","g_","s_"
"1244","ASV_1265",0.0133682252288311,0.00673254256493389,-0.00554640909643323,"ASV_1265","no_hit","Dinophyceae","Dinophyceae","Syndiniales","no_hit","no_hit","no_hit"
"1245","ASV_1266",0.00991906125584171,-0.00258130312582453,-0.0048585120972228,"ASV_1266","no_hit","unknown","unknown","unknown","unknown","g_","s_"
"1246","ASV_1267",0.0110176409533269,0.00664413539324968,-0.00237684358674727,"ASV_1267","no_hit","Dinophyceae","Dinophyceae","Syndiniales","no_hit","g_","s_"
"1247","ASV_1268",0.0146383962593454,-0.00141175902630565,-0.00823644437848525,"ASV_1268","no_hit","unknown","unknown","unknown","unknown","unknown","uncultured marine eukaryote"
"1248","ASV_1269",-0.00142168924507461,0.0015118621762306,0.000646683704441181,"ASV_1269","no_hit","Dinophyceae","Dinophyceae","Coccidiniales","Chytriodiniaceae","Chytriodinium","s_"
"1249","ASV_1270",-0.00702785601335658,0.0094726808581807,-0.0159508608276775,"ASV_1270","no_hit","Euglenozoa","unknown","Diplonemea","Hemistasiidae","g_","s_"
"1250","ASV_1271",0.00513726184379882,-9.69767837444487e-05,-0.00351197439384281,"ASV_1271","no_hit","no_hit","no_hit","no_hit","no_hit","no_hit","no_hit"
"1251","ASV_1272",-2.56838970154447e-05,0.0131865015724564,0.0060430077814377,"ASV_1272","no_hit","Dinophyceae","Dinophyceae","Syndiniales","no_hit","no_hit","no_hit"
"1252","ASV_1273",0.00962500807884439,0.0103966069234086,-0.00122479211015369,"ASV_1273","no_hit","Dinophyceae","Dinophyceae","no_hit","no_hit","g_","s_"
"1253","ASV_1274",-0.00159963541934755,0.00148124531748797,-0.00189690383133923,"ASV_1274","no_hit","Dinophyceae","Dinophyceae","Syndiniales","no_hit","g_","s_"
"1254","ASV_1275",0.000311737804381015,-0.00220429273529053,-0.000331962620260366,"ASV_1275","no_hit","Bacillariophyta","Coscinodiscophyceae","Chaetocerotales","Chaetocerotaceae","Chaetoceros","s_"
"1255","ASV_1276",0.00494724325006261,0.00298175890009205,-0.000629713751131114,"ASV_1276","no_hit","Dinophyceae","Dinophyceae","Peridiniales","Peridiniaceae","g_","s_"
"1256","ASV_1277",0.00847729402359618,0.0032889201732971,-0.0074003420416301,"ASV_1277","no_hit","Dinophyceae","Dinophyceae","Syndiniales","Amoebophryaceae","Amoebophrya","no_hit"
"1257","ASV_1278",0.0116096000002745,0.0154856231007905,0.00205620782126422,"ASV_1278","no_hit","Apicomplexa","Conoidasida","Eucoccidiorida","Eimeriidae","no_hit","s_"
"1258","ASV_1279",0.00594843277310397,0.0149394416248152,-0.00913428265562839,"ASV_1279","no_hit","no_hit","no_hit","no_hit","no_hit","no_hit","no_hit"
"1259","ASV_1280",-0.00376525742897371,0.00497479884913172,-0.0173304818213334,"ASV_1280","no_hit","Bacillariophyta","Bacillariophyceae","Bacillariales","Bacillariaceae","no_hit","s_"
"1260","ASV_1281",0.00243359519776771,-0.00287280060635959,0.00625551698224545,"ASV_1281","Metazoa","Arthropoda","Hexanauplia","Harpacticoida","Ectinosomatidae","Microsetella","Microsetella rosea"
"1261","ASV_1282",-0.00727963350478478,0.00184439151817044,-0.00772556082842555,"ASV_1282","no_hit","Bacillariophyta","Bacillariophyceae","Naviculales","Naviculaceae","g_","s_"
"1262","ASV_1283",-0.00144165289108102,0.0149688420051453,0.00739367722843443,"ASV_1283","no_hit","no_hit","no_hit","no_hit","no_hit","no_hit","no_hit"
"1263","ASV_1284",0.000985218082069558,0.01058438688347,-0.0160803753735773,"ASV_1284","no_hit","unknown","unknown","unknown","unknown","g_","s_"
"1264","ASV_1285",0.00489906321740225,0.0094050332516999,0.00104718124810968,"ASV_1285","no_hit","Dinophyceae","Dinophyceae","no_hit","no_hit","g_","s_"
"1265","ASV_1286",0.00212131537731228,0.00620995846815703,0.00157340787513189,"ASV_1286","no_hit","unknown","unknown","unknown","unknown","g_","s_"
"1266","ASV_1287",-0.010875693054499,-0.0045514697222254,-0.00527380365340331,"ASV_1287","no_hit","Dinophyceae","Dinophyceae","Peridiniales","Protoperidiniaceae","Protoperidinium","no_hit"
"1267","ASV_1288",0.00180188162605311,0.00885953651958605,0.00298318850031677,"ASV_1288","no_hit","Euglenozoa","unknown","Diplonemea","unknown","unknown","Diplonemida sp. 3 RG-2016"
"1268","ASV_1289",0.00404021809263133,0.0042778339465951,-0.00179558057681934,"ASV_1289","no_hit","no_hit","no_hit","no_hit","no_hit","no_hit","no_hit"
"1269","ASV_1290",0.00392402837983786,0.00869267801887623,-0.0111613237179915,"ASV_1290","no_hit","Dinophyceae","Dinophyceae","Syndiniales","Amoebophryaceae","g_","s_"
"1270","ASV_1291",-0.00106232748043905,0.0204423297590629,0.00869438292999928,"ASV_1291","no_hit","Dinophyceae","Dinophyceae","Gymnodiniales","Kareniaceae","g_","s_"
"1271","ASV_1292",-0.00250378437700659,0.00567726379730365,0.0033756103699553,"ASV_1292","Metazoa","Chordata","Appendicularia","Copelata","Fritillariidae","Fritillaria <tunicates>","s_"
"1272","ASV_1293",-0.00618545182718449,0.00492096123683156,-0.0041601752771179,"ASV_1293","no_hit","Dinophyceae","Dinophyceae","Peridiniales","Peridiniaceae","Scrippsiella","Scrippsiella masanensis"
"1273","ASV_1294",-0.0028564968704227,0.00991492618549576,0.00606349632993869,"ASV_1294","no_hit","Ciliophora","Oligohymenophorea","Philasterida","no_hit","g_","s_"
"1274","ASV_1295",0.0140009870104879,0.00113400303334105,-0.00959454236972759,"ASV_1295","no_hit","Dinophyceae","Dinophyceae","Peridiniales","Amphidiniopsidaceae","g_","s_"
"1275","ASV_1296",0.00567985546965923,0.00753608919126724,-0.00300282592166373,"ASV_1296","no_hit","no_hit","no_hit","no_hit","no_hit","no_hit","s_"
"1276","ASV_1297",0.00902503741536368,0.0061816953555627,-0.00194634825514795,"ASV_1297","no_hit","Euglenozoa","unknown","Diplonemea","unknown","g_","s_"
"1277","ASV_1298",-0.00946184389887905,0.0023416424876642,-0.0109742716672443,"ASV_1298","no_hit","Bacillariophyta","Bacillariophyceae","Naviculales","Pleurosigmataceae","no_hit","no_hit"
"1278","ASV_1299",0.0102161776630435,-0.0115902745740023,-0.0147404463671968,"ASV_1299","no_hit","Dinophyceae","Dinophyceae","Syndiniales","Amoebophryaceae","g_","s_"
"1279","ASV_1300",-0.0086674229224804,0.00033796803134381,-0.00445369249624552,"ASV_1300","no_hit","Ciliophora","Spirotrichea","Urostylida","Pseudokeronopsidae","g_","s_"
"1280","ASV_1301",0.0112789782075984,-0.00973536779908473,-0.00729954961313639,"ASV_1301","no_hit","Dinophyceae","Dinophyceae","Syndiniales","no_hit","no_hit","no_hit"
"1281","ASV_1302",0.000930608224376692,0.00374688303494799,0.000387967746422489,"ASV_1302","no_hit","Dinophyceae","Dinophyceae","no_hit","no_hit","no_hit","no_hit"
"1282","ASV_1303",0.0170414083343661,0.00645824388691358,-0.00376435065400718,"ASV_1303","no_hit","Dinophyceae","Dinophyceae","Syndiniales","Amoebophryaceae","g_","s_"
"1283","ASV_1304",0.00536942485723224,0.0120345770564592,-0.0142944364159102,"ASV_1304","no_hit","Dinophyceae","Dinophyceae","Peridiniales","Pfiesteriaceae","no_hit","no_hit"
"1284","ASV_1305",0.000427115060009196,0.0113195371500209,0.00349604463845335,"ASV_1305","no_hit","unknown","Polycystinea","no_hit","no_hit","no_hit","no_hit"
"1285","ASV_1306",0.0102538191247111,-0.00141508709800359,-0.00383990841494219,"ASV_1306","no_hit","unknown","unknown","unknown","unknown","g_","s_"
"1286","ASV_1307",0.000721862952522099,0.00544024453269516,0.00114745790389151,"ASV_1307","no_hit","no_hit","no_hit","no_hit","no_hit","no_hit","no_hit"
"1287","ASV_1308",0.0105669573311124,0.00793790204042835,-0.00512729746492575,"ASV_1308","no_hit","no_hit","no_hit","no_hit","no_hit","no_hit","no_hit"
"1288","ASV_1309",0.00198837900161392,-0.00224416800719945,-0.0028455930959628,"ASV_1309","no_hit","Dinophyceae","Dinophyceae","Syndiniales","Eudubosquellidae","g_","s_"
"1289","ASV_1310",-0.000379657516375737,0.0130773991757869,-0.0122093655203388,"ASV_1310","no_hit","no_hit","no_hit","no_hit","no_hit","no_hit","s_"
"1290","ASV_1311",5.31066370133289e-05,0.0138294060116326,0.00626216161830594,"ASV_1311","no_hit","no_hit","no_hit","no_hit","no_hit","no_hit","no_hit"
"1291","ASV_1312",0.00640839140354699,0.00214406441771622,-0.00218935724210219,"ASV_1312","no_hit","unknown","unknown","unknown","unknown","unknown","s_"
"1292","ASV_1313",-0.00448859873959501,0.0017395262131297,-0.00225163535343124,"ASV_1313","no_hit","Dinophyceae","Dinophyceae","Syndiniales","no_hit","no_hit","no_hit"
"1293","ASV_1314",0.00428754867288144,0.00242987382638116,-0.017459532943074,"ASV_1314","no_hit","Dinophyceae","Dinophyceae","Syndiniales","Amoebophryaceae","Amoebophrya","no_hit"
"1294","ASV_1315",-0.0056654260184289,0.0015818861369364,-0.00778483659914806,"ASV_1315","no_hit","Dinophyceae","Dinophyceae","Suessiales","Suessiaceae","Protodinium","Protodinium simplex"
"1295","ASV_1316",0.000873573648301519,-0.00354300406943756,-0.00910673903096654,"ASV_1316","no_hit","unknown","unknown","unknown","unknown","g_","s_"
"1296","ASV_1317",0.000930593466103624,0.011310499064429,0.00363563608429263,"ASV_1317","no_hit","Dinophyceae","Dinophyceae","Syndiniales","Amoebophryaceae","g_","s_"
"1297","ASV_1318",0.00414338225086135,-0.0101478313453037,-0.00655772538665079,"ASV_1318","no_hit","Dinophyceae","Dinophyceae","Syndiniales","Amoebophryaceae","g_","s_"
"1298","ASV_1319",0.00868002209301272,0.00779781930901294,-0.00430728850664306,"ASV_1319","no_hit","unknown","Bigyra","no_hit","no_hit","g_","s_"
"1299","ASV_1320",-0.00415041027376794,0.000716412507905623,0.00335639645283164,"ASV_1320","no_hit","no_hit","no_hit","no_hit","no_hit","g_","s_"
"1300","ASV_1321",0.00117710346693691,0.00203429589108539,0.00128787050801729,"ASV_1321","no_hit","unknown","Acantharea","Chaunacanthida","unknown","g_","s_"
"1301","ASV_1322",0.00129330329911647,0.00211893882862003,0.000386916841841349,"ASV_1322","no_hit","unknown","unknown","unknown","unknown","unknown","Uncultured marine alveolate Group II DH147-EKD6"
"1302","ASV_1323",-0.000606386814498008,-0.00148604670631962,-0.0220676910590731,"ASV_1323","no_hit","Haptophyta","unknown","Prymnesiales","Prymnesiaceae","g_","s_"
"1303","ASV_1324",0.000202294827587272,0.00089002601648606,0.00102913096907798,"ASV_1324","no_hit","Dinophyceae","Dinophyceae","Gymnodiniales","Gymnodiniaceae","g_","s_"
"1304","ASV_1325",0.010680282211034,0.00898939815917002,-0.0129115473080227,"ASV_1325","no_hit","Haptophyta","no_hit","no_hit","no_hit","no_hit","no_hit"
"1305","ASV_1326",-0.00680731351447436,0.00738040957155241,-0.0174849252001465,"ASV_1326","no_hit","no_hit","no_hit","no_hit","no_hit","g_","s_"
"1306","ASV_1327",0.00770437470954446,0.000851300877753176,-0.00210002331361024,"ASV_1327","no_hit","Euglenozoa","unknown","Diplonemea","unknown","unknown","Diplonemida sp. 3 RG-2016"
"1307","ASV_1328",-0.00152528635068545,0.00424322998235173,-0.0108630864351074,"ASV_1328","no_hit","no_hit","no_hit","no_hit","no_hit","no_hit","no_hit"
"1308","ASV_1329",0.00453715562344469,0.00472463049584895,-0.00831002221251649,"ASV_1329","no_hit","unknown","unknown","unknown","unknown","g_","s_"
"1309","ASV_1330",-0.00129511225913875,-0.00447287817204434,0.000193887946445497,"ASV_1330","no_hit","Dinophyceae","Dinophyceae","Syndiniales","Amoebophryaceae","g_","s_"
"1310","ASV_1331",0.0106884995901012,0.00912109526121496,-0.00519847635961572,"ASV_1331","no_hit","unknown","Bigyra","Nanomonadea","unknown","g_","s_"
"1311","ASV_1332",-0.000523043845725258,0.000950204891633031,-0.00192375189361253,"ASV_1332","no_hit","Dinophyceae","Dinophyceae","Gymnodiniales","Warnowiaceae","no_hit","no_hit"
"1312","ASV_1333",-0.00348430368995019,-0.0042175880286461,-0.00430823478443566,"ASV_1333","no_hit","Dinophyceae","Dinophyceae","Syndiniales","Amoebophryaceae","Amoebophrya","no_hit"
"1313","ASV_1334",0.00595237721377987,0.00119083481346293,-0.000933241985616708,"ASV_1334","no_hit","Dinophyceae","Dinophyceae","no_hit","no_hit","no_hit","no_hit"
"1314","ASV_1335",0.014190574787453,0.0021295936542955,-0.0066405577296754,"ASV_1335","no_hit","unknown","unknown","unknown","unknown","g_","s_"
"1315","ASV_1336",0.0135823905798344,0.00234817624739148,0.0017388105805591,"ASV_1336","no_hit","Dinophyceae","Dinophyceae","Syndiniales","Amoebophryaceae","g_","s_"
"1316","ASV_1337",0.00204252048272476,0.00649389542831854,-0.0166329640865898,"ASV_1337","no_hit","Dinophyceae","Dinophyceae","Blastodiniales","unknown","Blastodinium","Blastodinium mangini"
"1317","ASV_1338",0.00694723074051799,-0.00630839681157406,-0.00826616260421847,"ASV_1338","no_hit","Dinophyceae","Dinophyceae","no_hit","no_hit","no_hit","no_hit"
"1318","ASV_1339",-0.00295329060773666,-0.00273193671399821,-0.00295200165692,"ASV_1339","no_hit","unknown","unknown","Telonemida","unknown","Telonema","Telonema antarcticum"
"1319","ASV_1340",0.00227848869281425,0.00650465118335782,-0.00524654257856595,"ASV_1340","Metazoa","Arthropoda","Hexanauplia","Cyclopoida","Oithonidae","Oithona","Oithona similis"
"1320","ASV_1341",0.00122694380624532,0.000723236368264578,-0.00121376733745302,"ASV_1341","no_hit","Dinophyceae","Dinophyceae","Syndiniales","no_hit","g_","s_"
"1321","ASV_1342",-0.01037573643086,-0.00177965871362562,-0.00509759402832728,"ASV_1342","no_hit","no_hit","no_hit","no_hit","no_hit","g_","s_"
"1322","ASV_1343",-0.00564738527365823,0.00240421120824263,-0.00859994148655611,"ASV_1343","no_hit","Bacillariophyta","Coscinodiscophyceae","Thalassiosirales","Thalassiosiraceae","Thalassiosira","Thalassiosira aestivalis"
"1323","ASV_1344",0.00619609085422938,0.014999388089448,-0.00933548533360979,"ASV_1344","Viridiplantae","Chlorophyta","Pyramimonadophyceae","Pyramimonadales","Pyramimonadaceae","Pyramimonas","Pyramimonas australis"
"1324","ASV_1345",0.00419233019643498,0.00757756793088382,-0.00501622229344935,"ASV_1345","no_hit","unknown","unknown","unknown","unknown","g_","s_"
"1325","ASV_1346",-0.000608895764286611,0.00612712457308324,0.00191362376990599,"ASV_1346","no_hit","Dinophyceae","Dinophyceae","Peridiniales","no_hit","no_hit","no_hit"
"1326","ASV_1347",0.00981348457118553,0.00820186241432898,-0.0063279354076258,"ASV_1347","Viridiplantae","Chlorophyta","Mamiellophyceae","Dolichomastigales","Crustomastigaceae","g_","s_"
"1327","ASV_1348",0.00482708488604394,0.00537978077895928,0.000128922247645968,"ASV_1348","no_hit","Euglenozoa","unknown","Diplonemea","unknown","unknown","s_"
"1328","ASV_1349",0.00385413116500682,0.00210522336568344,-0.00118561651561804,"ASV_1349","no_hit","Dinophyceae","Dinophyceae","Peridiniales","Pfiesteriaceae","no_hit","no_hit"
"1329","ASV_1350",0.00625614190055898,0.00917206054379608,0.00161653590588448,"ASV_1350","no_hit","Dinophyceae","Dinophyceae","Syndiniales","Amoebophryaceae","g_","s_"
"1330","ASV_1351",0.0116566995780994,0.0121008889457181,-0.000730991568877474,"ASV_1351","no_hit","no_hit","no_hit","no_hit","no_hit","g_","s_"
"1331","ASV_1352",0.00476205870026656,0.00999827552699472,0.0020204639804452,"ASV_1352","no_hit","unknown","unknown","unknown","unknown","g_","s_"
"1332","ASV_1353",0.0025590621152337,0.0168459788648524,-0.0152437521512607,"ASV_1353","no_hit","unknown","unknown","unknown","unknown","g_","s_"
"1333","ASV_1354",0.0074750746907711,0.00552066882279653,-0.00264161006479698,"ASV_1354","no_hit","Dinophyceae","Dinophyceae","Syndiniales","Amoebophryaceae","g_","s_"
"1334","ASV_1355",0.00361242103390211,0.0139630684374875,0.00310220437383246,"ASV_1355","no_hit","unknown","unknown","unknown","unknown","g_","s_"
"1335","ASV_1356",0.0022256023567037,0.010240147438318,0.00337557522369302,"ASV_1356","no_hit","Euglenozoa","unknown","Diplonemea","unknown","unknown","Diplonemida sp. 37 RG-2016"
"1336","ASV_1357",-2.85079709041277e-05,0.00650913007052083,-0.0257392263113455,"ASV_1357","no_hit","unknown","unknown","unknown","unknown","unknown","uncultured marine eukaryote"
"1337","ASV_1358",0.00195941932780438,-0.00116058892370583,0.00370407235743935,"ASV_1358","Metazoa","Arthropoda","Hexanauplia","Calanoida","Centropagidae","Centropages","no_hit"
"1338","ASV_1359",-0.00318480373886387,-0.00545385498911432,-0.0122185227851299,"ASV_1359","no_hit","unknown","Pelagophyceae","unknown","unknown","unknown","Pelagophyceae sp. CCMP3390"
"1339","ASV_1360",0.00762599282542344,0.00640800758974652,-0.0110077239413749,"ASV_1360","no_hit","Dinophyceae","Dinophyceae","Gymnodiniales","Kareniaceae","Karlodinium","s_"
"1340","ASV_1361",0.00927899689299244,0.0198217444414916,-0.0108973280806718,"ASV_1361","no_hit","unknown","Chrysophyceae","Chromulinales","Paraphysomonadaceae","Paraphysomonas","no_hit"
"1341","ASV_1362",0.00448334873973006,0.00368715258853169,-0.00156726957668505,"ASV_1362","no_hit","Haptophyta","unknown","Prymnesiales","Chrysochromulinaceae","Chrysochromulina","no_hit"
"1342","ASV_1363",0.00192430952636496,0.00372687500606087,-0.000395228318994158,"ASV_1363","no_hit","Foraminifera","unknown","Rotaliida","Globigerinidae","Globigerinita","Globigerinita uvula"
"1343","ASV_1364",0.00956516798186313,0.00742769611321593,-0.00451757081228908,"ASV_1364","no_hit","no_hit","no_hit","no_hit","no_hit","no_hit","no_hit"
"1344","ASV_1365",-0.0037630764131167,0.00110845609181505,-0.01668399741054,"ASV_1365","no_hit","Dinophyceae","Dinophyceae","Syndiniales","Amoebophryaceae","Amoebophrya","no_hit"
"1345","ASV_1366",0.00434679922610359,0.0092942932303256,-0.0144532858813227,"ASV_1366","unassigned","unassigned","unassigned","unassigned","unassigned","unassigned","unassigned"
"1346","ASV_1367",0.0166536406187823,0.00516990586116112,-0.00368210083701496,"ASV_1367","no_hit","Dinophyceae","Dinophyceae","no_hit","no_hit","no_hit","no_hit"
"1347","ASV_1368",0.0155618265837331,-0.00330748873013235,-0.00847697118172673,"ASV_1368","no_hit","unknown","unknown","unknown","unknown","unknown","s_"
"1348","ASV_1369",-0.00331347293152969,-0.000828522446023903,0.000974142864394853,"ASV_1369","no_hit","unknown","unknown","unknown","unknown","g_","s_"
"1349","ASV_1370",0.0052426004574569,0.00508041526091618,-0.001031971510135,"ASV_1370","no_hit","Haptophyta","no_hit","no_hit","no_hit","no_hit","s_"
"1350","ASV_1371",0.00898300997036356,0.00555325986451544,-0.00465656445250191,"ASV_1371","no_hit","Dinophyceae","Dinophyceae","Prorocentrales","Prorocentraceae","g_","s_"
"1351","ASV_1372",0.0144327079489087,0.00254336404778804,-0.00474050671847367,"ASV_1372","no_hit","Dinophyceae","Dinophyceae","Gymnodiniales","Kareniaceae","Karlodinium","no_hit"
"1352","ASV_1373",-0.00237162545781615,-0.00459571124755839,-0.0037333557286098,"ASV_1373","no_hit","Dinophyceae","Dinophyceae","Syndiniales","Amoebophryaceae","Amoebophrya","s_"
"1353","ASV_1374",-0.00442735557672225,-0.00470362896501972,9.39814069978498e-05,"ASV_1374","no_hit","Foraminifera","unknown","unknown","unknown","Psammophaga","s_"
"1354","ASV_1375",0.00830362776323409,0.0113480246599174,-0.000458704694989163,"ASV_1375","no_hit","Ciliophora","Oligohymenophorea","Apostomatida","no_hit","g_","s_"
"1355","ASV_1376",0.00231668966484664,0.00303140214127268,-0.00681617737659757,"ASV_1376","no_hit","unknown","unknown","unknown","unknown","g_","s_"
"1356","ASV_1377",-0.0109698130845694,0.00543320688443734,-0.00797782903345948,"ASV_1377","no_hit","no_hit","no_hit","no_hit","no_hit","no_hit","no_hit"
"1357","ASV_1378",-0.00891655897181201,0.00480547577022092,-0.011578800944155,"ASV_1378","no_hit","Ciliophora","Spirotrichea","unknown","Tontoniidae","Pseudotontonia","Pseudotontonia sp. JG-2011a"
"1358","ASV_1379",0.001177529689067,-0.00211547891345876,-0.00417859639454214,"ASV_1379","no_hit","Dinophyceae","Dinophyceae","Syndiniales","Amoebophryaceae","Amoebophrya","no_hit"
"1359","ASV_1380",0.001557364655144,0.0152894464924364,0.00599569350893427,"ASV_1380","no_hit","unknown","Polycystinea","no_hit","no_hit","g_","s_"
"1360","ASV_1381",0.0149506743669619,0.0104220412728228,-0.00313816699253499,"ASV_1381","no_hit","unknown","unknown","unknown","unknown","unknown","eukaryote clone OLI11005"
"1361","ASV_1382",0.00276019308488195,-0.00287036870852105,0.00102920342067619,"ASV_1382","no_hit","Bacillariophyta","Coscinodiscophyceae","Chaetocerotales","Chaetocerotaceae","Chaetoceros","s_"
"1362","ASV_1383",0.0152828323177954,0.00872022423804485,-0.0018010627838616,"ASV_1383","no_hit","Dinophyceae","Dinophyceae","no_hit","no_hit","no_hit","no_hit"
"1363","ASV_1384",0.00235865840883444,0.00398064644533974,-0.00527063606411124,"ASV_1384","no_hit","Dinophyceae","Dinophyceae","Gymnodiniales","Gymnodiniaceae","g_","s_"
"1364","ASV_1385",-0.000450334584644906,0.0111415959250086,0.00472867850821507,"ASV_1385","no_hit","unknown","unknown","unknown","unknown","g_","s_"
"1365","ASV_1386",0.00375347582086151,0.0131246409839782,-0.0206356024837954,"ASV_1386","no_hit","Cercozoa","Thecofilosea","Ventricleftida","Ventrifissuridae","Ventrifissura","Ventrifissura sp. SRT122"
"1366","ASV_1387",0.00120057051464251,0.00810231305543948,-0.0138288046162262,"ASV_1387","no_hit","Imbricatea","unknown","Thaumatomonadida","Thaumatomastigidae","g_","s_"
"1367","ASV_1388",-0.000532838848390504,-0.00183863580777096,-0.0063650172881033,"ASV_1388","no_hit","Dinophyceae","Dinophyceae","Syndiniales","Amoebophryaceae","Amoebophrya","no_hit"
"1368","ASV_1389",0.00591601230452728,-5.85699086713262e-05,-0.00099515065608553,"ASV_1389","no_hit","Dinophyceae","Dinophyceae","Syndiniales","Amoebophryaceae","g_","s_"
"1369","ASV_1390",0.000266409145029855,0.0162540073744806,0.00609229371122888,"ASV_1390","no_hit","unknown","Acantharea","unknown","unknown","unknown","s_"
"1370","ASV_1391",0.0104908861594978,0.0142225382862067,-0.00210130485461761,"ASV_1391","no_hit","no_hit","no_hit","no_hit","no_hit","no_hit","no_hit"
"1371","ASV_1392",0.0129152666580367,0.0035051690645894,-0.00302950806511358,"ASV_1392","no_hit","Imbricatea","unknown","Thaumatomonadida","Thaumatomastigidae","g_","s_"
"1372","ASV_1393",0.0107833627054068,0.00508405659118983,-0.00303427685195966,"ASV_1393","no_hit","no_hit","no_hit","no_hit","no_hit","no_hit","no_hit"
"1373","ASV_1394",-0.00101883704572517,0.0180987491047767,0.00838970360693678,"ASV_1394","no_hit","no_hit","no_hit","no_hit","no_hit","no_hit","no_hit"
"1374","ASV_1395",0.0159705091071165,0.00912529834534459,-0.00456964370705942,"ASV_1395","no_hit","unknown","unknown","unknown","unknown","unknown","uncultured marine eukaryote"
"1375","ASV_1396",0.00259698467145356,0.00467445018082891,0.00114817528924903,"ASV_1396","no_hit","unknown","Polycystinea","no_hit","no_hit","no_hit","no_hit"
"1376","ASV_1397",-0.00676551734470015,0.015471174171197,-0.0224044009894927,"ASV_1397","no_hit","unknown","Bolidophyceae","Parmales","Triparmaceae","Triparma","no_hit"
"1377","ASV_1398",-0.00151864317954762,0.000444388598500372,-0.000501016177496025,"ASV_1398","no_hit","Bacillariophyta","Coscinodiscophyceae","Thalassiosirales","Thalassiosiraceae","no_hit","no_hit"
"1378","ASV_1399",0.0115156345557637,-6.48583197595956e-05,-0.00488475857377347,"ASV_1399","no_hit","unknown","Synurophyceae","Ochromonadales","Ochromonadaceae","g_","s_"
"1379","ASV_1400",0.00176486093537403,0.00196034623522952,-0.0085406958182921,"ASV_1400","no_hit","unknown","Choanoflagellata","Acanthoecida","no_hit","no_hit","no_hit"
"1380","ASV_1401",0.00987844066031334,0.00781390352607387,-0.00968966556881328,"ASV_1401","no_hit","unknown","unknown","unknown","unknown","unknown","uncultured marine eukaryote"
"1381","ASV_1402",0.00184745389223653,0.0159047695443947,0.00507495639915873,"ASV_1402","no_hit","unknown","Polycystinea","no_hit","no_hit","no_hit","no_hit"
"1382","ASV_1403",0.00158283245546343,-0.00067910363216742,-0.00364784443051374,"ASV_1403","no_hit","no_hit","no_hit","no_hit","no_hit","no_hit","no_hit"
"1383","ASV_1404",-0.000589838329343334,0.0149565918512065,-0.0144077509200734,"ASV_1404","no_hit","Imbricatea","unknown","Thaumatomonadida","unknown","Allas","no_hit"
"1384","ASV_1405",-0.000626742180614715,0.0145071746682984,0.00565224589065918,"ASV_1405","no_hit","unknown","unknown","Sticholonchida","Sticholonchidae","g_","s_"
"1385","ASV_1406",0.00439055771810521,0.00881534577536738,0.00216431427982469,"ASV_1406","no_hit","Euglenozoa","unknown","Diplonemea","unknown","unknown","s_"
"1386","ASV_1407",-0.00467037279118619,0.00131105125477066,-0.00304281726949957,"ASV_1407","no_hit","Ciliophora","Spirotrichea","Tintinnida","Metacylididae","Helicostomella","Helicostomella subulata"
"1387","ASV_1408",-0.0023639442999469,0.00108653775171889,-0.00132696364104073,"ASV_1408","no_hit","no_hit","no_hit","no_hit","no_hit","no_hit","no_hit"
"1388","ASV_1409",0.00316000840488284,0.00135893216002258,0.000585932065234437,"ASV_1409","Metazoa","Cnidaria","Hydrozoa","Trachymedusae","Rhopalonematidae","no_hit","no_hit"
"1389","ASV_1410",0.0123548439505219,0.00480839554811736,-0.00336386526648741,"ASV_1410","no_hit","Dinophyceae","Dinophyceae","Syndiniales","no_hit","no_hit","no_hit"
"1390","ASV_1411",-0.00402725442320692,0.000850656648181003,-0.000708887771419026,"ASV_1411","no_hit","Dinophyceae","Dinophyceae","Peridiniales","Protoperidiniaceae","g_","s_"
"1391","ASV_1412",0.0114265416786194,-0.01050173128993,-0.00978369264504499,"ASV_1412","no_hit","unknown","Polycystinea","no_hit","no_hit","no_hit","no_hit"
"1392","ASV_1413",0.00398205869179057,0.0125720223864176,0.00409253281357262,"ASV_1413","no_hit","Euglenozoa","unknown","Diplonemea","unknown","g_","s_"
"1393","ASV_1414",-0.00438157195295848,0.00085397191169594,-0.00597245832802629,"ASV_1414","no_hit","Bacillariophyta","Coscinodiscophyceae","Thalassiosirales","Thalassiosiraceae","Thalassiosira","no_hit"
"1394","ASV_1415",-0.000166627038995204,0.0048434983632555,-0.0076840364519769,"ASV_1415","no_hit","unknown","Bigyra","Nanomonadea","unknown","g_","s_"
"1395","ASV_1416",0.00817962853464859,0.000355626451726435,-0.00454528115891082,"ASV_1416","no_hit","Bacillariophyta","no_hit","no_hit","no_hit","g_","s_"
"1396","ASV_1417",0.0108653770969577,0.000122806692386016,-0.00400902431297913,"ASV_1417","no_hit","unknown","unknown","unknown","unknown","g_","s_"
"1397","ASV_1418",0.000181567515218605,0.011309670407797,0.00516135632983966,"ASV_1418","no_hit","unknown","unknown","Sticholonchida","Sticholonchidae","g_","s_"
"1398","ASV_1419",-0.00494456553592278,0.00153594233401714,0.0038092157058609,"ASV_1419","no_hit","no_hit","no_hit","no_hit","no_hit","g_","s_"
"1399","ASV_1420",0.00632955381017423,0.00994925924113134,9.45624067625704e-05,"ASV_1420","no_hit","Dinophyceae","Dinophyceae","no_hit","no_hit","no_hit","s_"
"1400","ASV_1421",0.00357030518904542,0.000989150832663329,-0.00128638699503198,"ASV_1421","no_hit","no_hit","no_hit","no_hit","no_hit","g_","s_"
"1401","ASV_1423",-0.000140324313488339,0.00179652131618888,-0.00143482248313685,"ASV_1423","no_hit","Dinophyceae","Dinophyceae","Syndiniales","Amoebophryaceae","g_","s_"
"1402","ASV_1424",0.00802781613755118,0.00916597813174644,-0.0101241749876228,"ASV_1424","no_hit","Dinophyceae","Dinophyceae","Syndiniales","Amoebophryaceae","Amoebophrya","s_"
"1403","ASV_1425",0.0032070597581758,0.007302214409274,0.00171124702629065,"ASV_1425","no_hit","no_hit","no_hit","no_hit","no_hit","no_hit","no_hit"
"1404","ASV_1426",0.00343354223035856,0.00550084428393822,0.00182948334949987,"ASV_1426","no_hit","Dinophyceae","Dinophyceae","Syndiniales","Ellobiopsidae","g_","s_"
"1405","ASV_1427",-0.00212338415014348,0.000454437966792692,-0.00358034272764047,"ASV_1427","no_hit","Dinophyceae","Dinophyceae","Gymnodiniales","Gymnodiniaceae","Paragymnodinium","no_hit"
"1406","ASV_1428",0.012240927479,-0.0021814105154467,-0.00694912934493054,"ASV_1428","no_hit","unknown","Bigyra","Nanomonadea","unknown","g_","s_"
"1407","ASV_1429",0.0133886712105881,0.00735669657227045,-0.00742857329541311,"ASV_1429","no_hit","unknown","unknown","unknown","unknown","unknown","uncultured marine eukaryote"
"1408","ASV_1430",0.0139795916828474,-0.0104937744318513,-0.0113791796954441,"ASV_1430","no_hit","no_hit","no_hit","no_hit","no_hit","no_hit","no_hit"
"1409","ASV_1431",-0.0141336336112444,0.0040200878397258,-0.0156330881000828,"ASV_1431","no_hit","unknown","Dictyochophyceae","Pedinellales","unknown","g_","s_"
"1410","ASV_1432",0.0152406861104302,-0.0033887472580476,-0.00575503910590122,"ASV_1432","no_hit","Ciliophora","Oligohymenophorea","no_hit","no_hit","no_hit","s_"
"1411","ASV_1433",-0.00196093476650344,-0.000990116671838431,-0.00398371973603219,"ASV_1433","no_hit","Bacillariophyta","Coscinodiscophyceae","Chaetocerotales","Chaetocerotaceae","Chaetoceros","no_hit"
"1412","ASV_1434",-0.000116295157031091,0.00256775623340896,-0.0174249927675637,"ASV_1434","no_hit","Dinophyceae","Dinophyceae","Gymnodiniales","Kareniaceae","Karlodinium","no_hit"
"1413","ASV_1435",0.00624989009897348,0.00175629487375307,-0.00660040314404384,"ASV_1435","no_hit","Dinophyceae","Dinophyceae","Gymnodiniales","Gymnodiniaceae","Gyrodinium","no_hit"
"1414","ASV_1436",-0.0138893346978893,0.0116870001271133,-0.0148185780081604,"ASV_1436","no_hit","Euglenozoa","unknown","Diplonemea","unknown","g_","s_"
"1415","ASV_1438",0.00550579190935992,-0.00106456373942247,-0.00210447638371654,"ASV_1438","no_hit","Dinophyceae","Dinophyceae","Syndiniales","no_hit","no_hit","no_hit"
"1416","ASV_1439",-0.00277295366261682,0.00764275475317695,-0.0176668155783352,"ASV_1439","no_hit","Haptophyta","no_hit","no_hit","no_hit","no_hit","s_"
"1417","ASV_1440",0.00331134964370438,0.00435340711623057,0.00061852351048878,"ASV_1440","no_hit","Dinophyceae","Dinophyceae","no_hit","no_hit","no_hit","no_hit"
"1418","ASV_1441",0.00540884359789745,0.00537306134055708,-0.0010328542685686,"ASV_1441","no_hit","Euglenozoa","unknown","Diplonemea","unknown","g_","s_"
"1419","ASV_1442",-0.00126974363736893,0.01566637583307,0.00708387777435803,"ASV_1442","no_hit","Euglenozoa","unknown","Diplonemea","unknown","g_","s_"
"1420","ASV_1443",0.00366381533455723,0.0102435289124407,-0.00776090708676499,"ASV_1443","no_hit","unknown","Dictyochophyceae","Florenciellales","unknown","Pseudochattonella","no_hit"
"1421","ASV_1444",-0.00827166440073286,0.016495057663052,-0.0213140993672607,"ASV_1444","no_hit","unknown","unknown","unknown","unknown","unknown","s_"
"1422","ASV_1445",-0.00255687378018142,0.00899124864802626,0.00338365473457045,"ASV_1445","no_hit","unknown","Polycystinea","Nassellaria","Plagiacanthidae","g_","s_"
"1423","ASV_1446",0.00949358545009248,-0.00186614967020565,-0.00828820578601009,"ASV_1446","no_hit","unknown","unknown","Rotosphaerida","unknown","g_","s_"
"1424","ASV_1447",-3.0681692231534e-05,-0.00182146604029973,-0.000133528184927992,"ASV_1447","no_hit","Dinophyceae","Dinophyceae","Peridiniales","Protoperidiniaceae","Protoperidinium","s_"
"1425","ASV_1448",0.0107435344123322,0.00500232204260655,-0.00757488950555859,"ASV_1448","no_hit","unknown","Cryptophyceae","Pyrenomonadales","Geminigeraceae","g_","s_"
"1426","ASV_1449",0.0119153832732461,0.00782600156802779,-0.00830780342290469,"ASV_1449","no_hit","no_hit","no_hit","no_hit","no_hit","no_hit","no_hit"
"1427","ASV_1450",0.0106533294181673,0.00125059428310638,-0.0106543233266192,"ASV_1450","no_hit","Apicomplexa","Conoidasida","Eucoccidiorida","Eimeriidae","g_","s_"
"1428","ASV_1451",0.000439218858688501,0.0162361573819996,-0.0148009696546704,"ASV_1451","no_hit","Dinophyceae","Dinophyceae","Syndiniales","Amoebophryaceae","Amoebophrya","s_"
"1429","ASV_1452",0.00905309429430898,0.000743367188285917,-0.00462376390110231,"ASV_1452","no_hit","Dinophyceae","Dinophyceae","no_hit","no_hit","no_hit","no_hit"
"1430","ASV_1453",0.00160193657391028,0.0100768209407765,-0.008886893567755,"ASV_1453","no_hit","Dinophyceae","Dinophyceae","Gonyaulacales","Gonyaulacaceae","Amylax","Amylax triacantha"
"1431","ASV_1454",0.0122693332989804,0.00374982901919848,-0.0039386853256161,"ASV_1454","no_hit","Dinophyceae","Dinophyceae","Syndiniales","no_hit","no_hit","no_hit"
"1432","ASV_1455",-0.0148887969652808,0.00754567888348494,-0.0196038922075702,"ASV_1455","no_hit","unknown","Cryptophyceae","no_hit","no_hit","g_","s_"
"1433","ASV_1456",0.00328958477071392,0.00276644053968736,0.000179599879685821,"ASV_1456","no_hit","Ciliophora","Oligohymenophorea","Philasterida","no_hit","g_","s_"
"1434","ASV_1457",0.012764786191937,0.0044192041754686,-0.009705572345155,"ASV_1457","no_hit","unknown","Cryptophyceae","Cyathomonadacea","Goniomonadaceae","g_","s_"
"1435","ASV_1458",0.00169656203912886,0.016383924186947,-0.0148755975248311,"ASV_1458","no_hit","unknown","Synurophyceae","Ochromonadales","Ochromonadaceae","g_","s_"
"1436","ASV_1459",0.0139220919729573,-0.00365607865343301,-0.00795878000474467,"ASV_1459","no_hit","Dinophyceae","Dinophyceae","Gymnodiniales","Gymnodiniaceae","g_","s_"
"1437","ASV_1460",0.00798223437544182,0.00843529684141917,-0.00748757816084508,"ASV_1460","no_hit","Dinophyceae","Dinophyceae","Gymnodiniales","Warnowiaceae","g_","s_"
"1438","ASV_1462",0.00601531471031946,0.0163069386418407,-0.0129047951710558,"ASV_1462","no_hit","unknown","unknown","unknown","unknown","g_","s_"
"1439","ASV_1463",-0.00544407362761907,-0.000427438530988622,-0.0163288704423397,"ASV_1463","no_hit","Dinophyceae","Dinophyceae","Syndiniales","Amoebophryaceae","Amoebophrya","no_hit"
"1440","ASV_1464",-0.00657551386456517,0.00463154283845731,-0.0190745485142224,"ASV_1464","no_hit","no_hit","no_hit","no_hit","no_hit","g_","s_"
"1441","ASV_1465",-0.000585627040488624,0.0149612503702525,0.00657802991622604,"ASV_1465","no_hit","Euglenozoa","unknown","Diplonemea","unknown","unknown","s_"
"1442","ASV_1466",0.00170859437330191,-0.00327200751126395,0.00160029560762376,"ASV_1466","no_hit","no_hit","no_hit","no_hit","no_hit","no_hit","no_hit"
"1443","ASV_1467",0.0178777835730335,-0.00486731564947356,-0.00707635636024625,"ASV_1467","no_hit","unknown","unknown","unknown","unknown","Telonemia","s_"
"1444","ASV_1469",0.000891848705566873,0.00501092484891581,-0.00643382251714089,"ASV_1469","Metazoa","Arthropoda","Hexanauplia","Cyclopoida","Oithonidae","Oithona","Oithona similis"
"1445","ASV_1470",0.00268015669003968,0.00994797003691674,0.00366570428743023,"ASV_1470","no_hit","no_hit","no_hit","no_hit","no_hit","no_hit","no_hit"
"1446","ASV_1471",0.000475836307356353,0.0063765546923006,0.0028533031602941,"ASV_1471","no_hit","unknown","unknown","unknown","unknown","unknown","Acantharian sp. 6201"
"1447","ASV_1472",0.00640754057461654,-0.0015586742530974,-0.00307024835659804,"ASV_1472","no_hit","Dinophyceae","Dinophyceae","Gymnodiniales","Kareniaceae","Takayama","Takayama cf. pulchellum"
"1448","ASV_1473",0.00198228474969656,0.00847201579419899,-0.0161812109596957,"ASV_1473","no_hit","Haptophyta","unknown","Prymnesiales","Prymnesiaceae","g_","s_"
"1449","ASV_1474",0.00334934200402329,-0.00286594772353046,0.00518356422515136,"ASV_1474","Metazoa","Arthropoda","Hexanauplia","Poecilostomatoida","Sapphirinidae","Sapphirina","no_hit"
"1450","ASV_1475",0.00793516197342959,0.0109240032242807,-0.01055343101627,"ASV_1475","no_hit","Dinophyceae","Dinophyceae","Syndiniales","Amoebophryaceae","Amoebophrya","no_hit"
"1451","ASV_1476",0.0141186196118284,0.00193870779785642,-0.0073787307091006,"ASV_1476","no_hit","Dinophyceae","Dinophyceae","Peridiniales","Peridiniaceae","Pentapharsodinium","s_"
"1452","ASV_1477",0.0177458856310006,0.00825233129541451,-0.0090534481845153,"ASV_1477","no_hit","unknown","unknown","unknown","unknown","g_","s_"
"1453","ASV_1478",0.00330603156790375,0.010428089120231,0.00267608871568207,"ASV_1478","no_hit","Euglenozoa","unknown","Diplonemea","unknown","unknown","s_"
"1454","ASV_1479",0.00830510434606583,0.010897355543163,0.00186848191434588,"ASV_1479","no_hit","unknown","Bolidophyceae","Parmales","Triparmaceae","no_hit","no_hit"
"1455","ASV_1480",0.0182018133345891,-0.0013331193844671,-0.0080022934773363,"ASV_1480","no_hit","Dinophyceae","Dinophyceae","Syndiniales","no_hit","no_hit","s_"
"1456","ASV_1481",-0.00276552255022114,0.0048128070007337,0.00268895262306982,"ASV_1481","Metazoa","Chordata","Thaliacea","Doliolida","Doliolidae","Doliolum","Doliolum nationalis"
"1457","ASV_1482",-0.00360614160857177,0.00216767023146626,-0.0101459886911879,"ASV_1482","Viridiplantae","Chlorophyta","Mamiellophyceae","no_hit","no_hit","g_","s_"
"1458","ASV_1483",0.00515101368348909,8.17814520417629e-05,-0.00327381124889169,"ASV_1483","no_hit","no_hit","no_hit","no_hit","no_hit","no_hit","no_hit"
"1459","ASV_1484",-0.00551253988887223,-0.00490337297933643,-0.0153912595232043,"ASV_1484","no_hit","Dinophyceae","Dinophyceae","Syndiniales","Amoebophryaceae","g_","s_"
"1460","ASV_1485",0.000626088751754915,0.009740495792735,0.00283083448643543,"ASV_1485","no_hit","unknown","unknown","unknown","unknown","g_","s_"
"1461","ASV_1486",0.0108607392821594,0.00314684984401707,-0.00476101973076882,"ASV_1486","no_hit","unknown","unknown","unknown","unknown","g_","s_"
"1462","ASV_1487",-0.000504301639356449,-0.00244890516006887,-0.000773257351232506,"ASV_1487","no_hit","unknown","unknown","unknown","unknown","g_","s_"
"1463","ASV_1488",-6.5979090890549e-05,-0.00102799085697086,0.00195844517856235,"ASV_1488","no_hit","no_hit","no_hit","no_hit","no_hit","g_","s_"
"1464","ASV_1489",0.0120570501361404,0.00417160822064918,0.00209671334994359,"ASV_1489","no_hit","no_hit","no_hit","no_hit","no_hit","no_hit","no_hit"
"1465","ASV_1490",-0.001919771493361,0.0012067119284033,0.00288113973103156,"ASV_1490","Metazoa","Chordata","Appendicularia","Copelata","Fritillariidae","Fritillaria <tunicates>","Fritillaria haplostoma"
"1466","ASV_1491",-0.00182073066722116,0.00141577759911311,-0.00552490970744508,"ASV_1491","no_hit","Dinophyceae","Dinophyceae","no_hit","no_hit","no_hit","no_hit"
"1467","ASV_1492",0.000717898736147349,0.00367075629648941,0.00174741292439212,"ASV_1492","no_hit","Euglenozoa","unknown","Diplonemea","unknown","g_","s_"
"1468","ASV_1493",-0.000907450282301897,-0.00338718764823006,0.00427850979300599,"ASV_1493","Metazoa","Arthropoda","Malacostraca","Euphausiacea","Euphausiidae","no_hit","no_hit"
"1469","ASV_1494",0.0012680747953287,0.0040337954080561,0.00144751747318178,"ASV_1494","no_hit","unknown","unknown","unknown","unknown","unknown","Acantharian sp. 6201"
"1470","ASV_1495",-0.000439355559736104,0.00611052246022731,-0.0130079185538631,"ASV_1495","no_hit","unknown","Bigyra","Nanomonadea","unknown","g_","s_"
"1471","ASV_1496",-0.00127145586828049,-0.00044386446833603,0.00221013781399875,"ASV_1496","Fungi","Ascomycota","Eurotiomycetes","Eurotiales","Aspergillaceae","Penicillium","no_hit"
"1472","ASV_1497",0.000307063768218077,0.0076987220673147,0.00318437297845382,"ASV_1497","no_hit","Dinophyceae","Dinophyceae","Syndiniales","no_hit","no_hit","s_"
"1473","ASV_1498",0.010625287181563,-0.00134641240678665,-0.0164482885751723,"ASV_1498","no_hit","Dinophyceae","Dinophyceae","Syndiniales","Amoebophryaceae","g_","s_"
"1474","ASV_1499",0.0127248783379736,-0.00396055153562123,-0.00595126404233997,"ASV_1499","no_hit","unknown","Bigyra","Nanomonadea","unknown","g_","s_"
"1475","ASV_1500",0.000606268623393619,-0.00158413226113968,-0.0172328555011252,"ASV_1500","no_hit","unknown","Ichthyosporea","Ichthyophonida","no_hit","no_hit","no_hit"
"1476","ASV_1501",0.00210051220273011,-0.00258145401771001,-0.00125984848026286,"ASV_1501","no_hit","unknown","Polycystinea","no_hit","no_hit","no_hit","no_hit"
"1477","ASV_1502",-0.0036562073185187,-8.45722192048306e-05,-0.00542429795693229,"ASV_1502","no_hit","Dinophyceae","Dinophyceae","Peridiniales","Peridiniaceae","no_hit","s_"
"1478","ASV_1503",0.00337233115139527,-0.00159490943671108,0.00523072820425007,"ASV_1503","no_hit","unknown","Polycystinea","no_hit","no_hit","no_hit","no_hit"
"1479","ASV_1504",0.00604329387195745,-0.00615615084565504,-0.0112906386963765,"ASV_1504","no_hit","Bacillariophyta","Bacillariophyceae","Bacillariales","Bacillariaceae","Pseudo-nitzschia","no_hit"
"1480","ASV_1505",-0.0078418057250378,0.00344020672328743,-0.00510726687047268,"ASV_1505","no_hit","Dinophyceae","Dinophyceae","Gonyaulacales","Gonyaulacaceae","Amylax","s_"
"1481","ASV_1506",0.00351363211494092,0.00411267675282071,0.000806550264442227,"ASV_1506","no_hit","unknown","unknown","unknown","unknown","unknown","Acantharian sp. 6201"
"1482","ASV_1507",-0.00176722587765308,0.00506698140089537,0.000248606710984553,"ASV_1507","no_hit","Oomycota","no_hit","no_hit","no_hit","no_hit","no_hit"
"1483","ASV_1508",0.00633914471242607,0.00625795313218277,-0.0107137240596926,"ASV_1508","no_hit","no_hit","no_hit","no_hit","no_hit","g_","s_"
"1484","ASV_1509",0.00335035240265596,-0.00161344486827891,-0.00324053151705067,"ASV_1509","no_hit","Dinophyceae","Dinophyceae","Syndiniales","Amoebophryaceae","g_","s_"
"1485","ASV_1510",0.0028237878619568,0.00357501025052746,0.00118781722291893,"ASV_1510","Metazoa","Ctenophora","Tentaculata","Cydippida","no_hit","no_hit","no_hit"
"1486","ASV_1511",-0.000575457773859217,0.0140302973735841,0.00659667716380892,"ASV_1511","no_hit","Euglenozoa","unknown","Diplonemea","unknown","unknown","Diplonemida sp. 13 RG-2016"
"1487","ASV_1512",0.00349858895861988,0.00636078884929692,-0.00896782736593784,"ASV_1512","no_hit","Dinophyceae","Dinophyceae","Gymnodiniales","Gymnodiniaceae","Paulsenella","Paulsenella vonstoschii"
"1488","ASV_1513",0.0137833659763568,0.00340490586991471,-0.00919869492837041,"ASV_1513","no_hit","Ciliophora","Oligohymenophorea","Philasterida","Cinetochilidae","g_","s_"
"1489","ASV_1514",0.0154938688893695,0.00785857233892378,-0.00370674668358208,"ASV_1514","no_hit","Dinophyceae","Dinophyceae","Syndiniales","no_hit","no_hit","s_"
"1490","ASV_1515",0.00204770033791227,-0.00331840898543998,-0.00331812648385317,"ASV_1515","no_hit","no_hit","no_hit","no_hit","no_hit","no_hit","s_"
"1491","ASV_1516",0.0075793338576384,0.0049388348060667,-5.17742566666276e-07,"ASV_1516","no_hit","unknown","Bigyra","Nanomonadea","unknown","Solenicola","Solenicola setigera"
"1492","ASV_1517",0.0120875118954278,0.00734406542078985,-0.00159408800881186,"ASV_1517","no_hit","no_hit","no_hit","no_hit","no_hit","no_hit","no_hit"
"1493","ASV_1518",0.0114515385989845,0.00534238642560726,-0.0117999227620779,"ASV_1518","no_hit","Bacillariophyta","Coscinodiscophyceae","Melosirales","Stephanopyxidaceae","g_","s_"
"1494","ASV_1519",0.0100433188096655,0.00257158516515566,-0.00408590234217515,"ASV_1519","no_hit","Dinophyceae","Dinophyceae","no_hit","no_hit","no_hit","no_hit"
"1495","ASV_1520",0.00104539064664505,0.0158769825047053,-0.0199182844351971,"ASV_1520","no_hit","Cercozoa","Chlorarachniophyceae","unknown","unknown","Minorisa","Minorisa sp. SRT705"
"1496","ASV_1521",0.00914996822355914,-0.00188604143679646,-0.00762706914136059,"ASV_1521","no_hit","Dinophyceae","Dinophyceae","Gymnodiniales","no_hit","no_hit","no_hit"
"1497","ASV_1522",0.00149185510288945,-0.00115718780013742,0.00268654974431813,"ASV_1522","no_hit","no_hit","no_hit","no_hit","no_hit","g_","s_"
"1498","ASV_1523",0.0094641235072549,0.0100976419443416,-0.00192570146821742,"ASV_1523","no_hit","Dinophyceae","Dinophyceae","Syndiniales","Amoebophryaceae","g_","s_"
"1499","ASV_1524",-0.000273597330501629,0.0127003852861141,0.00601132998010525,"ASV_1524","no_hit","unknown","unknown","unknown","unknown","unknown","s_"
"1500","ASV_1525",0.010192910385889,0.00624226361402165,-0.00540217186909089,"ASV_1525","no_hit","Dinophyceae","Dinophyceae","no_hit","no_hit","g_","s_"
"1501","ASV_1526",0.0152412885752655,0.00919733583081922,-0.00308337807552722,"ASV_1526","no_hit","no_hit","no_hit","no_hit","no_hit","no_hit","s_"
"1502","ASV_1527",0.00098022591083038,0.00420443638166829,0.00163467826574362,"ASV_1527","no_hit","unknown","unknown","unknown","unknown","unknown","Acantharian sp. 6201"
"1503","ASV_1528",0.0011362395433414,-0.000941053978711975,-0.0089898186097494,"ASV_1528","no_hit","unknown","unknown","unknown","unknown","g_","s_"
"1504","ASV_1529",-0.00371824581292656,0.0010629609322093,-0.0183278209291389,"ASV_1529","no_hit","Dinophyceae","Dinophyceae","Peridiniales","no_hit","no_hit","no_hit"
"1505","ASV_1530",-0.00257444917585504,0.00168676622197931,-0.000488223452627963,"ASV_1530","no_hit","unknown","unknown","Pirsoniales","unknown","Pirsonia","s_"
"1506","ASV_1531",-0.00664105600489674,7.06106010741844e-05,-0.00341007424540682,"ASV_1531","no_hit","Dinophyceae","Dinophyceae","Peridiniales","Protoperidiniaceae","Protoperidinium","Protoperidinium leonis"
"1507","ASV_1532",0.000249380905966102,0.0119248752186409,0.00520369568071263,"ASV_1532","no_hit","unknown","unknown","Sticholonchida","Sticholonchidae","g_","s_"
"1508","ASV_1534",-0.00686674205971995,0.00672011924067205,-0.0168684680547591,"ASV_1534","no_hit","Ciliophora","Spirotrichea","unknown","Strombidiidae","no_hit","no_hit"
"1509","ASV_1535",0.000526906969434308,0.0116717082880759,0.00510862105235063,"ASV_1535","no_hit","Dinophyceae","Dinophyceae","Syndiniales","Amoebophryaceae","g_","s_"
"1510","ASV_1536",-0.000988569554535133,0.000129007658955976,-0.00500991599471507,"ASV_1536","no_hit","Dinophyceae","Dinophyceae","Gymnodiniales","Gymnodiniaceae","Paulsenella","Paulsenella vonstoschii"
"1511","ASV_1537",0.00220263426974981,0.00726312361849793,0.00313474470636171,"ASV_1537","no_hit","Euglenozoa","unknown","Diplonemea","unknown","g_","s_"
"1512","ASV_1538",-8.17044771148362e-05,0.00391035488536131,-0.000264977295187332,"ASV_1538","no_hit","Dinophyceae","Dinophyceae","Peridiniales","Kryptoperidiniaceae","g_","s_"
"1513","ASV_1539",0.00368009485981804,-0.00281210005031606,0.00352993695003205,"ASV_1539","Metazoa","Annelida","Polychaeta","Phyllodocida","Lopadorrhynchidae","Maupasia","no_hit"
"1514","ASV_1540",0.00319690211781353,0.000746536331043628,-0.000100317582678206,"ASV_1540","no_hit","Dinophyceae","Dinophyceae","no_hit","no_hit","no_hit","no_hit"
"1515","ASV_1541",0.00718556017347485,0.00619496354081567,0.00157436209117259,"ASV_1541","no_hit","Ciliophora","Phyllopharyngea","Dysteriida","no_hit","g_","s_"
"1516","ASV_1542",0.00462191128477443,0.0111623314983545,-0.000698108910752466,"ASV_1542","no_hit","unknown","unknown","unknown","unknown","g_","s_"
"1517","ASV_1543",0.0128027305808293,0.00344246402478293,-0.00419581031903161,"ASV_1543","no_hit","unknown","unknown","unknown","unknown","unknown","uncultured marine eukaryote"
"1518","ASV_1544",0.0163565064058967,0.00992327010351265,-0.00363449805783988,"ASV_1544","no_hit","no_hit","no_hit","no_hit","no_hit","no_hit","no_hit"
"1519","ASV_1545",0.0156775285420631,-0.00683473411089024,-0.00960847176426633,"ASV_1545","no_hit","unknown","unknown","unknown","unknown","g_","s_"
"1520","ASV_1546",0.0168792151040221,-0.0059137784442687,-0.00844386750071877,"ASV_1546","no_hit","no_hit","no_hit","no_hit","no_hit","g_","s_"
"1521","ASV_1547",0.0129544243462109,-0.00392863764840137,-0.0140500928422728,"ASV_1547","no_hit","unknown","unknown","unknown","unknown","unknown","uncultured marine eukaryote"
"1522","ASV_1548",0.00483695802824956,0.00473056245916373,-7.98613506995973e-05,"ASV_1548","no_hit","unknown","unknown","unknown","unknown","g_","s_"
"1523","ASV_1549",0.00235607697876623,-0.00119627220777518,-0.000463394799737353,"ASV_1549","no_hit","Dinophyceae","Dinophyceae","Syndiniales","Amoebophryaceae","Amoebophrya","s_"
"1524","ASV_1551",-0.00193785689197774,0.0115521831450322,-0.0119795780241846,"ASV_1551","no_hit","Cercozoa","Thecofilosea","unknown","unknown","g_","s_"
"1525","ASV_1552",0.00267224548649764,0.00100567347595397,-0.00467469864531676,"ASV_1552","no_hit","Dinophyceae","Dinophyceae","Blastodiniales","unknown","g_","s_"
"1526","ASV_1553",-0.0121033732130816,0.00608753330951769,-0.024668622429568,"ASV_1553","Viridiplantae","Prasinodermophyta","Prasinodermophyceae","Prasinodermales","Prasinodermaceae","g_","s_"
"1527","ASV_1554",-0.0130826523208021,0.00746758787963161,-0.0142161589482742,"ASV_1554","no_hit","Ciliophora","Litostomatea","Cyclotrichida","Mesodiniidae","g_","s_"
"1528","ASV_1555",-0.00139577620100669,0.0168931641110071,0.00765957615133341,"ASV_1555","no_hit","Euglenozoa","unknown","Diplonemea","unknown","g_","s_"
"1529","ASV_1556",0.002155970697387,-0.00911499877744754,-0.00590157367028474,"ASV_1556","no_hit","Dinophyceae","Dinophyceae","Syndiniales","Amoebophryaceae","Amoebophrya","s_"
"1530","ASV_1558",0.00670020919520394,0.000429256341967492,-0.0102103508872466,"ASV_1558","no_hit","unknown","unknown","unknown","unknown","g_","s_"
"1531","ASV_1559",0.0126887941352689,-0.00902530445274419,-0.00741920675125541,"ASV_1559","no_hit","Euglenozoa","unknown","Diplonemea","no_hit","no_hit","s_"
"1532","ASV_1560",0.0159174124604104,-0.000412900759896212,-0.00539606582460275,"ASV_1560","no_hit","Dinophyceae","Dinophyceae","Syndiniales","Amoebophryaceae","Amoebophrya","s_"
"1533","ASV_1561",0.00458578407572841,0.0148226409660336,-0.00801946414978902,"ASV_1561","no_hit","no_hit","no_hit","no_hit","no_hit","no_hit","s_"
"1534","ASV_1562",0.00408112413715951,0.0035583339029618,-0.00108533179630989,"ASV_1562","no_hit","unknown","unknown","unknown","unknown","unknown","uncultured marine eukaryote"
"1535","ASV_1563",0.000198276675320136,0.0149377767092654,0.00648469862475437,"ASV_1563","Metazoa","Cnidaria","Hydrozoa","Siphonophorae","no_hit","no_hit","no_hit"
"1536","ASV_1564",-0.00796116677573372,0.00650210754231629,-0.0140463176790487,"ASV_1564","no_hit","Ciliophora","Spirotrichea","unknown","Tontoniidae","Pseudotontonia","Pseudotontonia sp. JG-2011a"
"1537","ASV_1565",0.00774493570474973,-0.000129688707347042,-0.00281622309281841,"ASV_1565","no_hit","Euglenozoa","unknown","Diplonemea","unknown","g_","s_"
"1538","ASV_1566",-0.00203222035888605,0.0153098020460099,-0.0166700713264007,"ASV_1566","no_hit","Dinophyceae","Dinophyceae","Syndiniales","no_hit","g_","s_"
"1539","ASV_1567",0.0133328676438304,0.00014368647647953,-0.0102952932145791,"ASV_1567","no_hit","Imbricatea","unknown","Thaumatomonadida","Thaumatomastigidae","Protaspis","s_"
"1540","ASV_1568",-0.000447798738399979,0.0115684470959336,0.00440630831501444,"ASV_1568","no_hit","Ciliophora","Oligohymenophorea","Apostomatida","Foettingeriidae","no_hit","no_hit"
"1541","ASV_1569",0.0146533623826735,0.00329216943441992,-0.00650885026374152,"ASV_1569","no_hit","unknown","Choanoflagellata","unknown","unknown","unknown","Choanoflagellida sp. SL163"
"1542","ASV_1570",-0.0062284293990206,-0.000469833989864147,-0.0106374535001139,"ASV_1570","no_hit","Dinophyceae","Dinophyceae","Dinophysiales","Dinophysiaceae","Dinophysis","Dinophysis acuminata"
"1543","ASV_1571",0.000656274606847276,0.000849642928941336,0.000722636802655659,"ASV_1571","no_hit","Dinophyceae","Dinophyceae","Blastodiniales","unknown","g_","s_"
"1544","ASV_1572",-0.00572117536836726,0.0083609344049184,-0.0180032303569978,"ASV_1572","no_hit","Bacillariophyta","Bacillariophyceae","no_hit","no_hit","g_","s_"
"1545","ASV_1573",-0.00179035710517024,0.0199094164387513,-0.0160338308702812,"ASV_1573","no_hit","unknown","unknown","unknown","unknown","unknown","s_"
"1546","ASV_1574",-0.00267113973606207,-0.0013469173599722,0.00207813249715579,"ASV_1574","no_hit","no_hit","no_hit","no_hit","no_hit","g_","s_"
"1547","ASV_1575",0.00305205710009776,0.00409656931300003,0.00131778015109156,"ASV_1575","no_hit","unknown","unknown","unknown","unknown","g_","s_"
"1548","ASV_1576",9.2176150766445e-05,0.0076822744334828,0.00391641367068215,"ASV_1576","no_hit","Dinophyceae","Dinophyceae","Syndiniales","Amoebophryaceae","g_","s_"
"1549","ASV_1577",-5.10307521790205e-05,0.00867671091526822,0.00428114032585591,"ASV_1577","no_hit","Euglenozoa","unknown","Diplonemea","unknown","g_","s_"
"1550","ASV_1578",0.00692593316560055,0.00199086400560476,-0.0138233607590776,"ASV_1578","no_hit","Haptophyta","no_hit","no_hit","no_hit","no_hit","s_"
"1551","ASV_1579",-0.00145339770785567,0.0109195555070915,-0.00969714116813928,"ASV_1579","no_hit","no_hit","no_hit","no_hit","no_hit","no_hit","no_hit"
"1552","ASV_1580",0.000418284199387907,0.000142310683884612,-0.0157743868443542,"ASV_1580","no_hit","Dinophyceae","Dinophyceae","no_hit","no_hit","no_hit","no_hit"
"1553","ASV_1581",0.00205312012914795,0.0114671651153263,0.00408817060381081,"ASV_1581","no_hit","no_hit","no_hit","no_hit","no_hit","no_hit","no_hit"
"1554","ASV_1582",2.46223912533898e-05,0.00198175968676703,0.000988141616043825,"ASV_1582","unassigned","unassigned","unassigned","unassigned","unassigned","g_","s_"
"1555","ASV_1583",0.00717930618703605,0.00367400430111982,-0.0123248899639989,"ASV_1583","no_hit","Dinophyceae","Dinophyceae","no_hit","no_hit","no_hit","no_hit"
"1556","ASV_1584",0.014430638390141,-0.00018693747353497,-0.0058585855783529,"ASV_1584","no_hit","Dinophyceae","Dinophyceae","Syndiniales","Amoebophryaceae","g_","s_"
"1557","ASV_1585",0.00155801985839898,0.00383489196387357,0.00155245759441363,"ASV_1585","no_hit","unknown","unknown","unknown","unknown","unknown","Acantharian sp. 6201"
"1558","ASV_1586",0.00236348508956422,-0.0108037439093663,-0.0102752293739578,"ASV_1586","no_hit","unknown","unknown","unknown","unknown","unknown","uncultured marine eukaryote"
"1559","ASV_1587",-0.00329996149508736,5.90024592159094e-06,-0.00469166572909138,"ASV_1587","no_hit","Imbricatea","unknown","Thaumatomonadida","unknown","g_","s_"
"1560","ASV_1588",0.0177230885267839,0.000600968070459778,-0.00789593122846539,"ASV_1588","no_hit","unknown","unknown","unknown","unknown","unknown","uncultured marine eukaryote"
"1561","ASV_1589",-0.00221082869760184,-0.00410093323284205,-0.0038856863976896,"ASV_1589","no_hit","Dinophyceae","Dinophyceae","no_hit","no_hit","no_hit","no_hit"
"1562","ASV_1590",0.00910920807742363,0.00782398205668078,-0.00527295577635541,"ASV_1590","no_hit","Dinophyceae","Dinophyceae","Syndiniales","Amoebophryaceae","Amoebophrya","s_"
"1563","ASV_1591",0.00925591606993415,-0.000102723409228301,-0.00408384721448608,"ASV_1591","no_hit","no_hit","no_hit","no_hit","no_hit","no_hit","no_hit"
"1564","ASV_1592",0.00794980629719407,0.000787635574116468,-0.00365037876890804,"ASV_1592","no_hit","Dinophyceae","Dinophyceae","no_hit","no_hit","no_hit","s_"
"1565","ASV_1593",-0.000930436430993298,0.000136365092795357,-0.000135273311405072,"ASV_1593","no_hit","unknown","unknown","unknown","unknown","g_","s_"
"1566","ASV_1594",-0.0070207265651786,0.00237286068238561,-0.00580865802578794,"ASV_1594","no_hit","Ciliophora","Spirotrichea","no_hit","no_hit","g_","s_"
"1567","ASV_1595",0.0105298722609782,0.0031120945845471,-0.0109238382298019,"ASV_1595","no_hit","Cercozoa","no_hit","no_hit","no_hit","no_hit","no_hit"
"1568","ASV_1596",0.00673908179952461,0.00680556981779066,0.000558946072991002,"ASV_1596","no_hit","Dinophyceae","Dinophyceae","Syndiniales","no_hit","g_","s_"
"1569","ASV_1597",0.0169747229284134,0.00515995614473432,-0.00520449788633062,"ASV_1597","no_hit","Dinophyceae","Dinophyceae","no_hit","no_hit","no_hit","no_hit"
"1570","ASV_1598",0.00318054722593341,0.00111284898230609,0.00017200410457203,"ASV_1598","no_hit","unknown","unknown","unknown","unknown","g_","s_"
"1571","ASV_1599",-0.00331464757800683,0.00782450685214258,0.00458545026175506,"ASV_1599","no_hit","Apicomplexa","Conoidasida","Eucoccidiorida","Eimeriidae","g_","s_"
"1572","ASV_1600",0.0100975225905233,0.010644915191797,-0.00554041838246718,"ASV_1600","no_hit","no_hit","no_hit","no_hit","no_hit","no_hit","no_hit"
"1573","ASV_1601",0.0121325878592157,0.00801246082836504,0.0032988431272094,"ASV_1601","no_hit","unknown","unknown","unknown","unknown","unknown","s_"
"1574","ASV_1602",0.00232622017595906,-0.0104207711529522,-0.0058213269752808,"ASV_1602","no_hit","Dinophyceae","Dinophyceae","Syndiniales","Amoebophryaceae","g_","s_"
"1575","ASV_1603",0.00220387162643089,-0.000285011805655868,0.000466477018010895,"ASV_1603","no_hit","Euglenozoa","unknown","Diplonemea","no_hit","g_","s_"
"1576","ASV_1604",-0.00317950071086414,-0.00428238062974359,0.000706107774517104,"ASV_1604","Metazoa","Annelida","Polychaeta","no_hit","no_hit","g_","s_"
"1577","ASV_1605",0.000703004573698915,0.0119104198557913,-0.0159313781045356,"ASV_1605","no_hit","unknown","unknown","unknown","unknown","unknown","uncultured marine eukaryote"
"1578","ASV_1606",0.0149574652794897,0.00623444300329776,-0.0027964573948081,"ASV_1606","no_hit","unknown","Developea","unknown","Developayellaceae","g_","s_"
"1579","ASV_1607",0.0125541783589626,0.00373611914347544,-0.00679191082060774,"ASV_1607","no_hit","unknown","unknown","unknown","unknown","unknown","uncultured marine picoeukaryote"
"1580","ASV_1608",-0.00454002753621908,-0.00355183038229831,-0.00090209136987994,"ASV_1608","Metazoa","Annelida","Polychaeta","unknown","Capitellidae","Dasybranchus","no_hit"
"1581","ASV_1609",0.00811987325458246,-0.00762982010155908,-0.00724857715064662,"ASV_1609","no_hit","unknown","unknown","unknown","unknown","g_","s_"
"1582","ASV_1610",0.00118419154888774,0.00208313634122087,-0.00330239157702925,"ASV_1610","no_hit","Ciliophora","Spirotrichea","Urostylida","no_hit","no_hit","no_hit"
"1583","ASV_1611",-0.00149563723239482,0.00654764912575934,0.00463072233273897,"ASV_1611","no_hit","Dinophyceae","Dinophyceae","no_hit","no_hit","g_","s_"
"1584","ASV_1612",0.00968656831186668,0.00918094222192442,-0.00919392834808259,"ASV_1612","no_hit","no_hit","no_hit","no_hit","no_hit","g_","s_"
"1585","ASV_1613",0.0123158946216675,0.0104679605364516,-0.00225105832053254,"ASV_1613","no_hit","Dinophyceae","Dinophyceae","no_hit","no_hit","g_","s_"
"1586","ASV_1614",0.00541610845997678,0.000730369915732009,-0.000496614342027029,"ASV_1614","no_hit","Euglenozoa","unknown","Diplonemea","unknown","g_","s_"
"1587","ASV_1615",0.0044695366327991,0.00908444725954334,-0.00890155562348257,"ASV_1615","no_hit","no_hit","no_hit","no_hit","no_hit","no_hit","no_hit"
"1588","ASV_1617",0.00992205784943867,0.00858593694024186,0.00141639134976944,"ASV_1617","no_hit","unknown","unknown","unknown","unknown","g_","s_"
"1589","ASV_1618",0.00973228451657589,0.00923481728787805,-0.0082041322822058,"ASV_1618","no_hit","Dinophyceae","Dinophyceae","Syndiniales","Amoebophryaceae","Amoebophrya","s_"
"1590","ASV_1619",0.00112556002470096,0.00584569273590946,0.000580774164022882,"ASV_1619","no_hit","Ciliophora","Oligohymenophorea","Philasterida","Cinetochilidae","g_","s_"
"1591","ASV_1620",0.00564952458375931,0.0113516619157224,-0.0104800867542402,"ASV_1620","no_hit","unknown","unknown","unknown","unknown","unknown","uncultured marine eukaryote"
"1592","ASV_1621",-0.00115526220071298,0.0109079049863966,0.00557912006742104,"ASV_1621","no_hit","Euglenozoa","unknown","Diplonemea","unknown","g_","s_"
"1593","ASV_1622",0.0069413968990587,0.0128289385972034,-0.0159020435407582,"ASV_1622","no_hit","Haptophyta","unknown","Prymnesiales","no_hit","no_hit","s_"
"1594","ASV_1623",0.00793443909030798,-0.00158775435229248,-0.00499668098953697,"ASV_1623","no_hit","Ciliophora","Oligohymenophorea","Philasterida","Loxocephalidae","g_","s_"
"1595","ASV_1624",-0.000749028761973439,-0.00541263796245921,-0.00736946647342072,"ASV_1624","no_hit","unknown","unknown","unknown","unknown","unknown","uncultured marine eukaryote"
"1596","ASV_1625",0.00651578788894417,-0.00517148267380746,-0.0168444363488352,"ASV_1625","no_hit","unknown","Choanoflagellata","Acanthoecida","Stephanoecidae","Stephanoeca","s_"
"1597","ASV_1626",-0.00592120633206291,-0.00341516410891558,0.000588504467248706,"ASV_1626","no_hit","Dinophyceae","Dinophyceae","Gymnodiniales","Warnowiaceae","Warnowia","s_"
"1598","ASV_1627",0.0150926514631824,0.00123841425802276,-0.00437959977897683,"ASV_1627","no_hit","unknown","unknown","unknown","unknown","g_","s_"
"1599","ASV_1628",0.0141164772432694,0.00932465697028041,-0.01001269230902,"ASV_1628","no_hit","unknown","unknown","unknown","unknown","unknown","Stramenopiles sp. MAST-8B-sp1"
"1600","ASV_1629",0.00381091823265778,0.00128402482690939,-0.00098814239879736,"ASV_1629","no_hit","unknown","unknown","unknown","unknown","g_","s_"
"1601","ASV_1630",0.00344017833893083,-0.00181476966737375,-0.00398315765295606,"ASV_1630","no_hit","Dinophyceae","Dinophyceae","Gymnodiniales","Kareniaceae","g_","s_"
"1602","ASV_1631",-0.00671544857002839,0.00050004307049521,-0.022610074001093,"ASV_1631","no_hit","Dinophyceae","Dinophyceae","no_hit","no_hit","no_hit","s_"
"1603","ASV_1632",0.00880260884700805,6.51374832171342e-06,-0.00311136958594903,"ASV_1632","no_hit","unknown","unknown","unknown","unknown","g_","s_"
"1604","ASV_1633",-0.00423211173598364,0.000145737842693,-0.00600865884562616,"ASV_1633","no_hit","no_hit","no_hit","no_hit","no_hit","g_","s_"
"1605","ASV_1634",0.00735214971679757,0.00687895254045062,-0.000234934420184905,"ASV_1634","no_hit","no_hit","no_hit","no_hit","no_hit","no_hit","no_hit"
"1606","ASV_1635",0.0119084258181668,-0.00734070032630138,-0.00768457730187192,"ASV_1635","no_hit","Ciliophora","Oligohymenophorea","Philasterida","Loxocephalidae","g_","s_"
"1607","ASV_1636",0.00803508906444906,-0.00829030389106832,-0.00771572543345773,"ASV_1636","no_hit","unknown","unknown","unknown","unknown","unknown","uncultured marine eukaryote"
"1608","ASV_1637",0.00243378063626989,-0.00154525881150459,0.00267366367618633,"ASV_1637","no_hit","Dinophyceae","Dinophyceae","no_hit","no_hit","g_","s_"
"1609","ASV_1638",-0.00176757291765109,0.000612936907280829,-0.000819843800763249,"ASV_1638","no_hit","Dinophyceae","Dinophyceae","Gonyaulacales","Gonyaulacaceae","Alexandrium","no_hit"
"1610","ASV_1639",-0.011160392945123,0.00511732699488953,-0.0105707250114538,"ASV_1639","no_hit","Ciliophora","Spirotrichea","no_hit","no_hit","no_hit","s_"
"1611","ASV_1640",0.0156845165382005,0.000751850806728543,-0.00600527890053109,"ASV_1640","no_hit","Dinophyceae","Dinophyceae","Gymnodiniales","no_hit","no_hit","no_hit"
"1612","ASV_1641",-0.00747958039266424,0.00282048477003131,-0.0146923729978625,"ASV_1641","no_hit","unknown","unknown","unknown","unknown","unknown","uncultured marine picoeukaryote"
"1613","ASV_1642",0.00181622639245743,0.00841354232695893,0.00314467179580725,"ASV_1642","no_hit","Euglenozoa","unknown","Diplonemea","unknown","unknown","s_"
"1614","ASV_1643",-0.0012179173679875,0.0182713528448789,-0.016359765678074,"ASV_1643","Viridiplantae","Chlorophyta","no_hit","no_hit","no_hit","no_hit","no_hit"
"1615","ASV_1644",0.00202750522527922,0.00670706701250011,0.00292779274939848,"ASV_1644","no_hit","no_hit","no_hit","no_hit","no_hit","no_hit","no_hit"
"1616","ASV_1645",0.000242992135388994,0.0023626985615161,-0.0065859507777484,"ASV_1645","no_hit","unknown","Bigyra","Thraustochytrida","Thraustochytriaceae","g_","s_"
"1617","ASV_1646",0.00219552843873475,-0.0143205144415506,-0.00455876332919434,"ASV_1646","Viridiplantae","Prasinodermophyta","Prasinodermophyceae","Prasinodermales","Prasinodermaceae","Prasinoderma","Prasinoderma singulare"
"1618","ASV_1647",0.00330317987163404,0.00826302254481067,-0.00372144473186553,"ASV_1647","no_hit","Dinophyceae","Dinophyceae","Syndiniales","Amoebophryaceae","Amoebophrya","no_hit"
"1619","ASV_1648",-0.00975863518404045,-0.000167595067973945,-0.00380875855251381,"ASV_1648","no_hit","Ciliophora","no_hit","no_hit","no_hit","g_","s_"
"1620","ASV_1649",-0.0129513848554996,0.00575969382416937,-0.0128654477310703,"ASV_1649","no_hit","Dinophyceae","Dinophyceae","no_hit","no_hit","no_hit","no_hit"
"1621","ASV_1650",-0.00308606226332774,0.0104117549326394,0.00636577351504698,"ASV_1650","no_hit","Dinophyceae","Dinophyceae","Gonyaulacales","Amphidomataceae","g_","s_"
"1622","ASV_1651",0.000493475200839724,0.00379288990364197,-0.00455223754508852,"ASV_1651","no_hit","no_hit","no_hit","no_hit","no_hit","g_","s_"
"1623","ASV_1653",5.7023658503137e-05,0.00748806507891997,0.00357232312072027,"ASV_1653","no_hit","Euglenozoa","unknown","Diplonemea","unknown","unknown","Diplonemida sp. 3 RG-2016"
"1624","ASV_1654",0.000437833622995277,0.00906139728264637,-0.0106000802425436,"ASV_1654","no_hit","no_hit","no_hit","no_hit","no_hit","no_hit","s_"
"1625","ASV_1655",0.0140389165321062,-0.00528748574415042,-0.00847464033665242,"ASV_1655","no_hit","unknown","unknown","unknown","unknown","g_","s_"
"1626","ASV_1656",0.00365482667739245,0.00996853288995005,-0.00666774797495065,"ASV_1656","no_hit","Dinophyceae","Dinophyceae","Syndiniales","no_hit","g_","s_"
"1627","ASV_1657",-0.00166118120558266,0.00270797401984913,-0.0038960945266702,"ASV_1657","no_hit","Dinophyceae","Dinophyceae","no_hit","no_hit","g_","s_"
"1628","ASV_1658",0.00249003277478853,0.00862535861414108,-0.0096672317507805,"ASV_1658","Viridiplantae","Chlorophyta","Mamiellophyceae","Dolichomastigales","Crustomastigaceae","g_","s_"
"1629","ASV_1659",-0.000248002452885518,0.00598804560506352,0.00324290918480065,"ASV_1659","Metazoa","Nemertea","Pilidiophora","Heteronemertea","Lineidae","no_hit","no_hit"
"1630","ASV_1660",-0.00156224517431492,0.00678926655637674,0.0036214034696263,"ASV_1660","no_hit","no_hit","no_hit","no_hit","no_hit","no_hit","no_hit"
"1631","ASV_1661",0.00333521489640076,-0.00553896967444731,-0.00602843746301759,"ASV_1661","no_hit","Dinophyceae","Dinophyceae","Syndiniales","Amoebophryaceae","g_","s_"
"1632","ASV_1662",-0.00287315795054393,-0.00568643015560069,-0.0092614549352059,"ASV_1662","no_hit","Dinophyceae","Dinophyceae","Syndiniales","Amoebophryaceae","Amoebophrya","no_hit"
"1633","ASV_1663",0.0123495327054071,0.00774223064694336,-0.00247427779692591,"ASV_1663","no_hit","unknown","unknown","unknown","unknown","g_","s_"
"1634","ASV_1664",-0.00182430215156391,0.003453327101086,-0.00688335407370897,"ASV_1664","no_hit","Haptophyta","unknown","Prymnesiales","Chrysochromulinaceae","Chrysochromulina","no_hit"
"1635","ASV_1665",0.0135142116872339,-0.00353417858915811,-0.00627874369623667,"ASV_1665","no_hit","Dinophyceae","Dinophyceae","no_hit","no_hit","no_hit","s_"
"1636","ASV_1666",0.0182774854404083,0.00547211598825668,-0.00436502966512806,"ASV_1666","no_hit","Dinophyceae","Dinophyceae","Syndiniales","Amoebophryaceae","g_","s_"
"1637","ASV_1667",0.00840308225382836,-0.00622710860929044,-0.00575682813851725,"ASV_1667","no_hit","no_hit","no_hit","no_hit","no_hit","no_hit","s_"
"1638","ASV_1668",-0.00668846251472548,0.00521169611220066,-0.0098752322152589,"ASV_1668","no_hit","Dinophyceae","Dinophyceae","Syndiniales","no_hit","no_hit","no_hit"
"1639","ASV_1669",0.0073800510267539,0.00543877798823059,-0.0110378283905906,"ASV_1669","no_hit","no_hit","no_hit","no_hit","no_hit","g_","s_"
"1640","ASV_1670",-0.000676628987109063,0.00632321190347824,0.00282727571631748,"ASV_1670","Metazoa","Chordata","Appendicularia","Copelata","Fritillariidae","Fritillaria <tunicates>","no_hit"
"1641","ASV_1671",0.000557672220599566,0.00194929007619909,0.00110196386538241,"ASV_1671","no_hit","unknown","unknown","unknown","unknown","g_","s_"
"1642","ASV_1672",0.00182211309192938,0.0039140003007488,-0.000509389382628648,"ASV_1672","no_hit","Apicomplexa","Conoidasida","Eucoccidiorida","unknown","g_","s_"
"1643","ASV_1673",0.0153721684263581,0.00720781633676476,-0.00595925693331473,"ASV_1673","no_hit","unknown","Dictyochophyceae","Pedinellales","no_hit","no_hit","no_hit"
"1644","ASV_1674",-0.00194330115540726,0.000776215658333262,-0.0231098798529025,"ASV_1674","no_hit","Dinophyceae","Dinophyceae","Syndiniales","Amoebophryaceae","Amoebophrya","s_"
"1645","ASV_1675",0.00156885232589628,0.0153758573057611,-0.00906726261024697,"ASV_1675","no_hit","Cercozoa","no_hit","no_hit","no_hit","g_","s_"
"1646","ASV_1676",0.00315101786391443,-0.0045427473900225,-0.00150393830522117,"ASV_1676","no_hit","unknown","unknown","unknown","unknown","unknown","s_"
"1647","ASV_1677",0.0121028815339795,-0.0080174604651538,-0.00856134546307512,"ASV_1677","no_hit","Ciliophora","Prostomatea","Prorodontida","Urotrichidae","g_","s_"
"1648","ASV_1678",0.00352576333078341,0.00326984501246386,-0.00035015602070086,"ASV_1678","no_hit","Ciliophora","Oligohymenophorea","Philasterida","no_hit","no_hit","no_hit"
"1649","ASV_1679",-0.0046641360191312,0.00736920822705872,-0.0100879339095053,"ASV_1679","no_hit","Haptophyta","unknown","Prymnesiales","Prymnesiaceae","Haptolina","Haptolina ericina"
"1650","ASV_1680",0.0168275532502884,0.0129232763265826,-0.00557826317110323,"ASV_1680","no_hit","Dinophyceae","Dinophyceae","Syndiniales","Amoebophryaceae","Amoebophrya","no_hit"
"1651","ASV_1681",0.00209512576837897,0.00924567533228763,0.00283910067402163,"ASV_1681","no_hit","Dinophyceae","Dinophyceae","no_hit","no_hit","g_","s_"
"1652","ASV_1682",0.000244050803635847,0.00232338460701003,-0.000559504734034897,"ASV_1682","no_hit","Dinophyceae","Dinophyceae","Syndiniales","Amoebophryaceae","Amoebophrya","no_hit"
"1653","ASV_1683",0.0097579949138177,0.00957887947391038,-7.5244558505887e-05,"ASV_1683","Metazoa","Cnidaria","Hydrozoa","Narcomedusae","Aeginidae","Aegina","Aegina citrea"
"1654","ASV_1684",0.00129749240622432,0.0105102989609384,0.00259610340890448,"ASV_1684","no_hit","Dinophyceae","Dinophyceae","no_hit","no_hit","g_","s_"
"1655","ASV_1685",-0.000483629687439034,-0.00596162118449214,-0.0126801519219122,"ASV_1685","no_hit","Dinophyceae","Dinophyceae","Syndiniales","no_hit","no_hit","s_"
"1656","ASV_1686",0.004273063001819,0.00108083672008937,-0.000461106911118266,"ASV_1686","no_hit","unknown","Acantharea","Symphyacanthida","Amphilithiidae","g_","s_"
"1657","ASV_1687",-0.00164797328416042,0.0052811455629052,0.00471957153234147,"ASV_1687","Metazoa","Arthropoda","Ostracoda","Halocyprida","Halocyprididae","g_","s_"
"1658","ASV_1688",0.00559551838648079,0.011198713184962,-0.0117744812236972,"ASV_1688","no_hit","Dinophyceae","Dinophyceae","Syndiniales","Amoebophryaceae","Amoebophrya","no_hit"
"1659","ASV_1689",-0.000157551693370136,0.00756986826079841,0.00389677753838998,"ASV_1689","no_hit","Euglenozoa","unknown","Diplonemea","unknown","g_","s_"
"1660","ASV_1690",0.0066471538534303,-0.0074549064963114,-0.00426423150277778,"ASV_1690","no_hit","unknown","Bolidophyceae","Parmales","Triparmaceae","g_","s_"
"1661","ASV_1691",0.000191525139084844,-0.00139656675039609,-0.00525230078227994,"ASV_1691","no_hit","Bacillariophyta","Coscinodiscophyceae","Chaetocerotales","Chaetocerotaceae","Chaetoceros","s_"
"1662","ASV_1692",0.000667458014177661,0.000946620218964211,0.0010399208080991,"ASV_1692","Metazoa","Echinodermata","Ophiuroidea","Amphilepidida","no_hit","no_hit","no_hit"
"1663","ASV_1693",0.00145884829509843,-0.0030166171304314,-0.000701578040691095,"ASV_1693","no_hit","no_hit","no_hit","no_hit","no_hit","no_hit","no_hit"
"1664","ASV_1694",0.00127047193992689,0.00514735442594177,-0.00540393616540063,"ASV_1694","Metazoa","Arthropoda","Hexanauplia","Cyclopoida","Oithonidae","Oithona","Oithona similis"
"1665","ASV_1695",-0.00220803395243051,0.000495067104415679,-0.000530973480087236,"ASV_1695","no_hit","Cercozoa","unknown","Cercomonadida","Cercomonadidae","g_","s_"
"1666","ASV_1696",-0.00186579094442558,0.0059694875429271,0.00290789383262135,"ASV_1696","no_hit","unknown","unknown","unknown","unknown","unknown","s_"
"1667","ASV_1697",0.00303299580606657,-0.0050426743687815,-0.000202704917120756,"ASV_1697","no_hit","unknown","unknown","unknown","unknown","g_","s_"
"1668","ASV_1698",0.00295574526254635,-0.00085620923505752,-0.00579799456808556,"ASV_1698","no_hit","no_hit","no_hit","no_hit","no_hit","no_hit","no_hit"
"1669","ASV_1699",0.0108065661313145,0.00662247118563429,-0.00143143838499444,"ASV_1699","no_hit","Foraminifera","unknown","Rotaliida","Cassidulinidae","Cassidulina","s_"
"1670","ASV_1700",-0.00320712253914589,0.000715112801833305,-0.00114015236230245,"ASV_1700","no_hit","no_hit","no_hit","no_hit","no_hit","no_hit","s_"
"1671","ASV_1701",-0.00101855654699834,0.00478090574033634,-0.00556982601590084,"ASV_1701","no_hit","Bacillariophyta","Coscinodiscophyceae","Rhizosoleniales","Rhizosoleniaceae","Proboscia","s_"
"1672","ASV_1702",0.00144271344701334,-0.000821167386642421,0.0040598726872583,"ASV_1702","Metazoa","Annelida","Polychaeta","Spionida","Magelonidae","Magelona","s_"
"1673","ASV_1703",0.0120220115311385,-0.00218292741388632,-0.00652655892035701,"ASV_1703","no_hit","Dinophyceae","Dinophyceae","Gymnodiniales","Kareniaceae","Karlodinium","no_hit"
"1674","ASV_1704",0.0107639999649716,-0.0116743745890518,-0.0109139062927723,"ASV_1704","no_hit","Dinophyceae","Dinophyceae","Syndiniales","Amoebophryaceae","Amoebophrya","s_"
"1675","ASV_1705",0.00669269400056074,0.0101120612602708,-0.00394172151064539,"ASV_1705","no_hit","Dinophyceae","Dinophyceae","Syndiniales","Amoebophryaceae","g_","s_"
"1676","ASV_1706",0.0015767277390461,-0.00913787928145549,-0.0120063923129463,"ASV_1706","no_hit","Dinophyceae","Dinophyceae","Gymnodiniales","Kareniaceae","Takayama","Takayama cf. pulchellum"
"1677","ASV_1708",-0.0104949915851498,0.00830585958763011,-0.0146158588854613,"ASV_1708","no_hit","unknown","Dictyochophyceae","Pedinellales","unknown","Pseudopedinella","Pseudopedinella elastica"
"1678","ASV_1709",-0.00204623348218224,0.00860596738402984,0.00484914757177985,"ASV_1709","no_hit","Dinophyceae","Dinophyceae","Peridiniales","Peridiniaceae","Pernambugia","Pernambugia tuberosa"
"1679","ASV_1710",-0.00907905021722168,0.00323424849568778,-0.00875877885336354,"ASV_1710","no_hit","Euglenozoa","Euglenida","Eutreptiales","unknown","Eutreptiella","Eutreptiella eupharyngea"
"1680","ASV_1711",0.00423399710711635,0.00915864242923203,-0.00552093853984887,"ASV_1711","no_hit","no_hit","no_hit","no_hit","no_hit","g_","s_"
"1681","ASV_1712",-0.000175379881770249,0.0101458109432187,0.00500258238477779,"ASV_1712","no_hit","Dinophyceae","Dinophyceae","Syndiniales","no_hit","no_hit","no_hit"
"1682","ASV_1713",-0.0021787676523671,0.000271070576514176,0.00253313413329999,"ASV_1713","no_hit","Dinophyceae","Dinophyceae","Gonyaulacales","Amphidomataceae","Azadinium","no_hit"
"1683","ASV_1714",-0.0117419381976588,0.00586462217968892,-0.0112624295753361,"ASV_1714","no_hit","Dinophyceae","Dinophyceae","Peridiniales","Protoperidiniaceae","Protoperidinium","s_"
"1684","ASV_1715",0.00133836669632582,0.00373122615120558,0.00152073885162333,"ASV_1715","no_hit","Euglenozoa","unknown","Diplonemea","unknown","unknown","s_"
"1685","ASV_1716",0.0103909240759297,-0.0028767549708802,-0.0053008058790167,"ASV_1716","no_hit","Euglenozoa","unknown","Diplonemea","unknown","g_","s_"
"1686","ASV_1717",0.00330005971751647,0.00219916138048752,-0.0036949962147609,"ASV_1717","no_hit","no_hit","no_hit","no_hit","no_hit","g_","s_"
"1687","ASV_1718",0.00186453227614933,0.00300949986393785,0.00027698980044576,"ASV_1718","no_hit","no_hit","no_hit","no_hit","no_hit","no_hit","no_hit"
"1688","ASV_1720",0.00281093071628384,0.00613555027653788,0.0018954580252307,"ASV_1720","no_hit","Euglenozoa","unknown","Diplonemea","unknown","g_","s_"
"1689","ASV_1721",0.00150630774586453,0.00211539244765332,-0.00414380846595107,"ASV_1721","Metazoa","Arthropoda","Hexanauplia","Poecilostomatoida","Oncaeidae","g_","s_"
"1690","ASV_1722",0.00296075360287041,0.00088044191316078,-0.00077196169598275,"ASV_1722","no_hit","Dinophyceae","Dinophyceae","no_hit","no_hit","no_hit","no_hit"
"1691","ASV_1723",-0.00118163312632478,0.00732058890048416,-0.00737594938863516,"ASV_1723","no_hit","unknown","unknown","unknown","unknown","g_","s_"
"1692","ASV_1725",0.000943793120601828,-0.000469559820802146,0.00282402906127025,"ASV_1725","no_hit","unknown","unknown","unknown","unknown","unknown","uncultured marine picoeukaryote"
"1693","ASV_1726",0.0109077530027329,-0.00440212961003699,-0.00644565745888227,"ASV_1726","no_hit","Ciliophora","Oligohymenophorea","Philasterida","Loxocephalidae","g_","s_"
"1694","ASV_1727",0.0172269024037919,-0.00440803820104599,-0.00694793309625351,"ASV_1727","no_hit","unknown","Polycystinea","Nassellaria","Plagiacanthidae","Lithomelissa","Lithomelissa sp. 8012"
"1695","ASV_1728",0.00466833567445727,0.00554338895564613,-0.00745923086392496,"ASV_1728","no_hit","Dinophyceae","Dinophyceae","no_hit","no_hit","no_hit","no_hit"
"1696","ASV_1729",0.00332439794780189,0.00457518671166478,-0.00022321901803007,"ASV_1729","no_hit","Dinophyceae","Dinophyceae","Syndiniales","Amoebophryaceae","g_","s_"
"1697","ASV_1730",-0.00116723459783752,0.0137027123790286,0.00616054338079605,"ASV_1730","no_hit","no_hit","no_hit","no_hit","no_hit","g_","s_"
"1698","ASV_1731",0.00434946400383325,-0.00815407579386225,-0.00620206522928094,"ASV_1731","no_hit","Dinophyceae","Dinophyceae","no_hit","no_hit","no_hit","no_hit"
"1699","ASV_1732",0.0091385605800582,0.00898957865968844,-0.00407811359495683,"ASV_1732","no_hit","Dinophyceae","Dinophyceae","Syndiniales","Amoebophryaceae","g_","s_"
"1700","ASV_1733",-0.016465881591499,0.00990529130961723,-0.0169016981363885,"ASV_1733","no_hit","Dinophyceae","Dinophyceae","Dinophysiales","Dinophysiaceae","Dinophysis","Dinophysis fortii"
"1701","ASV_1734",0.0114594854819777,0.0143397117657162,0.00250467335082323,"ASV_1734","no_hit","no_hit","no_hit","no_hit","no_hit","g_","s_"
"1702","ASV_1736",0.00570665757461704,-0.0019475733226863,-0.00486263766683941,"ASV_1736","no_hit","Dinophyceae","Dinophyceae","Blastodiniales","unknown","g_","s_"
"1703","ASV_1737",-0.00949393468573311,0.00725391157776986,-0.0110737212069118,"ASV_1737","no_hit","Ciliophora","Oligohymenophorea","Philasterida","Loxocephalidae","g_","s_"
"1704","ASV_1738",0.0119275740354417,0.00397390971371089,-0.00520400751193884,"ASV_1738","no_hit","unknown","unknown","unknown","unknown","unknown","eukaryote clone OLI11305"
"1705","ASV_1739",0.00100415193287196,0.00387887238904079,-0.00300071861941107,"ASV_1739","no_hit","Dinophyceae","Dinophyceae","Blastodiniales","unknown","Blastodinium","Blastodinium mangini"
"1706","ASV_1740",-0.00163080017145633,0.00302051253732385,0.00209306109579109,"ASV_1740","no_hit","Dinophyceae","Dinophyceae","Syndiniales","Amoebophryaceae","Amoebophrya","no_hit"
"1707","ASV_1741",0.00216419625423295,-0.00442911283974959,0.000716348734946839,"ASV_1741","no_hit","Bacillariophyta","Coscinodiscophyceae","Rhizosoleniales","Rhizosoleniaceae","Proboscia","no_hit"
"1708","ASV_1742",0.00413248402527143,0.0021039066712616,-0.0120765080579903,"ASV_1742","no_hit","Dinophyceae","Dinophyceae","Syndiniales","Amoebophryaceae","Amoebophrya","s_"
"1709","ASV_1743",-0.00455222785891192,0.00626916196566573,-0.00808342621754863,"ASV_1743","Viridiplantae","Chlorophyta","no_hit","no_hit","no_hit","no_hit","no_hit"
"1710","ASV_1744",0.0162248810766308,0.00360943964057552,-0.00812345670188998,"ASV_1744","no_hit","Dinophyceae","Dinophyceae","Syndiniales","no_hit","no_hit","no_hit"
"1711","ASV_1745",-1.58715415141407e-05,0.011264454116004,0.00535168842847675,"ASV_1745","no_hit","no_hit","no_hit","no_hit","no_hit","no_hit","no_hit"
"1712","ASV_1746",0.000983834536232105,-0.00090497218316858,0.00205446691288891,"ASV_1746","no_hit","Bacillariophyta","Coscinodiscophyceae","Chaetocerotales","Chaetocerotaceae","Chaetoceros","s_"
"1713","ASV_1747",0.00350960419239793,-0.00495811441083259,-0.00507729794708017,"ASV_1747","no_hit","unknown","unknown","unknown","Apusomonadidae","g_","s_"
"1714","ASV_1748",0.0122907973496651,-0.0116962586651249,-0.00933131589621572,"ASV_1748","no_hit","no_hit","no_hit","no_hit","no_hit","g_","s_"
"1715","ASV_1749",0.000760159330404962,0.0082331334508953,-0.00899654506885254,"ASV_1749","no_hit","no_hit","no_hit","no_hit","no_hit","no_hit","no_hit"
"1716","ASV_1750",0.000871606260936659,0.00455458514116345,0.00182935015481992,"ASV_1750","no_hit","Picozoa","unknown","unknown","unknown","unknown","Picobiliphyte sp. MS584-11"
"1717","ASV_1751",0.0046324303630356,0.0027701959937473,-0.00039546585323451,"ASV_1751","no_hit","no_hit","no_hit","no_hit","no_hit","no_hit","no_hit"
"1718","ASV_1752",0.000305899299951902,0.00844859874407686,0.00352802397187003,"ASV_1752","no_hit","no_hit","no_hit","no_hit","no_hit","no_hit","no_hit"
"1719","ASV_1753",0.00311712992978503,0.0220154487876952,-0.0154017890604861,"ASV_1753","no_hit","Haptophyta","unknown","Prymnesiales","Chrysochromulinaceae","g_","s_"
"1720","ASV_1754",-0.00101055958832727,-0.00190359723738333,-0.0108522904048887,"ASV_1754","no_hit","Dinophyceae","Dinophyceae","Syndiniales","Amoebophryaceae","Amoebophrya","no_hit"
"1721","ASV_1755",0.00867723086568077,-0.00237803835174487,-0.00513568276374394,"ASV_1755","no_hit","Dinophyceae","Dinophyceae","Syndiniales","Amoebophryaceae","g_","s_"
"1722","ASV_1756",0.00711718776815794,0.00528827034437568,-0.00540615181441067,"ASV_1756","no_hit","Dinophyceae","Dinophyceae","Syndiniales","Amoebophryaceae","g_","s_"
"1723","ASV_1757",0.0141269846451922,-0.00238609330443918,-0.00836205631442708,"ASV_1757","no_hit","unknown","unknown","unknown","unknown","g_","s_"
"1724","ASV_1758",0.00733874261911753,0.00958177767111587,0.000395065405695646,"ASV_1758","Metazoa","Annelida","Polychaeta","unknown","Capitellidae","no_hit","s_"
"1725","ASV_1759",0.012778516268082,0.0040583304306792,-0.0050999137613776,"ASV_1759","no_hit","unknown","Choanoflagellata","Acanthoecida","Stephanoecidae","g_","s_"
"1726","ASV_1760",-0.00292155228979236,0.00941384445600456,0.00274076043216533,"ASV_1760","no_hit","no_hit","no_hit","no_hit","no_hit","no_hit","s_"
"1727","ASV_1761",0.000827819983531287,-0.00100977292118563,0.00100915296214213,"ASV_1761","no_hit","Bacillariophyta","Coscinodiscophyceae","Chaetocerotales","Chaetocerotaceae","Chaetoceros","s_"
"1728","ASV_1762",0.000805197362629086,0.00833181888085225,0.00284616348454358,"ASV_1762","no_hit","Dinophyceae","Dinophyceae","Syndiniales","Amoebophryaceae","g_","s_"
"1729","ASV_1763",0.0111590030683019,0.00284841658323323,-0.00352503778920572,"ASV_1763","no_hit","Dinophyceae","Dinophyceae","Syndiniales","Amoebophryaceae","Amoebophrya","no_hit"
"1730","ASV_1764",0.00562016046173801,-0.00640901444862562,-0.00435913932252274,"ASV_1764","no_hit","unknown","Polycystinea","no_hit","no_hit","no_hit","no_hit"
"1731","ASV_1765",0.0130566664178571,0.00992976022652681,0.00038262916008538,"ASV_1765","no_hit","Perkinsozoa","unknown","Perkinsida","Xcellidae","Gadixcellia","no_hit"
"1732","ASV_1766",0.00041380060664799,0.0114238236094958,0.0050841429440474,"ASV_1766","no_hit","Euglenozoa","unknown","Diplonemea","unknown","unknown","s_"
"1733","ASV_1767",0.0117857676507093,0.00534288934325065,-0.00712631811014839,"ASV_1767","no_hit","no_hit","no_hit","no_hit","no_hit","no_hit","s_"
"1734","ASV_1768",0.00697904833099029,0.00556389306919019,-0.00452482911438684,"ASV_1768","no_hit","no_hit","no_hit","no_hit","no_hit","no_hit","no_hit"
"1735","ASV_1769",0.00513814477089468,0.0127010664218236,-0.0103106397517807,"ASV_1769","no_hit","unknown","Cryptophyceae","unknown","unknown","unknown","Cryptophyta sp. CR-MAL03"
"1736","ASV_1770",0.00744604469275985,-0.00220095420971966,-0.00743303118467499,"ASV_1770","no_hit","Dinophyceae","Dinophyceae","no_hit","no_hit","no_hit","no_hit"
"1737","ASV_1771",0.0200302844317353,-0.00020222675738966,-0.00750245410109407,"ASV_1771","no_hit","Cercozoa","unknown","Cercomonadida","Cercomonadidae","g_","s_"
"1738","ASV_1772",-0.00391888384639675,0.00174907159128868,-0.00858768686915606,"ASV_1772","no_hit","Bacillariophyta","Coscinodiscophyceae","Chaetocerotales","Chaetocerotaceae","Chaetoceros","Chaetoceros sp. UNC1416"
"1739","ASV_1773",0.0164281392207258,0.00962763626241984,-0.0140828457927388,"ASV_1773","no_hit","unknown","Bolidophyceae","Parmales","Triparmaceae","g_","s_"
"1740","ASV_1774",0.0116823729142459,0.0174723793277188,-0.00641781906034131,"ASV_1774","no_hit","Dinophyceae","Dinophyceae","Syndiniales","Duboscquellidae","Duboscquella","no_hit"
"1741","ASV_1775",0.0117798353395901,0.000674645541468155,-0.00415801919646323,"ASV_1775","no_hit","unknown","unknown","unknown","unknown","g_","s_"
"1742","ASV_1776",0.00157101196549618,-0.000996980664698218,0.00328235475295454,"ASV_1776","no_hit","no_hit","no_hit","no_hit","no_hit","g_","s_"
"1743","ASV_1777",0.00153273009755213,0.00218948661432758,0.00129226570494388,"ASV_1777","no_hit","Euglenozoa","unknown","Diplonemea","unknown","unknown","s_"
"1744","ASV_1778",0.00208776148060652,-0.00692641304972083,-0.00536525667740725,"ASV_1778","no_hit","Dinophyceae","Dinophyceae","Syndiniales","Amoebophryaceae","g_","s_"
"1745","ASV_1779",0.0168213568721264,0.00207866411790027,-0.00709857115464345,"ASV_1779","no_hit","unknown","Chrysophyceae","unknown","unknown","g_","s_"
"1746","ASV_1780",0.00624211723905257,-0.00386531540291722,-0.0033797391704616,"ASV_1780","no_hit","Dinophyceae","Dinophyceae","Peridiniales","Peridiniaceae","Pentapharsodinium","Pentapharsodinium tyrrhenicum"
"1747","ASV_1781",0.000920663903310171,-0.00687742293963942,-0.00250669764396653,"ASV_1781","no_hit","Dinophyceae","Dinophyceae","Syndiniales","Ellobiopsidae","Thalassomyces","Thalassomyces fagei"
"1748","ASV_1782",0.0101520568477786,0.0111031054624608,-0.00833493865228388,"ASV_1782","no_hit","unknown","Choanoflagellata","Acanthoecida","Stephanoecidae","g_","s_"
"1749","ASV_1783",0.0134273465116051,-0.00295880396302212,-0.00751661793324114,"ASV_1783","no_hit","Euglenozoa","unknown","Diplonemea","Hemistasiidae","g_","s_"
"1750","ASV_1784",8.38216831601079e-05,-0.0019634107561878,-0.00171462549939165,"ASV_1784","no_hit","Bacillariophyta","Coscinodiscophyceae","Thalassiosirales","Thalassiosiraceae","Thalassiosira","no_hit"
"1751","ASV_1785",0.00155164042184832,0.00431090941207387,0.00191518647230883,"ASV_1785","no_hit","no_hit","no_hit","no_hit","no_hit","no_hit","no_hit"
"1752","ASV_1786",0.00371744221987487,-0.008440235186871,-0.00326845874676899,"ASV_1786","no_hit","Euglenozoa","unknown","Diplonemea","unknown","unknown","s_"
"1753","ASV_1787",0.013054174651276,0.00692236824130911,-0.0082253167768655,"ASV_1787","no_hit","unknown","Chrysophyceae","Hibberdiales","Hibberdiaceae","g_","s_"
"1754","ASV_1788",0.0163923135713335,0.0058143394300129,-0.00653522140295891,"ASV_1788","no_hit","no_hit","no_hit","no_hit","no_hit","no_hit","no_hit"
"1755","ASV_1789",0.00144091178136003,0.00115108918937804,-0.000475672974668985,"ASV_1789","no_hit","unknown","Polycystinea","Spumellaria","Litheliidae","Larcopyle","Larcopyle butschlii"
"1756","ASV_1790",0.0113798278516089,-0.00131619211670894,-0.00486607090397704,"ASV_1790","no_hit","Dinophyceae","Dinophyceae","Syndiniales","Amoebophryaceae","Amoebophrya","s_"
"1757","ASV_1791",3.92704981341072e-05,0.00680734845390253,0.00334117409898249,"ASV_1791","no_hit","Dinophyceae","Dinophyceae","Syndiniales","Amoebophryaceae","g_","s_"
"1758","ASV_1792",0.00511338207377219,-0.00149487394810774,-0.0024527840045925,"ASV_1792","no_hit","Dinophyceae","Dinophyceae","Syndiniales","no_hit","no_hit","no_hit"
"1759","ASV_1793",0.00950676570592323,0.0101418848893969,-0.00699721266239917,"ASV_1793","no_hit","Bacillariophyta","Mediophyceae","Eupodiscales","Odontellaceae","Odontella","Odontella aurita"
"1760","ASV_1794",0.00225646831521706,0.00152422634791835,0.000741034303014665,"ASV_1794","no_hit","unknown","Polycystinea","Collodaria","Collozoidae","Cladococcus","Cladococcus viminalis"
"1761","ASV_1795",0.0129333430358833,-0.0001378925791251,-0.00580676428186546,"ASV_1795","no_hit","Dinophyceae","Dinophyceae","Syndiniales","Duboscquellidae","Duboscquella","no_hit"
"1762","ASV_1796",0.00149188725625371,0.00979745187429702,-0.0151363598924221,"ASV_1796","no_hit","unknown","Bigyra","Thraustochytrida","Thraustochytriaceae","g_","s_"
"1763","ASV_1797",-0.00412847665039063,0.0083062217853379,-0.00893301791648762,"ASV_1797","no_hit","Dinophyceae","Dinophyceae","Gymnodiniales","Gymnodiniaceae","Lepidodinium","Lepidodinium viride"
"1764","ASV_1798",0.00274530543777983,0.00602324898424268,0.00202696987470919,"ASV_1798","no_hit","no_hit","no_hit","no_hit","no_hit","no_hit","s_"
"1765","ASV_1799",0.00128973675482705,0.0064110566533502,-0.000762402491507948,"ASV_1799","no_hit","Dinophyceae","Dinophyceae","Syndiniales","Amoebophryaceae","g_","s_"
"1766","ASV_1800",0.00741338778306808,-0.00731674467565057,-0.005578229375946,"ASV_1800","no_hit","unknown","unknown","unknown","unknown","g_","s_"
"1767","ASV_1801",-0.00329358575115471,-0.00996383465333601,-0.0139481871996125,"ASV_1801","Viridiplantae","Chlorophyta","no_hit","no_hit","no_hit","no_hit","no_hit"
"1768","ASV_1802",-0.000174549565188994,-0.0033847356994367,-0.00527480879052903,"ASV_1802","no_hit","unknown","unknown","unknown","unknown","g_","s_"
"1769","ASV_1803",0.00290427392094409,-0.0127780330783277,-0.00489152227335707,"ASV_1803","no_hit","no_hit","no_hit","no_hit","no_hit","no_hit","no_hit"
"1770","ASV_1804",0.00489577848145945,0.000746372869770257,-0.00453152182683393,"ASV_1804","no_hit","Dinophyceae","Dinophyceae","Syndiniales","Amoebophryaceae","Amoebophrya","s_"
"1771","ASV_1805",0.012129199547048,0.0115366852681253,0.000667941412309969,"ASV_1805","no_hit","Cercozoa","unknown","Cercomonadida","Cercomonadidae","g_","s_"
"1772","ASV_1807",0.00103625019840934,-0.00402563325654016,-0.00241842779899828,"ASV_1807","no_hit","Ciliophora","Spirotrichea","Tintinnida","Tintinnidae","Salpingella","Salpingella acuminata"
"1773","ASV_1808",0.00921688596826512,0.00211409030123248,-0.00430998759720005,"ASV_1808","no_hit","no_hit","no_hit","no_hit","no_hit","g_","s_"
"1774","ASV_1809",0.00957421196094882,0.00856398559129843,-0.00050239023173842,"ASV_1809","no_hit","unknown","unknown","unknown","unknown","g_","s_"
"1775","ASV_1810",0.00868963517951536,0.0103753508668187,-0.00416083364487381,"ASV_1810","no_hit","unknown","unknown","unknown","unknown","unknown","uncultured marine eukaryote"
"1776","ASV_1811",0.0146293328048071,0.00711438959043972,-0.0070977264921437,"ASV_1811","no_hit","no_hit","no_hit","no_hit","no_hit","no_hit","no_hit"
"1777","ASV_1812",-0.000718031769261371,0.00655652144211127,0.00364495128887585,"ASV_1812","no_hit","unknown","Polycystinea","no_hit","no_hit","no_hit","no_hit"
"1778","ASV_1813",0.00764841026893095,-0.00467064779394686,-0.00899598412621588,"ASV_1813","no_hit","Haptophyta","no_hit","no_hit","no_hit","g_","s_"
"1779","ASV_1814",0.000351468205803001,0.000339733368760588,-0.000552909195906985,"ASV_1814","Metazoa","Annelida","Polychaeta","Terebellida","Pectinariidae","Pectinaria","no_hit"
"1780","ASV_1815",0.0110370212669141,0.00804132175694001,-0.00220477956098598,"ASV_1815","no_hit","no_hit","no_hit","no_hit","no_hit","g_","s_"
"1781","ASV_1816",0.000123126006940201,0.000368162391963632,0.00116336765662391,"ASV_1816","no_hit","Bacillariophyta","Coscinodiscophyceae","Chaetocerotales","Chaetocerotaceae","Chaetoceros","no_hit"
"1782","ASV_1818",0.003650395709373,-0.000991804044134752,-0.000925612537254162,"ASV_1818","no_hit","unknown","Chrysophyceae","Chromulinales","Paraphysomonadaceae","g_","s_"
"1783","ASV_1819",-0.000642125565750163,0.000528044259621443,-0.0056810976255799,"ASV_1819","no_hit","no_hit","no_hit","no_hit","no_hit","no_hit","no_hit"
"1784","ASV_1820",0.00977375839179985,-0.00449396887373094,-0.00789724203813086,"ASV_1820","no_hit","Dinophyceae","Dinophyceae","Syndiniales","Amoebophryaceae","g_","s_"
"1785","ASV_1821",0.00229189183986615,0.00215260279505454,-0.00463006626166946,"ASV_1821","no_hit","Dinophyceae","Dinophyceae","no_hit","no_hit","no_hit","no_hit"
"1786","ASV_1822",0.0122959457702284,0.0142881772436365,-0.00333460746561096,"ASV_1822","no_hit","Dinophyceae","Dinophyceae","Syndiniales","Amoebophryaceae","Amoebophrya","s_"
"1787","ASV_1823",0.0105102645886109,0.00990674098398486,-0.00964860736002628,"ASV_1823","no_hit","unknown","Chrysophyceae","Chromulinales","Paraphysomonadaceae","Paraphysomonas","no_hit"
"1788","ASV_1824",0.00192925088922816,-6.60196032702569e-05,-0.000294407339847336,"ASV_1824","no_hit","Dinophyceae","Dinophyceae","Syndiniales","Amoebophryaceae","g_","s_"
"1789","ASV_1825",0.0108855335084981,0.00972303416867701,-0.00357611398309768,"ASV_1825","no_hit","Haptophyta","unknown","Prymnesiales","Chrysochromulinaceae","Chrysochromulina","no_hit"
"1790","ASV_1826",0.0079330593260926,0.00302084440968052,-0.00278895894182607,"ASV_1826","no_hit","unknown","Bigyra","Nanomonadea","unknown","Solenicola","no_hit"
"1791","ASV_1827",0.00263853181000674,-0.00146881007967033,-0.00812657861278914,"ASV_1827","no_hit","Dinophyceae","Dinophyceae","no_hit","no_hit","no_hit","no_hit"
"1792","ASV_1828",0.0124280851268957,0.00590319238594102,-0.00473197636526631,"ASV_1828","no_hit","Bacillariophyta","Mediophyceae","Cymatosirales","Cymatosiraceae","no_hit","no_hit"
"1793","ASV_1829",-0.00749928268764434,0.00427750218357582,-0.00720708608065753,"ASV_1829","no_hit","unknown","unknown","unknown","unknown","unknown","uncultured marine picoeukaryote"
"1794","ASV_1830",0.00204483420485266,-0.0067844703661944,-0.00266871359553189,"ASV_1830","no_hit","Dinophyceae","Dinophyceae","Syndiniales","Amoebophryaceae","Amoebophrya","s_"
"1795","ASV_1831",-0.00138370401822749,0.00572033734053008,0.00423442174771988,"ASV_1831","no_hit","Dinophyceae","Dinophyceae","Peridiniales","no_hit","g_","s_"
"1796","ASV_1832",0.0125932230714884,0.00304937749728748,-0.00343629546220623,"ASV_1832","no_hit","unknown","Cryptophyceae","Kathablepharidacea","Katablepharidaceae","Leucocryptos","Leucocryptos marina"
"1797","ASV_1833",-0.00424962932038305,0.0119211602951404,-0.0159446281440933,"ASV_1833","no_hit","Dinophyceae","Dinophyceae","Syndiniales","Amoebophryaceae","Amoebophrya","s_"
"1798","ASV_1835",0.00317815115510726,-0.00580308882576675,-0.00320993031661428,"ASV_1835","no_hit","Euglenozoa","unknown","Diplonemea","unknown","g_","s_"
"1799","ASV_1836",0.0053454571909522,0.00728827640277068,-0.0148465695241,"ASV_1836","no_hit","Haptophyta","unknown","Prymnesiales","Prymnesiaceae","Prymnesium","s_"
"1800","ASV_1837",0.0162353316550772,0.000939343409623052,-0.00481097774015213,"ASV_1837","no_hit","Euglenozoa","unknown","Diplonemea","unknown","unknown","Diplonemida sp. 21sb RG-2016"
"1801","ASV_1838",-0.0101171598544227,0.00399435089327148,-0.010370605131616,"ASV_1838","no_hit","no_hit","no_hit","no_hit","no_hit","no_hit","no_hit"
"1802","ASV_1839",-0.00522416132949091,0.00295733792210232,-0.00436542571003335,"ASV_1839","no_hit","unknown","Dictyochophyceae","Pedinellales","unknown","Pseudopedinella","s_"
"1803","ASV_1840",6.7469871535458e-05,-0.000907212036658386,0.00209553943296851,"ASV_1840","no_hit","Imbricatea","unknown","Thaumatomonadida","Thaumatomastigidae","g_","s_"
"1804","ASV_1841",2.31689496362326e-05,0.00373941963475514,0.00139685713712334,"ASV_1841","no_hit","Oomycota","no_hit","no_hit","no_hit","no_hit","no_hit"
"1805","ASV_1842",-0.00354263110937383,0.00169983068339281,-0.00350187950410844,"ASV_1842","no_hit","Ciliophora","Spirotrichea","Choreotrichida","Strobilidiidae","g_","s_"
"1806","ASV_1843",0.0125185564875889,-0.0047264937669785,-0.0083466284928578,"ASV_1843","no_hit","Dinophyceae","Dinophyceae","Syndiniales","Amoebophryaceae","g_","s_"
"1807","ASV_1844",-0.00415705265735266,-0.000686053074630201,-0.00835296387450651,"ASV_1844","no_hit","Dinophyceae","Dinophyceae","no_hit","no_hit","no_hit","no_hit"
"1808","ASV_1845",0.00054676891637142,0.00831062258414036,0.00385414161626294,"ASV_1845","no_hit","Euglenozoa","unknown","Diplonemea","Diplonemidae","g_","s_"
"1809","ASV_1846",0.0091757923350302,0.0130828385025911,-0.00719505936489859,"ASV_1846","no_hit","no_hit","no_hit","no_hit","no_hit","no_hit","no_hit"
"1810","ASV_1847",-0.00323116575391767,0.00339136423355352,-0.00694978764764036,"ASV_1847","no_hit","Haptophyta","unknown","Isochrysidales","Noelaerhabdaceae","no_hit","no_hit"
"1811","ASV_1848",0.00631393661376875,0.00924162291470224,-0.00879250647202952,"ASV_1848","no_hit","no_hit","no_hit","no_hit","no_hit","g_","s_"
"1812","ASV_1849",0.00095394808035803,0.0103219985854347,0.00412313266832545,"ASV_1849","no_hit","no_hit","no_hit","no_hit","no_hit","no_hit","no_hit"
"1813","ASV_1850",-0.00337988441755144,0.00113648546579137,-0.001834514029405,"ASV_1850","no_hit","Dinophyceae","Dinophyceae","Gonyaulacales","Gonyaulacaceae","Alexandrium","no_hit"
"1814","ASV_1851",0.0116129298450844,0.0120376162283747,-0.00271949504332115,"ASV_1851","no_hit","Dinophyceae","Dinophyceae","no_hit","no_hit","no_hit","no_hit"
"1815","ASV_1852",-0.00509369754042585,0.00332364547961314,-0.0114828666364176,"ASV_1852","no_hit","no_hit","no_hit","no_hit","no_hit","g_","s_"
"1816","ASV_1853",0.00199694115558286,0.00465798004936979,-0.0161449422319411,"ASV_1853","no_hit","Dinophyceae","Dinophyceae","no_hit","no_hit","g_","s_"
"1817","ASV_1854",0.00488412708545874,0.000604008267207564,-0.00234852732906591,"ASV_1854","no_hit","no_hit","no_hit","no_hit","no_hit","g_","s_"
"1818","ASV_1855",0.00638442970961625,-0.00282325756467131,-0.00414952927730397,"ASV_1855","no_hit","unknown","unknown","unknown","unknown","g_","s_"
"1819","ASV_1856",0.0168227100568678,0.00717606707566253,-0.007633654500338,"ASV_1856","no_hit","no_hit","no_hit","no_hit","no_hit","no_hit","no_hit"
"1820","ASV_1857",-0.00191466827449745,0.0133422939363531,0.00655147833773558,"ASV_1857","no_hit","no_hit","no_hit","no_hit","no_hit","no_hit","no_hit"
"1821","ASV_1858",0.0164059879769327,0.00274709217260341,-0.00548637757059701,"ASV_1858","no_hit","unknown","unknown","unknown","unknown","unknown","s_"
"1822","ASV_1859",-0.00120556899377659,0.00508347034639452,-0.0104324604623284,"ASV_1859","no_hit","no_hit","no_hit","no_hit","no_hit","no_hit","s_"
"1823","ASV_1860",0.00367908538891829,-0.00501273150699465,-0.0115774359955281,"ASV_1860","no_hit","no_hit","no_hit","no_hit","no_hit","no_hit","no_hit"
"1824","ASV_1861",0.00579708631880114,-0.00877801998287965,-0.00495939408696522,"ASV_1861","no_hit","Euglenozoa","unknown","Diplonemea","unknown","g_","s_"
"1825","ASV_1862",0.000484815791029348,0.00486729311138881,0.000952941320697908,"ASV_1862","no_hit","unknown","Chrysophyceae","Chromulinales","no_hit","no_hit","no_hit"
"1826","ASV_1863",0.00110636221312553,-0.00071042528594847,-0.00023772981129176,"ASV_1863","no_hit","no_hit","no_hit","no_hit","no_hit","no_hit","no_hit"
"1827","ASV_1864",0.00386511642920442,0.00385842074780881,0.000186577273489325,"ASV_1864","no_hit","no_hit","no_hit","no_hit","no_hit","no_hit","no_hit"
"1828","ASV_1865",-0.00280969816447325,0.00188110084755738,-0.00260813944322967,"ASV_1865","no_hit","Dinophyceae","Dinophyceae","no_hit","no_hit","no_hit","no_hit"
"1829","ASV_1866",0.0138727791737431,0.0106718893897167,-0.00442622784297588,"ASV_1866","no_hit","unknown","unknown","unknown","unknown","unknown","uncultured marine eukaryote"
"1830","ASV_1867",0.00962713313078803,0.00131741516085834,-0.00300922589368711,"ASV_1867","no_hit","no_hit","no_hit","no_hit","no_hit","no_hit","s_"
"1831","ASV_1868",-0.00396643378793677,0.00561557533755775,-0.000873398951184799,"ASV_1868","no_hit","Dinophyceae","Dinophyceae","no_hit","no_hit","no_hit","no_hit"
"1832","ASV_1870",0.000346980093352428,0.00594874228696748,0.00334340451440377,"ASV_1870","no_hit","no_hit","no_hit","no_hit","no_hit","no_hit","no_hit"
"1833","ASV_1871",-0.00825513812662363,0.00327919936637222,-0.0062174258183809,"ASV_1871","no_hit","Ciliophora","Prostomatea","Prorodontida","Balanionidae","g_","s_"
"1834","ASV_1872",0.00576011451055488,-0.00920110564859118,-0.00509105887537321,"ASV_1872","no_hit","Euglenozoa","unknown","Diplonemea","unknown","g_","s_"
"1835","ASV_1873",0.00471928981589349,-0.00877448188160538,-0.00550000428168204,"ASV_1873","no_hit","Dinophyceae","Dinophyceae","Syndiniales","Amoebophryaceae","Amoebophrya","no_hit"
"1836","ASV_1874",0.00652832066744274,0.00512718800352014,-0.00237680573958883,"ASV_1874","no_hit","Dinophyceae","Dinophyceae","Syndiniales","Amoebophryaceae","g_","s_"
"1837","ASV_1875",-0.00690013744861884,0.00254622707157314,-0.00567736964758911,"ASV_1875","no_hit","unknown","unknown","unknown","unknown","unknown","s_"
"1838","ASV_1876",0.0100744045898011,0.00331384497104223,-0.00496265537785105,"ASV_1876","no_hit","Dinophyceae","Dinophyceae","Syndiniales","Amoebophryaceae","Amoebophrya","s_"
"1839","ASV_1877",0.000663245923401827,0.00741783332253012,-0.00860504274609028,"ASV_1877","no_hit","Dinophyceae","Dinophyceae","Syndiniales","Amoebophryaceae","Amoebophrya","no_hit"
"1840","ASV_1878",-0.00055867417545832,0.0108363433684646,0.00523294475816223,"ASV_1878","no_hit","Dinophyceae","Dinophyceae","Gymnodiniales","Ceratoperidiniaeceae","g_","s_"
"1841","ASV_1879",-0.0127626527619686,0.00646942246828274,-0.0163820598197858,"ASV_1879","no_hit","Dinophyceae","Dinophyceae","no_hit","no_hit","no_hit","no_hit"
"1842","ASV_1880",0.00830554573964798,0.00361006507681263,-0.00214143043649946,"ASV_1880","no_hit","Dinophyceae","Dinophyceae","no_hit","no_hit","no_hit","no_hit"
"1843","ASV_1881",-0.000519304952654396,0.000994752282176506,-0.00323986847450585,"ASV_1881","no_hit","Dinophyceae","Dinophyceae","no_hit","no_hit","no_hit","s_"
"1844","ASV_1882",-0.00111055015593345,-0.000411208343957685,-0.000885684225400734,"ASV_1882","no_hit","no_hit","no_hit","no_hit","no_hit","g_","s_"
"1845","ASV_1883",0.00248513788461934,0.00680305345108577,-0.00523877223765169,"ASV_1883","Metazoa","Arthropoda","Hexanauplia","Cyclopoida","Oithonidae","Oithona","Oithona similis"
"1846","ASV_1884",-0.00172137051555177,0.0148218485784725,0.00675307319155788,"ASV_1884","no_hit","no_hit","no_hit","no_hit","no_hit","no_hit","no_hit"
"1847","ASV_1885",0.0122309687658765,-0.00968743942541231,-0.00948695551090008,"ASV_1885","no_hit","Ciliophora","no_hit","no_hit","no_hit","no_hit","no_hit"
"1848","ASV_1887",-0.00296899726628596,0.00389962851018931,0.00362797593016818,"ASV_1887","no_hit","no_hit","no_hit","no_hit","no_hit","g_","s_"
"1849","ASV_1888",0.00237770656113025,0.00504967430682104,-0.00356774931209425,"ASV_1888","no_hit","Ciliophora","Spirotrichea","Sporadotrichida","Oxytrichidae","g_","s_"
"1850","ASV_1889",-0.00351775390426579,0.0176006928095203,-0.0188089450411591,"ASV_1889","no_hit","Haptophyta","unknown","Prymnesiales","Chrysochromulinaceae","Chrysochromulina","Chrysochromulina strobilus"
"1851","ASV_1890",-0.00201172714653813,-0.000767051487830208,-0.0112257380775093,"ASV_1890","no_hit","Dinophyceae","Dinophyceae","no_hit","no_hit","no_hit","s_"
"1852","ASV_1891",0.00215773912017611,-0.0114114741227565,-0.00886104135488447,"ASV_1891","no_hit","Dinophyceae","Dinophyceae","Syndiniales","Amoebophryaceae","Amoebophrya","no_hit"
"1853","ASV_1892",-0.00524507414016872,0.00102354191588376,0.00336557069045921,"ASV_1892","Metazoa","Gastrotricha","unknown","Chaetonotida","Chaetonotidae","g_","s_"
"1854","ASV_1893",-0.00197916636598659,0.0128179642293691,-0.0188487422686411,"ASV_1893","no_hit","unknown","unknown","unknown","unknown","unknown","uncultured marine eukaryote"
"1855","ASV_1894",0.00284730941013053,0.00365954356703094,-0.00575535247641199,"ASV_1894","no_hit","Haptophyta","unknown","Phaeocystales","Phaeocystaceae","Phaeocystis","no_hit"
"1856","ASV_1895",-0.00062627206917532,0.00951033235618544,0.0044873366281803,"ASV_1895","no_hit","Euglenozoa","unknown","Diplonemea","unknown","unknown","s_"
"1857","ASV_1896",-0.00828748205588021,0.0027668249737705,-0.00641176740202606,"ASV_1896","Metazoa","Rotifera","Eurotatoria","Ploima","no_hit","no_hit","no_hit"
"1858","ASV_1897",0.000520680294832586,0.00595674884012156,0.0028469517219401,"ASV_1897","no_hit","Dinophyceae","Dinophyceae","Syndiniales","Syndiniaceae","g_","s_"
"1859","ASV_1898",0.0115136686476767,0.00224510628361386,-0.00627254215833812,"ASV_1898","no_hit","Imbricatea","unknown","Thaumatomonadida","Thaumatomastigidae","Thaumatomastix","Thaumatomastix sp. CC002-Boundary Bay"
"1860","ASV_1899",-0.0109437824411484,0.00426859315388214,-0.00908313005585838,"ASV_1899","no_hit","Imbricatea","unknown","unknown","Metromonadea","g_","s_"
"1861","ASV_1900",0.00395420660931487,-0.0039192272960831,-0.00652856380124406,"ASV_1900","no_hit","Dinophyceae","Dinophyceae","Syndiniales","no_hit","g_","s_"
"1862","ASV_1901",-0.00615091137357598,0.00401240732452791,-0.0019364178979452,"ASV_1901","no_hit","Dinophyceae","Dinophyceae","Syndiniales","no_hit","g_","s_"
"1863","ASV_1902",-8.89001481288204e-05,0.000678596219332542,0.00100187495160723,"ASV_1902","no_hit","Euglenozoa","unknown","Diplonemea","unknown","unknown","Diplonemida sp. 37 RG-2016"
"1864","ASV_1903",-0.0073408285980748,0.00264659179755013,-0.00582481630794335,"ASV_1903","no_hit","Dinophyceae","Dinophyceae","Peridiniales","Protoperidiniaceae","Protoperidinium","Protoperidinium thulesense"
"1865","ASV_1904",3.64559161021941e-06,7.62058390283142e-05,-0.010701907009773,"ASV_1904","no_hit","unknown","Bigyra","Nanomonadea","unknown","g_","s_"
"1866","ASV_1905",-0.000297424833216989,-0.00391739395547309,-0.0035837750267679,"ASV_1905","no_hit","Dinophyceae","Dinophyceae","Syndiniales","Amoebophryaceae","g_","s_"
"1867","ASV_1906",0.00189990492440218,0.00162256945908681,0.000458114825384424,"ASV_1906","no_hit","Ciliophora","Spirotrichea","no_hit","no_hit","no_hit","no_hit"
"1868","ASV_1907",0.00531993779036413,0.00141303778516381,-0.00115075366837809,"ASV_1907","no_hit","Dinophyceae","Dinophyceae","Syndiniales","Amoebophryaceae","g_","s_"
"1869","ASV_1908",0.0163127283008883,0.0043368891305206,-0.00843768807232938,"ASV_1908","no_hit","unknown","unknown","Telonemida","no_hit","no_hit","no_hit"
"1870","ASV_1909",0.00637236528165526,-0.0177233814243347,-0.00857763091955002,"ASV_1909","no_hit","Dinophyceae","Dinophyceae","Syndiniales","Amoebophryaceae","Amoebophrya","s_"
"1871","ASV_1910",0.00205250950531491,-0.00140639272472235,-0.00040063767080419,"ASV_1910","no_hit","Dinophyceae","Dinophyceae","Syndiniales","no_hit","no_hit","s_"
"1872","ASV_1911",0.00759859358080885,0.006357553822508,-0.00704281456007142,"ASV_1911","no_hit","no_hit","no_hit","no_hit","no_hit","g_","s_"
"1873","ASV_1912",-0.00472428464665714,0.00119202804361229,-0.00540965671044677,"ASV_1912","no_hit","unknown","unknown","Telonemida","unknown","Telonema","no_hit"
"1874","ASV_1913",0.0116887891895765,0.0011945286591689,-0.00334395749055379,"ASV_1913","no_hit","Euglenozoa","unknown","Diplonemea","Diplonemidae","g_","s_"
"1875","ASV_1914",0.0171704177762911,0.00410514685555385,-0.00469489639570014,"ASV_1914","no_hit","unknown","unknown","unknown","unknown","unknown","uncultured marine eukaryote"
"1876","ASV_1915",0.00572699615798749,0.0152146046223857,-0.00725634011631197,"ASV_1915","no_hit","Ciliophora","no_hit","no_hit","no_hit","no_hit","s_"
"1877","ASV_1916",-0.00636336440178228,0.0021580014373347,-0.0193805220311063,"ASV_1916","no_hit","Dinophyceae","Dinophyceae","no_hit","no_hit","no_hit","no_hit"
"1878","ASV_1917",0.00167370944366985,1.39623315255683e-05,0.000541782925032317,"ASV_1917","no_hit","Dinophyceae","Dinophyceae","Syndiniales","no_hit","no_hit","no_hit"
"1879","ASV_1918",0.00130222476026559,-0.00157281230022227,-0.000630689272912981,"ASV_1918","no_hit","no_hit","no_hit","no_hit","no_hit","no_hit","no_hit"
"1880","ASV_1919",-0.0037106976235004,-0.000430289778998961,-0.00362797592024799,"ASV_1919","no_hit","unknown","unknown","unknown","unknown","unknown","s_"
"1881","ASV_1920",0.0153493551348414,0.00588494689097111,-0.00243354304483522,"ASV_1920","no_hit","Dinophyceae","Dinophyceae","no_hit","no_hit","g_","s_"
"1882","ASV_1921",-0.000169564947329575,0.00434865761156417,0.0024438345318587,"ASV_1921","no_hit","Dinophyceae","Dinophyceae","Syndiniales","no_hit","no_hit","no_hit"
"1883","ASV_1922",0.00197933201801828,0.00364616025647222,0.00132904838357576,"ASV_1922","no_hit","Euglenozoa","unknown","Diplonemea","unknown","g_","s_"
"1884","ASV_1923",0.00195376970007119,-0.000359353426279404,0.00191106873623477,"ASV_1923","Metazoa","Annelida","Polychaeta","Xenopneusta","Urechidae","Urechis","no_hit"
"1885","ASV_1924",-0.00149519348055922,0.00900892830418001,-0.0077110882850989,"ASV_1924","no_hit","Haptophyta","unknown","Prymnesiales","Prymnesiaceae","no_hit","s_"
"1886","ASV_1925",0.00427078899200484,0.0054709448404595,0.00146114478235098,"ASV_1925","no_hit","Dinophyceae","Dinophyceae","Syndiniales","Ellobiopsidae","g_","s_"
"1887","ASV_1926",0.000563678016013327,0.00361204763480322,0.00206034544721279,"ASV_1926","no_hit","unknown","unknown","Sticholonchida","Sticholonchidae","Sticholonche","s_"
"1888","ASV_1927",0.00513707796944917,-0.00151742249920908,-0.00572844426047306,"ASV_1927","no_hit","Ciliophora","Spirotrichea","Choreotrichida","Strobilidiidae","g_","s_"
"1889","ASV_1928",0.000425539056493855,0.00141889915460716,0.000654755437860529,"ASV_1928","no_hit","Euglenozoa","unknown","Diplonemea","unknown","unknown","s_"
"1890","ASV_1929",-0.00100536055163754,0.00710664969810463,0.0035229998012858,"ASV_1929","Metazoa","Cnidaria","Hydrozoa","Leptothecata","Tiaropsidae","Tiaropsidium","Tiaropsidium kelseyi"
"1891","ASV_1930",0.0103312762622437,0.011371162650834,-0.0113496785517938,"ASV_1930","no_hit","no_hit","no_hit","no_hit","no_hit","g_","s_"
"1892","ASV_1931",0.00136638420801639,-0.00544123745871753,-0.00151363422758193,"ASV_1931","no_hit","Dinophyceae","Dinophyceae","Syndiniales","Amoebophryaceae","g_","s_"
"1893","ASV_1932",-0.00836116738940891,0.00204039354477581,-0.00803704896971245,"ASV_1932","no_hit","unknown","Bigyra","Oblongichytrida","unknown","g_","s_"
"1894","ASV_1933",0.00994981547948579,0.00443304702527365,-0.0106096201416993,"ASV_1933","no_hit","Bacillariophyta","Coscinodiscophyceae","Melosirales","Stephanopyxidaceae","g_","s_"
"1895","ASV_1934",0.0152197774141007,0.00570247582435381,-0.00632051125794366,"ASV_1934","no_hit","unknown","unknown","unknown","unknown","g_","s_"
"1896","ASV_1935",-0.000346013119271075,0.000911408490944963,-0.0115797540862389,"ASV_1935","no_hit","unknown","Pelagophyceae","Pelagomonadales","unknown","Pelagococcus","Pelagococcus subviridis"
"1897","ASV_1936",-0.00980324546041689,0.00460303801708781,-0.0105244480121107,"ASV_1936","no_hit","Dinophyceae","Dinophyceae","Peridiniales","Protoperidiniaceae","Protoperidinium","Protoperidinium conicum"
"1898","ASV_1937",0.00248575460357722,-0.00565147681310936,-0.00225094275609383,"ASV_1937","no_hit","unknown","unknown","unknown","unknown","g_","s_"
"1899","ASV_1938",0.00215751820562669,0.0152692026687458,-0.0132617171469817,"ASV_1938","no_hit","unknown","Choanoflagellata","Acanthoecida","Stephanoecidae","g_","s_"
"1900","ASV_1939",0.0129784363767858,0.0101879784700059,-0.0100178273122741,"ASV_1939","no_hit","Dinophyceae","Dinophyceae","Peridiniales","no_hit","no_hit","no_hit"
"1901","ASV_1940",-0.00241660950453942,-0.00137824667377184,-0.00261982531536632,"ASV_1940","no_hit","Ciliophora","Spirotrichea","no_hit","no_hit","no_hit","no_hit"
"1902","ASV_1941",0.0081156800981949,-0.00752588415321746,-0.0103450919492197,"ASV_1941","no_hit","unknown","unknown","unknown","unknown","g_","s_"
"1903","ASV_1942",0.00288940769132591,-0.00597233829607066,-0.00321834176656568,"ASV_1942","no_hit","no_hit","no_hit","no_hit","no_hit","g_","s_"
"1904","ASV_1943",-0.00079333901769527,0.00128470403882852,0.000496189148997137,"ASV_1943","no_hit","Dinophyceae","Dinophyceae","Peridiniales","Protoperidiniaceae","g_","s_"
"1905","ASV_1944",0.00815621341279532,0.00231444145504854,-0.00489034907271881,"ASV_1944","no_hit","no_hit","no_hit","no_hit","no_hit","no_hit","no_hit"
"1906","ASV_1945",0.00841050345620275,-0.000457068249628668,-0.014042581412017,"ASV_1945","no_hit","Dinophyceae","Dinophyceae","no_hit","no_hit","g_","s_"
"1907","ASV_1947",0.0100848490173339,0.0135918460748167,-0.00850749072613606,"ASV_1947","no_hit","unknown","unknown","unknown","unknown","unknown","uncultured marine eukaryote"
"1908","ASV_1948",0.00257690647770234,-0.00107488250969658,0.00110031569515737,"ASV_1948","no_hit","Dinophyceae","Dinophyceae","Syndiniales","Amoebophryaceae","g_","s_"
"1909","ASV_1949",0.0153253185636388,-0.00295588101904996,-0.0129511624640594,"ASV_1949","no_hit","Dinophyceae","Dinophyceae","no_hit","no_hit","no_hit","s_"
"1910","ASV_1950",0.00057129463383824,0.000625488904392425,0.000537433882054098,"ASV_1950","no_hit","Dinophyceae","Dinophyceae","Syndiniales","Amoebophryaceae","g_","s_"
"1911","ASV_1951",-0.0101576241843547,0.0105065993786343,-0.0180381332525692,"ASV_1951","Viridiplantae","Chlorophyta","Nephroselmidophyceae","Nephroselmidales","Nephroselmidaceae","Nephroselmis","Nephroselmis pyriformis"
"1912","ASV_1952",-0.0027152230709863,0.00243477068658131,0.00305002381840334,"ASV_1952","no_hit","Dinophyceae","Dinophyceae","Gymnodiniales","Gymnodiniaceae","g_","s_"
"1913","ASV_1953",0.0128623798572218,-0.0110331785369981,-0.0085835001138615,"ASV_1953","no_hit","no_hit","no_hit","no_hit","no_hit","no_hit","no_hit"
"1914","ASV_1954",-0.0112082807563973,0.00616637236022485,-0.0129447199143277,"ASV_1954","no_hit","Bacillariophyta","Coscinodiscophyceae","Thalassiosirales","Thalassiosiraceae","no_hit","s_"
"1915","ASV_1955",0.0154315939254732,-0.0118416593521498,-0.00941492678072275,"ASV_1955","no_hit","Picozoa","unknown","unknown","unknown","g_","s_"
"1916","ASV_1956",0.00142886447222376,-0.00363361148579248,-0.00170386310590983,"ASV_1956","no_hit","Dinophyceae","Dinophyceae","Syndiniales","Amoebophryaceae","g_","s_"
"1917","ASV_1957",-0.00569243815439694,0.0016845228470912,-0.00590858795010457,"ASV_1957","no_hit","Ciliophora","Litostomatea","Haptorida","Didiniidae","Cyclotrichium","Cyclotrichium cyclokaryon"
"1918","ASV_1958",0.000857511340932933,-0.00143951852563459,-0.000368402126990467,"ASV_1958","no_hit","Dinophyceae","Dinophyceae","Peridiniales","no_hit","no_hit","no_hit"
"1919","ASV_1959",-0.0108651485077761,0.00475219621640327,-0.0107817319547135,"ASV_1959","no_hit","Dinophyceae","Dinophyceae","Syndiniales","Amoebophryaceae","g_","s_"
"1920","ASV_1960",-0.00344863103895206,0.0143089507763512,-0.0157959408431155,"ASV_1960","Viridiplantae","Chlorophyta","Mamiellophyceae","Mamiellales","Mamiellaceae","g_","s_"
"1921","ASV_1961",0.00615244031008264,-0.00688242519968719,-0.00431630841495132,"ASV_1961","no_hit","Euglenozoa","unknown","Diplonemea","unknown","unknown","Diplonemida sp. 3 RG-2016"
"1922","ASV_1962",0.00534518478251147,-0.000814375989337611,-0.0133438704774916,"ASV_1962","no_hit","Ciliophora","Spirotrichea","no_hit","no_hit","no_hit","no_hit"
"1923","ASV_1964",-0.00118739339833779,-1.4105072644367e-05,0.00178763220760688,"ASV_1964","no_hit","Tubulinea","unknown","unknown","unknown","g_","s_"
"1924","ASV_1965",-0.0003704911996265,0.00507970014393563,-0.00433675303511073,"ASV_1965","no_hit","unknown","unknown","unknown","unknown","g_","s_"
"1925","ASV_1966",0.00449251673922547,-0.00278145100449278,-0.00716721400527356,"ASV_1966","no_hit","Endomyxa","Ascetosporea","Paradiniida","unknown","g_","s_"
"1926","ASV_1967",0.00522314233449657,-0.00762890197618262,-0.00753970684661652,"ASV_1967","no_hit","no_hit","no_hit","no_hit","no_hit","no_hit","no_hit"
"1927","ASV_1968",0.0109057547767862,0.0114786833152233,-0.00281898805114569,"ASV_1968","no_hit","Haptophyta","unknown","Prymnesiales","Chrysochromulinaceae","Chrysochromulina","Chrysochromulina leadbeateri"
"1928","ASV_1969",0.016460056495663,-0.00236914811824236,-0.00684831872506562,"ASV_1969","no_hit","Ciliophora","Litostomatea","Vestibuliferida","Trimyemidae","g_","s_"
"1929","ASV_1970",0.00512117233938726,0.000393793591038786,-0.00114968828956819,"ASV_1970","Metazoa","Annelida","Polychaeta","Phyllodocida","Phyllodocidae","Pelagobia","Pelagobia longicirrata"
"1930","ASV_1971",0.00494894204150328,-0.00624524892841572,-0.00349596273052101,"ASV_1971","no_hit","Dinophyceae","Dinophyceae","Peridiniales","no_hit","no_hit","no_hit"
"1931","ASV_1972",0.00372931310259946,9.12697979914924e-05,-0.00136291892598803,"ASV_1972","no_hit","unknown","Acantharea","Arthracanthida","Acanthometridae","g_","s_"
"1932","ASV_1973",-0.000746171413348613,0.00885796194244393,0.00443489070060482,"ASV_1973","no_hit","Dinophyceae","Dinophyceae","Syndiniales","Amoebophryaceae","g_","s_"
"1933","ASV_1974",-0.0175002328826149,0.00680751071014703,-0.0158438745774437,"ASV_1974","no_hit","unknown","Dictyochophyceae","Pedinellales","unknown","g_","s_"
"1934","ASV_1975",0.0179974314364159,0.00171781421759772,-0.0085961678841856,"ASV_1975","no_hit","Dinophyceae","Dinophyceae","Gymnodiniales","Kareniaceae","Karlodinium","no_hit"
"1935","ASV_1976",-0.00247178861199276,0.00104029918348807,-0.000118599747747845,"ASV_1976","no_hit","Imbricatea","unknown","Marimonadida","unknown","Pseudopirsonia","Pseudopirsonia mucosa"
"1936","ASV_1977",0.00200334554196093,-0.000393051255091422,0.00392971685460524,"ASV_1977","Metazoa","Arthropoda","Hexanauplia","Calanoida","Calocalanidae","Calocalanus","Calocalanus tenuis"
"1937","ASV_1978",0.00436064401298729,-0.00259496549720016,-0.00210399312665272,"ASV_1978","no_hit","Ciliophora","Oligohymenophorea","no_hit","no_hit","no_hit","no_hit"
"1938","ASV_1979",-0.00914850041373987,0.00446079463225184,-0.00801101459426462,"ASV_1979","no_hit","unknown","unknown","unknown","unknown","unknown","uncultured marine picoeukaryote"
"1939","ASV_1980",0.00154227746139524,-0.000889341266994312,0.00296008688659477,"ASV_1980","Metazoa","Arthropoda","Branchiopoda","Diplostraca","Podonidae","Evadne","Evadne nordmanni"
"1940","ASV_1981",0.00201171795542987,0.0082559126347944,-0.0114728516432932,"ASV_1981","no_hit","unknown","Cryptophyceae","Pyrenomonadales","Pyrenomonadaceae","Rhodomonas","no_hit"
"1941","ASV_1982",0.0101617654675663,-0.00739174627880628,-0.00805201560278324,"ASV_1982","no_hit","unknown","unknown","unknown","unknown","g_","s_"
"1942","ASV_1983",0.00187262003616306,0.0117349341955612,-0.0144103223213167,"ASV_1983","no_hit","unknown","Cryptophyceae","no_hit","no_hit","no_hit","no_hit"
"1943","ASV_1984",0.0101883218019899,0.00709174121334558,-0.00284102554668852,"ASV_1984","no_hit","Dinophyceae","Dinophyceae","Gymnodiniales","Kareniaceae","Karlodinium","s_"
"1944","ASV_1985",0.00163774441918591,-0.00511919918855884,-0.017595405295188,"ASV_1985","no_hit","Dinophyceae","Dinophyceae","no_hit","no_hit","no_hit","no_hit"
"1945","ASV_1986",-0.0140415993945324,0.00719007544166803,-0.0185735878846217,"ASV_1986","no_hit","no_hit","no_hit","no_hit","no_hit","no_hit","no_hit"
"1946","ASV_1987",-0.0015308325675487,0.00544681124743917,-0.00338621509290162,"ASV_1987","no_hit","Dinophyceae","Dinophyceae","Peridiniales","Amphidiniopsidaceae","g_","s_"
"1947","ASV_1988",-0.00121506065192371,0.0114940718124733,0.0055898683318037,"ASV_1988","no_hit","Euglenozoa","unknown","Diplonemea","unknown","g_","s_"
"1948","ASV_1989",0.00101126136663113,0.000180148165974436,-0.000234140559360355,"ASV_1989","no_hit","no_hit","no_hit","no_hit","no_hit","no_hit","no_hit"
"1949","ASV_1990",0.00583830157788167,0.00841408996075982,-1.80737504086646e-05,"ASV_1990","no_hit","no_hit","no_hit","no_hit","no_hit","g_","s_"
"1950","ASV_1991",0.00208947192515969,0.00124791346895718,0.000384926279801354,"ASV_1991","no_hit","Dinophyceae","Dinophyceae","Syndiniales","Amoebophryaceae","g_","s_"
"1951","ASV_1992",0.00612965999827851,-0.00655142254243084,-0.0101686047053041,"ASV_1992","no_hit","Cercozoa","Thecofilosea","Tectofilosida","Chlamydophryidae","Trachyrhizium","Trachyrhizium urniformis"
"1952","ASV_1993",-0.00390158841395793,0.000590574075797109,-0.0061866497994665,"ASV_1993","Viridiplantae","Chlorophyta","no_hit","no_hit","no_hit","no_hit","no_hit"
"1953","ASV_1994",0.00927712984046285,0.0114603834162696,-0.00362160262704695,"ASV_1994","no_hit","unknown","unknown","unknown","unknown","g_","s_"
"1954","ASV_1995",0.00350644277481866,-0.00581506089293154,-0.00329881309737563,"ASV_1995","no_hit","Dinophyceae","Dinophyceae","Gymnodiniales","Kareniaceae","Karlodinium","no_hit"
"1955","ASV_1996",0.0132852688420329,0.0103401881113098,-0.00464867506530026,"ASV_1996","no_hit","Haptophyta","unknown","Prymnesiales","Prymnesiaceae","Prymnesium","s_"
"1956","ASV_1997",-0.000194392087645547,0.0040074611079398,0.00188072509999224,"ASV_1997","no_hit","no_hit","no_hit","no_hit","no_hit","g_","s_"
"1957","ASV_1998",-0.00280867898208996,0.000869411045667728,-0.000995731592374918,"ASV_1998","no_hit","Dinophyceae","Dinophyceae","Gymnodiniales","Gymnodiniaceae","g_","s_"
"1958","ASV_1999",0.00494221016715395,0.0110035340233572,-0.00926567643921477,"ASV_1999","no_hit","no_hit","no_hit","no_hit","no_hit","no_hit","no_hit"
"1959","ASV_2000",0.00121589918293317,0.000424615388158919,-0.00114852957448076,"ASV_2000","no_hit","Ciliophora","Spirotrichea","no_hit","no_hit","no_hit","no_hit"
"1960","ASV_2001",0.00339050692699801,-0.00597624002377311,-0.0045912045865576,"ASV_2001","no_hit","Dinophyceae","Dinophyceae","Syndiniales","Amoebophryaceae","Amoebophrya","s_"
"1961","ASV_2002",-0.00320465668232265,-0.00139817095124733,-0.0102918394046108,"ASV_2002","no_hit","Dinophyceae","Dinophyceae","no_hit","no_hit","no_hit","no_hit"
"1962","ASV_2003",-0.00401973531683132,0.00632773561729252,0.00398129078473154,"ASV_2003","no_hit","no_hit","no_hit","no_hit","no_hit","g_","s_"
"1963","ASV_2004",0.000113159286079465,-0.000357161136171571,0.00149139033053514,"ASV_2004","no_hit","no_hit","no_hit","no_hit","no_hit","g_","s_"
"1964","ASV_2005",0.0117321231871247,0.00943589351337425,-0.00435724040737176,"ASV_2005","no_hit","unknown","Bigyra","Thraustochytrida","Thraustochytriaceae","no_hit","no_hit"
"1965","ASV_2006",0.0133422761657627,-0.00992763348301582,-0.00803815363613744,"ASV_2006","no_hit","no_hit","no_hit","no_hit","no_hit","no_hit","no_hit"
"1966","ASV_2007",-0.010453564296766,0.00420315370882036,-0.00931128525598325,"ASV_2007","no_hit","Imbricatea","unknown","Thaumatomonadida","Thaumatomastigidae","Protaspis","s_"
"1967","ASV_2008",0.0122118460940593,-0.00163645682645099,-0.00489847880392364,"ASV_2008","no_hit","Dinophyceae","Dinophyceae","no_hit","no_hit","no_hit","no_hit"
"1968","ASV_2009",-0.0016386420493455,0.00141617583878053,0.000134923446455632,"ASV_2009","no_hit","no_hit","no_hit","no_hit","no_hit","g_","s_"
"1969","ASV_2010",0.00602070726334539,-0.00587995333083619,-0.00410195110993759,"ASV_2010","no_hit","Euglenozoa","unknown","Diplonemea","unknown","unknown","s_"
"1970","ASV_2011",0.00503067231340794,-0.00051340321368285,-0.00256943032760003,"ASV_2011","no_hit","Dinophyceae","Dinophyceae","Syndiniales","Amoebophryaceae","g_","s_"
"1971","ASV_2012",0.0121431480676837,-0.0113868709884965,-0.00871391573788276,"ASV_2012","no_hit","unknown","unknown","unknown","unknown","unknown","uncultured marine eukaryote"
"1972","ASV_2013",-0.00186763935144284,0.00657671943100071,-0.00623941030096063,"ASV_2013","Metazoa","Arthropoda","Hexanauplia","Poecilostomatoida","Oncaeidae","g_","s_"
"1973","ASV_2014",-0.000543936203655521,0.00847023417563785,0.0044073024641985,"ASV_2014","no_hit","Ciliophora","Oligohymenophorea","Philasterida","Loxocephalidae","g_","s_"
"1974","ASV_2015",0.0118759505786174,0.00414624990574245,-0.00595631140664448,"ASV_2015","no_hit","Apicomplexa","Conoidasida","Eucoccidiorida","Eimeriidae","g_","s_"
"1975","ASV_2016",0.011512151778147,-0.00236555140516515,-0.00591147295253173,"ASV_2016","no_hit","Dinophyceae","Dinophyceae","Gymnodiniales","Gymnodiniaceae","g_","s_"
"1976","ASV_2017",0.000580833746302421,0.0021319529839129,0.00141074896508563,"ASV_2017","no_hit","Euglenozoa","unknown","Diplonemea","unknown","g_","s_"
"1977","ASV_2018",0.014165995923985,0.00395103718347725,-0.0104169013108356,"ASV_2018","no_hit","Dinophyceae","Dinophyceae","Syndiniales","Amoebophryaceae","Amoebophrya","s_"
"1978","ASV_2019",0.00157929475653725,0.000779196614091002,-0.000172961345987844,"ASV_2019","Metazoa","Arthropoda","Hexanauplia","Calanoida","Metridinidae","Metridia","Metridia gerlachei"
"1979","ASV_2020",-0.000344117679453041,0.00448955150007759,0.00236339718902598,"ASV_2020","no_hit","no_hit","no_hit","no_hit","no_hit","no_hit","no_hit"
"1980","ASV_2021",0.000159186039785963,0.00234926066525519,0.00147683186181792,"ASV_2021","no_hit","no_hit","no_hit","no_hit","no_hit","no_hit","no_hit"
"1981","ASV_2022",-0.0146233358486458,0.00490503023104267,-0.0200866874317556,"ASV_2022","no_hit","unknown","Bigyra","Oblongichytrida","unknown","Oblongichytrium","no_hit"
"1982","ASV_2023",0.0123182636093387,0.0144305201090213,-0.00159855972022481,"ASV_2023","no_hit","Dinophyceae","Dinophyceae","Syndiniales","Amoebophryaceae","Amoebophrya","no_hit"
"1983","ASV_2024",0.000133115089568856,0.00799556704887576,0.00379140189772955,"ASV_2024","no_hit","Dinophyceae","Dinophyceae","Syndiniales","no_hit","no_hit","no_hit"
"1984","ASV_2025",-0.0104536637891311,0.00587218201370923,-0.0118110304829294,"ASV_2025","no_hit","Dinophyceae","Dinophyceae","Thoracosphaerales","Thoracosphaeraceae","Stoeckeria","Stoeckeria algicida"
"1985","ASV_2026",0.00816064780610797,0.0113236057171031,-0.0121437872347602,"ASV_2026","no_hit","no_hit","no_hit","no_hit","no_hit","no_hit","no_hit"
"1986","ASV_2027",0.0152779888012812,0.00700213870588816,-0.00350138456731351,"ASV_2027","no_hit","no_hit","no_hit","no_hit","no_hit","g_","s_"
"1987","ASV_2028",4.42603433579263e-05,-0.00901008037844188,-0.00130926497060874,"ASV_2028","no_hit","Dinophyceae","Dinophyceae","Syndiniales","Amoebophryaceae","g_","s_"
"1988","ASV_2029",0.0160398722423635,0.00398585720787809,-0.00486698304756888,"ASV_2029","no_hit","unknown","Cryptophyceae","Pyrenomonadales","Geminigeraceae","g_","s_"
"1989","ASV_2030",-0.00355895916755407,-0.000171397706489583,-0.0102724418485609,"ASV_2030","no_hit","Dinophyceae","Dinophyceae","Syndiniales","no_hit","no_hit","no_hit"
"1990","ASV_2031",0.00403165166866069,-0.00364482264394554,-0.00334243113723694,"ASV_2031","no_hit","unknown","unknown","unknown","unknown","unknown","s_"
"1991","ASV_2032",0.00549602336523239,-0.0117429789276041,-0.0065151211363849,"ASV_2032","no_hit","Dinophyceae","Dinophyceae","Syndiniales","no_hit","no_hit","no_hit"
"1992","ASV_2033",0.00266537937452143,-0.00905597786195193,-0.0031571303666945,"ASV_2033","no_hit","unknown","Polycystinea","no_hit","no_hit","no_hit","no_hit"
"1993","ASV_2034",0.0087667977216484,-0.000462442645908785,-0.0041504639904343,"ASV_2034","no_hit","Euglenozoa","unknown","Diplonemea","no_hit","g_","s_"
"1994","ASV_2035",0.0076760894547143,-0.0155660862749521,-0.00845504815451016,"ASV_2035","no_hit","no_hit","no_hit","no_hit","no_hit","no_hit","no_hit"
"1995","ASV_2036",0.00468020064894489,0.0110759047569668,-0.00489923493345055,"ASV_2036","no_hit","Dinophyceae","Dinophyceae","no_hit","no_hit","no_hit","no_hit"
"1996","ASV_2037",0.00792978289979496,0.0107118787729787,-0.00825129796625582,"ASV_2037","no_hit","no_hit","no_hit","no_hit","no_hit","g_","s_"
"1997","ASV_2038",0.0140890378652409,0.00153402821498078,-0.0110804617664317,"ASV_2038","no_hit","Dinophyceae","Dinophyceae","Syndiniales","Amoebophryaceae","g_","s_"
"1998","ASV_2039",0.00724969386105347,-0.00843902742104227,-0.00562771112032895,"ASV_2039","no_hit","unknown","unknown","unknown","unknown","g_","s_"
"1999","ASV_2040",0.00414335795498018,-0.0109707113148266,-0.00538328363650576,"ASV_2040","no_hit","Dinophyceae","Dinophyceae","no_hit","no_hit","no_hit","no_hit"
"2000","ASV_2041",0.000371348001707462,0.00531260146161453,0.00271202162355346,"ASV_2041","no_hit","unknown","Polycystinea","Spumellaria","Pyloniidae","Streblacantha","Streblacantha circumtexta"
"2001","ASV_2042",0.00237376681890397,-0.00178878288664166,-0.00177580571399865,"ASV_2042","no_hit","unknown","unknown","unknown","unknown","unknown","uncultured marine picoeukaryote"
"2002","ASV_2043",0.00144026675989558,-0.00372239952202072,-0.00112225718821787,"ASV_2043","no_hit","unknown","Polycystinea","Collodaria","Collozoidae","Cladococcus","Cladococcus viminalis"
"2003","ASV_2044",0.00666002491854596,-0.00457851409449405,-0.00393618985387614,"ASV_2044","no_hit","Euglenozoa","unknown","Diplonemea","unknown","g_","s_"
"2004","ASV_2045",0.0033689906840038,-0.0029394653787836,-0.00271983219103492,"ASV_2045","no_hit","Dinophyceae","Dinophyceae","Syndiniales","Eudubosquellidae","g_","s_"
"2005","ASV_2046",0.00101291358888675,-0.0050203535059729,-0.00371477460193531,"ASV_2046","no_hit","Dinophyceae","Dinophyceae","Syndiniales","Ellobiopsidae","Thalassomyces","Thalassomyces fagei"
"2006","ASV_2047",-0.00220046032220465,0.00220852179332523,0.00172447703023554,"ASV_2047","Metazoa","Chordata","Appendicularia","Copelata","Fritillariidae","g_","s_"
"2007","ASV_2048",-0.00467209003139767,0.00780070353422781,-0.011930685230665,"ASV_2048","no_hit","unknown","Chrysophyceae","Chromulinales","Chromulinaceae","no_hit","no_hit"
"2008","ASV_2049",0.00401752126185159,0.00325125638923372,-0.00760833320883264,"ASV_2049","no_hit","Dinophyceae","Dinophyceae","no_hit","no_hit","no_hit","no_hit"
"2009","ASV_2050",0.00321455936469331,-0.0117139568401767,-0.00628438138827199,"ASV_2050","no_hit","Dinophyceae","Dinophyceae","Syndiniales","Syndiniaceae","g_","s_"
"2010","ASV_2051",-0.005398713181862,0.00381913570689908,-0.0035691569972872,"ASV_2051","no_hit","Dinophyceae","Dinophyceae","Gymnodiniales","Gymnodiniaceae","Gyrodinium","Gyrodinium rubrum"
"2011","ASV_2052",-0.00209356638389935,0.00515325258317524,-0.000408479685085131,"ASV_2052","no_hit","Dinophyceae","Dinophyceae","Syndiniales","no_hit","no_hit","no_hit"
"2012","ASV_2053",0.00784514455234938,-0.00719337083987846,-0.00695198484022856,"ASV_2053","no_hit","Dinophyceae","Dinophyceae","Syndiniales","no_hit","no_hit","no_hit"
"2013","ASV_2054",0.0098984593849757,-0.00421385950043304,-0.00524346961450087,"ASV_2054","no_hit","Dinophyceae","Dinophyceae","Syndiniales","Amoebophryaceae","Amoebophrya","s_"
"2014","ASV_2055",-0.00192277971460424,-0.00463274371519735,-0.00789444890680483,"ASV_2055","no_hit","Dinophyceae","Dinophyceae","Gymnodiniales","Gymnodiniaceae","Gyrodinium","s_"
"2015","ASV_2056",0.0158879549952366,0.00880896358126158,-0.00212539362213622,"ASV_2056","no_hit","no_hit","no_hit","no_hit","no_hit","g_","s_"
"2016","ASV_2057",0.0013440241630148,0.00141811240091777,0.00101251951655285,"ASV_2057","no_hit","Euglenozoa","unknown","Diplonemea","no_hit","no_hit","no_hit"
"2017","ASV_2058",-0.00527002220443409,0.00303220912254412,-0.00585457340793022,"ASV_2058","no_hit","unknown","unknown","unknown","unknown","unknown","uncultured marine picoeukaryote"
"2018","ASV_2060",-0.00859685167184387,0.00952897453621853,-0.0134086889611602,"ASV_2060","no_hit","unknown","unknown","unknown","unknown","unknown","uncultured marine eukaryote"
"2019","ASV_2061",-0.00698428058554138,-0.00177450314317193,-0.015654290686045,"ASV_2061","no_hit","unknown","unknown","unknown","unknown","unknown","s_"
"2020","ASV_2062",0.0144957762402622,0.0143561038891165,-0.00300344720674661,"ASV_2062","no_hit","unknown","unknown","unknown","unknown","g_","s_"
"2021","ASV_2063",0.00510936646289481,-0.00457590602600083,-0.00470105798762057,"ASV_2063","no_hit","Dinophyceae","Dinophyceae","Syndiniales","no_hit","no_hit","no_hit"
"2022","ASV_2064",0.00129764089589248,-0.00175470336598455,-0.00597218953542627,"ASV_2064","no_hit","Cercozoa","Thecofilosea","Cryomonadida","no_hit","no_hit","no_hit"
"2023","ASV_2065",0.00209713511842225,0.0040008445592746,0.00145635980171328,"ASV_2065","no_hit","Dinophyceae","Dinophyceae","Gonyaulacales","no_hit","g_","s_"
"2024","ASV_2066",0.0137350806468339,-0.00933445460473802,-0.0085971306346446,"ASV_2066","no_hit","unknown","unknown","unknown","unknown","unknown","s_"
"2025","ASV_2067",0.00226697756600848,-0.00628510111810673,-0.00211215247200229,"ASV_2067","no_hit","Euglenozoa","unknown","Diplonemea","unknown","g_","s_"
"2026","ASV_2068",0.00919524682861774,-0.00329265140361119,-0.0109651297135931,"ASV_2068","no_hit","Bacillariophyta","Coscinodiscophyceae","Melosirales","Stephanopyxidaceae","g_","s_"
"2027","ASV_2069",-0.00129172005387275,0.000877532969091058,-0.000935993832232088,"ASV_2069","no_hit","Bacillariophyta","Mediophyceae","Lithodesmiales","Lithodesmiaceae","Ditylum","Ditylum brightwellii"
"2028","ASV_2070",0.00587542022662829,-0.00269779448615543,-0.00504895609813915,"ASV_2070","no_hit","Dinophyceae","Dinophyceae","Syndiniales","no_hit","no_hit","no_hit"
"2029","ASV_2072",-0.00149969090785428,0.0107146346007255,-0.0123777499602216,"ASV_2072","no_hit","unknown","unknown","unknown","unknown","unknown","uncultured marine eukaryote"
"2030","ASV_2073",-0.00564478184754705,0.00470128420813336,-0.0138720772015772,"ASV_2073","no_hit","Imbricatea","unknown","Thaumatomonadida","no_hit","g_","s_"
"2031","ASV_2074",0.00239621552260215,-0.00295490290982957,-0.0017248816140629,"ASV_2074","no_hit","unknown","unknown","unknown","unknown","unknown","s_"
"2032","ASV_2075",-0.0102521921795789,0.00318762900525187,-0.0105179770085348,"ASV_2075","no_hit","Dinophyceae","Dinophyceae","no_hit","no_hit","no_hit","s_"
"2033","ASV_2076",0.0012194493302113,-0.00395871701380772,-0.000563136051084343,"ASV_2076","no_hit","Dinophyceae","Dinophyceae","Syndiniales","Amoebophryaceae","g_","s_"
"2034","ASV_2077",0.0127082664571274,-0.00784863266608746,-0.00894112912652058,"ASV_2077","no_hit","Dinophyceae","Dinophyceae","no_hit","no_hit","no_hit","no_hit"
"2035","ASV_2078",0.0058538072791187,-0.0123100821277066,-0.00608974511942633,"ASV_2078","no_hit","Dinophyceae","Dinophyceae","Syndiniales","no_hit","g_","s_"
"2036","ASV_2079",0.00978013866650073,-0.0109176731929681,-0.00799618511609439,"ASV_2079","no_hit","Ciliophora","Oligohymenophorea","Philasterida","Loxocephalidae","g_","s_"
"2037","ASV_2080",-0.00238073802969982,0.00798785097696405,0.00515882019944451,"ASV_2080","Metazoa","Arthropoda","Hexanauplia","Poecilostomatoida","Oncaeidae","g_","s_"
"2038","ASV_2081",0.0108003929614135,0.0105073156019915,-0.00449732698351823,"ASV_2081","no_hit","unknown","unknown","unknown","unknown","unknown","uncultured marine eukaryote"
"2039","ASV_2082",0.00375487759613334,0.00302449911183591,-0.00419758138370405,"ASV_2082","no_hit","Dinophyceae","Dinophyceae","no_hit","no_hit","no_hit","no_hit"
"2040","ASV_2083",-0.00222325333022368,0.00456406680029421,-0.0118662216802821,"ASV_2083","no_hit","unknown","Bigyra","Nanomonadea","unknown","g_","s_"
"2041","ASV_2084",0.00304801603489409,-0.00438030282772282,-0.0026355109345919,"ASV_2084","no_hit","Dinophyceae","Dinophyceae","no_hit","no_hit","no_hit","no_hit"
"2042","ASV_2085",-0.00155763060071424,-0.00197372463625005,-0.0039021680919119,"ASV_2085","no_hit","Euglenozoa","Kinetoplastea","Eubodonida","Bodonidae","g_","s_"
"2043","ASV_2086",0.00409572806784447,-0.00674338499207359,-0.00298326749796428,"ASV_2086","no_hit","Euglenozoa","unknown","Diplonemea","unknown","g_","s_"
"2044","ASV_2087",0.00556648913517733,0.00221127324871351,-0.000737192711834972,"ASV_2087","no_hit","Dinophyceae","Dinophyceae","Syndiniales","Syndiniaceae","g_","s_"
"2045","ASV_2088",0.00143438371382187,-0.00231200873431316,-0.000765271505568846,"ASV_2088","no_hit","Dinophyceae","Dinophyceae","no_hit","no_hit","no_hit","no_hit"
"2046","ASV_2089",-0.000386049944324574,-0.00206457639694527,0.000224385733930568,"ASV_2089","no_hit","Cercozoa","no_hit","no_hit","no_hit","g_","s_"
"2047","ASV_2090",0.0144300815858787,0.00690441958661823,-0.00350160260866647,"ASV_2090","no_hit","Dinophyceae","Dinophyceae","Syndiniales","Amoebophryaceae","Amoebophrya","no_hit"
"2048","ASV_2091",0.00131270968255442,0.00078875420433777,0.000231331326484411,"ASV_2091","no_hit","Euglenozoa","unknown","Diplonemea","no_hit","g_","s_"
"2049","ASV_2092",0.00673550000003786,-0.0121465350553842,-0.00654497390092159,"ASV_2092","no_hit","Dinophyceae","Dinophyceae","Gymnodiniales","Warnowiaceae","Warnowia","no_hit"
"2050","ASV_2093",-0.00932842360013272,0.00479977073753213,-0.00850715424136235,"ASV_2093","no_hit","Ciliophora","Prostomatea","Prorodontida","unknown","Halodinium","Halodinium verrucatum"
"2051","ASV_2094",0.00218480482561322,-0.00147775764784224,-0.00100069546828991,"ASV_2094","no_hit","Euglenozoa","unknown","Diplonemea","no_hit","no_hit","no_hit"
"2052","ASV_2095",0.00164124724515287,-0.00759536173145292,-0.00249316325123419,"ASV_2095","no_hit","Euglenozoa","unknown","Diplonemea","no_hit","no_hit","no_hit"
"2053","ASV_2096",0.00691414800377329,-0.00397088290463017,-0.0045184283461913,"ASV_2096","no_hit","Euglenozoa","unknown","Diplonemea","no_hit","no_hit","s_"
"2054","ASV_2097",-0.00204528470668977,0.00623459514212159,-0.0128602805974225,"ASV_2097","no_hit","Dinophyceae","Dinophyceae","Blastodiniales","unknown","g_","s_"
"2055","ASV_2098",-0.0017373852947659,-0.00076021611019817,0.00227666549831973,"ASV_2098","no_hit","Apicomplexa","Conoidasida","Eucoccidiorida","Cryptosporidiidae","g_","s_"
"2056","ASV_2099",0.000715824591775091,0.0055670208506464,0.0024973559111987,"ASV_2099","no_hit","Euglenozoa","unknown","Diplonemea","unknown","g_","s_"
"2057","ASV_2100",0.000510414735632758,0.00253460791820384,0.0014423252863842,"ASV_2100","no_hit","Euglenozoa","unknown","Diplonemea","unknown","unknown","Diplonemida sp. 1sb RG-2016"
"2058","ASV_2101",0.000507322509476784,0.00302019147044694,0.00160492846051509,"ASV_2101","no_hit","Euglenozoa","unknown","Diplonemea","unknown","unknown","s_"
"2059","ASV_2102",0.0145781564653842,0.00795663689757319,-0.00341434468231156,"ASV_2102","no_hit","unknown","unknown","unknown","unknown","unknown","uncultured marine eukaryote"
"2060","ASV_2103",-0.00471927056966326,0.00447022207636501,-0.00597828107662754,"ASV_2103","no_hit","Dinophyceae","Dinophyceae","no_hit","no_hit","g_","s_"
"2061","ASV_2104",-0.00368405886821897,0.000189375593393634,-0.0091625180388168,"ASV_2104","no_hit","Bacillariophyta","Coscinodiscophyceae","Thalassiosirales","Thalassiosiraceae","Thalassiosira","s_"
"2062","ASV_2105",-0.000408777166088004,0.00168749109345924,0.00156580406960666,"ASV_2105","no_hit","unknown","Polycystinea","Spumellaria","no_hit","no_hit","no_hit"
"2063","ASV_2106",0.0113794978644164,0.0120792328916693,-0.00303739209979439,"ASV_2106","no_hit","Dinophyceae","Dinophyceae","Syndiniales","Amoebophryaceae","g_","s_"
"2064","ASV_2107",0.00197368826098392,-0.00530663495185671,-0.00194179782379053,"ASV_2107","no_hit","Euglenozoa","unknown","Diplonemea","unknown","g_","s_"
"2065","ASV_2108",-0.000469469479183568,0.00678983236827201,0.00374563168935591,"ASV_2108","Metazoa","Chordata","Actinopteri","Stomiiformes","Gonostomatidae","Cyclothone","Cyclothone atraria"
"2066","ASV_2109",0.00631186745685079,0.00168089581238507,-0.0141650825952359,"ASV_2109","no_hit","Dinophyceae","Dinophyceae","Syndiniales","Amoebophryaceae","Amoebophrya","s_"
"2067","ASV_2110",0.0106165225446324,0.00612994966199065,-0.00639569632640988,"ASV_2110","no_hit","no_hit","no_hit","no_hit","no_hit","no_hit","no_hit"
"2068","ASV_2111",-0.000553369351082839,0.00306657210022712,-0.00526698365758464,"ASV_2111","Viridiplantae","Chlorophyta","Mamiellophyceae","Dolichomastigales","Crustomastigaceae","g_","s_"
"2069","ASV_2112",-0.000395322087778038,0.000881359161482644,0.000988901734478499,"ASV_2112","no_hit","unknown","Polycystinea","Spumellaria","Spongodiscidae","Stylodictya","Stylodictya sp. 8037"
"2070","ASV_2113",0.00927661005352008,0.0130766241936722,-0.00202496029738477,"ASV_2113","no_hit","Dinophyceae","Dinophyceae","Syndiniales","Amoebophryaceae","g_","s_"
"2071","ASV_2114",-0.00046798401754321,0.00713317252862552,0.00388017317025195,"ASV_2114","no_hit","no_hit","no_hit","no_hit","no_hit","g_","s_"
"2072","ASV_2115",-0.000372553841541631,0.00608513726649291,0.00328000484773446,"ASV_2115","no_hit","Euglenozoa","unknown","Diplonemea","unknown","g_","s_"
"2073","ASV_2116",-0.000466623348560301,0.0071852334228589,0.00390180328664606,"ASV_2116","no_hit","Dinophyceae","Dinophyceae","no_hit","no_hit","g_","s_"
"2074","ASV_2117",0.0148318178694276,0.00772593565062729,-0.00235420013225062,"ASV_2117","no_hit","Dinophyceae","Dinophyceae","Prorocentrales","Prorocentraceae","g_","s_"
"2075","ASV_2118",0.00218254490634176,-0.00639167132217377,-0.00251571210188166,"ASV_2118","no_hit","unknown","unknown","unknown","unknown","unknown","s_"
"2076","ASV_2119",-0.00247085939258642,-0.00383040477770529,-0.0095537824036836,"ASV_2119","no_hit","no_hit","no_hit","no_hit","no_hit","g_","s_"
"2077","ASV_2120",-0.0145958609981136,0.00608740633902872,-0.0133662226126633,"ASV_2120","no_hit","unknown","unknown","unknown","unknown","unknown","uncultured marine picoeukaryote"
"2078","ASV_2121",0.00381204409432114,0.0043704798582237,-0.000687065652788413,"ASV_2121","no_hit","no_hit","no_hit","no_hit","no_hit","g_","s_"
"2079","ASV_2122",-0.007670138894494,0.0024933915986939,-0.00575256711002615,"ASV_2122","no_hit","Dinophyceae","Dinophyceae","Peridiniales","Peridiniaceae","no_hit","s_"
"2080","ASV_2123",-0.00299334533095946,0.00365915063130163,0.000938558757074768,"ASV_2123","no_hit","no_hit","no_hit","no_hit","no_hit","g_","s_"
"2081","ASV_2124",-0.00222808739132756,0.00199189504611917,-0.00624122191318546,"ASV_2124","no_hit","Haptophyta","unknown","Phaeocystales","Phaeocystaceae","Phaeocystis","no_hit"
"2082","ASV_2125",0.000680617472826478,-0.00116259464195532,-0.00440733809046071,"ASV_2125","no_hit","Dinophyceae","Dinophyceae","Syndiniales","Amoebophryaceae","Amoebophrya","s_"
"2083","ASV_2126",-0.00434564950148297,0.000662185133854795,-0.00413468260598189,"ASV_2126","no_hit","Dinophyceae","Dinophyceae","Gymnodiniales","Gymnodiniaceae","Gymnodinium","s_"
"2084","ASV_2127",0.00246250226306301,-0.00369010078097242,-0.00103866625919876,"ASV_2127","no_hit","Euglenozoa","unknown","Diplonemea","unknown","g_","s_"
"2085","ASV_2128",0.000138680875615909,-0.0043887645171961,-0.000915493981475464,"ASV_2128","no_hit","no_hit","no_hit","no_hit","no_hit","no_hit","no_hit"
"2086","ASV_2129",0.00306953888241837,-0.00918311094087479,-0.00415573029999477,"ASV_2129","no_hit","no_hit","no_hit","no_hit","no_hit","no_hit","s_"
"2087","ASV_2130",0.00813230692244157,-0.00147162948755509,-0.00588179335348503,"ASV_2130","no_hit","unknown","unknown","unknown","unknown","g_","s_"
"2088","ASV_2131",-0.0103431347716446,0.00794417854390824,-0.0120492400456175,"ASV_2131","no_hit","Cercozoa","unknown","unknown","unknown","unknown","s_"
"2089","ASV_2132",-0.00340274667086463,0.00108427921276715,-0.00184695337921594,"ASV_2132","no_hit","Dinophyceae","Dinophyceae","Gymnodiniales","Gymnodiniaceae","Akashiwo","Akashiwo sanguinea"
"2090","ASV_2133",0.0102066111400884,0.0112479983430725,-0.00583006013675124,"ASV_2133","no_hit","unknown","unknown","unknown","unknown","g_","s_"
"2091","ASV_2134",0.00556948144507297,0.00595410453740037,-0.0068788124875532,"ASV_2134","no_hit","Dinophyceae","Dinophyceae","Syndiniales","Amoebophryaceae","g_","s_"
"2092","ASV_2135",-0.00142492531500806,-0.00445107907634949,-0.00804318239459885,"ASV_2135","no_hit","Dinophyceae","Dinophyceae","Syndiniales","no_hit","no_hit","no_hit"
"2093","ASV_2136",-0.00428381303152896,0.00206450504699617,-0.0052302243988683,"ASV_2136","no_hit","Bacillariophyta","Coscinodiscophyceae","Chaetocerotales","Chaetocerotaceae","Chaetoceros","Chaetoceros costatus"
"2094","ASV_2137",0.00561629534188716,-0.00737028953298349,-0.00381759172073537,"ASV_2137","no_hit","Dinophyceae","Dinophyceae","Syndiniales","Amoebophryaceae","Amoebophrya","s_"
"2095","ASV_2138",0.00797545740974288,0.0133400325246896,-0.0112885631811186,"ASV_2138","Viridiplantae","Streptophyta","Magnoliopsida","Brassicales","Brassicaceae","g_","s_"
"2096","ASV_2140",0.0125832716902458,0.0119102886929678,-0.00157689346781958,"ASV_2140","no_hit","Dinophyceae","Dinophyceae","Syndiniales","no_hit","g_","s_"
"2097","ASV_2141",0.00268422457403115,-0.00325117284191683,-0.00756080338450909,"ASV_2141","no_hit","Dinophyceae","Dinophyceae","no_hit","no_hit","no_hit","no_hit"
"2098","ASV_2142",-0.00380282103466384,0.000695130713245638,-0.00747153865811826,"ASV_2142","no_hit","no_hit","no_hit","no_hit","no_hit","no_hit","no_hit"
"2099","ASV_2143",6.99695278353083e-05,-0.00736783562861092,-0.0145087240828714,"ASV_2143","no_hit","unknown","Bigyra","Oblongichytrida","unknown","g_","s_"
"2100","ASV_2144",0.0111130885594491,0.00975279930776879,-0.00338771161597999,"ASV_2144","no_hit","unknown","unknown","unknown","unknown","unknown","uncultured marine eukaryote"
"2101","ASV_2145",0.00111062977340576,0.0126408314129181,-0.0119615435521914,"ASV_2145","no_hit","unknown","unknown","unknown","unknown","unknown","uncultured marine eukaryote"
"2102","ASV_2146",-0.00624206299657087,-0.00430041065090336,-0.0176648037582332,"ASV_2146","no_hit","Dinophyceae","Dinophyceae","no_hit","no_hit","no_hit","no_hit"
"2103","ASV_2147",0.00623271496599038,-0.0166929292966304,-0.0102730007413051,"ASV_2147","no_hit","unknown","unknown","unknown","unknown","unknown","uncultured marine picoeukaryote"
"2104","ASV_2148",-0.000324585393872409,0.00329785635967515,-0.00135890133417339,"ASV_2148","no_hit","no_hit","no_hit","no_hit","no_hit","no_hit","no_hit"
"2105","ASV_2149",-0.00234456205725984,0.00648124751277605,-0.0063357163409282,"ASV_2149","no_hit","Dinophyceae","Dinophyceae","no_hit","no_hit","no_hit","no_hit"
"2106","ASV_2150",0.000190028186140656,-0.00115261673885146,-0.0162976922384818,"ASV_2150","no_hit","no_hit","no_hit","no_hit","no_hit","no_hit","no_hit"
"2107","ASV_2151",-0.00276467069572776,0.00208451465492445,-0.0126359195463571,"ASV_2151","no_hit","Dinophyceae","Dinophyceae","Prorocentrales","Prorocentraceae","Prorocentrum","Prorocentrum tsawwassenense"
"2108","ASV_2152",-0.00331264158102018,0.00259496068475576,-0.00612257775746649,"ASV_2152","no_hit","unknown","Bigyra","Bicosoecida","no_hit","no_hit","no_hit"
"2109","ASV_2153",0.0113631440408456,-0.00315051125766576,-0.0122720368722391,"ASV_2153","no_hit","unknown","unknown","unknown","unknown","unknown","uncultured marine eukaryote"
"2110","ASV_2154",2.24342231435512e-06,0.00135081638229233,0.00176421747918571,"ASV_2154","no_hit","Ciliophora","Oligohymenophorea","Apostomatida","Foettingeriidae","no_hit","no_hit"
"2111","ASV_2157",0.00972601013882997,0.00565803123092033,-0.00483815924203441,"ASV_2157","no_hit","Dinophyceae","Dinophyceae","no_hit","no_hit","no_hit","no_hit"
"2112","ASV_2158",-0.00170470733308222,0.000762316026409895,-0.00359626459915916,"ASV_2158","no_hit","Dinophyceae","Dinophyceae","no_hit","no_hit","no_hit","no_hit"
"2113","ASV_2159",0.00201318391704789,-8.75013738178863e-05,-0.0010420068875587,"ASV_2159","no_hit","unknown","Cryptophyceae","Cyathomonadacea","Goniomonadaceae","Goniomonas","s_"
"2114","ASV_2160",-0.00324774326009401,0.00140722375205836,-0.00227842630310911,"ASV_2160","no_hit","Dinophyceae","Dinophyceae","Gonyaulacales","Gonyaulacaceae","Alexandrium","no_hit"
"2115","ASV_2161",-0.0107011799234063,0.00826634349246058,-0.0154297877817884,"ASV_2161","no_hit","Bacillariophyta","Coscinodiscophyceae","Thalassiosirales","Lauderiaceae","Lauderia","Lauderia borealis"
"2116","ASV_2162",-0.0124462013382535,0.00554116794565275,-0.0104533620825745,"ASV_2162","no_hit","Dinophyceae","Dinophyceae","Gonyaulacales","Pyrophacaceae","Fragilidium","Fragilidium duplocampanaeforme"
"2117","ASV_2163",0.000677739920781837,-0.00211733739790213,0.00351275305282765,"ASV_2163","no_hit","Dinophyceae","Dinophyceae","Peridiniales","Kryptoperidiniaceae","g_","s_"
"2118","ASV_2164",0.00323025499056515,-0.00818370663631627,-0.0124272722325469,"ASV_2164","no_hit","Bacillariophyta","Fragilariophyceae","Fragilariales","Fragilariaceae","no_hit","no_hit"
"2119","ASV_2165",-0.00376672112968498,0.00198276947425549,-0.00280200233199075,"ASV_2165","Viridiplantae","Chlorophyta","Pedinophyceae","Marsupiomonadales","Marsupiomonadaceae","Protoeuglena","Protoeuglena noctilucae"
"2120","ASV_2166",0.0135616676455895,0.00111109993647741,-0.00670237559059135,"ASV_2166","no_hit","Euglenozoa","unknown","Diplonemea","Diplonemidae","g_","s_"
"2121","ASV_2167",-0.0116608254129697,0.0102723726275735,-0.0171661790272995,"ASV_2167","no_hit","unknown","Cryptophyceae","Cryptomonadales","Hemiselmidaceae","Hemiselmis","no_hit"
"2122","ASV_2168",0.011362162141231,0.00484124259208534,-0.00632440372997663,"ASV_2168","no_hit","Dinophyceae","Dinophyceae","Syndiniales","Amoebophryaceae","Amoebophrya","s_"
"2123","ASV_2169",-0.00208644650524229,0.00535016421204926,0.00307822021429252,"ASV_2169","no_hit","no_hit","no_hit","no_hit","no_hit","no_hit","no_hit"
"2124","ASV_2170",-0.00114442634965513,0.00855179225105559,0.00447599849566521,"ASV_2170","no_hit","Euglenozoa","unknown","Diplonemea","unknown","unknown","s_"
"2125","ASV_2171",-0.000778871817560337,-0.000544658972020048,0.00129148942110927,"ASV_2171","no_hit","Dinophyceae","Dinophyceae","Gymnodiniales","Warnowiaceae","Erythropsidinium","no_hit"
"2126","ASV_2172",-0.0103686627702829,0.0048901630240499,-0.0114737650425447,"ASV_2172","no_hit","Dinophyceae","Dinophyceae","Syndiniales","Amoebophryaceae","Amoebophrya","no_hit"
"2127","ASV_2173",-0.0110477053808917,0.0116533068655827,-0.0174733025046882,"ASV_2173","no_hit","Bacillariophyta","Bacillariophyceae","Naviculales","no_hit","no_hit","no_hit"
"2128","ASV_2174",-0.00168166297533591,-0.00513738201792477,-0.0142997082595609,"ASV_2174","no_hit","Cercozoa","Thecofilosea","unknown","unknown","g_","s_"
"2129","ASV_2175",0.00915723331052931,-0.00247267873953151,-0.00410944745685096,"ASV_2175","no_hit","Euglenozoa","unknown","Diplonemea","unknown","g_","s_"
"2130","ASV_2176",0.00242128579726303,0.00813437692583577,-0.00617972338026148,"ASV_2176","no_hit","Bacillariophyta","Coscinodiscophyceae","Stephanodiscales","Stephanodiscaceae","Cyclotella","Cyclotella striata"
"2131","ASV_2177",-0.00212013582646439,-0.00375406573486988,-0.00865914909129465,"ASV_2177","no_hit","Dinophyceae","Dinophyceae","Syndiniales","Amoebophryaceae","g_","s_"
"2132","ASV_2178",0.00984073330601627,0.0121162058496486,-0.00695551450780548,"ASV_2178","no_hit","unknown","unknown","unknown","unknown","g_","s_"
"2133","ASV_2179",0.0135739613322831,0.00647436393693158,-0.00417449301479364,"ASV_2179","no_hit","Dinophyceae","Dinophyceae","Syndiniales","no_hit","g_","s_"
"2134","ASV_2180",0.0015937488768018,0.00590552210303631,-0.0168335411409261,"ASV_2180","no_hit","Dinophyceae","Dinophyceae","no_hit","no_hit","g_","s_"
"2135","ASV_2181",-0.00829167820277834,0.00933821908442227,-0.0124850849729561,"ASV_2181","no_hit","unknown","unknown","unknown","unknown","unknown","uncultured marine picoeukaryote"
"2136","ASV_2182",0.0105325385131571,-0.0108365665150414,-0.00809819647359181,"ASV_2182","no_hit","Dinophyceae","Dinophyceae","Gymnodiniales","no_hit","no_hit","no_hit"
"2137","ASV_2183",0.00432444005551569,-0.00533427131796417,-0.00380538198816066,"ASV_2183","no_hit","Dinophyceae","Dinophyceae","Syndiniales","Amoebophryaceae","g_","s_"
"2138","ASV_2184",-0.00143014116672,0.00929678020236667,0.00501933397905764,"ASV_2184","no_hit","Euglenozoa","unknown","Diplonemea","unknown","g_","s_"
"2139","ASV_2185",0.00358053692342509,0.00896849275532213,-0.00697516404920195,"ASV_2185","no_hit","Dinophyceae","Dinophyceae","unknown","unknown","g_","s_"
"2140","ASV_2186",0.0105840007613022,-0.00589450033943996,-0.00764986379804138,"ASV_2186","no_hit","Dinophyceae","Dinophyceae","Syndiniales","no_hit","no_hit","no_hit"
"2141","ASV_2187",0.00215627706809286,-0.00258311578658163,-0.0010379310120533,"ASV_2187","no_hit","Dinophyceae","Dinophyceae","Syndiniales","no_hit","no_hit","no_hit"
"2142","ASV_2188",0.0129698945651932,0.010308531671566,-0.00783253333427283,"ASV_2188","no_hit","Ciliophora","Oligohymenophorea","Philasterida","no_hit","no_hit","s_"
"2143","ASV_2190",0.00659422304716335,-0.00390790899415837,-0.00362094641117534,"ASV_2190","no_hit","Dinophyceae","Dinophyceae","Syndiniales","no_hit","no_hit","s_"
"2144","ASV_2191",0.014042120978499,-0.00350076688753945,-0.0069153012996791,"ASV_2191","no_hit","Dinophyceae","Dinophyceae","Peridiniales","Heterocapsaceae","Heterocapsa","no_hit"
"2145","ASV_2192",0.00257050663063086,-0.0172129439155739,-0.00741757530786336,"ASV_2192","no_hit","Euglenozoa","unknown","Diplonemea","no_hit","no_hit","no_hit"
"2146","ASV_2193",-0.00698162429035503,0.00292693304268409,-0.00688746261129107,"ASV_2193","no_hit","no_hit","no_hit","no_hit","no_hit","no_hit","s_"
"2147","ASV_2194",0.00726990454120097,-0.00893702866156401,-0.00496915425054222,"ASV_2194","no_hit","Dinophyceae","Dinophyceae","Syndiniales","no_hit","no_hit","no_hit"
"2148","ASV_2195",0.00332177600744608,-0.0119183211204766,-0.00475011743423788,"ASV_2195","no_hit","unknown","unknown","unknown","unknown","g_","s_"
"2149","ASV_2196",0.00361065251075766,0.00244298215526702,-0.00591565192561664,"ASV_2196","no_hit","Dinophyceae","Dinophyceae","no_hit","no_hit","no_hit","no_hit"
"2150","ASV_2198",0.00975492546216722,0.0010450660318222,-0.0060564971876648,"ASV_2198","no_hit","no_hit","no_hit","no_hit","no_hit","no_hit","no_hit"
"2151","ASV_2199",0.00432553753810459,0.0109056209761021,-0.00659363885039531,"ASV_2199","no_hit","no_hit","no_hit","no_hit","no_hit","no_hit","no_hit"
"2152","ASV_2200",0.00202632669471454,0.00938766019798546,-0.00923910345920097,"ASV_2200","no_hit","no_hit","no_hit","no_hit","no_hit","no_hit","no_hit"
"2153","ASV_2201",0.00689927932816958,0.00450448887245414,-0.0013298757126188,"ASV_2201","no_hit","Ciliophora","Oligohymenophorea","Apostomatida","no_hit","no_hit","no_hit"
"2154","ASV_2202",0.00212898074351234,-0.00107649245697239,0.000474518334789846,"ASV_2202","Metazoa","Echinodermata","Echinoidea","no_hit","no_hit","no_hit","no_hit"
"2155","ASV_2203",0.00589692126651543,0.0128678154889579,-0.0106093210787398,"ASV_2203","no_hit","unknown","Bolidophyceae","Parmales","Triparmaceae","g_","s_"
"2156","ASV_2204",0.00566692975926832,-0.0180621727358316,-0.00787305187611674,"ASV_2204","no_hit","no_hit","no_hit","no_hit","no_hit","g_","s_"
"2157","ASV_2205",-0.00261685352112821,0.00609560771958353,-0.00635610357934235,"ASV_2205","no_hit","unknown","unknown","unknown","unknown","g_","s_"
"2158","ASV_2206",0.0178359316473255,-0.000151973418510472,-0.0100712981573523,"ASV_2206","no_hit","Haptophyta","no_hit","no_hit","no_hit","no_hit","s_"
"2159","ASV_2207",0.0154446146849558,-0.00770671361542833,-0.00838095258462649,"ASV_2207","no_hit","no_hit","no_hit","no_hit","no_hit","no_hit","no_hit"
"2160","ASV_2208",0.000531323452697145,-0.00247676399297372,-0.000299923105322869,"ASV_2208","no_hit","unknown","unknown","unknown","unknown","g_","s_"
"2161","ASV_2209",0.0125489798447444,0.0110506132249344,-0.00352694672242397,"ASV_2209","no_hit","no_hit","no_hit","no_hit","no_hit","g_","s_"
"2162","ASV_2210",0.0028549432394199,0.00453757888430307,-0.00330668051738102,"ASV_2210","no_hit","Dinophyceae","Dinophyceae","Suessiales","Suessiaceae","g_","s_"
"2163","ASV_2212",0.00786567963929702,-0.00601844780816395,-0.00488701865785755,"ASV_2212","no_hit","Dinophyceae","Dinophyceae","no_hit","no_hit","no_hit","no_hit"
"2164","ASV_2213",0.00265776490436685,-0.0114946543669042,-0.00450380320154305,"ASV_2213","no_hit","unknown","unknown","unknown","unknown","unknown","s_"
"2165","ASV_2214",0.00496201136469882,-0.00208230193297499,-0.00218107223578214,"ASV_2214","no_hit","no_hit","no_hit","no_hit","no_hit","g_","s_"
"2166","ASV_2215",-0.00667386475215933,0.00201651587401154,-0.0095748438574809,"ASV_2215","no_hit","Dinophyceae","Dinophyceae","Syndiniales","Amoebophryaceae","g_","s_"
"2167","ASV_2216",0.00266757013449587,-0.00838155448052896,-0.011472577675948,"ASV_2216","no_hit","no_hit","no_hit","no_hit","no_hit","no_hit","no_hit"
"2168","ASV_2217",-0.00721873490960714,0.00484250692829183,-0.00769385298003261,"ASV_2217","no_hit","no_hit","no_hit","no_hit","no_hit","g_","s_"
"2169","ASV_2218",0.00235582756850028,0.0044733539627076,-1.77347603262102e-05,"ASV_2218","no_hit","Dinophyceae","Dinophyceae","no_hit","no_hit","no_hit","no_hit"
"2170","ASV_2219",-0.000546316653635465,0.00681558212004123,0.00369013435450675,"ASV_2219","no_hit","Euglenozoa","unknown","Diplonemea","unknown","g_","s_"
"2171","ASV_2220",-0.00368122128978598,0.000471877620820083,-0.0019523383433572,"ASV_2220","no_hit","unknown","unknown","unknown","unknown","g_","s_"
"2172","ASV_2221",-0.00380348216342002,0.0116945032723109,-0.0136801865361666,"ASV_2221","no_hit","no_hit","no_hit","no_hit","no_hit","no_hit","no_hit"
"2173","ASV_2222",-0.00475295979323109,0.00291441768302694,-0.00512120127537193,"ASV_2222","no_hit","Dinophyceae","Dinophyceae","Syndiniales","Amoebophryaceae","g_","s_"
"2174","ASV_2223",0.0106088821296294,-0.000970448457910231,-0.0100160908656202,"ASV_2223","no_hit","unknown","Bigyra","Nanomonadea","unknown","g_","s_"
"2175","ASV_2224",-0.00334279708187146,-0.00216388404643799,-0.0049739454777867,"ASV_2224","no_hit","Dinophyceae","Dinophyceae","no_hit","no_hit","no_hit","no_hit"
"2176","ASV_2225",0.00143418199507839,-0.00599043162312775,-0.00411928620836797,"ASV_2225","no_hit","Dinophyceae","Dinophyceae","Syndiniales","Amoebophryaceae","g_","s_"
"2177","ASV_2226",0.00408718411134132,-0.00718598604604293,-0.00349755304350637,"ASV_2226","no_hit","unknown","unknown","unknown","unknown","g_","s_"
"2178","ASV_2227",0.000478615389516523,-0.00448844706471673,-0.000723078422548639,"ASV_2227","no_hit","no_hit","no_hit","no_hit","no_hit","no_hit","no_hit"
"2179","ASV_2228",-0.00396489587114445,0.00322138495626887,-6.54784532713835e-05,"ASV_2228","no_hit","Dinophyceae","Dinophyceae","no_hit","no_hit","no_hit","no_hit"
"2180","ASV_2229",0.00182473433196087,0.00554899368384134,0.00219482330002215,"ASV_2229","no_hit","Dinophyceae","Dinophyceae","Syndiniales","Amoebophryaceae","g_","s_"
"2181","ASV_2230",0.00397297885878078,-0.00131581891508396,-0.0017607625946531,"ASV_2230","no_hit","Dinophyceae","Dinophyceae","Syndiniales","Amoebophryaceae","g_","s_"
"2182","ASV_2231",-0.00659138341536522,0.00279724132170222,-0.0087408735181661,"ASV_2231","no_hit","Cercozoa","Thecofilosea","Cryomonadida","Protaspidae","Cryothecomonas","s_"
"2183","ASV_2232",0.0137452366752695,0.00132860499536897,-0.00798469696506832,"ASV_2232","no_hit","Bacillariophyta","Coscinodiscophyceae","Melosirales","Stephanopyxidaceae","g_","s_"
"2184","ASV_2233",0.00731212825389634,0.00575998700856266,-0.00113382697671234,"ASV_2233","no_hit","Dinophyceae","Dinophyceae","no_hit","no_hit","g_","s_"
"2185","ASV_2234",-0.00215465364302656,0.00472458490207482,0.00389630554990764,"ASV_2234","no_hit","Ciliophora","Oligohymenophorea","Apostomatida","Foettingeriidae","no_hit","s_"
"2186","ASV_2235",0.0060851461999229,-0.00323599654322412,-0.00445614175934083,"ASV_2235","no_hit","Dinophyceae","Dinophyceae","Peridiniales","Peridiniaceae","g_","s_"
"2187","ASV_2236",0.00127929318525551,-0.00118630916782826,-0.00067627552617024,"ASV_2236","no_hit","Dinophyceae","Dinophyceae","Syndiniales","Amoebophryaceae","g_","s_"
"2188","ASV_2237",-8.10684394940182e-05,0.000371408457851714,0.00121349736847695,"ASV_2237","no_hit","Dinophyceae","Dinophyceae","Gymnodiniales","Kareniaceae","Karlodinium","s_"
"2189","ASV_2238",0.00768046905471161,0.00292972171581601,-0.00519889200399524,"ASV_2238","no_hit","Dinophyceae","Dinophyceae","no_hit","no_hit","no_hit","no_hit"
"2190","ASV_2239",-0.0119245828059231,0.00748439648008024,-0.0155980027741894,"ASV_2239","no_hit","unknown","unknown","unknown","unknown","unknown","uncultured marine picoeukaryote"
"2191","ASV_2240",0.00787750337226533,0.00859676790728665,-0.00527708813778603,"ASV_2240","no_hit","unknown","unknown","unknown","unknown","g_","s_"
"2192","ASV_2241",0.00773530907945526,-0.0054704602874078,-0.00462305174134081,"ASV_2241","no_hit","Ciliophora","Spirotrichea","Tintinnida","Tintinnidae","Salpingella","s_"
"2193","ASV_2242",0.000396533358320403,0.00233992303115901,0.00158645758263531,"ASV_2242","no_hit","Euglenozoa","unknown","Diplonemea","unknown","g_","s_"
"2194","ASV_2243",-0.00541581778796421,0.00165545550261591,-0.00601493980644696,"ASV_2243","no_hit","Dinophyceae","Dinophyceae","Peridiniales","Protoperidiniaceae","Protoperidinium","s_"
"2195","ASV_2244",0.00641448015865107,-0.00446326878959491,-0.00375894361965036,"ASV_2244","no_hit","Dinophyceae","Dinophyceae","no_hit","no_hit","no_hit","no_hit"
"2196","ASV_2246",0.00621471388344652,0.00980966470747262,-0.00492338601050644,"ASV_2246","no_hit","no_hit","no_hit","no_hit","no_hit","no_hit","no_hit"
"2197","ASV_2247",-0.0126972683263534,0.00600010677167131,-0.0129120496800982,"ASV_2247","no_hit","Dinophyceae","Dinophyceae","Syndiniales","no_hit","no_hit","no_hit"
"2198","ASV_2248",0.00147683258860201,-0.0114605538704851,-0.00343514056291886,"ASV_2248","no_hit","unknown","Choanoflagellata","Acanthoecida","Stephanoecidae","g_","s_"
"2199","ASV_2249",0.00100224789992345,0.000184874403137713,0.000611037231711847,"ASV_2249","no_hit","no_hit","no_hit","no_hit","no_hit","no_hit","no_hit"
"2200","ASV_2250",0.0052230861908266,-0.0171384460122975,-0.00787322108112966,"ASV_2250","no_hit","Dinophyceae","Dinophyceae","Syndiniales","Duboscquellidae","g_","s_"
"2201","ASV_2251",0.000159100448484333,-0.00133436421207576,0.0030564231699187,"ASV_2251","Viridiplantae","Chlorophyta","Mamiellophyceae","Mamiellales","Bathycoccaceae","Ostreococcus","no_hit"
"2202","ASV_2252",0.00977253682283473,-0.00320287011232223,-0.00822575180897557,"ASV_2252","no_hit","Cercozoa","no_hit","no_hit","no_hit","g_","s_"
"2203","ASV_2253",0.00314873645838259,0.000721669631546381,-0.000318855587815833,"ASV_2253","no_hit","Ciliophora","Oligohymenophorea","Apostomatida","no_hit","no_hit","no_hit"
"2204","ASV_2254",-0.000494995571057689,0.00533412477474347,0.00310892234045288,"ASV_2254","no_hit","Dinophyceae","Dinophyceae","Coccidiniales","Chytriodiniaceae","g_","s_"
"2205","ASV_2255",0.011664116424413,0.0145778784945216,-0.004292270209735,"ASV_2255","no_hit","unknown","Cryptophyceae","Kathablepharidacea","Katablepharidaceae","Leucocryptos","Leucocryptos marina"
"2206","ASV_2256",-0.0112912662506985,0.00370080786284809,-0.00924267995575667,"ASV_2256","no_hit","Dinophyceae","Dinophyceae","no_hit","no_hit","g_","s_"
"2207","ASV_2257",-0.0120419000062505,-0.00770223758137359,-0.000325001193392063,"ASV_2257","no_hit","Dinophyceae","Dinophyceae","no_hit","no_hit","no_hit","no_hit"
"2208","ASV_2258",-0.0106703911398709,0.00368294811246944,-0.0165347091876737,"ASV_2258","no_hit","Dinophyceae","Dinophyceae","Syndiniales","Amoebophryaceae","g_","s_"
"2209","ASV_2259",0.010317484917652,0.0084754469477983,0.000553933926218474,"ASV_2259","Metazoa","Cnidaria","Anthozoa","Actiniaria","no_hit","no_hit","no_hit"
"2210","ASV_2260",-0.000271495486900193,0.00474402487994529,0.00281431024435933,"ASV_2260","no_hit","no_hit","no_hit","no_hit","no_hit","no_hit","no_hit"
"2211","ASV_2261",0.00577135918464088,-0.0125096438958602,-0.00620366064363378,"ASV_2261","no_hit","Cercozoa","no_hit","no_hit","no_hit","no_hit","no_hit"
"2212","ASV_2262",1.19167396372987e-05,-0.00134696262212801,-0.00161877843951956,"ASV_2262","Metazoa","Chordata","Thaliacea","Salpida","Salpidae","Cyclosalpa","Cyclosalpa polae"
"2213","ASV_2263",-0.00737223059782948,0.00408465822865694,-0.0067127886227044,"ASV_2263","no_hit","Ciliophora","Spirotrichea","Tintinnida","Xystonellidae","g_","s_"
"2214","ASV_2264",0.00139561865830378,-0.0039200298374887,-0.00117719894829018,"ASV_2264","no_hit","no_hit","no_hit","no_hit","no_hit","no_hit","no_hit"
"2215","ASV_2265",0.00117350404605379,-0.00036380027292177,-0.00201774722956356,"ASV_2265","no_hit","unknown","unknown","unknown","unknown","g_","s_"
"2216","ASV_2266",-0.00101040603985337,0.00567476735744848,0.00335277046303442,"ASV_2266","no_hit","Euglenozoa","unknown","Diplonemea","unknown","g_","s_"
"2217","ASV_2267",0.000134353257873889,-0.0091759747857711,-0.0051217708019873,"ASV_2267","no_hit","Dinophyceae","Dinophyceae","Gymnodiniales","Kareniaceae","g_","s_"
"2218","ASV_2268",0.00228909758589105,-0.00975873731953006,-0.0093362999424832,"ASV_2268","no_hit","Dinophyceae","Dinophyceae","Syndiniales","Amoebophryaceae","g_","s_"
"2219","ASV_2269",-0.00525463418746198,0.00232146942564306,-0.0102300748840972,"ASV_2269","Viridiplantae","Chlorophyta","Mamiellophyceae","Dolichomastigales","Crustomastigaceae","g_","s_"
"2220","ASV_2270",-0.00401427614294471,-0.00243191676293739,-0.00279322046043467,"ASV_2270","no_hit","Bacillariophyta","Coscinodiscophyceae","Chaetocerotales","Chaetocerotaceae","Chaetoceros","Chaetoceros sp. NIES-3971"
"2221","ASV_2271",-0.00152840092932209,0.00143699380625538,0.00207010731619593,"ASV_2271","no_hit","Dinophyceae","Dinophyceae","no_hit","no_hit","g_","s_"
"2222","ASV_2272",0.000852710111533667,0.0028361401973471,0.000197555887072008,"ASV_2272","no_hit","Ciliophora","Oligohymenophorea","Philasterida","no_hit","g_","s_"
"2223","ASV_2273",0.00611400632819019,-0.0156191041745439,-0.0082821273408489,"ASV_2273","no_hit","Ciliophora","Colpodea","unknown","unknown","g_","s_"
"2224","ASV_2274",-0.000844991899395922,0.00218328478971497,-0.007347391571404,"ASV_2274","no_hit","Dinophyceae","Dinophyceae","Syndiniales","Amoebophryaceae","Amoebophrya","no_hit"
"2225","ASV_2275",0.00173567851292819,-0.00760576518403904,-0.00272503313510529,"ASV_2275","no_hit","no_hit","no_hit","no_hit","no_hit","g_","s_"
"2226","ASV_2276",0.000719949292651985,-0.0078855687227411,-0.00224744962984566,"ASV_2276","no_hit","Euglenozoa","unknown","Diplonemea","unknown","unknown","s_"
"2227","ASV_2277",0.00932610100300143,0.00407822815371922,-0.00814194562134685,"ASV_2277","no_hit","no_hit","no_hit","no_hit","no_hit","no_hit","no_hit"
"2228","ASV_2278",0.00715452364663632,-0.0101961612463937,-0.0057741972670745,"ASV_2278","no_hit","Imbricatea","unknown","Euglyphida","Paulinellidae","g_","s_"
"2229","ASV_2279",-0.00452923440024752,0.00864789486418953,-0.00909805275043773,"ASV_2279","no_hit","Haptophyta","unknown","Prymnesiales","Chrysochromulinaceae","Chrysochromulina","Chrysochromulina sp. Hp34EHU"
"2230","ASV_2280",0.00345660698602829,-0.00731096009560285,-0.00303936743173639,"ASV_2280","no_hit","no_hit","no_hit","no_hit","no_hit","no_hit","no_hit"
"2231","ASV_2281",0.0109082554674145,-0.00981298226850842,-0.00845826824954675,"ASV_2281","no_hit","Dinophyceae","Dinophyceae","Gymnodiniales","Gymnodiniaceae","g_","s_"
"2232","ASV_2282",0.0121548557207999,0.00411989332305459,-0.00365491507417838,"ASV_2282","no_hit","Dinophyceae","Dinophyceae","Syndiniales","Amoebophryaceae","g_","s_"
"2233","ASV_2283",-0.00685497947745371,0.00301014262662181,-0.00629115803393845,"ASV_2283","no_hit","Bacillariophyta","Coscinodiscophyceae","Melosirales","Stephanopyxidaceae","g_","s_"
"2234","ASV_2284",0.0038913192093991,0.00274158688116009,-0.000996379360656305,"ASV_2284","no_hit","Cercozoa","unknown","Cercomonadida","Cercomonadidae","g_","s_"
"2235","ASV_2285",0.00412914224059578,-0.00681031902845055,-0.00392401149117847,"ASV_2285","no_hit","Dinophyceae","Dinophyceae","Syndiniales","Amoebophryaceae","g_","s_"
"2236","ASV_2287",-0.000468273872971225,0.00172373054202193,0.00168119499137982,"ASV_2287","no_hit","Euglenozoa","unknown","Diplonemea","unknown","g_","s_"
"2237","ASV_2288",0.00227621212477209,-0.00507614368274234,-0.00210273433435064,"ASV_2288","no_hit","Dinophyceae","Dinophyceae","Syndiniales","Amoebophryaceae","g_","s_"
"2238","ASV_2289",-0.010703563673919,0.00474919392912199,-0.011910386634746,"ASV_2289","no_hit","unknown","Choanoflagellata","Craspedida","Salpingoecidae","g_","s_"
"2239","ASV_2290",0.0127062088716807,-0.0152622948240654,-0.0107312299308447,"ASV_2290","no_hit","unknown","unknown","unknown","unknown","unknown","s_"
"2240","ASV_2291",0.00581634063987269,0.00566343264882837,-4.95487228686801e-05,"ASV_2291","no_hit","no_hit","no_hit","no_hit","no_hit","no_hit","no_hit"
"2241","ASV_2292",0.00535229678711801,-0.00428768670716559,-0.00390986705011322,"ASV_2292","no_hit","no_hit","no_hit","no_hit","no_hit","g_","s_"
"2242","ASV_2293",0.014827340106625,0.0061162943218533,-0.00446330049323649,"ASV_2293","no_hit","unknown","unknown","unknown","unknown","unknown","uncultured marine eukaryote"
"2243","ASV_2294",-0.00157704775853047,0.00141594551644739,-0.00181353740437361,"ASV_2294","no_hit","Dinophyceae","Dinophyceae","Syndiniales","Amoebophryaceae","g_","s_"
"2244","ASV_2295",0.000411936482974725,-0.00243507317767585,-1.28986924969554e-05,"ASV_2295","no_hit","unknown","unknown","unknown","unknown","g_","s_"
"2245","ASV_2296",0.00265456902012385,0.00219361052621778,-0.000182360516022845,"ASV_2296","no_hit","Euglenozoa","unknown","Diplonemea","no_hit","no_hit","no_hit"
"2246","ASV_2297",0.00699701125721639,0.00696984174480981,-0.00639666945179109,"ASV_2297","no_hit","unknown","Choanoflagellata","Acanthoecida","Acanthoecidae","g_","s_"
"2247","ASV_2298",0.00596001536690037,0.00418139889865962,-0.00604811081150499,"ASV_2298","no_hit","unknown","Dictyochophyceae","Pedinellales","no_hit","no_hit","no_hit"
"2248","ASV_2299",0.00399563619088738,-0.00254902829769015,-0.00243899204001305,"ASV_2299","no_hit","no_hit","no_hit","no_hit","no_hit","no_hit","no_hit"
"2249","ASV_2300",-0.000376705311797847,-0.0148757584400643,-0.0157510839745511,"ASV_2300","no_hit","no_hit","no_hit","no_hit","no_hit","g_","s_"
"2250","ASV_2301",-0.00269204696939598,0.00487298594994879,-0.00336166655102284,"ASV_2301","no_hit","Dinophyceae","Dinophyceae","no_hit","no_hit","g_","s_"
"2251","ASV_2302",0.00551386393539548,0.00525429279674258,-0.0013907833604459,"ASV_2302","no_hit","no_hit","no_hit","no_hit","no_hit","no_hit","no_hit"
"2252","ASV_2303",0.0143242101680297,0.00340275316316054,-0.00420920908973738,"ASV_2303","no_hit","Dinophyceae","Dinophyceae","Syndiniales","Amoebophryaceae","g_","s_"
"2253","ASV_2304",0.00219193383954256,-0.010713184177494,-0.00345514771929372,"ASV_2304","no_hit","Dinophyceae","Dinophyceae","Peridiniales","Peridiniaceae","g_","s_"
"2254","ASV_2305",0.0120138805886758,-0.00214470330377401,-0.0083032023931551,"ASV_2305","no_hit","unknown","unknown","unknown","unknown","unknown","s_"
"2255","ASV_2306",0.00317096447234939,-0.00247011358639979,-0.00263794492356663,"ASV_2306","no_hit","unknown","Bigyra","Nanomonadea","unknown","Solenicola","no_hit"
"2256","ASV_2307",-0.00856195325003645,0.00208865332832838,-0.0188968152902275,"ASV_2307","no_hit","Dinophyceae","Dinophyceae","no_hit","no_hit","no_hit","no_hit"
"2257","ASV_2308",0.0022240108613483,0.00649866592410114,-0.00433336875137847,"ASV_2308","no_hit","Dinophyceae","Dinophyceae","Peridiniales","Protoperidiniaceae","g_","s_"
"2258","ASV_2309",0.0141652442360528,-0.00407497444413219,-0.00797377975534658,"ASV_2309","no_hit","Dinophyceae","Dinophyceae","Syndiniales","no_hit","g_","s_"
"2259","ASV_2311",-0.000237879359006283,0.00631986657497631,0.00342843708093358,"ASV_2311","no_hit","Dinophyceae","Dinophyceae","no_hit","no_hit","no_hit","s_"
"2260","ASV_2312",-0.00307950071156912,-0.00293513307957236,-0.0155463971803484,"ASV_2312","no_hit","Dinophyceae","Dinophyceae","Syndiniales","Amoebophryaceae","Amoebophrya","no_hit"
"2261","ASV_2313",0.000889439709236625,-0.00371745092347876,-0.000341154137862092,"ASV_2313","no_hit","Dinophyceae","Dinophyceae","Syndiniales","Amoebophryaceae","g_","s_"
"2262","ASV_2314",0.00590167667837603,0.00823075697975755,-0.00205811277056476,"ASV_2314","no_hit","Cercozoa","no_hit","no_hit","no_hit","g_","s_"
"2263","ASV_2315",0.00630252542679123,-0.00111152458201761,-0.00268041187205401,"ASV_2315","no_hit","Dinophyceae","Dinophyceae","Syndiniales","Amoebophryaceae","Amoebophrya","no_hit"
"2264","ASV_2316",-3.71852528085658e-05,0.00299152855769728,0.00215803047529647,"ASV_2316","no_hit","Dinophyceae","Dinophyceae","Coccidiniales","Chytriodiniaceae","g_","s_"
"2265","ASV_2317",0.00736625171052322,-0.000769534118512133,-0.0107423278249625,"ASV_2317","no_hit","no_hit","no_hit","no_hit","no_hit","g_","s_"
"2266","ASV_2319",0.00613726681712382,-0.00837117016751444,-0.00936927417541955,"ASV_2319","no_hit","Dinophyceae","Dinophyceae","no_hit","no_hit","g_","s_"
"2267","ASV_2320",-0.00374458053707163,-0.00294583391670314,-0.00738133321205484,"ASV_2320","no_hit","Euglenozoa","unknown","Diplonemea","Diplonemidae","g_","s_"
"2268","ASV_2321",0.00117235815738214,-0.0047835083236352,-0.00141176398843007,"ASV_2321","no_hit","Euglenozoa","unknown","Diplonemea","no_hit","no_hit","no_hit"
"2269","ASV_2322",-0.0108587619455668,0.000865028954691714,-0.0220228879938183,"ASV_2322","Viridiplantae","Chlorophyta","Mamiellophyceae","Dolichomastigales","Crustomastigaceae","g_","s_"
"2270","ASV_2323",-0.0013003435409872,0.00017550942077324,0.000884360215599615,"ASV_2323","Metazoa","Arthropoda","Malacostraca","Euphausiacea","Euphausiidae","no_hit","s_"
"2271","ASV_2324",0.00514749324434463,0.00299054984001567,-0.000994068680663644,"ASV_2324","no_hit","Dinophyceae","Dinophyceae","Syndiniales","Amoebophryaceae","g_","s_"
"2272","ASV_2325",0.000950973045673042,-0.000818321762406237,0.0026242262561807,"ASV_2325","Metazoa","Annelida","Polychaeta","Phyllodocida","Pisionidae","Pisione","Pisione puzae"
"2273","ASV_2326",0.000557780282385953,0.000667639300453457,-0.00432705680815777,"ASV_2326","no_hit","Haptophyta","unknown","Phaeocystales","Phaeocystaceae","Phaeocystis","no_hit"
"2274","ASV_2327",0.00771034625536201,0.00729958045120833,0.000957842000493201,"ASV_2327","unassigned","unassigned","unassigned","unassigned","unassigned","unassigned","unassigned"
"2275","ASV_2328",-0.0146683358573949,0.00624246911284273,-0.0141707899887105,"ASV_2328","no_hit","unknown","Dictyochophyceae","Dictyochales","unknown","Dictyocha","Dictyocha fibula"
"2276","ASV_2330",0.0014188190106954,-0.00359125778319761,-0.00128259696509181,"ASV_2330","no_hit","no_hit","no_hit","no_hit","no_hit","no_hit","no_hit"
"2277","ASV_2331",0.00450998338101538,-0.00525936832169601,-0.00461942010065398,"ASV_2331","no_hit","no_hit","no_hit","no_hit","no_hit","no_hit","no_hit"
"2278","ASV_2332",0.00368197525005441,-0.00675264915024025,-0.00669182575952364,"ASV_2332","no_hit","Dinophyceae","Dinophyceae","Syndiniales","Ellobiopsidae","Ellobiopsis","Ellobiopsis chattonii"
"2279","ASV_2333",-0.000399321802877806,0.00373300206082687,0.0029224349972593,"ASV_2333","no_hit","Dinophyceae","Dinophyceae","Gymnodiniales","Gymnodiniaceae","g_","s_"
"2280","ASV_2334",0.009861358035143,0.00832975445371662,-0.00871809954206541,"ASV_2334","no_hit","Dinophyceae","Dinophyceae","Syndiniales","Amoebophryaceae","g_","s_"
"2281","ASV_2335",0.00205178244826779,-0.00129988408271381,-0.00104222580792804,"ASV_2335","no_hit","Euglenozoa","unknown","Diplonemea","unknown","unknown","s_"
"2282","ASV_2336",0.0107438163195475,0.0100956366327414,0.000935746624865136,"ASV_2336","Metazoa","Echinodermata","Holothuroidea","Molpadida","Molpadiidae","Heteromolpadia","Heteromolpadia tridens"
"2283","ASV_2337",0.000678782139955418,-0.013561814215031,-0.00523758004457687,"ASV_2337","no_hit","unknown","unknown","unknown","unknown","unknown","uncultured marine picoeukaryote"
"2284","ASV_2338",-0.000827784081183673,0.0068914551279817,0.00236104159785107,"ASV_2338","no_hit","Ciliophora","Oligohymenophorea","Philasterida","Cinetochilidae","g_","s_"
"2285","ASV_2340",0.0160883600022034,0.0104597873101964,-0.0025708600148921,"ASV_2340","no_hit","Dinophyceae","Dinophyceae","Prorocentrales","Prorocentraceae","g_","s_"
"2286","ASV_2341",0.00153895731082959,0.000115496937121896,0.00307640184197412,"ASV_2341","Metazoa","Annelida","Polychaeta","Phyllodocida","Glyceridae","Glycera","no_hit"
"2287","ASV_2342",0.00128710371044027,-0.00185331342326378,-0.000416833117710437,"ASV_2342","no_hit","no_hit","no_hit","no_hit","no_hit","g_","s_"
"2288","ASV_2343",0.0111858113375226,0.00581861464877339,-0.0034551255799092,"ASV_2343","no_hit","Dinophyceae","Dinophyceae","unknown","unknown","Madanidinium","s_"
"2289","ASV_2344",0.00484084827532047,-0.00566472224172674,-0.00496870397620169,"ASV_2344","no_hit","Dinophyceae","Dinophyceae","Syndiniales","Amoebophryaceae","Amoebophrya","s_"
"2290","ASV_2345",-0.00582256990302038,0.00491785668209552,-0.00922334091858443,"ASV_2345","Viridiplantae","Chlorophyta","Mamiellophyceae","Dolichomastigales","Crustomastigaceae","g_","s_"
"2291","ASV_2346",0.000598152235727348,0.00684562926526844,0.00305726519202547,"ASV_2346","no_hit","Dinophyceae","Dinophyceae","Syndiniales","Amoebophryaceae","g_","s_"
"2292","ASV_2347",0.00155220135240344,-0.00485249304634705,-0.00116531380842464,"ASV_2347","no_hit","Dinophyceae","Dinophyceae","Syndiniales","Amoebophryaceae","g_","s_"
"2293","ASV_2348",-0.0011225660906019,0.00430336678679804,0.00255584940823715,"ASV_2348","no_hit","Dinophyceae","Dinophyceae","Syndiniales","Duboscquellidae","g_","s_"
"2294","ASV_2349",0.0134312396873501,0.0107767972496843,-0.00242774653247392,"ASV_2349","no_hit","no_hit","no_hit","no_hit","no_hit","g_","s_"
"2295","ASV_2350",0.00544870785982992,-0.00353503454246859,-0.00335635532492317,"ASV_2350","no_hit","Euglenozoa","unknown","Diplonemea","unknown","g_","s_"
"2296","ASV_2351",0.0139800349399507,0.00957263950508831,-0.00153211852091505,"ASV_2351","no_hit","unknown","unknown","unknown","unknown","g_","s_"
"2297","ASV_2352",-0.0034871704762725,0.00239258610297221,-0.00529499918186096,"ASV_2352","no_hit","Bacillariophyta","Coscinodiscophyceae","Chaetocerotales","Chaetocerotaceae","Chaetoceros","s_"
"2298","ASV_2353",-0.00114367605681116,-0.0021831445508987,0.000421607544046481,"ASV_2353","Metazoa","Arthropoda","Hexanauplia","Poecilostomatoida","Oncaeidae","Oncaea","s_"
"2299","ASV_2354",-0.000155669095050155,-0.00346197467433552,-0.00402823538536222,"ASV_2354","no_hit","unknown","unknown","unknown","unknown","unknown","s_"
"2300","ASV_2355",0.013346434909355,-0.00740817333014827,-0.00788428841895934,"ASV_2355","no_hit","no_hit","no_hit","no_hit","no_hit","no_hit","s_"
"2301","ASV_2356",0.00118933874126498,0.00280673625575204,-0.00154806454764767,"ASV_2356","no_hit","Dinophyceae","Dinophyceae","Syndiniales","Amoebophryaceae","Amoebophrya","no_hit"
"2302","ASV_2357",0.0127642694838053,-0.0074815910443803,-0.00803424898473245,"ASV_2357","no_hit","Dinophyceae","Dinophyceae","Peridiniales","Peridiniopsidaceae","Palatinus","Palatinus apiculatus"
"2303","ASV_2360",0.00491845633162991,-0.00607027106062356,-0.00478504325834841,"ASV_2360","no_hit","Dinophyceae","Dinophyceae","Gonyaulacales","Gonyaulacaceae","g_","s_"
"2304","ASV_2361",0.00751998770948203,-0.0115257306803576,-0.00805677658646728,"ASV_2361","no_hit","Bacillariophyta","Coscinodiscophyceae","Chaetocerotales","Attheyaceae","Attheya","s_"
"2305","ASV_2362",0.00449916919789494,-0.00168946154593213,-0.00459590895257857,"ASV_2362","no_hit","Bacillariophyta","Coscinodiscophyceae","Chaetocerotales","Attheyaceae","g_","s_"
"2306","ASV_2363",-0.00315828819257931,-0.00502627533681351,-0.0107478563510534,"ASV_2363","no_hit","no_hit","no_hit","no_hit","no_hit","no_hit","no_hit"
"2307","ASV_2364",0.0150605170094508,0.0026460410935972,-0.00575756452242464,"ASV_2364","no_hit","Dinophyceae","Dinophyceae","Syndiniales","Amoebophryaceae","g_","s_"
"2308","ASV_2365",0.00804847827375857,-0.00284335093511046,-0.00532334084887889,"ASV_2365","no_hit","unknown","unknown","unknown","unknown","unknown","s_"
"2309","ASV_2366",0.00566002316133782,0.00526063076090777,-0.000115815909356677,"ASV_2366","no_hit","Dinophyceae","Dinophyceae","Syndiniales","Eudubosquellidae","g_","s_"
"2310","ASV_2367",0.00597305368137335,0.0105683150661925,-0.00613527829534022,"ASV_2367","no_hit","Dinophyceae","Dinophyceae","Syndiniales","Amoebophryaceae","g_","s_"
"2311","ASV_2368",0.00425495614502645,0.000755747613278682,-0.00163658612995486,"ASV_2368","no_hit","Dinophyceae","Dinophyceae","Syndiniales","Eudubosquellidae","g_","s_"
"2312","ASV_2369",-0.00649273947401004,0.00208886178091273,-0.00481969800818754,"ASV_2369","no_hit","Ciliophora","Spirotrichea","unknown","Strombidiidae","Strombidium","Strombidium chlorophilum"
"2313","ASV_2370",0.00395274515160435,0.00619519597188792,-0.00699414431677057,"ASV_2370","no_hit","unknown","Bolidophyceae","Parmales","Triparmaceae","g_","s_"
"2314","ASV_2371",-0.000748253270942452,-0.0019419825119376,0.000272141117400954,"ASV_2371","no_hit","Euglenozoa","unknown","Diplonemea","unknown","g_","s_"
"2315","ASV_2372",0.00115302196516875,-0.00106489965920107,0.00296664911525618,"ASV_2372","no_hit","unknown","unknown","unknown","unknown","unknown","uncultured marine eukaryote"
"2316","ASV_2373",-0.00132006691172177,0.00378559635589147,-0.000519991256352784,"ASV_2373","no_hit","Dinophyceae","Dinophyceae","Peridiniales","Protoperidiniaceae","Protoperidinium","Protoperidinium monovelum"
"2317","ASV_2374",0.00336226569739969,-0.00613888085282981,-0.00797111793956836,"ASV_2374","no_hit","unknown","unknown","unknown","unknown","g_","s_"
"2318","ASV_2375",0.00610672212719286,-7.14893539241383e-05,-0.00331793877408964,"ASV_2375","no_hit","unknown","Cryptophyceae","Pyrenomonadales","Geminigeraceae","g_","s_"
"2319","ASV_2376",-0.00505412739071782,0.00154255261121434,-0.00345684774550542,"ASV_2376","no_hit","Ciliophora","Spirotrichea","unknown","Tontoniidae","g_","s_"
"2320","ASV_2377",0.00620979750424495,-0.00525047589085853,-0.0108825965453673,"ASV_2377","no_hit","Imbricatea","unknown","Thaumatomonadida","Thaumatomastigidae","g_","s_"
"2321","ASV_2378",0.00761260653890663,0.0079880619739158,-0.00732439277993463,"ASV_2378","no_hit","Dinophyceae","Dinophyceae","Blastodiniales","unknown","g_","s_"
"2322","ASV_2379",0.00780037816146664,-0.0124274218896346,-0.00926543970762059,"ASV_2379","no_hit","Dinophyceae","Dinophyceae","Syndiniales","Amoebophryaceae","g_","s_"
"2323","ASV_2380",0.00139502650405278,-0.00193714385655178,-0.00116423459396416,"ASV_2380","no_hit","unknown","unknown","unknown","unknown","g_","s_"
"2324","ASV_2381",0.00253045923644988,-0.0086485254102002,-0.00355504524177967,"ASV_2381","no_hit","Dinophyceae","Dinophyceae","no_hit","no_hit","no_hit","no_hit"
"2325","ASV_2382",-0.0105328676582944,0.00410643167566193,-0.0103231849598283,"ASV_2382","no_hit","Dinophyceae","Dinophyceae","Peridiniales","Protoperidiniaceae","Protoperidinium","Protoperidinium thulesense"
"2326","ASV_2383",0.00081377235689708,-0.00278613659744301,0.0019238994987401,"ASV_2383","Metazoa","Echinodermata","Ophiuroidea","no_hit","no_hit","no_hit","no_hit"
"2327","ASV_2384",-0.000771155674765513,0.00659441340046807,0.00360066821142104,"ASV_2384","no_hit","no_hit","no_hit","no_hit","no_hit","no_hit","no_hit"
"2328","ASV_2385",-0.00446748048772686,-0.00239315020375742,-0.00965267226207827,"ASV_2385","no_hit","no_hit","no_hit","no_hit","no_hit","g_","s_"
"2329","ASV_2386",0.00258280656948505,-0.0115890998706461,-0.00488960393973268,"ASV_2386","no_hit","Dinophyceae","Dinophyceae","Syndiniales","Amoebophryaceae","g_","s_"
"2330","ASV_2388",-0.0101341656142114,0.0026749351288323,-0.0103801095596968,"ASV_2388","no_hit","no_hit","no_hit","no_hit","no_hit","g_","s_"
"2331","ASV_2390",0.0160482427385992,0.0112039098592585,-0.00538209458159646,"ASV_2390","no_hit","unknown","unknown","unknown","unknown","g_","s_"
"2332","ASV_2391",-0.00453250443735416,-3.61553295267036e-05,-0.00459251580852383,"ASV_2391","no_hit","Dinophyceae","Dinophyceae","no_hit","no_hit","no_hit","no_hit"
"2333","ASV_2392",-0.000175591161666566,0.00660721036768239,0.00357850560868015,"ASV_2392","no_hit","Dinophyceae","Dinophyceae","no_hit","no_hit","no_hit","no_hit"
"2334","ASV_2393",-0.00945681562439139,0.00636215052314051,-0.00979071530513702,"ASV_2393","no_hit","no_hit","no_hit","no_hit","no_hit","no_hit","s_"
"2335","ASV_2394",0.002053676333373,-0.000296913977477568,-0.000635430327392556,"ASV_2394","no_hit","Dinophyceae","Dinophyceae","Gymnodiniales","Kareniaceae","Takayama","Takayama cf. pulchellum"
"2336","ASV_2395",0.0091176983861757,-0.00181134353079502,-0.00367887362117316,"ASV_2395","no_hit","unknown","Choanoflagellata","Acanthoecida","Stephanoecidae","Calliacantha","Calliacantha natans"
"2337","ASV_2396",0.00641819809743141,-0.0082698926394571,-0.00509594249861128,"ASV_2396","no_hit","Dinophyceae","Dinophyceae","no_hit","no_hit","no_hit","no_hit"
"2338","ASV_2397",-0.003329571729097,0.000478874166358905,-0.00167100399314623,"ASV_2397","no_hit","no_hit","no_hit","no_hit","no_hit","no_hit","no_hit"
"2339","ASV_2398",-0.00660154959555517,0.00174989362744109,-0.00578480098994433,"ASV_2398","Metazoa","Arthropoda","Hexanauplia","Calanoida","Calanidae","no_hit","no_hit"
"2340","ASV_2399",-0.00212449188032165,0.00335954197910541,0.00295548517712314,"ASV_2399","no_hit","Dinophyceae","Dinophyceae","no_hit","no_hit","no_hit","no_hit"
"2341","ASV_2400",0.00352671797470388,0.00289677623019646,-0.0124542326640405,"ASV_2400","no_hit","no_hit","no_hit","no_hit","no_hit","no_hit","no_hit"
"2342","ASV_2401",-0.00296536031296904,0.00095657556439188,-0.00134624021660154,"ASV_2401","no_hit","Dinophyceae","Dinophyceae","Prorocentrales","Prorocentraceae","Prorocentrum","Prorocentrum triestinum"
"2343","ASV_2402",0.00317875630857215,-0.00914248929028627,-0.00489687909561084,"ASV_2402","no_hit","Dinophyceae","Dinophyceae","Syndiniales","no_hit","no_hit","no_hit"
"2344","ASV_2403",-0.00147856927093881,-0.001787774626098,-0.00699284071638315,"ASV_2403","no_hit","Ciliophora","no_hit","no_hit","no_hit","g_","s_"
"2345","ASV_2404",0.00974215423024114,-0.00116312911726186,-0.0050214801761567,"ASV_2404","no_hit","Dinophyceae","Dinophyceae","no_hit","no_hit","no_hit","s_"
"2346","ASV_2405",0.00430200211503599,0.00150248757463412,-0.00498516180291807,"ASV_2405","no_hit","Dinophyceae","Dinophyceae","Peridiniales","Kryptoperidiniaceae","g_","s_"
"2347","ASV_2406",0.0141781025529,0.0122092916643559,-0.00196536544404691,"ASV_2406","no_hit","Dinophyceae","Dinophyceae","Syndiniales","Amoebophryaceae","g_","s_"
"2348","ASV_2407",-0.0024902808422725,0.00352242210199427,-0.00936514548597092,"ASV_2407","no_hit","Ciliophora","Spirotrichea","Choreotrichida","Strobilidiidae","Rimostrombidium","s_"
"2349","ASV_2408",0.00345360329092789,-0.0105044157520989,-0.00486543540541457,"ASV_2408","no_hit","Ciliophora","Oligohymenophorea","Philasterida","Cinetochilidae","g_","s_"
"2350","ASV_2409",0.00713839319508116,0.000390968333789216,-0.00326372858541595,"ASV_2409","no_hit","Imbricatea","unknown","Euglyphida","Paulinellidae","Paulinella","no_hit"
"2351","ASV_2410",-0.00307548907775364,0.00911096996433041,-0.0113668026880849,"ASV_2410","Viridiplantae","Chlorophyta","Pyramimonadophyceae","Pyramimonadales","Pyramimonadaceae","Pterosperma","Pterosperma cristatum"
"2352","ASV_2411",0.000220486543196411,-0.00201883806501463,-0.000457072575698987,"ASV_2411","no_hit","Dinophyceae","Dinophyceae","no_hit","no_hit","no_hit","no_hit"
"2353","ASV_2412",0.00150216103150348,-0.0067246609393599,-0.00215351954606264,"ASV_2412","no_hit","unknown","Polycystinea","no_hit","no_hit","no_hit","no_hit"
"2354","ASV_2413",0.00122990604229542,-0.00509046479138965,-0.00127685166799875,"ASV_2413","no_hit","unknown","unknown","unknown","unknown","g_","s_"
"2355","ASV_2414",-0.000327027915267565,0.00412293526581428,0.00254742940113206,"ASV_2414","no_hit","unknown","Acantharea","no_hit","no_hit","no_hit","no_hit"
"2356","ASV_2415",0.00191976803125189,-0.00170111271076831,-0.000993085860598293,"ASV_2415","no_hit","Dinophyceae","Dinophyceae","Syndiniales","Amoebophryaceae","Amoebophrya","s_"
"2357","ASV_2416",0.0029177943660101,-0.00646956871507393,-0.00710165942361725,"ASV_2416","no_hit","Dinophyceae","Dinophyceae","Syndiniales","Duboscquellidae","Duboscquella","s_"
"2358","ASV_2417",0.00961419210928105,0.0128516242289183,-0.00536491065186164,"ASV_2417","no_hit","no_hit","no_hit","no_hit","no_hit","no_hit","s_"
"2359","ASV_2418",0.00188672738411527,-0.00273398822066861,-0.00105256881981729,"ASV_2418","no_hit","Euglenozoa","unknown","Diplonemea","unknown","unknown","Diplonemida sp. 1sb RG-2016"
"2360","ASV_2419",0.0111821094824453,-0.0103054625885639,-0.00800344391384957,"ASV_2419","no_hit","unknown","unknown","Telonemida","no_hit","g_","s_"
"2361","ASV_2420",0.00203959196061589,-0.00328138463020626,-0.00204276995938944,"ASV_2420","no_hit","unknown","unknown","unknown","unknown","g_","s_"
"2362","ASV_2421",-0.00933684452124298,-3.02974501568885e-05,-0.0105197154534089,"ASV_2421","no_hit","Cercozoa","Thecofilosea","unknown","Ebriacea","Ebria","Ebria tripartita"
"2363","ASV_2422",-0.00359640298241804,0.00112877548496767,-0.00166735172521054,"ASV_2422","no_hit","Ciliophora","unknown","unknown","unknown","g_","s_"
"2364","ASV_2423",-0.0035569898779176,0.000432247394919043,-0.00412535167950924,"ASV_2423","no_hit","Bacillariophyta","Coscinodiscophyceae","Coscinodiscales","Coscinodiscaceae","Coscinodiscus","Coscinodiscus radiatus"
"2365","ASV_2424",-0.000322732203443304,0.00423379853044151,0.00265468058718847,"ASV_2424","no_hit","Dinophyceae","Dinophyceae","Syndiniales","Amoebophryaceae","g_","s_"
"2366","ASV_2425",-0.00312192801822593,0.00109073930510121,-0.00208102191095446,"ASV_2425","no_hit","Dinophyceae","Dinophyceae","no_hit","no_hit","no_hit","s_"
"2367","ASV_2426",-0.00411240281386233,0.00105201915341157,-0.00259782320574901,"ASV_2426","no_hit","Dinophyceae","Dinophyceae","no_hit","no_hit","g_","s_"
"2368","ASV_2427",0.00832712983031606,0.0103457112468484,-0.00208643679054476,"ASV_2427","no_hit","Dinophyceae","Dinophyceae","Syndiniales","Amoebophryaceae","g_","s_"
"2369","ASV_2428",0.000918315130864284,-0.000222779554284427,0.00035063256315053,"ASV_2428","no_hit","Euglenozoa","unknown","Diplonemea","unknown","g_","s_"
"2370","ASV_2429",0.00148833958780278,-0.00883239998211124,-0.00236085877654645,"ASV_2429","no_hit","Dinophyceae","Dinophyceae","Syndiniales","no_hit","no_hit","no_hit"
"2371","ASV_2430",0.000907299891648544,-0.006458065897715,-0.00232316863032557,"ASV_2430","no_hit","Euglenozoa","unknown","Diplonemea","no_hit","g_","s_"
"2372","ASV_2431",-0.00456647851137776,0.00417779089301541,-0.0103015215769839,"ASV_2431","no_hit","unknown","Bigyra","Oblongichytrida","unknown","g_","s_"
"2373","ASV_2432",0.00968842885132052,-0.00840627689919811,-0.00710222892523613,"ASV_2432","no_hit","unknown","unknown","unknown","unknown","g_","s_"
"2374","ASV_2433",-0.00184144337890175,0.000503380701650693,-0.000447992616450506,"ASV_2433","no_hit","Dinophyceae","Dinophyceae","Gymnodiniales","Gymnodiniaceae","Polykrikos","s_"
"2375","ASV_2434",0.00207312166198811,-0.00744064538048355,-0.00244349077205763,"ASV_2434","no_hit","Dinophyceae","Dinophyceae","Syndiniales","no_hit","no_hit","no_hit"
"2376","ASV_2435",-0.0118114978026542,0.00603439512895967,-0.0136985984982875,"ASV_2435","no_hit","unknown","unknown","unknown","unknown","unknown","uncultured marine picoeukaryote"
"2377","ASV_2436",0.00347989879034063,-0.000800132251781787,-0.00183689650216093,"ASV_2436","no_hit","Ciliophora","no_hit","no_hit","no_hit","no_hit","s_"
"2378","ASV_2437",-0.00878799670068821,0.00243385398024218,-0.00848074586004787,"ASV_2437","no_hit","Dinophyceae","Dinophyceae","Dinophysiales","Dinophysiaceae","Dinophysis","s_"
"2379","ASV_2438",-0.000372762569140319,0.00924108352503364,-0.0104595181455245,"ASV_2438","no_hit","Dinophyceae","Dinophyceae","no_hit","no_hit","g_","s_"
"2380","ASV_2439",0.00940189250811924,0.00140099455817875,-0.0123424698816551,"ASV_2439","no_hit","Haptophyta","unknown","Prymnesiales","no_hit","no_hit","no_hit"
"2381","ASV_2440",0.00646593758739357,-0.00998040334867937,-0.00592442287372536,"ASV_2440","no_hit","Bacillariophyta","no_hit","no_hit","no_hit","g_","s_"
"2382","ASV_2441",0.0104480643956404,0.00773208025617417,4.88084319218079e-05,"ASV_2441","no_hit","Dinophyceae","Dinophyceae","Syndiniales","Ellobiopsidae","Ellobiopsis","s_"
"2383","ASV_2442",0.00624097483891234,-0.000388845431803711,-0.00329137670595202,"ASV_2442","no_hit","no_hit","no_hit","no_hit","no_hit","g_","s_"
"2384","ASV_2443",0.00345503235157968,0.00956305884060766,-0.00907425456466763,"ASV_2443","no_hit","unknown","unknown","unknown","unknown","unknown","s_"
"2385","ASV_2444",0.0049423761616287,0.00647301409762815,-0.00839346536253732,"ASV_2444","no_hit","Dinophyceae","Dinophyceae","Syndiniales","Amoebophryaceae","g_","s_"
"2386","ASV_2445",-0.0011885561767101,0.000260620779661096,0.000148872385771565,"ASV_2445","no_hit","Dinophyceae","Dinophyceae","no_hit","no_hit","no_hit","no_hit"
"2387","ASV_2446",0.002864826242685,-0.00354103325914913,-0.00182429240280238,"ASV_2446","no_hit","unknown","unknown","unknown","unknown","g_","s_"
"2388","ASV_2447",0.00379654054208846,-0.0166248921524472,-0.00609113253502459,"ASV_2447","no_hit","unknown","Bigyra","Oblongichytrida","unknown","g_","s_"
"2389","ASV_2448",-0.00481816772535243,0.00173875237257583,-0.00434073222216993,"ASV_2448","no_hit","Dinophyceae","Dinophyceae","no_hit","no_hit","no_hit","no_hit"
"2390","ASV_2449",0.0132410106154024,-0.00865495239979702,-0.00797921926610349,"ASV_2449","no_hit","Dinophyceae","Dinophyceae","no_hit","no_hit","no_hit","no_hit"
"2391","ASV_2450",0.00210364120296286,-0.00677111917217327,-0.00225315440560049,"ASV_2450","no_hit","Euglenozoa","unknown","Diplonemea","unknown","unknown","s_"
"2392","ASV_2451",0.00173421219966514,-0.00440738073528691,-0.00133673371562933,"ASV_2451","no_hit","unknown","Polycystinea","no_hit","no_hit","no_hit","no_hit"
"2393","ASV_2452",-0.00522194701180828,0.00180693489225014,-0.00469514508644596,"ASV_2452","no_hit","Dinophyceae","Dinophyceae","Suessiales","unknown","Dactylodinium","Dactylodinium arachnoides"
"2394","ASV_2453",0.0123048679773127,0.00082276308131544,-0.00671000394995968,"ASV_2453","Viridiplantae","Streptophyta","no_hit","no_hit","no_hit","g_","s_"
"2395","ASV_2454",0.00656868477697665,0.0074245212436111,-0.00131008928510637,"ASV_2454","no_hit","unknown","unknown","unknown","unknown","g_","s_"
"2396","ASV_2455",0.00667481083722434,-0.00879375513302559,-0.00719338065135815,"ASV_2455","no_hit","Dinophyceae","Dinophyceae","Syndiniales","Amoebophryaceae","g_","s_"
"2397","ASV_2456",0.00750859131122355,-0.00676039367172394,-0.0110230152788008,"ASV_2456","no_hit","no_hit","no_hit","no_hit","no_hit","g_","s_"
"2398","ASV_2457",-0.00402566488316467,-0.000170421485870558,-0.00675461181322024,"ASV_2457","no_hit","no_hit","no_hit","no_hit","no_hit","g_","s_"
"2399","ASV_2458",0.00238549611478549,-0.00783359106218889,-0.00354015464971664,"ASV_2458","no_hit","unknown","Polycystinea","Nassellaria","Plagiacanthidae","g_","s_"
"2400","ASV_2459",0.002959670339343,0.00429638306585173,0.000734609330405313,"ASV_2459","no_hit","no_hit","no_hit","no_hit","no_hit","g_","s_"
"2401","ASV_2460",-0.00487610682076587,0.00205599492556971,-0.00453697535572638,"ASV_2460","unassigned","unassigned","unassigned","unassigned","unassigned","unassigned","unassigned"
"2402","ASV_2461",0.000611329701680992,-0.00661025847907598,-0.00822843181260431,"ASV_2461","no_hit","Imbricatea","unknown","Thaumatomonadida","unknown","g_","s_"
"2403","ASV_2462",0.00547249069993418,-0.0104965871260013,-0.00551459791223457,"ASV_2462","no_hit","Ciliophora","Colpodea","unknown","unknown","g_","s_"
"2404","ASV_2463",-0.00539737751017489,0.00194665812759383,-0.00573789116178198,"ASV_2463","no_hit","Haptophyta","unknown","Isochrysidales","Noelaerhabdaceae","no_hit","no_hit"
"2405","ASV_2464",0.00588218626605088,-0.00985959628112616,-0.00532186143055303,"ASV_2464","no_hit","Euglenozoa","unknown","Diplonemea","no_hit","no_hit","s_"
"2406","ASV_2465",0.0113965455021206,-0.00477506012809556,-0.00964660052615144,"ASV_2465","no_hit","Haptophyta","unknown","Zygodiscales","Braarudosphaeraceae","Braarudosphaera","Braarudosphaera bigelowii"
"2407","ASV_2466",0.0116674870958278,-0.00107537080286323,-0.00545375118895762,"ASV_2466","no_hit","Dinophyceae","Dinophyceae","Syndiniales","Amoebophryaceae","Amoebophrya","no_hit"
"2408","ASV_2467",0.00153863159200932,-0.00548738373393204,-0.00172919198152949,"ASV_2467","no_hit","Dinophyceae","Dinophyceae","no_hit","no_hit","g_","s_"
"2409","ASV_2468",0.00612734997019843,-0.00263530535966745,-0.00498598547770588,"ASV_2468","no_hit","Dinophyceae","Dinophyceae","Syndiniales","Amoebophryaceae","Amoebophrya","no_hit"
"2410","ASV_2469",-0.00673606681954321,0.00273140554561308,-0.0149333361360832,"ASV_2469","no_hit","no_hit","no_hit","no_hit","no_hit","g_","s_"
"2411","ASV_2470",-0.0102049411084251,0.00528337048061924,-0.0110197736415762,"ASV_2470","no_hit","Dinophyceae","Dinophyceae","Syndiniales","no_hit","g_","s_"
"2412","ASV_2471",-0.00146316036488904,0.00101196772770081,-0.00329047519429998,"ASV_2471","no_hit","Cercozoa","no_hit","no_hit","no_hit","no_hit","no_hit"
"2413","ASV_2473",0.0117171017045963,-0.00987483377533594,-0.00761684629671758,"ASV_2473","no_hit","no_hit","no_hit","no_hit","no_hit","no_hit","s_"
"2414","ASV_2474",0.000161216521521076,-0.00338806013903095,-0.00267537151418428,"ASV_2474","no_hit","Dinophyceae","Dinophyceae","Syndiniales","no_hit","g_","s_"
"2415","ASV_2475",0.00630870160638866,0.00218329287845166,-0.000958826566211261,"ASV_2475","no_hit","Foraminifera","unknown","Textulariida","Sproplectamminidae","Spiroplectammina","no_hit"
"2416","ASV_2476",-0.000856167548139137,0.00605965525176553,0.00348447055871868,"ASV_2476","Metazoa","Chaetognatha","Sagittoidea","Aphragmophora","Sagittidae","g_","s_"
"2417","ASV_2477",0.00800039630301599,0.0064885740864584,-0.00219129353406003,"ASV_2477","no_hit","no_hit","no_hit","no_hit","no_hit","g_","s_"
"2418","ASV_2478",0.0061792375331775,0.00674317989853732,-0.00536861406293162,"ASV_2478","no_hit","Dinophyceae","Dinophyceae","Syndiniales","Amoebophryaceae","g_","s_"
"2419","ASV_2479",0.00767599484471186,0.0033630144940218,-0.00430213507988017,"ASV_2479","no_hit","Dinophyceae","Dinophyceae","Abediniales","Abediniaceae","Abedinium","Abedinium folium"
"2420","ASV_2480",-0.000483407082265035,-0.000675787354284972,-0.0041350941060134,"ASV_2480","no_hit","Dinophyceae","Dinophyceae","Syndiniales","Amoebophryaceae","g_","s_"
"2421","ASV_2481",0.00282911071965141,-0.0031316071682637,-0.00183618303888096,"ASV_2481","no_hit","Euglenozoa","unknown","Diplonemea","unknown","unknown","s_"
"2422","ASV_2482",0.005333221260014,-0.00594145452810774,-0.00354785385492598,"ASV_2482","no_hit","Dinophyceae","Dinophyceae","Peridiniales","no_hit","no_hit","no_hit"
"2423","ASV_2483",0.000411702617568822,-3.49488646126885e-05,-0.00695173933035269,"ASV_2483","no_hit","Dinophyceae","Dinophyceae","Gymnodiniales","Gymnodiniaceae","Gyrodinium","no_hit"
"2424","ASV_2484",0.00773847555658068,0.00536266414734814,-0.00386822806824471,"ASV_2484","no_hit","unknown","unknown","unknown","unknown","unknown","s_"
"2425","ASV_2485",-0.00645342372940214,0.00104921367778414,-0.00920981975815783,"ASV_2485","no_hit","Dinophyceae","Dinophyceae","no_hit","no_hit","no_hit","no_hit"
"2426","ASV_2486",0.011618099747071,0.00291667501064762,-0.00618702681562834,"ASV_2486","no_hit","unknown","unknown","unknown","unknown","g_","s_"
"2427","ASV_2487",-0.00119908427843667,0.00577824078548246,0.00329000259236741,"ASV_2487","no_hit","Ciliophora","Oligohymenophorea","Philasterida","Cinetochilidae","g_","s_"
"2428","ASV_2488",0.000486953124370924,-0.00453076576062649,-0.00913815043556248,"ASV_2488","no_hit","Dinophyceae","Dinophyceae","Syndiniales","Duboscquellidae","g_","s_"
"2429","ASV_2489",0.00263505399950891,-0.010754907246417,-0.00907293816069794,"ASV_2489","no_hit","unknown","unknown","Pirsoniales","unknown","Pirsonia","Pirsonia guinardiae"
"2430","ASV_2490",0.0120987976503613,-0.000105771903773617,-0.00548237101246671,"ASV_2490","no_hit","unknown","unknown","unknown","unknown","unknown","s_"
"2431","ASV_2491",0.0146105201094556,0.0122622825607896,0.000237970125442488,"ASV_2491","Metazoa","Annelida","Polychaeta","unknown","Opheliidae","Travisia","Travisia pupa"
"2432","ASV_2492",0.00785042226767371,-0.00886710597239699,-0.00709215144512053,"ASV_2492","no_hit","no_hit","no_hit","no_hit","no_hit","g_","s_"
"2433","ASV_2493",0.012156357781879,0.00953432394409387,-0.0047981903999993,"ASV_2493","no_hit","Dinophyceae","Dinophyceae","Syndiniales","Syndiniaceae","g_","s_"
"2434","ASV_2494",-0.00143179379191598,0.0011366326772773,-0.0177275041660634,"ASV_2494","no_hit","Haptophyta","unknown","Prymnesiales","Chrysochromulinaceae","Chrysochromulina","Chrysochromulina acantha"
"2435","ASV_2495",0.00209283338774126,-0.00340367106483211,-0.00114631972838305,"ASV_2495","no_hit","Euglenozoa","unknown","Diplonemea","unknown","g_","s_"
"2436","ASV_2496",0.00213841573226107,-0.00420168359705478,-0.00130226360869486,"ASV_2496","no_hit","Euglenozoa","unknown","Diplonemea","unknown","g_","s_"
"2437","ASV_2497",0.00489120038048954,-0.00863209893430955,-0.00420770690127315,"ASV_2497","no_hit","Dinophyceae","Dinophyceae","Gymnodiniales","Kareniaceae","Gertia","s_"
"2438","ASV_2498",-0.00160899088294461,0.00522060896253803,0.00143171811144144,"ASV_2498","no_hit","unknown","unknown","unknown","unknown","g_","s_"
"2439","ASV_2499",1.24390787017128e-05,0.0101675602407687,-0.0152817751276077,"ASV_2499","no_hit","Cercozoa","Chlorarachniophyceae","unknown","unknown","Minorisa","s_"
"2440","ASV_2500",0.0131531893780081,0.00872719271290238,-0.0019722382373886,"ASV_2500","no_hit","unknown","unknown","unknown","unknown","g_","s_"
"2441","ASV_2501",-0.00260755045145544,0.00266191128132671,-0.00307811933466221,"ASV_2501","no_hit","no_hit","no_hit","no_hit","no_hit","no_hit","no_hit"
"2442","ASV_2502",-0.00309992486136615,0.000179887524864761,-0.00196278287902003,"ASV_2502","Viridiplantae","Streptophyta","Magnoliopsida","Fabales","Fabaceae","g_","s_"
"2443","ASV_2503",-0.0106707627091338,0.00532198003965374,-0.00986615854627172,"ASV_2503","no_hit","Euglenozoa","unknown","Diplonemea","Diplonemidae","g_","s_"
"2444","ASV_2504",0.0126003209553323,0.010357803635456,-0.00425943795038385,"ASV_2504","no_hit","unknown","unknown","unknown","unknown","unknown","uncultured marine picoeukaryote"
"2445","ASV_2505",0.00666271094260233,-0.00862151748578001,-0.00572336743082673,"ASV_2505","no_hit","Dinophyceae","Dinophyceae","Syndiniales","Amoebophryaceae","g_","s_"
"2446","ASV_2506",0.00561595885740117,-0.00354457998119191,-0.00645387937886696,"ASV_2506","no_hit","no_hit","no_hit","no_hit","no_hit","g_","s_"
"2447","ASV_2507",0.00988149787503484,0.00908603581697034,-0.00131839748769422,"ASV_2507","no_hit","unknown","unknown","unknown","unknown","g_","s_"
"2448","ASV_2508",0.00354660133042084,-0.00746460431139336,-0.00356371798798009,"ASV_2508","no_hit","unknown","unknown","unknown","unknown","g_","s_"
"2449","ASV_2509",-0.00451733010586579,-0.00126428671243902,-0.000599620461972861,"ASV_2509","no_hit","Dinophyceae","Dinophyceae","Gymnodiniales","no_hit","g_","s_"
"2450","ASV_2510",0.00680328785111842,-0.00498289767023183,-0.00319995106074167,"ASV_2510","no_hit","unknown","Bigyra","Bicosoecida","no_hit","g_","s_"
"2451","ASV_2511",0.00865355060783087,0.00875661599174635,-0.00175468863199865,"ASV_2511","no_hit","unknown","unknown","unknown","unknown","unknown","uncultured marine eukaryote"
"2452","ASV_2512",0.00506977074559798,-0.0169665658613407,-0.00899286364225236,"ASV_2512","no_hit","unknown","unknown","unknown","unknown","g_","s_"
"2453","ASV_2513",0.00452169238054418,-0.00727697383015288,-0.00410784032751615,"ASV_2513","no_hit","no_hit","no_hit","no_hit","no_hit","no_hit","no_hit"
"2454","ASV_2514",0.00513934752668628,0.0166777757938849,-0.00938395736655992,"ASV_2514","no_hit","Haptophyta","unknown","Prymnesiales","Chrysochromulinaceae","Chrysochromulina","s_"
"2455","ASV_2515",0.00122945253493026,-0.00966012395260255,-0.00471346149459258,"ASV_2515","no_hit","Dinophyceae","Dinophyceae","Syndiniales","Amoebophryaceae","g_","s_"
"2456","ASV_2516",0.00587259734531946,-0.0082246638503996,-0.0045196481398719,"ASV_2516","no_hit","unknown","Cryptophyceae","Pyrenomonadales","Geminigeraceae","Proteomonas","no_hit"
"2457","ASV_2517",-0.000324288182851899,0.00425635265772637,0.00261463233861728,"ASV_2517","Metazoa","Annelida","Polychaeta","Phyllodocida","Phyllodocidae","Pelagobia","Pelagobia longicirrata"
"2458","ASV_2518",0.00189085954254034,0.00218555509835331,-0.0110113896206,"ASV_2518","no_hit","unknown","Choanoflagellata","Acanthoecida","Stephanoecidae","g_","s_"
"2459","ASV_2519",0.00150608313907542,0.00114682769710942,0.00130030266626937,"ASV_2519","no_hit","Ciliophora","Spirotrichea","unknown","Strombidiidae","Strombidium","Strombidium sp. JG-2011a"
"2460","ASV_2520",0.0100776455942943,0.000171235747040008,-0.00382133010743112,"ASV_2520","no_hit","Cercozoa","Thecofilosea","Cryomonadida","Protaspidae","Cryothecomonas","s_"
"2461","ASV_2521",0.00761477094534473,0.00737713942707024,-0.00125302429561018,"ASV_2521","no_hit","no_hit","no_hit","no_hit","no_hit","g_","s_"
"2462","ASV_2522",-0.00503109264693827,0.00191636728907439,-0.00443309280038079,"ASV_2522","Metazoa","Arthropoda","Hexanauplia","Calanoida","Calanidae","no_hit","no_hit"
"2463","ASV_2523",0.000672383422169323,-0.00436503019127658,-0.000780385722291318,"ASV_2523","no_hit","Dinophyceae","Dinophyceae","Syndiniales","Amoebophryaceae","g_","s_"
"2464","ASV_2524",-0.00625456450051879,-0.00304496641827606,-0.00967132128236432,"ASV_2524","no_hit","no_hit","no_hit","no_hit","no_hit","no_hit","no_hit"
"2465","ASV_2525",0.00330882572386558,-0.010674979129894,-0.0053282673148125,"ASV_2525","no_hit","Dinophyceae","Dinophyceae","Peridiniales","Peridiniaceae","g_","s_"
"2466","ASV_2526",0.00194084437441078,-0.0061905225669292,-0.00318443487340231,"ASV_2526","no_hit","unknown","unknown","Telonemida","unknown","Telonema","no_hit"
"2467","ASV_2527",-0.000334386875381863,0.00395442644716324,0.00250388154735683,"ASV_2527","no_hit","no_hit","no_hit","no_hit","no_hit","no_hit","no_hit"
"2468","ASV_2528",0.00869354163779438,0.0117108936929204,-0.0031582292504875,"ASV_2528","no_hit","unknown","Dictyochophyceae","Pedinellales","unknown","Pteridomonas","no_hit"
"2469","ASV_2529",0.00514738205783501,-0.00597734077817597,-0.00851593211868635,"ASV_2529","no_hit","unknown","unknown","unknown","unknown","unknown","s_"
"2470","ASV_2530",-0.00104332377497374,0.00575138524742804,0.0035884909881762,"ASV_2530","no_hit","no_hit","no_hit","no_hit","no_hit","no_hit","no_hit"
"2471","ASV_2531",-0.00633003854946917,0.00560773796926263,-0.0127457531746343,"ASV_2531","Viridiplantae","Chlorophyta","Mamiellophyceae","Dolichomastigales","Crustomastigaceae","g_","s_"
"2472","ASV_2532",0.00322801425338291,0.00175991944079638,-0.00102507283433948,"ASV_2532","no_hit","no_hit","no_hit","no_hit","no_hit","no_hit","no_hit"
"2473","ASV_2533",0.00395697435056056,-0.00172672179207807,-0.00271365151273766,"ASV_2533","no_hit","unknown","unknown","unknown","unknown","g_","s_"
"2474","ASV_2534",0.008999114220015,0.00392118529163334,-0.00246715643734833,"ASV_2534","no_hit","Dinophyceae","Dinophyceae","Gymnodiniales","no_hit","no_hit","no_hit"
"2475","ASV_2535",0.00127378681038348,-0.0067870886345883,-0.00223357554842383,"ASV_2535","no_hit","Dinophyceae","Dinophyceae","Syndiniales","Syndiniaceae","Hematodinium","s_"
"2476","ASV_2536",0.000580020582825487,-0.00370971372099114,-0.000689307832141546,"ASV_2536","no_hit","no_hit","no_hit","no_hit","no_hit","no_hit","no_hit"
"2477","ASV_2537",0.00488440399599481,-0.00725594635584844,-0.00435823405805896,"ASV_2537","no_hit","no_hit","no_hit","no_hit","no_hit","g_","s_"
"2478","ASV_2538",-0.00405411123919181,-0.00315976444410967,0.00157165799566763,"ASV_2538","no_hit","no_hit","no_hit","no_hit","no_hit","g_","s_"
"2479","ASV_2539",0.000865129023960025,-0.0108252201815159,-0.00310280194124687,"ASV_2539","no_hit","unknown","Polycystinea","no_hit","no_hit","no_hit","no_hit"
"2480","ASV_2540",0.00227530775275518,-0.00346771705956493,-0.0038379993782118,"ASV_2540","no_hit","Dinophyceae","Dinophyceae","Blastodiniales","unknown","Blastodinium","s_"
"2481","ASV_2541",-0.000249736710196629,0.00517392975902803,0.00298755472056903,"ASV_2541","no_hit","Dinophyceae","Dinophyceae","Syndiniales","no_hit","no_hit","s_"
"2482","ASV_2542",-0.00353261167054208,-0.00156915688078965,0.00042032529938987,"ASV_2542","no_hit","Dinophyceae","Dinophyceae","Peridiniales","Protoperidiniaceae","Protoperidinium","Protoperidinium divergens"
"2483","ASV_2544",0.0117889513272894,0.00513107411845412,-0.00800889870297677,"ASV_2544","no_hit","Dinophyceae","Dinophyceae","Syndiniales","Amoebophryaceae","g_","s_"
"2484","ASV_2545",0.005928274877262,-0.015789803132814,-0.00964599293912037,"ASV_2545","Metazoa","Arthropoda","Malacostraca","Cumacea","Leuconidae","g_","s_"
"2485","ASV_2546",0.0105558645594701,0.00527879098379883,-0.00166900235954795,"ASV_2546","no_hit","unknown","unknown","unknown","unknown","g_","s_"
"2486","ASV_2547",0.00696158087824526,-0.00243966993251831,-0.00267076888550364,"ASV_2547","no_hit","no_hit","no_hit","no_hit","no_hit","g_","s_"
"2487","ASV_2548",0.00229498596793758,-0.0151616342674716,-0.00600590404846838,"ASV_2548","no_hit","no_hit","no_hit","no_hit","no_hit","no_hit","s_"
"2488","ASV_2549",0.00199303688867779,-0.00356765177055588,-0.00151768200708158,"ASV_2549","no_hit","unknown","unknown","unknown","unknown","unknown","s_"
"2489","ASV_2550",-0.0115246787334947,0.00567969066490558,-0.0117303489046596,"ASV_2550","no_hit","Dinophyceae","Dinophyceae","Peridiniales","Protoperidiniaceae","Protoperidinium","s_"
"2490","ASV_2551",-6.12224936938571e-06,0.000164808997056196,0.00108231348530532,"ASV_2551","no_hit","Dinophyceae","Dinophyceae","Coccidiniales","Chytriodiniaceae","Chytriodinium","s_"
"2491","ASV_2552",-0.00174825081397126,0.000770203536861566,-0.000707368099637381,"ASV_2552","no_hit","unknown","Bigyra","Nanomonadea","unknown","g_","s_"
"2492","ASV_2553",0.0180698827388864,0.00687632417653407,-0.00817677075119951,"ASV_2553","no_hit","unknown","Cryptophyceae","Cyathomonadacea","Goniomonadaceae","g_","s_"
"2493","ASV_2554",0.0032545625260546,-0.00228244129326442,-0.0058005576781235,"ASV_2554","no_hit","Bacillariophyta","Coscinodiscophyceae","Chaetocerotales","Chaetocerotaceae","Chaetoceros","Chaetoceros socialis"
"2494","ASV_2555",0.00273755379981762,-0.0118365193034039,-0.00427555491503931,"ASV_2555","no_hit","unknown","unknown","unknown","unknown","unknown","s_"
"2495","ASV_2556",0.0145378924651543,0.0024033931544577,-0.00931291400247606,"ASV_2556","no_hit","Bacillariophyta","Coscinodiscophyceae","Melosirales","Stephanopyxidaceae","g_","s_"
"2496","ASV_2557",0.0047484323805075,-0.00191440770874007,-0.00437755247826452,"ASV_2557","no_hit","Dinophyceae","Dinophyceae","Syndiniales","Amoebophryaceae","Amoebophrya","s_"
"2497","ASV_2558",-0.000272668177316993,0.00450150350320795,0.00281202299864127,"ASV_2558","no_hit","Dinophyceae","Dinophyceae","Syndiniales","no_hit","g_","s_"
"2498","ASV_2559",0.00127021464881283,-0.000981725909074136,-0.000374081581006046,"ASV_2559","no_hit","Euglenozoa","unknown","Diplonemea","unknown","unknown","Diplonemida sp. 27 RG-2016"
"2499","ASV_2560",-0.000267236807810389,-0.00217790212726125,5.23972368045189e-05,"ASV_2560","no_hit","unknown","unknown","unknown","unknown","g_","s_"
"2500","ASV_2561",0.00614985299944345,0.00190911624810804,-0.00328843771159336,"ASV_2561","Viridiplantae","Chlorophyta","Mamiellophyceae","Dolichomastigales","Crustomastigaceae","g_","s_"
"2501","ASV_2562",0.00748777085033852,0.00359795018379706,-0.00547367029202523,"ASV_2562","no_hit","unknown","unknown","unknown","unknown","g_","s_"
"2502","ASV_2563",0.00264202652159296,-0.00175308649841799,-0.00192342356809544,"ASV_2563","no_hit","unknown","unknown","unknown","unknown","unknown","s_"
"2503","ASV_2564",-0.00208308555851376,-0.00042100566687073,0.00196418907508659,"ASV_2564","no_hit","no_hit","no_hit","no_hit","no_hit","g_","s_"
"2504","ASV_2565",-0.0100947239895104,-0.00463920015119969,-0.0140311838559982,"ASV_2565","no_hit","Dinophyceae","Dinophyceae","no_hit","no_hit","no_hit","no_hit"
"2505","ASV_2566",0.00526835863060283,-0.00956799249886851,-0.00679248013971374,"ASV_2566","no_hit","Dinophyceae","Dinophyceae","Syndiniales","Amoebophryaceae","g_","s_"
"2506","ASV_2567",0.00724302304624751,-0.0102483254726841,-0.00770301405842895,"ASV_2567","no_hit","Dinophyceae","Dinophyceae","Syndiniales","no_hit","no_hit","no_hit"
"2507","ASV_2568",-0.0150450102102347,0.00585684929578276,-0.013320546202607,"ASV_2568","no_hit","Dinophyceae","Dinophyceae","Peridiniales","Protoperidiniaceae","Protoperidinium","s_"
"2508","ASV_2569",0.00503230808791348,-0.0164489378678052,-0.0070969001028308,"ASV_2569","no_hit","Euglenozoa","unknown","Diplonemea","no_hit","no_hit","no_hit"
"2509","ASV_2570",-0.00024730463009788,0.00392809648012235,0.00257971474501159,"ASV_2570","no_hit","no_hit","no_hit","no_hit","no_hit","no_hit","no_hit"
"2510","ASV_2571",-0.0037177022757657,0.00125716797151457,-0.00217259030249768,"ASV_2571","Metazoa","Arthropoda","Hexanauplia","Calanoida","Calanidae","no_hit","no_hit"
"2511","ASV_2572",0.00156271481712462,-0.00643849955961389,-0.00825211929310748,"ASV_2572","no_hit","Dinophyceae","Dinophyceae","Syndiniales","Amoebophryaceae","g_","s_"
"2512","ASV_2573",0.00390844991373211,-0.00411990653616949,-0.00233013711340263,"ASV_2573","no_hit","no_hit","no_hit","no_hit","no_hit","no_hit","s_"
"2513","ASV_2574",0.012908989002586,0.00732594344524753,-0.00382744750173927,"ASV_2574","no_hit","Dinophyceae","Dinophyceae","Syndiniales","no_hit","no_hit","s_"
"2514","ASV_2575",-0.000471779937701546,0.00649566761233457,0.00362923637452353,"ASV_2575","Metazoa","Arthropoda","Hexanauplia","Poecilostomatoida","Oncaeidae","no_hit","no_hit"
"2515","ASV_2576",0.00101760009594238,0.00121735441227057,-3.52920681097698e-05,"ASV_2576","no_hit","Dinophyceae","Dinophyceae","Peridiniales","no_hit","no_hit","no_hit"
"2516","ASV_2577",0.000766924548790767,0.000258639653625596,-0.00505382383023728,"ASV_2577","no_hit","Dinophyceae","Dinophyceae","no_hit","no_hit","no_hit","s_"
"2517","ASV_2578",0.00209164411624661,-0.00871829607416471,-0.00335500080189199,"ASV_2578","no_hit","unknown","Polycystinea","no_hit","no_hit","no_hit","no_hit"
"2518","ASV_2579",0.00273562186174844,-0.00338673966053362,-0.0111703579878312,"ASV_2579","no_hit","Dinophyceae","Dinophyceae","Syndiniales","Amoebophryaceae","Amoebophrya","no_hit"
"2519","ASV_2580",0.01377966741837,0.0126833710982183,0.000124210184050133,"ASV_2580","no_hit","no_hit","no_hit","no_hit","no_hit","g_","s_"
"2520","ASV_2581",0.000446232667595129,-0.00742105600487591,-0.00259615713793045,"ASV_2581","no_hit","no_hit","no_hit","no_hit","no_hit","g_","s_"
"2521","ASV_2582",-0.00708495347732923,0.00177335001155497,-0.00882126850749869,"ASV_2582","no_hit","Dinophyceae","Dinophyceae","no_hit","no_hit","no_hit","no_hit"
"2522","ASV_2583",0.00405444890841567,-0.011021565611514,-0.00603852980835124,"ASV_2583","no_hit","no_hit","no_hit","no_hit","no_hit","no_hit","no_hit"
"2523","ASV_2584",0.0135812375489241,0.0115684171093119,0.000400818650018602,"ASV_2584","no_hit","no_hit","no_hit","no_hit","no_hit","g_","s_"
"2524","ASV_2586",0.0121233796278307,0.000564100876496255,-0.00518477707494964,"ASV_2586","no_hit","Dinophyceae","Dinophyceae","no_hit","no_hit","no_hit","s_"
"2525","ASV_2587",0.00698106419391988,-0.00512947245312334,-0.0118630406772451,"ASV_2587","no_hit","Dinophyceae","Dinophyceae","Peridiniales","no_hit","g_","s_"
"2526","ASV_2588",0.00216711352824619,0.00554777991376401,-0.00728640709105047,"ASV_2588","no_hit","unknown","unknown","unknown","unknown","g_","s_"
"2527","ASV_2589",0.0143953390171728,-0.00683012293377031,-0.0087611177050399,"ASV_2589","no_hit","unknown","unknown","unknown","unknown","g_","s_"
"2528","ASV_2590",0.011731075275853,0.00169821078576349,-0.00523466813295413,"ASV_2590","no_hit","Dinophyceae","Dinophyceae","Syndiniales","Amoebophryaceae","g_","s_"
"2529","ASV_2591",-0.000755511139270674,0.00115585075032565,0.00163201838424662,"ASV_2591","no_hit","unknown","unknown","unknown","unknown","unknown","s_"
"2530","ASV_2592",0.000636348260195169,-0.00784731998027659,-0.00218469875864646,"ASV_2592","no_hit","Euglenozoa","unknown","Diplonemea","no_hit","g_","s_"
"2531","ASV_2593",0.000518829850643681,0.00438669507393922,-0.00640374302575432,"ASV_2593","no_hit","no_hit","no_hit","no_hit","no_hit","no_hit","no_hit"
"2532","ASV_2594",0.00332433395908798,-0.017021615225997,-0.00687873396618706,"ASV_2594","no_hit","Dinophyceae","Dinophyceae","Syndiniales","Amoebophryaceae","g_","s_"
"2533","ASV_2595",-0.00305307759314277,0.00226429514418375,-0.00341222368619548,"ASV_2595","no_hit","no_hit","no_hit","no_hit","no_hit","g_","s_"
"2534","ASV_2596",0.00546537631324323,0.00150796935593571,-0.00145219265804609,"ASV_2596","no_hit","Dinophyceae","Dinophyceae","Syndiniales","no_hit","g_","s_"
"2535","ASV_2597",-0.00342943465180737,0.0026274072185032,0.00268609682273253,"ASV_2597","no_hit","unknown","unknown","unknown","unknown","g_","s_"
"2536","ASV_2598",-0.0065546781014613,0.00311270326486088,-0.00557397797204836,"ASV_2598","no_hit","Bacillariophyta","no_hit","no_hit","no_hit","g_","s_"
"2537","ASV_2599",0.00705054542468135,-0.00997996995590048,-0.00700995478887495,"ASV_2599","no_hit","Dinophyceae","Dinophyceae","no_hit","no_hit","no_hit","no_hit"
"2538","ASV_2601",-0.00145323571069189,0.00613837157097,0.00347106619318246,"ASV_2601","no_hit","Cercozoa","Thecofilosea","Phaeogromida","Challengeriidae","Challengeron","s_"
"2539","ASV_2602",0.0129178756388407,0.00606203112294648,-0.00512176884337779,"ASV_2602","no_hit","Dinophyceae","Dinophyceae","Syndiniales","Amoebophryaceae","Amoebophrya","s_"
"2540","ASV_2603",-6.76270213288279e-05,-0.000681307370414034,0.000355784744106479,"ASV_2603","no_hit","unknown","unknown","unknown","unknown","unknown","s_"
"2541","ASV_2604",0.00261613065669741,-0.00157729912891895,-0.00221930588365991,"ASV_2604","no_hit","unknown","unknown","unknown","Colpodellaceae","g_","s_"
"2542","ASV_2605",-0.00349716152696496,0.00154515076288831,-0.00448190934076203,"ASV_2605","no_hit","Dinophyceae","Dinophyceae","Peridiniales","Protoperidiniaceae","g_","s_"
"2543","ASV_2607",0.00380023516769138,-0.0179997075883432,-0.00741190014493975,"ASV_2607","no_hit","unknown","unknown","unknown","unknown","g_","s_"
"2544","ASV_2608",0.00203111961003193,-0.00269389744654242,-0.000716116367154567,"ASV_2608","no_hit","unknown","Polycystinea","no_hit","no_hit","g_","s_"
"2545","ASV_2609",0.00831904145052783,0.010126057196128,-0.00186309404468501,"ASV_2609","no_hit","no_hit","no_hit","no_hit","no_hit","no_hit","s_"
"2546","ASV_2610",-0.00630472104786404,0.00216708245756837,-0.004755662468653,"ASV_2610","no_hit","Dinophyceae","Dinophyceae","Peridiniales","Protoperidiniaceae","Protoperidinium","s_"
"2547","ASV_2611",-0.000315104374982607,-0.000389552966327578,-0.00183125258890453,"ASV_2611","no_hit","Ciliophora","Spirotrichea","Tintinnida","Codonellidae","Tintinnopsis","no_hit"
"2548","ASV_2612",0.0120350832187512,0.00608067262924761,-0.00410203340247139,"ASV_2612","no_hit","Dinophyceae","Dinophyceae","Syndiniales","Amoebophryaceae","g_","s_"
"2549","ASV_2613",0.0117232060834337,0.0130064122830546,-0.00186893216208612,"ASV_2613","no_hit","no_hit","no_hit","no_hit","no_hit","g_","s_"
"2550","ASV_2614",-0.000671241697567215,-0.0060786737935795,-0.00148132478526011,"ASV_2614","no_hit","unknown","unknown","unknown","unknown","g_","s_"
"2551","ASV_2615",0.000998882328171944,-0.000938647775429089,-0.000605028631679737,"ASV_2615","no_hit","unknown","unknown","unknown","unknown","g_","s_"
"2552","ASV_2616",0.00889721830691444,0.00308241825538595,-0.00394529134629119,"ASV_2616","no_hit","unknown","Choanoflagellata","Acanthoecida","Stephanoecidae","Calliacantha","Calliacantha natans"
"2553","ASV_2617",-0.00297886709296059,0.00581343057747835,-0.00939922056881168,"ASV_2617","Viridiplantae","Chlorophyta","Pyramimonadophyceae","Pyramimonadales","Pyramimonadaceae","Pterosperma","Pterosperma cristatum"
"2554","ASV_2618",0.00608000600138804,-0.00765280500435649,-0.00470172935830839,"ASV_2618","no_hit","Dinophyceae","Dinophyceae","Syndiniales","Amoebophryaceae","Amoebophrya","s_"
"2555","ASV_2619",0.0151357829337633,0.000619147985744534,-0.00552908893422923,"ASV_2619","no_hit","no_hit","no_hit","no_hit","no_hit","no_hit","no_hit"
"2556","ASV_2620",0.0039684332525923,-0.00809824464672272,-0.0038094799591565,"ASV_2620","no_hit","no_hit","no_hit","no_hit","no_hit","no_hit","no_hit"
"2557","ASV_2621",0.00115477271711112,-0.00153544868584471,-9.65339703953407e-05,"ASV_2621","no_hit","no_hit","no_hit","no_hit","no_hit","no_hit","no_hit"
"2558","ASV_2622",0.00575358861161834,-0.0135880206431998,-0.00712660186229956,"ASV_2622","no_hit","Dinophyceae","Dinophyceae","Gymnodiniales","Gymnodiniaceae","g_","s_"
"2559","ASV_2623",0.00992926744469307,0.00327787019293708,-0.00361736080518322,"ASV_2623","no_hit","no_hit","no_hit","no_hit","no_hit","no_hit","no_hit"
"2560","ASV_2624",0.000148564152260038,0.000476732492696289,0.000940832241811428,"ASV_2624","no_hit","unknown","unknown","unknown","unknown","g_","s_"
"2561","ASV_2625",0.00364038282112991,-0.000820046719302262,-0.00583035981649945,"ASV_2625","no_hit","Dinophyceae","Dinophyceae","Gymnodiniales","no_hit","g_","s_"
"2562","ASV_2626",0.00440036325428346,0.0026098206927049,-0.00596615751099696,"ASV_2626","Viridiplantae","Chlorophyta","Mamiellophyceae","Dolichomastigales","Crustomastigaceae","g_","s_"
"2563","ASV_2627",0.0151581604211658,0.00937666071244,-0.00295005767882032,"ASV_2627","Viridiplantae","Chlorophyta","Mamiellophyceae","Dolichomastigales","Crustomastigaceae","g_","s_"
"2564","ASV_2628",0.00325218549715413,-0.0114237520097162,-0.00482046440255443,"ASV_2628","no_hit","Euglenozoa","unknown","Diplonemea","no_hit","no_hit","no_hit"
"2565","ASV_2629",0.0130594039761087,0.0134845840645356,-0.00149872520915666,"ASV_2629","no_hit","no_hit","no_hit","no_hit","no_hit","no_hit","no_hit"
"2566","ASV_2630",-0.000297799250923393,-0.00125594317055587,0.00052670448829517,"ASV_2630","no_hit","unknown","Polycystinea","Nassellaria","Artostrobiidae","g_","s_"
"2567","ASV_2631",0.00265803804274601,-0.00843779439742729,-0.00327602327831778,"ASV_2631","no_hit","Euglenozoa","unknown","Diplonemea","unknown","g_","s_"
"2568","ASV_2632",0.00215171085516655,-0.00972377054620686,-0.00329013028992105,"ASV_2632","no_hit","Dinophyceae","Dinophyceae","no_hit","no_hit","no_hit","no_hit"
"2569","ASV_2633",0.000992351474783209,-0.001686486815764,-0.00870437411074064,"ASV_2633","no_hit","Bacillariophyta","Coscinodiscophyceae","Melosirales","Stephanopyxidaceae","g_","s_"
"2570","ASV_2634",0.00577587669297382,-0.00686070767210212,-0.00484949821009199,"ASV_2634","no_hit","Dinophyceae","Dinophyceae","no_hit","no_hit","no_hit","no_hit"
"2571","ASV_2635",-0.0108823040645958,0.00368815090990271,-0.00896637212655093,"ASV_2635","no_hit","Dinophyceae","Dinophyceae","Peridiniales","Protoperidiniaceae","g_","s_"
"2572","ASV_2636",-0.00112947262207516,0.00576608733888245,0.0038995035564161,"ASV_2636","no_hit","Ciliophora","Oligohymenophorea","Philasterida","Loxocephalidae","g_","s_"
"2573","ASV_2637",-0.0055980731611926,0.00231713344185885,-0.00666870918121473,"ASV_2637","no_hit","Imbricatea","unknown","Marimonadida","unknown","g_","s_"
"2574","ASV_2638",0.00343322504150562,-0.00563349109229848,-0.00333762655082576,"ASV_2638","no_hit","Dinophyceae","Dinophyceae","Gymnodiniales","Kareniaceae","g_","s_"
"2575","ASV_2640",0.00989527815596972,0.00970528683757729,-0.00621247099444127,"ASV_2640","no_hit","Dinophyceae","Dinophyceae","Syndiniales","Amoebophryaceae","g_","s_"
"2576","ASV_2641",0.00557991046578367,0.00725010581510719,-0.0071406483269693,"ASV_2641","no_hit","no_hit","no_hit","no_hit","no_hit","g_","s_"
"2577","ASV_2643",0.000126902843967798,-0.00330099701730834,-0.000247647250777501,"ASV_2643","no_hit","Dinophyceae","Dinophyceae","Syndiniales","Amoebophryaceae","g_","s_"
"2578","ASV_2644",-0.00201672611141713,0.00524948593445194,-0.00806404999092463,"ASV_2644","no_hit","Dinophyceae","Dinophyceae","no_hit","no_hit","no_hit","s_"
"2579","ASV_2645",0.00852085531868777,-0.00980735054853201,-0.008083527678713,"ASV_2645","no_hit","Ciliophora","no_hit","no_hit","no_hit","no_hit","no_hit"
"2580","ASV_2646",-0.00562045073392847,0.00515638092465989,-0.00559372949361223,"ASV_2646","no_hit","unknown","unknown","unknown","unknown","g_","s_"
"2581","ASV_2647",0.00423359118507157,0.000145018987723401,-0.00466959475024795,"ASV_2647","no_hit","Bacillariophyta","Coscinodiscophyceae","Chaetocerotales","Attheyaceae","g_","s_"
"2582","ASV_2648",0.00826223550408046,0.0074050771645529,0.000435840430935424,"ASV_2648","Metazoa","Annelida","Polychaeta","Terebellida","Terebellidae","Amphitrite","no_hit"
"2583","ASV_2649",-0.00408805996674834,0.00280059722252689,-0.00426012984120048,"ASV_2649","no_hit","Imbricatea","unknown","Marimonadida","unknown","g_","s_"
"2584","ASV_2650",-7.81073287892384e-05,0.0010409396748058,0.00125856436325507,"ASV_2650","no_hit","Cercozoa","Thecofilosea","Phaeosphaerida","Aulosphaeridae","g_","s_"
"2585","ASV_2651",0.00100166153644653,0.00230096289513932,0.00159093435917933,"ASV_2651","no_hit","no_hit","no_hit","no_hit","no_hit","no_hit","s_"
"2586","ASV_2653",-0.00491644331879063,0.00199955931761401,-0.0034855959988132,"ASV_2653","no_hit","Dinophyceae","Dinophyceae","Gonyaulacales","Gonyaulacaceae","Alexandrium","no_hit"
"2587","ASV_2654",-0.00597326966019897,0.0028234588478011,-0.00299399555097833,"ASV_2654","no_hit","Ciliophora","Colpodea","Bryophryida","Bryophryidae","g_","s_"
"2588","ASV_2655",-0.00047188639135632,0.00619338404625457,0.00351208427177653,"ASV_2655","no_hit","Dinophyceae","Dinophyceae","no_hit","no_hit","no_hit","no_hit"
"2589","ASV_2656",0.00458199604990935,-0.0100415402456302,-0.0116066366567659,"ASV_2656","no_hit","unknown","unknown","Telonemida","unknown","Telonema","s_"
"2590","ASV_2657",0.00118205659132399,-0.0116450674103036,-0.00370884605005204,"ASV_2657","no_hit","unknown","unknown","unknown","unknown","g_","s_"
"2591","ASV_2658",0.000267281146282895,-0.000453155428669538,0.000524219680690566,"ASV_2658","no_hit","Dinophyceae","Dinophyceae","Gymnodiniales","Kareniaceae","g_","s_"
"2592","ASV_2659",-0.00854360653934919,0.00444154084362174,-0.0106793760591325,"ASV_2659","no_hit","Imbricatea","unknown","unknown","Metromonadea","g_","s_"
"2593","ASV_2660",-0.000323027179087873,0.0045064442422221,0.0027095791453442,"ASV_2660","no_hit","Dinophyceae","Dinophyceae","no_hit","no_hit","g_","s_"
"2594","ASV_2661",0.0132824870136911,-0.000117155023511976,-0.00538580209168409,"ASV_2661","no_hit","unknown","unknown","unknown","unknown","unknown","uncultured marine eukaryote"
"2595","ASV_2662",0.00474373200141698,0.00318962220245634,-0.001367050246155,"ASV_2662","no_hit","no_hit","no_hit","no_hit","no_hit","g_","s_"
"2596","ASV_2663",0.00124725420535881,-0.00818455934429709,-0.00266745650553492,"ASV_2663","no_hit","unknown","unknown","unknown","unknown","unknown","uncultured marine eukaryote"
"2597","ASV_2664",-0.000779420791357111,0.0018403183586131,0.00218180674505958,"ASV_2664","no_hit","Dinophyceae","Dinophyceae","no_hit","no_hit","no_hit","s_"
"2598","ASV_2665",-0.00721138038081201,0.000127547480645276,-0.0124790636953179,"ASV_2665","no_hit","Dinophyceae","Dinophyceae","Syndiniales","no_hit","no_hit","no_hit"
"2599","ASV_2666",0.000162533571733859,-0.00123336984704346,0.000196457332439017,"ASV_2666","no_hit","Euglenozoa","unknown","Diplonemea","unknown","g_","s_"
"2600","ASV_2667",-0.00646563983090373,0.00325214297078834,-0.0058194779133787,"ASV_2667","no_hit","Bacillariophyta","Bacillariophyceae","Bacillariales","Bacillariaceae","Pseudo-nitzschia","no_hit"
"2601","ASV_2668",-0.00513727733774867,0.000597241521235188,-0.00983642926657775,"ASV_2668","no_hit","no_hit","no_hit","no_hit","no_hit","no_hit","no_hit"
"2602","ASV_2669",0.00548148392908828,-0.00742011132723531,-0.00444133891599783,"ASV_2669","no_hit","Dinophyceae","Dinophyceae","no_hit","no_hit","no_hit","no_hit"
"2603","ASV_2670",-0.00152433333666733,0.000276116088714262,-0.00114550544953382,"ASV_2670","no_hit","Dinophyceae","Dinophyceae","Syndiniales","Amoebophryaceae","Amoebophrya","no_hit"
"2604","ASV_2671",0.000438407776817807,0.00380435007148632,-0.00784137819957952,"ASV_2671","no_hit","Dinophyceae","Dinophyceae","Peridiniales","Pfiesteriaceae","Pfiesteria","s_"
"2605","ASV_2672",0.00228198809260378,-3.57679052815208e-05,-0.000182773205547014,"ASV_2672","no_hit","Euglenozoa","unknown","Diplonemea","unknown","g_","s_"
"2606","ASV_2673",6.3729943362514e-05,-0.00319493180299467,-0.000483354115367592,"ASV_2673","no_hit","Dinophyceae","Dinophyceae","no_hit","no_hit","no_hit","no_hit"
"2607","ASV_2674",-0.0110488376864339,0.00461382993169496,-0.00988577330767743,"ASV_2674","no_hit","Euglenozoa","unknown","Diplonemea","Hemistasiidae","g_","s_"
"2608","ASV_2675",0.00390798052122212,-0.00875510407613102,-0.00535163693925505,"ASV_2675","no_hit","Dinophyceae","Dinophyceae","Gymnodiniales","Kareniaceae","g_","s_"
"2609","ASV_2676",-0.00323375929555973,0.00123969955160463,0.000289914530385319,"ASV_2676","no_hit","unknown","unknown","unknown","unknown","unknown","uncultured marine eukaryote"
"2610","ASV_2677",0.0104428940867534,-0.00484907976703027,-0.00993245692200648,"ASV_2677","no_hit","unknown","unknown","unknown","unknown","unknown","s_"
"2611","ASV_2678",-0.00799656476528765,0.00531564927782304,-0.00902060316481924,"ASV_2678","no_hit","unknown","unknown","unknown","unknown","unknown","uncultured marine eukaryote"
"2612","ASV_2679",0.000912504131918939,-0.0024311576875289,-0.0037713362183772,"ASV_2679","no_hit","no_hit","no_hit","no_hit","no_hit","no_hit","no_hit"
"2613","ASV_2681",-0.0119389968933877,0.00393424742436593,-0.00992257700046999,"ASV_2681","no_hit","Dinophyceae","Dinophyceae","no_hit","no_hit","no_hit","no_hit"
"2614","ASV_2682",-0.00290733619832867,0.000724538145655171,-0.00271746406060413,"ASV_2682","no_hit","Dinophyceae","Dinophyceae","no_hit","no_hit","no_hit","no_hit"
"2615","ASV_2683",-0.00628909664631812,0.00374851470538472,-0.00703151234970812,"ASV_2683","no_hit","Dinophyceae","Dinophyceae","Peridiniales","Peridiniaceae","Scrippsiella","no_hit"
"2616","ASV_2684",0.00922837728743918,-0.00261823643392369,-0.00576040669982921,"ASV_2684","no_hit","Dinophyceae","Dinophyceae","Syndiniales","no_hit","g_","s_"
"2617","ASV_2685",0.00765552506775016,0.00064057788790165,-0.00190518531012735,"ASV_2685","no_hit","Dinophyceae","Dinophyceae","no_hit","no_hit","no_hit","s_"
"2618","ASV_2686",-0.00145764824510362,-1.09921299053264e-05,0.000284482058713042,"ASV_2686","no_hit","Dinophyceae","Dinophyceae","no_hit","no_hit","no_hit","no_hit"
"2619","ASV_2687",-0.0055948503950957,0.000896289081377049,-0.00682416323730025,"ASV_2687","no_hit","Bacillariophyta","Coscinodiscophyceae","Coscinodiscales","Hemidiscaceae","Actinocyclus","Actinocyclus curvatulus"
"2620","ASV_2688",-0.00211841651393295,-0.000971542628460955,0.000944264981926379,"ASV_2688","Metazoa","Chordata","Appendicularia","Copelata","Fritillariidae","g_","s_"
"2621","ASV_2689",0.00924680633728717,0.00618458260790615,-0.000135619097258166,"ASV_2689","no_hit","unknown","unknown","unknown","unknown","g_","s_"
"2622","ASV_2690",0.00814438018527439,-0.000780753722780214,-0.00689586644583198,"ASV_2690","no_hit","Haptophyta","unknown","Prymnesiales","Chrysochromulinaceae","Chrysochromulina","Chrysochromulina scutellum"
"2623","ASV_2691",0.00792687991523336,0.000188415691796048,-0.00587075327614831,"ASV_2691","no_hit","unknown","unknown","unknown","unknown","unknown","uncultured marine eukaryote"
"2624","ASV_2692",-0.00401129571778227,0.00130582153070225,-0.00263559450407402,"ASV_2692","no_hit","Dinophyceae","Dinophyceae","Syndiniales","Amoebophryaceae","g_","s_"
"2625","ASV_2693",0.00274527435420599,0.00479522569432208,-0.00765352481775282,"ASV_2693","Viridiplantae","Chlorophyta","Pyramimonadophyceae","Pyramimonadales","Pyramimonadaceae","Pterosperma","s_"
"2626","ASV_2694",0.00528702040684091,0.00502319759693281,0.000450439063874099,"ASV_2694","no_hit","Dinophyceae","Dinophyceae","Syndiniales","Amoebophryaceae","g_","s_"
"2627","ASV_2695",0.00110429076394492,-0.00175214356080353,-0.00131208791090516,"ASV_2695","no_hit","Dinophyceae","Dinophyceae","Syndiniales","Amoebophryaceae","g_","s_"
"2628","ASV_2696",0.000977079718197044,-0.00383390180830798,-0.00109418235197479,"ASV_2696","no_hit","Euglenozoa","unknown","Diplonemea","no_hit","g_","s_"
"2629","ASV_2697",0.00229133725103271,-0.00465969038998093,-0.00158443695693113,"ASV_2697","no_hit","Dinophyceae","Dinophyceae","Gymnodiniales","Kareniaceae","g_","s_"
"2630","ASV_2698",0.00598778459721401,0.0105677022500284,-0.00861936368983197,"ASV_2698","Viridiplantae","Chlorophyta","Mamiellophyceae","Dolichomastigales","Crustomastigaceae","g_","s_"
"2631","ASV_2699",-0.000360048827073767,0.00238588413843155,0.00191868972958308,"ASV_2699","Metazoa","Chordata","Appendicularia","Copelata","Oikopleuridae","Oikopleura","Oikopleura gorskyi"
"2632","ASV_2700",0.00734958010137175,-0.00519891650946155,-0.00721841716526114,"ASV_2700","no_hit","unknown","Choanoflagellata","Acanthoecida","Stephanoecidae","g_","s_"
"2633","ASV_2701",0.000464606382258583,-0.00280755761847621,-0.000108930102395274,"ASV_2701","no_hit","Dinophyceae","Dinophyceae","Syndiniales","Amoebophryaceae","g_","s_"
"2634","ASV_2702",0.00985803936085914,0.0014835372553599,-0.00464331842233014,"ASV_2702","no_hit","Dinophyceae","Dinophyceae","Syndiniales","no_hit","g_","s_"
"2635","ASV_2703",0.00561571983197156,-0.0118746980345305,-0.00602585081531287,"ASV_2703","no_hit","no_hit","no_hit","no_hit","no_hit","no_hit","no_hit"
"2636","ASV_2704",0.00172889446513584,-0.00047490864166678,-0.000879433288414849,"ASV_2704","no_hit","Ciliophora","Oligohymenophorea","Philasterida","Cinetochilidae","g_","s_"
"2637","ASV_2705",0.0115329865902547,0.000785126726838577,-0.00431767219461577,"ASV_2705","no_hit","unknown","Choanoflagellata","Acanthoecida","Stephanoecidae","g_","s_"
"2638","ASV_2706",0.0116346775900329,-0.00456445766855422,-0.00557721924689338,"ASV_2706","no_hit","Dinophyceae","Dinophyceae","no_hit","no_hit","no_hit","s_"
"2639","ASV_2707",0.00196379150505799,-0.00792134250287858,-0.00259042470417986,"ASV_2707","no_hit","Dinophyceae","Dinophyceae","Syndiniales","Amoebophryaceae","g_","s_"
"2640","ASV_2708",-0.000842623802860789,0.00543342977519947,-0.00799790844557013,"ASV_2708","no_hit","no_hit","no_hit","no_hit","no_hit","g_","s_"
"2641","ASV_2709",0.00637808182051027,-0.00429935173981309,-0.00496799808425471,"ASV_2709","no_hit","Dinophyceae","Dinophyceae","Peridiniales","Peridiniaceae","g_","s_"
"2642","ASV_2710",0.000663061849842362,-0.00698780694315479,-0.00177580814590816,"ASV_2710","no_hit","Euglenozoa","unknown","Diplonemea","unknown","g_","s_"
"2643","ASV_2711",-0.00125626247964946,-0.000328571270790545,0.000452441566785387,"ASV_2711","no_hit","unknown","Polycystinea","Spumellaria","unknown","g_","s_"
"2644","ASV_2712",0.0002075364810864,-0.0018387107655328,-0.000704472570687115,"ASV_2712","no_hit","Ciliophora","Spirotrichea","no_hit","no_hit","no_hit","no_hit"
"2645","ASV_2713",-0.000899788661722412,-0.00135335322288861,-0.00586940802068582,"ASV_2713","no_hit","no_hit","no_hit","no_hit","no_hit","no_hit","no_hit"
"2646","ASV_2714",0.00181417631149622,-0.00324776888937491,-0.00115421642873401,"ASV_2714","no_hit","Dinophyceae","Dinophyceae","no_hit","no_hit","no_hit","no_hit"
"2647","ASV_2715",0.00455515766525563,-0.00824981410013174,-0.00460532622262349,"ASV_2715","no_hit","no_hit","no_hit","no_hit","no_hit","no_hit","s_"
"2648","ASV_2716",0.0014235509656001,-0.00829956578064365,-0.00264055984693679,"ASV_2716","no_hit","Euglenozoa","unknown","Diplonemea","unknown","unknown","s_"
"2649","ASV_2717",0.000770816329929352,-0.00119978473233489,-0.000232063768221465,"ASV_2717","no_hit","Dinophyceae","Dinophyceae","Syndiniales","Amoebophryaceae","g_","s_"
"2650","ASV_2718",-0.00903006330195243,0.0054544261525724,-0.00992037313717572,"ASV_2718","no_hit","Dinophyceae","Dinophyceae","Syndiniales","Amoebophryaceae","Amoebophrya","no_hit"
"2651","ASV_2719",0.00340293525639052,-0.00706569509537311,-0.00356719440402617,"ASV_2719","no_hit","unknown","Polycystinea","Nassellaria","Plagiacanthidae","g_","s_"
"2652","ASV_2720",0.00386972113901576,-0.0154316554952375,-0.0075936107761329,"ASV_2720","no_hit","unknown","unknown","unknown","unknown","unknown","s_"
"2653","ASV_2721",0.00474313688202426,-0.0134910251161634,-0.00651302036600952,"ASV_2721","no_hit","Dinophyceae","Dinophyceae","no_hit","no_hit","no_hit","no_hit"
"2654","ASV_2722",-0.000400767287592191,0.00180682591170131,0.00175469515846362,"ASV_2722","no_hit","Euglenozoa","unknown","Diplonemea","unknown","g_","s_"
"2655","ASV_2723",0.0140917784797474,0.0070803863189545,-0.00264563359153064,"ASV_2723","no_hit","Dinophyceae","Dinophyceae","Syndiniales","no_hit","g_","s_"
"2656","ASV_2724",0.00393498503205458,-0.00893844075937392,-0.00462485871402978,"ASV_2724","no_hit","unknown","unknown","unknown","unknown","unknown","s_"
"2657","ASV_2725",0.00204590421373625,-0.000584836728726372,-0.00494580019638621,"ASV_2725","no_hit","Bacillariophyta","Bacillariophyceae","Naviculales","Naviculaceae","Haslea","Haslea avium"
"2658","ASV_2726",0.0136532467733127,0.00685484165709364,-0.00508253068148968,"ASV_2726","no_hit","Picozoa","Picomonadea","Picomonadida","Picomonadidae","Picomonas","s_"
"2659","ASV_2727",0.000223512507284392,-0.000444549810931937,0.000245678035509824,"ASV_2727","no_hit","no_hit","no_hit","no_hit","no_hit","g_","s_"
"2660","ASV_2728",-0.00137031626882034,-0.00137296173945236,0.00114847234016589,"ASV_2728","no_hit","Dinophyceae","Dinophyceae","Syndiniales","Ellobiopsidae","g_","s_"
"2661","ASV_2729",0.00585349406898282,-0.0089058487574928,-0.00465632670723017,"ASV_2729","no_hit","Dinophyceae","Dinophyceae","Syndiniales","Amoebophryaceae","Amoebophrya","no_hit"
"2662","ASV_2730",0.00811418608390935,-0.00603848567287413,-0.00713375393798485,"ASV_2730","no_hit","Dinophyceae","Dinophyceae","Syndiniales","Duboscquellidae","Duboscquella","s_"
"2663","ASV_2731",0.00309417542161193,0.00847144548009024,-0.00799245400028678,"ASV_2731","no_hit","Bacillariophyta","Coscinodiscophyceae","Melosirales","Stephanopyxidaceae","g_","s_"
"2664","ASV_2732",-0.00309076490848786,-0.00157947454353864,-0.00894149920205147,"ASV_2732","no_hit","Dinophyceae","Dinophyceae","Syndiniales","Eudubosquellidae","Euduboscquella","no_hit"
"2665","ASV_2733",-0.000415691068336857,0.00483857154377307,0.00295127107929499,"ASV_2733","Metazoa","Arthropoda","Hexanauplia","Poecilostomatoida","Oncaeidae","no_hit","s_"
"2666","ASV_2734",0.00198392152411627,0.00223847450953578,-0.00781100217277514,"ASV_2734","no_hit","no_hit","no_hit","no_hit","no_hit","g_","s_"
"2667","ASV_2735",-0.000786083747130681,0.000703143428755307,0.00125704216787565,"ASV_2735","no_hit","Dinophyceae","Dinophyceae","no_hit","no_hit","no_hit","no_hit"
"2668","ASV_2736",0.00855198648933723,-0.00310346421406499,-0.0106817067927379,"ASV_2736","no_hit","Haptophyta","unknown","Prymnesiales","Prymnesiaceae","no_hit","s_"
"2669","ASV_2737",-0.00623782116489782,0.00132729937770805,-0.00715787786535776,"ASV_2737","Fungi","Basidiomycota","no_hit","no_hit","no_hit","no_hit","no_hit"
"2670","ASV_2738",-0.00292153156733313,-0.00171412687738126,-0.00369562228249806,"ASV_2738","no_hit","no_hit","no_hit","no_hit","no_hit","g_","s_"
"2671","ASV_2739",0.00544253502480371,-0.00640288698169957,-0.00579978826210772,"ASV_2739","no_hit","Euglenozoa","unknown","Diplonemea","unknown","g_","s_"
"2672","ASV_2740",0.0154808561462562,0.0122754256425115,-0.000828586683825412,"ASV_2740","no_hit","unknown","Cryptophyceae","Pyrenomonadales","Geminigeraceae","g_","s_"
"2673","ASV_2741",-0.0123768195545627,0.00549296049710842,-0.0147873361813544,"ASV_2741","no_hit","Imbricatea","unknown","Thaumatomonadida","Thaumatomastigidae","g_","s_"
"2674","ASV_2742",0.00355463183564574,-0.00818340059032964,-0.00345161180482283,"ASV_2742","no_hit","Dinophyceae","Dinophyceae","Syndiniales","no_hit","no_hit","no_hit"
"2675","ASV_2743",0.00282402332737324,-0.00544364554376114,-0.00274925514187585,"ASV_2743","no_hit","no_hit","no_hit","no_hit","no_hit","no_hit","no_hit"
"2676","ASV_2744",0.00318889980811728,-0.0121180642586925,-0.00748102190590271,"ASV_2744","no_hit","no_hit","no_hit","no_hit","no_hit","g_","s_"
"2677","ASV_2745",0.00438067786104779,-0.00546284136180879,-0.00242254767956686,"ASV_2745","no_hit","no_hit","no_hit","no_hit","no_hit","g_","s_"
"2678","ASV_2746",0.00101473942274629,-0.0110133987896128,-0.00329966013305582,"ASV_2746","no_hit","unknown","unknown","unknown","unknown","g_","s_"
"2679","ASV_2747",0.00273661941733421,-0.0017203226604973,-0.0017819473533805,"ASV_2747","no_hit","Dinophyceae","Dinophyceae","Syndiniales","Amoebophryaceae","g_","s_"
"2680","ASV_2748",0.006000357620413,-0.0114633522085217,-0.00557709504847571,"ASV_2748","no_hit","Dinophyceae","Dinophyceae","Syndiniales","Amoebophryaceae","g_","s_"
"2681","ASV_2749",-0.0135829716053564,0.00443464505207033,-0.0125373499076346,"ASV_2749","no_hit","Bacillariophyta","Bacillariophyceae","Naviculales","no_hit","no_hit","no_hit"
"2682","ASV_2750",0.0145611747839805,0.0122230189452827,-0.000314416909539241,"ASV_2750","no_hit","unknown","Choanoflagellata","Acanthoecida","Acanthoecidae","Acanthoeca","Acanthoeca sp. SIOpierAcanth1"
"2683","ASV_2751",0.00196319661026929,-0.00270569650148897,-0.00251569632477689,"ASV_2751","no_hit","Dinophyceae","Dinophyceae","Syndiniales","Amoebophryaceae","g_","s_"
"2684","ASV_2752",-0.00733649973287103,0.00337746024366152,-0.00641868786916209,"ASV_2752","no_hit","Dinophyceae","Dinophyceae","Syndiniales","no_hit","no_hit","no_hit"
"2685","ASV_2753",0.00053111554900003,-0.0099526157975108,-0.00307506478763376,"ASV_2753","no_hit","Euglenozoa","unknown","Diplonemea","no_hit","no_hit","no_hit"
"2686","ASV_2754",0.00390691633076362,0.000224095077805996,-0.00287121181624331,"ASV_2754","no_hit","Dinophyceae","Dinophyceae","Abediniales","Abediniaceae","Abedinium","Abedinium folium"
"2687","ASV_2755",-0.00360601372779726,0.000448380858275401,-0.00339058704070625,"ASV_2755","no_hit","unknown","unknown","unknown","unknown","g_","s_"
"2688","ASV_2756",-0.00145751288838875,0.00280905358497235,0.00319303796704066,"ASV_2756","Metazoa","Ctenophora","Tentaculata","Cydippida","Dryodoridae","Dryodora","Dryodora glandiformis"
"2689","ASV_2757",-0.00184036069215487,-0.00146288364743987,0.00118708729994954,"ASV_2757","Metazoa","Arthropoda","Hexanauplia","Poecilostomatoida","Oncaeidae","no_hit","no_hit"
"2690","ASV_2758",0.00943904571054476,-0.000980918332195899,-0.00540414160111983,"ASV_2758","no_hit","Dinophyceae","Dinophyceae","Syndiniales","Amoebophryaceae","Amoebophrya","no_hit"
"2691","ASV_2759",0.00371549669314679,-0.00877951435228796,-0.00411192344954647,"ASV_2759","no_hit","Dinophyceae","Dinophyceae","Syndiniales","no_hit","no_hit","s_"
"2692","ASV_2760",0.00962607515058364,-0.00265165344858799,-0.00694293773302618,"ASV_2760","no_hit","Dinophyceae","Dinophyceae","Syndiniales","Amoebophryaceae","g_","s_"
"2693","ASV_2761",-0.000206697709073492,0.000465911036986299,0.00110550903813637,"ASV_2761","no_hit","unknown","unknown","unknown","unknown","g_","s_"
"2694","ASV_2762",0.00030299834788781,-0.00392172051463025,-0.00255650907736839,"ASV_2762","no_hit","Cercozoa","no_hit","no_hit","no_hit","g_","s_"
"2695","ASV_2763",0.00382235337934646,-0.00349100389382862,-0.00508551675510881,"ASV_2763","no_hit","no_hit","no_hit","no_hit","no_hit","no_hit","s_"
"2696","ASV_2764",-0.00231205296002735,0.000423717182725073,-0.0115247206907286,"ASV_2764","Viridiplantae","Chlorophyta","Mamiellophyceae","Dolichomastigales","Crustomastigaceae","g_","s_"
"2697","ASV_2765",0.0100050202342431,0.00650431471181057,-0.00302984260651342,"ASV_2765","no_hit","Dinophyceae","Dinophyceae","Gymnodiniales","Kareniaceae","Takayama","s_"
"2698","ASV_2766",-0.000292887608311066,-0.000327267212745656,0.00117365910238838,"ASV_2766","Metazoa","Chaetognatha","Sagittoidea","Aphragmophora","Sagittidae","Parasagitta","Parasagitta elegans"
"2699","ASV_2767",-0.00147822554356038,0.000710914184638579,0.00196713690367097,"ASV_2767","no_hit","Ciliophora","Oligohymenophorea","Apostomatida","Pseudocolliniidae","g_","s_"
"2700","ASV_2768",0.00208293491701835,-0.00823680642381322,-0.00255932039920365,"ASV_2768","no_hit","Dinophyceae","Dinophyceae","Syndiniales","no_hit","g_","s_"
"2701","ASV_2769",-0.0065564048698799,0.00209542920902233,-0.00495374317843923,"ASV_2769","no_hit","Ciliophora","Prostomatea","Prorodontida","unknown","Hexasterias","s_"
"2702","ASV_2770",0.00142115167684167,-0.00800263357788448,-0.00261842279335907,"ASV_2770","no_hit","Dinophyceae","Dinophyceae","Syndiniales","no_hit","no_hit","no_hit"
"2703","ASV_2771",-0.00396685433674028,0.00163915116628607,-0.00403564923373584,"ASV_2771","no_hit","Dinophyceae","Dinophyceae","Syndiniales","Amoebophryaceae","g_","s_"
"2704","ASV_2772",0.0077438939991183,-0.00852336523476395,-0.0054840722280146,"ASV_2772","no_hit","unknown","Bigyra","Nanomonadea","unknown","Solenicola","s_"
"2705","ASV_2773",0.0007088767384213,-0.00346603796756894,-0.0006995877044003,"ASV_2773","no_hit","Dinophyceae","Dinophyceae","no_hit","no_hit","g_","s_"
"2706","ASV_2774",0.00552558340762226,-0.0164899678600556,-0.00869001119646018,"ASV_2774","no_hit","no_hit","no_hit","no_hit","no_hit","no_hit","no_hit"
"2707","ASV_2775",0.000465492598719002,-0.000737909188193109,0.000349773732114823,"ASV_2775","no_hit","Euglenozoa","unknown","Diplonemea","no_hit","no_hit","no_hit"
"2708","ASV_2776",0.00135522285298803,-0.00216667269385813,-0.00130824047703382,"ASV_2776","no_hit","unknown","Polycystinea","Spumellaria","no_hit","no_hit","no_hit"
"2709","ASV_2777",-0.000413820646757648,0.000398107501648317,0.00117198235301832,"ASV_2777","no_hit","Dinophyceae","Dinophyceae","no_hit","no_hit","no_hit","no_hit"
"2710","ASV_2778",0.00200679980414136,-0.00708992188534119,-0.00407419290663715,"ASV_2778","no_hit","Ciliophora","Spirotrichea","unknown","Strombidiidae","no_hit","no_hit"
"2711","ASV_2779",0.0101635608349591,-0.00557330871152251,-0.00656533275037204,"ASV_2779","no_hit","Dinophyceae","Dinophyceae","Gymnodiniales","Kareniaceae","no_hit","s_"
"2712","ASV_2780",-3.92377687105012e-05,-0.00295650049156765,-0.000219214426691425,"ASV_2780","no_hit","unknown","unknown","Sticholonchida","Sticholonchidae","g_","s_"
"2713","ASV_2781",0.00142141359690335,-0.00791439250765944,-0.00285650537474602,"ASV_2781","no_hit","Euglenozoa","unknown","Diplonemea","Diplonemidae","g_","s_"
"2714","ASV_2782",-0.0081479101476424,0.0040208692675211,-0.00772281110704785,"ASV_2782","no_hit","Bacillariophyta","Coscinodiscophyceae","Thalassiosirales","Thalassiosiraceae","Thalassiosira","s_"
"2715","ASV_2783",0.00141996478821787,-0.00925643880048575,-0.00399134186411764,"ASV_2783","no_hit","unknown","Phaeophyceae","Ascoseirales","unknown","g_","s_"
"2716","ASV_2784",-0.00487827767479338,0.0022407996978142,-0.00364563864365699,"ASV_2784","no_hit","Dinophyceae","Dinophyceae","Gymnodiniales","Warnowiaceae","g_","s_"
"2717","ASV_2785",-0.0107771330787439,0.00307007931461374,-0.00973397817475025,"ASV_2785","no_hit","Dinophyceae","Dinophyceae","Gonyaulacales","Gonyaulacaceae","g_","s_"
"2718","ASV_2786",-0.00788103409340425,0.00343313893964895,-0.00811047674544624,"ASV_2786","no_hit","no_hit","no_hit","no_hit","no_hit","g_","s_"
"2719","ASV_2787",0.00273603725644951,-0.00967517892047305,-0.00452278255380659,"ASV_2787","no_hit","no_hit","no_hit","no_hit","no_hit","no_hit","no_hit"
"2720","ASV_2788",0.00267586097412284,0.00619716940601166,-0.00338044966467195,"ASV_2788","no_hit","no_hit","no_hit","no_hit","no_hit","no_hit","no_hit"
"2721","ASV_2789",0.00852146478410616,-0.00763179282662226,-0.00621439452772718,"ASV_2789","no_hit","Dinophyceae","Dinophyceae","Peridiniales","Peridiniaceae","g_","s_"
"2722","ASV_2790",-0.00417499646673348,0.00226464120705245,-0.00442334444036242,"ASV_2790","no_hit","Ciliophora","no_hit","no_hit","no_hit","g_","s_"
"2723","ASV_2791",0.00359441214767772,0.00467186091324191,-0.00414209320551175,"ASV_2791","no_hit","Dinophyceae","Dinophyceae","Syndiniales","Amoebophryaceae","g_","s_"
"2724","ASV_2792",0.00152677965133864,-0.00456860152125708,-0.00165384048795059,"ASV_2792","no_hit","unknown","unknown","unknown","Colpodellaceae","g_","s_"
"2725","ASV_2793",-0.00836252342410752,0.00505265616898657,-0.00832004266698402,"ASV_2793","no_hit","Bacillariophyta","Coscinodiscophyceae","Chaetocerotales","Chaetocerotaceae","Chaetoceros","s_"
"2726","ASV_2794",-0.000431761148359989,0.00133070976756921,0.00148776158161471,"ASV_2794","Metazoa","Cnidaria","Hydrozoa","Narcomedusae","Cuninidae","Cunina","Cunina frugifera"
"2727","ASV_2795",-0.00241998992366309,0.00286597506291011,0.00257461045543519,"ASV_2795","Metazoa","Chordata","Appendicularia","Copelata","Fritillariidae","Fritillaria <tunicates>","Fritillaria gracilis"
"2728","ASV_2796",0.0014710666390124,-0.00126484437545459,-0.00602494707274861,"ASV_2796","Metazoa","Ctenophora","Nuda","Beroida","Beroidae","Beroe","no_hit"
"2729","ASV_2797",0.00390020054031279,-0.00555842949037483,-0.00430708776968101,"ASV_2797","no_hit","Dinophyceae","Dinophyceae","Syndiniales","Amoebophryaceae","Amoebophrya","no_hit"
"2730","ASV_2798",-0.000397661091908517,0.000945763712584946,0.00101819650956053,"ASV_2798","no_hit","Dinophyceae","Dinophyceae","Blastodiniales","unknown","Blastodinium","Blastodinium mangini"
"2731","ASV_2799",-0.00133051618044068,0.00275933277692899,-0.00280985111496822,"ASV_2799","no_hit","Dinophyceae","Dinophyceae","Peridiniales","Protoperidiniaceae","Protoperidinium","Protoperidinium divergens"
"2732","ASV_2800",0.00839082991094845,-0.00748285380061621,-0.007704361941658,"ASV_2800","no_hit","Euglenozoa","unknown","Diplonemea","no_hit","g_","s_"
"2733","ASV_2801",0.00286363669820761,-0.00961811759990743,-0.00502563054265649,"ASV_2801","no_hit","unknown","unknown","unknown","unknown","g_","s_"
"2734","ASV_2802",-0.00101792245502501,0.00196215173453922,-0.00889157352179672,"ASV_2802","no_hit","Cercozoa","Thecofilosea","Cryomonadida","Protaspidae","Cryothecomonas","s_"
"2735","ASV_2803",-0.00576862172940355,0.0015804685076313,-0.00419451624742624,"ASV_2803","no_hit","Dinophyceae","Dinophyceae","Gonyaulacales","Gonyaulacaceae","Alexandrium","no_hit"
"2736","ASV_2804",0.00458934408751097,-0.00480766067620619,-0.00257276964654978,"ASV_2804","no_hit","Dinophyceae","Dinophyceae","Syndiniales","Syndiniaceae","g_","s_"
"2737","ASV_2805",0.00867130821017449,-0.00142143304514202,-0.00341435594767344,"ASV_2805","no_hit","unknown","unknown","unknown","unknown","g_","s_"
"2738","ASV_2806",0.0048312646938319,-0.00561731357491017,-0.00337154659586234,"ASV_2806","no_hit","unknown","unknown","unknown","unknown","g_","s_"
"2739","ASV_2807",-0.000384347568859784,-0.000484465292925294,-0.000390924789207492,"ASV_2807","Viridiplantae","Chlorophyta","no_hit","no_hit","no_hit","no_hit","no_hit"
"2740","ASV_2808",0.00387615629589114,-0.00304077425535023,-0.00343422204057404,"ASV_2808","no_hit","no_hit","no_hit","no_hit","no_hit","no_hit","no_hit"
"2741","ASV_2809",0.00717154714998482,0.00454291491169146,-0.000582015335900838,"ASV_2809","no_hit","Ciliophora","Spirotrichea","no_hit","no_hit","no_hit","no_hit"
"2742","ASV_2810",-0.000925283973853458,0.00210576864426261,0.00230304015822098,"ASV_2810","Metazoa","Arthropoda","Ostracoda","Halocyprida","Halocyprididae","g_","s_"
"2743","ASV_2811",0.00393444696407226,-0.00875848754518205,-0.00873323984584004,"ASV_2811","no_hit","unknown","Phaeophyceae","no_hit","no_hit","g_","s_"
"2744","ASV_2812",-0.000980896303470206,0.0033785511247394,-0.00481987887246341,"ASV_2812","no_hit","Dinophyceae","Dinophyceae","Syndiniales","Amoebophryaceae","Amoebophrya","no_hit"
"2745","ASV_2813",-0.000447447332513957,-0.00389729950160378,-0.000642887909766903,"ASV_2813","no_hit","Euglenozoa","unknown","Diplonemea","unknown","unknown","s_"
"2746","ASV_2814",0.00299808137029247,-0.006924903771142,-0.00360900999511174,"ASV_2814","no_hit","no_hit","no_hit","no_hit","no_hit","no_hit","s_"
"2747","ASV_2816",0.0153865269207771,0.00567753435921891,-0.00329547768563482,"ASV_2816","no_hit","unknown","unknown","unknown","unknown","g_","s_"
"2748","ASV_2817",0.00264242571205221,0.00051296245082877,-0.000203993790508996,"ASV_2817","Metazoa","Echinodermata","Echinoidea","Spatangoida","Schizasteridae","Abatus","Abatus cavernosus"
"2749","ASV_2818",0.0132041482613798,0.00385614947730324,-0.00399337414225966,"ASV_2818","no_hit","no_hit","no_hit","no_hit","no_hit","no_hit","s_"
"2750","ASV_2819",0.012814532191058,0.0121295048171465,-0.00094371298467551,"ASV_2819","no_hit","unknown","unknown","unknown","unknown","unknown","uncultured marine eukaryote"
"2751","ASV_2820",0.00292941571342289,-0.000461241723597515,-0.000207908554554237,"ASV_2820","no_hit","Ciliophora","Spirotrichea","unknown","Tontoniidae","Pseudotontonia","Pseudotontonia sp. JG-2011a"
"2752","ASV_2821",-0.000355528688575416,0.000762395431975138,0.00133642974715745,"ASV_2821","no_hit","Dinophyceae","Dinophyceae","no_hit","no_hit","no_hit","no_hit"
"2753","ASV_2822",0.00126414955831509,0.00710717004964822,-0.00590890631768359,"ASV_2822","no_hit","Dinophyceae","Dinophyceae","no_hit","no_hit","no_hit","no_hit"
"2754","ASV_2823",0.0168495565381126,0.0126090858365518,-0.000401194612974321,"ASV_2823","no_hit","Foraminifera","no_hit","no_hit","no_hit","g_","s_"
"2755","ASV_2824",0.00359847680166857,0.00464954531915825,-0.00402051537650439,"ASV_2824","no_hit","no_hit","no_hit","no_hit","no_hit","g_","s_"
"2756","ASV_2825",0.00450267342257987,-0.00812799563013974,-0.00430469616621274,"ASV_2825","no_hit","Ciliophora","Spirotrichea","Tintinnida","Tintinnidae","Salpingella","s_"
"2757","ASV_2826",0.000627674737679785,-0.000562102964685481,-4.90111995989982e-05,"ASV_2826","Metazoa","Cnidaria","Hydrozoa","Siphonophorae","no_hit","no_hit","no_hit"
"2758","ASV_2827",0.0153115798314546,0.00191507839037952,-0.0047261362616417,"ASV_2827","no_hit","Dinophyceae","Dinophyceae","Syndiniales","Amoebophryaceae","Amoebophrya","no_hit"
"2759","ASV_2829",0.00511507011837562,-0.00143149108350013,-0.00387099172265253,"ASV_2829","no_hit","Dinophyceae","Dinophyceae","Peridiniales","Peridiniopsidaceae","Palatinus","Palatinus apiculatus"
"2760","ASV_2830",-0.000757784971141394,-0.00197976804634957,0.000804292786789592,"ASV_2830","Metazoa","Annelida","Polychaeta","unknown","Capitellidae","Notomastus","no_hit"
"2761","ASV_2831",-0.00359714564867573,0.000437173931373737,-0.00214895364905913,"ASV_2831","no_hit","Ciliophora","Spirotrichea","unknown","Strombidiidae","no_hit","no_hit"
"2762","ASV_2832",0.00399628731860882,-0.00597289561203053,-0.00406188313029604,"ASV_2832","no_hit","unknown","unknown","unknown","unknown","unknown","uncultured marine eukaryote"
"2763","ASV_2833",0.00184088867603269,-0.00470806871397401,-0.00183598454093211,"ASV_2833","no_hit","no_hit","no_hit","no_hit","no_hit","no_hit","no_hit"
"2764","ASV_2834",0.000356479510879192,0.00257443943686166,0.00135943554003407,"ASV_2834","no_hit","no_hit","no_hit","no_hit","no_hit","no_hit","no_hit"
"2765","ASV_2835",0.00407090112651587,-0.00958878396118041,-0.00545925045332208,"ASV_2835","no_hit","Dinophyceae","Dinophyceae","Syndiniales","Amoebophryaceae","Amoebophrya","s_"
"2766","ASV_2836",-0.000735750948952201,-0.00436675178809355,-0.00680590600945519,"ASV_2836","no_hit","no_hit","no_hit","no_hit","no_hit","g_","s_"
"2767","ASV_2837",0.00681756372235063,-0.00635707126650522,-0.00390666779947741,"ASV_2837","no_hit","Dinophyceae","Dinophyceae","no_hit","no_hit","g_","s_"
"2768","ASV_2838",0.00239707301772172,0.00425836962366034,-0.00637735307142586,"ASV_2838","no_hit","no_hit","no_hit","no_hit","no_hit","g_","s_"
"2769","ASV_2839",-0.000747903570810423,0.00440936450837641,0.00273760220505458,"ASV_2839","no_hit","Dinophyceae","Dinophyceae","Gymnodiniales","Gymnodiniaceae","g_","s_"
"2770","ASV_2840",0.0025530116563334,-0.00604876743210274,-0.00238360775101709,"ASV_2840","no_hit","Dinophyceae","Dinophyceae","Syndiniales","Duboscquellidae","Duboscquella","s_"
"2771","ASV_2841",0.0125176081061504,0.00131604638262124,-0.00447584159540486,"ASV_2841","no_hit","unknown","unknown","unknown","unknown","unknown","s_"
"2772","ASV_2842",0.00288988450055702,-0.000852491698700653,-0.00274789166542866,"ASV_2842","no_hit","Dinophyceae","Dinophyceae","no_hit","no_hit","no_hit","no_hit"
"2773","ASV_2843",0.000417702877657916,-0.00305980397078717,-0.000559061549966191,"ASV_2843","no_hit","unknown","unknown","unknown","unknown","g_","s_"
"2774","ASV_2844",0.00204535727919223,-0.000396815142987341,-0.00242590318068473,"ASV_2844","no_hit","Dinophyceae","Dinophyceae","Syndiniales","Amoebophryaceae","g_","s_"
"2775","ASV_2845",-0.00439055551429747,0.000552205108837663,-0.0034329314323516,"ASV_2845","no_hit","Dinophyceae","Dinophyceae","Peridiniales","Protoperidiniaceae","Protoperidinium","Protoperidinium monovelum"
"2776","ASV_2846",-0.000280793193844664,0.00432662987356934,0.00269725046128939,"ASV_2846","no_hit","Dinophyceae","Dinophyceae","Syndiniales","no_hit","no_hit","no_hit"
"2777","ASV_2847",0.00710279677155026,0.00694774516378313,-0.000135202628710352,"ASV_2847","no_hit","unknown","unknown","unknown","unknown","unknown","s_"
"2778","ASV_2848",0.00231534277147155,0.00316845291589912,0.0011812628190324,"ASV_2848","no_hit","Dinophyceae","Dinophyceae","Coccidiniales","Chytriodiniaceae","Chytriodinium","Chytriodinium sp. Atlantic"
"2779","ASV_2849",0.00975116104706402,0.0100118551915542,-0.000585156130328173,"ASV_2849","no_hit","unknown","unknown","unknown","unknown","g_","s_"
"2780","ASV_2851",0.00412236644201175,0.00527269199479404,0.00119550967956499,"ASV_2851","Metazoa","Annelida","Polychaeta","Phyllodocida","Polynoidae","no_hit","no_hit"
"2781","ASV_2852",0.00220961862538839,-0.00768666254626007,-0.00270725149200883,"ASV_2852","no_hit","Dinophyceae","Dinophyceae","no_hit","no_hit","no_hit","no_hit"
"2782","ASV_2853",0.000633156738179411,-0.00148468701975579,-7.271352850547e-05,"ASV_2853","no_hit","no_hit","no_hit","no_hit","no_hit","no_hit","no_hit"
"2783","ASV_2854",0.00293568914573316,-0.0029408234444495,-0.00125564887075928,"ASV_2854","no_hit","unknown","Cryptophyceae","Cyathomonadacea","Goniomonadaceae","Goniomonas","s_"
"2784","ASV_2855",0.0100796064982595,0.00160240404040376,-0.00474207749139173,"ASV_2855","no_hit","Euglenozoa","unknown","Diplonemea","no_hit","no_hit","no_hit"
"2785","ASV_2856",-0.00553866101769683,0.00185322046366551,-0.0072431343617986,"ASV_2856","no_hit","Imbricatea","unknown","Thaumatomonadida","Thaumatomastigidae","g_","s_"
"2786","ASV_2857",0.00336882143788015,0.00018802147972449,-0.000321857192551252,"ASV_2857","no_hit","unknown","Acantharea","Arthracanthida","no_hit","g_","s_"
"2787","ASV_2858",0.00196901602357246,-0.00152384496654286,-0.00119528256417642,"ASV_2858","no_hit","Dinophyceae","Dinophyceae","Syndiniales","Duboscquellidae","g_","s_"
"2788","ASV_2859",-0.00385289407050144,0.00822420365668316,-0.0099375482605321,"ASV_2859","no_hit","unknown","Cryptophyceae","no_hit","no_hit","g_","s_"
"2789","ASV_2861",0.00516048144233321,-0.0165527914918872,-0.00931208731100103,"ASV_2861","no_hit","Dinophyceae","Dinophyceae","Syndiniales","Amoebophryaceae","g_","s_"
"2790","ASV_2862",-0.00275142426369825,0.00254566791239988,-0.0039213464796488,"ASV_2862","no_hit","no_hit","no_hit","no_hit","no_hit","g_","s_"
"2791","ASV_2864",0.00639191951831695,-0.0125227160603716,-0.00597255946251899,"ASV_2864","no_hit","Dinophyceae","Dinophyceae","Syndiniales","Amoebophryaceae","g_","s_"
"2792","ASV_2865",0.00527255062637991,-0.0192551530042866,-0.00780063068236698,"ASV_2865","no_hit","Ciliophora","Colpodea","unknown","unknown","g_","s_"
"2793","ASV_2866",0.000396635961548785,-0.00482862287025325,-0.00104842300272433,"ASV_2866","no_hit","Dinophyceae","Dinophyceae","Syndiniales","no_hit","no_hit","no_hit"
"2794","ASV_2867",0.0120043966651557,-0.00111384123299614,-0.00454173381285074,"ASV_2867","no_hit","unknown","Cryptophyceae","Cyathomonadacea","Goniomonadaceae","g_","s_"
"2795","ASV_2868",0.00407440485534187,-0.0119930339564408,-0.00529122183440514,"ASV_2868","no_hit","Euglenozoa","unknown","Diplonemea","unknown","g_","s_"
"2796","ASV_2869",0.0054528145055345,-0.00400574419676888,-0.00588464070697398,"ASV_2869","no_hit","Dinophyceae","Dinophyceae","Syndiniales","Amoebophryaceae","g_","s_"
"2797","ASV_2870",0.0102565824237942,0.00638862015316973,-0.0061125944295308,"ASV_2870","no_hit","Dinophyceae","Dinophyceae","Syndiniales","Amoebophryaceae","g_","s_"
"2798","ASV_2871",0.00286239640334889,-0.0044639898875761,-0.00485973064601751,"ASV_2871","no_hit","Dinophyceae","Dinophyceae","Gymnodiniales","Gymnodiniaceae","g_","s_"
"2799","ASV_2872",0.000486359492778367,-0.00372862420506434,0.000210787797672388,"ASV_2872","no_hit","unknown","unknown","unknown","unknown","unknown","s_"
"2800","ASV_2873",0.00600574950062317,0.00587912523225868,-0.00333324002754916,"ASV_2873","no_hit","Dinophyceae","Dinophyceae","no_hit","no_hit","no_hit","no_hit"
"2801","ASV_2874",0.0106003685178266,-0.006484478424407,-0.00678837377291981,"ASV_2874","no_hit","Dinophyceae","Dinophyceae","no_hit","no_hit","no_hit","no_hit"
"2802","ASV_2875",0.00788859414638308,0.00789668405337202,-0.00283581191549505,"ASV_2875","no_hit","no_hit","no_hit","no_hit","no_hit","g_","s_"
"2803","ASV_2876",-0.00392418136496142,-0.00283231304108524,-0.00449948414685277,"ASV_2876","no_hit","Cercozoa","no_hit","no_hit","no_hit","g_","s_"
"2804","ASV_2877",0.00548970890324703,-0.00174103947873463,-0.00401126626076075,"ASV_2877","Metazoa","Cnidaria","Hydrozoa","Siphonophorae","no_hit","no_hit","no_hit"
"2805","ASV_2878",0.00393340992631957,-0.016314611527359,-0.00686752508317226,"ASV_2878","no_hit","Euglenozoa","unknown","Diplonemea","unknown","g_","s_"
"2806","ASV_2879",-0.000369836227922077,0.00156707824236966,0.00162255457871533,"ASV_2879","no_hit","Euglenozoa","unknown","Diplonemea","unknown","unknown","s_"
"2807","ASV_2880",-0.00101755761361688,0.0023009873604042,-0.00346600355650382,"ASV_2880","no_hit","Bacillariophyta","Coscinodiscophyceae","Stephanodiscales","Stephanodiscaceae","Cyclotella","Cyclotella striata"
"2808","ASV_2881",0.00381258219431136,-0.00570562906725546,-0.00495360068833172,"ASV_2881","no_hit","Imbricatea","unknown","Marimonadida","unknown","Abollifer","s_"
"2809","ASV_2882",-3.51992152721687e-05,0.00291220390339083,0.00187298026790087,"ASV_2882","no_hit","no_hit","no_hit","no_hit","no_hit","no_hit","no_hit"
"2810","ASV_2883",0.00645469806358647,0.00706223094385401,-0.00474232355126875,"ASV_2883","no_hit","no_hit","no_hit","no_hit","no_hit","g_","s_"
"2811","ASV_2884",0.00498719803340283,-0.00966070645721252,-0.0058300171848349,"ASV_2884","no_hit","unknown","unknown","unknown","unknown","unknown","s_"
"2812","ASV_2885",0.001929224317,-0.0091561764581763,-0.00339210958055645,"ASV_2885","no_hit","Euglenozoa","unknown","Diplonemea","no_hit","no_hit","no_hit"
"2813","ASV_2886",0.00754014689389307,0.000464527205315271,-0.00239308170612455,"ASV_2886","no_hit","Dinophyceae","Dinophyceae","no_hit","no_hit","g_","s_"
"2814","ASV_2887",0.00154698454676674,-0.00360140917149474,-0.00144762837327869,"ASV_2887","no_hit","Dinophyceae","Dinophyceae","no_hit","no_hit","no_hit","no_hit"
"2815","ASV_2888",0.00331820149599057,0.00482064274439451,0.000986182517349831,"ASV_2888","Metazoa","no_hit","no_hit","no_hit","no_hit","g_","s_"
"2816","ASV_2889",-0.000460788789991031,0.0018221368396508,0.00139013650842625,"ASV_2889","no_hit","Ciliophora","Oligohymenophorea","Philasterida","Cinetochilidae","g_","s_"
"2817","ASV_2890",0.00037596940562591,-0.00591915416092501,-0.00628044533403568,"ASV_2890","no_hit","Discosea","Flabellinia","Dactylopodida","Paramoebidae","no_hit","no_hit"
"2818","ASV_2891",0.00883790218124555,-8.31711770264544e-05,-0.00631593241521341,"ASV_2891","no_hit","Dinophyceae","Dinophyceae","Syndiniales","Amoebophryaceae","g_","s_"
"2819","ASV_2892",-0.00221017672570195,0.00124980023071637,-0.00752529298699637,"ASV_2892","no_hit","Dinophyceae","Dinophyceae","no_hit","no_hit","no_hit","no_hit"
"2820","ASV_2893",0.00568177045173875,-0.00512749242648499,-0.00520650358149954,"ASV_2893","no_hit","unknown","unknown","unknown","unknown","g_","s_"
"2821","ASV_2894",0.00717054955386414,-0.0056324695772322,-0.0071914672572157,"ASV_2894","no_hit","no_hit","no_hit","no_hit","no_hit","no_hit","s_"
"2822","ASV_2895",-0.00180997276547938,0.00115751215345223,-0.000585634606942105,"ASV_2895","no_hit","no_hit","no_hit","no_hit","no_hit","no_hit","no_hit"
"2823","ASV_2896",-0.0077265303279304,0.0036949204042857,-0.00801710566915262,"ASV_2896","Fungi","Chytridiomycota","Chytridiomycetes","Rhizophydiales","no_hit","no_hit","no_hit"
"2824","ASV_2897",0.00476816561779216,-0.00494948852163684,-0.00309435503576818,"ASV_2897","no_hit","Dinophyceae","Dinophyceae","Syndiniales","Amoebophryaceae","Amoebophrya","s_"
"2825","ASV_2898",-0.00364890559766643,0.00295981024867851,-0.00954050753269532,"ASV_2898","no_hit","Dinophyceae","Dinophyceae","Syndiniales","no_hit","g_","s_"
"2826","ASV_2899",-0.00351588540807585,0.00108644510632325,-0.00188364206825742,"ASV_2899","no_hit","Dinophyceae","Dinophyceae","no_hit","no_hit","g_","s_"
"2827","ASV_2900",-0.000144256338808531,-0.00135937686875477,0.000454347856100722,"ASV_2900","no_hit","Euglenozoa","unknown","Diplonemea","unknown","g_","s_"
"2828","ASV_2901",0.00899049420971539,0.0072947484377913,-0.00549835780080869,"ASV_2901","no_hit","Haptophyta","unknown","Prymnesiales","Chrysochromulinaceae","Chrysochromulina","no_hit"
"2829","ASV_2902",0.00864253886095378,0.00329737591466984,-0.00241204939088622,"ASV_2902","no_hit","no_hit","no_hit","no_hit","no_hit","g_","s_"
"2830","ASV_2903",-0.000368838390164731,0.000203663276833357,0.000797612764345218,"ASV_2903","no_hit","Dinophyceae","Dinophyceae","Peridiniales","Protoperidiniaceae","g_","s_"
"2831","ASV_2904",-0.00692891174774619,0.00553749606698796,-0.00793743651069689,"ASV_2904","no_hit","no_hit","no_hit","no_hit","no_hit","g_","s_"
"2832","ASV_2905",0.00192323852932446,0.00746619845631516,-0.00612672866763174,"ASV_2905","no_hit","Dinophyceae","Dinophyceae","Syndiniales","no_hit","no_hit","s_"
"2833","ASV_2906",0.000451977228508965,-0.00969210684263613,-0.00298123258134983,"ASV_2906","no_hit","Ciliophora","Oligohymenophorea","Philasterida","Loxocephalidae","g_","s_"
"2834","ASV_2907",0.0144394264347449,0.0130865034999534,0.000582851098618241,"ASV_2907","no_hit","no_hit","no_hit","no_hit","no_hit","g_","s_"
"2835","ASV_2908",0.00729210458019607,-0.000852805987577517,-0.00406346984075641,"ASV_2908","no_hit","no_hit","no_hit","no_hit","no_hit","no_hit","no_hit"
"2836","ASV_2909",0.012075719828112,0.00650132501707353,-0.00270394107827933,"ASV_2909","no_hit","Dinophyceae","Dinophyceae","Syndiniales","no_hit","g_","s_"
"2837","ASV_2911",0.00503094757425343,0.000519351027803858,-0.00122586821603603,"ASV_2911","no_hit","unknown","unknown","unknown","unknown","g_","s_"
"2838","ASV_2912",-0.00175311946248314,-0.00511917587008704,-0.00891789729210687,"ASV_2912","no_hit","no_hit","no_hit","no_hit","no_hit","no_hit","no_hit"
"2839","ASV_2913",0.0021043207672082,-0.000592465501171845,-0.000882597857175089,"ASV_2913","no_hit","no_hit","no_hit","no_hit","no_hit","no_hit","s_"
"2840","ASV_2915",0.000704851803589423,-0.000789744074120619,0.00254953278307115,"ASV_2915","no_hit","unknown","unknown","unknown","unknown","g_","s_"
"2841","ASV_2916",0.00888833579167874,0.00606100397217855,-0.00563690776457851,"ASV_2916","no_hit","Dinophyceae","Dinophyceae","Peridiniales","Peridiniaceae","g_","s_"
"2842","ASV_2917",0.00993253080555289,-0.00463201298653163,-0.00831992591916712,"ASV_2917","no_hit","unknown","Cryptophyceae","Cyathomonadacea","Goniomonadaceae","Goniomonas","no_hit"
"2843","ASV_2919",0.00497966977951035,-0.0104472593461097,-0.00739788152014914,"ASV_2919","no_hit","no_hit","no_hit","no_hit","no_hit","no_hit","no_hit"
"2844","ASV_2920",-0.00335337211241039,-0.000940778280412222,-0.00412842338615875,"ASV_2920","no_hit","Dinophyceae","Dinophyceae","Syndiniales","Amoebophryaceae","g_","s_"
"2845","ASV_2921",0.0134648698393188,0.00864123271507047,-0.00141944603699369,"ASV_2921","no_hit","unknown","unknown","unknown","unknown","unknown","uncultured marine eukaryote"
"2846","ASV_2922",0.00382226694118356,-0.0115648083014527,-0.00486920399029097,"ASV_2922","no_hit","Dinophyceae","Dinophyceae","no_hit","no_hit","no_hit","no_hit"
"2847","ASV_2923",0.00329245642911173,-0.0137669571037829,-0.00707424423474607,"ASV_2923","no_hit","no_hit","no_hit","no_hit","no_hit","no_hit","no_hit"
"2848","ASV_2924",-0.000775838922075825,0.00250563615146702,0.00205666544837697,"ASV_2924","no_hit","Euglenozoa","unknown","Diplonemea","unknown","g_","s_"
"2849","ASV_2925",0.0122875148304549,0.00362775049897839,-0.00428122561929174,"ASV_2925","no_hit","no_hit","no_hit","no_hit","no_hit","g_","s_"
"2850","ASV_2926",0.000497641565628529,-0.00651811205796303,-0.00142276550034342,"ASV_2926","no_hit","Dinophyceae","Dinophyceae","Syndiniales","no_hit","no_hit","no_hit"
"2851","ASV_2927",0.0024252846214828,-0.00455404020719627,-0.00296186066882437,"ASV_2927","no_hit","unknown","unknown","unknown","unknown","unknown","s_"
"2852","ASV_2928",-0.00534467046568263,0.00345092661630825,-0.0067228853076355,"ASV_2928","no_hit","Dinophyceae","Dinophyceae","Syndiniales","Amoebophryaceae","g_","s_"
"2853","ASV_2929",0.000439340128123349,-0.00111851053884859,0.000324630417328281,"ASV_2929","no_hit","Ciliophora","Oligohymenophorea","Philasterida","Cinetochilidae","g_","s_"
"2854","ASV_2930",0.000958433556825679,-0.0075055370704601,-0.00223899045004806,"ASV_2930","no_hit","Euglenozoa","unknown","Diplonemea","unknown","g_","s_"
"2855","ASV_2931",0.00271314688719221,-0.00597266605311174,-0.00255982323840655,"ASV_2931","no_hit","Dinophyceae","Dinophyceae","no_hit","no_hit","no_hit","no_hit"
"2856","ASV_2932",0.000142967618554989,-0.00276331941803576,-0.000374876861484391,"ASV_2932","no_hit","Dinophyceae","Dinophyceae","Syndiniales","no_hit","no_hit","no_hit"
"2857","ASV_2934",0.00524082669996008,-0.0149430171611948,-0.00897791466879097,"ASV_2934","no_hit","unknown","unknown","unknown","unknown","g_","s_"
"2858","ASV_2935",0.000789251452928822,8.84280960078983e-05,0.000211014465722649,"ASV_2935","no_hit","Ciliophora","Oligohymenophorea","Apostomatida","Foettingeriidae","g_","s_"
"2859","ASV_2936",0.0146388968682585,0.0101758200843042,-0.00121151741765305,"ASV_2936","no_hit","unknown","unknown","Pirsoniales","unknown","g_","s_"
"2860","ASV_2937",-0.00207659108343838,0.000392247807613255,0.00228505441366778,"ASV_2937","no_hit","no_hit","no_hit","no_hit","no_hit","g_","s_"
"2861","ASV_2938",-0.00173906147903791,0.00222152633177418,-0.00272299268393046,"ASV_2938","no_hit","no_hit","no_hit","no_hit","no_hit","no_hit","no_hit"
"2862","ASV_2939",0.00280692314714582,-0.0187507307155146,-0.00751539355209356,"ASV_2939","no_hit","Dinophyceae","Dinophyceae","Syndiniales","Amoebophryaceae","g_","s_"
"2863","ASV_2941",-0.000675525945663599,0.00269578138571131,0.0021537742146708,"ASV_2941","Metazoa","Chordata","Thaliacea","Doliolida","Doliolidae","Doliolum","s_"
"2864","ASV_2942",0.00398704909895921,0.00110426785878004,-0.00305206193779477,"ASV_2942","no_hit","Dinophyceae","Dinophyceae","Syndiniales","no_hit","no_hit","no_hit"
"2865","ASV_2943",0.000144551980917647,-1.72382665853009e-05,-0.000385799605842584,"ASV_2943","Metazoa","Chordata","Appendicularia","Copelata","Fritillariidae","Fritillaria <tunicates>","s_"
"2866","ASV_2944",0.00557163913183155,-0.0133917159357291,-0.00591976631924893,"ASV_2944","no_hit","Dinophyceae","Dinophyceae","no_hit","no_hit","no_hit","no_hit"
"2867","ASV_2945",-0.000741573425192765,0.000273140624783396,0.00020620211673604,"ASV_2945","no_hit","Dinophyceae","Dinophyceae","Gonyaulacales","Gonyaulacaceae","Alexandrium","no_hit"
"2868","ASV_2946",-0.00250852372672448,-0.00207495477441537,-0.0045865789356454,"ASV_2946","no_hit","no_hit","no_hit","no_hit","no_hit","no_hit","no_hit"
"2869","ASV_2947",0.00482998612310881,-0.00274045068230524,-0.00565752704230302,"ASV_2947","no_hit","no_hit","no_hit","no_hit","no_hit","g_","s_"
"2870","ASV_2948",-0.00253595861735229,-0.00200151733850762,0.00129794624279258,"ASV_2948","Metazoa","Bryozoa","Gymnolaemata","Ctenostomatida","Triticellidae","Triticella","Triticella pedicellata"
"2871","ASV_2949",-0.0037645527933682,-0.00163867084254355,-0.00553124955558044,"ASV_2949","no_hit","Bacillariophyta","Coscinodiscophyceae","Coscinodiscales","Hemidiscaceae","Actinocyclus","Actinocyclus curvatulus"
"2872","ASV_2950",-0.00291815868276415,0.00369572336536597,-0.00635286104029262,"ASV_2950","Metazoa","Chordata","Appendicularia","Copelata","Fritillariidae","Fritillaria <tunicates>","Fritillaria borealis"
"2873","ASV_2951",0.00107251755172362,-0.00644615702804918,-0.00172862686326368,"ASV_2951","no_hit","unknown","Polycystinea","no_hit","no_hit","no_hit","no_hit"
"2874","ASV_2952",0.0111939554779992,-0.00292151672054579,-0.00585788253018604,"ASV_2952","no_hit","Euglenozoa","unknown","Diplonemea","unknown","unknown","s_"
"2875","ASV_2953",-0.00712901926892098,0.00314358134185376,-0.0097270102618733,"ASV_2953","no_hit","Cercozoa","unknown","Cercomonadida","Cercomonadidae","g_","s_"
"2876","ASV_2954",0.00433374251430803,-0.0115793133330911,-0.00767098373103515,"ASV_2954","no_hit","unknown","unknown","unknown","unknown","g_","s_"
"2877","ASV_2955",-0.00184252755705473,-0.000845762404771134,-0.0114590569289198,"ASV_2955","no_hit","unknown","unknown","unknown","unknown","g_","s_"
"2878","ASV_2956",0.00610916252329679,-0.00895719029140925,-0.0049475445923453,"ASV_2956","no_hit","Dinophyceae","Dinophyceae","no_hit","no_hit","no_hit","no_hit"
"2879","ASV_2957",-0.00243330779179215,0.00238421591144981,0.00196131288411539,"ASV_2957","no_hit","Dinophyceae","Dinophyceae","Gonyaulacales","Crypthecodiniaceae","g_","s_"
"2880","ASV_2958",0.0112639649773882,0.00287021461328536,-0.00403690486459473,"ASV_2958","no_hit","Dinophyceae","Dinophyceae","Syndiniales","no_hit","no_hit","s_"
"2881","ASV_2959",-0.00483055702528104,0.00429687440219069,-0.00579800138454456,"ASV_2959","no_hit","Dinophyceae","Dinophyceae","Peridiniales","Protoperidiniaceae","g_","s_"
"2882","ASV_2960",-0.0064612901512614,0.00312525996651512,-0.00547587530763878,"ASV_2960","no_hit","Imbricatea","unknown","Marimonadida","unknown","g_","s_"
"2883","ASV_2961",-0.000902121024169609,0.000477261074684738,0.00152284308469651,"ASV_2961","no_hit","Ciliophora","Spirotrichea","no_hit","no_hit","g_","s_"
"2884","ASV_2962",0.0103730290149608,0.0073564657985417,-0.00051931363976996,"ASV_2962","no_hit","Oomycota","unknown","Lagenidiales","Haliphthoraceae","no_hit","no_hit"
"2885","ASV_2963",-0.00769843383670759,0.00278311204715158,-0.00830012135901626,"ASV_2963","no_hit","Bacillariophyta","Fragilariophyceae","Protoraphidales","Protoraphidaceae","g_","s_"
"2886","ASV_2964",-0.00339329017234888,0.0018746593519313,-0.00343664818808201,"ASV_2964","no_hit","unknown","Bigyra","Thraustochytrida","Thraustochytriaceae","Aplanochytrium","Aplanochytrium kerguelense"
"2887","ASV_2965",0.000269686659214982,-0.00937705353402765,-0.00244972024211133,"ASV_2965","no_hit","unknown","unknown","unknown","unknown","unknown","uncultured marine picoeukaryote"
"2888","ASV_2966",0.00891066409289037,-0.00483519168956243,-0.00466156159047931,"ASV_2966","no_hit","Dinophyceae","Dinophyceae","Syndiniales","Amoebophryaceae","Amoebophrya","s_"
"2889","ASV_2967",0.00721902648357173,0.00471805094122573,-0.00475880094513502,"ASV_2967","no_hit","unknown","unknown","unknown","unknown","g_","s_"
"2890","ASV_2968",0.00839789030619582,-0.0045596708095444,-0.00624747817324729,"ASV_2968","no_hit","Haptophyta","unknown","Prymnesiales","Prymnesiaceae","g_","s_"
"2891","ASV_2969",0.00286196945147655,-0.00315179072901023,-0.00218152509325972,"ASV_2969","no_hit","no_hit","no_hit","no_hit","no_hit","no_hit","no_hit"
"2892","ASV_2970",0.0056529438792337,-0.0105485700125187,-0.00697408725100357,"ASV_2970","no_hit","Dinophyceae","Dinophyceae","Suessiales","Suessiaceae","g_","s_"
"2893","ASV_2971",-0.000433353646584364,0.00206010568203205,0.00185999466292917,"ASV_2971","no_hit","Euglenozoa","unknown","Diplonemea","unknown","unknown","s_"
"2894","ASV_2972",0.0016108229931342,-0.0191491333556534,-0.00776924899317854,"ASV_2972","no_hit","Dinophyceae","Dinophyceae","Syndiniales","Amoebophryaceae","g_","s_"
"2895","ASV_2973",0.0104712051000444,0.00359670346099057,-0.00455218183584894,"ASV_2973","no_hit","Dinophyceae","Dinophyceae","Syndiniales","no_hit","no_hit","s_"
"2896","ASV_2974",-0.000340511791833068,0.00182018919004596,0.00215330639177962,"ASV_2974","no_hit","no_hit","no_hit","no_hit","no_hit","g_","s_"
"2897","ASV_2975",0.00126378086456341,-0.0023593888414931,-0.000781418124762866,"ASV_2975","no_hit","unknown","Raphidophyceae","Chattonellales","no_hit","no_hit","no_hit"
"2898","ASV_2976",0.00701503345326485,0.00671549561916342,-0.00403960009005454,"ASV_2976","no_hit","no_hit","no_hit","no_hit","no_hit","no_hit","no_hit"
"2899","ASV_2977",0.00485797800060175,-0.00920857178872185,-0.00526423438852301,"ASV_2977","no_hit","no_hit","no_hit","no_hit","no_hit","no_hit","no_hit"
"2900","ASV_2978",0.00699289348315239,-0.00296135162475877,-0.00317479641116536,"ASV_2978","Metazoa","Chordata","Actinopteri","Gadiformes","no_hit","no_hit","no_hit"
"2901","ASV_2979",0.000710011804832677,0.00507926541955967,-0.00559807879131393,"ASV_2979","no_hit","Dinophyceae","Dinophyceae","Syndiniales","Amoebophryaceae","g_","s_"
"2902","ASV_2980",-0.00191906622710862,-0.00600293279641889,-0.000530735706169144,"ASV_2980","Metazoa","Chordata","Appendicularia","Copelata","Fritillariidae","Fritillaria <tunicates>","Fritillaria helenae"
"2903","ASV_2981",0.00931812098640345,0.00807018724525941,-0.00188638466269389,"ASV_2981","no_hit","Dinophyceae","Dinophyceae","Syndiniales","Amoebophryaceae","g_","s_"
"2904","ASV_2982",8.30081283411204e-06,0.00600353729613586,0.00296441330841913,"ASV_2982","no_hit","Ciliophora","Spirotrichea","Choreotrichida","Strobilidiidae","g_","s_"
"2905","ASV_2983",0.00184747339010316,-0.000771427812135242,-0.00302858849467837,"ASV_2983","no_hit","Dinophyceae","Dinophyceae","no_hit","no_hit","no_hit","s_"
"2906","ASV_2984",0.00213241173176255,-0.00867784679019038,-0.00267023232949179,"ASV_2984","no_hit","unknown","Polycystinea","no_hit","no_hit","no_hit","no_hit"
"2907","ASV_2985",-0.000732514205212244,0.00502519705393923,0.00306107549144206,"ASV_2985","no_hit","Euglenozoa","unknown","Diplonemea","no_hit","no_hit","no_hit"
"2908","ASV_2986",0.00401000660712372,-0.00562143548610162,-0.00353872334351672,"ASV_2986","no_hit","no_hit","no_hit","no_hit","no_hit","no_hit","s_"
"2909","ASV_2987",0.00666442165934175,0.00431696927252775,-0.000328412385020309,"ASV_2987","no_hit","Dinophyceae","Dinophyceae","Syndiniales","Amoebophryaceae","Amoebophrya","no_hit"
"2910","ASV_2988",-0.000309563674631191,0.00554430467058838,0.00324017694670847,"ASV_2988","Metazoa","Cnidaria","Scyphozoa","Coronatae","Atollidae","Atolla","no_hit"
"2911","ASV_2989",-0.00508039345291012,0.00327817200404046,-0.0121802504515315,"ASV_2989","no_hit","unknown","Bolidophyceae","Parmales","Triparmaceae","Bolidomonas","no_hit"
"2912","ASV_2990",0.0140426763395895,0.0126493423811419,0.000370884710729628,"ASV_2990","Metazoa","Annelida","Polychaeta","unknown","Opheliidae","Travisia","Travisia pupa"
"2913","ASV_2991",-0.00170156698860729,0.00559752787350098,-0.005592519298374,"ASV_2991","no_hit","Dinophyceae","Dinophyceae","Syndiniales","Amoebophryaceae","Amoebophrya","s_"
"2914","ASV_2992",0.0102203899110771,-0.00103315005874613,-0.00440796408845483,"ASV_2992","no_hit","Dinophyceae","Dinophyceae","Syndiniales","Amoebophryaceae","g_","s_"
"2915","ASV_2994",0.00359281872970456,-0.00285993227939172,-0.00361611243660046,"ASV_2994","no_hit","unknown","Bigyra","Nanomonadea","unknown","Solenicola","no_hit"
"2916","ASV_2995",-0.00691246830019216,0.00294544951683914,-0.00522051706718294,"ASV_2995","no_hit","no_hit","no_hit","no_hit","no_hit","no_hit","no_hit"
"2917","ASV_2996",0.0148210599077409,0.0120947956418204,-0.000516881300747571,"ASV_2996","no_hit","no_hit","no_hit","no_hit","no_hit","no_hit","no_hit"
"2918","ASV_2997",-0.00547261434098219,0.00129241765180534,-0.00545756773179665,"ASV_2997","Viridiplantae","Chlorophyta","Mamiellophyceae","Dolichomastigales","Crustomastigaceae","Crustomastix","Crustomastix sp. MBIC10709"
"2919","ASV_2998",0.00327116738926064,-0.00372227984056094,-0.00265273750385421,"ASV_2998","no_hit","no_hit","no_hit","no_hit","no_hit","g_","s_"
"2920","ASV_2999",0.00177534777431413,0.00656310216726797,-0.00409943312125346,"ASV_2999","no_hit","Bacillariophyta","Coscinodiscophyceae","Stephanodiscales","Stephanodiscaceae","Cyclotella","Cyclotella striata"
"2921","ASV_3000",0.00142645228615257,0.00694006444743217,-0.00412336296234526,"ASV_3000","no_hit","Dinophyceae","Dinophyceae","Gymnodiniales","Gymnodiniaceae","Gymnodinium","no_hit"
"2922","ASV_3001",0.0126466017674903,0.0109731215805809,-0.000413544581248722,"ASV_3001","no_hit","Dinophyceae","Dinophyceae","Syndiniales","Amoebophryaceae","g_","s_"
"2923","ASV_3002",0.00912045380417895,0.00566765578818825,-0.000803504511658987,"ASV_3002","no_hit","unknown","Cryptophyceae","Pyrenomonadales","Geminigeraceae","g_","s_"
"2924","ASV_3003",0.00177675313205202,0.00448976272076579,0.000795968402879936,"ASV_3003","no_hit","Dinophyceae","Dinophyceae","no_hit","no_hit","g_","s_"
"2925","ASV_3004",0.00366047360433713,-0.0116943703738796,-0.00499476575936606,"ASV_3004","no_hit","unknown","Choanoflagellata","no_hit","no_hit","no_hit","no_hit"
"2926","ASV_3005",-0.000502987677899737,-0.00898713807458948,-0.00211946029877801,"ASV_3005","no_hit","Dinophyceae","Dinophyceae","Syndiniales","Amoebophryaceae","g_","s_"
"2927","ASV_3006",0.0122980110747928,-0.0056196162048167,-0.00679451611631097,"ASV_3006","no_hit","Dinophyceae","Dinophyceae","Syndiniales","Amoebophryaceae","g_","s_"
"2928","ASV_3007",0.00235797835385261,-0.00285102556327449,-0.00147394899720527,"ASV_3007","no_hit","Dinophyceae","Dinophyceae","no_hit","no_hit","no_hit","no_hit"
"2929","ASV_3008",0.00292125135039831,-0.0100740313942479,-0.00358363098317257,"ASV_3008","no_hit","unknown","Bigyra","Nanomonadea","unknown","Solenicola","s_"
"2930","ASV_3009",-0.00078954046747591,0.00485499553591527,0.00300531643906263,"ASV_3009","no_hit","no_hit","no_hit","no_hit","no_hit","g_","s_"
"2931","ASV_3010",0.00145858581543736,-0.00136528274846028,-0.00190537055975851,"ASV_3010","no_hit","Ciliophora","Oligohymenophorea","Philasterida","Cinetochilidae","g_","s_"
"2932","ASV_3011",0.00326542773299157,-0.0174949532835363,-0.00771697129677006,"ASV_3011","no_hit","no_hit","no_hit","no_hit","no_hit","no_hit","no_hit"
"2933","ASV_3013",0.00938349481464143,-0.00389102560558002,-0.00538161333123998,"ASV_3013","no_hit","Dinophyceae","Dinophyceae","no_hit","no_hit","g_","s_"
"2934","ASV_3014",0.00134261306123409,-0.00234430644929486,-0.000612724468828275,"ASV_3014","no_hit","no_hit","no_hit","no_hit","no_hit","no_hit","no_hit"
"2935","ASV_3015",-0.00570610485690191,0.00349705671842382,-0.00531879920816053,"ASV_3015","no_hit","Cercozoa","Thecofilosea","Cryomonadida","Protaspidae","Cryothecomonas","Cryothecomonas sp. APCC MC5-1Cryo"
"2936","ASV_3016",0.000453289926696362,-0.00715054862498946,-0.00941783113732239,"ASV_3016","no_hit","unknown","unknown","unknown","unknown","unknown","uncultured marine eukaryote"
"2937","ASV_3017",0.0106731628001144,0.00440218774332095,-0.00430259434500435,"ASV_3017","no_hit","Bacillariophyta","Mediophyceae","Hemiaulales","Hemiaulaceae","g_","s_"
"2938","ASV_3018",0.00407010703650958,-0.00951470130780174,-0.00495924391186374,"ASV_3018","no_hit","Dinophyceae","Dinophyceae","Syndiniales","Amoebophryaceae","Amoebophrya","no_hit"
"2939","ASV_3019",0.00131012196526428,-0.00131602944347195,-0.000381813233206548,"ASV_3019","no_hit","Endomyxa","unknown","Vampyrellida","Vampyrellidae","no_hit","s_"
"2940","ASV_3020",0.00369101340366676,0.000806527437842145,-0.00134876849166586,"ASV_3020","no_hit","Dinophyceae","Dinophyceae","Gymnodiniales","Kareniaceae","Takayama","Takayama cf. pulchellum"
"2941","ASV_3021",0.00125447710758964,0.00132805472400512,-7.02363223034923e-05,"ASV_3021","no_hit","Dinophyceae","Dinophyceae","Syndiniales","Amoebophryaceae","g_","s_"
"2942","ASV_3022",-0.00715512797276804,7.36937094787889e-06,-0.0103210879119872,"ASV_3022","no_hit","Bacillariophyta","Bacillariophyceae","Naviculales","no_hit","no_hit","no_hit"
"2943","ASV_3023",-0.00490315274426354,0.00229264353646367,-0.00985249701865702,"ASV_3023","Viridiplantae","Chlorophyta","Pyramimonadophyceae","Pyramimonadales","Pyramimonadaceae","Pterosperma","Pterosperma cristatum"
"2944","ASV_3024",0.00210549323496109,-0.00805368017503209,-0.00323185436161483,"ASV_3024","no_hit","Euglenozoa","unknown","Diplonemea","no_hit","no_hit","no_hit"
"2945","ASV_3025",-0.00986893399455041,0.00544216516393706,-0.00974394801024757,"ASV_3025","unassigned","unassigned","unassigned","unassigned","unassigned","unassigned","unassigned"
"2946","ASV_3026",0.00576163681158476,-0.00864295672128014,-0.00717749957922357,"ASV_3026","no_hit","unknown","unknown","unknown","unknown","unknown","eukaryote clone OLI11261"
"2947","ASV_3027",0.000531022721891351,-0.00311693180531764,0.00024046254500565,"ASV_3027","no_hit","Ciliophora","Oligohymenophorea","Philasterida","Cinetochilidae","g_","s_"
"2948","ASV_3028",0.000743673842238892,-0.00577845558379907,-0.00120995294640165,"ASV_3028","no_hit","Euglenozoa","unknown","Diplonemea","unknown","g_","s_"
"2949","ASV_3029",0.00501136774417588,0.00014172960928859,-0.00164504010129457,"ASV_3029","no_hit","no_hit","no_hit","no_hit","no_hit","g_","s_"
"2950","ASV_3030",0.00698596741774667,-0.00887105916946545,-0.00561549680355355,"ASV_3030","no_hit","unknown","unknown","unknown","unknown","g_","s_"
"2951","ASV_3031",0.000874595062757184,-0.00249221725074063,-0.00107588660322695,"ASV_3031","no_hit","unknown","Polycystinea","no_hit","no_hit","no_hit","no_hit"
"2952","ASV_3032",0.00702906946172083,0.00348707594817223,-0.00258401084614282,"ASV_3032","no_hit","unknown","unknown","unknown","unknown","g_","s_"
"2953","ASV_3033",0.00233119262723143,-0.00704604412769611,-0.00267725279419745,"ASV_3033","no_hit","unknown","unknown","unknown","unknown","unknown","s_"
"2954","ASV_3034",0.00456877375013881,-0.00760359757424417,-0.00355126430537368,"ASV_3034","no_hit","unknown","unknown","unknown","unknown","unknown","uncultured marine picoeukaryote"
"2955","ASV_3035",-0.00131482024964197,0.00223243115457731,-0.00186151766472848,"ASV_3035","no_hit","Dinophyceae","Dinophyceae","Prorocentrales","Prorocentraceae","Prorocentrum","Prorocentrum triestinum"
"2956","ASV_3036",0.00277458611767128,-0.00833755366801014,-0.00307110722626582,"ASV_3036","no_hit","no_hit","no_hit","no_hit","no_hit","g_","s_"
"2957","ASV_3037",0.00620607914895358,0.00488394238660677,-0.00192992032162961,"ASV_3037","no_hit","no_hit","no_hit","no_hit","no_hit","g_","s_"
"2958","ASV_3038",-0.000350832081370439,0.0036314111193329,0.00238752444238255,"ASV_3038","no_hit","no_hit","no_hit","no_hit","no_hit","g_","s_"
"2959","ASV_3039",0.00209672893132695,-0.00452944219951468,-0.00351712754027353,"ASV_3039","no_hit","Dinophyceae","Dinophyceae","Syndiniales","Amoebophryaceae","Amoebophrya","no_hit"
"2960","ASV_3040",-0.00244808732673057,0.000753642874983377,0.00229826112603332,"ASV_3040","Metazoa","Platyhelminthes","Cestoda","Trypanorhyncha","Tentaculariidae","Nybelinia","Nybelinia surmenicola"
"2961","ASV_3041",0.00102827227156296,-0.0119103240706818,-0.00383164937775566,"ASV_3041","no_hit","Dinophyceae","Dinophyceae","Syndiniales","Amoebophryaceae","g_","s_"
"2962","ASV_3042",-0.0011232059375128,0.0016898873313443,-0.00542890743250663,"ASV_3042","no_hit","no_hit","no_hit","no_hit","no_hit","g_","s_"
"2963","ASV_3043",-0.004380493646543,0.00197295381097816,-0.00299014049362727,"ASV_3043","no_hit","Bacillariophyta","Coscinodiscophyceae","Coscinodiscales","Coscinodiscaceae","Coscinodiscus","Coscinodiscus granii"
"2964","ASV_3044",0.00501276368677271,-0.000434792540984194,-0.0044521648411373,"ASV_3044","no_hit","Dinophyceae","Dinophyceae","Syndiniales","Amoebophryaceae","Amoebophrya","s_"
"2965","ASV_3045",-0.000103925072293698,-0.00138724515653956,-0.00523679511756897,"ASV_3045","no_hit","no_hit","no_hit","no_hit","no_hit","no_hit","no_hit"
"2966","ASV_3046",-0.000102823044800919,-0.00918066579826297,-0.00258713413677928,"ASV_3046","no_hit","Picozoa","unknown","unknown","unknown","unknown","Picobiliphyte sp. MS584-11"
"2967","ASV_3047",0.009490405004977,0.00534167981014587,-0.00119287717064436,"ASV_3047","no_hit","Dinophyceae","Dinophyceae","Blastodiniales","unknown","g_","s_"
"2968","ASV_3048",0.0062331802332439,-0.00695853113066859,-0.00479956626892057,"ASV_3048","no_hit","Euglenozoa","unknown","Diplonemea","no_hit","no_hit","s_"
"2969","ASV_3049",0.00230230989873428,-0.00113303558994129,-0.0011571029554147,"ASV_3049","no_hit","Dinophyceae","Dinophyceae","no_hit","no_hit","no_hit","no_hit"
"2970","ASV_3050",-0.0128364702356754,0.00460805300053169,-0.0110784436171948,"ASV_3050","no_hit","Dinophyceae","Dinophyceae","Gymnodiniales","Gymnodiniaceae","no_hit","no_hit"
"2971","ASV_3051",-0.00144164458397187,0.00160358484700088,0.000406221383742836,"ASV_3051","no_hit","Ciliophora","Oligohymenophorea","Pleuronematida","Conchophthiridae","g_","s_"
"2972","ASV_3052",0.0108035555484013,0.00810779985140494,-0.000706855224000978,"ASV_3052","no_hit","Dinophyceae","Dinophyceae","no_hit","no_hit","no_hit","no_hit"
"2973","ASV_3053",0.00577635420216866,0.00283366839444863,-0.00391546528723947,"ASV_3053","no_hit","no_hit","no_hit","no_hit","no_hit","no_hit","no_hit"
"2974","ASV_3054",0.00710514149391973,-0.00938712215305778,-0.00598632926311822,"ASV_3054","no_hit","Ciliophora","no_hit","no_hit","no_hit","no_hit","no_hit"
"2975","ASV_3055",0.000341848954944237,-0.00478119630747357,-0.00117844254388016,"ASV_3055","no_hit","Dinophyceae","Dinophyceae","Gymnodiniales","Kareniaceae","g_","s_"
"2976","ASV_3056",0.00187732542123057,-0.000945292806340507,-0.000106797147204982,"ASV_3056","no_hit","Ciliophora","Oligohymenophorea","Apostomatida","Foettingeriidae","g_","s_"
"2977","ASV_3058",-0.000667031755055386,0.00282270099323763,-0.00234920703514121,"ASV_3058","no_hit","unknown","Chrysophyceae","Chromulinales","Paraphysomonadaceae","Paraphysomonas","s_"
"2978","ASV_3059",0.00310610800160102,-0.00634133238121159,-0.00345519595488854,"ASV_3059","Metazoa","Cnidaria","Hydrozoa","Leptothecata","Eutimidae","Tima","Tima bairdii"
"2979","ASV_3060",-0.00467932589671686,0.00331130226446343,-0.00822241601987958,"ASV_3060","Viridiplantae","Chlorophyta","Mamiellophyceae","Dolichomastigales","Crustomastigaceae","g_","s_"
"2980","ASV_3061",0.000858495660006772,-0.00352826974540132,-0.00489078856390787,"ASV_3061","no_hit","Dinophyceae","Dinophyceae","Syndiniales","Amoebophryaceae","g_","s_"
"2981","ASV_3062",-0.00267755050174574,0.00141528944046644,-0.00108416340653939,"ASV_3062","no_hit","Dinophyceae","Dinophyceae","no_hit","no_hit","g_","s_"
"2982","ASV_3063",-0.00944350610411927,0.00368615183289216,-0.00842326563266088,"ASV_3063","Metazoa","Chaetognatha","Sagittoidea","Aphragmophora","Sagittidae","Sagitta","Sagitta sp. DP-2006"
"2983","ASV_3064",0.00991028449691928,0.00442772900121494,-0.0017539246516172,"ASV_3064","no_hit","Cercozoa","unknown","unknown","unknown","g_","s_"
"2984","ASV_3065",-1.19421265266192e-05,0.00364820491906584,-0.00836727426228554,"ASV_3065","no_hit","unknown","unknown","unknown","unknown","unknown","uncultured marine eukaryote"
"2985","ASV_3066",0.00315816309163528,-0.0132933331647258,-0.00565001430549775,"ASV_3066","no_hit","no_hit","no_hit","no_hit","no_hit","no_hit","no_hit"
"2986","ASV_3067",0.00136605519457913,-0.00279449005228426,-0.000901359112730787,"ASV_3067","no_hit","Dinophyceae","Dinophyceae","no_hit","no_hit","no_hit","s_"
"2987","ASV_3068",-0.00557408349084667,0.00158570774355848,-0.00470769538834435,"ASV_3068","no_hit","Dinophyceae","Dinophyceae","Peridiniales","Protoperidiniaceae","Protoperidinium","Protoperidinium denticulatum"
"2988","ASV_3069",0.00423391860065762,-0.00569771929256739,-0.0034667279136223,"ASV_3069","no_hit","unknown","Choanoflagellata","no_hit","no_hit","no_hit","no_hit"
"2989","ASV_3070",0.00418883912000922,-0.0118648707086296,-0.00530324702140611,"ASV_3070","no_hit","Euglenozoa","unknown","Diplonemea","unknown","g_","s_"
"2990","ASV_3071",0.00183060995188737,-0.00367230930286519,-0.00160474227190866,"ASV_3071","no_hit","Euglenozoa","unknown","Diplonemea","unknown","g_","s_"
"2991","ASV_3072",0.00675086113374946,-0.0135350695517988,-0.00899882774649559,"ASV_3072","no_hit","unknown","unknown","Telonemida","unknown","Telonema","s_"
"2992","ASV_3073",0.00423714779573557,-0.0065491254909958,-0.00755184120852199,"ASV_3073","no_hit","no_hit","no_hit","no_hit","no_hit","g_","s_"
"2993","ASV_3074",1.34412900922512e-05,-0.000452513690868002,0.00164640946477053,"ASV_3074","no_hit","Haptophyta","unknown","Phaeocystales","Phaeocystaceae","g_","s_"
"2994","ASV_3075",0.00173510445031458,-0.00899770676978296,-0.00409066477400311,"ASV_3075","no_hit","Dinophyceae","Dinophyceae","Syndiniales","no_hit","no_hit","s_"
"2995","ASV_3076",0.00206996549869353,0.00180913833966098,-0.00572734725549875,"ASV_3076","no_hit","Dinophyceae","Dinophyceae","no_hit","no_hit","no_hit","no_hit"
"2996","ASV_3077",0.00781476022307941,0.00442875026897004,-0.00486425125035989,"ASV_3077","no_hit","unknown","Bigyra","Thraustochytrida","Thraustochytriaceae","g_","s_"
"2997","ASV_3078",0.000258416591588982,-0.00154309836205678,0.00268295103046136,"ASV_3078","Metazoa","Arthropoda","Hexanauplia","Harpacticoida","Ectinosomatidae","Microsetella","s_"
"2998","ASV_3079",0.003649210424217,-0.0119273816053702,-0.00528390365477704,"ASV_3079","no_hit","Dinophyceae","Dinophyceae","Gymnodiniales","Ceratoperidiniaeceae","g_","s_"
"2999","ASV_3080",0.00205660915118959,0.00339878640263691,0.00067480917017687,"ASV_3080","no_hit","no_hit","no_hit","no_hit","no_hit","g_","s_"
"3000","ASV_3081",0.00294597525299769,-0.0089240527234948,-0.00323102230850081,"ASV_3081","no_hit","no_hit","no_hit","no_hit","no_hit","no_hit","no_hit"
"3001","ASV_3083",0.00519184464409477,-0.00331023460020442,-0.00350615008060481,"ASV_3083","no_hit","Dinophyceae","Dinophyceae","Peridiniales","no_hit","no_hit","s_"
"3002","ASV_3084",-0.00350038722047267,0.00146532459051081,-0.00242260282542615,"ASV_3084","no_hit","unknown","unknown","unknown","unknown","g_","s_"
"3003","ASV_3085",0.0072592566498162,-0.00659077347741514,-0.00863438185647739,"ASV_3085","no_hit","no_hit","no_hit","no_hit","no_hit","no_hit","no_hit"
"3004","ASV_3086",0.00233323956517821,-0.0115301327087566,-0.00393076298903152,"ASV_3086","no_hit","no_hit","no_hit","no_hit","no_hit","no_hit","no_hit"
"3005","ASV_3087",0.0103203207226086,0.00632328222191435,-0.00128137244641599,"ASV_3087","no_hit","Dinophyceae","Dinophyceae","Syndiniales","Amoebophryaceae","g_","s_"
"3006","ASV_3090",0.00755990243401322,0.00644614632701541,-9.86124405820359e-05,"ASV_3090","Metazoa","Cnidaria","Scyphozoa","Semaeostomeae","Ulmaridae","Phacellophora","Phacellophora camtschatica"
"3007","ASV_3091",0.0124809360861158,0.000528160055493198,-0.00429244610373829,"ASV_3091","no_hit","unknown","unknown","Telonemida","unknown","g_","s_"
"3008","ASV_3092",0.00626546276624458,-0.00601560793450608,-0.00441406264423275,"ASV_3092","no_hit","unknown","unknown","unknown","unknown","unknown","eukaryote clone OLI11261"
"3009","ASV_3093",-0.000105456795224791,-0.00895221283220698,-0.00456251699903916,"ASV_3093","no_hit","Dinophyceae","Dinophyceae","Syndiniales","Duboscquellidae","g_","s_"
"3010","ASV_3094",-0.0107778608167199,0.0035824823612006,-0.00921232772989217,"ASV_3094","no_hit","Ciliophora","Spirotrichea","unknown","Strombidiidae","no_hit","s_"
"3011","ASV_3095",0.00681596332214432,-0.0111613957637281,-0.00652176050591445,"ASV_3095","no_hit","unknown","unknown","unknown","unknown","g_","s_"
"3012","ASV_3096",0.00124258470730106,-0.0035248817924997,-0.00123430091097242,"ASV_3096","no_hit","Dinophyceae","Dinophyceae","Syndiniales","Amoebophryaceae","g_","s_"
"3013","ASV_3097",0.00356929870880178,0.00300207943930125,-0.00148110649887688,"ASV_3097","no_hit","Dinophyceae","Dinophyceae","no_hit","no_hit","no_hit","no_hit"
"3014","ASV_3098",0.000672843629693434,-0.00358406061618028,-0.000861241033520342,"ASV_3098","no_hit","Dinophyceae","Dinophyceae","Gymnodiniales","Kareniaceae","Karlodinium","no_hit"
"3015","ASV_3099",0.000911419986094119,-0.00701855094712465,-0.00196264701283997,"ASV_3099","no_hit","no_hit","no_hit","no_hit","no_hit","no_hit","no_hit"
"3016","ASV_3100",-0.00394885154592003,0.00247619220178708,-0.00348853747853695,"ASV_3100","no_hit","Dinophyceae","Dinophyceae","no_hit","no_hit","no_hit","no_hit"
"3017","ASV_3101",-0.00459320474911724,0.000771783694139795,-0.00400135693614676,"ASV_3101","no_hit","Dinophyceae","Dinophyceae","no_hit","no_hit","no_hit","no_hit"
"3018","ASV_3102",0.0030281456551745,-0.0113361913168471,-0.00484343297310839,"ASV_3102","no_hit","Dinophyceae","Dinophyceae","Syndiniales","Amoebophryaceae","g_","s_"
"3019","ASV_3103",-0.00025369880926199,0.00379679566306143,-0.00582519563094741,"ASV_3103","no_hit","unknown","unknown","unknown","unknown","g_","s_"
"3020","ASV_3104",0.00299544310181193,-0.00518200334595195,-0.00265998682588158,"ASV_3104","no_hit","unknown","unknown","unknown","unknown","g_","s_"
"3021","ASV_3105",0.00375992335016582,-0.00551435775333381,-0.00659862678794039,"ASV_3105","no_hit","no_hit","no_hit","no_hit","no_hit","g_","s_"
"3022","ASV_3106",-0.00382047386336987,0.00101323090131648,-0.00712065037225532,"ASV_3106","no_hit","Dinophyceae","Dinophyceae","Syndiniales","Amoebophryaceae","Amoebophrya","s_"
"3023","ASV_3107",-0.00080365091825603,-0.000670136554885892,0.000866234387299671,"ASV_3107","no_hit","Dinophyceae","Dinophyceae","Syndiniales","no_hit","no_hit","no_hit"
"3024","ASV_3108",-0.000331207621924397,-0.0025779297821432,-8.58691679983962e-05,"ASV_3108","no_hit","Euglenozoa","unknown","Diplonemea","unknown","g_","s_"
"3025","ASV_3109",-0.000436578254202261,-0.00142044245316715,0.000535425482472737,"ASV_3109","no_hit","no_hit","no_hit","no_hit","no_hit","g_","s_"
"3026","ASV_3110",0.000304815725173831,0.00115079431670466,0.000892280922776108,"ASV_3110","no_hit","Dinophyceae","Dinophyceae","no_hit","no_hit","no_hit","no_hit"
"3027","ASV_3111",0.00311250536559059,-0.000989098731241863,-0.00112720645197172,"ASV_3111","no_hit","Euglenozoa","unknown","Diplonemea","no_hit","no_hit","no_hit"
"3028","ASV_3112",0.000316590273044153,-0.00626921971464144,-0.00194071000782626,"ASV_3112","no_hit","unknown","Polycystinea","Nassellaria","Artostrobiidae","g_","s_"
"3029","ASV_3113",0.00119071581771712,0.00474665855219632,0.00226670640171092,"ASV_3113","no_hit","Ciliophora","Oligohymenophorea","Philasterida","Cinetochilidae","g_","s_"
"3030","ASV_3114",0.00315916875167964,-0.00144113761113238,-0.00114023366680121,"ASV_3114","Metazoa","Arthropoda","Malacostraca","Cumacea","Leuconidae","Eudorella","s_"
"3031","ASV_3115",0.0055628992320676,-0.00151167624123156,-0.00294442999472671,"ASV_3115","no_hit","Dinophyceae","Dinophyceae","Syndiniales","Amoebophryaceae","Amoebophrya","s_"
"3032","ASV_3116",0.00202677310810848,-0.0159054728363098,-0.00586520629185589,"ASV_3116","no_hit","Ciliophora","Colpodea","unknown","unknown","g_","s_"
"3033","ASV_3117",0.00486143900441184,-0.0105312997949413,-0.00625140616804543,"ASV_3117","no_hit","unknown","Chrysophyceae","unknown","unknown","g_","s_"
"3034","ASV_3118",0.0122562702479002,0.00464723042930044,-0.00383501088959465,"ASV_3118","no_hit","Cercozoa","Thecofilosea","unknown","unknown","g_","s_"
"3035","ASV_3119",0.00436354089222486,-0.0178435500319943,-0.00724258542417003,"ASV_3119","no_hit","Bacillariophyta","Bacillariophyceae","Mastogloiales","Achnanthaceae","g_","s_"
"3036","ASV_3120",0.00399111576237892,-0.00272611006574939,-0.00732130939960051,"ASV_3120","no_hit","Dinophyceae","Dinophyceae","Syndiniales","Amoebophryaceae","Amoebophrya","no_hit"
"3037","ASV_3121",0.00673068587973905,-0.0083995695102084,-0.00540055688882991,"ASV_3121","no_hit","Dinophyceae","Dinophyceae","Syndiniales","Amoebophryaceae","g_","s_"
"3038","ASV_3122",-0.000820319037249715,0.000550166703669223,0.00096959214795527,"ASV_3122","no_hit","Euglenozoa","unknown","Diplonemea","no_hit","no_hit","s_"
"3039","ASV_3123",0.000236820517742213,0.00142825258438034,0.00129584885492109,"ASV_3123","Metazoa","Chordata","Appendicularia","Copelata","Oikopleuridae","no_hit","no_hit"
"3040","ASV_3124",-0.00261139810278108,-0.00061084128916894,-0.00610225984012813,"ASV_3124","no_hit","Bacillariophyta","Bacillariophyceae","Naviculales","Sellaphoraceae","Sellaphora","no_hit"
"3041","ASV_3125",0.00262014469428913,0.00319231729819867,0.000787110048199628,"ASV_3125","no_hit","Dinophyceae","Dinophyceae","Peridiniales","no_hit","g_","s_"
"3042","ASV_3126",0.00512520685300725,-0.000944204030404809,-0.00176655713076403,"ASV_3126","no_hit","Dinophyceae","Dinophyceae","Peridiniales","Diplopsaliaceae","g_","s_"
"3043","ASV_3128",-0.000796199827534962,0.00181217804735656,0.00138436849362496,"ASV_3128","no_hit","Dinophyceae","Dinophyceae","Gymnodiniales","Ceratoperidiniaeceae","g_","s_"
"3044","ASV_3129",0.000393359363494837,-0.000253348011296591,-0.00723212732043727,"ASV_3129","no_hit","no_hit","no_hit","no_hit","no_hit","g_","s_"
"3045","ASV_3130",-0.00318348335217288,0.00116902526847767,-0.0115200022634847,"ASV_3130","no_hit","unknown","Bigyra","Thraustochytrida","Thraustochytriaceae","g_","s_"
"3046","ASV_3131",0.00373263499682515,-0.00595730099200756,-0.00293705169297585,"ASV_3131","no_hit","unknown","unknown","unknown","unknown","g_","s_"
"3047","ASV_3132",-0.0023576975993195,0.000620486501008701,-0.00103828931841369,"ASV_3132","no_hit","Dinophyceae","Dinophyceae","Gonyaulacales","Gonyaulacaceae","Alexandrium","no_hit"
"3048","ASV_3133",0.00052312248565752,0.00178071555231334,-0.000721021614658416,"ASV_3133","Viridiplantae","Chlorophyta","Mamiellophyceae","Mamiellales","Bathycoccaceae","Bathycoccus","Bathycoccus prasinos"
"3049","ASV_3134",-0.00151806058927562,-0.00286700385734954,-0.00264101166209206,"ASV_3134","no_hit","Bacillariophyta","Coscinodiscophyceae","Chaetocerotales","Chaetocerotaceae","Chaetoceros","Chaetoceros sp. UNC1414"
"3050","ASV_3135",0.00762664198661114,0.0081340276892599,-0.00248463508110308,"ASV_3135","no_hit","Dinophyceae","Dinophyceae","Syndiniales","Amoebophryaceae","g_","s_"
"3051","ASV_3136",0.00641020108223667,0.000765546400820702,-0.00226941252984482,"ASV_3136","no_hit","Dinophyceae","Dinophyceae","Syndiniales","Amoebophryaceae","Amoebophrya","s_"
"3052","ASV_3137",0.000923342709873197,-0.00187519379595482,-0.000723347828544693,"ASV_3137","no_hit","no_hit","no_hit","no_hit","no_hit","no_hit","no_hit"
"3053","ASV_3138",-0.00559868337048543,0.00216938183046655,-0.00399849278096163,"ASV_3138","no_hit","Dinophyceae","Dinophyceae","Gonyaulacales","Gonyaulacaceae","Spiniferites","Spiniferites ramosus"
"3054","ASV_3139",-0.00799326054034506,0.00305712415024205,-0.0061937100984305,"ASV_3139","no_hit","Dinophyceae","Dinophyceae","Gonyaulacales","Gonyaulacaceae","Spiniferites","Spiniferites ramosus"
"3055","ASV_3140",-8.07550271616285e-05,0.00259002678164793,0.00160101091954759,"ASV_3140","no_hit","Dinophyceae","Dinophyceae","Peridiniales","no_hit","no_hit","no_hit"
"3056","ASV_3141",0.00440199379433965,-0.00954720610168042,-0.00810416047651605,"ASV_3141","no_hit","unknown","unknown","unknown","unknown","g_","s_"
"3057","ASV_3142",0.00214833248891686,0.00265779005468592,-0.00106144392709967,"ASV_3142","no_hit","no_hit","no_hit","no_hit","no_hit","no_hit","no_hit"
"3058","ASV_3143",0.00175302844897976,-0.00366893441064407,-0.00461071089866712,"ASV_3143","no_hit","Dinophyceae","Dinophyceae","no_hit","no_hit","no_hit","no_hit"
"3059","ASV_3144",0.00376794418363822,-0.00515246422316866,-0.00471701107346248,"ASV_3144","no_hit","no_hit","no_hit","no_hit","no_hit","no_hit","no_hit"
"3060","ASV_3145",0.0101040680055753,0.0083444489920856,-0.00215312486544772,"ASV_3145","Viridiplantae","Chlorophyta","Pyramimonadophyceae","Pyramimonadales","Pyramimonadaceae","g_","s_"
"3061","ASV_3146",-0.00139315714971104,0.00370394505117207,0.00273744567559324,"ASV_3146","no_hit","Dinophyceae","Dinophyceae","no_hit","no_hit","g_","s_"
"3062","ASV_3147",0.00905850938503712,-0.00110866453322038,-0.00429787621067406,"ASV_3147","no_hit","unknown","unknown","unknown","unknown","g_","s_"
"3063","ASV_3148",0.00751401378164777,-0.00311056849603787,-0.00470593312872758,"ASV_3148","no_hit","unknown","Chrysophyceae","Chromulinales","Dinobryaceae","g_","s_"
"3064","ASV_3149",0.000447652348256678,-0.00399806758886372,-0.0006883476209474,"ASV_3149","no_hit","Dinophyceae","Dinophyceae","Syndiniales","Amoebophryaceae","g_","s_"
"3065","ASV_3150",0.00165426364802014,0.00162432591178255,-0.00108543840850459,"ASV_3150","no_hit","Bacillariophyta","no_hit","no_hit","no_hit","no_hit","no_hit"
"3066","ASV_3151",0.0116315818248795,0.00812957718370905,-0.00124957988555866,"ASV_3151","no_hit","unknown","unknown","Pirsoniales","unknown","g_","s_"
"3067","ASV_3152",0.0024623416492701,-0.0169074076809827,-0.00623940396578572,"ASV_3152","no_hit","no_hit","no_hit","no_hit","no_hit","no_hit","s_"
"3068","ASV_3153",0.00405217819979744,-0.0120364903452517,-0.00696262632305867,"ASV_3153","no_hit","no_hit","no_hit","no_hit","no_hit","no_hit","no_hit"
"3069","ASV_3154",-0.0041851787294158,0.00360837309045687,-0.00472025125020071,"ASV_3154","no_hit","unknown","unknown","unknown","unknown","g_","s_"
"3070","ASV_3155",-0.00647931290271327,0.00260240970304976,-0.00529379903212535,"ASV_3155","no_hit","Dinophyceae","Dinophyceae","Gonyaulacales","Gonyaulacaceae","Spiniferites","Spiniferites ramosus"
"3071","ASV_3156",0.00295989563380307,-0.00399614803068513,-0.002893341861025,"ASV_3156","no_hit","Dinophyceae","Dinophyceae","Blastodiniales","unknown","Blastodinium","s_"
"3072","ASV_3157",-7.56960494043979e-05,-0.00570612739461151,-0.00126360546495237,"ASV_3157","no_hit","Euglenozoa","unknown","Diplonemea","no_hit","g_","s_"
"3073","ASV_3158",0.00645391438979461,-0.00840969025326542,-0.00563823409812712,"ASV_3158","no_hit","no_hit","no_hit","no_hit","no_hit","g_","s_"
"3074","ASV_3159",0.00108789726433597,0.00198480530449204,0.000437056685686654,"ASV_3159","no_hit","Apicomplexa","Conoidasida","Eucoccidiorida","Dactylosomatidae","no_hit","s_"
"3075","ASV_3160",-0.00164630480489472,0.000399990546446604,0.000373812112357475,"ASV_3160","no_hit","no_hit","no_hit","no_hit","no_hit","g_","s_"
"3076","ASV_3161",0.0107382296313959,0.00943288406052452,0.00035776598413103,"ASV_3161","Metazoa","Annelida","Polychaeta","Terebellida","Terebellidae","no_hit","s_"
"3077","ASV_3162",-0.000805471060336171,0.00133254195906278,0.00200531862717435,"ASV_3162","Metazoa","Arthropoda","Ostracoda","Halocyprida","Halocyprididae","g_","s_"
"3078","ASV_3163",0.00788699309352981,-0.0128943350043234,-0.00718729289505369,"ASV_3163","no_hit","no_hit","no_hit","no_hit","no_hit","g_","s_"
"3079","ASV_3164",0.00264970508723842,1.71589475826335e-05,-0.000443155194105506,"ASV_3164","no_hit","Dinophyceae","Dinophyceae","no_hit","no_hit","no_hit","no_hit"
"3080","ASV_3165",0.00451244524056334,-0.00440202100344812,-0.00288290933077524,"ASV_3165","no_hit","Dinophyceae","Dinophyceae","no_hit","no_hit","no_hit","no_hit"
"3081","ASV_3166",0.00279330376114485,0.00959527676017523,-0.00559344028790822,"ASV_3166","no_hit","Dinophyceae","Dinophyceae","Syndiniales","no_hit","g_","s_"
"3082","ASV_3167",0.00670391013189875,-0.00892509832297238,-0.00523715549649444,"ASV_3167","no_hit","Bacillariophyta","Fragilariophyceae","no_hit","no_hit","no_hit","s_"
"3083","ASV_3168",0.00794207383976375,0.00672750144904614,-0.00119801503400676,"ASV_3168","no_hit","no_hit","no_hit","no_hit","no_hit","no_hit","s_"
"3084","ASV_3169",-0.00845165159590425,0.000324776082876938,-0.0112813977457827,"ASV_3169","no_hit","Dinophyceae","Dinophyceae","no_hit","no_hit","no_hit","no_hit"
"3085","ASV_3170",0.00529440194997766,0.00239691651801043,-0.00443952313099509,"ASV_3170","no_hit","no_hit","no_hit","no_hit","no_hit","no_hit","no_hit"
"3086","ASV_3171",0.000937311307839465,-0.00620353811456882,-0.00202001589351929,"ASV_3171","no_hit","Euglenozoa","unknown","Diplonemea","unknown","g_","s_"
"3087","ASV_3172",0.00138329892157786,0.0021770951566458,9.22934150034615e-05,"ASV_3172","no_hit","Euglenozoa","unknown","Diplonemea","unknown","unknown","s_"
"3088","ASV_3173",0.00044700913067841,-0.00164033936972181,0.000630326725077714,"ASV_3173","no_hit","no_hit","no_hit","no_hit","no_hit","g_","s_"
"3089","ASV_3174",0.0035271688179352,-0.000487628597526341,-0.000955065147400643,"ASV_3174","no_hit","no_hit","no_hit","no_hit","no_hit","no_hit","no_hit"
"3090","ASV_3175",0.00356337360862797,-0.00223500576152115,-0.0100904919590208,"ASV_3175","no_hit","unknown","unknown","unknown","unknown","g_","s_"
"3091","ASV_3176",-0.000326899825188864,-0.00196481082873697,0.000128170801570108,"ASV_3176","no_hit","Dinophyceae","Dinophyceae","Syndiniales","no_hit","no_hit","no_hit"
"3092","ASV_3177",0.00276283511165658,-0.0116126168106367,-0.00462900007865804,"ASV_3177","no_hit","no_hit","no_hit","no_hit","no_hit","no_hit","no_hit"
"3093","ASV_3178",0.00272541453332945,-0.00955023064137116,-0.00470260634258184,"ASV_3178","no_hit","unknown","unknown","unknown","unknown","unknown","uncultured marine eukaryote"
"3094","ASV_3179",-0.00168122760412687,-0.000164437819018428,0.000543851606293516,"ASV_3179","Metazoa","Arthropoda","Malacostraca","Euphausiacea","Euphausiidae","no_hit","no_hit"
"3095","ASV_3180",0.00498257096014904,0.00206262955988795,-0.000523480943226543,"ASV_3180","no_hit","Dinophyceae","Dinophyceae","Syndiniales","Amoebophryaceae","g_","s_"
"3096","ASV_3181",0.00565905634802175,-0.00365902899172228,-0.00415993518744579,"ASV_3181","no_hit","Dinophyceae","Dinophyceae","no_hit","no_hit","no_hit","no_hit"
"3097","ASV_3182",0.00569726503736648,-0.000582823027667472,-0.00535097713052804,"ASV_3182","no_hit","no_hit","no_hit","no_hit","no_hit","no_hit","s_"
"3098","ASV_3183",-0.000783135308414359,0.00334968964298398,0.00233725813498208,"ASV_3183","no_hit","Euglenozoa","unknown","Diplonemea","unknown","g_","s_"
"3099","ASV_3184",0.00203424271303498,-0.00619557819929927,-0.00262871450603843,"ASV_3184","no_hit","no_hit","no_hit","no_hit","no_hit","g_","s_"
"3100","ASV_3185",-0.000416394537073383,-0.000136758063636689,0.000915626587804164,"ASV_3185","no_hit","Euglenozoa","unknown","Diplonemea","no_hit","no_hit","s_"
"3101","ASV_3186",-9.15151122888395e-05,-0.00165646634624783,0.0003226432448968,"ASV_3186","no_hit","unknown","unknown","unknown","unknown","unknown","s_"
"3102","ASV_3187",0.00689244179411086,0.00958904401487609,-0.00433663235820692,"ASV_3187","no_hit","unknown","Cryptophyceae","Pyrenomonadales","Pyrenomonadaceae","g_","s_"
"3103","ASV_3188",-0.00647188951586147,0.00189022366836473,-0.00440374928366738,"ASV_3188","no_hit","Ciliophora","Spirotrichea","unknown","Strombidiidae","Strombidium","Strombidium sp. SNB99-2"
"3104","ASV_3189",0.0090015299822332,0.00417585786911671,-0.00193670743533972,"ASV_3189","no_hit","Dinophyceae","Dinophyceae","Gymnodiniales","Tovelliaceae","g_","s_"
"3105","ASV_3190",0.000637784458250798,0.00307066604383085,-0.00488112426317459,"ASV_3190","no_hit","Cercozoa","Chlorarachniophyceae","unknown","unknown","Minorisa","Minorisa sp. SRT710"
"3106","ASV_3191",-0.00028703448119195,0.000369151521422013,0.00102623480895642,"ASV_3191","Metazoa","Chordata","Thaliacea","Salpida","Salpidae","unknown","Salpidae gen. nov. sp. nov. A AG-2011"
"3107","ASV_3192",-0.00101682541593884,0.00418555137985799,-0.00662920386298198,"ASV_3192","no_hit","unknown","unknown","unknown","unknown","unknown","uncultured marine eukaryote"
"3108","ASV_3193",0.00400310496999287,-0.00677725845142444,-0.00452991133412902,"ASV_3193","no_hit","Dinophyceae","Dinophyceae","Syndiniales","Amoebophryaceae","g_","s_"
"3109","ASV_3194",0.00487420755406135,-0.0121708621913695,-0.00622200448022442,"ASV_3194","no_hit","Dinophyceae","Dinophyceae","Syndiniales","no_hit","g_","s_"
"3110","ASV_3195",-0.000908285336172362,0.00472076291984222,0.00292745935700581,"ASV_3195","no_hit","unknown","Polycystinea","Spumellaria","Rhizosphaeridae","g_","s_"
"3111","ASV_3196",-1.83901712202127e-06,0.0019864247566775,-0.00387762078778757,"ASV_3196","no_hit","Dinophyceae","Dinophyceae","Syndiniales","Amoebophryaceae","g_","s_"
"3112","ASV_3197",-0.00495346473707238,0.00327735950185989,-0.00564933486648783,"ASV_3197","no_hit","Dinophyceae","Dinophyceae","Gymnodiniales","Gymnodiniaceae","Gyrodinium","s_"
"3113","ASV_3198",0.00130357830628975,-0.00324568528211048,-0.00801369405461586,"ASV_3198","no_hit","no_hit","no_hit","no_hit","no_hit","no_hit","no_hit"
"3114","ASV_3199",0.00531612126051,-0.00968677400742349,-0.00550097371979301,"ASV_3199","no_hit","Euglenozoa","unknown","Diplonemea","unknown","g_","s_"
"3115","ASV_3200",0.00516892010380459,-0.0141275279340565,-0.00698836701013949,"ASV_3200","no_hit","unknown","unknown","unknown","unknown","unknown","s_"
"3116","ASV_3201",-0.00261586436947524,0.000670820357367564,-0.000922509323229882,"ASV_3201","no_hit","Dinophyceae","Dinophyceae","Peridiniales","Protoperidiniaceae","Protoperidinium","Protoperidinium punctulatum"
"3117","ASV_3202",-0.00657935941467833,0.00471335361927787,-0.0101575141989885,"ASV_3202","no_hit","unknown","Bigyra","Oblongichytrida","unknown","Oblongichytrium","no_hit"
"3118","ASV_3203",0.00563015077609558,-0.00427456050466838,-0.0044274121748169,"ASV_3203","no_hit","Dinophyceae","Dinophyceae","Syndiniales","Amoebophryaceae","g_","s_"
"3119","ASV_3204",0.00991440502607077,0.00272924666951557,-0.00334701011092185,"ASV_3204","no_hit","Dinophyceae","Dinophyceae","Prorocentrales","Prorocentraceae","g_","s_"
"3120","ASV_3205",-0.000844199434179038,0.00179104088253363,0.00198302752618462,"ASV_3205","Metazoa","Arthropoda","Ostracoda","Halocyprida","Halocyprididae","g_","s_"
"3121","ASV_3206",-0.00824797565873024,0.00477345714044392,-0.0130429961382413,"ASV_3206","no_hit","Haptophyta","no_hit","no_hit","no_hit","no_hit","no_hit"
"3122","ASV_3207",-0.000662879638892836,0.00186816625964904,0.00176865027059618,"ASV_3207","no_hit","no_hit","no_hit","no_hit","no_hit","g_","s_"
"3123","ASV_3208",0.00680201240256852,-0.00924339826042877,-0.00722086514058647,"ASV_3208","no_hit","no_hit","no_hit","no_hit","no_hit","no_hit","no_hit"
"3124","ASV_3209",-0.00554131705276972,0.00218995093664985,-0.00460566192418699,"ASV_3209","no_hit","unknown","Cryptophyceae","Pyrenomonadales","Geminigeraceae","g_","s_"
"3125","ASV_3210",0.00267747798166198,-0.0067200215421124,-0.00362885604217221,"ASV_3210","no_hit","Euglenozoa","unknown","Diplonemea","unknown","g_","s_"
"3126","ASV_3211",0.000214495176562553,-0.0092243222940861,-0.00267047289167913,"ASV_3211","no_hit","Euglenozoa","unknown","Diplonemea","unknown","g_","s_"
"3127","ASV_3212",0.00795988410064047,-0.00685669641342772,-0.00547743905906601,"ASV_3212","no_hit","unknown","unknown","unknown","unknown","g_","s_"
"3128","ASV_3213",0.00214379845163825,-0.00546371351711352,-0.00284533240893876,"ASV_3213","no_hit","unknown","unknown","unknown","unknown","g_","s_"
"3129","ASV_3214",-0.00223564259308305,0.00640234956894273,-0.00849578654487174,"ASV_3214","no_hit","Dinophyceae","Dinophyceae","Syndiniales","Amoebophryaceae","Amoebophrya","no_hit"
"3130","ASV_3215",0.00332205700339174,-0.00568494183265121,-0.00449989659194826,"ASV_3215","no_hit","Ciliophora","Oligohymenophorea","Philasterida","Cinetochilidae","g_","s_"
"3131","ASV_3216",0.00197033400366244,-0.00860549915724849,-0.0025732053884624,"ASV_3216","no_hit","Dinophyceae","Dinophyceae","Syndiniales","Syndiniaceae","g_","s_"
"3132","ASV_3217",0.000469104941217486,-0.00301808363717942,-0.00103264490029333,"ASV_3217","no_hit","Dinophyceae","Dinophyceae","Syndiniales","no_hit","no_hit","s_"
"3133","ASV_3218",0.000114741367809257,-0.00199373418637447,-0.00301362712899227,"ASV_3218","no_hit","unknown","Pelagophyceae","unknown","unknown","unknown","Coccoid pelagophyte CCMP1395"
"3134","ASV_3219",-0.00248272653060875,-0.0048870919498466,-0.00951813864727187,"ASV_3219","no_hit","Bacillariophyta","Coscinodiscophyceae","Thalassiosirales","Skeletonemataceae","Skeletonema","no_hit"
"3135","ASV_3221",-0.000496958539808107,9.23251350730859e-05,0.00132706701543177,"ASV_3221","no_hit","Imbricatea","unknown","Thaumatomonadida","Thaumatomastigidae","Protaspis","s_"
"3136","ASV_3222",0.00747756583803136,-0.00746042342634564,-0.00710669908839561,"ASV_3222","no_hit","Dinophyceae","Dinophyceae","Syndiniales","no_hit","g_","s_"
"3137","ASV_3223",0.00775303133817753,0.00230554190787755,-0.00769181427232158,"ASV_3223","no_hit","Dinophyceae","Dinophyceae","Syndiniales","no_hit","g_","s_"
"3138","ASV_3224",-0.00677566491100502,0.00296306999646611,-0.00876289646083953,"ASV_3224","no_hit","Ciliophora","Spirotrichea","no_hit","no_hit","no_hit","no_hit"
"3139","ASV_3225",-0.00222866812688645,0.00142724694343005,-0.00151986025648812,"ASV_3225","no_hit","Dinophyceae","Dinophyceae","Syndiniales","Amoebophryaceae","Amoebophrya","no_hit"
"3140","ASV_3226",0.0047010528632793,-0.00374326653882729,-0.00361902620033118,"ASV_3226","no_hit","unknown","unknown","unknown","unknown","unknown","Uncultured marine alveolate Group II DH147-EKD6"
"3141","ASV_3227",-0.00230130578853061,0.00173893495698404,-0.00279213828450239,"ASV_3227","no_hit","Dinophyceae","Dinophyceae","Syndiniales","no_hit","g_","s_"
"3142","ASV_3228",0.00564658396026578,0.00264277999915671,-0.0017913118401977,"ASV_3228","no_hit","no_hit","no_hit","no_hit","no_hit","g_","s_"
"3143","ASV_3229",0.00373525174233956,-0.00559252648233657,-0.00349173259579506,"ASV_3229","no_hit","Euglenozoa","unknown","Diplonemea","no_hit","no_hit","no_hit"
"3144","ASV_3230",-0.00439381057727093,0.0015951755055059,-0.00277056179370038,"ASV_3230","no_hit","Dinophyceae","Dinophyceae","Dinophysiales","Dinophysiaceae","Dinophysis","Dinophysis acuminata"
"3145","ASV_3231",0.00458507449703981,0.00032466331262099,-0.00229411821105454,"ASV_3231","no_hit","no_hit","no_hit","no_hit","no_hit","g_","s_"
"3146","ASV_3232",0.000541304635124248,-0.00740087831599822,-0.00152721104183935,"ASV_3232","no_hit","no_hit","no_hit","no_hit","no_hit","no_hit","s_"
"3147","ASV_3233",-0.000683584799050865,0.0019503974175515,0.00184440561186128,"ASV_3233","no_hit","Euglenozoa","unknown","Diplonemea","unknown","unknown","s_"
"3148","ASV_3234",0.0110244200634636,-0.00112069290814186,-0.00518309984279243,"ASV_3234","no_hit","unknown","unknown","unknown","unknown","g_","s_"
"3149","ASV_3235",-0.00395732754275765,0.00401877764935581,-0.00727770098649554,"ASV_3235","no_hit","no_hit","no_hit","no_hit","no_hit","no_hit","no_hit"
"3150","ASV_3236",0.00249932735971544,-0.00601659609284045,-0.00266870414552381,"ASV_3236","no_hit","Dinophyceae","Dinophyceae","Gymnodiniales","Gymnodiniaceae","g_","s_"
"3151","ASV_3237",-0.00428888146338908,0.00226251106062766,-0.00501000873422213,"ASV_3237","no_hit","no_hit","no_hit","no_hit","no_hit","g_","s_"
"3152","ASV_3238",0.00453540659959285,0.00642193275297979,-0.00495982869581639,"ASV_3238","no_hit","Dinophyceae","Dinophyceae","Syndiniales","Amoebophryaceae","g_","s_"
"3153","ASV_3239",0.003870554533852,0.000916153171067328,-0.00558030020109683,"ASV_3239","no_hit","Bacillariophyta","Coscinodiscophyceae","Melosirales","Stephanopyxidaceae","g_","s_"
"3154","ASV_3240",-0.0014538491991911,0.00270143735929864,-0.00691264557723898,"ASV_3240","no_hit","no_hit","no_hit","no_hit","no_hit","no_hit","no_hit"
"3155","ASV_3241",0.00380578260383968,-0.00307789636577571,-0.00364083808421502,"ASV_3241","no_hit","no_hit","no_hit","no_hit","no_hit","g_","s_"
"3156","ASV_3242",0.00923506733607876,0.00758128756813818,-0.000695504412261699,"ASV_3242","no_hit","unknown","unknown","unknown","unknown","unknown","s_"
"3157","ASV_3243",0.00925706588075368,0.00409990004197363,-0.000612614570926176,"ASV_3243","no_hit","Ciliophora","Spirotrichea","Urostylida","Holostichidae","g_","s_"
"3158","ASV_3244",0.00122897753928976,-0.00909334252581748,-0.00308092930053599,"ASV_3244","no_hit","Dinophyceae","Dinophyceae","Syndiniales","Ellobiopsidae","Ellobiopsis","s_"
"3159","ASV_3245",0.00301410156123677,-0.00331492120733405,-0.00198659132996867,"ASV_3245","no_hit","Dinophyceae","Dinophyceae","Syndiniales","Amoebophryaceae","g_","s_"
"3160","ASV_3246",0.00485566399398523,-0.00578609535370508,-0.00374674146492433,"ASV_3246","no_hit","unknown","unknown","unknown","unknown","g_","s_"
"3161","ASV_3247",7.87346704106598e-05,-0.00466791655643105,-0.000928230235425062,"ASV_3247","no_hit","Dinophyceae","Dinophyceae","Gymnodiniales","Kareniaceae","g_","s_"
"3162","ASV_3248",-0.000461194695210455,0.00262880395155469,0.00203195233902022,"ASV_3248","Metazoa","Cnidaria","Hydrozoa","Trachymedusae","Halicreatidae","Haliscera","Haliscera conica"
"3163","ASV_3249",-0.0041555261537791,0.000799443437942018,-0.00403949577329834,"ASV_3249","no_hit","Dinophyceae","Dinophyceae","no_hit","no_hit","g_","s_"
"3164","ASV_3250",-0.00225423224680663,0.000706794352464564,-0.00570147433029469,"ASV_3250","no_hit","unknown","unknown","unknown","unknown","unknown","s_"
"3165","ASV_3251",-0.000830300539988378,0.00494355947047113,-0.00549865434862069,"ASV_3251","no_hit","Bacillariophyta","Coscinodiscophyceae","Coscinodiscales","Coscinodiscaceae","g_","s_"
"3166","ASV_3252",-0.00480926927054219,0.00197772284245801,-0.00318049104515282,"ASV_3252","no_hit","Dinophyceae","Dinophyceae","Gonyaulacales","Gonyaulacaceae","Spiniferites","Spiniferites ramosus"
"3167","ASV_3253",0.00491174345379018,-0.0110107762107862,-0.00512946530843662,"ASV_3253","no_hit","Dinophyceae","Dinophyceae","no_hit","no_hit","no_hit","no_hit"
"3168","ASV_3254",0.00457861800740932,-0.00514935468852366,-0.00381845330419387,"ASV_3254","no_hit","Euglenozoa","unknown","Diplonemea","no_hit","g_","s_"
"3169","ASV_3255",-0.000208375423174748,-0.000581111441516138,0.000838355312136231,"ASV_3255","no_hit","unknown","unknown","unknown","unknown","g_","s_"
"3170","ASV_3256",0.00722442450003077,0.000604910079296532,-0.004528577074987,"ASV_3256","no_hit","Dinophyceae","Dinophyceae","Gymnodiniales","Gymnodiniaceae","g_","s_"
"3171","ASV_3257",0.00310171509635707,-0.00149367014488427,-0.00550328012841196,"ASV_3257","no_hit","Dinophyceae","Dinophyceae","unknown","unknown","g_","s_"
"3172","ASV_3258",-0.00221762387636549,0.000411393250089671,-0.000312241979416026,"ASV_3258","no_hit","Dinophyceae","Dinophyceae","Peridiniales","Protoperidiniaceae","Protoperidinium","Protoperidinium punctulatum"
"3173","ASV_3259",0.0018706197660806,-0.00114697625536859,-0.00160665681447088,"ASV_3259","no_hit","Dinophyceae","Dinophyceae","Syndiniales","Amoebophryaceae","Amoebophrya","s_"
"3174","ASV_3260",0.00258110827419065,-0.00677841550183068,-0.00314446167177136,"ASV_3260","no_hit","Ciliophora","Oligohymenophorea","Philasterida","Cinetochilidae","g_","s_"
"3175","ASV_3261",-0.000187027002172577,-0.00327360030949684,-0.000175225064966971,"ASV_3261","no_hit","unknown","unknown","unknown","unknown","unknown","Uncultured marine alveolate Group II DH147-EKD3"
"3176","ASV_3262",0.00295026774647879,-0.00856159892071411,-0.00351615623171499,"ASV_3262","no_hit","no_hit","no_hit","no_hit","no_hit","no_hit","no_hit"
"3177","ASV_3263",0.00348185352161138,-0.00305883916457124,-0.00561118400520949,"ASV_3263","unassigned","unassigned","unassigned","unassigned","unassigned","g_","s_"
"3178","ASV_3264",-0.00144356807864599,-0.000161359504016849,0.000111493830441145,"ASV_3264","no_hit","Bacillariophyta","Fragilariophyceae","Fragilariales","Fragilariaceae","no_hit","no_hit"
"3179","ASV_3265",0.00488979423495841,-0.0097402100520367,-0.00478872827210826,"ASV_3265","no_hit","Dinophyceae","Dinophyceae","Syndiniales","Amoebophryaceae","g_","s_"
"3180","ASV_3266",0.00164317243133753,-0.00883200420517417,-0.0032170441889228,"ASV_3266","unassigned","unassigned","unassigned","unassigned","unassigned","unassigned","unassigned"
"3181","ASV_3267",-0.000628215675103342,0.00229815541932401,0.00197998755963179,"ASV_3267","no_hit","Dinophyceae","Dinophyceae","no_hit","no_hit","no_hit","no_hit"
"3182","ASV_3268",0.00269365438233642,-0.00683749089555632,-0.00326574231003777,"ASV_3268","no_hit","unknown","Choanoflagellata","Acanthoecida","Stephanoecidae","g_","s_"
"3183","ASV_3269",0.00782489233022915,0.00630227915779846,-0.000234381228413841,"ASV_3269","no_hit","Dinophyceae","Dinophyceae","Syndiniales","no_hit","no_hit","no_hit"
"3184","ASV_3270",0.000226965740493261,-0.0122093421602668,-0.00450687237455089,"ASV_3270","no_hit","unknown","unknown","unknown","unknown","g_","s_"
"3185","ASV_3271",0.000297397062489192,0.00052578235946563,0.000592366986330157,"ASV_3271","no_hit","Dinophyceae","Dinophyceae","no_hit","no_hit","no_hit","no_hit"
"3186","ASV_3272",-0.00207766458255767,0.000512530684774843,-0.00089483857837993,"ASV_3272","no_hit","Dinophyceae","Dinophyceae","Gonyaulacales","Gonyaulacaceae","Alexandrium","no_hit"
"3187","ASV_3273",-0.00324556782254702,0.00228773476097603,-0.00509911078270102,"ASV_3273","no_hit","Imbricatea","unknown","unknown","Metromonadea","g_","s_"
"3188","ASV_3274",-0.00810626656820708,0.00357567003964978,-0.00694375290126444,"ASV_3274","no_hit","Dinophyceae","Dinophyceae","Syndiniales","Amoebophryaceae","Amoebophrya","no_hit"
"3189","ASV_3275",0.00203190188288031,-0.0103736595563777,-0.00336782437926868,"ASV_3275","no_hit","no_hit","no_hit","no_hit","no_hit","g_","s_"
"3190","ASV_3276",0.00205967010366271,-0.00640199606401767,-0.00185597455966982,"ASV_3276","no_hit","no_hit","no_hit","no_hit","no_hit","g_","s_"
"3191","ASV_3277",0.00245643945034124,0.0066103933405818,-0.00613845951420617,"ASV_3277","no_hit","Dinophyceae","Dinophyceae","Syndiniales","Amoebophryaceae","g_","s_"
"3192","ASV_3278",0.00460551021046639,-0.00794323947110466,-0.00439686201077239,"ASV_3278","no_hit","unknown","Bigyra","Bicosoecida","no_hit","g_","s_"
"3193","ASV_3279",-0.00724610155768514,0.00393290776951783,-0.00704430898811708,"ASV_3279","no_hit","Bacillariophyta","Bacillariophyceae","Naviculales","Naviculaceae","g_","s_"
"3194","ASV_3280",-0.000412374153146251,-0.00117371017102149,0.000499685360164885,"ASV_3280","no_hit","Bacillariophyta","Bacillariophyceae","Bacillariales","Bacillariaceae","Pseudo-nitzschia","no_hit"
"3195","ASV_3281",0.00917542094572938,0.00328299203192225,-0.00168725939277935,"ASV_3281","Viridiplantae","Streptophyta","Magnoliopsida","Liliales","Liliaceae","g_","s_"
"3196","ASV_3282",0.00441513921513736,-0.00305632763885372,-0.00229028817299919,"ASV_3282","no_hit","Ciliophora","Spirotrichea","Tintinnida","Tintinnidae","g_","s_"
"3197","ASV_3283",0.00160961960658077,-0.012750897667294,-0.00482625645583206,"ASV_3283","no_hit","unknown","Bigyra","Thraustochytrida","Thraustochytriaceae","g_","s_"
"3198","ASV_3284",-0.0042285004382501,0.00429258787894034,-0.005032629228159,"ASV_3284","no_hit","Haptophyta","unknown","Isochrysidales","Noelaerhabdaceae","no_hit","no_hit"
"3199","ASV_3285",0.00226344430433485,-0.00104916640333511,-0.00206969789371192,"ASV_3285","no_hit","Dinophyceae","Dinophyceae","Syndiniales","Amoebophryaceae","Amoebophrya","s_"
"3200","ASV_3286",0.00183489724866346,-0.00217338162397262,-0.00119322699842581,"ASV_3286","no_hit","Dinophyceae","Dinophyceae","Syndiniales","Amoebophryaceae","g_","s_"
"3201","ASV_3287",-0.0071952346512144,-0.00156305859381747,-0.00888442717026786,"ASV_3287","no_hit","Dinophyceae","Dinophyceae","no_hit","no_hit","no_hit","no_hit"
"3202","ASV_3288",-0.0024740993971774,0.000861797124639854,-0.00173988560017771,"ASV_3288","no_hit","Dinophyceae","Dinophyceae","Gonyaulacales","Gonyaulacaceae","Alexandrium","no_hit"
"3203","ASV_3289",0.000880230948650359,-0.00721405425641992,-0.0030363132451933,"ASV_3289","no_hit","unknown","unknown","unknown","unknown","g_","s_"
"3204","ASV_3290",-0.00296776166895445,0.000429181101121572,-0.00333502009995253,"ASV_3290","no_hit","Dinophyceae","Dinophyceae","Peridiniales","Protoperidiniaceae","g_","s_"
"3205","ASV_3291",0.00119959502764868,-0.00703317715228909,-0.00288993218542174,"ASV_3291","no_hit","Euglenozoa","unknown","Diplonemea","no_hit","no_hit","no_hit"
"3206","ASV_3293",6.69008013603923e-05,-0.000995575370737162,-0.00874240805626714,"ASV_3293","no_hit","unknown","Centroplasthelida","Pterocystida","Pterocystidae","g_","s_"
"3207","ASV_3294",0.00586143321637104,0.00488941194420365,-0.000127519845543045,"ASV_3294","no_hit","no_hit","no_hit","no_hit","no_hit","g_","s_"
"3208","ASV_3295",-0.0053212958695452,0.00307515231450785,-0.00700848149926136,"ASV_3295","no_hit","no_hit","no_hit","no_hit","no_hit","g_","s_"
"3209","ASV_3296",-0.00504227264743048,0.00458757154848358,-0.00624718830255732,"ASV_3296","no_hit","no_hit","no_hit","no_hit","no_hit","g_","s_"
"3210","ASV_3298",-0.000457612551314647,0.00095431098812251,0.00136051412414139,"ASV_3298","no_hit","unknown","unknown","Telonemida","unknown","Telonema","s_"
"3211","ASV_3299",0.00240849104709417,-0.000153447837217199,-0.0016561013127995,"ASV_3299","no_hit","Dinophyceae","Dinophyceae","no_hit","no_hit","no_hit","no_hit"
"3212","ASV_3300",0.00677496774899074,0.0069778892479209,-0.000662963664929152,"ASV_3300","no_hit","Cercozoa","Thecofilosea","unknown","unknown","g_","s_"
"3213","ASV_3301",-0.000464905808822818,0.00258689425262913,0.00205685329292056,"ASV_3301","no_hit","unknown","Polycystinea","no_hit","no_hit","no_hit","no_hit"
"3214","ASV_3302",0.00323097380057802,-0.00421696025872107,-0.00243942477152786,"ASV_3302","no_hit","Dinophyceae","Dinophyceae","no_hit","no_hit","no_hit","s_"
"3215","ASV_3303",0.00065901504064661,-0.00360365465069801,-0.000819770898243145,"ASV_3303","no_hit","unknown","unknown","unknown","unknown","g_","s_"
"3216","ASV_3304",0.000416764489322251,-0.0102816209474909,-0.00330576335899853,"ASV_3304","no_hit","unknown","Polycystinea","no_hit","no_hit","no_hit","no_hit"
"3217","ASV_3305",-0.00175798087384752,0.000746783839251193,0.000348283065508227,"ASV_3305","no_hit","unknown","unknown","unknown","Vitrellaceae","g_","s_"
"3218","ASV_3306",0.000315985987733613,-0.00428555544838121,-0.000928454211622029,"ASV_3306","no_hit","Euglenozoa","unknown","Diplonemea","unknown","g_","s_"
"3219","ASV_3307",-5.69340143541517e-05,0.0011763733919383,0.000969092558199784,"ASV_3307","Metazoa","Cnidaria","Hydrozoa","Anthoathecata","no_hit","no_hit","s_"
"3220","ASV_3308",0.000199419918525184,-0.00859081549941162,-0.00216316024129395,"ASV_3308","no_hit","unknown","Polycystinea","no_hit","no_hit","no_hit","no_hit"
"3221","ASV_3309",-7.30470797777161e-05,0.00223754070828942,-0.00193821569742147,"ASV_3309","no_hit","Dinophyceae","Dinophyceae","Peridiniales","Protoperidiniaceae","g_","s_"
"3222","ASV_3310",-0.00753369303169099,0.00574732315562143,-0.00936725531724224,"ASV_3310","no_hit","Dinophyceae","Dinophyceae","no_hit","no_hit","g_","s_"
"3223","ASV_3311",0.00386473171518224,-0.00662213553645172,-0.00473049906641835,"ASV_3311","no_hit","no_hit","no_hit","no_hit","no_hit","no_hit","s_"
"3224","ASV_3312",0.00265417384944293,-0.00697931150832768,-0.00308713246044806,"ASV_3312","no_hit","unknown","Polycystinea","Nassellaria","Plagiacanthidae","g_","s_"
"3225","ASV_3313",0.000815965865761933,-0.00923656738654779,-0.00304325900419291,"ASV_3313","no_hit","no_hit","no_hit","no_hit","no_hit","no_hit","no_hit"
"3226","ASV_3314",-0.000513060683984236,0.00430210249178295,0.00273137012440054,"ASV_3314","no_hit","unknown","Polycystinea","Spumellaria","Actinommidae","g_","s_"
"3227","ASV_3315",0.000222048767039353,-0.00807996006010229,-0.00223972014925619,"ASV_3315","no_hit","no_hit","no_hit","no_hit","no_hit","no_hit","no_hit"
"3228","ASV_3316",0.00134485478143715,0.00374807597028347,-0.00182111310813886,"ASV_3316","no_hit","no_hit","no_hit","no_hit","no_hit","no_hit","no_hit"
"3229","ASV_3317",0.00320724462960632,-0.0100380257212869,-0.00415210801769571,"ASV_3317","no_hit","Euglenozoa","unknown","Diplonemea","unknown","g_","s_"
"3230","ASV_3318",0.00157856928905209,-0.000141999253687264,-0.000587932755237717,"ASV_3318","no_hit","Dinophyceae","Dinophyceae","no_hit","no_hit","g_","s_"
"3231","ASV_3319",-0.00135893076867437,-0.00149468150926813,-0.000551707658824972,"ASV_3319","no_hit","Ciliophora","Spirotrichea","no_hit","no_hit","no_hit","no_hit"
"3232","ASV_3320",-0.00638847559749082,0.00378076334702537,-0.00580531702206899,"ASV_3320","no_hit","Dinophyceae","Dinophyceae","Peridiniales","Protoperidiniaceae","Protoperidinium","Protoperidinium pentagonum"
"3233","ASV_3321",0.011201813182219,0.00631787020576525,-0.00109753680754082,"ASV_3321","no_hit","Dinophyceae","Dinophyceae","Syndiniales","Amoebophryaceae","Amoebophrya","s_"
"3234","ASV_3322",0.00228148165210684,0.00214996854791742,-0.00357869316040604,"ASV_3322","no_hit","Dinophyceae","Dinophyceae","Syndiniales","Amoebophryaceae","Amoebophrya","s_"
"3235","ASV_3323",-0.000257960520958426,-0.000122110314839071,-0.00518180691693032,"ASV_3323","no_hit","Dinophyceae","Dinophyceae","Syndiniales","Amoebophryaceae","g_","s_"
"3236","ASV_3324",0.00164262563741994,-0.0120801568232123,-0.00432928960060602,"ASV_3324","no_hit","Dinophyceae","Dinophyceae","Syndiniales","Amoebophryaceae","g_","s_"
"3237","ASV_3325",0.000115414345718403,-0.0121136214519799,-0.00371815990188899,"ASV_3325","no_hit","unknown","Bigyra","Oblongichytrida","unknown","g_","s_"
"3238","ASV_3326",0.0115158270035798,-0.0037734414726591,-0.00599341608556614,"ASV_3326","no_hit","Bacillariophyta","Coscinodiscophyceae","Melosirales","Stephanopyxidaceae","g_","s_"
"3239","ASV_3327",0.00420443870991045,0.00400012496142298,-0.00324176296146279,"ASV_3327","Viridiplantae","Chlorophyta","Pyramimonadophyceae","Pyramimonadales","Pyramimonadaceae","Pterosperma","s_"
"3240","ASV_3328",-0.000395377460191162,-0.00110505981061428,0.00060572363486904,"ASV_3328","no_hit","no_hit","no_hit","no_hit","no_hit","no_hit","no_hit"
"3241","ASV_3329",-0.000428169252438328,0.00163487435192819,0.00166005472227146,"ASV_3329","no_hit","unknown","Polycystinea","Collodaria","Sphaerozoidae","g_","s_"
"3242","ASV_3330",-0.00486462616340264,0.00327743934851538,-0.00507216462986171,"ASV_3330","no_hit","Cercozoa","no_hit","no_hit","no_hit","no_hit","no_hit"
"3243","ASV_3331",0.00194334539238252,0.000839388363321408,0.0002498974982042,"ASV_3331","no_hit","unknown","Polycystinea","Spumellaria","Ethmosphaeridae","g_","s_"
"3244","ASV_3332",-0.000269602758867707,-0.000429358215751016,0.000642818575324569,"ASV_3332","no_hit","Dinophyceae","Dinophyceae","no_hit","no_hit","no_hit","s_"
"3245","ASV_3333",0.00705784829440451,-0.00635446332775832,-0.00467582103525225,"ASV_3333","no_hit","no_hit","no_hit","no_hit","no_hit","g_","s_"
"3246","ASV_3334",0.00800208791762013,0.00576717513796211,-0.00157973389727609,"ASV_3334","no_hit","unknown","Bigyra","Nanomonadea","unknown","g_","s_"
"3247","ASV_3335",-0.000598532067021789,0.000301363297199947,0.00124647539062674,"ASV_3335","no_hit","Euglenozoa","unknown","Diplonemea","unknown","unknown","s_"
"3248","ASV_3336",0.000672339079012676,-0.0051581409006537,-0.00595609591812695,"ASV_3336","no_hit","Dinophyceae","Dinophyceae","no_hit","no_hit","no_hit","s_"
"3249","ASV_3337",0.00359197890479198,-0.00537607553372552,-0.00350928327649955,"ASV_3337","no_hit","Dinophyceae","Dinophyceae","Syndiniales","Amoebophryaceae","Amoebophrya","s_"
"3250","ASV_3338",-0.000193887570242,-0.00565307786791652,-0.00123412811944935,"ASV_3338","no_hit","Euglenozoa","unknown","Diplonemea","unknown","unknown","s_"
"3251","ASV_3339",0.000371750678126133,0.000198799770016272,-0.00411439281406349,"ASV_3339","no_hit","no_hit","no_hit","no_hit","no_hit","g_","s_"
"3252","ASV_3340",0.0010025068834545,-0.00328823296907317,-0.00118662051283018,"ASV_3340","Metazoa","Ctenophora","Tentaculata","no_hit","no_hit","no_hit","no_hit"
"3253","ASV_3341",-0.00095504720498277,0.000724502086300367,0.00182198821899326,"ASV_3341","Metazoa","Arthropoda","Hexanauplia","Cyclopoida","Oithonidae","no_hit","no_hit"
"3254","ASV_3342",0.0014666817583617,-0.0012971334810555,-0.000910829011062896,"ASV_3342","no_hit","Dinophyceae","Dinophyceae","no_hit","no_hit","no_hit","s_"
"3255","ASV_3343",0.00602248928891437,0.00549680782721291,0.00039228982414934,"ASV_3343","no_hit","Dinophyceae","Dinophyceae","no_hit","no_hit","no_hit","no_hit"
"3256","ASV_3344",0.00197035557033035,-0.0115709097248738,-0.00473761652416304,"ASV_3344","no_hit","no_hit","no_hit","no_hit","no_hit","g_","s_"
"3257","ASV_3345",0.00227926542114738,-0.00254783910206147,-0.000714881518848001,"ASV_3345","no_hit","Euglenozoa","unknown","Diplonemea","unknown","g_","s_"
"3258","ASV_3346",0.00637583386628901,-0.00203062782669488,-0.00469929883172171,"ASV_3346","no_hit","unknown","unknown","unknown","unknown","unknown","s_"
"3259","ASV_3347",0.00233772637921176,-0.00727546518906184,-0.00325225799635416,"ASV_3347","no_hit","Euglenozoa","unknown","Diplonemea","unknown","g_","s_"
"3260","ASV_3348",0.00319554859041181,-0.00757369933327636,-0.00649587839572352,"ASV_3348","no_hit","Dinophyceae","Dinophyceae","unknown","unknown","g_","s_"
"3261","ASV_3349",0.00378868609937792,-0.00386417301345063,-0.00264802288492191,"ASV_3349","no_hit","Ciliophora","Spirotrichea","no_hit","no_hit","no_hit","no_hit"
"3262","ASV_3350",0.00263532028332049,-0.010862915419671,-0.00416148104861295,"ASV_3350","no_hit","no_hit","no_hit","no_hit","no_hit","no_hit","s_"
"3263","ASV_3351",0.00219736747294448,-0.0056589794050353,-0.00210156657749734,"ASV_3351","no_hit","unknown","Cryptophyceae","Cyathomonadacea","Goniomonadaceae","g_","s_"
"3264","ASV_3352",0.00196159275993606,-0.0103129511999462,-0.00468274694150872,"ASV_3352","no_hit","no_hit","no_hit","no_hit","no_hit","no_hit","s_"
"3265","ASV_3353",-0.00730089861420938,0.00177004756639357,-0.0105130369089457,"ASV_3353","no_hit","Dinophyceae","Dinophyceae","Syndiniales","Amoebophryaceae","Amoebophrya","s_"
"3266","ASV_3354",0.00774547740378248,0.00207390041782408,-0.00256825160000453,"ASV_3354","no_hit","no_hit","no_hit","no_hit","no_hit","no_hit","s_"
"3267","ASV_3355",0.00541447893502668,0.00338363445919387,0.000200532154658146,"ASV_3355","no_hit","Dinophyceae","Dinophyceae","Syndiniales","no_hit","no_hit","no_hit"
"3268","ASV_3356",-0.000569932487569421,-0.000584948225980766,0.000866566695136074,"ASV_3356","no_hit","Dinophyceae","Dinophyceae","Syndiniales","Amoebophryaceae","g_","s_"
"3269","ASV_3357",0.00148572872510509,0.000546660357504001,-0.000711723675868174,"ASV_3357","no_hit","no_hit","no_hit","no_hit","no_hit","no_hit","no_hit"
"3270","ASV_3358",-0.00320207345792779,0.00446111877920155,-0.00613872814852763,"ASV_3358","no_hit","unknown","unknown","unknown","unknown","unknown","uncultured marine picoeukaryote"
"3271","ASV_3359",-0.00310004343216075,0.000382892167070519,-0.00270106322021633,"ASV_3359","no_hit","no_hit","no_hit","no_hit","no_hit","no_hit","no_hit"
"3272","ASV_3360",0.000406633698234668,-0.0075633030280283,-0.00197358110185321,"ASV_3360","no_hit","Dinophyceae","Dinophyceae","no_hit","no_hit","no_hit","no_hit"
"3273","ASV_3361",0.00699126824529155,-0.00388757683900073,-0.0051000886509575,"ASV_3361","no_hit","Dinophyceae","Dinophyceae","Syndiniales","no_hit","g_","s_"
"3274","ASV_3362",0.00407415135661156,0.000851694245094373,-0.00112421767047422,"ASV_3362","no_hit","Euglenozoa","unknown","Diplonemea","no_hit","no_hit","no_hit"
"3275","ASV_3363",-0.00249994785483723,-0.00476714555681998,-0.00173819855787167,"ASV_3363","no_hit","Dinophyceae","Dinophyceae","no_hit","no_hit","no_hit","no_hit"
"3276","ASV_3364",-0.000887650871589089,0.000146751908336319,-1.47240704045572e-05,"ASV_3364","no_hit","Dinophyceae","Dinophyceae","Peridiniales","Protoperidiniaceae","Protoperidinium","Protoperidinium crassipes"
"3277","ASV_3365",-0.00258354617659726,0.000165780887713525,-0.00240246390749614,"ASV_3365","no_hit","Dinophyceae","Dinophyceae","Gonyaulacales","Gonyaulacaceae","Alexandrium","no_hit"
"3278","ASV_3366",0.000650120833875639,-0.0115870214545176,-0.00391071142245948,"ASV_3366","no_hit","Dinophyceae","Dinophyceae","Syndiniales","Amoebophryaceae","g_","s_"
"3279","ASV_3367",0.0020979635999825,-0.00683032546879338,-0.00409358003351188,"ASV_3367","no_hit","Dinophyceae","Dinophyceae","Syndiniales","Amoebophryaceae","Amoebophrya","s_"
"3280","ASV_3368",0.000622102591768213,-0.000840479445813287,0.00239555544621569,"ASV_3368","Metazoa","Arthropoda","Hexanauplia","Harpacticoida","Ectinosomatidae","Microsetella","Microsetella norvegica"
"3281","ASV_3369",0.00331847856699412,-0.0128233037996638,-0.00483896644450261,"ASV_3369","no_hit","Bacillariophyta","Bacillariophyceae","Naviculales","no_hit","g_","s_"
"3282","ASV_3370",0.00196556617810937,-0.00646930826841909,-0.0024004690402943,"ASV_3370","no_hit","no_hit","no_hit","no_hit","no_hit","no_hit","no_hit"
"3283","ASV_3371",0.00372218104684332,-0.000899821655220192,-0.001108250879665,"ASV_3371","no_hit","Dinophyceae","Dinophyceae","no_hit","no_hit","no_hit","no_hit"
"3284","ASV_3372",-3.68278598373207e-05,-0.000896810131148614,-0.00315424102334287,"ASV_3372","no_hit","no_hit","no_hit","no_hit","no_hit","no_hit","no_hit"
"3285","ASV_3373",0.00103801766293363,-0.0135213535585063,-0.00461685142650916,"ASV_3373","no_hit","Euglenozoa","unknown","Diplonemea","no_hit","no_hit","no_hit"
"3286","ASV_3374",0.00027610818188729,-0.00536837214807733,-0.00590691206889869,"ASV_3374","no_hit","unknown","unknown","unknown","unknown","g_","s_"
"3287","ASV_3375",-3.36540078144534e-05,-0.000329612270284054,0.00153434108802802,"ASV_3375","no_hit","Dinophyceae","Dinophyceae","Gymnodiniales","Warnowiaceae","g_","s_"
"3288","ASV_3376",0.00102629826723903,-0.00838391007190197,-0.00259672455168836,"ASV_3376","no_hit","Euglenozoa","unknown","Diplonemea","no_hit","no_hit","no_hit"
"3289","ASV_3377",-0.000288564571285017,-0.00195163819554335,0.000273601956752296,"ASV_3377","no_hit","Euglenozoa","unknown","Diplonemea","unknown","g_","s_"
"3290","ASV_3378",0.00411239795474277,-0.0011700908456849,-0.00150157774599198,"ASV_3378","no_hit","no_hit","no_hit","no_hit","no_hit","no_hit","no_hit"
"3291","ASV_3379",-0.000859742854186625,-0.00352709184093407,-0.00606141210977498,"ASV_3379","no_hit","Dinophyceae","Dinophyceae","Peridiniales","Heterocapsaceae","g_","s_"
"3292","ASV_3380",0.00896121237607573,0.0105476568324268,-0.00205759907438887,"ASV_3380","Viridiplantae","Chlorophyta","no_hit","no_hit","no_hit","no_hit","no_hit"
"3293","ASV_3381",-0.00232682758344272,0.000208486667354916,-0.0081335885436228,"ASV_3381","no_hit","unknown","Bigyra","Oblongichytrida","unknown","Oblongichytrium","no_hit"
"3294","ASV_3382",0.00314569444633021,-0.00689025588386331,-0.00341163214249693,"ASV_3382","no_hit","unknown","Bigyra","Nanomonadea","unknown","g_","s_"
"3295","ASV_3383",0.00257597328185874,-0.019693357114224,-0.00725205084170065,"ASV_3383","no_hit","no_hit","no_hit","no_hit","no_hit","no_hit","no_hit"
"3296","ASV_3384",0.00018786221887946,-0.0115615052927729,-0.00387616910196321,"ASV_3384","no_hit","no_hit","no_hit","no_hit","no_hit","no_hit","no_hit"
"3297","ASV_3385",0.00969891334777207,-0.000293177688079259,-0.00365613406209915,"ASV_3385","no_hit","unknown","unknown","unknown","unknown","g_","s_"
"3298","ASV_3386",0.00569697194816738,0.00223067094051417,-0.000750560945000735,"ASV_3386","no_hit","Euglenozoa","unknown","Diplonemea","unknown","g_","s_"
"3299","ASV_3387",-0.000762921205515981,0.000868075424788425,-0.0015424237885259,"ASV_3387","no_hit","Ciliophora","Oligohymenophorea","Philasterida","Loxocephalidae","g_","s_"
"3300","ASV_3388",0.00478578063880387,0.00167704021478544,-0.00271941478402131,"ASV_3388","no_hit","no_hit","no_hit","no_hit","no_hit","g_","s_"
"3301","ASV_3389",-0.000267635824292626,0.000350552651083942,0.0010184020354747,"ASV_3389","no_hit","Dinophyceae","Dinophyceae","no_hit","no_hit","no_hit","no_hit"
"3302","ASV_3390",0.000111759083497116,-0.000360173665203791,-0.003237532853805,"ASV_3390","no_hit","Dinophyceae","Dinophyceae","no_hit","no_hit","no_hit","no_hit"
"3303","ASV_3391",0.0042719516590935,-0.000885474323503487,-0.00331401528584929,"ASV_3391","no_hit","Dinophyceae","Dinophyceae","Syndiniales","no_hit","no_hit","no_hit"
"3304","ASV_3392",-0.000484435695942083,-0.00406584583108065,-0.000430637801858342,"ASV_3392","no_hit","Ciliophora","Colpodea","unknown","unknown","g_","s_"
"3305","ASV_3393",-0.00702486290304172,0.000978184271824345,-0.00608906332873366,"ASV_3393","no_hit","Cercozoa","Thecofilosea","Cryomonadida","Protaspidae","g_","s_"
"3306","ASV_3394",-0.00489457655564551,-0.00294577850766939,-0.00912190054213024,"ASV_3394","no_hit","Dinophyceae","Dinophyceae","no_hit","no_hit","no_hit","s_"
"3307","ASV_3395",0.000186321773479012,-0.00302988947557718,-0.000159053324842926,"ASV_3395","no_hit","Dinophyceae","Dinophyceae","Syndiniales","no_hit","no_hit","no_hit"
"3308","ASV_3396",0.00207256218909763,-0.00393554432614605,-0.00790939543191716,"ASV_3396","no_hit","Dinophyceae","Dinophyceae","Syndiniales","Amoebophryaceae","Amoebophrya","s_"
"3309","ASV_3397",-0.00768487236529949,0.0016962546341381,-0.00697343073061184,"ASV_3397","no_hit","Dinophyceae","Dinophyceae","no_hit","no_hit","no_hit","no_hit"
"3310","ASV_3398",-0.00369066916585862,0.00320222855078678,-0.00652928886804366,"ASV_3398","no_hit","Dinophyceae","Dinophyceae","no_hit","no_hit","no_hit","no_hit"
"3311","ASV_3399",0.00466074527548678,0.00209619736456109,-0.00167226087310521,"ASV_3399","no_hit","Dinophyceae","Dinophyceae","Prorocentrales","Prorocentraceae","g_","s_"
"3312","ASV_3400",-0.00357919958323143,0.000544595331532763,-0.00193946867484573,"ASV_3400","no_hit","no_hit","no_hit","no_hit","no_hit","g_","s_"
"3313","ASV_3401",0.000481940440396988,-0.000612611212657283,0.00173954485325548,"ASV_3401","no_hit","Bacillariophyta","Coscinodiscophyceae","no_hit","no_hit","no_hit","no_hit"
"3314","ASV_3402",0.00312291616083488,0.000955562471232793,-0.00183840575447944,"ASV_3402","no_hit","Dinophyceae","Dinophyceae","Syndiniales","Amoebophryaceae","Amoebophrya","no_hit"
"3315","ASV_3403",0.00554197917631323,0.00261863164865695,-0.00245822643174048,"ASV_3403","no_hit","Dinophyceae","Dinophyceae","Syndiniales","Amoebophryaceae","Amoebophrya","s_"
"3316","ASV_3404",0.00335550521073769,-0.00674061324061242,-0.00345308900218246,"ASV_3404","no_hit","Dinophyceae","Dinophyceae","Syndiniales","Syndiniaceae","g_","s_"
"3317","ASV_3405",-0.00142423892759847,0.000747924477959798,-0.00607218746883084,"ASV_3405","no_hit","Dinophyceae","Dinophyceae","Syndiniales","no_hit","no_hit","s_"
"3318","ASV_3406",0.000513798122661576,-0.00826658297478564,-0.00260029073950768,"ASV_3406","no_hit","Ciliophora","Oligohymenophorea","Philasterida","Loxocephalidae","g_","s_"
"3319","ASV_3407",-0.000820223808177397,0.000822238910813751,0.00135104452814644,"ASV_3407","no_hit","Dinophyceae","Dinophyceae","Peridiniales","Peridiniopsidaceae","g_","s_"
"3320","ASV_3408",0.00243531631022483,-0.00480493716779769,-0.00218393139217246,"ASV_3408","no_hit","Dinophyceae","Dinophyceae","Peridiniales","Peridiniopsidaceae","Palatinus","Palatinus apiculatus"
"3321","ASV_3409",-0.00728526451375883,0.00272721479944206,-0.00542145783479597,"ASV_3409","no_hit","Dinophyceae","Dinophyceae","no_hit","no_hit","no_hit","no_hit"
"3322","ASV_3410",0.00907975977460792,0.00943059046633415,-0.00131364023908867,"ASV_3410","no_hit","Dinophyceae","Dinophyceae","Syndiniales","Amoebophryaceae","g_","s_"
"3323","ASV_3411",-0.000925118864159261,0.002101460908102,0.00193085884483615,"ASV_3411","no_hit","Dinophyceae","Dinophyceae","no_hit","no_hit","g_","s_"
"3324","ASV_3412",0.00146138848413642,-0.00369704116720391,-0.00296871297460469,"ASV_3412","Viridiplantae","Chlorophyta","Trebouxiophyceae","no_hit","no_hit","no_hit","no_hit"
"3325","ASV_3413",0.00190546302910367,-0.00442651757821336,-0.00471476498380296,"ASV_3413","no_hit","no_hit","no_hit","no_hit","no_hit","g_","s_"
"3326","ASV_3414",0.00033170760480055,-0.00859033985566128,-0.00250751439013739,"ASV_3414","no_hit","Dinophyceae","Dinophyceae","Syndiniales","Amoebophryaceae","g_","s_"
"3327","ASV_3415",0.00653564609316271,0.0037510855574348,-0.00105914635524393,"ASV_3415","no_hit","Ciliophora","no_hit","no_hit","no_hit","g_","s_"
"3328","ASV_3416",-0.00220627104317009,-0.000178471570107392,0.00170301848124492,"ASV_3416","no_hit","Euglenozoa","unknown","Diplonemea","no_hit","no_hit","s_"
"3329","ASV_3417",0.00282497083672764,0.00814823356119997,-0.00379987370112894,"ASV_3417","Viridiplantae","Chlorophyta","no_hit","no_hit","no_hit","g_","s_"
"3330","ASV_3418",0.000157095743188749,-0.0101913869828175,-0.00287804197639293,"ASV_3418","no_hit","unknown","Polycystinea","Nassellaria","Theoperidae","Cycladophora","Cycladophora cornuta"
"3331","ASV_3419",-1.68181996838128e-05,-0.00565439832060405,-0.00113975233898287,"ASV_3419","no_hit","Dinophyceae","Dinophyceae","Syndiniales","Ellobiopsidae","Thalassomyces","Thalassomyces sp. JDS-2003"
"3332","ASV_3420",0.000534211690663833,-0.00906702659096241,-0.0035152114955124,"ASV_3420","no_hit","Dinophyceae","Dinophyceae","Syndiniales","Syndiniaceae","Hematodinium","no_hit"
"3333","ASV_3421",0.00270436613942717,-0.00422576327172447,-0.00295862124655731,"ASV_3421","no_hit","no_hit","no_hit","no_hit","no_hit","g_","s_"
"3334","ASV_3422",0.00705061010089986,0.00502650182966435,-0.00032762736222831,"ASV_3422","no_hit","Dinophyceae","Dinophyceae","Gymnodiniales","no_hit","no_hit","no_hit"
"3335","ASV_3423",-0.000482372940581836,0.000101186554125758,0.00107204637993991,"ASV_3423","Metazoa","Cnidaria","Hydrozoa","Siphonophorae","no_hit","no_hit","no_hit"
"3336","ASV_3424",-0.00548094833211236,0.00377699770930834,-0.00631052338438769,"ASV_3424","no_hit","no_hit","no_hit","no_hit","no_hit","no_hit","no_hit"
"3337","ASV_3425",0.00290074429181864,-0.0130065411768425,-0.00482419521615948,"ASV_3425","no_hit","Euglenozoa","unknown","Diplonemea","unknown","g_","s_"
"3338","ASV_3426",-0.00807588187387149,0.00469718409033853,-0.00783987629026699,"ASV_3426","no_hit","Euglenozoa","unknown","Diplonemea","Hemistasiidae","g_","s_"
"3339","ASV_3427",0.00107792080091007,-0.00827409403549934,-0.00267290251003685,"ASV_3427","no_hit","Dinophyceae","Dinophyceae","Syndiniales","no_hit","no_hit","no_hit"
"3340","ASV_3428",-0.00259161481015635,0.00190079419997898,-0.00489944325087263,"ASV_3428","Metazoa","Arthropoda","Hexanauplia","Calanoida","Paracalanidae","Paracalanus","no_hit"
"3341","ASV_3429",-0.00500792823308088,0.00241667654294893,-0.00553404556577061,"ASV_3429","no_hit","Dinophyceae","Dinophyceae","Syndiniales","Amoebophryaceae","g_","s_"
"3342","ASV_3430",-0.0042703034928852,0.00254843109157486,-0.00869585876041013,"ASV_3430","no_hit","unknown","unknown","unknown","unknown","unknown","s_"
"3343","ASV_3431",-0.000804784580357549,0.00232757209433431,0.00235953598362897,"ASV_3431","no_hit","Dinophyceae","Dinophyceae","Syndiniales","Amoebophryaceae","g_","s_"
"3344","ASV_3432",0.000298260297050837,-0.0011193216848748,0.000353828709014602,"ASV_3432","no_hit","Dinophyceae","Dinophyceae","Syndiniales","Amoebophryaceae","Amoebophrya","s_"
"3345","ASV_3433",0.00182973047869374,0.00157701252266725,-0.00445546652650378,"ASV_3433","no_hit","Endomyxa","Ascetosporea","Paradiniida","unknown","g_","s_"
"3346","ASV_3434",0.00372070471218408,-0.00434595809676837,-0.00243672330015625,"ASV_3434","no_hit","Dinophyceae","Dinophyceae","Syndiniales","no_hit","no_hit","s_"
"3347","ASV_3435",0.00273084177556492,-0.00528782027224037,-0.00333142844753006,"ASV_3435","no_hit","no_hit","no_hit","no_hit","no_hit","g_","s_"
"3348","ASV_3436",-0.000725325036433451,-1.24883163008658e-05,0.000813042362920788,"ASV_3436","no_hit","Ciliophora","Prostomatea","Prorodontida","no_hit","no_hit","no_hit"
"3349","ASV_3437",0.00857285696158884,0.00438245099187584,-0.00151997481552365,"ASV_3437","no_hit","Apicomplexa","Conoidasida","Eucoccidiorida","Eimeriidae","no_hit","s_"
"3350","ASV_3438",-0.0035966539108447,-0.00392144272596405,-0.0065775520624422,"ASV_3438","no_hit","unknown","Choanoflagellata","unknown","unknown","g_","s_"
"3351","ASV_3439",0.00544196133784935,-0.00073131605868289,-0.00223677987477415,"ASV_3439","no_hit","unknown","Choanoflagellata","no_hit","no_hit","no_hit","no_hit"
"3352","ASV_3440",0.00433508105355038,-0.00449059358858811,-0.0026425561889889,"ASV_3440","no_hit","Endomyxa","Ascetosporea","Paradiniida","unknown","g_","s_"
"3353","ASV_3441",0.00242905113247726,-0.0044445370517238,-0.00486392130243927,"ASV_3441","no_hit","Dinophyceae","Dinophyceae","Syndiniales","Amoebophryaceae","Amoebophrya","s_"
"3354","ASV_3442",0.00434616442041223,-0.00815135903852529,-0.00464949086144772,"ASV_3442","no_hit","Dinophyceae","Dinophyceae","Gymnodiniales","Warnowiaceae","Proterythropsis","no_hit"
"3355","ASV_3443",0.00589853872153361,-0.0069602690524503,-0.00527598944942026,"ASV_3443","no_hit","no_hit","no_hit","no_hit","no_hit","g_","s_"
"3356","ASV_3444",0.00491676933577433,-0.00757420373917115,-0.00448917254515221,"ASV_3444","no_hit","unknown","Bigyra","Nanomonadea","unknown","Incisomonas","s_"
"3357","ASV_3445",0.00875759447710085,0.00737753038848249,0.000440468272232446,"ASV_3445","Metazoa","Annelida","Polychaeta","Terebellida","Flabelligeridae","Brada","s_"
"3358","ASV_3446",0.000197079267831442,-0.00045304216510407,0.00180674190248564,"ASV_3446","no_hit","Ciliophora","Spirotrichea","Choreotrichida","Strobilidiidae","no_hit","no_hit"
"3359","ASV_3447",-0.000395545968730415,0.00265745311941372,0.00212604061336929,"ASV_3447","no_hit","unknown","unknown","unknown","unknown","g_","s_"
"3360","ASV_3448",-0.000348063883346428,-0.00144641111133086,0.00066281704659332,"ASV_3448","no_hit","Dinophyceae","Dinophyceae","Gymnodiniales","Kareniaceae","g_","s_"
"3361","ASV_3449",0.00219963875980969,-0.00746506992410424,-0.00330467819711132,"ASV_3449","no_hit","Dinophyceae","Dinophyceae","Syndiniales","Amoebophryaceae","g_","s_"
"3362","ASV_3450",-0.000539659406980217,-0.00333090235517168,-0.000241360259966732,"ASV_3450","no_hit","unknown","Polycystinea","no_hit","no_hit","g_","s_"
"3363","ASV_3451",0.00234019370204754,0.00377231050573535,-0.00665329831437272,"ASV_3451","no_hit","Dinophyceae","Dinophyceae","Syndiniales","Amoebophryaceae","Amoebophrya","s_"
"3364","ASV_3452",-0.00311712024206053,-0.000167324825829452,-0.00707276365465736,"ASV_3452","Viridiplantae","Chlorophyta","Mamiellophyceae","Dolichomastigales","Crustomastigaceae","g_","s_"
"3365","ASV_3453",-0.00208901778445098,0.00109985573379332,-0.00541334869992537,"ASV_3453","no_hit","no_hit","no_hit","no_hit","no_hit","g_","s_"
"3366","ASV_3454",0.00503050651229516,0.000750706887437435,-0.00634543401028115,"ASV_3454","no_hit","unknown","Bigyra","Thraustochytrida","Thraustochytriaceae","g_","s_"
"3367","ASV_3455",9.9741331133663e-05,-0.00288410049438504,-2.55633877342248e-05,"ASV_3455","no_hit","unknown","unknown","unknown","unknown","g_","s_"
"3368","ASV_3456",0.00229670807661117,0.00122894360342582,0.000426828215766616,"ASV_3456","no_hit","unknown","Polycystinea","Spumellaria","no_hit","no_hit","no_hit"
"3369","ASV_3457",0.000669764068206941,-0.0127068908783844,-0.00420882943525224,"ASV_3457","no_hit","Dinophyceae","Dinophyceae","unknown","unknown","g_","s_"
"3370","ASV_3458",0.00110584864666051,-0.00125833892803012,-0.000169898073718219,"ASV_3458","no_hit","Dinophyceae","Dinophyceae","Syndiniales","Amoebophryaceae","g_","s_"
"3371","ASV_3459",0.00576880047207527,0.00157012278963818,-0.00111735514708905,"ASV_3459","no_hit","no_hit","no_hit","no_hit","no_hit","g_","s_"
"3372","ASV_3460",0.00381526165468463,-0.0122797097183644,-0.00473167766294556,"ASV_3460","no_hit","unknown","unknown","unknown","unknown","unknown","uncultured marine eukaryote"
"3373","ASV_3461",0.00351148205317709,0.00587099385511688,-0.00163122302776009,"ASV_3461","no_hit","Dinophyceae","Dinophyceae","Gymnodiniales","Kareniaceae","Karlodinium","no_hit"
"3374","ASV_3462",-0.00512578589602727,0.00164117641868787,-0.00367424816170876,"ASV_3462","no_hit","Dinophyceae","Dinophyceae","Peridiniales","Protoperidiniaceae","Protoperidinium","s_"
"3375","ASV_3463",-0.000544425131933811,0.00160924057178603,0.0015118160227751,"ASV_3463","no_hit","no_hit","no_hit","no_hit","no_hit","g_","s_"
"3376","ASV_3464",0.00425132882862762,-0.00833935853498836,-0.00457002773085921,"ASV_3464","no_hit","Dinophyceae","Dinophyceae","Syndiniales","Amoebophryaceae","g_","s_"
"3377","ASV_3465",-0.00040235851205892,0.00229910376685249,0.00189248998729243,"ASV_3465","no_hit","Dinophyceae","Dinophyceae","Syndiniales","no_hit","no_hit","no_hit"
"3378","ASV_3466",0.000285720141405351,0.00418641865708242,-0.00479757273647844,"ASV_3466","no_hit","no_hit","no_hit","no_hit","no_hit","no_hit","s_"
"3379","ASV_3467",0.00184303555680772,-0.0108490388562774,-0.00377889128537018,"ASV_3467","no_hit","Dinophyceae","Dinophyceae","Syndiniales","Amoebophryaceae","g_","s_"
"3380","ASV_3468",0.00205745676236186,-0.00620565038889653,-0.00378960323909772,"ASV_3468","no_hit","unknown","unknown","unknown","unknown","g_","s_"
"3381","ASV_3469",-0.000645408115664,-5.94976447028278e-05,0.00122013360680107,"ASV_3469","no_hit","no_hit","no_hit","no_hit","no_hit","g_","s_"
"3382","ASV_3470",-0.00563188262010255,0.00374113593167469,-0.00594853124260377,"ASV_3470","Viridiplantae","Chlorophyta","Mamiellophyceae","Dolichomastigales","Dolichomastigaceae","Dolichomastix","Dolichomastix tenuilepis"
"3383","ASV_3471",0.00527240050329593,-0.00524121106863685,-0.00435012706052147,"ASV_3471","no_hit","Dinophyceae","Dinophyceae","Blastodiniales","unknown","g_","s_"
"3384","ASV_3472",0.00638185906001183,-0.00115673559221635,-0.0030504730101589,"ASV_3472","no_hit","Ciliophora","Spirotrichea","Tintinnida","Tintinnidae","Salpingella","Salpingella acuminata"
"3385","ASV_3473",0.000398760101907979,-0.00513326283881432,-0.00164971627054324,"ASV_3473","unassigned","unassigned","unassigned","unassigned","unassigned","unassigned","unassigned"
"3386","ASV_3474",0.00152114905455919,-0.0103896446491983,-0.00354072798737177,"ASV_3474","no_hit","Dinophyceae","Dinophyceae","Syndiniales","no_hit","no_hit","no_hit"
"3387","ASV_3475",0.00252277523408268,-0.0106321146590715,-0.00385941558565805,"ASV_3475","no_hit","no_hit","no_hit","no_hit","no_hit","no_hit","no_hit"
"3388","ASV_3476",0.000188486017162173,-0.00505100248551877,-0.00113200264309494,"ASV_3476","no_hit","Euglenozoa","unknown","Diplonemea","unknown","g_","s_"
"3389","ASV_3477",-1.53764352364661e-05,-0.0101145470835019,-0.00288371575664993,"ASV_3477","no_hit","Dinophyceae","Dinophyceae","Syndiniales","Amoebophryaceae","g_","s_"
"3390","ASV_3478",0.00193001343474845,-0.000861417911004312,-4.1472173872557e-05,"ASV_3478","no_hit","Euglenozoa","unknown","Diplonemea","unknown","g_","s_"
"3391","ASV_3479",-0.00110201640275874,0.00183749124671059,-0.00478967711730507,"ASV_3479","no_hit","no_hit","no_hit","no_hit","no_hit","g_","s_"
"3392","ASV_3480",-4.37126661986398e-05,-0.0038395605069841,-0.000627977594573338,"ASV_3480","no_hit","Ciliophora","no_hit","no_hit","no_hit","no_hit","no_hit"
"3393","ASV_3481",0.00609096934856405,0.00228880367326786,-0.00319339448368252,"ASV_3481","no_hit","unknown","unknown","Pirsoniales","unknown","Pirsonia","no_hit"
"3394","ASV_3482",-0.00465572855473735,-0.00496817503207315,-0.00840795328480519,"ASV_3482","no_hit","Cercozoa","Thecofilosea","unknown","unknown","g_","s_"
"3395","ASV_3483",0.00768443333446968,0.0022948878174146,-0.00147079790262717,"ASV_3483","no_hit","Oomycota","no_hit","no_hit","no_hit","g_","s_"
"3396","ASV_3484",-0.00166300604534274,0.000179679992256199,0.00218414194043797,"ASV_3484","Metazoa","Arthropoda","Hexanauplia","Calanoida","Calanidae","no_hit","s_"
"3397","ASV_3485",0.00955644627561968,0.00869097234665125,-0.000781611092974695,"ASV_3485","no_hit","unknown","Chrysophyceae","no_hit","no_hit","no_hit","no_hit"
"3398","ASV_3486",-0.00248696197423082,-0.000826777655545512,-0.00689408685046178,"ASV_3486","no_hit","no_hit","no_hit","no_hit","no_hit","g_","s_"
"3399","ASV_3487",-0.00544729385053912,0.00128530502478181,-0.00416113469785706,"ASV_3487","no_hit","no_hit","no_hit","no_hit","no_hit","g_","s_"
"3400","ASV_3488",0.00692611982157155,-0.00564342295545136,-0.00498285136465861,"ASV_3488","no_hit","Dinophyceae","Dinophyceae","Syndiniales","Amoebophryaceae","g_","s_"
"3401","ASV_3489",0.00225761165907196,-0.0107219857324811,-0.00587529930810614,"ASV_3489","no_hit","Dinophyceae","Dinophyceae","Syndiniales","no_hit","no_hit","no_hit"
"3402","ASV_3490",0.0027444685293348,-0.00128823300496701,-0.00436549466787023,"ASV_3490","no_hit","unknown","unknown","unknown","unknown","g_","s_"
"3403","ASV_3491",-0.00609315592035128,0.00397754031222722,-0.00639618377285747,"ASV_3491","no_hit","no_hit","no_hit","no_hit","no_hit","g_","s_"
"3404","ASV_3492",0.000415218502318996,-0.00344948297169296,-0.00162588718785819,"ASV_3492","no_hit","Euglenozoa","unknown","Diplonemea","unknown","unknown","s_"
"3405","ASV_3493",-0.00478335388424637,-0.00142007078553663,-0.00578644898399369,"ASV_3493","no_hit","Cercozoa","no_hit","no_hit","no_hit","no_hit","no_hit"
"3406","ASV_3494",-0.000815220129391016,8.58858408464425e-05,0.0011140538490364,"ASV_3494","no_hit","Cercozoa","Thecofilosea","Phaeocalpida","Tuscaroridae","g_","s_"
"3407","ASV_3495",0.00872851767822261,0.00554398455534723,-0.000307235555588489,"ASV_3495","Metazoa","Annelida","Polychaeta","Terebellida","Terebellidae","no_hit","s_"
"3408","ASV_3496",-0.00225079437387184,0.00124497647135541,-0.00714615882321398,"ASV_3496","no_hit","Haptophyta","no_hit","no_hit","no_hit","g_","s_"
"3409","ASV_3497",-0.000744705227261325,0.00172155820660721,-0.00131598383473795,"ASV_3497","no_hit","unknown","unknown","unknown","unknown","unknown","uncultured marine eukaryote"
"3410","ASV_3498",-0.000481792005085926,-0.000685463363453203,0.000787689086177928,"ASV_3498","no_hit","Euglenozoa","unknown","Diplonemea","no_hit","g_","s_"
"3411","ASV_3499",-0.000302412834335665,-0.00699211931230903,-0.00169427889937692,"ASV_3499","no_hit","Euglenozoa","unknown","Diplonemea","unknown","g_","s_"
"3412","ASV_3500",0.00491469332686798,-0.0162378150966148,-0.00733988017719831,"ASV_3500","no_hit","unknown","unknown","unknown","unknown","g_","s_"
"3413","ASV_3501",0.00011113284186182,-0.00443539615339232,-0.000797548265071833,"ASV_3501","Metazoa","Chordata","Appendicularia","Copelata","Fritillariidae","g_","s_"
"3414","ASV_3502",0.00598850434932815,0.000650120897723754,-0.0061228903507797,"ASV_3502","no_hit","Dinophyceae","Dinophyceae","Peridiniales","Heterocapsaceae","Heterocapsa","no_hit"
"3415","ASV_3503",0.00625327873255467,0.00205780436088934,-0.00204789319069848,"ASV_3503","no_hit","unknown","unknown","unknown","unknown","g_","s_"
"3416","ASV_3504",0.00101038661314554,-0.00118831218191947,-0.00014169701877625,"ASV_3504","no_hit","Ciliophora","Oligohymenophorea","Apostomatida","Colliniidae","g_","s_"
"3417","ASV_3505",-0.000637736159223587,0.0032017636971334,0.00199664213666323,"ASV_3505","no_hit","no_hit","no_hit","no_hit","no_hit","g_","s_"
"3418","ASV_3506",0.00120148919924387,-0.0054566846614464,-0.00204398119845853,"ASV_3506","no_hit","unknown","unknown","unknown","unknown","g_","s_"
"3419","ASV_3507",0.0063403751805828,0.00268586163300873,-0.00193398750135732,"ASV_3507","no_hit","unknown","Bigyra","Nanomonadea","unknown","g_","s_"
"3420","ASV_3508",0.00445041083914291,-0.00582848457336448,-0.00317877996027489,"ASV_3508","no_hit","Bacillariophyta","Coscinodiscophyceae","Melosirales","Stephanopyxidaceae","Stephanopyxis","s_"
"3421","ASV_3509",-0.00228529551929781,0.00229108774513441,-0.00231666638218157,"ASV_3509","no_hit","Dinophyceae","Dinophyceae","Gymnodiniales","Warnowiaceae","g_","s_"
"3422","ASV_3510",0.00148969136443655,-0.00879892105535366,-0.00278686475393806,"ASV_3510","no_hit","Dinophyceae","Dinophyceae","Syndiniales","Amoebophryaceae","g_","s_"
"3423","ASV_3511",0.000577145178525984,-0.00270933422320633,-0.000422064674535147,"ASV_3511","no_hit","no_hit","no_hit","no_hit","no_hit","no_hit","s_"
"3424","ASV_3512",-0.000174217528780301,-0.00728329487384948,-0.00168284000731309,"ASV_3512","no_hit","unknown","Polycystinea","no_hit","no_hit","no_hit","no_hit"
"3425","ASV_3513",-0.000784974776296811,-0.00461238614402783,-0.00292896830929307,"ASV_3513","no_hit","no_hit","no_hit","no_hit","no_hit","no_hit","no_hit"
"3426","ASV_3514",-0.000360743497895868,-0.00151761724388222,0.00039160170280769,"ASV_3514","no_hit","unknown","unknown","unknown","unknown","unknown","s_"
"3427","ASV_3515",6.97280472791762e-05,0.00111396072829461,-6.57256931942304e-05,"ASV_3515","no_hit","no_hit","no_hit","no_hit","no_hit","no_hit","no_hit"
"3428","ASV_3516",0.00371886700094205,-0.00359896867731107,-0.00223360081387101,"ASV_3516","no_hit","Euglenozoa","unknown","Diplonemea","unknown","unknown","Diplonemida sp. 1sb RG-2016"
"3429","ASV_3517",0.00381983960321279,0.00413804582461345,-0.00104003311719013,"ASV_3517","no_hit","unknown","Bigyra","Nanomonadea","unknown","Solenicola","Solenicola setigera"
"3430","ASV_3518",-0.0050101071378454,0.00111467958936027,-0.00429380954902833,"ASV_3518","no_hit","Dinophyceae","Dinophyceae","Prorocentrales","Prorocentraceae","g_","s_"
"3431","ASV_3519",-0.000535049357009079,0.000189821797915066,0.00115228205010947,"ASV_3519","no_hit","Dinophyceae","Dinophyceae","Coccidiniales","Chytriodiniaceae","g_","s_"
"3432","ASV_3520",0.00273849380983235,-0.00204404926746726,-0.00255258129100087,"ASV_3520","no_hit","no_hit","no_hit","no_hit","no_hit","g_","s_"
"3433","ASV_3521",0.00901953783211895,0.00790316215200053,0.000158979820240267,"ASV_3521","no_hit","no_hit","no_hit","no_hit","no_hit","g_","s_"
"3434","ASV_3522",0.000288444820425315,-0.00252806721913931,-0.000227184529583892,"ASV_3522","no_hit","Dinophyceae","Dinophyceae","no_hit","no_hit","no_hit","no_hit"
"3435","ASV_3523",0.0022152249254606,-0.00626642433337931,-0.00605360419534722,"ASV_3523","no_hit","Dinophyceae","Dinophyceae","Syndiniales","Amoebophryaceae","g_","s_"
"3436","ASV_3524",0.00074607951688269,-0.0024694008934395,-0.00112144461310989,"ASV_3524","no_hit","Dinophyceae","Dinophyceae","Syndiniales","no_hit","g_","s_"
"3437","ASV_3526",0.00560371813897629,-0.00807493247662995,-0.00679032153719279,"ASV_3526","no_hit","no_hit","no_hit","no_hit","no_hit","no_hit","no_hit"
"3438","ASV_3527",0.00316517408905925,0.00426918861583645,-0.000680837581591936,"ASV_3527","no_hit","Dinophyceae","Dinophyceae","Syndiniales","Amoebophryaceae","Amoebophrya","no_hit"
"3439","ASV_3528",0.00165994802083676,-0.0128304538520588,-0.00490043369063254,"ASV_3528","no_hit","Dinophyceae","Dinophyceae","no_hit","no_hit","no_hit","no_hit"
"3440","ASV_3529",0.00912901811700696,0.0051484402403211,-0.00192958981870348,"ASV_3529","no_hit","no_hit","no_hit","no_hit","no_hit","no_hit","s_"
"3441","ASV_3530",-0.000111944831698497,-0.00435205999680696,-0.000703104597254466,"ASV_3530","no_hit","Dinophyceae","Dinophyceae","Syndiniales","no_hit","g_","s_"
"3442","ASV_3531",0.00632978406993026,-0.000862575205997987,-0.00382637490896845,"ASV_3531","no_hit","Ciliophora","no_hit","no_hit","no_hit","g_","s_"
"3443","ASV_3532",-0.00368204704836261,0.000865529939404608,-0.0024084140725594,"ASV_3532","no_hit","Dinophyceae","Dinophyceae","Peridiniales","Protoperidiniaceae","g_","s_"
"3444","ASV_3533",0.00070177142666784,-0.00820746017771116,-0.00245891800531352,"ASV_3533","no_hit","Euglenozoa","unknown","Diplonemea","unknown","unknown","s_"
"3445","ASV_3534",0.0140413362508023,0.00652826612814831,-0.00376960423078702,"ASV_3534","Viridiplantae","Chlorophyta","Nephroselmidophyceae","Nephroselmidales","Nephroselmidaceae","g_","s_"
"3446","ASV_3535",0.00718675916207551,-0.00223213635439992,-0.00497308201085555,"ASV_3535","no_hit","unknown","unknown","unknown","unknown","unknown","uncultured marine picoeukaryote"
"3447","ASV_3536",-0.00110968493087137,0.000416843330003759,0.00172612970238651,"ASV_3536","Metazoa","Arthropoda","Hexanauplia","Calanoida","Calanidae","g_","s_"
"3448","ASV_3538",0.0026192888044476,-0.000563647187472021,-0.000996745589221682,"ASV_3538","no_hit","no_hit","no_hit","no_hit","no_hit","g_","s_"
"3449","ASV_3539",-0.0017973661478757,-0.000658359267103182,-0.00607444401464334,"ASV_3539","no_hit","Dinophyceae","Dinophyceae","no_hit","no_hit","no_hit","no_hit"
"3450","ASV_3540",0.00183653943351675,-0.00175286043139608,-0.00335889688107953,"ASV_3540","no_hit","no_hit","no_hit","no_hit","no_hit","g_","s_"
"3451","ASV_3541",-0.0030627932163332,0.00201909071388962,-0.00273132137798294,"ASV_3541","no_hit","Bacillariophyta","Bacillariophyceae","Bacillariales","Bacillariaceae","Pseudo-nitzschia","no_hit"
"3452","ASV_3542",-0.000558105134168371,0.000695033570228218,0.00163913405574107,"ASV_3542","no_hit","Ciliophora","Oligohymenophorea","Philasterida","Loxocephalidae","g_","s_"
"3453","ASV_3543",0.000633723377509341,-0.0102711108618577,-0.00336550681432825,"ASV_3543","no_hit","Euglenozoa","unknown","Diplonemea","unknown","g_","s_"
"3454","ASV_3544",0.000662672390697085,-0.00700152741796722,-0.0024394880991442,"ASV_3544","no_hit","no_hit","no_hit","no_hit","no_hit","g_","s_"
"3455","ASV_3546",0.00814236242017127,-0.0129334014352143,-0.00818453023883865,"ASV_3546","no_hit","unknown","unknown","unknown","unknown","unknown","s_"
"3456","ASV_3547",0.00335472212254153,-0.000780190893994335,-0.00176816487565801,"ASV_3547","no_hit","no_hit","no_hit","no_hit","no_hit","no_hit","no_hit"
"3457","ASV_3548",0.00237238510185596,0.00412577659360718,-0.00105087849149992,"ASV_3548","no_hit","unknown","Acantharea","Arthracanthida","Acanthometridae","g_","s_"
"3458","ASV_3549",0.00117298738751274,-0.0103163723120716,-0.00298426299603528,"ASV_3549","no_hit","unknown","unknown","unknown","unknown","g_","s_"
"3459","ASV_3550",0.00116076336182488,-0.00122679309197635,-0.000377322940442737,"ASV_3550","no_hit","unknown","Polycystinea","Spumellaria","Rhizosphaeridae","g_","s_"
"3460","ASV_3551",-0.00418890471298181,0.000786654848938093,-0.00383459026381292,"ASV_3551","no_hit","Dinophyceae","Dinophyceae","Syndiniales","Amoebophryaceae","g_","s_"
"3461","ASV_3552",0.00453808498334029,0.00507117872419928,-0.000982774305037505,"ASV_3552","no_hit","Dinophyceae","Dinophyceae","Syndiniales","no_hit","g_","s_"
"3462","ASV_3554",0.00170179937367927,-0.0128439959984653,-0.00474394057348705,"ASV_3554","no_hit","no_hit","no_hit","no_hit","no_hit","g_","s_"
"3463","ASV_3555",0.00891692251669428,0.00788495707956255,0.00025319841978037,"ASV_3555","no_hit","no_hit","no_hit","no_hit","no_hit","g_","s_"
"3464","ASV_3556",0.0056951236012696,0.0052906741187967,0.000283388222470085,"ASV_3556","Metazoa","Hemichordata","Enteropneusta","no_hit","no_hit","g_","s_"
"3465","ASV_3557",-0.000373217679244778,0.00146440036598501,0.00146371454477191,"ASV_3557","no_hit","Ciliophora","Prostomatea","Prorodontida","Colepidae","Tiarina","no_hit"
"3466","ASV_3558",-0.000468997561155109,0.00055964384031253,0.00125317273371795,"ASV_3558","no_hit","Dinophyceae","Dinophyceae","no_hit","no_hit","no_hit","no_hit"
"3467","ASV_3559",-0.0044090192478367,0.00220459773382336,-0.00414473766360957,"ASV_3559","no_hit","Dinophyceae","Dinophyceae","Peridiniales","Protoperidiniaceae","g_","s_"
"3468","ASV_3560",0.00395928634053461,0.00401385034683972,-0.000539648718457444,"ASV_3560","no_hit","unknown","unknown","unknown","unknown","g_","s_"
"3469","ASV_3561",0.00626803242262447,-0.00384677673126773,-0.00466497548236405,"ASV_3561","no_hit","Dinophyceae","Dinophyceae","Syndiniales","Amoebophryaceae","g_","s_"
"3470","ASV_3562",0.000726273711414603,0.00113569027384198,-0.00100877191460287,"ASV_3562","no_hit","no_hit","no_hit","no_hit","no_hit","g_","s_"
"3471","ASV_3563",-0.000371847085600999,0.00231421243258138,-0.00124559290767384,"ASV_3563","no_hit","Dinophyceae","Dinophyceae","Syndiniales","Amoebophryaceae","Amoebophrya","s_"
"3472","ASV_3564",-0.00331420017328281,0.00435773761784032,-0.00451534677242458,"ASV_3564","no_hit","Dinophyceae","Dinophyceae","Syndiniales","Amoebophryaceae","g_","s_"
"3473","ASV_3566",0.00647817127186942,0.00345209975479008,-0.000868764516471498,"ASV_3566","no_hit","Cercozoa","no_hit","no_hit","no_hit","no_hit","no_hit"
"3474","ASV_3567",-0.000158356924776909,0.000515628454596109,0.00104593033282492,"ASV_3567","no_hit","no_hit","no_hit","no_hit","no_hit","no_hit","s_"
"3475","ASV_3568",-4.35587630892102e-05,-0.00729643994965698,-0.00176845513317048,"ASV_3568","no_hit","unknown","Polycystinea","no_hit","no_hit","no_hit","no_hit"
"3476","ASV_3569",-0.00120987122913676,0.00068564768849414,-0.00469375875180275,"ASV_3569","no_hit","no_hit","no_hit","no_hit","no_hit","no_hit","no_hit"
"3477","ASV_3570",0.00173296069967608,-0.00206824175223145,-0.00542144924119197,"ASV_3570","no_hit","unknown","Bigyra","Thraustochytrida","Thraustochytriaceae","g_","s_"
"3478","ASV_3571",0.00553744490541798,0.00917274610740886,-0.00322255388607479,"ASV_3571","no_hit","Bacillariophyta","Coscinodiscophyceae","Melosirales","Stephanopyxidaceae","g_","s_"
"3479","ASV_3572",0.0013181261346465,-0.00170254539683687,-0.00126217490909552,"ASV_3572","no_hit","unknown","Bigyra","no_hit","no_hit","g_","s_"
"3480","ASV_3573",0.00480145770146952,-0.00372949538999305,-0.00547184060947757,"ASV_3573","no_hit","unknown","Bigyra","Thraustochytrida","Thraustochytriaceae","Labyrinthulochytrium","Labyrinthulochytrium arktikum"
"3481","ASV_3574",0.000983697061257013,-0.00136422480186381,-0.00198670067573304,"ASV_3574","Viridiplantae","Chlorophyta","Pyramimonadophyceae","Pyramimonadales","Pyramimonadaceae","Pterosperma","Pterosperma cristatum"
"3482","ASV_3575",-6.51967069090751e-05,-0.0005401997494927,0.00067160189555781,"ASV_3575","no_hit","no_hit","no_hit","no_hit","no_hit","g_","s_"
"3483","ASV_3576",0.00224716798308958,-0.00432338255414133,-0.00590276690997403,"ASV_3576","no_hit","unknown","unknown","unknown","unknown","g_","s_"
"3484","ASV_3577",0.000263115776244616,-0.0028978225437641,-0.00332758366630549,"ASV_3577","Metazoa","Chordata","Thaliacea","Pyrosomata","Pyrosomatidae","Pyrosoma","Pyrosoma atlanticum"
"3485","ASV_3578",-0.000476704955794278,0.000547813810397519,0.00126101379357224,"ASV_3578","no_hit","unknown","unknown","unknown","unknown","g_","s_"
"3486","ASV_3579",0.00230424339218638,-0.00586884434760983,-0.00277146531399068,"ASV_3579","no_hit","unknown","Synurophyceae","Synurales","Mallomonadaceae","Synura","s_"
"3487","ASV_3580",-0.00571373952926687,0.00190466371100204,-0.00515001904727294,"ASV_3580","no_hit","unknown","unknown","unknown","unknown","g_","s_"
"3488","ASV_3581",0.00145116191246674,-0.00768049391209785,-0.0027693416758826,"ASV_3581","no_hit","Dinophyceae","Dinophyceae","Syndiniales","Amoebophryaceae","g_","s_"
"3489","ASV_3582",-0.00901859977738124,0.00482128886339025,-0.00952490979953938,"ASV_3582","no_hit","Bacillariophyta","Coscinodiscophyceae","Rhizosoleniales","Rhizosoleniaceae","Neocalyptrella","Neocalyptrella robusta"
"3490","ASV_3583",-0.000459434842593312,-0.000128977854631067,0.00106847777604914,"ASV_3583","no_hit","Ciliophora","Spirotrichea","Tintinnida","Tintinnidae","g_","s_"
"3491","ASV_3584",-0.00804804156147239,0.00757832185102901,-0.0108213257059501,"ASV_3584","no_hit","unknown","unknown","unknown","unknown","g_","s_"
"3492","ASV_3585",-0.00176202793774854,0.00232863129588377,0.00206523865418769,"ASV_3585","no_hit","Dinophyceae","Dinophyceae","Gonyaulacales","Goniodomataceae","g_","s_"
"3493","ASV_3586",0.000695222223083478,-0.00428989466467223,-0.000962515986801396,"ASV_3586","no_hit","no_hit","no_hit","no_hit","no_hit","no_hit","no_hit"
"3494","ASV_3587",0.00091583719846785,-0.00304295504933615,-0.00115827486852134,"ASV_3587","no_hit","Euglenozoa","unknown","Diplonemea","unknown","g_","s_"
"3495","ASV_3588",-0.000493703604953314,-0.00168860853620115,0.000377588893332087,"ASV_3588","no_hit","Dinophyceae","Dinophyceae","Syndiniales","no_hit","no_hit","s_"
"3496","ASV_3589",0.00233312826468062,-0.00878941013226264,-0.00366810090336301,"ASV_3589","no_hit","Dinophyceae","Dinophyceae","no_hit","no_hit","no_hit","no_hit"
"3497","ASV_3590",-0.00670440371169428,0.00246498829614358,-0.0048122170949838,"ASV_3590","no_hit","Dinophyceae","Dinophyceae","Prorocentrales","Prorocentraceae","Prorocentrum","Prorocentrum triestinum"
"3498","ASV_3591",0.00231911992362335,-0.00845067119383229,-0.00579057096197864,"ASV_3591","no_hit","Dinophyceae","Dinophyceae","no_hit","no_hit","no_hit","no_hit"
"3499","ASV_3592",-0.000764172689802821,-0.000842585805068296,0.00109070092754011,"ASV_3592","no_hit","Dinophyceae","Dinophyceae","Syndiniales","Amoebophryaceae","Amoebophrya","s_"
"3500","ASV_3593",0.000609127927281787,-0.0113946399804981,-0.0035449123056659,"ASV_3593","no_hit","Haptophyta","no_hit","no_hit","no_hit","g_","s_"
"3501","ASV_3594",0.00128914547818944,-0.00775582893224914,-0.00238984627505681,"ASV_3594","no_hit","Euglenozoa","unknown","Diplonemea","no_hit","no_hit","s_"
"3502","ASV_3595",-0.000511811330000884,-0.00170160688563915,0.000575551590684511,"ASV_3595","no_hit","unknown","unknown","unknown","unknown","g_","s_"
"3503","ASV_3596",0.000654061739651558,-7.35792190856388e-05,0.000510950262669759,"ASV_3596","no_hit","unknown","unknown","unknown","unknown","g_","s_"
"3504","ASV_3597",0.00148976425748001,-0.00170896465178117,-0.00228408934048156,"ASV_3597","no_hit","Dinophyceae","Dinophyceae","Syndiniales","Amoebophryaceae","g_","s_"
"3505","ASV_3598",0.00315675427204692,-0.00541405927993383,-0.0026515551321108,"ASV_3598","no_hit","Dinophyceae","Dinophyceae","Syndiniales","Amoebophryaceae","g_","s_"
"3506","ASV_3599",0.00659826935811855,0.00491592655097405,-8.24266620164076e-05,"ASV_3599","Fungi","Mucoromycota","no_hit","no_hit","no_hit","g_","s_"
"3507","ASV_3600",-0.000940352885877848,0.00288535413671991,0.00242520147242755,"ASV_3600","no_hit","Dinophyceae","Dinophyceae","unknown","unknown","g_","s_"
"3508","ASV_3601",-0.00424531358461896,0.000647595286505401,-0.00302046402472316,"ASV_3601","no_hit","Dinophyceae","Dinophyceae","Peridiniales","Protoperidiniaceae","g_","s_"
"3509","ASV_3602",0.0109974651874071,0.00960623967926692,0.000434942767313056,"ASV_3602","Metazoa","Cnidaria","Hydrozoa","Leptothecata","no_hit","no_hit","s_"
"3510","ASV_3603",-0.000323388342528279,-0.00320312176601449,-0.000283539596317585,"ASV_3603","no_hit","no_hit","no_hit","no_hit","no_hit","no_hit","no_hit"
"3511","ASV_3604",0.000545664855766639,-0.00180091167082157,-0.0004779909489215,"ASV_3604","no_hit","Dinophyceae","Dinophyceae","Syndiniales","unknown","g_","s_"
"3512","ASV_3605",0.00712346649326002,-0.00143690776448139,-0.00234630932318045,"ASV_3605","no_hit","Ciliophora","Spirotrichea","Tintinnida","no_hit","g_","s_"
"3513","ASV_3606",0.00206909115779953,-0.00842545684365229,-0.00448158309566682,"ASV_3606","no_hit","unknown","unknown","unknown","unknown","g_","s_"
"3514","ASV_3607",-0.000375971357585257,-0.000405803650301092,0.00136755382705397,"ASV_3607","no_hit","Dinophyceae","Dinophyceae","Gymnodiniales","Warnowiaceae","Proterythropsis","no_hit"
"3515","ASV_3608",0.00304708271938863,-0.0125911600600188,-0.00543676592117981,"ASV_3608","no_hit","Dinophyceae","Dinophyceae","Peridiniales","Peridiniaceae","g_","s_"
"3516","ASV_3609",-0.000897121773633221,-9.91690310734386e-05,0.000551914235096674,"ASV_3609","no_hit","Oomycota","unknown","Lagenidiales","Haliphthoraceae","Haliphthoros","s_"
"3517","ASV_3610",0.00330926608807966,-0.00387938915713668,-0.00264319262940471,"ASV_3610","no_hit","Haptophyta","unknown","Prymnesiales","Prymnesiaceae","no_hit","no_hit"
"3518","ASV_3611",0.00403798969023382,-0.00455481310732824,-0.00338514667553054,"ASV_3611","no_hit","unknown","unknown","unknown","unknown","g_","s_"
"3519","ASV_3612",0.000302785374430286,-0.00981403874396227,-0.00272628381942436,"ASV_3612","no_hit","unknown","unknown","unknown","unknown","g_","s_"
"3520","ASV_3613",0.000524678799993875,0.000639906513223456,-0.00271832041063539,"ASV_3613","no_hit","Dinophyceae","Dinophyceae","Syndiniales","Amoebophryaceae","g_","s_"
"3521","ASV_3614",0.00315465694593678,0.00265860369788086,-0.000791810520665597,"ASV_3614","no_hit","Dinophyceae","Dinophyceae","Syndiniales","no_hit","g_","s_"
"3522","ASV_3615",-0.00152017631833122,0.00390778645986618,-0.00364177120449456,"ASV_3615","no_hit","unknown","unknown","unknown","unknown","unknown","uncultured marine eukaryote"
"3523","ASV_3616",0.00584429631473274,0.00461054717108499,-0.00291664034585668,"ASV_3616","no_hit","Cercozoa","no_hit","no_hit","no_hit","g_","s_"
"3524","ASV_3617",0.00260235457303079,-0.00897832193516725,-0.0034003649806447,"ASV_3617","no_hit","Dinophyceae","Dinophyceae","Syndiniales","Amoebophryaceae","Amoebophrya","s_"
"3525","ASV_3618",-0.00331309955228288,0.00152822685642312,-0.00260690519126253,"ASV_3618","no_hit","Dinophyceae","Dinophyceae","Thoracosphaerales","Thoracosphaeraceae","Calciodinellum","Calciodinellum operosum"
"3526","ASV_3619",-0.00200887324645552,0.00300099624776763,-0.00399823387238482,"ASV_3619","no_hit","Dinophyceae","Dinophyceae","no_hit","no_hit","no_hit","no_hit"
"3527","ASV_3620",0.00060056623770708,-0.0122177509591281,-0.00393381107437484,"ASV_3620","no_hit","Dinophyceae","Dinophyceae","Gymnodiniales","Kareniaceae","Takayama","s_"
"3528","ASV_3621",-0.00269791053799153,-0.00199637539193586,0.00135970037269464,"ASV_3621","no_hit","unknown","unknown","unknown","unknown","unknown","uncultured marine picoeukaryote"
"3529","ASV_3622",0.00185216352868683,-0.0162526679033565,-0.00606685026031698,"ASV_3622","no_hit","no_hit","no_hit","no_hit","no_hit","no_hit","no_hit"
"3530","ASV_3623",0.00537089106742472,-0.00750372657418499,-0.00459143969603383,"ASV_3623","no_hit","unknown","unknown","unknown","unknown","unknown","uncultured marine eukaryote"
"3531","ASV_3624",-0.000578370693311175,0.00337721978298685,0.00237090732924184,"ASV_3624","no_hit","Dinophyceae","Dinophyceae","no_hit","no_hit","g_","s_"
"3532","ASV_3625",0.00226333958993885,-0.00194187582494773,-0.000748097781020707,"ASV_3625","no_hit","Dinophyceae","Dinophyceae","Gymnodiniales","Kareniaceae","g_","s_"
"3533","ASV_3626",0.000449233895078777,-0.000559043058100939,0.000732620017965237,"ASV_3626","no_hit","Dinophyceae","Dinophyceae","Syndiniales","no_hit","no_hit","no_hit"
"3534","ASV_3627",0.00536623476628103,-0.0122634801445276,-0.00520850667415656,"ASV_3627","no_hit","Dinophyceae","Dinophyceae","no_hit","no_hit","no_hit","no_hit"
"3535","ASV_3628",0.00221349478056683,-0.015645098813352,-0.00598718114036517,"ASV_3628","no_hit","Dinophyceae","Dinophyceae","Suessiales","Suessiaceae","g_","s_"
"3536","ASV_3629",0.00290233308219744,-0.00398156119131691,-0.00277783066622546,"ASV_3629","no_hit","no_hit","no_hit","no_hit","no_hit","g_","s_"
"3537","ASV_3630",0.00505871852378316,0.00159984149821783,-0.00230275563107705,"ASV_3630","Viridiplantae","Chlorophyta","Nephroselmidophyceae","Nephroselmidales","Nephroselmidaceae","g_","s_"
"3538","ASV_3631",0.00221907209009635,-0.00355987948487265,-0.00139063753853339,"ASV_3631","no_hit","Dinophyceae","Dinophyceae","Blastodiniales","unknown","Blastodinium","Blastodinium mangini"
"3539","ASV_3632",-0.000548862430067371,-0.0021802137131842,0.000215568959225395,"ASV_3632","no_hit","no_hit","no_hit","no_hit","no_hit","no_hit","no_hit"
"3540","ASV_3633",0.00033534248223636,-0.00244104973320568,-0.000305641463516298,"ASV_3633","no_hit","Dinophyceae","Dinophyceae","Blastodiniales","unknown","Blastodinium","Blastodinium mangini"
"3541","ASV_3634",0.00955591776003446,0.00967883027810332,-0.00137355526108168,"ASV_3634","no_hit","Dinophyceae","Dinophyceae","Syndiniales","Amoebophryaceae","Amoebophrya","s_"
"3542","ASV_3635",0.003550612414252,-0.00103338788844416,-0.00128625367875828,"ASV_3635","no_hit","Dinophyceae","Dinophyceae","no_hit","no_hit","no_hit","s_"
"3543","ASV_3636",0.0109473368866455,0.00959551390907992,-0.00131039677704041,"ASV_3636","no_hit","Dinophyceae","Dinophyceae","Syndiniales","no_hit","g_","s_"
"3544","ASV_3637",0.00134609343795917,-0.0161929537754209,-0.00580298387243196,"ASV_3637","no_hit","no_hit","no_hit","no_hit","no_hit","no_hit","no_hit"
"3545","ASV_3638",-0.00350595646660998,0.003289185168204,-0.00754038694856956,"ASV_3638","no_hit","Dinophyceae","Dinophyceae","Syndiniales","no_hit","no_hit","no_hit"
"3546","ASV_3639",0.000897862732044128,0.00103723673466839,0.000874284074207555,"ASV_3639","Metazoa","Arthropoda","Hexanauplia","Calanoida","Clausocalanidae","Clausocalanus","no_hit"
"3547","ASV_3640",-9.95200126617654e-05,0.00414397335597056,-0.0040347006274316,"ASV_3640","no_hit","unknown","Cryptophyceae","Cryptomonadales","Hemiselmidaceae","Hemiselmis","Hemiselmis cryptochromatica"
"3548","ASV_3641",-0.00217945369281197,0.0014741902661192,-0.00281534228784789,"ASV_3641","Metazoa","Chordata","Appendicularia","Copelata","Fritillariidae","Fritillaria <tunicates>","Fritillaria borealis"
"3549","ASV_3642",0.0028972159654585,0.000164357387019657,-0.000822427816647799,"ASV_3642","no_hit","Dinophyceae","Dinophyceae","Syndiniales","Amoebophryaceae","g_","s_"
"3550","ASV_3643",-0.00154066700076532,0.00176929752980838,-0.00235409362836968,"ASV_3643","no_hit","Dinophyceae","Dinophyceae","Peridiniales","Protoperidiniaceae","g_","s_"
"3551","ASV_3644",0.000173719303210732,-0.00642422264262519,-0.00154951865582376,"ASV_3644","no_hit","Dinophyceae","Dinophyceae","Syndiniales","Amoebophryaceae","g_","s_"
"3552","ASV_3645",0.00749414358575943,0.00305145086208886,-0.0027853222132564,"ASV_3645","no_hit","unknown","unknown","unknown","unknown","unknown","eukaryote clone OLI11261"
"3553","ASV_3646",-0.000376337523248009,-0.00749145712734615,-0.00170525758153589,"ASV_3646","no_hit","Dinophyceae","Dinophyceae","Syndiniales","Duboscquellidae","Duboscquella","s_"
"3554","ASV_3647",-0.00205828990761341,0.000717477910646775,-0.00105929887070018,"ASV_3647","no_hit","Dinophyceae","Dinophyceae","Syndiniales","Amoebophryaceae","Amoebophrya","no_hit"
"3555","ASV_3648",0.000717791943178032,0.00257715400522614,-0.00115142062101296,"ASV_3648","no_hit","Bacillariophyta","Coscinodiscophyceae","Stephanodiscales","Stephanodiscaceae","Cyclotella","Cyclotella striata"
"3556","ASV_3649",-0.00665768718957815,0.00480328240618284,-0.00693618191057221,"ASV_3649","no_hit","Bacillariophyta","Coscinodiscophyceae","Chaetocerotales","Chaetocerotaceae","Chaetoceros","s_"
"3557","ASV_3650",-0.000545546308103075,0.00496820438149949,-0.00352546905713836,"ASV_3650","Viridiplantae","Chlorophyta","Pyramimonadophyceae","Pyramimonadales","Pyramimonadaceae","Pterosperma","Pterosperma cristatum"
"3558","ASV_3651",0.00200254310163718,-0.00475883106137751,-0.00212224868737952,"ASV_3651","no_hit","Dinophyceae","Dinophyceae","Syndiniales","Syndiniaceae","g_","s_"
"3559","ASV_3652",0.000238153196941634,0.00118328061275403,-0.000210545316510483,"ASV_3652","no_hit","Dinophyceae","Dinophyceae","Syndiniales","Amoebophryaceae","g_","s_"
"3560","ASV_3653",3.22966974855561e-05,-0.00506405049256781,-0.000954503884954913,"ASV_3653","no_hit","Dinophyceae","Dinophyceae","Syndiniales","no_hit","no_hit","s_"
"3561","ASV_3654",-0.00218563248748574,-0.00345432439015296,-0.00533324482885016,"ASV_3654","no_hit","unknown","unknown","unknown","unknown","g_","s_"
"3562","ASV_3656",0.00158497923742474,-0.00731865552715046,-0.00517836840777681,"ASV_3656","no_hit","unknown","Phaeophyceae","Ascoseirales","unknown","g_","s_"
"3563","ASV_3657",0.00796221863249465,-0.00352752523674834,-0.0042413208320183,"ASV_3657","Metazoa","Chordata","Appendicularia","Copelata","Oikopleuridae","Oikopleura","s_"
"3564","ASV_3658",0.00324483400006264,-0.00438798235822152,-0.00227146396729327,"ASV_3658","no_hit","Dinophyceae","Dinophyceae","Syndiniales","Amoebophryaceae","Amoebophrya","s_"
"3565","ASV_3659",-0.00429643189541457,-0.00174134966276017,-0.00638413134370386,"ASV_3659","no_hit","Dinophyceae","Dinophyceae","no_hit","no_hit","no_hit","s_"
"3566","ASV_3660",0.000931851609698167,-0.0128555581805361,-0.00450167500850719,"ASV_3660","no_hit","Dinophyceae","Dinophyceae","Syndiniales","no_hit","no_hit","no_hit"
"3567","ASV_3661",-0.000513870763240996,-0.000110287518928295,0.00103337532793408,"ASV_3661","no_hit","no_hit","no_hit","no_hit","no_hit","no_hit","no_hit"
"3568","ASV_3662",0.000537460538345782,-0.00691474615799169,-0.00201541190324659,"ASV_3662","no_hit","Dinophyceae","Dinophyceae","Syndiniales","Amoebophryaceae","g_","s_"
"3569","ASV_3663",0.00938052781549213,-0.00239792900486587,-0.00470281718050402,"ASV_3663","no_hit","Dinophyceae","Dinophyceae","no_hit","no_hit","no_hit","s_"
"3570","ASV_3664",0.000955481988314416,-0.0108446979989594,-0.00379236952351654,"ASV_3664","no_hit","Cercozoa","unknown","Cercomonadida","Cercomonadidae","g_","s_"
"3571","ASV_3665",0.00209040565644984,-0.00366778338199614,-0.00532584049547583,"ASV_3665","Viridiplantae","Chlorophyta","Mamiellophyceae","Dolichomastigales","Crustomastigaceae","g_","s_"
"3572","ASV_3666",0.0010244859231223,-0.00818749455351168,-0.00275767225521136,"ASV_3666","Metazoa","Annelida","Polychaeta","Phyllodocida","Typhloscolecidae","Typhloscolex","no_hit"
"3573","ASV_3667",-0.000391740277522711,0.00154136081564491,0.00155404254869355,"ASV_3667","no_hit","Dinophyceae","Dinophyceae","no_hit","no_hit","g_","s_"
"3574","ASV_3668",-0.000397927970842097,0.00373030209487903,0.00252103387660498,"ASV_3668","no_hit","Dinophyceae","Dinophyceae","no_hit","no_hit","g_","s_"
"3575","ASV_3669",-0.000367390264767169,-0.00198411756334953,0.000258967679323334,"ASV_3669","no_hit","no_hit","no_hit","no_hit","no_hit","no_hit","no_hit"
"3576","ASV_3670",0.00254027540778113,-0.00960482677035246,-0.00492816650955261,"ASV_3670","no_hit","Ciliophora","Spirotrichea","Tintinnida","Tintinnidae","Salpingella","Salpingella acuminata"
"3577","ASV_3671",0.00158366986820258,-0.00324198204563841,-0.000971667931756647,"ASV_3671","no_hit","Euglenozoa","unknown","Diplonemea","unknown","g_","s_"
"3578","ASV_3672",0.00176422320831353,-0.0049179546295793,-0.00194902890124103,"ASV_3672","no_hit","unknown","Bigyra","Nanomonadea","unknown","Solenicola","s_"
"3579","ASV_3673",0.00880866241888068,0.00230968812726892,-0.00300627940969722,"ASV_3673","no_hit","unknown","Bigyra","Thraustochytrida","Thraustochytriaceae","g_","s_"
"3580","ASV_3674",-0.00779143598429497,0.00263182677481671,-0.00610201650478335,"ASV_3674","no_hit","Dinophyceae","Dinophyceae","Peridiniales","Protoperidiniaceae","g_","s_"
"3581","ASV_3675",0.00557375998629528,-0.00514925871122996,-0.00473789277101688,"ASV_3675","no_hit","unknown","Cryptophyceae","Cyathomonadacea","Goniomonadaceae","Goniomonas","s_"
"3582","ASV_3676",0.000435794536079549,-0.00485983823167109,-0.00109230960180279,"ASV_3676","no_hit","Euglenozoa","unknown","Diplonemea","unknown","g_","s_"
"3583","ASV_3677",0.00652234002501242,0.00342217958328228,-0.00121480725073295,"ASV_3677","no_hit","Haptophyta","unknown","Prymnesiales","Prymnesiaceae","no_hit","no_hit"
"3584","ASV_3678",-0.00580142424209284,0.00229402773492837,-0.00435545734211285,"ASV_3678","no_hit","Dinophyceae","Dinophyceae","Dinophysiales","Dinophysiaceae","Dinophysis","Dinophysis acuminata"
"3585","ASV_3679",0.00846854756246898,-0.00364406003916875,-0.003755345404714,"ASV_3679","no_hit","unknown","unknown","unknown","unknown","unknown","s_"
"3586","ASV_3680",3.40239271642917e-05,6.68640418850984e-05,-0.00554117118175802,"ASV_3680","no_hit","Dinophyceae","Dinophyceae","Syndiniales","Amoebophryaceae","Amoebophrya","no_hit"
"3587","ASV_3681",0.00198772714469947,-0.000300575511362804,-0.00163664849456809,"ASV_3681","no_hit","Dinophyceae","Dinophyceae","unknown","unknown","g_","s_"
"3588","ASV_3682",0.00852428526911986,-0.00192461626315298,-0.00353085035018986,"ASV_3682","no_hit","unknown","Acantharea","Chaunacanthida","no_hit","g_","s_"
"3589","ASV_3683",0.00149417424968665,-0.00350408373383229,-0.00383676193415695,"ASV_3683","no_hit","no_hit","no_hit","no_hit","no_hit","no_hit","no_hit"
"3590","ASV_3684",0.00113273297835438,-0.0101297589383363,-0.00375360631070195,"ASV_3684","no_hit","unknown","unknown","unknown","unknown","unknown","uncultured marine eukaryote"
"3591","ASV_3685",0.00585306403470475,0.00665184286907981,-0.0031094730241164,"ASV_3685","no_hit","Dinophyceae","Dinophyceae","Syndiniales","Amoebophryaceae","g_","s_"
"3592","ASV_3686",0.00251472179735855,-0.00941844969443554,-0.00398018319052777,"ASV_3686","no_hit","unknown","Polycystinea","Nassellaria","Plagoniidae","g_","s_"
"3593","ASV_3687",0.00108787251087108,-0.00225696025802723,-0.00140730359946445,"ASV_3687","no_hit","Ciliophora","Oligohymenophorea","Philasterida","Loxocephalidae","g_","s_"
"3594","ASV_3688",-0.000778807536789015,0.00236785589679748,0.00226472842654553,"ASV_3688","no_hit","no_hit","no_hit","no_hit","no_hit","g_","s_"
"3595","ASV_3689",0.00598340316626922,-0.0105863995702027,-0.0056865834840041,"ASV_3689","no_hit","Ciliophora","no_hit","no_hit","no_hit","no_hit","s_"
"3596","ASV_3690",0.000304242421025039,-0.000750090675411646,0.000759462488423635,"ASV_3690","Metazoa","Chordata","Appendicularia","Copelata","Fritillariidae","Fritillaria <tunicates>","no_hit"
"3597","ASV_3691",0.00778471108140516,-0.00306075085852193,-0.00437365876385033,"ASV_3691","no_hit","Dinophyceae","Dinophyceae","Syndiniales","Amoebophryaceae","Amoebophrya","s_"
"3598","ASV_3692",0.00460182117050539,-0.00436563466121904,-0.00354596842627085,"ASV_3692","no_hit","Dinophyceae","Dinophyceae","no_hit","no_hit","no_hit","no_hit"
"3599","ASV_3693",0.00619429393243762,-0.00404708842947318,-0.00274205749299427,"ASV_3693","no_hit","Ciliophora","Oligohymenophorea","Philasterida","Cinetochilidae","g_","s_"
"3600","ASV_3695",0.000381638341403686,-0.0105361486122013,-0.00336050979096641,"ASV_3695","no_hit","unknown","unknown","unknown","unknown","g_","s_"
"3601","ASV_3696",-0.000157135167136018,0.00381383909013668,-0.00525105954572056,"ASV_3696","Viridiplantae","Chlorophyta","no_hit","no_hit","no_hit","no_hit","s_"
"3602","ASV_3697",0.00757774931438969,0.00691529892104709,0.000314952783167076,"ASV_3697","unassigned","unassigned","unassigned","unassigned","unassigned","g_","s_"
"3603","ASV_3698",-0.00413937480194601,0.000108392085482472,-0.00366931089466944,"ASV_3698","no_hit","no_hit","no_hit","no_hit","no_hit","g_","s_"
"3604","ASV_3699",-0.00162481084587295,0.000472021186025741,0.00221478985651822,"ASV_3699","no_hit","no_hit","no_hit","no_hit","no_hit","g_","s_"
"3605","ASV_3700",0.00227337878867899,0.00171062274649002,-0.00265311599418219,"ASV_3700","Viridiplantae","Chlorophyta","Trebouxiophyceae","no_hit","no_hit","g_","s_"
"3606","ASV_3701",-9.98677891896192e-05,-0.00251683415180729,-0.000109842952745877,"ASV_3701","no_hit","Dinophyceae","Dinophyceae","Syndiniales","Syndiniaceae","g_","s_"
"3607","ASV_3702",0.000129367841085674,0.00488444743662262,-0.00303717880219681,"ASV_3702","no_hit","no_hit","no_hit","no_hit","no_hit","g_","s_"
"3608","ASV_3703",-0.00145605471104452,0.000232262233683119,-6.4483948406737e-06,"ASV_3703","no_hit","Dinophyceae","Dinophyceae","Syndiniales","Amoebophryaceae","g_","s_"
"3609","ASV_3704",0.0111558664215507,0.0063395540778715,-0.00162630280933728,"ASV_3704","no_hit","Foraminifera","unknown","Rotaliida","Cassidulinidae","g_","s_"
"3610","ASV_3705",0.00327597176018841,-0.0104627330743316,-0.00471556248922591,"ASV_3705","no_hit","Euglenozoa","unknown","Diplonemea","unknown","g_","s_"
"3611","ASV_3706",-0.00132711904016527,-0.000332849934889877,-0.00278989671153836,"ASV_3706","no_hit","unknown","unknown","unknown","unknown","g_","s_"
"3612","ASV_3707",-0.00193776619370974,-0.000701393569499443,-0.00560831420430315,"ASV_3707","no_hit","Dinophyceae","Dinophyceae","Syndiniales","Eudubosquellidae","g_","s_"
"3613","ASV_3708",-0.0056719010775393,0.00146799068811074,-0.00742966717106355,"ASV_3708","no_hit","Euglenozoa","unknown","Diplonemea","Diplonemidae","g_","s_"
"3614","ASV_3709",0.00311894083070114,0.000374045059240555,-0.000351922310229105,"ASV_3709","no_hit","Tubulinea","unknown","unknown","unknown","g_","s_"
"3615","ASV_3710",0.00635006810778327,-0.00429506147892721,-0.00330116809200417,"ASV_3710","no_hit","Dinophyceae","Dinophyceae","Peridiniales","Peridiniaceae","g_","s_"
"3616","ASV_3711",0.00161144521374018,-0.0153664064477696,-0.00553911838043643,"ASV_3711","no_hit","Ciliophora","Colpodea","unknown","unknown","g_","s_"
"3617","ASV_3712",-0.0065214244125606,0.00279213503769179,-0.00484358920512,"ASV_3712","no_hit","unknown","Cryptophyceae","Pyrenomonadales","Pyrenomonadaceae","g_","s_"
"3618","ASV_3713",0.00357323892871013,-0.00882208049336735,-0.00499227965831166,"ASV_3713","no_hit","no_hit","no_hit","no_hit","no_hit","g_","s_"
"3619","ASV_3714",0.00288417706311578,-0.0134918306702457,-0.00606422458667005,"ASV_3714","no_hit","no_hit","no_hit","no_hit","no_hit","no_hit","no_hit"
"3620","ASV_3715",0.00112240650682313,-0.00622101776977785,-0.00225487857175807,"ASV_3715","no_hit","unknown","unknown","unknown","unknown","g_","s_"
"3621","ASV_3716",0.0028039372087047,-0.00410275866936823,-0.00198913416130929,"ASV_3716","no_hit","no_hit","no_hit","no_hit","no_hit","no_hit","no_hit"
"3622","ASV_3717",-0.00470781538876858,0.00302479437625787,-0.00505757263340178,"ASV_3717","no_hit","Cercozoa","no_hit","no_hit","no_hit","g_","s_"
"3623","ASV_3718",0.000324607394993685,-0.00515257621804323,-0.00153263369936047,"ASV_3718","no_hit","Dinophyceae","Dinophyceae","no_hit","no_hit","g_","s_"
"3624","ASV_3719",0.000457489826406897,-0.000431081628685876,-0.000117349975373717,"ASV_3719","no_hit","Dinophyceae","Dinophyceae","Gymnodiniales","Kareniaceae","Karlodinium","no_hit"
"3625","ASV_3720",-0.000467449371557122,0.00316684808828807,0.002043411576402,"ASV_3720","no_hit","Euglenozoa","unknown","Diplonemea","unknown","unknown","s_"
"3626","ASV_3721",0.000702988722425901,-0.00205855412852891,-0.00252386885959795,"ASV_3721","no_hit","no_hit","no_hit","no_hit","no_hit","g_","s_"
"3627","ASV_3722",0.00132109417763243,-0.008852670897675,-0.00282105146884609,"ASV_3722","no_hit","Dinophyceae","Dinophyceae","Syndiniales","Amoebophryaceae","Amoebophrya","s_"
"3628","ASV_3723",0.00648095727207483,0.00511473393874855,-9.8048973763597e-05,"ASV_3723","no_hit","Dinophyceae","Dinophyceae","no_hit","no_hit","no_hit","s_"
"3629","ASV_3724",0.0023680539168679,-0.00516143380077343,-0.00211166235601443,"ASV_3724","no_hit","no_hit","no_hit","no_hit","no_hit","g_","s_"
"3630","ASV_3725",-0.000445060933013771,-0.00380937179924249,-0.000436220187539557,"ASV_3725","no_hit","unknown","unknown","unknown","unknown","unknown","eukaryote clone OLI11012"
"3631","ASV_3726",0.00147369658594793,0.00333074844725372,-0.00592246887937837,"ASV_3726","no_hit","Dinophyceae","Dinophyceae","Gymnodiniales","Warnowiaceae","no_hit","no_hit"
"3632","ASV_3727",-0.000133190593991142,0.000174033484086332,-0.00046101707365531,"ASV_3727","no_hit","Dinophyceae","Dinophyceae","no_hit","no_hit","no_hit","no_hit"
"3633","ASV_3728",0.00161890446947327,-0.00480302264448886,-0.00209654688040399,"ASV_3728","no_hit","Dinophyceae","Dinophyceae","no_hit","no_hit","no_hit","s_"
"3634","ASV_3729",0.000690921691975156,-0.00233396364746659,-7.03042898411562e-05,"ASV_3729","no_hit","unknown","Polycystinea","no_hit","no_hit","no_hit","no_hit"
"3635","ASV_3730",-0.00159626336146516,0.000705109211058967,-0.00256440122599628,"ASV_3730","no_hit","Dinophyceae","Dinophyceae","Peridiniales","Protoperidiniaceae","Protoperidinium","s_"
"3636","ASV_3732",0.00151171119814115,-0.00076102464083525,7.5549401168567e-05,"ASV_3732","no_hit","Euglenozoa","unknown","Diplonemea","unknown","unknown","s_"
"3637","ASV_3733",0.0103698188778044,0.0081435990262201,-0.000770672326531544,"ASV_3733","no_hit","Dinophyceae","Dinophyceae","Syndiniales","no_hit","no_hit","no_hit"
"3638","ASV_3734",0.000671177901765578,-0.00507151183832346,-0.00129239399577848,"ASV_3734","no_hit","unknown","unknown","unknown","unknown","g_","s_"
"3639","ASV_3735",0.00128830118603529,-0.000550971451195989,-0.000644783074671563,"ASV_3735","no_hit","Dinophyceae","Dinophyceae","Syndiniales","Amoebophryaceae","g_","s_"
"3640","ASV_3736",-0.00129454256847328,0.000252947418859601,0.000229626387562235,"ASV_3736","no_hit","Dinophyceae","Dinophyceae","Gonyaulacales","Gonyaulacaceae","Alexandrium","no_hit"
"3641","ASV_3737",-0.00179763345108019,0.000387230087384126,-0.000136365241619453,"ASV_3737","no_hit","Dinophyceae","Dinophyceae","Gonyaulacales","Gonyaulacaceae","Alexandrium","no_hit"
"3642","ASV_3738",0.00202815362202882,-0.00756013589652618,-0.00259769318834582,"ASV_3738","no_hit","Ciliophora","Colpodea","unknown","unknown","g_","s_"
"3643","ASV_3739",-0.000646872284950007,0.00418731886639808,-0.00468585237710322,"ASV_3739","no_hit","no_hit","no_hit","no_hit","no_hit","g_","s_"
"3644","ASV_3740",0.00249476393222674,-0.00388376925789317,-0.00299170956544625,"ASV_3740","no_hit","unknown","unknown","unknown","unknown","g_","s_"
"3645","ASV_3741",-0.00548554041263934,0.00223200599740954,-0.00463763104828919,"ASV_3741","no_hit","Cercozoa","Chlorarachniophyceae","unknown","unknown","Norrisiella","Norrisiella sphaerica"
"3646","ASV_3742",0.00513326557240555,-0.011244858667967,-0.00610849443982583,"ASV_3742","no_hit","Bacillariophyta","Coscinodiscophyceae","Thalassiosirales","Thalassiosiraceae","no_hit","no_hit"
"3647","ASV_3743",0.00108356012798294,-0.00269726222429023,-0.000402586707091866,"ASV_3743","no_hit","Dinophyceae","Dinophyceae","no_hit","no_hit","no_hit","s_"
"3648","ASV_3744",-2.08883829526756e-05,-0.00891675034128394,-0.00240133097627802,"ASV_3744","no_hit","Euglenozoa","unknown","Diplonemea","unknown","unknown","s_"
"3649","ASV_3745",-0.00306795208634936,0.00203024580539686,-0.00320723747452861,"ASV_3745","no_hit","no_hit","no_hit","no_hit","no_hit","g_","s_"
"3650","ASV_3746",-0.000574117463448707,0.00018184495945266,0.00127846929669238,"ASV_3746","no_hit","unknown","unknown","unknown","unknown","g_","s_"
"3651","ASV_3747",-0.000384820110319887,-0.00653300411513769,-0.00240867688400986,"ASV_3747","no_hit","Dinophyceae","Dinophyceae","Gymnodiniales","Kareniaceae","Karlodinium","s_"
"3652","ASV_3748",0.00334152352520504,0.00142229130272621,-0.000974583827703045,"ASV_3748","no_hit","Dinophyceae","Dinophyceae","Blastodiniales","unknown","g_","s_"
"3653","ASV_3749",-0.0018148482935606,-0.00453236013608541,-0.00706320599147775,"ASV_3749","no_hit","unknown","unknown","unknown","unknown","unknown","uncultured marine picoeukaryote"
"3654","ASV_3750",-0.000428705760872865,0.00180681864449603,0.00173723840351547,"ASV_3750","no_hit","no_hit","no_hit","no_hit","no_hit","no_hit","no_hit"
"3655","ASV_3751",-0.00320527470554482,0.00022409938753275,-0.0042892067150604,"ASV_3751","no_hit","no_hit","no_hit","no_hit","no_hit","no_hit","s_"
"3656","ASV_3752",-0.000294017474211199,-0.00183130554551198,0.000656625418232142,"ASV_3752","Metazoa","Arthropoda","Ostracoda","Halocyprida","Halocyprididae","g_","s_"
"3657","ASV_3753",0.00419043051739553,0.00462041359297074,-9.17444934221043e-05,"ASV_3753","Viridiplantae","Chlorophyta","Mamiellophyceae","Mamiellales","Bathycoccaceae","Bathycoccus","Bathycoccus prasinos"
"3658","ASV_3754",0.010173338158813,0.00250681620187197,-0.00368104206628777,"ASV_3754","no_hit","unknown","Chrysophyceae","no_hit","no_hit","no_hit","no_hit"
"3659","ASV_3755",-0.000293584842300487,-0.0042920133536662,-0.000567338536923208,"ASV_3755","no_hit","no_hit","no_hit","no_hit","no_hit","g_","s_"
"3660","ASV_3756",0.0020949178264151,-0.00979085452828432,-0.00369957289163637,"ASV_3756","no_hit","Dinophyceae","Dinophyceae","Syndiniales","Amoebophryaceae","Amoebophrya","s_"
"3661","ASV_3757",-0.00650946900563495,0.00174805928052411,-0.00571136644432596,"ASV_3757","no_hit","Dinophyceae","Dinophyceae","Peridiniales","Diplopsaliaceae","g_","s_"
"3662","ASV_3758",0.00020959356638938,-0.00709361225843955,-0.00186093201002446,"ASV_3758","no_hit","Dinophyceae","Dinophyceae","Syndiniales","Amoebophryaceae","g_","s_"
"3663","ASV_3759",-0.00264568329004391,0.000665024597388066,-0.00103617808200175,"ASV_3759","no_hit","Dinophyceae","Dinophyceae","Gonyaulacales","Gonyaulacaceae","Alexandrium","no_hit"
"3664","ASV_3760",-0.000450094444249841,0.00132328176501176,0.00154696211473004,"ASV_3760","no_hit","unknown","unknown","unknown","unknown","unknown","s_"
"3665","ASV_3761",-0.000230523242238876,-0.00264248790204684,6.47281260344251e-05,"ASV_3761","no_hit","unknown","Acantharea","no_hit","no_hit","no_hit","no_hit"
"3666","ASV_3763",-0.000106038742186023,-0.000318426043151683,0.00139868151029934,"ASV_3763","Metazoa","Arthropoda","Hexanauplia","Poecilostomatoida","Clausidiidae","g_","s_"
"3667","ASV_3764",0.00504216267873444,-0.00990873609080115,-0.0049700590339478,"ASV_3764","no_hit","Dinophyceae","Dinophyceae","Syndiniales","no_hit","no_hit","s_"
"3668","ASV_3765",-0.00158334612431463,1.39030923109449e-05,-0.000165972031084358,"ASV_3765","no_hit","Oomycota","no_hit","no_hit","no_hit","no_hit","no_hit"
"3669","ASV_3766",0.00583189505779158,-0.00424740949603276,-0.00370580945711652,"ASV_3766","no_hit","Dinophyceae","Dinophyceae","Syndiniales","no_hit","no_hit","s_"
"3670","ASV_3767",0.00297739539608226,-0.00243458749513777,-0.00195879298378911,"ASV_3767","no_hit","unknown","unknown","unknown","unknown","g_","s_"
"3671","ASV_3768",0.000694817374647122,-0.00664519963326702,-0.00198229835385973,"ASV_3768","no_hit","Dinophyceae","Dinophyceae","Syndiniales","Amoebophryaceae","g_","s_"
"3672","ASV_3769",-0.00017089905661657,-0.00300384389819682,-0.000310818737015354,"ASV_3769","no_hit","unknown","unknown","unknown","unknown","g_","s_"
"3673","ASV_3770",0.00348982442830464,-0.0127186693177573,-0.00694099381122558,"ASV_3770","no_hit","Dinophyceae","Dinophyceae","Syndiniales","Amoebophryaceae","Amoebophrya","s_"
"3674","ASV_3771",-0.00472971626890711,0.00184361617426613,-0.00309396348957059,"ASV_3771","no_hit","Dinophyceae","Dinophyceae","Peridiniales","Peridiniaceae","Scrippsiella","Scrippsiella lachrymosa"
"3675","ASV_3772",0.000412116541021906,-0.00798507088158275,-0.00214332702171735,"ASV_3772","no_hit","Dinophyceae","Dinophyceae","Syndiniales","no_hit","g_","s_"
"3676","ASV_3773",0.00556937794647409,0.00171192682507833,-0.00124872843736006,"ASV_3773","no_hit","Dinophyceae","Dinophyceae","Syndiniales","Amoebophryaceae","Amoebophrya","s_"
"3677","ASV_3774",-0.000343895032034296,-0.00142244274757631,-0.00309471458720165,"ASV_3774","no_hit","Dinophyceae","Dinophyceae","Syndiniales","Amoebophryaceae","Amoebophrya","no_hit"
"3678","ASV_3775",0.00571100808583493,-0.0127870399290603,-0.0076856475544677,"ASV_3775","no_hit","unknown","unknown","unknown","unknown","unknown","s_"
"3679","ASV_3776",-0.00273236161683835,0.000386102706183878,-0.00138954455848906,"ASV_3776","no_hit","Bacillariophyta","Coscinodiscophyceae","Thalassiosirales","Skeletonemataceae","g_","s_"
"3680","ASV_3777",0.00344855077604557,0.00749777518718555,-0.00328138909958558,"ASV_3777","no_hit","Dinophyceae","Dinophyceae","Syndiniales","Amoebophryaceae","g_","s_"
"3681","ASV_3778",-0.000446096055818497,0.00125692845039383,0.00152321992503213,"ASV_3778","no_hit","Euglenozoa","unknown","Diplonemea","unknown","unknown","s_"
"3682","ASV_3779",-0.00540609335608551,0.00238674938196975,-0.00579247327326706,"ASV_3779","no_hit","Dinophyceae","Dinophyceae","Peridiniales","Protoperidiniaceae","g_","s_"
"3683","ASV_3780",0.000773337428590043,-0.00518244396178661,-0.00140719623776105,"ASV_3780","no_hit","unknown","Polycystinea","no_hit","no_hit","g_","s_"
"3684","ASV_3781",0.00426531294241586,-0.00682618420752259,-0.00398675842962398,"ASV_3781","no_hit","unknown","unknown","unknown","unknown","g_","s_"
"3685","ASV_3782",0.00227199887949707,-0.00518945502349546,-0.00218945867414029,"ASV_3782","no_hit","Dinophyceae","Dinophyceae","Blastodiniales","unknown","g_","s_"
"3686","ASV_3783",0.0009593742382725,-0.00274114949494173,-0.00131087515344534,"ASV_3783","no_hit","Dinophyceae","Dinophyceae","Syndiniales","Amoebophryaceae","Amoebophrya","s_"
"3687","ASV_3784",0.00343160932673635,-0.00341752229402852,-0.00604107723505984,"ASV_3784","no_hit","unknown","unknown","unknown","unknown","g_","s_"
"3688","ASV_3785",0.0095931136740923,0.00318451899259441,-0.00230437556227589,"ASV_3785","no_hit","Bacillariophyta","Bacillariophyceae","Naviculales","Naviculaceae","g_","s_"
"3689","ASV_3786",0.00926507458866988,0.00525338190576286,-0.00130953545760962,"ASV_3786","Metazoa","Arthropoda","Pycnogonida","Pantopoda","Phoxichilidiidae","Phoxichilidium","Phoxichilidium femoratum"
"3690","ASV_3787",-8.46728039862444e-05,-0.000443287637142274,0.000885498423391146,"ASV_3787","no_hit","Dinophyceae","Dinophyceae","Syndiniales","Ellobiopsidae","Ellobiopsis","s_"
"3691","ASV_3788",0.0054084550106399,0.00116830951254036,-0.00268126791015252,"ASV_3788","no_hit","Dinophyceae","Dinophyceae","Syndiniales","Amoebophryaceae","g_","s_"
"3692","ASV_3789",-0.00295549948434399,0.00206214623793369,-0.00301550450832289,"ASV_3789","no_hit","Dinophyceae","Dinophyceae","no_hit","no_hit","g_","s_"
"3693","ASV_3790",0.00482061121350521,-0.00986954572208467,-0.00449901324382038,"ASV_3790","no_hit","Dinophyceae","Dinophyceae","Syndiniales","Amoebophryaceae","g_","s_"
"3694","ASV_3791",0.00216134175203717,-0.0107856386396887,-0.00430678748914204,"ASV_3791","no_hit","unknown","unknown","unknown","unknown","g_","s_"
"3695","ASV_3792",0.0001896836705571,0.00218131643912806,-0.000913900695216796,"ASV_3792","no_hit","Ciliophora","no_hit","no_hit","no_hit","no_hit","no_hit"
"3696","ASV_3793",0.0009827532663787,-0.00400393531247361,-0.000992379594763874,"ASV_3793","no_hit","no_hit","no_hit","no_hit","no_hit","g_","s_"
"3697","ASV_3794",0.000187885598871332,-0.00497723549855267,-0.000987388687721792,"ASV_3794","no_hit","Dinophyceae","Dinophyceae","Syndiniales","Amoebophryaceae","Amoebophrya","no_hit"
"3698","ASV_3795",-0.00106455309418797,0.00259692927878627,-0.00322117171833283,"ASV_3795","no_hit","no_hit","no_hit","no_hit","no_hit","no_hit","no_hit"
"3699","ASV_3796",-0.0015914115779822,-0.000764853749875701,-0.00113782489087484,"ASV_3796","no_hit","Imbricatea","unknown","Thaumatomonadida","unknown","g_","s_"
"3700","ASV_3797",0.00135580165453473,-0.00186489414964059,-0.000824243707223869,"ASV_3797","no_hit","unknown","unknown","unknown","unknown","unknown","uncultured marine eukaryote"
"3701","ASV_3798",0.00493680201559867,0.00356827518113319,-0.0022516201986472,"ASV_3798","Metazoa","Annelida","Polychaeta","Spionida","Spionidae","Spiophanes","s_"
"3702","ASV_3799",-0.00280968191566691,0.0010632885741709,-0.00123057560333132,"ASV_3799","no_hit","Dinophyceae","Dinophyceae","Syndiniales","no_hit","no_hit","no_hit"
"3703","ASV_3800",0.0035653727387751,-0.0101579514255901,-0.00445743409256898,"ASV_3800","no_hit","Dinophyceae","Dinophyceae","Gonyaulacales","Amphidomataceae","g_","s_"
"3704","ASV_3803",0.00152410738434204,-0.0066992073932177,-0.00247584225536869,"ASV_3803","no_hit","no_hit","no_hit","no_hit","no_hit","g_","s_"
"3705","ASV_3804",0.00440461617897629,0.00418685895253994,-0.00254308966880821,"ASV_3804","no_hit","no_hit","no_hit","no_hit","no_hit","no_hit","no_hit"
"3706","ASV_3805",0.0047212687637108,-0.00432141287774998,-0.00439752892071829,"ASV_3805","no_hit","Dinophyceae","Dinophyceae","Syndiniales","Amoebophryaceae","g_","s_"
"3707","ASV_3806",0.00257485005603362,-0.000133661445814897,-0.000631119528787484,"ASV_3806","no_hit","Ciliophora","no_hit","no_hit","no_hit","g_","s_"
"3708","ASV_3807",-0.000320959076125929,-0.00651717576273587,-0.0025134617995557,"ASV_3807","no_hit","no_hit","no_hit","no_hit","no_hit","no_hit","no_hit"
"3709","ASV_3808",-0.00266211094120724,0.00368254751785563,-0.0039535175240396,"ASV_3808","no_hit","Ciliophora","Spirotrichea","no_hit","no_hit","no_hit","s_"
"3710","ASV_3809",-0.000495950756488229,-0.0022920514668805,0.000149482693504141,"ASV_3809","no_hit","Dinophyceae","Dinophyceae","Syndiniales","no_hit","no_hit","no_hit"
"3711","ASV_3810",-0.00112542084378333,0.00333500092110046,-0.00268963681665245,"ASV_3810","no_hit","unknown","Centroplasthelida","Pterocystida","Pterocystidae","g_","s_"
"3712","ASV_3811",0.00363537137468695,0.000336884506467748,-0.000809435471880899,"ASV_3811","no_hit","unknown","unknown","unknown","unknown","unknown","s_"
"3713","ASV_3812",0.0120078564977765,0.0105817264390012,0.000339358224474417,"ASV_3812","Metazoa","Hemichordata","Enteropneusta","no_hit","no_hit","g_","s_"
"3714","ASV_3813",-0.00107913466781657,-0.000440662097114566,0.000939758336445123,"ASV_3813","no_hit","unknown","unknown","unknown","unknown","g_","s_"
"3715","ASV_3814",-0.000624860716308576,0.00377233033534569,-0.00288549232097982,"ASV_3814","no_hit","unknown","Cryptophyceae","no_hit","no_hit","g_","s_"
"3716","ASV_3815",0.00483651313493051,-0.00377676569418279,-0.00391089532820048,"ASV_3815","no_hit","Dinophyceae","Dinophyceae","Syndiniales","Amoebophryaceae","g_","s_"
"3717","ASV_3816",-0.00233867045108297,0.00104291313808877,-0.00119116951080663,"ASV_3816","no_hit","Dinophyceae","Dinophyceae","Dinophysiales","Dinophysiaceae","Ornithocercus","no_hit"
"3718","ASV_3817",0.000913076184817271,-0.00746138274379687,-0.00262500124217906,"ASV_3817","no_hit","no_hit","no_hit","no_hit","no_hit","no_hit","no_hit"
"3719","ASV_3818",0.0137860845006895,0.00817066774551109,-0.00187855944502854,"ASV_3818","Metazoa","Nemertea","Enopla","Monostilifera","Oerstediidae","g_","s_"
"3720","ASV_3819",0.00160830187854113,-0.00104876253962381,-0.00313136028160344,"ASV_3819","no_hit","Dinophyceae","Dinophyceae","Peridiniales","no_hit","g_","s_"
"3721","ASV_3820",0.00599130628482453,0.00196148448472938,-0.00125556709706447,"ASV_3820","no_hit","Ciliophora","Spirotrichea","Choreotrichida","Strobilidiidae","g_","s_"
"3722","ASV_3822",0.000920342702281686,-0.000866091740203532,-0.00331460675067436,"ASV_3822","no_hit","no_hit","no_hit","no_hit","no_hit","g_","s_"
"3723","ASV_3823",-0.00143223580473393,0.00143032078744909,-0.00534388507059606,"ASV_3823","no_hit","Dinophyceae","Dinophyceae","Gymnodiniales","no_hit","no_hit","s_"
"3724","ASV_3824",-0.000569424486138444,-0.00012247699592012,0.000973854755573247,"ASV_3824","no_hit","Dinophyceae","Dinophyceae","Gonyaulacales","Gonyaulacaceae","Alexandrium","no_hit"
"3725","ASV_3825",0.00369390685338644,-0.00192105969500344,-0.00441883042213473,"ASV_3825","no_hit","unknown","unknown","unknown","unknown","g_","s_"
"3726","ASV_3826",-0.000421202658474464,0.00238650544841996,-0.00220906056726742,"ASV_3826","no_hit","Dinophyceae","Dinophyceae","Peridiniales","Protoperidiniaceae","g_","s_"
"3727","ASV_3827",-0.00075062458604793,-0.00339576501137984,-0.000199613014470169,"ASV_3827","no_hit","unknown","Bigyra","Bicosoecida","unknown","g_","s_"
"3728","ASV_3828",-0.00517434406272593,0.00405737778385058,-0.00534012916574217,"ASV_3828","no_hit","no_hit","no_hit","no_hit","no_hit","no_hit","s_"
"3729","ASV_3829",2.02109721230607e-05,0.000683241579075447,6.91800407475365e-05,"ASV_3829","no_hit","Dinophyceae","Dinophyceae","Syndiniales","no_hit","no_hit","s_"
"3730","ASV_3830",-0.00267359825135087,-0.00122875246170732,-0.00441300270926622,"ASV_3830","no_hit","Dinophyceae","Dinophyceae","Syndiniales","Amoebophryaceae","g_","s_"
"3731","ASV_3831",-0.000495924310497769,0.000917073918152716,0.00144898180101764,"ASV_3831","no_hit","no_hit","no_hit","no_hit","no_hit","no_hit","no_hit"
"3732","ASV_3832",-0.000136126125871959,-0.00135701500490278,0.000507135284705875,"ASV_3832","no_hit","unknown","Polycystinea","Nassellaria","Pterocorythidae","Pterocorys","Pterocorys zancleus"
"3733","ASV_3833",-0.00025271607233634,-0.00260576312072813,-7.44225353316236e-05,"ASV_3833","no_hit","unknown","unknown","unknown","unknown","g_","s_"
"3734","ASV_3834",-0.000148226710732698,-0.0076554593842521,-0.00187338855778251,"ASV_3834","no_hit","unknown","unknown","Sticholonchida","Sticholonchidae","g_","s_"
"3735","ASV_3835",-0.000669650688327953,0.000900396729874322,0.00158545252446933,"ASV_3835","no_hit","Dinophyceae","Dinophyceae","Syndiniales","Amoebophryaceae","Amoebophrya","no_hit"
"3736","ASV_3836",-0.000447526538093282,0.0012708903171722,0.00155659507201936,"ASV_3836","no_hit","unknown","Polycystinea","Spumellaria","no_hit","no_hit","s_"
"3737","ASV_3837",-0.000183200189600944,-0.000443576855712774,-0.000178680929066006,"ASV_3837","no_hit","no_hit","no_hit","no_hit","no_hit","g_","s_"
"3738","ASV_3838",0.000400124347704208,-0.00971297373273778,-0.00334433248998269,"ASV_3838","no_hit","unknown","unknown","unknown","unknown","g_","s_"
"3739","ASV_3839",-0.000479933117969609,0.000599243525135339,0.00134863737722231,"ASV_3839","no_hit","unknown","Polycystinea","Nassellaria","Artostrobiidae","Botryostrobus","Botryostrobus auritus-australis"
"3740","ASV_3840",-0.00413103870923657,0.00299674685777328,-0.00784039755910288,"ASV_3840","no_hit","Dinophyceae","Dinophyceae","Syndiniales","Amoebophryaceae","Amoebophrya","no_hit"
"3741","ASV_3841",-0.00039216223575538,0.00267804997537208,0.00214041829226582,"ASV_3841","no_hit","Ciliophora","Oligohymenophorea","Philasterida","Loxocephalidae","g_","s_"
"3742","ASV_3842",3.41079822660077e-05,-0.000317887180970468,0.00160960164124896,"ASV_3842","Metazoa","Arthropoda","Hexanauplia","Poecilostomatoida","Oncaeidae","Oncaea","no_hit"
"3743","ASV_3843",-0.00711890232593276,0.00306095234362209,-0.00706137248275378,"ASV_3843","Viridiplantae","Chlorophyta","Chlorodendrophyceae","Chlorodendrales","Chlorodendraceae","Tetraselmis","no_hit"
"3744","ASV_3844",-0.00422051765571633,0.000795708149538804,-0.00345640886546486,"ASV_3844","no_hit","Ciliophora","Spirotrichea","Choreotrichida","Strombidinopsidae","Strombidinopsis","Strombidinopsis sp. NSMS0601"
"3745","ASV_3845",0.00118278697342942,-0.00839344363723611,-0.00252999826039831,"ASV_3845","no_hit","Dinophyceae","Dinophyceae","Gymnodiniales","Warnowiaceae","no_hit","s_"
"3746","ASV_3846",-0.000647770510615594,-0.000137768667942271,0.00110197974990057,"ASV_3846","no_hit","Dinophyceae","Dinophyceae","Syndiniales","no_hit","g_","s_"
"3747","ASV_3847",-0.00236113374378699,0.00283299546254086,-0.00266386357236692,"ASV_3847","no_hit","unknown","unknown","unknown","unknown","g_","s_"
"3748","ASV_3848",-0.000156906179887663,-0.00378019230903796,-0.00040527888739334,"ASV_3848","no_hit","unknown","unknown","unknown","unknown","unknown","uncultured marine picoeukaryote"
"3749","ASV_3849",0.00329080779185376,-0.0021435999305672,-0.00337441715662467,"ASV_3849","no_hit","unknown","Phaeophyceae","Laminariales","no_hit","no_hit","no_hit"
"3750","ASV_3850",0.00352762286307006,-0.00596430194516829,-0.00293276855575976,"ASV_3850","no_hit","unknown","Bigyra","Nanomonadea","unknown","g_","s_"
"3751","ASV_3851",-0.00210730709692252,0.000433442240996033,-0.000651229380999092,"ASV_3851","no_hit","Bacillariophyta","Coscinodiscophyceae","Rhizosoleniales","Rhizosoleniaceae","Guinardia","Guinardia striata"
"3752","ASV_3852",-0.00828566266376821,0.00372024039694652,-0.00687474738355332,"ASV_3852","no_hit","Bacillariophyta","Bacillariophyceae","Naviculales","Naviculaceae","Haslea","Haslea spicula"
"3753","ASV_3853",-0.00138976036784149,-0.00192335456164864,-0.0024786643150716,"ASV_3853","no_hit","Dinophyceae","Dinophyceae","Syndiniales","Amoebophryaceae","Amoebophrya","no_hit"
"3754","ASV_3854",0.00325441445003573,0.00204265213271858,-0.00161297265834358,"ASV_3854","no_hit","Dinophyceae","Dinophyceae","no_hit","no_hit","g_","s_"
"3755","ASV_3855",0.00256289085607715,-0.00117551319325775,-0.00109637939581095,"ASV_3855","no_hit","Euglenozoa","unknown","Diplonemea","unknown","unknown","Diplonemida sp. 37 RG-2016"
"3756","ASV_3856",-0.000927449659889424,0.00243517931925898,-0.0051226026283557,"ASV_3856","no_hit","unknown","unknown","unknown","unknown","g_","s_"
"3757","ASV_3858",0.000749752538399747,-0.00843532064066812,-0.0027886441763883,"ASV_3858","no_hit","Cercozoa","Thecofilosea","Tectofilosida","Chlamydophryidae","g_","s_"
"3758","ASV_3859",8.2309052600413e-05,-0.00834871731102746,-0.00234956436543943,"ASV_3859","no_hit","Dinophyceae","Dinophyceae","no_hit","no_hit","no_hit","no_hit"
"3759","ASV_3860",0.00225447906649606,-0.0126583548687801,-0.00448037788386876,"ASV_3860","no_hit","Dinophyceae","Dinophyceae","Syndiniales","Amoebophryaceae","g_","s_"
"3760","ASV_3861",0.00178619533420807,0.00265060571314476,-0.00234637393750279,"ASV_3861","no_hit","Dinophyceae","Dinophyceae","Gymnodiniales","no_hit","no_hit","no_hit"
"3761","ASV_3862",-0.000555744641800894,0.000901233579196324,0.00124054683546731,"ASV_3862","no_hit","Euglenozoa","unknown","Diplonemea","no_hit","no_hit","s_"
"3762","ASV_3863",0.00152680392678333,0.00382546448172231,-0.00289855947712161,"ASV_3863","no_hit","Dinophyceae","Dinophyceae","Syndiniales","Amoebophryaceae","g_","s_"
"3763","ASV_3866",0.000363191998526975,-0.0039111451824817,-0.000906454972408878,"ASV_3866","no_hit","Dinophyceae","Dinophyceae","no_hit","no_hit","no_hit","no_hit"
"3764","ASV_3867",0.00249779951098527,-0.00263405175517203,-0.00149932386799295,"ASV_3867","no_hit","unknown","Choanoflagellata","Acanthoecida","Stephanoecidae","Calliacantha","Calliacantha natans"
"3765","ASV_3868",0.0119088570150299,0.00793821381383822,-0.00136800987412263,"ASV_3868","no_hit","Dinophyceae","Dinophyceae","Syndiniales","no_hit","g_","s_"
"3766","ASV_3869",5.40899334143226e-05,-0.00706993125960911,-0.00189139151913849,"ASV_3869","no_hit","unknown","Polycystinea","no_hit","no_hit","no_hit","no_hit"
"3767","ASV_3870",0.000240480308866059,-0.000473382722005614,0.00123074452426493,"ASV_3870","no_hit","no_hit","no_hit","no_hit","no_hit","no_hit","s_"
"3768","ASV_3871",0.000864180582802577,-0.00849618420038624,-0.00280514230525965,"ASV_3871","no_hit","unknown","unknown","unknown","unknown","unknown","uncultured marine eukaryote"
"3769","ASV_3872",-0.000168105628798225,-0.00375464356038874,-0.000722095018154605,"ASV_3872","no_hit","Dinophyceae","Dinophyceae","Syndiniales","Amoebophryaceae","g_","s_"
"3770","ASV_3873",-0.00619725127870005,0.0032643003644046,-0.00673885012798369,"ASV_3873","no_hit","Dinophyceae","Dinophyceae","Syndiniales","Eudubosquellidae","Euduboscquella","Euduboscquella sp. ex Favella arcuata"
"3771","ASV_3874",0.000769573461665915,5.89722922668575e-05,0.000550491768661952,"ASV_3874","no_hit","unknown","unknown","unknown","unknown","g_","s_"
"3772","ASV_3876",0.000632295410163267,-0.0095354571920254,-0.00290380679255572,"ASV_3876","no_hit","Dinophyceae","Dinophyceae","Syndiniales","Amoebophryaceae","g_","s_"
"3773","ASV_3877",0.00324614929570019,0.00659236410663427,-0.00242516009283968,"ASV_3877","no_hit","Dinophyceae","Dinophyceae","Syndiniales","Amoebophryaceae","g_","s_"
"3774","ASV_3878",0.0019356298294238,-0.000641614928439855,-0.000194692600126451,"ASV_3878","no_hit","unknown","Polycystinea","no_hit","no_hit","no_hit","no_hit"
"3775","ASV_3879",0.000899958722222364,-0.00046133373575042,-4.93035614696738e-05,"ASV_3879","no_hit","Cercozoa","no_hit","no_hit","no_hit","no_hit","no_hit"
"3776","ASV_3880",9.84791596657734e-05,-0.00812860820245197,-0.00225226099141155,"ASV_3880","no_hit","no_hit","no_hit","no_hit","no_hit","no_hit","no_hit"
"3777","ASV_3881",0.000676924068434423,0.000626424371951974,0.000813135391034726,"ASV_3881","no_hit","Dinophyceae","Dinophyceae","unknown","unknown","g_","s_"
"3778","ASV_3882",0.00125505090274461,-0.00273907990827757,-0.000671773693666117,"ASV_3882","no_hit","Dinophyceae","Dinophyceae","Syndiniales","Amoebophryaceae","g_","s_"
"3779","ASV_3883",0.000973553861837265,-0.00875915313612937,-0.00250004316410666,"ASV_3883","no_hit","no_hit","no_hit","no_hit","no_hit","no_hit","s_"
"3780","ASV_3884",0.00509416124299427,-0.00452560742429953,-0.00310050986030158,"ASV_3884","no_hit","Dinophyceae","Dinophyceae","Syndiniales","Amoebophryaceae","g_","s_"
"3781","ASV_3885",0.000176140540204148,0.000513566041658495,0.000902343279243412,"ASV_3885","no_hit","Dinophyceae","Dinophyceae","Peridiniales","Protoperidiniaceae","Protoperidinium","s_"
"3782","ASV_3886",-0.00641620154865371,0.00218052622427659,-0.00522391378062819,"ASV_3886","no_hit","Euglenozoa","Euglenida","unknown","unknown","Rapaza","Rapaza viridis"
"3783","ASV_3887",-0.000612764902910142,-0.0033910327759183,-0.000214849032686684,"ASV_3887","no_hit","no_hit","no_hit","no_hit","no_hit","no_hit","no_hit"
"3784","ASV_3888",0.00815950508128486,0.00748156814278946,0.000141844754640348,"ASV_3888","Metazoa","Annelida","Polychaeta","Eunicida","Lumbrineridae","no_hit","no_hit"
"3785","ASV_3889",0.00226364269841218,-0.00591949665086182,-0.00198720613405176,"ASV_3889","no_hit","no_hit","no_hit","no_hit","no_hit","g_","s_"
"3786","ASV_3890",0.00189033787853556,-0.00134661717734745,-0.00447875901229977,"ASV_3890","no_hit","no_hit","no_hit","no_hit","no_hit","g_","s_"
"3787","ASV_3891",-5.46089972027528e-05,-0.00400201341896772,-0.000506432167452168,"ASV_3891","no_hit","Dinophyceae","Dinophyceae","Syndiniales","no_hit","no_hit","no_hit"
"3788","ASV_3892",0.00164296532784381,-0.00022464328923874,-0.00150555648661077,"ASV_3892","no_hit","Bacillariophyta","Coscinodiscophyceae","Melosirales","Stephanopyxidaceae","g_","s_"
"3789","ASV_3893",-0.00216488914238681,0.000588549476599301,-0.00373659663459572,"ASV_3893","no_hit","unknown","Bigyra","Nanomonadea","unknown","g_","s_"
"3790","ASV_3894",0.00322126049526966,0.00367486299210657,-0.00673860544668876,"ASV_3894","no_hit","Haptophyta","unknown","Prymnesiales","Prymnesiaceae","Prymnesium","no_hit"
"3791","ASV_3895",-0.00277529444001646,0.00425430441573437,-0.00409470528563357,"ASV_3895","no_hit","unknown","Cryptophyceae","Kathablepharidacea","Katablepharidaceae","g_","s_"
"3792","ASV_3896",0.00151147832725887,-0.00231797605706641,-0.00132137275036458,"ASV_3896","no_hit","Dinophyceae","Dinophyceae","Syndiniales","Amoebophryaceae","Amoebophrya","s_"
"3793","ASV_3897",0.00166362075215776,-0.00335376900983383,-0.000995362294344991,"ASV_3897","no_hit","unknown","unknown","unknown","unknown","unknown","s_"
"3794","ASV_3898",0.00184306004453017,-0.00711747372025395,-0.00253481657229733,"ASV_3898","no_hit","no_hit","no_hit","no_hit","no_hit","no_hit","s_"
"3795","ASV_3899",0.000297946289708327,0.000815532623464357,0.00101986630902208,"ASV_3899","no_hit","Ciliophora","Spirotrichea","Choreotrichida","Strobilidiidae","g_","s_"
"3796","ASV_3900",0.00173467206872179,-0.0114907616683187,-0.00387343324508516,"ASV_3900","no_hit","Euglenozoa","unknown","Diplonemea","unknown","unknown","s_"
"3797","ASV_3901",0.00142290109690853,-0.00555637170133854,-0.00255330478917154,"ASV_3901","no_hit","Dinophyceae","Dinophyceae","Syndiniales","unknown","g_","s_"
"3798","ASV_3902",0.00378173260505263,-0.00471437393382992,-0.00259579583734843,"ASV_3902","no_hit","Euglenozoa","unknown","Diplonemea","Hemistasiidae","g_","s_"
"3799","ASV_3903",0.00293299628596802,-0.00833364866114057,-0.00309051449618669,"ASV_3903","no_hit","Ciliophora","Oligohymenophorea","Philasterida","Loxocephalidae","g_","s_"
"3800","ASV_3904",0.00199352517869343,-0.00308021174523412,-0.00108386085224326,"ASV_3904","no_hit","Ciliophora","Oligohymenophorea","Philasterida","Loxocephalidae","g_","s_"
"3801","ASV_3905",0.000643674030583792,-0.0132339459305742,-0.00446097734775747,"ASV_3905","no_hit","unknown","Cryptophyceae","Cyathomonadacea","Goniomonadaceae","g_","s_"
"3802","ASV_3906",-0.00332459737066075,0.0020831209225557,-0.00470117884384933,"ASV_3906","no_hit","Cercozoa","Thecofilosea","Cryomonadida","Protaspidae","g_","s_"
"3803","ASV_3907",0.0097318620696226,0.00797415633599391,-0.00037693573089585,"ASV_3907","no_hit","unknown","unknown","unknown","unknown","unknown","uncultured marine picoeukaryote"
"3804","ASV_3908",0.00254401975253626,-0.0162738821424966,-0.0060088030851701,"ASV_3908","no_hit","unknown","unknown","unknown","unknown","g_","s_"
"3805","ASV_3909",-0.00289725536422578,-0.000715689840380265,-0.00385387841010722,"ASV_3909","no_hit","Dinophyceae","Dinophyceae","no_hit","no_hit","no_hit","s_"
"3806","ASV_3910",-0.00965357386822049,0.00436106855429156,-0.00766167923586687,"ASV_3910","no_hit","Dinophyceae","Dinophyceae","Gonyaulacales","Pyrophacaceae","Fragilidium","s_"
"3807","ASV_3911",-0.00137453759180468,-3.18935235942142e-05,-0.0017722585856051,"ASV_3911","no_hit","Dinophyceae","Dinophyceae","Peridiniales","Protoperidiniaceae","Protoperidinium","s_"
"3808","ASV_3912",3.46910756989867e-05,-0.00318896327311919,1.67423793252378e-05,"ASV_3912","no_hit","no_hit","no_hit","no_hit","no_hit","g_","s_"
"3809","ASV_3913",0.00242819145937167,-0.00855861937589534,-0.0032913955325723,"ASV_3913","no_hit","Euglenozoa","unknown","Diplonemea","unknown","g_","s_"
"3810","ASV_3914",-0.00048199983049657,0.000455675911045166,0.00122188277554705,"ASV_3914","no_hit","Euglenozoa","unknown","Diplonemea","unknown","g_","s_"
"3811","ASV_3915",0.00594365024256204,0.00432803617274016,-8.88911265921637e-05,"ASV_3915","no_hit","no_hit","no_hit","no_hit","no_hit","no_hit","s_"
"3812","ASV_3916",0.00490263753395248,-0.00690368473256128,-0.00457258121525937,"ASV_3916","no_hit","Dinophyceae","Dinophyceae","Syndiniales","no_hit","g_","s_"
"3813","ASV_3917",0.00253655315589667,-0.0107743029527994,-0.00418219558262827,"ASV_3917","no_hit","unknown","unknown","unknown","unknown","unknown","s_"
"3814","ASV_3918",0.00190769797852347,-0.00980695958382049,-0.0037129174668256,"ASV_3918","no_hit","no_hit","no_hit","no_hit","no_hit","g_","s_"
"3815","ASV_3919",-0.000777771214206331,0.00286202821435325,0.00223183600333343,"ASV_3919","no_hit","no_hit","no_hit","no_hit","no_hit","g_","s_"
"3816","ASV_3920",0.0027906970130176,-0.00743429002207336,-0.00344680430406986,"ASV_3920","no_hit","Ciliophora","unknown","unknown","unknown","g_","s_"
"3817","ASV_3921",0.00641078423829123,0.000208468831119784,-0.00289358129748238,"ASV_3921","no_hit","Dinophyceae","Dinophyceae","Blastodiniales","unknown","g_","s_"
"3818","ASV_3922",-0.00186503216301959,0.00306859376217192,-0.00258502473779915,"ASV_3922","no_hit","Dinophyceae","Dinophyceae","Syndiniales","Amoebophryaceae","g_","s_"
"3819","ASV_3925",0.00755828788858819,0.00524495226859807,-0.000914277601157428,"ASV_3925","no_hit","no_hit","no_hit","no_hit","no_hit","g_","s_"
"3820","ASV_3927",0.00266880191974696,0.00186438709035452,0.000306743678891318,"ASV_3927","no_hit","Bacillariophyta","Bacillariophyceae","Naviculales","Naviculaceae","Navicula","s_"
"3821","ASV_3928",-0.00142066735026818,0.00021615969735776,5.61432727170283e-05,"ASV_3928","no_hit","unknown","Pelagophyceae","Pelagomonadales","unknown","Aureococcus","Aureococcus anophagefferens"
"3822","ASV_3929",-0.0017160653902123,-0.00147648196619254,-0.00276628845634962,"ASV_3929","no_hit","Imbricatea","unknown","Thaumatomonadida","Thaumatomastigidae","g_","s_"
"3823","ASV_3931",-3.91089066217659e-05,-0.000301868159977,0.0015355919622519,"ASV_3931","no_hit","Dinophyceae","Dinophyceae","Peridiniales","Peridiniaceae","Scrippsiella","no_hit"
"3824","ASV_3932",0.000435141054859766,-0.00457259036569299,-0.00107411966835371,"ASV_3932","no_hit","unknown","unknown","unknown","unknown","g_","s_"
"3825","ASV_3933",0.00201365442941991,-0.00467013558781053,-0.00243413424911115,"ASV_3933","no_hit","Ciliophora","Spirotrichea","Choreotrichida","Strobilidiidae","g_","s_"
"3826","ASV_3934",0.00340688312044205,-0.000574263535009432,-0.00167490108361902,"ASV_3934","no_hit","unknown","unknown","unknown","unknown","unknown","uncultured marine eukaryote"
"3827","ASV_3935",-0.000416586027714626,-0.000162347884311255,0.00113699010430044,"ASV_3935","no_hit","Dinophyceae","Dinophyceae","no_hit","no_hit","no_hit","s_"
"3828","ASV_3936",0.0031310403553163,-0.00362532301226934,-0.00254245019054427,"ASV_3936","no_hit","no_hit","no_hit","no_hit","no_hit","g_","s_"
"3829","ASV_3937",-0.00105341892648042,7.54508011348532e-05,0.000612110231223015,"ASV_3937","no_hit","Dinophyceae","Dinophyceae","Gymnodiniales","Warnowiaceae","Erythropsidinium","no_hit"
"3830","ASV_3938",0.00437882584098113,0.00192102817431116,-0.00408578505015877,"ASV_3938","no_hit","no_hit","no_hit","no_hit","no_hit","g_","s_"
"3831","ASV_3939",-0.00201999243571304,-0.00515714559020444,-0.0063991384612101,"ASV_3939","no_hit","Bacillariophyta","Coscinodiscophyceae","Thalassiosirales","Thalassiosiraceae","no_hit","no_hit"
"3832","ASV_3941",0.00129119771440366,-0.00561763124915268,-0.00195368258477383,"ASV_3941","no_hit","no_hit","no_hit","no_hit","no_hit","no_hit","no_hit"
"3833","ASV_3942",0.00270465920518505,-0.00131438701321424,-0.00112576918983173,"ASV_3942","no_hit","Dinophyceae","Dinophyceae","no_hit","no_hit","no_hit","s_"
"3834","ASV_3943",0.00264658730208765,0.00179417511786784,-0.000995166018502299,"ASV_3943","no_hit","Euglenozoa","unknown","Diplonemea","no_hit","g_","s_"
"3835","ASV_3944",0.0022946336271885,-0.00761201146546906,-0.00375221088767766,"ASV_3944","no_hit","Cercozoa","unknown","unknown","unknown","g_","s_"
"3836","ASV_3945",-0.000478702619987667,0.00121880919996558,0.00154133004302218,"ASV_3945","no_hit","unknown","Polycystinea","no_hit","no_hit","no_hit","no_hit"
"3837","ASV_3946",-0.00158994748559233,0.000784602601353769,-0.000527864973823794,"ASV_3946","Viridiplantae","Chlorophyta","no_hit","no_hit","no_hit","no_hit","no_hit"
"3838","ASV_3947",-1.46768986569975e-05,0.00349464721412134,-0.00497118099151782,"ASV_3947","no_hit","Dinophyceae","Dinophyceae","Syndiniales","Amoebophryaceae","g_","s_"
"3839","ASV_3948",-0.000662375607251574,-0.00127180861623869,-3.78373081987329e-05,"ASV_3948","no_hit","no_hit","no_hit","no_hit","no_hit","no_hit","no_hit"
"3840","ASV_3949",-0.000580739125625412,7.60124234211413e-05,0.00123391533199528,"ASV_3949","no_hit","Dinophyceae","Dinophyceae","no_hit","no_hit","no_hit","no_hit"
"3841","ASV_3950",0.00478580642958572,-0.0105629593974956,-0.00497394579673012,"ASV_3950","no_hit","Euglenozoa","unknown","Diplonemea","Diplonemidae","g_","s_"
"3842","ASV_3951",0.00323182101041316,-0.00750371310394049,-0.00360203017916973,"ASV_3951","no_hit","Dinophyceae","Dinophyceae","Gonyaulacales","Amphidomataceae","g_","s_"
"3843","ASV_3952",-0.000742906559446381,0.00179801085008772,0.00203147999348573,"ASV_3952","no_hit","Ciliophora","Oligohymenophorea","Philasterida","no_hit","no_hit","no_hit"
"3844","ASV_3953",0.00492135903977823,-0.00838429105281434,-0.00528716960183872,"ASV_3953","no_hit","Bacillariophyta","no_hit","no_hit","no_hit","g_","s_"
"3845","ASV_3954",0.000174609329458019,-0.000666337526980594,-0.000757473122962297,"ASV_3954","no_hit","Dinophyceae","Dinophyceae","no_hit","no_hit","no_hit","no_hit"
"3846","ASV_3955",0.00114896519626247,0.000843209131402141,9.2835294211958e-05,"ASV_3955","Fungi","Ascomycota","Eurotiomycetes","Eurotiales","Aspergillaceae","Penicillium","no_hit"
"3847","ASV_3956",-0.00119498341284955,0.00441079502961217,0.00279755272011012,"ASV_3956","no_hit","unknown","unknown","unknown","unknown","g_","s_"
"3848","ASV_3957",-0.000951747095279212,-0.000513653527016239,0.00107170335958446,"ASV_3957","no_hit","Dinophyceae","Dinophyceae","Peridiniales","no_hit","g_","s_"
"3849","ASV_3958",-0.000571858981678513,-0.00109222522412976,0.000665736679981254,"ASV_3958","no_hit","Dinophyceae","Dinophyceae","no_hit","no_hit","g_","s_"
"3850","ASV_3959",0.00179846235634489,0.000530425927743931,-0.00353621424274896,"ASV_3959","no_hit","no_hit","no_hit","no_hit","no_hit","g_","s_"
"3851","ASV_3960",-0.000511325054416005,0.00134096660262519,0.00160348557841558,"ASV_3960","no_hit","Euglenozoa","unknown","Diplonemea","no_hit","no_hit","s_"
"3852","ASV_3961",-0.0080061999699178,0.00463844378856189,-0.00737645889655776,"ASV_3961","no_hit","Dinophyceae","Dinophyceae","Syndiniales","Amoebophryaceae","Amoebophrya","no_hit"
"3853","ASV_3962",-0.000536333011087641,-0.00213169708472055,0.00025824791691654,"ASV_3962","no_hit","unknown","Polycystinea","no_hit","no_hit","g_","s_"
"3854","ASV_3963",-0.00052557463265234,0.00371638206827471,-0.00177439781049262,"ASV_3963","no_hit","no_hit","no_hit","no_hit","no_hit","g_","s_"
"3855","ASV_3965",0.00421912237700319,-0.000640605484120779,-0.00217125248305391,"ASV_3965","unassigned","unassigned","unassigned","unassigned","unassigned","unassigned","unassigned"
"3856","ASV_3966",-0.00120420606339582,-0.000689107060198388,0.00116828463965434,"ASV_3966","Metazoa","Annelida","Polychaeta","Terebellida","Cirratulidae","Caulleriella","s_"
"3857","ASV_3967",0.00175981402675042,0.00404582774369199,-0.00303408579259438,"ASV_3967","no_hit","unknown","unknown","unknown","unknown","unknown","s_"
"3858","ASV_3968",0.00135367622337737,-0.00295627298939223,-0.000902819666719463,"ASV_3968","no_hit","unknown","unknown","unknown","unknown","unknown","s_"
"3859","ASV_3969",-0.000447774561326211,0.00122154097701722,0.00151040793864826,"ASV_3969","Metazoa","Mollusca","Bivalvia","Nuculanida","no_hit","no_hit","no_hit"
"3860","ASV_3970",-0.000738908714500819,-0.00273985329006629,5.54614987988468e-05,"ASV_3970","no_hit","Dinophyceae","Dinophyceae","Syndiniales","no_hit","no_hit","no_hit"
"3861","ASV_3971",0.00538561808087581,-0.0102277964896238,-0.00523567248942928,"ASV_3971","Viridiplantae","Streptophyta","Magnoliopsida","Poales","Poaceae","g_","s_"
"3862","ASV_3972",-0.000532984733341573,-0.00191980684223238,0.000326939367563632,"ASV_3972","no_hit","Dinophyceae","Dinophyceae","Syndiniales","no_hit","no_hit","s_"
"3863","ASV_3973",0.00180048791716264,0.000245463503788006,6.07101411381882e-05,"ASV_3973","no_hit","Dinophyceae","Dinophyceae","Syndiniales","Amoebophryaceae","Amoebophrya","no_hit"
"3864","ASV_3974",-0.00436871475988039,0.00131489187023741,-0.00285738508785506,"ASV_3974","no_hit","Dinophyceae","Dinophyceae","Gonyaulacales","Gonyaulacaceae","Alexandrium","no_hit"
"3865","ASV_3975",0.00310767471141202,0.00138782431472389,7.11150705433972e-06,"ASV_3975","no_hit","no_hit","no_hit","no_hit","no_hit","g_","s_"
"3866","ASV_3976",-0.000361608423707358,0.00151186298697572,-0.00320082025716908,"ASV_3976","no_hit","Dinophyceae","Dinophyceae","no_hit","no_hit","g_","s_"
"3867","ASV_3977",0.0018022298135647,-0.00560013604047363,-0.0020732577974464,"ASV_3977","no_hit","unknown","unknown","unknown","unknown","unknown","Acantharian sp. 6201"
"3868","ASV_3978",0.00131242708406665,-0.00956555918172299,-0.00381024128540195,"ASV_3978","no_hit","Dinophyceae","Dinophyceae","Syndiniales","Amoebophryaceae","g_","s_"
"3869","ASV_3979",-0.00034989145373872,-0.00290810559720422,-4.98916341654157e-05,"ASV_3979","no_hit","Euglenozoa","unknown","Diplonemea","unknown","g_","s_"
"3870","ASV_3980",-0.000546394043479368,-0.0014297518606051,0.000570193308949178,"ASV_3980","no_hit","Dinophyceae","Dinophyceae","Syndiniales","no_hit","g_","s_"
"3871","ASV_3981",0.0030713798701285,-0.00472772033051289,-0.00325004506175003,"ASV_3981","no_hit","unknown","unknown","unknown","unknown","g_","s_"
"3872","ASV_3982",-0.000644713617042249,0.00216626249836399,0.00194146698778435,"ASV_3982","Metazoa","Chordata","Thaliacea","Doliolida","Doliolidae","Doliolum","Doliolum nationalis"
"3873","ASV_3983",0.000718686813964315,-0.00816281206874912,-0.00254760991717955,"ASV_3983","no_hit","unknown","Bigyra","Oblongichytrida","unknown","g_","s_"
"3874","ASV_3984",-0.00181832646603158,0.000822671518285565,-0.000535653642946998,"ASV_3984","no_hit","Bacillariophyta","Coscinodiscophyceae","Thalassiosirales","Thalassiosiraceae","g_","s_"
"3875","ASV_3985",0.00307169104245699,0.0062111893888075,-0.00448769426983428,"ASV_3985","no_hit","Dinophyceae","Dinophyceae","Syndiniales","Amoebophryaceae","g_","s_"
"3876","ASV_3986",-0.000353030094518397,-0.00394136508226643,-0.000445739174895128,"ASV_3986","no_hit","no_hit","no_hit","no_hit","no_hit","no_hit","s_"
"3877","ASV_3987",0.000714438992736131,-0.00833641313565709,-0.00256253656169317,"ASV_3987","no_hit","Dinophyceae","Dinophyceae","Syndiniales","Amoebophryaceae","g_","s_"
"3878","ASV_3988",-0.000758214760344054,0.00171106229894745,0.0020276699099072,"ASV_3988","no_hit","Dinophyceae","Dinophyceae","Blastodiniales","unknown","Blastodinium","s_"
"3879","ASV_3989",0.000478034795899337,-0.00894504932904205,-0.00248740538233808,"ASV_3989","no_hit","unknown","Polycystinea","no_hit","no_hit","no_hit","no_hit"
"3880","ASV_3990",0.00166520911357754,0.00343944598666172,-0.00352412927042197,"ASV_3990","no_hit","unknown","unknown","unknown","unknown","g_","s_"
"3881","ASV_3991",-0.00453177500740871,0.00247975167581192,-0.00464680928895184,"ASV_3991","no_hit","unknown","Cryptophyceae","Cryptomonadales","Hemiselmidaceae","Hemiselmis","Hemiselmis rufescens"
"3882","ASV_3992",0.000343550088460578,-0.00619274185642454,-0.00143618445561161,"ASV_3992","no_hit","Euglenozoa","unknown","Diplonemea","unknown","unknown","s_"
"3883","ASV_3993",0.00425972507802243,2.35002693011827e-05,-0.00331484716310332,"ASV_3993","no_hit","Dinophyceae","Dinophyceae","Peridiniales","Peridiniaceae","g_","s_"
"3884","ASV_3994",-0.0017912094286039,-0.00165416041846292,0.000932873768617419,"ASV_3994","no_hit","Ciliophora","no_hit","no_hit","no_hit","g_","s_"
"3885","ASV_3995",0.000414742106537245,-0.00768242323537901,-0.00207897211893187,"ASV_3995","no_hit","unknown","Polycystinea","no_hit","no_hit","no_hit","no_hit"
"3886","ASV_3996",-0.00425643799467185,-0.00229079295386795,-0.00526776447842735,"ASV_3996","no_hit","Dinophyceae","Dinophyceae","no_hit","no_hit","no_hit","no_hit"
"3887","ASV_3997",0.001119667467433,-0.000477841578107984,-0.0017492062759432,"ASV_3997","Metazoa","Chordata","Appendicularia","Copelata","Fritillariidae","Fritillaria <tunicates>","s_"
"3888","ASV_3998",-0.00443860815189815,0.00351470986067225,-0.00473111092269183,"ASV_3998","no_hit","Bacillariophyta","Mediophyceae","Cymatosirales","Cymatosiraceae","g_","s_"
"3889","ASV_4000",0.00359899633891757,-0.00419537009867711,-0.00226887537785489,"ASV_4000","no_hit","Imbricatea","unknown","Thaumatomonadida","no_hit","g_","s_"
"3890","ASV_4001",-0.00436049615703686,0.00279606810892096,-0.00478543419255224,"ASV_4001","Viridiplantae","Prasinodermophyta","Prasinodermophyceae","Prasinodermales","Prasinodermaceae","g_","s_"
"3891","ASV_4002",0.00144890450613582,-0.0025602739672441,-0.0013195414034032,"ASV_4002","no_hit","unknown","unknown","unknown","unknown","g_","s_"
"3892","ASV_4003",-0.0026480994773535,0.000914338530970233,-0.00108830432922074,"ASV_4003","no_hit","Dinophyceae","Dinophyceae","Gonyaulacales","Pyrophacaceae","Fragilidium","s_"
"3893","ASV_4004",-0.00043073400285405,0.001668074872401,0.00166026653825358,"ASV_4004","no_hit","Dinophyceae","Dinophyceae","no_hit","no_hit","g_","s_"
"3894","ASV_4005",0.0015138578809513,2.73674455694722e-05,-0.00241636536723748,"ASV_4005","no_hit","Dinophyceae","Dinophyceae","no_hit","no_hit","no_hit","no_hit"
"3895","ASV_4006",-0.00581787442894934,0.0024108921834268,-0.0059630615844917,"ASV_4006","no_hit","Dinophyceae","Dinophyceae","no_hit","no_hit","no_hit","s_"
"3896","ASV_4007",0.00088928888463228,-0.0043189941235317,-0.00126436751753063,"ASV_4007","no_hit","Dinophyceae","Dinophyceae","Gonyaulacales","Gonyaulacaceae","g_","s_"
"3897","ASV_4008",0.0038469683984386,-0.00165932441942181,-0.00196213526196532,"ASV_4008","Viridiplantae","Chlorophyta","Mamiellophyceae","Dolichomastigales","Crustomastigaceae","g_","s_"
"3898","ASV_4009",0.000190884487955063,-0.00102752337270103,-0.000375533701116961,"ASV_4009","no_hit","no_hit","no_hit","no_hit","no_hit","no_hit","no_hit"
"3899","ASV_4011",0.00417316109742408,0.00138139778439015,-0.00049633879232584,"ASV_4011","Metazoa","Arthropoda","Hexanauplia","Poecilostomatoida","Oncaeidae","no_hit","s_"
"3900","ASV_4012",0.0110639216084061,0.00439542979989165,-0.00278492835953249,"ASV_4012","no_hit","Oomycota","unknown","Myzocytiopsidales","Myzocytiopsidaceae","g_","s_"
"3901","ASV_4013",-0.00311954188700242,0.00210008177663437,-0.00297761597506203,"ASV_4013","no_hit","Bacillariophyta","Bacillariophyceae","Bacillariales","Bacillariaceae","no_hit","no_hit"
"3902","ASV_4014",0.00335740972564003,-0.00303556188908084,-0.0027642917271206,"ASV_4014","no_hit","no_hit","no_hit","no_hit","no_hit","no_hit","no_hit"
"3903","ASV_4015",-0.00357432828493575,0.00177522870340434,-0.00476815893814173,"ASV_4015","no_hit","Dinophyceae","Dinophyceae","Syndiniales","Amoebophryaceae","Amoebophrya","no_hit"
"3904","ASV_4016",0.00222611329061212,-0.00270910948417381,-0.000993976254035516,"ASV_4016","no_hit","no_hit","no_hit","no_hit","no_hit","g_","s_"
"3905","ASV_4017",-2.20087889362391e-06,-0.00114149235782493,0.0005321257093299,"ASV_4017","no_hit","unknown","unknown","unknown","unknown","g_","s_"
"3906","ASV_4018",-2.37904669657693e-05,-0.01067541014607,-0.00300997866111665,"ASV_4018","no_hit","no_hit","no_hit","no_hit","no_hit","no_hit","s_"
"3907","ASV_4019",-0.000624303705056464,-0.000571776787386832,0.000944559808657277,"ASV_4019","no_hit","no_hit","no_hit","no_hit","no_hit","g_","s_"
"3908","ASV_4020",0.00359997662298758,-0.000515531684401985,-0.0017827555801094,"ASV_4020","Viridiplantae","Chlorophyta","Trebouxiophyceae","no_hit","no_hit","g_","s_"
"3909","ASV_4021",-0.00041136645247222,-3.32263778505606e-05,-0.000878745240828251,"ASV_4021","no_hit","unknown","Bigyra","Oblongichytrida","unknown","Oblongichytrium","Oblongichytrium sp. BAFCcult 3519"
"3910","ASV_4022",0.00500516432270922,-0.00343654510575502,-0.0030445208910872,"ASV_4022","no_hit","no_hit","no_hit","no_hit","no_hit","g_","s_"
"3911","ASV_4023",0.000211136689419986,-0.000558359959017753,-0.00221730209245428,"ASV_4023","no_hit","no_hit","no_hit","no_hit","no_hit","no_hit","no_hit"
"3912","ASV_4024",-0.00532667926125472,0.00266859774296277,-0.00636903368995562,"ASV_4024","Viridiplantae","Chlorophyta","Mamiellophyceae","Dolichomastigales","Crustomastigaceae","g_","s_"
"3913","ASV_4025",-0.000342180049955663,-0.0110141213768158,-0.00308754179931176,"ASV_4025","no_hit","no_hit","no_hit","no_hit","no_hit","g_","s_"
"3914","ASV_4026",0.00318133436140174,-0.0112595409715784,-0.00404335979246471,"ASV_4026","no_hit","no_hit","no_hit","no_hit","no_hit","g_","s_"
"3915","ASV_4028",0.00118941282122969,-0.00157715803938627,-0.000126623631019752,"ASV_4028","no_hit","Dinophyceae","Dinophyceae","Syndiniales","Amoebophryaceae","Amoebophrya","no_hit"
"3916","ASV_4030",0.00863839334094665,0.00759534560288931,7.14081180623422e-05,"ASV_4030","Metazoa","Nemertea","Palaeonemertea","unknown","Tubulanidae","g_","s_"
"3917","ASV_4031",0.00445479384326036,0.000928892480317527,-0.00132430331418908,"ASV_4031","no_hit","unknown","Cryptophyceae","Cyathomonadacea","Goniomonadaceae","Goniomonas","s_"
"3918","ASV_4032",0.00287734620194596,-0.00251140737502409,-0.00135045698004951,"ASV_4032","no_hit","Dinophyceae","Dinophyceae","Gymnodiniales","no_hit","no_hit","no_hit"
"3919","ASV_4033",0.00213027444178589,0.00231651679835232,-7.32272633555796e-05,"ASV_4033","no_hit","Dinophyceae","Dinophyceae","Gymnodiniales","Ceratoperidiniaeceae","g_","s_"
"3920","ASV_4034",0.00973129804623372,0.0061281567906372,-0.00143929778977092,"ASV_4034","no_hit","unknown","unknown","unknown","unknown","g_","s_"
"3921","ASV_4035",0.00392805911027179,-0.00916466104229747,-0.00458178058274252,"ASV_4035","no_hit","no_hit","no_hit","no_hit","no_hit","no_hit","no_hit"
"3922","ASV_4037",7.18448074861923e-05,-0.000846674355280404,7.78302908284038e-05,"ASV_4037","no_hit","Dinophyceae","Dinophyceae","Gymnodiniales","Kareniaceae","g_","s_"
"3923","ASV_4038",-2.41338902552178e-05,-0.00278088914960255,-0.000106994912169661,"ASV_4038","no_hit","Euglenozoa","unknown","Diplonemea","unknown","g_","s_"
"3924","ASV_4039",0.00237617913005943,-0.00525809112293865,-0.00182627864976183,"ASV_4039","no_hit","unknown","Cryptophyceae","Cyathomonadacea","Goniomonadaceae","Goniomonas","no_hit"
"3925","ASV_4040",0.000539132618639825,-0.00581623420294924,-0.00171358165100084,"ASV_4040","no_hit","Cercozoa","unknown","Cercomonadida","Cercomonadidae","g_","s_"
"3926","ASV_4041",-0.000486376277140976,-0.00463543738419723,-0.00106760216121073,"ASV_4041","no_hit","unknown","unknown","unknown","unknown","g_","s_"
"3927","ASV_4042",-0.0046475688204944,0.00126794130369369,-0.00433862068535763,"ASV_4042","no_hit","Dinophyceae","Dinophyceae","Syndiniales","Amoebophryaceae","g_","s_"
"3928","ASV_4043",0.00660732020299877,0.00385302377224776,-0.00317023380217878,"ASV_4043","no_hit","Dinophyceae","Dinophyceae","Syndiniales","Amoebophryaceae","g_","s_"
"3929","ASV_4044",-0.00303715751716942,0.000699647826976343,-0.00368618722947949,"ASV_4044","no_hit","Dinophyceae","Dinophyceae","unknown","unknown","g_","s_"
"3930","ASV_4045",-0.000263362750259903,-0.00202538942908259,0.000223663993354087,"ASV_4045","no_hit","Euglenozoa","unknown","Diplonemea","unknown","unknown","s_"
"3931","ASV_4046",-0.00412748011952858,0.00158877168017107,-0.00245423594936561,"ASV_4046","no_hit","Dinophyceae","Dinophyceae","Gymnodiniales","Gymnodiniaceae","g_","s_"
"3932","ASV_4047",0.00338938685731246,-0.0150147132775297,-0.00581712704829141,"ASV_4047","no_hit","unknown","unknown","Telonemida","no_hit","no_hit","no_hit"
"3933","ASV_4048",-0.0018004085907534,0.0006781818326108,-0.000886047052870097,"ASV_4048","no_hit","Dinophyceae","Dinophyceae","Peridiniales","Protoperidiniaceae","g_","s_"
"3934","ASV_4049",7.62876472504248e-05,-0.00765461847415192,-0.00197158450703925,"ASV_4049","no_hit","unknown","unknown","unknown","unknown","unknown","s_"
"3935","ASV_4050",-0.000231614169215597,-0.00554916822178423,-0.00117413672954477,"ASV_4050","no_hit","no_hit","no_hit","no_hit","no_hit","no_hit","s_"
"3936","ASV_4051",0.00121386860598847,-0.0075968119015464,-0.00263220901080623,"ASV_4051","no_hit","Dinophyceae","Dinophyceae","no_hit","no_hit","g_","s_"
"3937","ASV_4052",0.00044158706512189,-0.00179718984888811,-9.40660784058981e-06,"ASV_4052","no_hit","Dinophyceae","Dinophyceae","no_hit","no_hit","no_hit","no_hit"
"3938","ASV_4053",0.000441376947245157,-0.0102470220285534,-0.00328897669874489,"ASV_4053","no_hit","unknown","unknown","unknown","unknown","g_","s_"
"3939","ASV_4054",0.00023358047324696,-0.00456768063775921,-0.00089789237149662,"ASV_4054","no_hit","no_hit","no_hit","no_hit","no_hit","g_","s_"
"3940","ASV_4055",0.00452444876179369,-0.00673682293317089,-0.00325502239570454,"ASV_4055","no_hit","Dinophyceae","Dinophyceae","Gonyaulacales","no_hit","g_","s_"
"3941","ASV_4056",0.00532878434667007,-0.002176461592155,-0.00238584911876892,"ASV_4056","no_hit","no_hit","no_hit","no_hit","no_hit","no_hit","s_"
"3942","ASV_4057",0.00464711054640529,-0.00411306974545842,-0.00314742897480407,"ASV_4057","no_hit","unknown","Bigyra","Nanomonadea","unknown","g_","s_"
"3943","ASV_4059",-0.000619341762688595,0.00217085913456372,-0.00132652119838266,"ASV_4059","no_hit","no_hit","no_hit","no_hit","no_hit","no_hit","no_hit"
"3944","ASV_4060",0.00155732617537089,-0.00258376705669892,-0.00238014344382316,"ASV_4060","no_hit","no_hit","no_hit","no_hit","no_hit","g_","s_"
"3945","ASV_4061",-0.00186519891565982,0.00175165300318451,-0.00700655655661973,"ASV_4061","no_hit","Dinophyceae","Dinophyceae","Blastodiniales","unknown","Blastodinium","s_"
"3946","ASV_4062",0.00100884835737015,-0.0116874039825159,-0.00393861650452221,"ASV_4062","no_hit","unknown","Polycystinea","no_hit","no_hit","g_","s_"
"3947","ASV_4063",-0.000442895649274555,0.00132440174782871,0.00154764854017543,"ASV_4063","no_hit","Euglenozoa","unknown","Diplonemea","unknown","g_","s_"
"3948","ASV_4064",0.00082949352751538,-0.00815637919568872,-0.00252683855429592,"ASV_4064","no_hit","Dinophyceae","Dinophyceae","Syndiniales","Amoebophryaceae","g_","s_"
"3949","ASV_4065",0.00407425076621029,0.00122684909879055,-0.00354500786837293,"ASV_4065","no_hit","Ciliophora","Spirotrichea","Tintinnida","Ptychocylididae","g_","s_"
"3950","ASV_4066",0.000716378350116266,-0.00302796497001821,-0.000501440244931855,"ASV_4066","no_hit","unknown","Polycystinea","no_hit","no_hit","no_hit","no_hit"
"3951","ASV_4067",0.00824296986995799,0.00358793392122343,-0.00121627210356896,"ASV_4067","no_hit","Dinophyceae","Dinophyceae","no_hit","no_hit","no_hit","no_hit"
"3952","ASV_4068",-0.0022880606748967,-0.000513278064126642,-0.00189488843320285,"ASV_4068","no_hit","Haptophyta","unknown","Isochrysidales","Noelaerhabdaceae","no_hit","no_hit"
"3953","ASV_4069",0.0032304738233069,-0.00119807784083482,-0.00104802510962189,"ASV_4069","no_hit","Dinophyceae","Dinophyceae","no_hit","no_hit","no_hit","s_"
"3954","ASV_4070",0.0109286849485506,0.00707897909412328,-0.000914843331845069,"ASV_4070","no_hit","unknown","Centroplasthelida","Pterocystida","no_hit","g_","s_"
"3955","ASV_4071",-0.00457031095409336,0.000738718983137395,-0.00530622247521538,"ASV_4071","no_hit","no_hit","no_hit","no_hit","no_hit","no_hit","no_hit"
"3956","ASV_4072",0.000834261241422947,-0.00694487271791872,-0.00247351392554027,"ASV_4072","no_hit","Dinophyceae","Dinophyceae","Syndiniales","Amoebophryaceae","Amoebophrya","s_"
"3957","ASV_4073",-0.0014463293138857,0.000318221792912542,5.77073163871403e-06,"ASV_4073","no_hit","Ciliophora","Spirotrichea","unknown","Strombidiidae","Laboea","s_"
"3958","ASV_4074",-0.000395308784759359,0.000571061186166094,0.00128440818737366,"ASV_4074","no_hit","unknown","Polycystinea","no_hit","no_hit","g_","s_"
"3959","ASV_4075",0.00598854321052909,0.00375674141609218,-0.00162324136838924,"ASV_4075","no_hit","Dinophyceae","Dinophyceae","Syndiniales","Amoebophryaceae","g_","s_"
"3960","ASV_4076",0.00307130505194306,0.0049409352547558,0.00132703237507939,"ASV_4076","no_hit","Dinophyceae","Dinophyceae","no_hit","no_hit","g_","s_"
"3961","ASV_4077",0.0036702646830786,-0.00757880958030723,-0.00328887230662208,"ASV_4077","no_hit","Dinophyceae","Dinophyceae","Suessiales","unknown","g_","s_"
"3962","ASV_4078",0.000797089837101507,-0.0121693404702245,-0.00402511337701343,"ASV_4078","no_hit","no_hit","no_hit","no_hit","no_hit","g_","s_"
"3963","ASV_4079",0.000104217438233558,-0.00240113372788005,-7.42262463603071e-05,"ASV_4079","no_hit","unknown","Polycystinea","no_hit","no_hit","no_hit","no_hit"
"3964","ASV_4080",0.0073013325078944,0.00378639119861598,-0.00202531349903135,"ASV_4080","no_hit","no_hit","no_hit","no_hit","no_hit","no_hit","no_hit"
"3965","ASV_4081",-0.00469962248448295,0.00299564184227311,-0.00907136568793744,"ASV_4081","no_hit","Dinophyceae","Dinophyceae","no_hit","no_hit","no_hit","no_hit"
"3966","ASV_4082",-0.00105882659661123,0.00080361701623772,0.0014726069777755,"ASV_4082","no_hit","Dinophyceae","Dinophyceae","no_hit","no_hit","no_hit","no_hit"
"3967","ASV_4083",0.00636348919578596,0.0037527863488235,-0.00062068657614277,"ASV_4083","no_hit","Imbricatea","unknown","Thaumatomonadida","Thaumatomastigidae","Thaumatomastix","Thaumatomastix sp. 4 JMS-2012"
"3968","ASV_4084",2.81539834048884e-05,-0.00751523155573484,-0.00190138306774932,"ASV_4084","no_hit","no_hit","no_hit","no_hit","no_hit","g_","s_"
"3969","ASV_4086",0.00189490426294031,-0.00803584555690278,-0.00265686179718192,"ASV_4086","no_hit","Ciliophora","Colpodea","unknown","unknown","g_","s_"
"3970","ASV_4087",-0.00347775323503004,0.00123162856622539,-0.0019310741674789,"ASV_4087","no_hit","Dinophyceae","Dinophyceae","Syndiniales","no_hit","no_hit","no_hit"
"3971","ASV_4088",-0.000534965605850253,0.00111065956046224,0.00142343933160898,"ASV_4088","no_hit","unknown","Polycystinea","no_hit","no_hit","no_hit","no_hit"
"3972","ASV_4089",-0.00155499241417936,0.00142233621814883,-0.00211379418244492,"ASV_4089","no_hit","Dinophyceae","Dinophyceae","no_hit","no_hit","no_hit","no_hit"
"3973","ASV_4090",-0.00174904436306063,0.00130656950078232,-0.0010126807766349,"ASV_4090","no_hit","Dinophyceae","Dinophyceae","Syndiniales","Amoebophryaceae","g_","s_"
"3974","ASV_4091",0.00083971175994585,-0.00369552941740569,-0.000725671040918916,"ASV_4091","no_hit","Euglenozoa","unknown","Diplonemea","no_hit","g_","s_"
"3975","ASV_4092",0.00427118809405515,-0.00534256340031421,-0.00333908354352668,"ASV_4092","no_hit","unknown","unknown","unknown","unknown","g_","s_"
"3976","ASV_4093",0.0018034618801643,-0.00494134478659199,-0.00200594979086279,"ASV_4093","no_hit","Dinophyceae","Dinophyceae","no_hit","no_hit","g_","s_"
"3977","ASV_4094",-0.00269434074463367,0.00121449419361018,-0.00141178605959514,"ASV_4094","no_hit","Cercozoa","no_hit","no_hit","no_hit","no_hit","no_hit"
"3978","ASV_4095",-0.00373203076240156,0.00194701083966244,-0.00253599521490075,"ASV_4095","no_hit","no_hit","no_hit","no_hit","no_hit","no_hit","no_hit"
"3979","ASV_4096",8.63989400543435e-05,-0.00420792982739963,-0.000570855439448199,"ASV_4096","no_hit","no_hit","no_hit","no_hit","no_hit","g_","s_"
"3980","ASV_4097",0.00207730500442813,-0.00260847850628657,-0.0010799829116453,"ASV_4097","no_hit","Perkinsozoa","unknown","Perkinsida","Xcellidae","Gadixcellia","no_hit"
"3981","ASV_4098",0.000814992447159541,-0.00647967327387854,-0.00209056153324632,"ASV_4098","no_hit","Dinophyceae","Dinophyceae","Syndiniales","Amoebophryaceae","Amoebophrya","no_hit"
"3982","ASV_4099",0.000356568943453926,0.00191880932782041,-0.00305614956207871,"ASV_4099","no_hit","no_hit","no_hit","no_hit","no_hit","g_","s_"
"3983","ASV_4100",0.0041101965880063,-0.000465528877059444,-0.00103459753413821,"ASV_4100","no_hit","Euglenozoa","unknown","Diplonemea","unknown","unknown","Diplonemida sp. 1sb RG-2016"
"3984","ASV_4101",0.00526245513275903,-0.0035473878155204,-0.00321796410338533,"ASV_4101","no_hit","Dinophyceae","Dinophyceae","Syndiniales","Amoebophryaceae","Amoebophrya","s_"
"3985","ASV_4102",-0.00359854018270438,0.000627777989550358,-0.0035736464441852,"ASV_4102","no_hit","Dinophyceae","Dinophyceae","Peridiniales","Protoperidiniaceae","g_","s_"
"3986","ASV_4103",-0.00043694214314497,0.000808044649995478,0.00138485305691659,"ASV_4103","no_hit","no_hit","no_hit","no_hit","no_hit","no_hit","s_"
"3987","ASV_4104",0.000454378327452519,-0.000708211881635697,0.000352745084285526,"ASV_4104","no_hit","Dinophyceae","Dinophyceae","Syndiniales","Eudubosquellidae","g_","s_"
"3988","ASV_4105",0.00299200098023928,-0.0043380019378129,-0.00210819251703528,"ASV_4105","no_hit","Haptophyta","unknown","Prymnesiales","Chrysochromulinaceae","g_","s_"
"3989","ASV_4107",0.00852267591709194,0.00880715717897435,-0.00100553706940289,"ASV_4107","no_hit","unknown","unknown","unknown","unknown","g_","s_"
"3990","ASV_4108",-0.000439143568200576,-0.00272590343486507,3.35930863949085e-05,"ASV_4108","no_hit","unknown","Bolidophyceae","Parmales","Triparmaceae","g_","s_"
"3991","ASV_4109",-0.00233027583783069,0.00551147420657012,-0.00756357482591986,"ASV_4109","Metazoa","Arthropoda","Hexanauplia","Calanoida","no_hit","no_hit","no_hit"
"3992","ASV_4110",-0.00565843927207256,-0.000490504922904465,-0.00637115253967724,"ASV_4110","no_hit","Cercozoa","no_hit","no_hit","no_hit","g_","s_"
"3993","ASV_4112",0.000736208910070545,-0.0113696263094884,-0.00370045229786893,"ASV_4112","no_hit","no_hit","no_hit","no_hit","no_hit","no_hit","s_"
"3994","ASV_4113",-0.00307305160702601,0.0047527852099252,-0.00485316274119545,"ASV_4113","no_hit","Dinophyceae","Dinophyceae","Syndiniales","Amoebophryaceae","Amoebophrya","s_"
"3995","ASV_4114",0.00109150282076378,-0.00337847804634615,-0.00195957296604514,"ASV_4114","no_hit","Dinophyceae","Dinophyceae","Syndiniales","Amoebophryaceae","g_","s_"
"3996","ASV_4115",-0.0040998865126128,0.00152684798940981,-0.00235885979564264,"ASV_4115","no_hit","Dinophyceae","Dinophyceae","Syndiniales","Amoebophryaceae","g_","s_"
"3997","ASV_4116",0.00453589930923388,0.00248655664591223,-0.00148526339900002,"ASV_4116","no_hit","no_hit","no_hit","no_hit","no_hit","no_hit","no_hit"
"3998","ASV_4117",0.00115777720170345,-0.00729835292027508,-0.00238956616602309,"ASV_4117","no_hit","Dinophyceae","Dinophyceae","Syndiniales","Amoebophryaceae","g_","s_"
"3999","ASV_4118",0.00673548678390911,0.00679128948776443,-0.000823922835985748,"ASV_4118","no_hit","no_hit","no_hit","no_hit","no_hit","g_","s_"
"4000","ASV_4119",-0.000188017232850212,-0.000575871180101711,0.000675298310059648,"ASV_4119","no_hit","Ciliophora","Oligohymenophorea","Apostomatida","Foettingeriidae","no_hit","no_hit"
"4001","ASV_4120",-0.00115031133587029,0.00205525706270571,0.00188529028568284,"ASV_4120","no_hit","Ciliophora","Spirotrichea","unknown","Tontoniidae","Pseudotontonia","s_"
"4002","ASV_4121",0.00210813354787563,0.00178200530213453,-0.000410233023622893,"ASV_4121","Viridiplantae","Chlorophyta","Pyramimonadophyceae","Pyramimonadales","Pyramimonadaceae","g_","s_"
"4003","ASV_4122",0.00190738392890658,-0.0110434169680605,-0.00394221765567952,"ASV_4122","no_hit","Ciliophora","Spirotrichea","Stichotrichida","Amphisiellidae","g_","s_"
"4004","ASV_4123",-0.00374476513375704,0.00176718831968668,-0.00349211108077813,"ASV_4123","no_hit","Cercozoa","Thecofilosea","unknown","unknown","g_","s_"
"4005","ASV_4124",0.00237209519981945,-0.00420005207139617,-0.00389506198443646,"ASV_4124","no_hit","no_hit","no_hit","no_hit","no_hit","no_hit","no_hit"
"4006","ASV_4125",0.00133354804455897,-0.00391153578864173,-0.00142926012378052,"ASV_4125","no_hit","no_hit","no_hit","no_hit","no_hit","no_hit","no_hit"
"4007","ASV_4126",-0.000341438234789486,-0.00249965509639559,0.000160571593113652,"ASV_4126","no_hit","no_hit","no_hit","no_hit","no_hit","no_hit","s_"
"4008","ASV_4127",-0.00125292305453026,0.000521211937681404,-0.00394832637960704,"ASV_4127","no_hit","unknown","unknown","unknown","unknown","unknown","s_"
"4009","ASV_4128",0.00345429214135774,-0.00400768124432458,-0.0032290950008672,"ASV_4128","no_hit","Dinophyceae","Dinophyceae","Syndiniales","Amoebophryaceae","Amoebophrya","s_"
"4010","ASV_4129",-0.000150852651488626,-0.00117401606636733,0.000377470782749072,"ASV_4129","no_hit","Dinophyceae","Dinophyceae","Suessiales","Suessiaceae","g_","s_"
"4011","ASV_4130",-0.000152531788768148,-0.00960121676134852,-0.00265009889818911,"ASV_4130","no_hit","unknown","unknown","unknown","unknown","g_","s_"
"4012","ASV_4131",-0.00204308930117684,0.00103520033569167,-0.00116353786842021,"ASV_4131","no_hit","Dinophyceae","Dinophyceae","Gymnodiniales","no_hit","no_hit","no_hit"
"4013","ASV_4132",-0.00948259864062756,0.00449821405744367,-0.00780979018769747,"ASV_4132","no_hit","no_hit","no_hit","no_hit","no_hit","no_hit","no_hit"
"4014","ASV_4133",-0.00194147341192991,0.00251855161358675,-0.00265762558612495,"ASV_4133","no_hit","Dinophyceae","Dinophyceae","Syndiniales","Amoebophryaceae","g_","s_"
"4015","ASV_4134",4.74043938677366e-05,-0.0021768481633576,0.000147094665870534,"ASV_4134","no_hit","unknown","Polycystinea","Nassellaria","Theoperidae","Pterocanium","s_"
"4016","ASV_4135",0.00189437953456036,-0.00763198530174511,-0.00240623124216494,"ASV_4135","no_hit","Ciliophora","Spirotrichea","unknown","Tontoniidae","Pseudotontonia","s_"
"4017","ASV_4136",0.00194201994036479,-0.00871117796160452,-0.00322121288188842,"ASV_4136","no_hit","no_hit","no_hit","no_hit","no_hit","no_hit","no_hit"
"4018","ASV_4137",-0.000515195672122789,-6.89650720050659e-05,0.00104574422532134,"ASV_4137","Metazoa","Cnidaria","Hydrozoa","Trachymedusae","Rhopalonematidae","Crossota","Crossota millsae"
"4019","ASV_4138",-0.000201177154671399,0.00095265679394595,-0.000390183232674227,"ASV_4138","Metazoa","Arthropoda","Hexanauplia","Poecilostomatoida","Oncaeidae","g_","s_"
"4020","ASV_4139",-0.00833101831212787,0.00360630975562094,-0.00884025097914845,"ASV_4139","no_hit","Imbricatea","unknown","Thaumatomonadida","Thaumatomastigidae","g_","s_"
"4021","ASV_4140",-0.00244913059034636,0.00180127767238977,-0.00195308383331995,"ASV_4140","Viridiplantae","Chlorophyta","Mamiellophyceae","Dolichomastigales","Crustomastigaceae","g_","s_"
"4022","ASV_4141",0.00378374400555972,-0.00466053018613726,-0.00251832071955677,"ASV_4141","no_hit","Haptophyta","no_hit","no_hit","no_hit","g_","s_"
"4023","ASV_4142",0.0014187816431871,0.00149660393340023,0.000835032815255125,"ASV_4142","no_hit","Dinophyceae","Dinophyceae","Syndiniales","Amoebophryaceae","Amoebophrya","no_hit"
"4024","ASV_4143",0.00267512241774135,-0.00996443258583513,-0.00445686178617854,"ASV_4143","no_hit","Dinophyceae","Dinophyceae","Syndiniales","Amoebophryaceae","g_","s_"
"4025","ASV_4144",0.00438148217000504,-0.000962470289797812,-0.00214007002709585,"ASV_4144","no_hit","Dinophyceae","Dinophyceae","no_hit","no_hit","no_hit","no_hit"
"4026","ASV_4145",0.00297802504248834,-0.0100914590116932,-0.00438168202417929,"ASV_4145","no_hit","Dinophyceae","Dinophyceae","Syndiniales","no_hit","g_","s_"
"4027","ASV_4146",0.00110673853990093,-0.00244558390743187,-0.00105675625344677,"ASV_4146","no_hit","no_hit","no_hit","no_hit","no_hit","g_","s_"
"4028","ASV_4147",-0.000506915210591124,0.00169908279553514,0.00173699631408382,"ASV_4147","no_hit","Euglenozoa","unknown","Diplonemea","no_hit","no_hit","no_hit"
"4029","ASV_4148",0.0022071504071461,-0.00426956562761254,-0.00163024588775681,"ASV_4148","no_hit","Euglenozoa","unknown","Diplonemea","no_hit","no_hit","s_"
"4030","ASV_4149",0.00227944222364256,0.000283271289931452,-0.00160303769002214,"ASV_4149","no_hit","Dinophyceae","Dinophyceae","Syndiniales","Amoebophryaceae","Amoebophrya","no_hit"
"4031","ASV_4150",-0.000694667924523587,-0.000315372079772491,0.000975713453129234,"ASV_4150","unassigned","unassigned","unassigned","unassigned","unassigned","unassigned","unassigned"
"4032","ASV_4151",0.000749211417536897,-0.00602516827183975,-0.00147123876923087,"ASV_4151","no_hit","Dinophyceae","Dinophyceae","no_hit","no_hit","g_","s_"
"4033","ASV_4152",0.00290055509021571,-0.00107890220489727,-0.00199942472150462,"ASV_4152","no_hit","Euglenozoa","unknown","Diplonemea","no_hit","g_","s_"
"4034","ASV_4153",0.00618713595530466,0.00527993237000039,0.000333845302219387,"ASV_4153","no_hit","no_hit","no_hit","no_hit","no_hit","no_hit","s_"
"4035","ASV_4154",-0.000738378911484104,0.000310692340564187,0.00143204494488504,"ASV_4154","Metazoa","Arthropoda","Hexanauplia","Cyclopoida","Oithonidae","no_hit","no_hit"
"4036","ASV_4155",0.00412905902789341,-0.0038749777497304,-0.0030409098304368,"ASV_4155","no_hit","Dinophyceae","Dinophyceae","no_hit","no_hit","no_hit","s_"
"4037","ASV_4156",0.0028414424842355,-0.00194837817466918,-0.00149486653072436,"ASV_4156","no_hit","Dinophyceae","Dinophyceae","no_hit","no_hit","g_","s_"
"4038","ASV_4157",-0.00358846465122965,0.000683138848304236,-0.000789486704131507,"ASV_4157","Metazoa","Arthropoda","Hexanauplia","Calanoida","Calanidae","no_hit","no_hit"
"4039","ASV_4158",0.0021682337493015,-0.00338328786291942,-0.000929817500607198,"ASV_4158","no_hit","no_hit","no_hit","no_hit","no_hit","g_","s_"
"4040","ASV_4159",0.00173611722113308,-0.00812165777938143,-0.00302256122294071,"ASV_4159","no_hit","unknown","unknown","unknown","unknown","g_","s_"
"4041","ASV_4160",0.00259245093980752,-0.00336994974583718,-0.00162492475484278,"ASV_4160","no_hit","Dinophyceae","Dinophyceae","Syndiniales","Amoebophryaceae","Amoebophrya","no_hit"
"4042","ASV_4161",-1.67555902637282e-05,-0.00930337125948427,-0.00267308164479929,"ASV_4161","no_hit","Dinophyceae","Dinophyceae","Peridiniales","Thecadiniaceae","g_","s_"
"4043","ASV_4162",-0.000645202664270742,-0.00265815217704365,7.52082633078716e-05,"ASV_4162","no_hit","no_hit","no_hit","no_hit","no_hit","g_","s_"
"4044","ASV_4164",0.00959284735848984,0.00741734067077799,-0.000107667154908978,"ASV_4164","no_hit","unknown","unknown","unknown","unknown","unknown","s_"
"4045","ASV_4165",0.00474869625388125,0.00189861728203183,-0.000741752733420439,"ASV_4165","no_hit","unknown","Acantharea","Chaunacanthida","no_hit","no_hit","no_hit"
"4046","ASV_4166",0.00141277741761921,-0.0112388418080947,-0.00390592271622523,"ASV_4166","no_hit","Euglenozoa","unknown","Diplonemea","Hemistasiidae","g_","s_"
"4047","ASV_4167",-0.000251853333424862,-0.00192160441828679,-0.000163095204152307,"ASV_4167","no_hit","no_hit","no_hit","no_hit","no_hit","no_hit","no_hit"
"4048","ASV_4168",0.00264226061550988,-0.0140799324860641,-0.00494781057631047,"ASV_4168","no_hit","Cercozoa","unknown","unknown","Massisteriidae","Massisteria","Massisteria marina"
"4049","ASV_4169",-0.000537571114646011,-0.00143697233915705,0.000526955118277837,"ASV_4169","no_hit","unknown","unknown","unknown","unknown","unknown","uncultured marine picoeukaryote"
"4050","ASV_4171",0.000106294790042826,-0.00952008738985791,-0.00273425086801586,"ASV_4171","no_hit","no_hit","no_hit","no_hit","no_hit","no_hit","no_hit"
"4051","ASV_4172",0.00253163994758929,-0.00414854997128066,-0.00206346285890303,"ASV_4172","no_hit","Dinophyceae","Dinophyceae","no_hit","no_hit","no_hit","s_"
"4052","ASV_4173",0.0020877488262123,-0.00429039055064249,-0.00136012077711316,"ASV_4173","no_hit","unknown","Polycystinea","no_hit","no_hit","no_hit","no_hit"
"4053","ASV_4175",-0.000353491976352358,-0.000280233763055745,0.00089500618444821,"ASV_4175","Metazoa","Annelida","Polychaeta","Phyllodocida","Polynoidae","no_hit","no_hit"
"4054","ASV_4176",0.00025466806607461,-0.00203648152621652,9.52219805439887e-05,"ASV_4176","no_hit","Dinophyceae","Dinophyceae","Syndiniales","Amoebophryaceae","g_","s_"
"4055","ASV_4177",0.001292507055302,-0.00499703941863339,-0.00188215810017361,"ASV_4177","no_hit","Haptophyta","unknown","Prymnesiales","Chrysochromulinaceae","g_","s_"
"4056","ASV_4178",0.00123758833468487,-0.00821673985809574,-0.00265242659642584,"ASV_4178","no_hit","unknown","Ichthyosporea","Ichthyophonida","Ichthyophonidae","g_","s_"
"4057","ASV_4179",0.00122362857175677,-0.00153905624768119,-0.000878900851267394,"ASV_4179","Metazoa","Chordata","Appendicularia","Copelata","Oikopleuridae","Oikopleura","Oikopleura fusiformis"
"4058","ASV_4181",0.0018781735974589,0.00210081965768085,-0.0017786157509915,"ASV_4181","no_hit","Dinophyceae","Dinophyceae","Syndiniales","Amoebophryaceae","g_","s_"
"4059","ASV_4182",0.00512177613768632,-0.00184540096987931,-0.00196955770680483,"ASV_4182","no_hit","Dinophyceae","Dinophyceae","Syndiniales","Amoebophryaceae","g_","s_"
"4060","ASV_4183",0.00188487129413862,-0.00561705419454599,-0.00183729266224377,"ASV_4183","no_hit","Ciliophora","Oligohymenophorea","Philasterida","Cinetochilidae","g_","s_"
"4061","ASV_4184",0.00534492723402242,0.00199102139039003,-0.00113354002033878,"ASV_4184","no_hit","Dinophyceae","Dinophyceae","no_hit","no_hit","no_hit","no_hit"
"4062","ASV_4185",0.00592537048713781,0.000910980726629456,-0.00273754982344211,"ASV_4185","no_hit","unknown","Polycystinea","Collodaria","Sphaerozoidae","Collozoum","no_hit"
"4063","ASV_4186",0.000663038022053163,-0.0106833761699519,-0.00339770636437065,"ASV_4186","no_hit","Apicomplexa","Conoidasida","Corallicolida","Corallicolidae","g_","s_"
"4064","ASV_4187",0.00348975989362171,-0.0078522138261506,-0.00346436912526043,"ASV_4187","no_hit","no_hit","no_hit","no_hit","no_hit","no_hit","no_hit"
"4065","ASV_4188",7.104507207638e-05,0.00315957843804685,-0.00146626976927009,"ASV_4188","no_hit","Dinophyceae","Dinophyceae","Prorocentrales","Prorocentraceae","g_","s_"
"4066","ASV_4189",0.00283682224210796,-0.0017296968137466,-0.00310918551832561,"ASV_4189","no_hit","no_hit","no_hit","no_hit","no_hit","g_","s_"
"4067","ASV_4190",0.00144827645302888,-0.0034378966330533,-0.00257334357814361,"ASV_4190","no_hit","Dinophyceae","Dinophyceae","Syndiniales","Amoebophryaceae","g_","s_"
"4068","ASV_4191",-0.000475995772586898,-0.00591844818393085,-0.00159403377572245,"ASV_4191","no_hit","Dinophyceae","Dinophyceae","Syndiniales","no_hit","no_hit","no_hit"
"4069","ASV_4192",-0.000850898603836333,0.00236900426894969,0.00238521412786112,"ASV_4192","no_hit","no_hit","no_hit","no_hit","no_hit","no_hit","s_"
"4070","ASV_4193",0.00241685679479316,0.00323121751053372,-3.79297125842136e-05,"ASV_4193","no_hit","Dinophyceae","Dinophyceae","Syndiniales","no_hit","no_hit","s_"
"4071","ASV_4194",0.00278559035670817,-0.00213325687099372,-0.00132665339693646,"ASV_4194","no_hit","Dinophyceae","Dinophyceae","no_hit","no_hit","no_hit","no_hit"
"4072","ASV_4195",0.000367492634828295,-0.00426112663743728,-0.000919398066966641,"ASV_4195","no_hit","Dinophyceae","Dinophyceae","Syndiniales","no_hit","no_hit","no_hit"
"4073","ASV_4196",0.000781741293788033,-0.00629215331268529,-0.00203849275608976,"ASV_4196","no_hit","Dinophyceae","Dinophyceae","Syndiniales","no_hit","no_hit","s_"
"4074","ASV_4197",-0.00289408227869127,0.00194230350712651,-0.00211314749435276,"ASV_4197","no_hit","Dinophyceae","Dinophyceae","Syndiniales","Amoebophryaceae","Amoebophrya","no_hit"
"4075","ASV_4198",0.00112896466595811,-0.00846276090457928,-0.00287352530107253,"ASV_4198","no_hit","no_hit","no_hit","no_hit","no_hit","g_","s_"
"4076","ASV_4199",0.00461158638479607,0.00041071593008791,-0.000865019201042901,"ASV_4199","no_hit","unknown","Polycystinea","Spumellaria","Actinommidae","Hexacontium","s_"
"4077","ASV_4200",-0.00292154468269654,0.0010218086319641,-0.00392866039901582,"ASV_4200","no_hit","unknown","Dictyochophyceae","Pedinellales","unknown","g_","s_"
"4078","ASV_4201",0.00291070970132747,-0.00577024525119965,-0.00334420301537948,"ASV_4201","no_hit","Haptophyta","unknown","Prymnesiales","Chrysochromulinaceae","Chrysochromulina","Chrysochromulina strobilus"
"4079","ASV_4202",0.00226176442939368,0.00484306220988703,-0.00202342268801824,"ASV_4202","no_hit","Dinophyceae","Dinophyceae","Syndiniales","Amoebophryaceae","Amoebophrya","s_"
"4080","ASV_4203",-0.000601510313139248,-0.00393539852658182,-0.000411077454598439,"ASV_4203","no_hit","no_hit","no_hit","no_hit","no_hit","no_hit","s_"
"4081","ASV_4204",0.00323375175534773,0.00318680673228305,0.000361240570896633,"ASV_4204","no_hit","Dinophyceae","Dinophyceae","no_hit","no_hit","no_hit","no_hit"
"4082","ASV_4205",0.00180935424145917,-0.000787818429877471,-0.000234417518475522,"ASV_4205","no_hit","unknown","unknown","unknown","unknown","g_","s_"
"4083","ASV_4206",0.00120078523716154,-0.00402805531537995,-0.00116020600213013,"ASV_4206","no_hit","Dinophyceae","Dinophyceae","Syndiniales","no_hit","no_hit","no_hit"
"4084","ASV_4208",-0.00058508068694498,-0.00079897283424341,-0.000228745859814397,"ASV_4208","no_hit","unknown","Polycystinea","no_hit","no_hit","no_hit","no_hit"
"4085","ASV_4209",0.000821873520330222,-0.00308376419381568,-0.000620738766915566,"ASV_4209","no_hit","unknown","unknown","unknown","unknown","g_","s_"
"4086","ASV_4210",0.00495560766106235,-0.00499595727346816,-0.00591593163346328,"ASV_4210","no_hit","Dinophyceae","Dinophyceae","no_hit","no_hit","no_hit","s_"
"4087","ASV_4211",-0.000586205735326979,-0.00114659135716538,0.000619600218968593,"ASV_4211","no_hit","Dinophyceae","Dinophyceae","Blastodiniales","unknown","Blastodinium","Blastodinium oviforme"
"4088","ASV_4212",0.00290246469853597,-0.000917828130098011,-0.00078640476361856,"ASV_4212","no_hit","Dinophyceae","Dinophyceae","no_hit","no_hit","g_","s_"
"4089","ASV_4213",0.00376665122754878,-0.00964599032829896,-0.00411416752538569,"ASV_4213","no_hit","unknown","unknown","unknown","unknown","g_","s_"
"4090","ASV_4214",0.00885708487569452,0.00616865851361577,-0.00286628131606171,"ASV_4214","no_hit","Endomyxa","Ascetosporea","Paradiniida","unknown","g_","s_"
"4091","ASV_4215",0.0056687687869717,-0.00319984343661,-0.00287748527030711,"ASV_4215","no_hit","Dinophyceae","Dinophyceae","no_hit","no_hit","no_hit","s_"
"4092","ASV_4216",0.00700825660950635,0.00539130740290349,-6.10898073840648e-05,"ASV_4216","Fungi","Chytridiomycota","Chytridiomycetes","no_hit","no_hit","g_","s_"
"4093","ASV_4217",-0.00024999567931189,0.000136816927070379,-0.00232312505577705,"ASV_4217","no_hit","no_hit","no_hit","no_hit","no_hit","no_hit","no_hit"
"4094","ASV_4218",-0.00328694124708827,0.000449159448779785,-0.00210548067916214,"ASV_4218","no_hit","Oomycota","unknown","Lagenidiales","Haliphthoraceae","Haliphthoros","no_hit"
"4095","ASV_4219",0.00117851106312542,-0.00286041911706713,-0.000934615113163957,"ASV_4219","no_hit","Dinophyceae","Dinophyceae","Blastodiniales","unknown","g_","s_"
"4096","ASV_4220",0.0016049854014283,-0.00409747201222488,-0.0013918376706882,"ASV_4220","no_hit","Dinophyceae","Dinophyceae","Syndiniales","no_hit","g_","s_"
"4097","ASV_4221",-0.000470833928530289,0.00109389335418891,0.0014919187756279,"ASV_4221","no_hit","no_hit","no_hit","no_hit","no_hit","no_hit","no_hit"
"4098","ASV_4222",0.00127809437358646,-0.00493510244858709,-0.00457286134364397,"ASV_4222","no_hit","Dinophyceae","Dinophyceae","no_hit","no_hit","no_hit","s_"
"4099","ASV_4223",0.00177892090862496,-0.00295147804972565,-0.00138279199857806,"ASV_4223","no_hit","Euglenozoa","unknown","Diplonemea","unknown","unknown","s_"
"4100","ASV_4224",-0.00023285104367791,-0.0022318630932201,0.000198282493371881,"ASV_4224","no_hit","Euglenozoa","unknown","Diplonemea","unknown","unknown","s_"
"4101","ASV_4225",0.00388573628822629,-0.00294652866324935,-0.00151956415132802,"ASV_4225","no_hit","unknown","unknown","unknown","unknown","g_","s_"
"4102","ASV_4226",0.000541201015411129,-0.000967434564162941,1.09697275822266e-05,"ASV_4226","no_hit","Dinophyceae","Dinophyceae","no_hit","no_hit","g_","s_"
"4103","ASV_4229",0.000305313193913212,-0.0135409315585637,-0.00411490653139283,"ASV_4229","no_hit","unknown","Cryptophyceae","Pyrenomonadales","Geminigeraceae","Proteomonas","s_"
"4104","ASV_4230",0.000797542351903152,-0.0204243856793362,-0.00678171753693501,"ASV_4230","no_hit","no_hit","no_hit","no_hit","no_hit","g_","s_"
"4105","ASV_4231",0.00356067805033203,-0.00214335778147708,-0.00284277794657846,"ASV_4231","no_hit","Dinophyceae","Dinophyceae","no_hit","no_hit","no_hit","no_hit"
"4106","ASV_4232",0.000328624075688991,-0.00758723784284856,-0.00213955946033637,"ASV_4232","no_hit","Dinophyceae","Dinophyceae","Gymnodiniales","Kareniaceae","g_","s_"
"4107","ASV_4233",0.00302043355899046,-0.0031512533966668,-0.00242124377079057,"ASV_4233","no_hit","Dinophyceae","Dinophyceae","Gymnodiniales","Gymnodiniaceae","g_","s_"
"4108","ASV_4234",-0.00012406171841603,0.00382469973234069,-0.00578107071225783,"ASV_4234","no_hit","no_hit","no_hit","no_hit","no_hit","g_","s_"
"4109","ASV_4235",-0.00260192186885257,0.00043665128893182,-0.0013573809552232,"ASV_4235","no_hit","Dinophyceae","Dinophyceae","Peridiniales","Protoperidiniaceae","g_","s_"
"4110","ASV_4236",-0.000309609476595129,-0.00414857337398789,-0.000804566995497073,"ASV_4236","no_hit","no_hit","no_hit","no_hit","no_hit","no_hit","s_"
"4111","ASV_4237",0.00265732819505734,0.00216335050515721,0.000464469245634228,"ASV_4237","no_hit","Foraminifera","unknown","Rotaliida","Catapsydracidae","g_","s_"
"4112","ASV_4238",0.000796297127876529,-0.00816436071066123,-0.00245830404710279,"ASV_4238","no_hit","unknown","Polycystinea","no_hit","no_hit","no_hit","s_"
"4113","ASV_4240",0.00161269277947545,-0.00402063860688466,-0.0024502244287592,"ASV_4240","no_hit","no_hit","no_hit","no_hit","no_hit","no_hit","s_"
"4114","ASV_4241",0.00700487424547107,0.00580954670848957,-0.0011872930502967,"ASV_4241","no_hit","unknown","unknown","unknown","unknown","g_","s_"
"4115","ASV_4242",0.00295787062564264,-0.00791820769381269,-0.00391682465598762,"ASV_4242","no_hit","no_hit","no_hit","no_hit","no_hit","g_","s_"
"4116","ASV_4243",0.00105901890466392,-0.000410324660828685,-0.000687641367541598,"ASV_4243","no_hit","Oomycota","unknown","Lagenidiales","Haliphthoraceae","g_","s_"
"4117","ASV_4244",0.00136832063873756,-0.00926579491582507,-0.00364885481498859,"ASV_4244","no_hit","Imbricatea","unknown","Thaumatomonadida","no_hit","g_","s_"
"4118","ASV_4245",0.00410290029250042,-0.00132073562310016,-0.00251881269261014,"ASV_4245","no_hit","Dinophyceae","Dinophyceae","Syndiniales","Amoebophryaceae","g_","s_"
"4119","ASV_4246",0.00168899469011986,-0.0040978371869152,-0.00142491622309342,"ASV_4246","no_hit","Dinophyceae","Dinophyceae","Syndiniales","Amoebophryaceae","Amoebophrya","no_hit"
"4120","ASV_4247",0.00604157520033456,0.00426454392433005,-0.00141794349694188,"ASV_4247","no_hit","Dinophyceae","Dinophyceae","no_hit","no_hit","no_hit","no_hit"
"4121","ASV_4248",-0.00707710728119767,0.00319296092792077,-0.00661623424296227,"ASV_4248","no_hit","Dinophyceae","Dinophyceae","no_hit","no_hit","no_hit","no_hit"
"4122","ASV_4250",0.00104153746707878,-0.000701461725303391,-0.000161686106162897,"ASV_4250","no_hit","unknown","unknown","unknown","unknown","unknown","eukaryote clone OLI11007"
"4123","ASV_4251",0.000831132507777352,-0.00792682526416833,-0.00248568291156019,"ASV_4251","no_hit","no_hit","no_hit","no_hit","no_hit","g_","s_"
"4124","ASV_4252",0.00615797347589127,0.00538651867226476,0.000479932799342755,"ASV_4252","no_hit","unknown","Acantharea","Chaunacanthida","no_hit","no_hit","no_hit"
"4125","ASV_4254",0.00686229713309654,-0.00405316839616995,-0.00336281847094198,"ASV_4254","no_hit","Dinophyceae","Dinophyceae","no_hit","no_hit","no_hit","no_hit"
"4126","ASV_4255",0.000362124254184871,0.00344714071238675,-0.00162716048746155,"ASV_4255","no_hit","unknown","unknown","unknown","unknown","g_","s_"
"4127","ASV_4257",0.00128505692735755,0.00401681492111986,-0.00155437401789467,"ASV_4257","no_hit","unknown","unknown","unknown","unknown","unknown","uncultured marine eukaryote"
"4128","ASV_4258",-0.000323880922948261,-0.010908951732493,-0.00305030078610437,"ASV_4258","no_hit","unknown","Polycystinea","no_hit","no_hit","no_hit","s_"
"4129","ASV_4259",-7.14956967047129e-05,-0.00776488822122469,-0.00191343667193632,"ASV_4259","no_hit","unknown","unknown","unknown","unknown","g_","s_"
"4130","ASV_4260",-0.000331986739182258,-0.000624505216593964,-0.00046148526900132,"ASV_4260","no_hit","unknown","unknown","Pirsoniales","unknown","g_","s_"
"4131","ASV_4261",-0.000500461448832043,-0.000123327578805864,0.000993710970910935,"ASV_4261","no_hit","unknown","Polycystinea","no_hit","no_hit","no_hit","no_hit"
"4132","ASV_4262",0.0014469891910742,0.0017019424190372,-0.00191657404636574,"ASV_4262","no_hit","no_hit","no_hit","no_hit","no_hit","no_hit","s_"
"4133","ASV_4264",-0.000162984080235781,-0.00340069037550019,-0.000242364414697426,"ASV_4264","no_hit","Dinophyceae","Dinophyceae","Syndiniales","no_hit","g_","s_"
"4134","ASV_4265",0.00631537682286325,-0.0071152121670443,-0.00478104026116355,"ASV_4265","no_hit","no_hit","no_hit","no_hit","no_hit","no_hit","no_hit"
"4135","ASV_4267",0.00666674630715806,-0.000161515455887146,-0.00257455529952165,"ASV_4267","no_hit","unknown","Bolidophyceae","Parmales","Triparmaceae","g_","s_"
"4136","ASV_4268",0.00302795342955037,-0.0058713329471901,-0.00269911544770114,"ASV_4268","no_hit","Ciliophora","Colpodea","unknown","unknown","g_","s_"
"4137","ASV_4269",0.00418577077386485,0.00245054381432321,-0.0026712021846188,"ASV_4269","no_hit","unknown","unknown","unknown","unknown","g_","s_"
"4138","ASV_4271",-0.000168449598522959,-0.00477862123353461,-0.000759796472512388,"ASV_4271","no_hit","Dinophyceae","Dinophyceae","Syndiniales","Amoebophryaceae","g_","s_"
"4139","ASV_4272",-0.000578167855366294,-0.00192402493520485,0.000378705629887222,"ASV_4272","no_hit","no_hit","no_hit","no_hit","no_hit","g_","s_"
"4140","ASV_4273",0.00209719250620977,0.00120846995796683,-0.000434147772975935,"ASV_4273","no_hit","no_hit","no_hit","no_hit","no_hit","no_hit","s_"
"4141","ASV_4274",-0.00654362690351083,0.00223091685156525,-0.00473672992976407,"ASV_4274","Metazoa","Cnidaria","Hydrozoa","Leptothecata","Mitrocomidae","g_","s_"
"4142","ASV_4275",0.00165474829018198,-0.00172768330085002,-0.000592551918321089,"ASV_4275","Metazoa","Cnidaria","Hydrozoa","Narcomedusae","Tetraplatiidae","Tetraplatia","Tetraplatia volitans"
"4143","ASV_4276",0.0038459814471552,-0.0108552202206316,-0.00555346147938313,"ASV_4276","no_hit","Dinophyceae","Dinophyceae","Syndiniales","no_hit","no_hit","no_hit"
"4144","ASV_4277",0.00247808470214495,-0.00400445087929419,-0.00168455126856553,"ASV_4277","no_hit","Euglenozoa","unknown","Diplonemea","unknown","g_","s_"
"4145","ASV_4278",0.00182006478853656,-0.00352449738822184,-0.00776475804119959,"ASV_4278","no_hit","Dinophyceae","Dinophyceae","no_hit","no_hit","no_hit","s_"
"4146","ASV_4279",0.000738494188290714,-0.00486415175502585,-0.00135872665684662,"ASV_4279","no_hit","Euglenozoa","unknown","Diplonemea","no_hit","g_","s_"
"4147","ASV_4280",0.000511056098100221,-0.00624091261445418,-0.00176077425990989,"ASV_4280","no_hit","unknown","Polycystinea","Nassellaria","Theoperidae","Eucyrtidium","s_"
"4148","ASV_4281",0.00197559382999412,-0.00739318706399004,-0.00256087945995917,"ASV_4281","no_hit","no_hit","no_hit","no_hit","no_hit","no_hit","no_hit"
"4149","ASV_4282",-0.000199130908585371,-0.00474266808616482,-0.000833010941112674,"ASV_4282","no_hit","Dinophyceae","Dinophyceae","Syndiniales","Duboscquellidae","Duboscquella","s_"
"4150","ASV_4283",0.00146322150005367,-0.00325243920985449,-0.00167500898384741,"ASV_4283","Metazoa","Cnidaria","Hydrozoa","Siphonophorae","no_hit","no_hit","no_hit"
"4151","ASV_4284",-0.000873714544113463,-0.00116317099719664,-0.00130026859157293,"ASV_4284","no_hit","Dinophyceae","Dinophyceae","Syndiniales","Amoebophryaceae","Amoebophrya","no_hit"
"4152","ASV_4285",-0.00229352782977417,0.00103814328599096,-0.00181687412288214,"ASV_4285","no_hit","no_hit","no_hit","no_hit","no_hit","g_","s_"
"4153","ASV_4286",0.00230615774029701,-0.00711759233161825,-0.00297176014520254,"ASV_4286","no_hit","unknown","Cryptophyceae","Cyathomonadacea","Goniomonadaceae","g_","s_"
"4154","ASV_4287",0.00342811533309465,0.00152904779937506,-0.000512878897222829,"ASV_4287","no_hit","no_hit","no_hit","no_hit","no_hit","no_hit","no_hit"
"4155","ASV_4288",-0.000837394009114728,-0.00237959300726949,-0.00131629696534547,"ASV_4288","no_hit","Dinophyceae","Dinophyceae","Syndiniales","Eudubosquellidae","Euduboscquella","no_hit"
"4156","ASV_4289",0.000341546297602558,-0.00942342514846894,-0.00261587127379877,"ASV_4289","no_hit","Euglenozoa","unknown","Diplonemea","unknown","g_","s_"
"4157","ASV_4290",0.0049046510330078,0.00544261677620211,-0.0017849265695114,"ASV_4290","no_hit","no_hit","no_hit","no_hit","no_hit","no_hit","no_hit"
"4158","ASV_4291",-0.00218437196207706,0.000806954306655134,-0.000406508187442582,"ASV_4291","no_hit","Ciliophora","Spirotrichea","Choreotrichida","Strobilidiidae","Pelagostrobilidium","s_"
"4159","ASV_4292",-0.00077882956295899,0.00212576197219405,-0.0047179892698929,"ASV_4292","no_hit","unknown","Cryptophyceae","Pyrenomonadales","Chroomonadaceae","Falcomonas","Falcomonas daucoides"
"4160","ASV_4294",0.00190158110570539,-0.00995213256674711,-0.00318574667535002,"ASV_4294","no_hit","Dinophyceae","Dinophyceae","Syndiniales","Amoebophryaceae","Amoebophrya","s_"
"4161","ASV_4295",0.00246198158641265,-0.00719827087873571,-0.00284224207420744,"ASV_4295","no_hit","Haptophyta","unknown","Zygodiscales","Braarudosphaeraceae","g_","s_"
"4162","ASV_4296",0.00289809275696307,0.000523638359916125,-0.000388093864649846,"ASV_4296","no_hit","no_hit","no_hit","no_hit","no_hit","g_","s_"
"4163","ASV_4298",-0.00119081106926848,-0.0106897070658252,-0.00415168063275687,"ASV_4298","no_hit","unknown","Bigyra","no_hit","no_hit","g_","s_"
"4164","ASV_4299",-0.000253414126523059,-0.000718061642028333,0.000567468940431862,"ASV_4299","no_hit","unknown","unknown","unknown","unknown","unknown","uncultured marine eukaryote"
"4165","ASV_4301",0.000578491634659733,-0.00312978130049264,-0.00103868624803443,"ASV_4301","no_hit","Dinophyceae","Dinophyceae","no_hit","no_hit","no_hit","no_hit"
"4166","ASV_4302",0.00023686500172784,-0.000759743227998966,-0.000723240131654461,"ASV_4302","no_hit","Dinophyceae","Dinophyceae","Syndiniales","Amoebophryaceae","g_","s_"
"4167","ASV_4303",0.00182323184131015,0.00119864249945933,6.44136358094767e-05,"ASV_4303","no_hit","no_hit","no_hit","no_hit","no_hit","no_hit","no_hit"
"4168","ASV_4304",-0.00499495662877484,0.00251101456600474,-0.0042225012345029,"ASV_4304","no_hit","Dinophyceae","Dinophyceae","Syndiniales","no_hit","no_hit","no_hit"
"4169","ASV_4305",-0.000610135178313442,4.47390610463876e-05,0.00147104975471436,"ASV_4305","no_hit","Ciliophora","Spirotrichea","unknown","Strombidiidae","Strombidium","s_"
"4170","ASV_4306",0.000633230344021355,-0.00981565489098669,-0.00318729501050052,"ASV_4306","no_hit","Dinophyceae","Dinophyceae","no_hit","no_hit","no_hit","s_"
"4171","ASV_4307",0.0029101847105474,-0.00314590456825421,-0.002725227773761,"ASV_4307","no_hit","Dinophyceae","Dinophyceae","no_hit","no_hit","g_","s_"
"4172","ASV_4309",-0.000406522027286573,-0.00396089025648486,-0.000422326473442781,"ASV_4309","no_hit","unknown","Polycystinea","Spumellaria","no_hit","no_hit","no_hit"
"4173","ASV_4310",0.00205438126196648,-0.00921238674017262,-0.00281906612775485,"ASV_4310","no_hit","unknown","unknown","unknown","unknown","g_","s_"
"4174","ASV_4311",-0.00329115859682439,0.000516205005983424,-0.00329834192051421,"ASV_4311","no_hit","no_hit","no_hit","no_hit","no_hit","g_","s_"
"4175","ASV_4312",0.00173248468885187,-0.00558631142129974,-0.00239253084668381,"ASV_4312","no_hit","Picozoa","unknown","unknown","unknown","unknown","Picobiliphyte sp. MS584-11"
"4176","ASV_4313",-0.000486664220099888,0.000614539085946527,0.00121564462314531,"ASV_4313","no_hit","Dinophyceae","Dinophyceae","Syndiniales","Amoebophryaceae","g_","s_"
"4177","ASV_4314",0.00175994269579021,-0.0097639762090169,-0.00366972311941966,"ASV_4314","no_hit","Dinophyceae","Dinophyceae","Syndiniales","Amoebophryaceae","g_","s_"
"4178","ASV_4315",0.000869194518774406,-0.0141347270955056,-0.0048227795865976,"ASV_4315","no_hit","Dinophyceae","Dinophyceae","Syndiniales","no_hit","no_hit","s_"
"4179","ASV_4316",0.00130607326150339,-0.00675095728383424,-0.00200670395659711,"ASV_4316","no_hit","Dinophyceae","Dinophyceae","no_hit","no_hit","g_","s_"
"4180","ASV_4317",0.00215301775099064,-0.0049741634716814,-0.00171979772447591,"ASV_4317","no_hit","Dinophyceae","Dinophyceae","no_hit","no_hit","no_hit","s_"
"4181","ASV_4318",-0.000502726656487253,-0.000830293618760031,0.000740081759019401,"ASV_4318","no_hit","Euglenozoa","unknown","Diplonemea","unknown","g_","s_"
"4182","ASV_4319",0.00164049831435822,-0.00629631686151255,-0.00159875157973606,"ASV_4319","no_hit","Ciliophora","Oligohymenophorea","Philasterida","Cinetochilidae","g_","s_"
"4183","ASV_4320",-0.000453537823220941,-0.00356867425765832,-0.000270156297435458,"ASV_4320","no_hit","unknown","Polycystinea","no_hit","no_hit","g_","s_"
"4184","ASV_4321",-0.00119525376168394,0.00139768620863801,0.00184031692116637,"ASV_4321","no_hit","no_hit","no_hit","no_hit","no_hit","no_hit","no_hit"
"4185","ASV_4322",0.000663913909715073,-0.006654716827385,-0.0024455711285337,"ASV_4322","no_hit","Dinophyceae","Dinophyceae","Syndiniales","Amoebophryaceae","g_","s_"
"4186","ASV_4323",0.000173953509570624,-0.0112940978729974,-0.00344650213643088,"ASV_4323","no_hit","Dinophyceae","Dinophyceae","Syndiniales","no_hit","no_hit","no_hit"
"4187","ASV_4324",0.00521329562181912,-0.00178737636584522,-0.00277671053834383,"ASV_4324","no_hit","no_hit","no_hit","no_hit","no_hit","no_hit","no_hit"
"4188","ASV_4326",0.00457897257135067,-0.00961637576889913,-0.00574473081374205,"ASV_4326","no_hit","Bacillariophyta","Coscinodiscophyceae","Melosirales","Stephanopyxidaceae","Stephanopyxis","s_"
"4189","ASV_4327",-1.10498115006514e-05,-0.0016336146656414,-0.00349284793535043,"ASV_4327","no_hit","Haptophyta","unknown","unknown","unknown","g_","s_"
"4190","ASV_4328",-0.00321325413564155,-0.00027317198713802,-0.00302971031425282,"ASV_4328","no_hit","Oomycota","unknown","Lagenidiales","Haliphthoraceae","Haliphthoros","no_hit"
"4191","ASV_4329",0.00416422947391953,0.00307579378888309,-0.00108083360946192,"ASV_4329","no_hit","no_hit","no_hit","no_hit","no_hit","g_","s_"
"4192","ASV_4330",0.0025244805965534,-0.00514360296727667,-0.00317582525681124,"ASV_4330","no_hit","unknown","unknown","unknown","unknown","unknown","uncultured marine eukaryote"
"4193","ASV_4331",-0.000126615226383643,-1.28938768638611e-05,0.000869217796494622,"ASV_4331","no_hit","unknown","unknown","unknown","unknown","g_","s_"
"4194","ASV_4332",0.00252861901024835,0.0014195508764194,-0.00105776337753262,"ASV_4332","no_hit","unknown","unknown","unknown","unknown","unknown","s_"
"4195","ASV_4333",0.0012609785164223,-0.00698830063941664,-0.00195215138099038,"ASV_4333","no_hit","Euglenozoa","unknown","Diplonemea","unknown","unknown","s_"
"4196","ASV_4334",0.000810128629247368,-0.00527573673683371,-0.00113712801380888,"ASV_4334","no_hit","Dinophyceae","Dinophyceae","Peridiniales","no_hit","no_hit","s_"
"4197","ASV_4335",0.000446546965941018,-0.00529610029972841,-0.00110434946136338,"ASV_4335","no_hit","unknown","unknown","unknown","unknown","g_","s_"
"4198","ASV_4336",0.00192345029751578,-0.00319552351751679,-0.00252616954687059,"ASV_4336","no_hit","Dinophyceae","Dinophyceae","Syndiniales","no_hit","no_hit","no_hit"
"4199","ASV_4337",-0.000166190542773018,-0.000433421116273244,0.00157982144780662,"ASV_4337","no_hit","Dinophyceae","Dinophyceae","Lophodiniales","Lophodiniaceae","g_","s_"
"4200","ASV_4338",0.00128457403930238,-0.00044556447807404,-0.00216346083968286,"ASV_4338","no_hit","Dinophyceae","Dinophyceae","Gymnodiniales","Gymnodiniaceae","Lepidodinium","Lepidodinium viride"
"4201","ASV_4339",0.000295773574161571,0.00152959819315057,-0.0015467648298042,"ASV_4339","no_hit","Dinophyceae","Dinophyceae","Syndiniales","Amoebophryaceae","g_","s_"
"4202","ASV_4340",5.86037310498565e-05,-0.00236397964632406,-0.000108135981958299,"ASV_4340","no_hit","no_hit","no_hit","no_hit","no_hit","g_","s_"
"4203","ASV_4341",0.00435694044107703,0.00332711486397346,-7.99739605316257e-06,"ASV_4341","no_hit","no_hit","no_hit","no_hit","no_hit","no_hit","no_hit"
"4204","ASV_4343",0.0069708906214732,-0.000675216946645043,-0.00185849772278377,"ASV_4343","no_hit","unknown","Polycystinea","Spumellaria","Actinommidae","Hexacontium","s_"
"4205","ASV_4344",-0.00339148976634758,0.00245592943767258,-0.00384875931938578,"ASV_4344","Viridiplantae","Chlorophyta","Pyramimonadophyceae","Pyramimonadales","Pyramimonadaceae","Pterosperma","s_"
"4206","ASV_4345",0.000231979669170023,-0.00630140143298951,-0.00287292065741957,"ASV_4345","no_hit","Dinophyceae","Dinophyceae","no_hit","no_hit","no_hit","s_"
"4207","ASV_4346",0.000751213159687588,-0.01163994140393,-0.00370643932202633,"ASV_4346","no_hit","unknown","unknown","unknown","unknown","g_","s_"
"4208","ASV_4347",-0.000579115979186969,-0.00292851033399049,-9.24333385798509e-05,"ASV_4347","no_hit","Dinophyceae","Dinophyceae","Peridiniales","Peridiniaceae","g_","s_"
"4209","ASV_4348",0.000263706533824318,-0.00700761096716404,-0.00183954634991248,"ASV_4348","no_hit","no_hit","no_hit","no_hit","no_hit","no_hit","no_hit"
"4210","ASV_4349",-9.70113504144906e-06,-0.000845356154993183,0.000330937781722634,"ASV_4349","no_hit","Dinophyceae","Dinophyceae","Syndiniales","no_hit","no_hit","no_hit"
"4211","ASV_4350",-2.78103910973735e-05,-0.0104251738596138,-0.00296514428625998,"ASV_4350","no_hit","Euglenozoa","unknown","Diplonemea","no_hit","no_hit","no_hit"
"4212","ASV_4351",0.00290792449119508,-0.0126454705813771,-0.00463947433269665,"ASV_4351","no_hit","Ciliophora","Spirotrichea","unknown","Tontoniidae","Pseudotontonia","Pseudotontonia simplicidens"
"4213","ASV_4352",0.00419504278666711,-0.000428793217479269,-0.00211609866326745,"ASV_4352","no_hit","unknown","unknown","unknown","unknown","g_","s_"
"4214","ASV_4353",-0.00536430294041466,0.00198168750347803,-0.00374772825964657,"ASV_4353","no_hit","Dinophyceae","Dinophyceae","Dinophysiales","Dinophysiaceae","Dinophysis","Dinophysis acuminata"
"4215","ASV_4355",0.00117386972051968,0.000174141481800287,0.000408291051977299,"ASV_4355","no_hit","no_hit","no_hit","no_hit","no_hit","g_","s_"
"4216","ASV_4356",-0.000596384469160967,-0.00177815027059916,0.000426729342945737,"ASV_4356","no_hit","unknown","unknown","unknown","unknown","g_","s_"
"4217","ASV_4357",0.00499095273010144,0.00375824304757701,3.06161472620525e-05,"ASV_4357","Metazoa","Cnidaria","Anthozoa","Pennatulacea","Virgulariidae","g_","s_"
"4218","ASV_4358",-0.00264486440519564,-0.000370544047182702,-0.0036697791244565,"ASV_4358","no_hit","no_hit","no_hit","no_hit","no_hit","no_hit","no_hit"
"4219","ASV_4359",-0.0044476043834568,0.00107986421066249,-0.00324487990995295,"ASV_4359","no_hit","Dinophyceae","Dinophyceae","no_hit","no_hit","no_hit","no_hit"
"4220","ASV_4360",0.00127123663881542,-0.00765057495063316,-0.0024548970734838,"ASV_4360","no_hit","no_hit","no_hit","no_hit","no_hit","no_hit","s_"
"4221","ASV_4361",-0.0014832142305342,0.000937401046562549,-0.00057016616970361,"ASV_4361","no_hit","Dinophyceae","Dinophyceae","Gonyaulacales","Amphidomataceae","g_","s_"
"4222","ASV_4362",0.00144724426946211,-0.00666803602556845,-0.00357553539854556,"ASV_4362","no_hit","Ciliophora","Oligohymenophorea","Philasterida","Loxocephalidae","g_","s_"
"4223","ASV_4363",0.00604243793268935,0.00030551633229088,-0.00246911009816796,"ASV_4363","no_hit","Dinophyceae","Dinophyceae","Syndiniales","Amoebophryaceae","g_","s_"
"4224","ASV_4364",-0.000932686276567383,-0.00345520608866302,-0.00551465308128771,"ASV_4364","no_hit","no_hit","no_hit","no_hit","no_hit","g_","s_"
"4225","ASV_4366",-0.000717731054686305,0.00270869782580017,0.00225518899139928,"ASV_4366","no_hit","no_hit","no_hit","no_hit","no_hit","g_","s_"
"4226","ASV_4367",-0.00940382222313441,0.00429426572841861,-0.00857130385211002,"ASV_4367","no_hit","Bacillariophyta","Bacillariophyceae","Naviculales","Naviculaceae","Navicula","no_hit"
"4227","ASV_4368",0.00124439531499726,-0.00323835601595329,-0.00106229704460667,"ASV_4368","no_hit","no_hit","no_hit","no_hit","no_hit","g_","s_"
"4228","ASV_4370",0.00569426489266483,0.00429188218533048,-0.000732960025219559,"ASV_4370","no_hit","Dinophyceae","Dinophyceae","Syndiniales","no_hit","no_hit","no_hit"
"4229","ASV_4371",-0.00041980271855823,-0.000393943751676122,0.000889061939232548,"ASV_4371","no_hit","Dinophyceae","Dinophyceae","Syndiniales","Amoebophryaceae","Amoebophrya","s_"
"4230","ASV_4372",4.30106700518198e-05,0.000372659794040017,-0.000744401664467442,"ASV_4372","no_hit","no_hit","no_hit","no_hit","no_hit","g_","s_"
"4231","ASV_4373",0.0022728178877621,-0.00397188501038986,-0.00173293920749076,"ASV_4373","no_hit","unknown","Polycystinea","no_hit","no_hit","g_","s_"
"4232","ASV_4374",-0.0037462708061553,0.00211135269545469,-0.00301293140791672,"ASV_4374","no_hit","Dinophyceae","Dinophyceae","Peridiniales","Protoperidiniaceae","Protoperidinium","s_"
"4233","ASV_4377",0.00241632808953235,-0.00664213721752204,-0.00320599800097504,"ASV_4377","no_hit","Dinophyceae","Dinophyceae","no_hit","no_hit","no_hit","no_hit"
"4234","ASV_4378",5.70345242887547e-05,-0.00210348655232764,0.000180327795497113,"ASV_4378","no_hit","Dinophyceae","Dinophyceae","Syndiniales","Amoebophryaceae","g_","s_"
"4235","ASV_4379",0.00279930096759577,-0.00995223561195115,-0.00430102076165581,"ASV_4379","no_hit","Dinophyceae","Dinophyceae","Syndiniales","Amoebophryaceae","Amoebophrya","s_"
"4236","ASV_4380",-0.000560699208683612,-0.00218939453977413,0.000217670305310613,"ASV_4380","no_hit","Euglenozoa","unknown","Diplonemea","unknown","g_","s_"
"4237","ASV_4381",0.00352723419594568,-0.000148748647194702,-0.00173550274199304,"ASV_4381","no_hit","no_hit","no_hit","no_hit","no_hit","no_hit","s_"
"4238","ASV_4382",-0.000479055132782924,-0.000399701808976247,0.00128981180044409,"ASV_4382","Metazoa","Arthropoda","Hexanauplia","Poecilostomatoida","Oncaeidae","no_hit","no_hit"
"4239","ASV_4383",-0.000585304942475419,-0.00186566498485049,0.000378767339386171,"ASV_4383","no_hit","Dinophyceae","Dinophyceae","Peridiniales","Peridiniaceae","g_","s_"
"4240","ASV_4384",-0.00185036986661955,0.00120909587772674,-0.000982171419718126,"ASV_4384","no_hit","unknown","Bigyra","Nanomonadea","unknown","Solenicola","s_"
"4241","ASV_4385",-0.00436403787214853,0.00275750724134715,-0.00477515548058318,"ASV_4385","no_hit","Dinophyceae","Dinophyceae","Gonyaulacales","Amphidomataceae","Azadinium","Azadinium polongum"
"4242","ASV_4386",0.00064128457535014,-0.00114964793548174,-0.000164264639265504,"ASV_4386","Metazoa","Arthropoda","Hexanauplia","Poecilostomatoida","Oncaeidae","Triconia","Triconia conifera"
"4243","ASV_4389",-0.000629637846950289,0.0029575790380112,-0.0018101817625034,"ASV_4389","no_hit","Haptophyta","unknown","Prymnesiales","Chrysochromulinaceae","Chrysochromulina","no_hit"
"4244","ASV_4390",0.0024556870019122,0.000106747010605533,-0.00100050806556656,"ASV_4390","no_hit","unknown","unknown","unknown","unknown","unknown","uncultured marine eukaryote"
"4245","ASV_4391",-0.000482818233572297,-0.00385340480955243,-0.000388497155069771,"ASV_4391","no_hit","no_hit","no_hit","no_hit","no_hit","g_","s_"
"4246","ASV_4392",0.000462149544259439,-0.00121990747048262,-0.000242543110745334,"ASV_4392","no_hit","Dinophyceae","Dinophyceae","Syndiniales","Amoebophryaceae","g_","s_"
"4247","ASV_4393",-0.000293355856779759,-0.00276564264775897,-2.05639375951111e-05,"ASV_4393","no_hit","Dinophyceae","Dinophyceae","Syndiniales","Duboscquellidae","g_","s_"
"4248","ASV_4394",-0.000483092075204778,0.000542424851848799,0.00140164046067436,"ASV_4394","no_hit","no_hit","no_hit","no_hit","no_hit","no_hit","no_hit"
"4249","ASV_4395",0.00112914672275135,0.0015656579127755,-0.0013269244229699,"ASV_4395","no_hit","Dinophyceae","Dinophyceae","Syndiniales","no_hit","no_hit","no_hit"
"4250","ASV_4396",-0.000507331670841621,0.00153463241218004,0.00167260992471597,"ASV_4396","no_hit","Euglenozoa","unknown","Diplonemea","unknown","g_","s_"
"4251","ASV_4397",-0.00299930032927013,-0.00432229482887913,-0.00518965879151798,"ASV_4397","no_hit","Ciliophora","Phyllopharyngea","Dysteriida","Plesiotrichopidae","g_","s_"
"4252","ASV_4398",0.00024891786776501,-0.0124425789356694,-0.00405350665434809,"ASV_4398","no_hit","unknown","unknown","unknown","unknown","g_","s_"
"4253","ASV_4400",-0.000324299336150736,-0.000451580982009276,0.001591779735549,"ASV_4400","no_hit","unknown","unknown","unknown","unknown","unknown","uncultured marine picoeukaryote"
"4254","ASV_4403",0.00699392394564055,0.00240800189607006,-0.00101934708662308,"ASV_4403","no_hit","unknown","unknown","unknown","unknown","g_","s_"
"4255","ASV_4404",0.00241260782648811,-0.0112235086389499,-0.00480992296830914,"ASV_4404","no_hit","no_hit","no_hit","no_hit","no_hit","no_hit","no_hit"
"4256","ASV_4405",-0.00145683274057243,-0.00117186191584516,-0.000690835595140858,"ASV_4405","no_hit","Dinophyceae","Dinophyceae","no_hit","no_hit","no_hit","no_hit"
"4257","ASV_4406",-0.000479044390378072,0.000784402435298063,0.00137125092722911,"ASV_4406","no_hit","Euglenozoa","unknown","Diplonemea","unknown","g_","s_"
"4258","ASV_4407",0.00163142621039131,-0.000781270638907861,-0.000570386977239059,"ASV_4407","no_hit","Euglenozoa","unknown","Diplonemea","no_hit","no_hit","no_hit"
"4259","ASV_4409",0.00121048794591257,-0.00938331767407851,-0.0032552852596459,"ASV_4409","no_hit","unknown","unknown","unknown","unknown","g_","s_"
"4260","ASV_4410",-0.000755588438819171,0.00158398227885798,0.0019488147796238,"ASV_4410","no_hit","Dinophyceae","Dinophyceae","Gonyaulacales","Goniodomataceae","g_","s_"
"4261","ASV_4411",-0.00319482556932914,0.00119509733885425,-0.00175784894807936,"ASV_4411","no_hit","no_hit","no_hit","no_hit","no_hit","no_hit","no_hit"
"4262","ASV_4412",0.00295877591845454,-0.00167480014081508,-0.00134825762722964,"ASV_4412","no_hit","Haptophyta","no_hit","no_hit","no_hit","g_","s_"
"4263","ASV_4413",-0.000572064164781454,-0.00129354951984138,0.000500724549288739,"ASV_4413","no_hit","no_hit","no_hit","no_hit","no_hit","g_","s_"
"4264","ASV_4414",0.00575755056047114,0.000759847166524734,-0.00499753647060067,"ASV_4414","no_hit","unknown","Chrysophyceae","unknown","unknown","g_","s_"
"4265","ASV_4415",0.0012171982944472,-0.0059139586315984,-0.00247323627138085,"ASV_4415","no_hit","Dinophyceae","Dinophyceae","Peridiniales","Peridiniaceae","g_","s_"
"4266","ASV_4416",-7.75615640285272e-05,-0.00515247947008548,-0.000938402551268028,"ASV_4416","no_hit","unknown","Polycystinea","Spumellaria","no_hit","g_","s_"
"4267","ASV_4417",-0.00308731362010234,0.00194110182981487,-0.0030106004917338,"ASV_4417","no_hit","Dinophyceae","Dinophyceae","Syndiniales","Amoebophryaceae","g_","s_"
"4268","ASV_4418",0.00101529607549514,-0.0012509364194423,-0.000642506464838863,"ASV_4418","no_hit","Dinophyceae","Dinophyceae","Syndiniales","Amoebophryaceae","g_","s_"
"4269","ASV_4419",-0.000411616146935082,-0.000194646214729766,0.000955258198147669,"ASV_4419","no_hit","unknown","unknown","unknown","unknown","unknown","s_"
"4270","ASV_4420",-0.000221407906242231,0.000815128276350781,0.0010927119198392,"ASV_4420","no_hit","no_hit","no_hit","no_hit","no_hit","no_hit","no_hit"
"4271","ASV_4421",0.0010764448733269,-0.00514081905472973,-0.00158764882170074,"ASV_4421","no_hit","no_hit","no_hit","no_hit","no_hit","no_hit","no_hit"
"4272","ASV_4422",-0.000219257033826497,0.000423181858961046,0.00119966389820432,"ASV_4422","no_hit","Euglenozoa","unknown","Diplonemea","unknown","unknown","s_"
"4273","ASV_4423",-0.000335100172442275,0.000282503770356638,0.000590282878234016,"ASV_4423","no_hit","no_hit","no_hit","no_hit","no_hit","no_hit","no_hit"
"4274","ASV_4424",-0.00189408029638068,-0.00050498526374588,-0.000182761774584625,"ASV_4424","no_hit","Dinophyceae","Dinophyceae","no_hit","no_hit","no_hit","s_"
"4275","ASV_4425",0.00390530984735075,-0.00287321909883946,-0.00262510135447588,"ASV_4425","no_hit","unknown","unknown","unknown","unknown","g_","s_"
"4276","ASV_4426",0.00594173928586345,-0.000563302655537155,-0.00189497799870123,"ASV_4426","no_hit","unknown","unknown","unknown","unknown","g_","s_"
"4277","ASV_4427",0.00179460342274681,-0.0119235059203072,-0.00406078495975533,"ASV_4427","no_hit","Dinophyceae","Dinophyceae","Syndiniales","Amoebophryaceae","g_","s_"
"4278","ASV_4428",0.00426325377789891,0.00210203185108712,-0.000995792334164567,"ASV_4428","no_hit","Dinophyceae","Dinophyceae","Syndiniales","Amoebophryaceae","g_","s_"
"4279","ASV_4429",0.00351700280243917,-0.0037425648233841,-0.00230122107994543,"ASV_4429","no_hit","Cercozoa","no_hit","no_hit","no_hit","no_hit","s_"
"4280","ASV_4430",0.00189649158913946,-0.00551333798067576,-0.00181836780983981,"ASV_4430","no_hit","Dinophyceae","Dinophyceae","Syndiniales","Amoebophryaceae","g_","s_"
"4281","ASV_4431",-0.00411941750440472,-0.00225225503449103,-0.00575905789995151,"ASV_4431","no_hit","Dinophyceae","Dinophyceae","Syndiniales","Amoebophryaceae","Amoebophrya","no_hit"
"4282","ASV_4432",0.00132356696512917,-0.00201335767506322,-0.000820967924606114,"ASV_4432","no_hit","Dinophyceae","Dinophyceae","Syndiniales","Amoebophryaceae","g_","s_"
"4283","ASV_4433",-0.000453554249203947,-0.000799324551017372,0.000713587094247394,"ASV_4433","no_hit","Dinophyceae","Dinophyceae","Syndiniales","no_hit","no_hit","s_"
"4284","ASV_4434",0.00281716352469664,-0.000670425104779132,-0.00112975379318866,"ASV_4434","no_hit","Dinophyceae","Dinophyceae","Syndiniales","Amoebophryaceae","g_","s_"
"4285","ASV_4435",-0.00324560200595378,0.00158685076510269,-0.00200526953678095,"ASV_4435","no_hit","Ciliophora","Spirotrichea","unknown","Tontoniidae","Pseudotontonia","Pseudotontonia simplicidens"
"4286","ASV_4436",-0.000272343861298581,0.000144144968794395,0.00119452696077093,"ASV_4436","Metazoa","Chordata","Appendicularia","Copelata","Fritillariidae","Fritillaria <tunicates>","s_"
"4287","ASV_4437",0.00128174619258549,-0.00225582489661472,-0.000637643096183503,"ASV_4437","no_hit","Ciliophora","Spirotrichea","Tintinnida","Tintinnidae","Salpingella","no_hit"
"4288","ASV_4438",0.00332497118325889,-0.00843373519112808,-0.00430659270918296,"ASV_4438","no_hit","Dinophyceae","Dinophyceae","Syndiniales","Duboscquellidae","g_","s_"
"4289","ASV_4439",-0.000219725344254896,-0.00211530970536788,-0.00261497533316092,"ASV_4439","no_hit","unknown","Centroplasthelida","unknown","unknown","Meringosphaera","Meringosphaera mediterranea"
"4290","ASV_4440",0.000873026945382738,-0.00479933235446792,-0.00137105221939489,"ASV_4440","no_hit","Dinophyceae","Dinophyceae","Syndiniales","Amoebophryaceae","g_","s_"
"4291","ASV_4441",-0.00136999540099656,0.00293939724547766,-0.00241552943653961,"ASV_4441","no_hit","Imbricatea","unknown","Thaumatomonadida","no_hit","no_hit","no_hit"
"4292","ASV_4442",0.00360753455694013,0.00268890155637267,-0.0018480370189018,"ASV_4442","no_hit","Bacillariophyta","Coscinodiscophyceae","Coscinodiscales","Hemidiscaceae","no_hit","no_hit"
"4293","ASV_4445",0.00312886107799628,-0.00104838771565278,-0.00166496035772671,"ASV_4445","no_hit","Dinophyceae","Dinophyceae","no_hit","no_hit","no_hit","no_hit"
"4294","ASV_4446",0.000290664173599711,-0.00352434908981239,-0.00052490635742667,"ASV_4446","no_hit","Euglenozoa","unknown","Diplonemea","unknown","unknown","s_"
"4295","ASV_4447",0.00178320487712587,-0.00534883704648741,-0.00196662541689637,"ASV_4447","no_hit","Dinophyceae","Dinophyceae","Syndiniales","Amoebophryaceae","g_","s_"
"4296","ASV_4449",0.00100340023234688,-0.00683575000301863,-0.00414551884505727,"ASV_4449","no_hit","Dinophyceae","Dinophyceae","Syndiniales","Amoebophryaceae","g_","s_"
"4297","ASV_4450",0.000535106460506936,-0.0037182559369274,-0.000682163180883741,"ASV_4450","no_hit","no_hit","no_hit","no_hit","no_hit","no_hit","s_"
"4298","ASV_4452",0.000474604260367251,-0.00208501258355594,-0.000402136020975591,"ASV_4452","no_hit","Dinophyceae","Dinophyceae","Syndiniales","Amoebophryaceae","g_","s_"
"4299","ASV_4453",0.00155125144173449,-0.0103331425496364,-0.00360055532941226,"ASV_4453","no_hit","no_hit","no_hit","no_hit","no_hit","no_hit","no_hit"
"4300","ASV_4454",0.00129520891425221,-0.00661753700773724,-0.00199908876434398,"ASV_4454","no_hit","no_hit","no_hit","no_hit","no_hit","g_","s_"
"4301","ASV_4455",-0.0047119104885092,0.00222111419244372,-0.00313129198301142,"ASV_4455","no_hit","no_hit","no_hit","no_hit","no_hit","no_hit","no_hit"
"4302","ASV_4456",-0.00355630934929281,0.00151958998974822,-0.00383949902648287,"ASV_4456","no_hit","no_hit","no_hit","no_hit","no_hit","no_hit","no_hit"
"4303","ASV_4457",0.000695337827678476,0.0032598698844183,-0.00183373281497582,"ASV_4457","no_hit","unknown","unknown","unknown","unknown","unknown","uncultured marine eukaryote"
"4304","ASV_4458",-0.000240747011087218,-0.000815990763558114,0.000706547656884997,"ASV_4458","no_hit","no_hit","no_hit","no_hit","no_hit","g_","s_"
"4305","ASV_4459",-0.00239775008520384,0.000629210813517996,-0.00129889707552002,"ASV_4459","no_hit","Dinophyceae","Dinophyceae","Peridiniales","Protoperidiniaceae","Protoperidinium","Protoperidinium leonis"
"4306","ASV_4460",0.00061241522297164,-0.00302479597565142,-0.00136513859298268,"ASV_4460","no_hit","no_hit","no_hit","no_hit","no_hit","g_","s_"
"4307","ASV_4461",0.00106974325919402,-0.000974896786858978,-0.000583445395369577,"ASV_4461","no_hit","Dinophyceae","Dinophyceae","Gymnodiniales","Gymnodiniaceae","g_","s_"
"4308","ASV_4462",-0.000593981490874956,-0.00276248423650024,1.30881094563226e-05,"ASV_4462","no_hit","Dinophyceae","Dinophyceae","no_hit","no_hit","no_hit","no_hit"
"4309","ASV_4463",4.25128178730034e-05,-0.00604281874021197,-0.00138651465950408,"ASV_4463","no_hit","unknown","unknown","unknown","unknown","g_","s_"
"4310","ASV_4465",0.00196916007403868,-0.00968348161119866,-0.00352153430227845,"ASV_4465","no_hit","Dinophyceae","Dinophyceae","Syndiniales","Amoebophryaceae","g_","s_"
"4311","ASV_4466",0.000204238682448533,-0.00438480768995802,-0.00100471528880682,"ASV_4466","no_hit","no_hit","no_hit","no_hit","no_hit","no_hit","s_"
"4312","ASV_4468",-0.000258639455675114,-0.00259011524172646,-0.00211229257311172,"ASV_4468","no_hit","Imbricatea","unknown","Thaumatomonadida","Thaumatomastigidae","Protaspis","s_"
"4313","ASV_4469",0.00358932484321859,-0.00238265026340713,-0.0036060018662183,"ASV_4469","no_hit","unknown","unknown","unknown","unknown","g_","s_"
"4314","ASV_4470",-0.000443862202899981,0.00140070559268316,0.00163787135596454,"ASV_4470","no_hit","Euglenozoa","unknown","Diplonemea","unknown","g_","s_"
"4315","ASV_4471",0.00445975771095667,-0.00608119006444396,-0.00315343301436477,"ASV_4471","no_hit","Dinophyceae","Dinophyceae","Peridiniales","Peridiniaceae","g_","s_"
"4316","ASV_4472",-0.000600367278681975,0.000860498264404507,0.00145303142455708,"ASV_4472","no_hit","unknown","Polycystinea","Collodaria","Sphaerozoidae","no_hit","no_hit"
"4317","ASV_4473",-0.000400511240921378,-0.00142340456108425,0.000549062709315269,"ASV_4473","no_hit","no_hit","no_hit","no_hit","no_hit","g_","s_"
"4318","ASV_4474",0.00152980759363432,-0.002828135283123,-0.00454857190156886,"ASV_4474","no_hit","Dinophyceae","Dinophyceae","Syndiniales","Amoebophryaceae","g_","s_"
"4319","ASV_4475",0.00238207494455687,-0.0062961106653645,-0.00251812780089808,"ASV_4475","no_hit","Dinophyceae","Dinophyceae","no_hit","no_hit","no_hit","no_hit"
"4320","ASV_4476",0.000459212320485562,-0.0102725018104412,-0.00323735033671592,"ASV_4476","no_hit","Dinophyceae","Dinophyceae","Gymnodiniales","Kareniaceae","g_","s_"
"4321","ASV_4477",0.00259991085044706,-0.00521566676938388,-0.00245647564168553,"ASV_4477","no_hit","Dinophyceae","Dinophyceae","no_hit","no_hit","g_","s_"
"4322","ASV_4478",0.0034571320168851,-0.00635672277377159,-0.00309210217376811,"ASV_4478","no_hit","Dinophyceae","Dinophyceae","Syndiniales","no_hit","no_hit","no_hit"
"4323","ASV_4480",0.000448511521824898,-0.0110369827213918,-0.003360520915154,"ASV_4480","no_hit","Euglenozoa","unknown","Diplonemea","unknown","g_","s_"
"4324","ASV_4481",0.00118988415994957,-0.00233671926941013,-0.000626145518121273,"ASV_4481","no_hit","Ciliophora","Oligohymenophorea","Philasterida","Loxocephalidae","g_","s_"
"4325","ASV_4482",-0.00658380648976378,0.00416711336983197,-0.00637498462574721,"ASV_4482","no_hit","Ciliophora","no_hit","no_hit","no_hit","no_hit","s_"
"4326","ASV_4483",0.00126936711623707,-0.0106293324244001,-0.00342063497122111,"ASV_4483","no_hit","unknown","unknown","unknown","unknown","g_","s_"
"4327","ASV_4485",-0.000419078006313598,-0.00535752509165425,-0.00100387351186472,"ASV_4485","no_hit","unknown","Polycystinea","no_hit","no_hit","no_hit","no_hit"
"4328","ASV_4486",0.00265798005181323,-0.0129755981443832,-0.00481306748173139,"ASV_4486","no_hit","no_hit","no_hit","no_hit","no_hit","no_hit","no_hit"
"4329","ASV_4487",0.000374698621335561,-0.0015589336725301,-0.00010711837371789,"ASV_4487","no_hit","no_hit","no_hit","no_hit","no_hit","g_","s_"
"4330","ASV_4488",0.00568754053456128,-0.00337162030763525,-0.00318403646617734,"ASV_4488","no_hit","unknown","unknown","unknown","unknown","Telonemia","no_hit"
"4331","ASV_4489",0.00122277463065252,-0.0047744041212961,-0.00298957608492104,"ASV_4489","no_hit","Imbricatea","unknown","Marimonadida","unknown","g_","s_"
"4332","ASV_4490",0.000507466888571856,-0.00553981832679126,-0.00127909574746715,"ASV_4490","no_hit","Dinophyceae","Dinophyceae","Syndiniales","Amoebophryaceae","Amoebophrya","s_"
"4333","ASV_4491",0.000464568877821269,-0.00731825283221899,-0.00180210341219316,"ASV_4491","no_hit","Dinophyceae","Dinophyceae","Syndiniales","Amoebophryaceae","g_","s_"
"4334","ASV_4492",-0.000787103726922142,-0.000872867394198782,0.000901535988630888,"ASV_4492","no_hit","Dinophyceae","Dinophyceae","Syndiniales","Duboscquellidae","Duboscquella","s_"
"4335","ASV_4493",-0.00459993709326494,-0.00301479175343562,-0.00555598905310101,"ASV_4493","no_hit","Ciliophora","no_hit","no_hit","no_hit","g_","s_"
"4336","ASV_4494",-0.00673168416157443,0.00194965920857117,-0.00597664380876207,"ASV_4494","no_hit","Dinophyceae","Dinophyceae","Peridiniales","Protoperidiniaceae","g_","s_"
"4337","ASV_4495",-1.22029468822545e-05,-0.00597552394233777,-0.00137886051560519,"ASV_4495","no_hit","Euglenozoa","unknown","Diplonemea","unknown","unknown","Diplonemida sp. 9sb RG-2016"
"4338","ASV_4496",0.0015129229890743,-0.00440966187809581,-0.00398277742988446,"ASV_4496","no_hit","Dinophyceae","Dinophyceae","Syndiniales","Amoebophryaceae","g_","s_"
"4339","ASV_4497",0.0015550675254266,-0.00148325721411168,-0.000663911989835119,"ASV_4497","no_hit","no_hit","no_hit","no_hit","no_hit","no_hit","no_hit"
"4340","ASV_4498",0.00259492199322536,0.00302961588587182,0.000120319850803466,"ASV_4498","no_hit","Dinophyceae","Dinophyceae","no_hit","no_hit","no_hit","no_hit"
"4341","ASV_4499",0.0020649960168267,-0.000626913441902409,-0.000374340315595285,"ASV_4499","no_hit","Dinophyceae","Dinophyceae","Syndiniales","Duboscquellidae","g_","s_"
"4342","ASV_4500",0.0017946673951174,0.000375458121703017,-4.05588427379152e-05,"ASV_4500","no_hit","Dinophyceae","Dinophyceae","no_hit","no_hit","no_hit","no_hit"
"4343","ASV_4501",-0.000395255773411885,-0.00300265110494032,-0.00463694675456492,"ASV_4501","no_hit","unknown","unknown","unknown","unknown","unknown","s_"
"4344","ASV_4502",-9.78895438389316e-05,-0.00252229735437098,-0.000141114143596528,"ASV_4502","no_hit","Dinophyceae","Dinophyceae","Syndiniales","no_hit","no_hit","no_hit"
"4345","ASV_4503",0.000359724530324521,0.00112278374528611,0.000384543941299836,"ASV_4503","no_hit","Dinophyceae","Dinophyceae","Syndiniales","Amoebophryaceae","g_","s_"
"4346","ASV_4505",-0.00215010847991273,0.000397626618443006,-0.00116550705209843,"ASV_4505","Metazoa","Arthropoda","Hexanauplia","Calanoida","Paracalanidae","Paracalanus","no_hit"
"4347","ASV_4507",0.00554117606098419,0.00337547874175663,-0.00186025029319255,"ASV_4507","no_hit","Dinophyceae","Dinophyceae","Syndiniales","Amoebophryaceae","g_","s_"
"4348","ASV_4508",-0.000672177332771697,-0.000388393379517861,0.000944349839448585,"ASV_4508","no_hit","Ciliophora","Oligohymenophorea","Apostomatida","Colliniidae","g_","s_"
"4349","ASV_4509",-0.00177872135488266,0.000280266382901706,-0.0025111368057838,"ASV_4509","no_hit","Dinophyceae","Dinophyceae","Syndiniales","no_hit","no_hit","s_"
"4350","ASV_4510",0.000864302713963568,0.0012015806249036,0.000898822354341525,"ASV_4510","no_hit","Dinophyceae","Dinophyceae","Blastodiniales","unknown","Blastodinium","no_hit"
"4351","ASV_4511",0.00237861306429663,0.00222408195777769,0.000622245498788246,"ASV_4511","no_hit","Dinophyceae","Dinophyceae","Peridiniales","no_hit","g_","s_"
"4352","ASV_4512",6.56730318058929e-05,-0.00118254737409137,0.00043043865090659,"ASV_4512","no_hit","Dinophyceae","Dinophyceae","no_hit","no_hit","no_hit","s_"
"4353","ASV_4513",-0.000526595727722716,8.05439926316628e-05,0.0011015011786829,"ASV_4513","no_hit","unknown","unknown","unknown","unknown","g_","s_"
"4354","ASV_4515",-0.00154225251452594,0.0039369931842998,-0.00387602097079106,"ASV_4515","no_hit","Haptophyta","unknown","Phaeocystales","Phaeocystaceae","Phaeocystis","no_hit"
"4355","ASV_4516",0.00242205157233003,0.00209179263058959,0.000798724843787723,"ASV_4516","Metazoa","Annelida","Polychaeta","Terebellida","Terebellidae","Lysilla","Lysilla sp. THS-2012"
"4356","ASV_4517",-0.00154758623293502,0.000187347081008566,0.000212153774354545,"ASV_4517","Metazoa","Arthropoda","Malacostraca","Euphausiacea","Euphausiidae","no_hit","no_hit"
"4357","ASV_4518",-0.00039578110730105,8.43431614386948e-05,0.000613057398641971,"ASV_4518","Metazoa","Annelida","Polychaeta","Spionida","Spionidae","g_","s_"
"4358","ASV_4519",0.0014102117777794,-0.00634861225905494,-0.0023014525260051,"ASV_4519","Metazoa","Cnidaria","Scyphozoa","Coronatae","Linuchidae","g_","s_"
"4359","ASV_4520",0.0021747138454704,-0.00286253807263858,-0.00180124125291546,"ASV_4520","no_hit","unknown","unknown","unknown","unknown","g_","s_"
"4360","ASV_4521",0.0035599269803015,-0.00754859387297129,-0.00456370183950566,"ASV_4521","no_hit","Dinophyceae","Dinophyceae","Syndiniales","Amoebophryaceae","Amoebophrya","s_"
"4361","ASV_4522",0.000739026231801643,-0.00421160329211382,-0.000837603268529994,"ASV_4522","no_hit","unknown","Acantharea","no_hit","no_hit","no_hit","no_hit"
"4362","ASV_4523",-0.000537970305055575,0.000591998415988008,0.00133851526361419,"ASV_4523","no_hit","no_hit","no_hit","no_hit","no_hit","no_hit","no_hit"
"4363","ASV_4524",0.000166672437612086,-0.0071037539057121,-0.00202332775370893,"ASV_4524","no_hit","no_hit","no_hit","no_hit","no_hit","no_hit","no_hit"
"4364","ASV_4525",0.000186254618117159,-0.0105742505055315,-0.0033348447661575,"ASV_4525","no_hit","unknown","Cryptophyceae","Pyrenomonadales","Geminigeraceae","g_","s_"
"4365","ASV_4527",-0.00265472942602996,0.00054900552970673,-0.00126882146070299,"ASV_4527","no_hit","Dinophyceae","Dinophyceae","Syndiniales","Amoebophryaceae","Amoebophrya","no_hit"
"4366","ASV_4528",0.0029663292551705,-0.00846930639996674,-0.00335999922047488,"ASV_4528","no_hit","Euglenozoa","unknown","Diplonemea","unknown","g_","s_"
"4367","ASV_4530",-0.000180035758733991,-0.00208248051822341,-6.22733440877899e-05,"ASV_4530","no_hit","no_hit","no_hit","no_hit","no_hit","g_","s_"
"4368","ASV_4531",0.000749459456774322,-0.00691086414384778,-0.00227341116628277,"ASV_4531","no_hit","no_hit","no_hit","no_hit","no_hit","no_hit","no_hit"
"4369","ASV_4532",0.00374756182885196,-0.00405749403261978,-0.00231441474693983,"ASV_4532","no_hit","no_hit","no_hit","no_hit","no_hit","g_","s_"
"4370","ASV_4535",0.00090540389012278,-0.00257343477228527,-0.000309808069046982,"ASV_4535","no_hit","no_hit","no_hit","no_hit","no_hit","no_hit","no_hit"
"4371","ASV_4536",-0.00536346813873274,0.00211390742113587,-0.00429772046176205,"ASV_4536","no_hit","Cercozoa","no_hit","no_hit","no_hit","no_hit","s_"
"4372","ASV_4537",0.00293105671586827,0.000741184091359802,-0.000350489615034775,"ASV_4537","no_hit","unknown","Bigyra","Nanomonadea","unknown","g_","s_"
"4373","ASV_4538",-0.0029225770773303,-0.00209466577426519,-0.00453333074193762,"ASV_4538","no_hit","Oomycota","no_hit","no_hit","no_hit","no_hit","s_"
"4374","ASV_4539",-0.00163220580776493,0.00113078582507904,-0.00324236921959794,"ASV_4539","no_hit","Dinophyceae","Dinophyceae","Syndiniales","Amoebophryaceae","g_","s_"
"4375","ASV_4540",0.000736577450810736,-0.00617276275275093,-0.00190741285046457,"ASV_4540","no_hit","no_hit","no_hit","no_hit","no_hit","g_","s_"
"4376","ASV_4541",-0.000497470994928567,-0.000254108542218516,0.000971260103011184,"ASV_4541","no_hit","no_hit","no_hit","no_hit","no_hit","no_hit","s_"
"4377","ASV_4542",0.00118072691137086,-0.00530051305188653,-0.00193678102279686,"ASV_4542","no_hit","Dinophyceae","Dinophyceae","Syndiniales","no_hit","no_hit","no_hit"
"4378","ASV_4543",0.0016407384879212,-0.00142992640980943,-0.00212472008836543,"ASV_4543","no_hit","unknown","unknown","unknown","unknown","unknown","s_"
"4379","ASV_4544",0.00522293130385588,0.00470932369962556,0.000391055245998082,"ASV_4544","no_hit","Dinophyceae","Dinophyceae","no_hit","no_hit","no_hit","s_"
"4380","ASV_4545",0.000542910881203095,-0.00683155747079843,-0.00197067466404432,"ASV_4545","Metazoa","Annelida","Polychaeta","Phyllodocida","Alciopidae","Vanadis","no_hit"
"4381","ASV_4546",-0.00310666570630881,-0.000209474594528756,-0.00272491139019731,"ASV_4546","no_hit","unknown","Choanoflagellata","unknown","unknown","g_","s_"
"4382","ASV_4547",-0.00128164823260476,0.00241799042248449,-0.00322529699873366,"ASV_4547","no_hit","unknown","Bigyra","Thraustochytrida","Thraustochytriaceae","g_","s_"
"4383","ASV_4550",0.00152025915598945,-0.0123712103748843,-0.00420489191432666,"ASV_4550","no_hit","Dinophyceae","Dinophyceae","Syndiniales","no_hit","no_hit","no_hit"
"4384","ASV_4551",-0.000264655990969047,0.00508541850505587,-0.00351561029460765,"ASV_4551","no_hit","Dinophyceae","Dinophyceae","Peridiniales","Protoperidiniaceae","g_","s_"
"4385","ASV_4554",-0.000307680554096763,-0.0114584721660834,-0.00458671594855829,"ASV_4554","no_hit","Dinophyceae","Dinophyceae","Syndiniales","Amoebophryaceae","Amoebophrya","s_"
"4386","ASV_4555",0.00274174982236478,-0.000491594785680836,-0.00111509647591162,"ASV_4555","no_hit","unknown","Choanoflagellata","no_hit","no_hit","no_hit","no_hit"
"4387","ASV_4556",-0.00195272102696463,-0.000617865920352441,-0.00183146483013455,"ASV_4556","no_hit","Cercozoa","Thecofilosea","Cryomonadida","Protaspidae","Cryothecomonas","s_"
"4388","ASV_4557",0.00129150284293642,-0.00757814923219814,-0.0027581987143759,"ASV_4557","no_hit","Bacillariophyta","Coscinodiscophyceae","Chaetocerotales","Chaetocerotaceae","Chaetoceros","Chaetoceros curvisetus"
"4389","ASV_4558",0.00295950159772913,-0.000251445995133012,-0.000868351768864348,"ASV_4558","no_hit","Haptophyta","no_hit","no_hit","no_hit","g_","s_"
"4390","ASV_4559",0.000735595028635959,-0.00762620503286171,-0.00234595623305677,"ASV_4559","no_hit","unknown","unknown","unknown","unknown","g_","s_"
"4391","ASV_4560",-0.000548059236689927,0.000831376363705059,-0.00304319670103947,"ASV_4560","no_hit","no_hit","no_hit","no_hit","no_hit","g_","s_"
"4392","ASV_4561",0.000182271804312294,-0.00245726918828307,-0.000628475014147909,"ASV_4561","no_hit","Ciliophora","Oligohymenophorea","Philasterida","Cinetochilidae","g_","s_"
"4393","ASV_4562",0.00395885085734391,-0.0151681108325472,-0.00661715580349694,"ASV_4562","no_hit","Dinophyceae","Dinophyceae","no_hit","no_hit","g_","s_"
"4394","ASV_4563",-0.00121563733901708,0.00185696398039696,0.00216528952247871,"ASV_4563","no_hit","Dinophyceae","Dinophyceae","Blastodiniales","unknown","Blastodinium","s_"
"4395","ASV_4564",-0.000443628343396513,0.00152533725591915,0.00162342498119689,"ASV_4564","no_hit","unknown","Acantharea","Chaunacanthida","unknown","g_","s_"
"4396","ASV_4566",0.00249615303134527,-0.00714164593837744,-0.00346091921630213,"ASV_4566","no_hit","unknown","Polycystinea","no_hit","no_hit","no_hit","s_"
"4397","ASV_4568",-0.000137582969138239,-0.00649158540602802,-0.00151701350637334,"ASV_4568","no_hit","Ciliophora","no_hit","no_hit","no_hit","no_hit","no_hit"
"4398","ASV_4569",0.00564183061866867,-0.00333832089920808,-0.00284020241936988,"ASV_4569","no_hit","no_hit","no_hit","no_hit","no_hit","no_hit","no_hit"
"4399","ASV_4570",0.000213675660123717,-0.00546980808696157,-0.00145747006345174,"ASV_4570","no_hit","unknown","unknown","unknown","unknown","unknown","s_"
"4400","ASV_4571",0.00132753964090607,-0.00442070105962765,-0.00113495268725708,"ASV_4571","no_hit","unknown","Polycystinea","Nassellaria","Artostrobiidae","Botryostrobus","Botryostrobus auritus-australis"
"4401","ASV_4572",2.86613823440741e-05,0.0011495941624018,5.24136806218347e-05,"ASV_4572","no_hit","no_hit","no_hit","no_hit","no_hit","no_hit","s_"
"4402","ASV_4573",-0.00112542529204088,0.000204220176810994,0.00168271801692549,"ASV_4573","no_hit","Dinophyceae","Dinophyceae","Syndiniales","Amoebophryaceae","Amoebophrya","s_"
"4403","ASV_4574",0.00123897254611301,0.000929313550362882,0.000292277678972845,"ASV_4574","no_hit","Dinophyceae","Dinophyceae","Syndiniales","Duboscquellidae","Duboscquella","no_hit"
"4404","ASV_4575",-0.00586819677032432,0.00337368538013669,-0.00503582773672885,"ASV_4575","no_hit","Dinophyceae","Dinophyceae","Gymnodiniales","Warnowiaceae","g_","s_"
"4405","ASV_4576",0.000533365940791066,-0.00844710649079175,-0.00284978954688018,"ASV_4576","no_hit","unknown","unknown","unknown","unknown","g_","s_"
"4406","ASV_4577",-9.37276646965184e-05,-0.00638297499271858,-0.0013982471380385,"ASV_4577","no_hit","unknown","Bigyra","Bicosoecida","no_hit","g_","s_"
"4407","ASV_4578",0.000139287841499018,-0.00580871796730242,-0.00131190747946291,"ASV_4578","no_hit","Euglenozoa","unknown","Diplonemea","unknown","unknown","s_"
"4408","ASV_4579",-0.000517458051890281,-0.000154047674029828,0.00102020621529905,"ASV_4579","no_hit","Euglenozoa","unknown","Diplonemea","unknown","g_","s_"
"4409","ASV_4580",7.65278347762494e-06,-0.00501239887073375,-0.00112920630323451,"ASV_4580","no_hit","unknown","Polycystinea","no_hit","no_hit","no_hit","no_hit"
"4410","ASV_4581",0.000395144875514991,-0.00309373080279506,-0.000746845870229452,"ASV_4581","no_hit","Dinophyceae","Dinophyceae","Syndiniales","no_hit","no_hit","no_hit"
"4411","ASV_4583",-0.000589323362207514,0.000653541180890695,-0.000868187390058197,"ASV_4583","no_hit","Dinophyceae","Dinophyceae","Syndiniales","no_hit","no_hit","s_"
"4412","ASV_4584",-1.24241663858443e-05,-0.00239867766023916,-5.24835330330887e-05,"ASV_4584","no_hit","Dinophyceae","Dinophyceae","Gymnodiniales","Gymnodiniaceae","g_","s_"
"4413","ASV_4585",0.00307992112031837,-0.00492426903576178,-0.00250253625591242,"ASV_4585","no_hit","Dinophyceae","Dinophyceae","Syndiniales","Amoebophryaceae","g_","s_"
"4414","ASV_4586",0.00446655151531612,0.00390041605979749,-7.50059361650572e-06,"ASV_4586","no_hit","unknown","Centroplasthelida","Pterocystida","Pterocystidae","g_","s_"
"4415","ASV_4587",-0.000616663573652834,-0.00245995547823006,0.000159760244154824,"ASV_4587","no_hit","no_hit","no_hit","no_hit","no_hit","no_hit","no_hit"
"4416","ASV_4588",0.00238448016317617,-0.0020474079085769,-0.000777093155119767,"ASV_4588","no_hit","unknown","Chrysophyceae","Chromulinales","Paraphysomonadaceae","Paraphysomonas","no_hit"
"4417","ASV_4590",0.000547850578884729,-0.00380663872253246,-0.000888481549317606,"ASV_4590","no_hit","unknown","unknown","unknown","unknown","g_","s_"
"4418","ASV_4591",0.00478590971123513,0.00294066893780623,-0.00027432820991738,"ASV_4591","no_hit","Foraminifera","unknown","Rotaliida","Pseudoparrellidae","Epistominella","s_"
"4419","ASV_4592",-0.00342432389365764,0.00070049547394423,-0.00216502381256903,"ASV_4592","no_hit","Dinophyceae","Dinophyceae","no_hit","no_hit","no_hit","no_hit"
"4420","ASV_4594",0.00189668417071716,-0.00719369598985877,-0.00371663120718405,"ASV_4594","no_hit","Dinophyceae","Dinophyceae","Syndiniales","Amoebophryaceae","Amoebophrya","s_"
"4421","ASV_4595",-0.000566448772750043,0.000316164084658755,0.00126827051492053,"ASV_4595","no_hit","Dinophyceae","Dinophyceae","Syndiniales","Amoebophryaceae","Amoebophrya","no_hit"
"4422","ASV_4596",-0.00112016763943987,0.00147892891725333,-0.00135356360549671,"ASV_4596","no_hit","Dinophyceae","Dinophyceae","Syndiniales","Amoebophryaceae","Amoebophrya","no_hit"
"4423","ASV_4597",0.00430501151747697,-0.000509354496682858,-0.00126960448708593,"ASV_4597","Metazoa","Chordata","Actinopteri","no_hit","no_hit","no_hit","no_hit"
"4424","ASV_4600",-4.89462635624557e-06,-0.0025102690691412,-0.00025702427046294,"ASV_4600","no_hit","Euglenozoa","unknown","Diplonemea","unknown","unknown","s_"
"4425","ASV_4601",-0.00345780225987428,0.00146332644890637,-0.00187304436887172,"ASV_4601","no_hit","no_hit","no_hit","no_hit","no_hit","g_","s_"
"4426","ASV_4602",0.00116511742924244,-0.0081313834804473,-0.00311800063544959,"ASV_4602","no_hit","Dinophyceae","Dinophyceae","no_hit","no_hit","g_","s_"
"4427","ASV_4604",-0.00140363665312412,0.000909387968990959,-0.000427639497275549,"ASV_4604","Viridiplantae","Chlorophyta","Chlorophyceae","Chlamydomonadales","no_hit","no_hit","s_"
"4428","ASV_4605",0.0014384085146363,-0.00122520159025938,-0.00145079705996339,"ASV_4605","no_hit","unknown","Bigyra","Thraustochytrida","Thraustochytriaceae","g_","s_"
"4429","ASV_4606",-0.000497801931235701,-0.000677171761498008,0.000805352158866497,"ASV_4606","no_hit","Cercozoa","Thecofilosea","Phaeocalpida","Tuscaroridae","g_","s_"
"4430","ASV_4607",0.00425709478691632,-0.00680145673785976,-0.00373337017732727,"ASV_4607","no_hit","unknown","Choanoflagellata","no_hit","no_hit","g_","s_"
"4431","ASV_4608",0.00198213126863342,-0.00727615968524435,-0.0030094067328008,"ASV_4608","Metazoa","Cnidaria","Hydrozoa","Leptothecata","Mitrocomidae","Earleria","s_"
"4432","ASV_4609",-0.00325979416232434,0.000741274964478117,-0.00221874974942211,"ASV_4609","no_hit","Cercozoa","Thecofilosea","unknown","unknown","g_","s_"
"4433","ASV_4610",-0.000153518797656463,-0.00379879150861455,-0.000760764054361686,"ASV_4610","no_hit","Dinophyceae","Dinophyceae","Syndiniales","no_hit","no_hit","no_hit"
"4434","ASV_4611",0.00136328475572451,-0.0084803404817372,-0.0028402469241,"ASV_4611","no_hit","Ciliophora","Spirotrichea","unknown","Tontoniidae","Pseudotontonia","Pseudotontonia simplicidens"
"4435","ASV_4612",4.60223747024732e-05,-0.00952247358307945,-0.00263206405678036,"ASV_4612","no_hit","Dinophyceae","Dinophyceae","Peridiniales","Pfiesteriaceae","no_hit","no_hit"
"4436","ASV_4613",0.000742368078389446,0.00346284719768355,0.0018699891026015,"ASV_4613","no_hit","Dinophyceae","Dinophyceae","Gymnodiniales","Kareniaceae","g_","s_"
"4437","ASV_4614",-0.000701009399268235,-0.0007177509342174,0.000990240791030768,"ASV_4614","no_hit","unknown","unknown","unknown","unknown","unknown","Uncultured marine alveolate Group I DH145-EKD10"
"4438","ASV_4615",-0.000590289990463017,-0.000164588725850806,0.0010159065261298,"ASV_4615","no_hit","Dinophyceae","Dinophyceae","Syndiniales","Amoebophryaceae","g_","s_"
"4439","ASV_4617",0.0022906964772044,0.00212781783566657,0.000665539120544236,"ASV_4617","Metazoa","Annelida","Polychaeta","Eunicida","no_hit","no_hit","no_hit"
"4440","ASV_4618",0.0035541381567641,-0.00966602525065735,-0.00498707716373072,"ASV_4618","no_hit","Dinophyceae","Dinophyceae","no_hit","no_hit","no_hit","no_hit"
"4441","ASV_4620",-0.00617320150226288,0.0021229548949738,-0.00515991182691748,"ASV_4620","no_hit","Bacillariophyta","Coscinodiscophyceae","Thalassiosirales","Thalassiosiraceae","Thalassiosira","Thalassiosira hendeyi"
"4442","ASV_4621",0.00258140461694186,0.00230171288161018,0.000448731988583518,"ASV_4621","Metazoa","Annelida","Polychaeta","unknown","Maldanidae","no_hit","no_hit"
"4443","ASV_4622",0.00110129258819716,-0.0115824211315623,-0.0038633415731781,"ASV_4622","no_hit","no_hit","no_hit","no_hit","no_hit","g_","s_"
"4444","ASV_4623",-0.00302279697833947,0.00127109041796822,-0.00195516638625288,"ASV_4623","no_hit","Dinophyceae","Dinophyceae","Peridiniales","Protoperidiniaceae","g_","s_"
"4445","ASV_4624",0.000252273609276101,-0.00270620413304025,-0.000542222632747611,"ASV_4624","no_hit","Euglenozoa","unknown","Diplonemea","unknown","g_","s_"
"4446","ASV_4626",0.00238638215195726,-0.00284009707322355,-0.000994500609619861,"ASV_4626","no_hit","no_hit","no_hit","no_hit","no_hit","g_","s_"
"4447","ASV_4627",0.000764992580669499,-0.00181387992431478,-0.000129792081502864,"ASV_4627","no_hit","Euglenozoa","unknown","Diplonemea","unknown","unknown","s_"
"4448","ASV_4628",0.000282797775567418,-0.00263223091472267,-0.000329578178608977,"ASV_4628","no_hit","unknown","Polycystinea","Nassellaria","Plagiacanthidae","g_","s_"
"4449","ASV_4629",-0.00065551652646036,-0.00712102393664697,-0.001607806346117,"ASV_4629","no_hit","Dinophyceae","Dinophyceae","Syndiniales","Amoebophryaceae","g_","s_"
"4450","ASV_4630",0.000925281365235583,-0.00157935196022717,-0.000359252757647714,"ASV_4630","no_hit","Dinophyceae","Dinophyceae","no_hit","no_hit","g_","s_"
"4451","ASV_4631",0.00259412823959097,-0.0054199730423922,-0.00158415173483769,"ASV_4631","no_hit","no_hit","no_hit","no_hit","no_hit","g_","s_"
"4452","ASV_4632",-0.000439307746598701,-0.00431202208172082,-0.000588881087147365,"ASV_4632","no_hit","Dinophyceae","Dinophyceae","Syndiniales","no_hit","no_hit","s_"
"4453","ASV_4633",-0.00331953928252048,0.00182658470158853,-0.00414426811476013,"ASV_4633","Viridiplantae","Chlorophyta","Mamiellophyceae","Dolichomastigales","Crustomastigaceae","g_","s_"
"4454","ASV_4634",0.00264853210311964,0.000351900017448238,2.48167302145481e-05,"ASV_4634","no_hit","unknown","unknown","unknown","unknown","g_","s_"
"4455","ASV_4636",0.00187487347255132,0.00319318773828355,-0.00040806816004547,"ASV_4636","no_hit","Ciliophora","Spirotrichea","Choreotrichida","Strobilidiidae","no_hit","s_"
"4456","ASV_4637",0.00270891597741666,0.000374606234089071,-0.00127764488686482,"ASV_4637","no_hit","no_hit","no_hit","no_hit","no_hit","no_hit","s_"
"4457","ASV_4639",-0.00383450140494831,0.000792314081150846,-0.00258816999743701,"ASV_4639","no_hit","Bacillariophyta","Coscinodiscophyceae","Rhizosoleniales","Rhizosoleniaceae","g_","s_"
"4458","ASV_4640",0.00492003091946937,0.00432340501091121,0.000197325794985443,"ASV_4640","no_hit","Bacillariophyta","Coscinodiscophyceae","Melosirales","Stephanopyxidaceae","g_","s_"
"4459","ASV_4641",0.0013782921677554,-0.00102191396600764,-0.00274281842814231,"ASV_4641","no_hit","Dinophyceae","Dinophyceae","Syndiniales","Amoebophryaceae","g_","s_"
"4460","ASV_4642",0.000132595586918643,-0.00933003281667326,-0.00282820971255313,"ASV_4642","no_hit","no_hit","no_hit","no_hit","no_hit","no_hit","no_hit"
"4461","ASV_4643",0.00134372665838162,-0.00466424142127146,-0.00137448316070406,"ASV_4643","no_hit","Dinophyceae","Dinophyceae","no_hit","no_hit","no_hit","s_"
"4462","ASV_4644",-0.000358786962321376,-0.00424965902892623,-0.000592560483658426,"ASV_4644","no_hit","Euglenozoa","unknown","Diplonemea","unknown","unknown","s_"
"4463","ASV_4645",0.00381634078631932,-0.00516098843015441,-0.00309562939219279,"ASV_4645","no_hit","no_hit","no_hit","no_hit","no_hit","no_hit","no_hit"
"4464","ASV_4646",0.000505583547925731,0.00355059108823002,-0.00185876866070738,"ASV_4646","no_hit","no_hit","no_hit","no_hit","no_hit","no_hit","no_hit"
"4465","ASV_4647",-0.000165334329242995,-0.0068353778077135,-0.00444570344904279,"ASV_4647","no_hit","unknown","Bigyra","no_hit","no_hit","no_hit","no_hit"
"4466","ASV_4648",0.000590829176031278,0.00269021425041152,-0.00149274593942867,"ASV_4648","no_hit","unknown","Bigyra","Opalinata","Blastocystidae","g_","s_"
"4467","ASV_4649",-0.00205194671145726,0.000854884359025698,-0.000751815964352236,"ASV_4649","Viridiplantae","Chlorophyta","Mamiellophyceae","Dolichomastigales","Crustomastigaceae","g_","s_"
"4468","ASV_4650",0.00133245219161069,-0.000859130229136779,-0.000146958237305293,"ASV_4650","no_hit","Dinophyceae","Dinophyceae","Syndiniales","Amoebophryaceae","g_","s_"
"4469","ASV_4651",0.000338814689221717,-0.00267136179333824,-0.000109582807519333,"ASV_4651","no_hit","no_hit","no_hit","no_hit","no_hit","no_hit","s_"
"4470","ASV_4653",0.00379882242173265,0.00357482686294729,0.000440841499142822,"ASV_4653","no_hit","unknown","unknown","Telonemida","no_hit","g_","s_"
"4471","ASV_4654",0.00767115411338697,0.00477906820924338,-0.000703247805051272,"ASV_4654","no_hit","no_hit","no_hit","no_hit","no_hit","g_","s_"
"4472","ASV_4655",0.00320786929954758,-0.00586608889401133,-0.00252324225748424,"ASV_4655","no_hit","Dinophyceae","Dinophyceae","Peridiniales","Peridiniaceae","g_","s_"
"4473","ASV_4656",0.0026019830367688,4.0648762915355e-05,-0.000493414266954839,"ASV_4656","no_hit","unknown","unknown","unknown","unknown","g_","s_"
"4474","ASV_4658",-0.000543050931185929,-0.00277877180886516,-6.38456243843864e-06,"ASV_4658","no_hit","unknown","unknown","Pirsoniales","unknown","g_","s_"
"4475","ASV_4659",-0.00487904534286533,0.00152296679902798,-0.00333443639520287,"ASV_4659","no_hit","no_hit","no_hit","no_hit","no_hit","no_hit","no_hit"
"4476","ASV_4660",-0.00759584450935831,0.00484920478886013,-0.00868066954422103,"ASV_4660","no_hit","Dinophyceae","Dinophyceae","no_hit","no_hit","no_hit","no_hit"
"4477","ASV_4661",-0.00172323743659005,0.00159764396072431,0.00208981389113801,"ASV_4661","no_hit","Dinophyceae","Dinophyceae","no_hit","no_hit","no_hit","s_"
"4478","ASV_4662",3.25987773681636e-05,-0.00095562019624106,0.000244854245637531,"ASV_4662","no_hit","Ciliophora","Spirotrichea","no_hit","no_hit","no_hit","s_"
"4479","ASV_4663",0.00127420861443351,-0.00642362109480698,-0.00229895427618481,"ASV_4663","no_hit","no_hit","no_hit","no_hit","no_hit","no_hit","no_hit"
"4480","ASV_4664",-0.000523176401879277,-0.00168881609664086,0.00040912389391939,"ASV_4664","no_hit","Dinophyceae","Dinophyceae","Syndiniales","Amoebophryaceae","g_","s_"
"4481","ASV_4667",0.00245335789260953,0.00444302096706816,-0.00122323063106238,"ASV_4667","no_hit","Dinophyceae","Dinophyceae","Peridiniales","Peridiniaceae","g_","s_"
"4482","ASV_4668",0.00384124765727936,0.00355278592582214,0.000377997010681417,"ASV_4668","Metazoa","Nemertea","Enopla","Monostilifera","no_hit","no_hit","no_hit"
"4483","ASV_4669",0.0010461090328076,-0.000638717647791265,-0.00148251308897431,"ASV_4669","no_hit","unknown","unknown","unknown","unknown","g_","s_"
"4484","ASV_4670",0.00103912621482768,-0.00716339419587392,-0.00183514602695238,"ASV_4670","no_hit","Dinophyceae","Dinophyceae","Syndiniales","no_hit","no_hit","no_hit"
"4485","ASV_4671",-0.00019354856177815,-0.000716992551683941,0.000500525544585043,"ASV_4671","no_hit","Euglenozoa","unknown","Diplonemea","no_hit","no_hit","s_"
"4486","ASV_4672",0.0019083146871642,-0.00799771635330593,-0.0032624038575566,"ASV_4672","no_hit","unknown","Polycystinea","no_hit","no_hit","g_","s_"
"4487","ASV_4673",-0.00049343650348094,-0.00266275137807226,5.08869233178276e-05,"ASV_4673","no_hit","Dinophyceae","Dinophyceae","no_hit","no_hit","no_hit","no_hit"
"4488","ASV_4674",-0.000288416112271411,-0.0036726091671064,-0.000343837313337978,"ASV_4674","no_hit","Dinophyceae","Dinophyceae","no_hit","no_hit","no_hit","s_"
"4489","ASV_4675",0.000330360634649186,0.00275203890805591,0.00167006804361391,"ASV_4675","no_hit","Dinophyceae","Dinophyceae","Syndiniales","Amoebophryaceae","Amoebophrya","s_"
"4490","ASV_4676",-0.00380441032284112,0.00270122783504614,-0.00445977917786779,"ASV_4676","no_hit","Dinophyceae","Dinophyceae","Syndiniales","Amoebophryaceae","g_","s_"
"4491","ASV_4677",0.00222985935550276,-0.00106234573236344,-0.00127114646976461,"ASV_4677","no_hit","Dinophyceae","Dinophyceae","Syndiniales","Amoebophryaceae","g_","s_"
"4492","ASV_4681",0.00229194406673399,-0.000419350022830629,-0.000641560300035413,"ASV_4681","Metazoa","Annelida","Polychaeta","Terebellida","Trichobranchidae","Terebellides","Terebellides californica"
"4493","ASV_4682",0.00208984486228405,-0.00728768768948745,-0.00252422873268433,"ASV_4682","no_hit","unknown","unknown","unknown","unknown","g_","s_"
"4494","ASV_4684",0.000672638996365706,-0.00400513944942346,-0.00102427087499856,"ASV_4684","no_hit","Dinophyceae","Dinophyceae","Peridiniales","Podolampaceae","g_","s_"
"4495","ASV_4685",-0.000545841092467017,-0.00144555276420121,0.000505511663062346,"ASV_4685","no_hit","Dinophyceae","Dinophyceae","Syndiniales","Amoebophryaceae","g_","s_"
"4496","ASV_4686",-0.00151371527440471,0.000313311726977433,0.000105637198823095,"ASV_4686","no_hit","no_hit","no_hit","no_hit","no_hit","g_","s_"
"4497","ASV_4687",0.00681457084822853,0.00721020299217965,-0.000893141973323716,"ASV_4687","no_hit","no_hit","no_hit","no_hit","no_hit","g_","s_"
"4498","ASV_4688",0.00216152215002721,-0.00427942047202706,-0.00183863287960618,"ASV_4688","no_hit","Euglenozoa","unknown","Diplonemea","unknown","g_","s_"
"4499","ASV_4689",0.00323986146564711,-0.00309054911571238,-0.00283545814693352,"ASV_4689","no_hit","unknown","unknown","unknown","unknown","g_","s_"
"4500","ASV_4690",0.00294661333737664,0.00219421803339392,0.000464369902574308,"ASV_4690","no_hit","Dinophyceae","Dinophyceae","no_hit","no_hit","no_hit","s_"
"4501","ASV_4691",0.00268425628634945,-0.0057950298081195,-0.00274282660627657,"ASV_4691","no_hit","no_hit","no_hit","no_hit","no_hit","no_hit","no_hit"
"4502","ASV_4692",-0.000514787173725143,0.00154474910529041,0.00166813793655303,"ASV_4692","no_hit","no_hit","no_hit","no_hit","no_hit","no_hit","no_hit"
"4503","ASV_4694",0.00115916470126883,-0.00895779970485729,-0.00290892897356909,"ASV_4694","no_hit","no_hit","no_hit","no_hit","no_hit","g_","s_"
"4504","ASV_4695",0.00213699356310748,-0.00537547745499335,-0.0021336876535546,"ASV_4695","no_hit","unknown","Cryptophyceae","Pyrenomonadales","Geminigeraceae","g_","s_"
"4505","ASV_4696",0.00454541537017497,0.000916248599457792,-0.00143450611240799,"ASV_4696","no_hit","Dinophyceae","Dinophyceae","Syndiniales","Amoebophryaceae","g_","s_"
"4506","ASV_4697",0.00190920414280273,-0.00904422375206023,-0.00316325604898482,"ASV_4697","no_hit","unknown","Acantharea","Arthracanthida","Phyllostauridae","Acanthostaurus","Acanthostaurus nordgaardi"
"4507","ASV_4698",0.0014879655092902,-0.00892446800577561,-0.00393968153432604,"ASV_4698","no_hit","Dinophyceae","Dinophyceae","Syndiniales","Amoebophryaceae","g_","s_"
"4508","ASV_4699",0.00231597497386257,-0.0076304203035544,-0.00300332720650451,"ASV_4699","no_hit","Dinophyceae","Dinophyceae","Syndiniales","Amoebophryaceae","g_","s_"
"4509","ASV_4701",-0.000370170590853017,-2.23303121977748e-06,0.000767739396045238,"ASV_4701","Metazoa","Cnidaria","Hydrozoa","Anthoathecata","Pandeidae","Leuckartiara","Leuckartiara octona"
"4510","ASV_4702",0.000132985463478598,-0.00147564452461912,0.000294774762073135,"ASV_4702","no_hit","unknown","Bigyra","Thraustochytrida","Thraustochytriaceae","g_","s_"
"4511","ASV_4705",-0.000203910486731434,-0.0101983677828476,-0.00275887115460069,"ASV_4705","no_hit","unknown","Polycystinea","no_hit","no_hit","no_hit","no_hit"
"4512","ASV_4707",-0.000310681763431337,-0.00375521473345147,-0.000422311418335663,"ASV_4707","no_hit","Haptophyta","unknown","Prymnesiales","Chrysochromulinaceae","g_","s_"
"4513","ASV_4708",-3.62358291623105e-05,-0.00191279955842225,-0.00139020004807689,"ASV_4708","no_hit","Ciliophora","Spirotrichea","Tintinnida","Tintinnidae","Eutintinnus","Eutintinnus cf. apertus"
"4514","ASV_4710",0.00545889000538676,0.00329556145782072,-0.000253170982528308,"ASV_4710","Metazoa","Porifera","Demospongiae","Suberitida","Halichondriidae","g_","s_"
"4515","ASV_4711",0.00100506357984675,-0.00377375070334318,-0.000948345146953725,"ASV_4711","no_hit","no_hit","no_hit","no_hit","no_hit","g_","s_"
"4516","ASV_4712",0.0053755180304863,4.70382967744247e-05,-0.0018294420394953,"ASV_4712","no_hit","Bacillariophyta","Coscinodiscophyceae","Melosirales","Stephanopyxidaceae","g_","s_"
"4517","ASV_4714",-0.000362196850832423,-0.00671809558018631,-0.00233946441403537,"ASV_4714","no_hit","Dinophyceae","Dinophyceae","Syndiniales","no_hit","no_hit","no_hit"
"4518","ASV_4715",0.00242905254205368,0.000539078482219048,-0.00156572738059719,"ASV_4715","no_hit","Euglenozoa","unknown","Diplonemea","no_hit","g_","s_"
"4519","ASV_4717",0.00113816292942937,-0.010525544171828,-0.00363205324806779,"ASV_4717","no_hit","Ciliophora","Oligohymenophorea","Apostomatida","Pseudocolliniidae","Fusiforma","Fusiforma themisticola"
"4520","ASV_4718",0.000612818496221075,-0.00122346402001126,-0.000207970804077663,"ASV_4718","no_hit","Ciliophora","Spirotrichea","no_hit","no_hit","no_hit","no_hit"
"4521","ASV_4719",-0.000564846124251607,-0.00118629978597227,0.000621644097274376,"ASV_4719","no_hit","Dinophyceae","Dinophyceae","Syndiniales","Amoebophryaceae","Amoebophrya","s_"
"4522","ASV_4720",0.001280383996883,-0.000504751880786868,-0.000147707312857999,"ASV_4720","no_hit","no_hit","no_hit","no_hit","no_hit","g_","s_"
"4523","ASV_4721",-0.00234746199257922,0.000374582726376313,-0.000997755518623657,"ASV_4721","no_hit","Bacillariophyta","Coscinodiscophyceae","Rhizosoleniales","Rhizosoleniaceae","g_","s_"
"4524","ASV_4722",-0.00184502190723397,0.00173024274622645,-0.0035783444406236,"ASV_4722","Viridiplantae","Chlorophyta","Mamiellophyceae","Dolichomastigales","Crustomastigaceae","g_","s_"
"4525","ASV_4723",0.00111586730520821,-0.00103921520026462,-0.000163815939022264,"ASV_4723","no_hit","Euglenozoa","unknown","Diplonemea","no_hit","g_","s_"
"4526","ASV_4724",-0.000808015612917888,0.000897756772492457,0.0013280714276008,"ASV_4724","no_hit","Dinophyceae","Dinophyceae","Peridiniales","Peridiniaceae","no_hit","s_"
"4527","ASV_4726",0.00186636936450433,0.00169253315680547,0.000918866185951681,"ASV_4726","no_hit","Dinophyceae","Dinophyceae","Peridiniales","Pfiesteriaceae","g_","s_"
"4528","ASV_4727",0.000688692496115074,0.000330153088354317,0.000581419474292649,"ASV_4727","no_hit","unknown","Polycystinea","no_hit","no_hit","g_","s_"
"4529","ASV_4729",0.000185997539459283,-0.00658524698535123,-0.00162301647408085,"ASV_4729","no_hit","no_hit","no_hit","no_hit","no_hit","g_","s_"
"4530","ASV_4730",0.00500891895671125,0.000220079717426468,-0.00400394186527572,"ASV_4730","no_hit","unknown","unknown","unknown","unknown","g_","s_"
"4531","ASV_4731",-0.00137426442555716,0.00120758372769497,0.000415667003888793,"ASV_4731","no_hit","Cercozoa","Thecofilosea","Phaeogromida","Medusettidae","Medusetta","Medusetta parthenopaea"
"4532","ASV_4732",0.00103360232698153,-0.0144635924436598,-0.00510291897501637,"ASV_4732","no_hit","Dinophyceae","Dinophyceae","Syndiniales","Amoebophryaceae","Amoebophrya","s_"
"4533","ASV_4733",-0.000291252896971142,-0.00403678084084116,-0.000521547122680278,"ASV_4733","no_hit","Euglenozoa","unknown","Diplonemea","no_hit","no_hit","no_hit"
"4534","ASV_4734",0.000748683624338686,-0.00998694644947371,-0.00324094179157609,"ASV_4734","no_hit","Euglenozoa","unknown","Diplonemea","unknown","g_","s_"
"4535","ASV_4735",-0.000279625658265742,-0.00565487981684384,-0.00134132116605679,"ASV_4735","no_hit","no_hit","no_hit","no_hit","no_hit","no_hit","no_hit"
"4536","ASV_4736",0.00412336263907963,-0.00886974942014338,-0.00378887815950208,"ASV_4736","no_hit","Dinophyceae","Dinophyceae","Syndiniales","Amoebophryaceae","g_","s_"
"4537","ASV_4737",0.000300525772637333,-0.00797205128224165,-0.00252489411765572,"ASV_4737","no_hit","Dinophyceae","Dinophyceae","Syndiniales","Duboscquellidae","g_","s_"
"4538","ASV_4738",0.000838228875908618,-0.00721773582670074,-0.00211474229194167,"ASV_4738","no_hit","Dinophyceae","Dinophyceae","Syndiniales","Amoebophryaceae","Amoebophrya","no_hit"
"4539","ASV_4739",0.00285055173538722,-0.00742721190675891,-0.00320415617043212,"ASV_4739","no_hit","Dinophyceae","Dinophyceae","Syndiniales","Amoebophryaceae","g_","s_"
"4540","ASV_4740",-0.000594280240778741,0.000170581222677847,0.000954177423770461,"ASV_4740","no_hit","Dinophyceae","Dinophyceae","Gonyaulacales","Gonyaulacaceae","g_","s_"
"4541","ASV_4742",-0.00460262883180986,0.000818790456017852,-0.00376649881673359,"ASV_4742","no_hit","Dinophyceae","Dinophyceae","Peridiniales","Protoperidiniaceae","Protoperidinium","s_"
"4542","ASV_4743",-0.000456525037112251,-0.00216702919960657,0.000210798779658449,"ASV_4743","no_hit","Dinophyceae","Dinophyceae","Gymnodiniales","Gymnodiniaceae","g_","s_"
"4543","ASV_4744",-0.000593266745275696,-7.70383125718216e-05,0.000936120408588401,"ASV_4744","Metazoa","Annelida","Polychaeta","Sabellida","Sabellariidae","no_hit","no_hit"
"4544","ASV_4745",-0.00120299335875002,-0.000234565904117811,-0.000381458035431008,"ASV_4745","no_hit","Bacillariophyta","Coscinodiscophyceae","Chaetocerotales","Chaetocerotaceae","Chaetoceros","no_hit"
"4545","ASV_4747",0.00283406740835381,-0.00382003227511567,-0.00218469998042296,"ASV_4747","no_hit","unknown","Bigyra","Oblongichytrida","unknown","g_","s_"
"4546","ASV_4748",-0.00237291495970159,0.00109853448547397,-0.00143703167381901,"ASV_4748","no_hit","unknown","Dictyochophyceae","Pedinellales","unknown","Pedinella","Pedinella sp. squamata"
"4547","ASV_4749",0.00166184392452915,-0.00682478669766555,-0.00241901949273113,"ASV_4749","no_hit","Dinophyceae","Dinophyceae","no_hit","no_hit","no_hit","no_hit"
"4548","ASV_4750",0.00129237267410798,-0.00253637312557473,-0.000811579774906378,"ASV_4750","no_hit","Euglenozoa","unknown","Diplonemea","unknown","unknown","Diplonemida sp. 1sb RG-2016"
"4549","ASV_4751",-0.000394127506901945,-0.0058145772979795,-0.00133945300638836,"ASV_4751","no_hit","Ciliophora","Prostomatea","Prorodontida","Urotrichidae","g_","s_"
"4550","ASV_4752",0.000186211044128647,-0.00131796592451928,0.000158936586865472,"ASV_4752","no_hit","Ciliophora","Phyllopharyngea","Dysteriida","Plesiotrichopidae","g_","s_"
"4551","ASV_4753",0.0076843532741527,-0.00265944249846529,-0.0046180085497014,"ASV_4753","no_hit","no_hit","no_hit","no_hit","no_hit","g_","s_"
"4552","ASV_4754",0.00243504817411505,-0.00284572161801284,-0.00116796161162128,"ASV_4754","no_hit","no_hit","no_hit","no_hit","no_hit","g_","s_"
"4553","ASV_4755",-0.00074659170982645,-0.00829887801804391,-0.00274795076094073,"ASV_4755","Metazoa","Ctenophora","Tentaculata","Lobata","Bathocyroidae","Bathocyroe","no_hit"
"4554","ASV_4756",0.00137336477673793,-0.00382478390491202,-0.00343924905938085,"ASV_4756","no_hit","Dinophyceae","Dinophyceae","Syndiniales","Amoebophryaceae","Amoebophrya","no_hit"
"4555","ASV_4757",-0.00513839327727227,0.00141542791405402,-0.00437458493052351,"ASV_4757","no_hit","Bacillariophyta","Coscinodiscophyceae","Chaetocerotales","Chaetocerotaceae","Chaetoceros","s_"
"4556","ASV_4759",-0.00215728089193827,0.00233618375092031,-0.00314691713619962,"ASV_4759","no_hit","no_hit","no_hit","no_hit","no_hit","g_","s_"
"4557","ASV_4760",2.27590234730266e-06,-0.00500816137751702,-0.000987393616581805,"ASV_4760","no_hit","Dinophyceae","Dinophyceae","Syndiniales","Amoebophryaceae","g_","s_"
"4558","ASV_4761",0.00119869869999,-0.00164318153579732,-0.000414949163931794,"ASV_4761","no_hit","unknown","unknown","Jakobida","no_hit","g_","s_"
"4559","ASV_4763",0.0020145933039868,-0.000437989905009585,-0.000939717472893749,"ASV_4763","no_hit","no_hit","no_hit","no_hit","no_hit","g_","s_"
"4560","ASV_4764",0.002070114738499,-0.00512336041384421,-0.0035337714343269,"ASV_4764","no_hit","unknown","Bigyra","Oblongichytrida","unknown","g_","s_"
"4561","ASV_4765",0.0025282569976754,-0.00101492752866441,-0.00115075019786916,"ASV_4765","no_hit","unknown","Bigyra","Oblongichytrida","unknown","g_","s_"
"4562","ASV_4766",0.000399846414541586,-0.00799021297961357,-0.00214765473322083,"ASV_4766","no_hit","Dinophyceae","Dinophyceae","Syndiniales","no_hit","g_","s_"
"4563","ASV_4768",0.00379281761102168,-0.00904401755456832,-0.00441190336860217,"ASV_4768","no_hit","Euglenozoa","unknown","Diplonemea","Hemistasiidae","g_","s_"
"4564","ASV_4769",-0.000637776578386491,-0.00115845176145279,0.000651435101635016,"ASV_4769","no_hit","Ciliophora","Spirotrichea","Choreotrichida","Strombidinopsidae","Strombidinopsis","s_"
"4565","ASV_4770",0.000453568160744461,-0.00532020409722828,-0.00174692725171326,"ASV_4770","no_hit","Dinophyceae","Dinophyceae","Syndiniales","Amoebophryaceae","g_","s_"
"4566","ASV_4771",-0.00268069680522107,0.00140691009464535,-0.00493161151997109,"ASV_4771","no_hit","Ciliophora","Spirotrichea","Tintinnida","no_hit","no_hit","no_hit"
"4567","ASV_4772",0.00159502018429476,-0.000206052015603372,-0.000139845475082758,"ASV_4772","no_hit","no_hit","no_hit","no_hit","no_hit","no_hit","s_"
"4568","ASV_4773",-0.00456379042670583,0.00120857097828345,-0.00304432799763194,"ASV_4773","no_hit","Dinophyceae","Dinophyceae","Gymnodiniales","Gymnodiniaceae","no_hit","no_hit"
"4569","ASV_4774",-0.000122588578487459,-0.0010788429451054,0.000125097700674675,"ASV_4774","no_hit","no_hit","no_hit","no_hit","no_hit","g_","s_"
"4570","ASV_4775",0.000971347304247818,-0.00431881527484174,-0.00145378468416202,"ASV_4775","no_hit","Dinophyceae","Dinophyceae","no_hit","no_hit","no_hit","no_hit"
"4571","ASV_4776",0.00384233312930538,-0.00064471673290425,-0.00130517168014211,"ASV_4776","no_hit","no_hit","no_hit","no_hit","no_hit","g_","s_"
"4572","ASV_4777",-0.00183893445884112,5.8996622645412e-05,-0.00043745210199942,"ASV_4777","no_hit","Ciliophora","Spirotrichea","Choreotrichida","Strobilidiidae","Pelagostrobilidium","s_"
"4573","ASV_4778",8.20254740525532e-05,-0.00356169484447933,-0.000673531870380152,"ASV_4778","no_hit","Dinophyceae","Dinophyceae","no_hit","no_hit","g_","s_"
"4574","ASV_4779",0.000225807188070568,-0.000810650980778421,7.82083043674148e-05,"ASV_4779","no_hit","no_hit","no_hit","no_hit","no_hit","no_hit","no_hit"
"4575","ASV_4780",0.0016113367473378,-0.0079928820935554,-0.00261695442780309,"ASV_4780","no_hit","no_hit","no_hit","no_hit","no_hit","g_","s_"
"4576","ASV_4781",-0.00264910081617723,0.000880021778951757,-0.00119880017570842,"ASV_4781","no_hit","Dinophyceae","Dinophyceae","Peridiniales","Protoperidiniaceae","g_","s_"
"4577","ASV_4782",-0.000403613275973193,-0.000614156032192889,0.000845194745494502,"ASV_4782","no_hit","Imbricatea","unknown","Thaumatomonadida","unknown","g_","s_"
"4578","ASV_4783",-0.000617445881809603,0.00169765848604447,0.0017535831922472,"ASV_4783","Metazoa","Chordata","Thaliacea","Doliolida","Doliolidae","Doliolum","s_"
"4579","ASV_4786",0.000346246742135097,-0.00339735015785219,-0.00068826588744871,"ASV_4786","no_hit","Ciliophora","Colpodea","unknown","unknown","g_","s_"
"4580","ASV_4787",0.00050548919499874,-0.0108003466566238,-0.00375119766611248,"ASV_4787","no_hit","no_hit","no_hit","no_hit","no_hit","no_hit","no_hit"
"4581","ASV_4788",0.000183696695973625,-0.0107887358183429,-0.00324593770450994,"ASV_4788","no_hit","Dinophyceae","Dinophyceae","no_hit","no_hit","no_hit","no_hit"
"4582","ASV_4789",0.00118819742465755,-0.00292422624201033,-0.000917396507644104,"ASV_4789","no_hit","Dinophyceae","Dinophyceae","Syndiniales","no_hit","no_hit","no_hit"
"4583","ASV_4790",0.000588588500862961,-0.0144942884226193,-0.00461433378815219,"ASV_4790","no_hit","Dinophyceae","Dinophyceae","Syndiniales","Amoebophryaceae","g_","s_"
"4584","ASV_4791",-7.54452258130117e-05,0.00324296197385356,-0.00289087853211555,"ASV_4791","no_hit","unknown","unknown","unknown","unknown","unknown","uncultured marine eukaryote"
"4585","ASV_4792",0.00111867507023082,-0.00162275444323585,-0.00159132010794696,"ASV_4792","no_hit","Dinophyceae","Dinophyceae","Syndiniales","Amoebophryaceae","g_","s_"
"4586","ASV_4793",0.000152245401213799,-0.0148039288883737,-0.00459142976257093,"ASV_4793","no_hit","Apicomplexa","Conoidasida","no_hit","no_hit","g_","s_"
"4587","ASV_4794",0.000175339399521355,-0.00509213439620338,-0.00104356590543254,"ASV_4794","no_hit","Dinophyceae","Dinophyceae","Syndiniales","Amoebophryaceae","Amoebophrya","s_"
"4588","ASV_4795",0.00319559581729499,-0.0052232273263243,-0.00251576398789729,"ASV_4795","no_hit","Bacillariophyta","Bacillariophyceae","Bacillariales","Bacillariaceae","g_","s_"
"4589","ASV_4796",-0.00367664955045257,0.00143895266398368,-0.00268729789043819,"ASV_4796","no_hit","Dinophyceae","Dinophyceae","Gymnodiniales","Warnowiaceae","no_hit","no_hit"
"4590","ASV_4798",-0.000514262965773679,-0.00226094298550656,0.000204595736502764,"ASV_4798","no_hit","no_hit","no_hit","no_hit","no_hit","no_hit","s_"
"4591","ASV_4799",-0.00378371832464292,-0.00103392608418344,-0.00313879709182633,"ASV_4799","no_hit","Dinophyceae","Dinophyceae","Peridiniales","Protoperidiniaceae","Protoperidinium","Protoperidinium monovelum"
"4592","ASV_4800",0.00274322786138077,-0.00138243968093559,-0.000967935729136096,"ASV_4800","no_hit","Dinophyceae","Dinophyceae","no_hit","no_hit","no_hit","s_"
"4593","ASV_4801",0.00108401417577978,-0.0147151756933296,-0.00565824348850977,"ASV_4801","no_hit","unknown","unknown","unknown","unknown","unknown","uncultured marine picoeukaryote"
"4594","ASV_4802",0.000504263223366132,-0.00374093945958254,-0.00137091605207648,"ASV_4802","no_hit","Dinophyceae","Dinophyceae","Gymnodiniales","Kareniaceae","g_","s_"
"4595","ASV_4803",0.00387940774512186,-0.0105176964555356,-0.00442606619151268,"ASV_4803","no_hit","Dinophyceae","Dinophyceae","Syndiniales","Amoebophryaceae","Amoebophrya","s_"
"4596","ASV_4806",-0.0051365462721687,0.00327991692902515,-0.00571085695023377,"ASV_4806","no_hit","unknown","unknown","unknown","unknown","unknown","uncultured marine picoeukaryote"
"4597","ASV_4807",-0.000456246940863739,-0.000955107676822399,0.000666397035604858,"ASV_4807","no_hit","Euglenozoa","unknown","Diplonemea","unknown","g_","s_"
"4598","ASV_4809",0.0016614028083315,-0.00513343346324587,-0.0018851074718462,"ASV_4809","no_hit","no_hit","no_hit","no_hit","no_hit","g_","s_"
"4599","ASV_4810",-0.000879926341968747,0.00124149216106685,-0.00105322420416506,"ASV_4810","no_hit","Ciliophora","Oligohymenophorea","Philasterida","Loxocephalidae","g_","s_"
"4600","ASV_4811",0.000312974438738934,-0.00708084184711054,-0.00188436172477405,"ASV_4811","no_hit","no_hit","no_hit","no_hit","no_hit","no_hit","no_hit"
"4601","ASV_4812",-0.000409787311256834,-0.00235434173719092,0.000133936787884804,"ASV_4812","no_hit","unknown","Polycystinea","no_hit","no_hit","no_hit","no_hit"
"4602","ASV_4813",0.000409570725041008,-0.00636305588040891,-0.0014893078590756,"ASV_4813","no_hit","Dinophyceae","Dinophyceae","Syndiniales","Amoebophryaceae","g_","s_"
"4603","ASV_4814",-2.99658661900027e-05,-0.00105229797768151,0.000688668608064427,"ASV_4814","no_hit","Dinophyceae","Dinophyceae","no_hit","no_hit","g_","s_"
"4604","ASV_4815",0.00326528839995601,-0.00354339051702821,-0.00261052716882888,"ASV_4815","no_hit","Dinophyceae","Dinophyceae","Syndiniales","Amoebophryaceae","g_","s_"
"4605","ASV_4816",0.00314679345928007,-0.00242764073270017,-0.00264348494574023,"ASV_4816","no_hit","unknown","unknown","unknown","unknown","unknown","s_"
"4606","ASV_4817",0.00181808590750676,-0.0054824018585407,-0.00241365920405095,"ASV_4817","no_hit","unknown","unknown","unknown","unknown","g_","s_"
"4607","ASV_4818",0.00419209752188727,-0.00428174074965826,-0.00233742171787404,"ASV_4818","no_hit","Dinophyceae","Dinophyceae","Syndiniales","Syndiniaceae","g_","s_"
"4608","ASV_4820",-0.000592353596863135,-0.00240985179993156,0.000212464978987724,"ASV_4820","no_hit","unknown","Polycystinea","no_hit","no_hit","g_","s_"
"4609","ASV_4821",-0.000187609524697616,-0.000242941796211269,0.00133362796542979,"ASV_4821","Metazoa","Arthropoda","Branchiopoda","Diplostraca","Podonidae","Evadne","Evadne nordmanni"
"4610","ASV_4822",-0.0019547588719702,-0.00111483644011002,-0.00191592226089006,"ASV_4822","no_hit","Dinophyceae","Dinophyceae","Peridiniales","Pfiesteriaceae","Cryptoperidiniopsis","s_"
"4611","ASV_4824",0.00194426624473362,0.0028694035757242,-0.00129899929823867,"ASV_4824","no_hit","Dinophyceae","Dinophyceae","Syndiniales","Amoebophryaceae","g_","s_"
"4612","ASV_4825",0.00158213640925076,-0.00294257677653017,-0.00128796892646579,"ASV_4825","no_hit","Dinophyceae","Dinophyceae","Syndiniales","Amoebophryaceae","g_","s_"
"4613","ASV_4826",-0.000312716061090887,-0.00403334788160999,-0.000646354295169564,"ASV_4826","no_hit","Dinophyceae","Dinophyceae","no_hit","no_hit","no_hit","s_"
"4614","ASV_4827",0.000119946196869622,-0.00458414591094201,-0.00105169814021333,"ASV_4827","no_hit","unknown","unknown","unknown","unknown","unknown","Uncultured marine alveolate Group II DH148-EKD27"
"4615","ASV_4830",-0.000506592798837765,4.05762715191088e-05,0.0010598270959597,"ASV_4830","no_hit","Dinophyceae","Dinophyceae","Gonyaulacales","Gonyaulacaceae","Alexandrium","no_hit"
"4616","ASV_4831",-0.0004801574121112,-0.000238170269965694,0.000970627492697614,"ASV_4831","no_hit","Dinophyceae","Dinophyceae","Syndiniales","no_hit","g_","s_"
"4617","ASV_4832",0.00332389085942534,0.000940876703793124,-0.00447294868194568,"ASV_4832","no_hit","no_hit","no_hit","no_hit","no_hit","no_hit","s_"
"4618","ASV_4833",0.00113812790709108,-0.00845164753549454,-0.003135865811788,"ASV_4833","no_hit","Ciliophora","Oligohymenophorea","Philasterida","Loxocephalidae","g_","s_"
"4619","ASV_4835",0.00146671723035109,-0.00156907409795979,-0.000691803507669136,"ASV_4835","no_hit","Dinophyceae","Dinophyceae","Peridiniales","Peridiniaceae","Pentapharsodinium","Pentapharsodinium tyrrhenicum"
"4620","ASV_4837",0.00367794548802927,-0.00586731235447161,-0.0042663275258009,"ASV_4837","no_hit","unknown","Polycystinea","Nassellaria","Plagiacanthidae","Lithomelissa","Lithomelissa sp. 2003"
"4621","ASV_4838",0.000114330445550221,-0.00555181191573608,-0.00137368923580447,"ASV_4838","no_hit","Apicomplexa","Conoidasida","Eucoccidiorida","Sarcocystidae","g_","s_"
"4622","ASV_4839",0.00122501096474752,-0.000399302034220224,-7.31955445428908e-05,"ASV_4839","no_hit","Dinophyceae","Dinophyceae","Prorocentrales","Prorocentraceae","g_","s_"
"4623","ASV_4841",0.00103354696566095,-0.00776151511392462,-0.00268673443851673,"ASV_4841","no_hit","unknown","unknown","unknown","unknown","g_","s_"
"4624","ASV_4842",-2.29098962055537e-05,-0.00683799606051499,-0.00162652232845942,"ASV_4842","no_hit","Dinophyceae","Dinophyceae","Syndiniales","no_hit","no_hit","no_hit"
"4625","ASV_4843",-0.00131515500695498,-0.000285369920023302,-0.00338675265319872,"ASV_4843","no_hit","unknown","Bigyra","Thraustochytrida","Thraustochytriaceae","g_","s_"
"4626","ASV_4844",0.00052882889451222,-0.00646673272505406,-0.00191078102265456,"ASV_4844","no_hit","unknown","unknown","unknown","unknown","g_","s_"
"4627","ASV_4845",4.621193876965e-05,0.000852739789203207,-0.00197902019642007,"ASV_4845","no_hit","Dinophyceae","Dinophyceae","Syndiniales","Amoebophryaceae","g_","s_"
"4628","ASV_4847",0.000777005097128249,0.000130912630259799,0.000445729208654267,"ASV_4847","no_hit","unknown","Choanoflagellata","Acanthoecida","Stephanoecidae","g_","s_"
"4629","ASV_4848",0.00161644703610454,-0.00502544257139771,-0.00208057630411428,"ASV_4848","no_hit","no_hit","no_hit","no_hit","no_hit","no_hit","no_hit"
"4630","ASV_4849",0.000609994656519764,-0.00103292001688919,-0.000658215521741825,"ASV_4849","no_hit","Imbricatea","unknown","Thaumatomonadida","Thaumatomastigidae","Protaspis","s_"
"4631","ASV_4850",-0.00237675003350358,-0.000805041965942618,-0.00307594839780774,"ASV_4850","no_hit","no_hit","no_hit","no_hit","no_hit","no_hit","no_hit"
"4632","ASV_4852",0.00272398720941238,0.00035114637204819,-0.000207907389860557,"ASV_4852","no_hit","Dinophyceae","Dinophyceae","Peridiniales","Kryptoperidiniaceae","g_","s_"
"4633","ASV_4854",0.0036759367106909,-0.00331293204641959,-0.00363073812721923,"ASV_4854","no_hit","Euglenozoa","unknown","Diplonemea","Hemistasiidae","g_","s_"
"4634","ASV_4855",2.18662628611447e-05,-0.00410273275262261,-0.000997765782650557,"ASV_4855","no_hit","Ciliophora","Oligohymenophorea","Apostomatida","Pseudocolliniidae","Fusiforma","s_"
"4635","ASV_4856",0.00546136421782328,0.00465223058175359,-0.00134966566534663,"ASV_4856","no_hit","Dinophyceae","Dinophyceae","Peridiniales","Protoperidiniaceae","g_","s_"
"4636","ASV_4857",-0.000473505071733705,0.000253219303340283,0.00116572582638824,"ASV_4857","Metazoa","Arthropoda","Malacostraca","Cumacea","Leuconidae","g_","s_"
"4637","ASV_4858",0.0020102546682106,-0.00132963464531687,-0.00246013118640523,"ASV_4858","no_hit","Haptophyta","no_hit","no_hit","no_hit","no_hit","s_"
"4638","ASV_4859",0.00102774452619427,-0.00713166904732996,-0.00204658083689613,"ASV_4859","no_hit","unknown","unknown","unknown","unknown","g_","s_"
"4639","ASV_4860",-0.00238321364919086,0.000446210610593098,-0.00106863415526023,"ASV_4860","no_hit","Dinophyceae","Dinophyceae","Syndiniales","Amoebophryaceae","g_","s_"
"4640","ASV_4861",0.00177502365040872,-0.0111293689119389,-0.00397490785354406,"ASV_4861","no_hit","Dinophyceae","Dinophyceae","Peridiniales","Peridiniaceae","Pentapharsodinium","s_"
"4641","ASV_4862",0.0034479534103226,-2.5848421042898e-05,-0.00207104188801034,"ASV_4862","Metazoa","Annelida","Polychaeta","Phyllodocida","Nephtyidae","Nephtys","no_hit"
"4642","ASV_4863",0.00233499250832053,-0.00560577306434977,-0.00307002914241922,"ASV_4863","no_hit","unknown","unknown","unknown","unknown","g_","s_"
"4643","ASV_4864",-0.00052672254368488,-0.00327005201240776,-0.000208982615931871,"ASV_4864","no_hit","unknown","unknown","unknown","unknown","g_","s_"
"4644","ASV_4865",-0.000377234508944851,-0.00614675556012888,-0.00130379347796356,"ASV_4865","no_hit","Euglenozoa","unknown","Diplonemea","no_hit","no_hit","s_"
"4645","ASV_4866",0.000651258404330216,-0.00226291331586174,-0.000362764551042518,"ASV_4866","no_hit","Ciliophora","Oligohymenophorea","Peniculida","Parameciidae","g_","s_"
"4646","ASV_4867",0.00771404299108101,0.00672679876318586,0.00022792963254239,"ASV_4867","no_hit","Ciliophora","Spirotrichea","no_hit","no_hit","g_","s_"
"4647","ASV_4869",0.00096605447841384,-0.00894290219156012,-0.00309519680368644,"ASV_4869","no_hit","unknown","unknown","unknown","unknown","g_","s_"
"4648","ASV_4870",-0.00159630794644378,-0.000788296314263457,-0.000866126529761322,"ASV_4870","no_hit","Dinophyceae","Dinophyceae","no_hit","no_hit","g_","s_"
"4649","ASV_4871",0.000317198808053108,-0.00514233240149492,-0.000968872119209369,"ASV_4871","no_hit","Dinophyceae","Dinophyceae","Peridiniales","Peridiniaceae","Pentapharsodinium","s_"
"4650","ASV_4872",0.00106027410598329,-0.00518032741930494,-0.00171755361693799,"ASV_4872","no_hit","unknown","unknown","unknown","unknown","g_","s_"
"4651","ASV_4873",-0.000393461444261302,-0.00141100795463894,-0.00198219819674282,"ASV_4873","no_hit","Dinophyceae","Dinophyceae","Syndiniales","Amoebophryaceae","g_","s_"
"4652","ASV_4874",-0.000702619506099666,-1.69555961541865e-05,0.000803296718489699,"ASV_4874","no_hit","Haptophyta","no_hit","no_hit","no_hit","no_hit","s_"
"4653","ASV_4875",0.00135633764828286,-0.00281141943648805,-0.00104107396886185,"ASV_4875","no_hit","unknown","Choanoflagellata","unknown","unknown","g_","s_"
"4654","ASV_4876",0.000756384618638607,-0.0122732499277555,-0.00396692343215203,"ASV_4876","no_hit","unknown","Chrysophyceae","unknown","unknown","g_","s_"
"4655","ASV_4877",-0.000342820506701076,-0.00937953839481069,-0.00271613141042688,"ASV_4877","no_hit","unknown","unknown","unknown","unknown","unknown","s_"
"4656","ASV_4878",-0.000549638022988631,0.000231786954166122,0.00122391324601052,"ASV_4878","no_hit","no_hit","no_hit","no_hit","no_hit","no_hit","no_hit"
"4657","ASV_4879",0.00180855927512809,-0.00393840956889346,-0.00119780485239166,"ASV_4879","no_hit","Haptophyta","no_hit","no_hit","no_hit","g_","s_"
"4658","ASV_4880",-0.00145323168907403,0.00102175371264047,-0.00454076317479433,"ASV_4880","no_hit","Ciliophora","Spirotrichea","Choreotrichida","Strobilidiidae","g_","s_"
"4659","ASV_4884",0.000788650048205629,-0.00787523906428731,-0.00269190876880433,"ASV_4884","no_hit","unknown","Cryptophyceae","Cyathomonadacea","Goniomonadaceae","g_","s_"
"4660","ASV_4885",-0.000577474602275785,-0.00380289330985891,-0.000406402563510253,"ASV_4885","no_hit","Perkinsozoa","unknown","Perkinsida","Xcellidae","g_","s_"
"4661","ASV_4886",0.00669923841005733,0.0058814527649756,0.000301670840237134,"ASV_4886","Metazoa","Nemertea","Palaeonemertea","unknown","Carinomidae","g_","s_"
"4662","ASV_4888",0.000802734244798647,-0.00639447023298706,-0.00191944732676164,"ASV_4888","no_hit","no_hit","no_hit","no_hit","no_hit","no_hit","s_"
"4663","ASV_4889",0.000401968744754079,-0.00827866130802924,-0.00226137777839608,"ASV_4889","no_hit","unknown","Polycystinea","Nassellaria","Pterocorythidae","g_","s_"
"4664","ASV_4890",0.00143804417492647,-0.00360903751866929,-0.000999091279002077,"ASV_4890","no_hit","Dinophyceae","Dinophyceae","Syndiniales","Syndiniaceae","g_","s_"
"4665","ASV_4891",0.00173166988975229,-0.00514748763404061,-0.00185135713533987,"ASV_4891","no_hit","Dinophyceae","Dinophyceae","Syndiniales","no_hit","g_","s_"
"4666","ASV_4892",0.00617207974636073,-0.002076252390608,-0.00302953410976772,"ASV_4892","no_hit","no_hit","no_hit","no_hit","no_hit","g_","s_"
"4667","ASV_4893",0.000495157779606236,-0.00181461483422909,-0.000680463408048878,"ASV_4893","no_hit","no_hit","no_hit","no_hit","no_hit","no_hit","no_hit"
"4668","ASV_4896",0.00206212974073971,-0.00469680200572218,-0.00168035821638189,"ASV_4896","no_hit","unknown","Bigyra","Nanomonadea","unknown","Solenicola","s_"
"4669","ASV_4897",-2.71062283234742e-05,-0.0032915414705535,-0.00051125595599506,"ASV_4897","no_hit","Dinophyceae","Dinophyceae","Syndiniales","Amoebophryaceae","g_","s_"
"4670","ASV_4898",0.000194139018003794,0.00147634627539614,-0.00139131217501167,"ASV_4898","no_hit","Ciliophora","Spirotrichea","no_hit","no_hit","no_hit","s_"
"4671","ASV_4899",-0.00046137586162928,0.000934788475967901,0.00140658958745127,"ASV_4899","no_hit","no_hit","no_hit","no_hit","no_hit","no_hit","no_hit"
"4672","ASV_4901",0.000306873347824667,-0.00162682031626256,0.000318772862383509,"ASV_4901","no_hit","unknown","unknown","unknown","unknown","unknown","s_"
"4673","ASV_4902",0.00370387924804243,0.0035860395106862,0.000498314076700762,"ASV_4902","Metazoa","Annelida","Polychaeta","Terebellida","Terebellidae","Lysilla","Lysilla sp. THS-2012"
"4674","ASV_4903",0.00337875314631301,-0.00236176207287754,-0.00477139062220241,"ASV_4903","no_hit","Dinophyceae","Dinophyceae","Syndiniales","Amoebophryaceae","g_","s_"
"4675","ASV_4905",0.001053835266609,-0.00790398536583726,-0.00253218992589611,"ASV_4905","no_hit","Dinophyceae","Dinophyceae","Syndiniales","no_hit","g_","s_"
"4676","ASV_4906",-0.00173748213493838,0.00179716672277637,-0.00118294743593873,"ASV_4906","no_hit","no_hit","no_hit","no_hit","no_hit","g_","s_"
"4677","ASV_4907",0.00125987959922991,-0.0065210481582312,-0.00228772994604396,"ASV_4907","no_hit","unknown","Bigyra","Nanomonadea","unknown","Solenicola","s_"
"4678","ASV_4908",-0.00128247299242029,0.00174341227778278,-0.00104947065348431,"ASV_4908","no_hit","Dinophyceae","Dinophyceae","Syndiniales","no_hit","no_hit","s_"
"4679","ASV_4910",0.000950822861712666,0.00032997279032495,0.000406246118729288,"ASV_4910","no_hit","Dinophyceae","Dinophyceae","no_hit","no_hit","g_","s_"
"4680","ASV_4912",0.000178469612459666,-0.000506455770790759,0.000183026503048618,"ASV_4912","no_hit","Ciliophora","Spirotrichea","unknown","Strombidiidae","Spirostrombidium","s_"
"4681","ASV_4913",0.00109914620417835,-0.00765655126955014,-0.00265390102377381,"ASV_4913","no_hit","no_hit","no_hit","no_hit","no_hit","no_hit","no_hit"
"4682","ASV_4914",0.00246372335170775,-0.00350762949356888,-0.0018200858628203,"ASV_4914","no_hit","Dinophyceae","Dinophyceae","Syndiniales","no_hit","g_","s_"
"4683","ASV_4916",-0.000629113259920801,0.000816755890770275,0.00154723977971454,"ASV_4916","no_hit","no_hit","no_hit","no_hit","no_hit","no_hit","no_hit"
"4684","ASV_4917",0.00163800011791541,-0.00315321713487091,-0.00154537411951731,"ASV_4917","no_hit","Dinophyceae","Dinophyceae","Syndiniales","Amoebophryaceae","Amoebophrya","s_"
"4685","ASV_4918",-0.00246316770141873,0.00140486346197769,-0.00161797838423093,"ASV_4918","no_hit","Dinophyceae","Dinophyceae","Gymnodiniales","Warnowiaceae","g_","s_"
"4686","ASV_4919",0.00408756814299029,0.000583662166115828,-0.000790589876561419,"ASV_4919","Metazoa","Cnidaria","Anthozoa","Actiniaria","Halcampoididae","Halcampoides","no_hit"
"4687","ASV_4920",-0.00059955011922012,0.00139011456714542,0.00163027541583464,"ASV_4920","Metazoa","Chordata","Thaliacea","Doliolida","Doliolidae","Doliolum","Doliolum nationalis"
"4688","ASV_4921",0.00445542947120069,0.00479400788219596,-0.000419151341469358,"ASV_4921","no_hit","no_hit","no_hit","no_hit","no_hit","g_","s_"
"4689","ASV_4922",0.00524040221160483,0.00448708758053509,0.000351257168672063,"ASV_4922","unassigned","unassigned","unassigned","unassigned","unassigned","unassigned","unassigned"
"4690","ASV_4923",0.00125738452252517,-0.00946844561441605,-0.00319167108474597,"ASV_4923","no_hit","unknown","unknown","unknown","unknown","g_","s_"
"4691","ASV_4924",-0.000404977744323543,-0.000138523381223511,0.00113760867130532,"ASV_4924","no_hit","Dinophyceae","Dinophyceae","Syndiniales","Amoebophryaceae","Amoebophrya","no_hit"
"4692","ASV_4925",0.00136131914939057,-0.00849785529803983,-0.00325286397024627,"ASV_4925","no_hit","Dinophyceae","Dinophyceae","Syndiniales","Amoebophryaceae","g_","s_"
"4693","ASV_4926",-0.000142638709303455,-0.000402150271749413,0.000871757093949993,"ASV_4926","no_hit","Dinophyceae","Dinophyceae","Gymnodiniales","Gymnodiniaceae","g_","s_"
"4694","ASV_4927",-0.000201644782808936,-0.00896838272984175,-0.00238221329192012,"ASV_4927","no_hit","unknown","unknown","unknown","unknown","g_","s_"
"4695","ASV_4928",-0.000683162997019464,-0.00195230272355496,0.000320877905112308,"ASV_4928","no_hit","no_hit","no_hit","no_hit","no_hit","no_hit","no_hit"
"4696","ASV_4929",0.00139184451259791,-0.00866376550591016,-0.0025741142634864,"ASV_4929","no_hit","Dinophyceae","Dinophyceae","Gymnodiniales","Kareniaceae","Takayama","Takayama cf. pulchellum"
"4697","ASV_4930",0.000290246448308907,-0.00942476138693223,-0.00275000880419322,"ASV_4930","no_hit","Ciliophora","Oligohymenophorea","Philasterida","no_hit","g_","s_"
"4698","ASV_4931",-0.000278973284438307,-0.00430974407150257,-0.000687591354562378,"ASV_4931","no_hit","Ciliophora","no_hit","no_hit","no_hit","g_","s_"
"4699","ASV_4932",-0.000432494923068754,-0.000255138722336633,0.000644796714187372,"ASV_4932","no_hit","Ciliophora","Spirotrichea","no_hit","no_hit","g_","s_"
"4700","ASV_4933",0.00199844905362109,-0.00162322842746139,-0.000791133488288243,"ASV_4933","no_hit","Dinophyceae","Dinophyceae","Syndiniales","no_hit","no_hit","s_"
"4701","ASV_4935",-0.00045361785896837,0.00124834998530842,0.00152209581351968,"ASV_4935","no_hit","no_hit","no_hit","no_hit","no_hit","no_hit","s_"
"4702","ASV_4936",0.00144289178961355,-0.00780863525255362,-0.00452989016786121,"ASV_4936","no_hit","unknown","unknown","unknown","unknown","g_","s_"
"4703","ASV_4937",0.000336951295537203,-0.005162260946158,-0.00101370683742037,"ASV_4937","no_hit","Dinophyceae","Dinophyceae","Syndiniales","no_hit","no_hit","no_hit"
"4704","ASV_4939",0.0031328160500156,-0.00477777988520765,-0.00253259797723498,"ASV_4939","no_hit","Dinophyceae","Dinophyceae","Syndiniales","Amoebophryaceae","g_","s_"
"4705","ASV_4941",-0.0014146785234776,0.00219081818223197,-0.00173049053653579,"ASV_4941","no_hit","no_hit","no_hit","no_hit","no_hit","g_","s_"
"4706","ASV_4942",-0.00267382572255375,-0.00177961301938012,-0.00225859224003876,"ASV_4942","no_hit","Cercozoa","Thecofilosea","unknown","unknown","Mataza","s_"
"4707","ASV_4943",-0.000139476591962509,-0.00658608203279487,-0.00170199875762245,"ASV_4943","no_hit","unknown","unknown","unknown","unknown","unknown","uncultured marine eukaryote"
"4708","ASV_4944",0.000765552250585193,-0.00345569122330552,-0.000815960838454432,"ASV_4944","no_hit","no_hit","no_hit","no_hit","no_hit","no_hit","s_"
"4709","ASV_4945",-0.000209937709156077,-0.00564347400042191,-0.00114738615751457,"ASV_4945","no_hit","Euglenozoa","unknown","Diplonemea","unknown","unknown","s_"
"4710","ASV_4946",3.02014033032162e-06,-0.00187098454550075,2.42492279336767e-05,"ASV_4946","no_hit","Euglenozoa","unknown","Diplonemea","unknown","g_","s_"
"4711","ASV_4947",-0.0062654822338344,0.00214984618878079,-0.00474931133775905,"ASV_4947","no_hit","Bacillariophyta","Coscinodiscophyceae","Thalassiosirales","Thalassiosiraceae","g_","s_"
"4712","ASV_4948",0.000844525901387756,-0.00514660838750278,-0.00151054639086671,"ASV_4948","no_hit","Ciliophora","Oligohymenophorea","Philasterida","Cinetochilidae","g_","s_"
"4713","ASV_4949",0.00560462918799937,0.00572163632146912,-0.000504939507325243,"ASV_4949","no_hit","Ciliophora","Prostomatea","Prorodontida","Urotrichidae","Urotricha","s_"
"4714","ASV_4950",0.000195834767717801,-0.010301104619003,-0.00324140460637258,"ASV_4950","no_hit","no_hit","no_hit","no_hit","no_hit","no_hit","no_hit"
"4715","ASV_4951",-0.000445051318254714,0.00144042743613677,0.00159174393953901,"ASV_4951","no_hit","Dinophyceae","Dinophyceae","no_hit","no_hit","g_","s_"
"4716","ASV_4952",-0.00054500618231349,-0.00362553743151394,-0.000335648738475372,"ASV_4952","no_hit","unknown","unknown","unknown","unknown","g_","s_"
"4717","ASV_4959",-0.000614159506869,0.00164118117063805,0.00173093897217793,"ASV_4959","Metazoa","Chordata","Thaliacea","Doliolida","Doliolidae","Doliolum","Doliolum nationalis"
"4718","ASV_4961",0.000224071184642298,-0.00510743351165867,-0.00111451462021189,"ASV_4961","no_hit","Ciliophora","Colpodea","unknown","unknown","g_","s_"
"4719","ASV_4962",0.000582610619537802,0.00228205863926886,-0.00247397622311134,"ASV_4962","no_hit","Dinophyceae","Dinophyceae","Syndiniales","Amoebophryaceae","Amoebophrya","s_"
"4720","ASV_4963",-0.000546400937407718,-2.69500532385823e-05,0.00092135350931296,"ASV_4963","no_hit","no_hit","no_hit","no_hit","no_hit","no_hit","no_hit"
"4721","ASV_4964",-0.000438708161467861,0.0016366672021554,0.00171988905062033,"ASV_4964","no_hit","Dinophyceae","Dinophyceae","Peridiniales","Peridiniaceae","g_","s_"
"4722","ASV_4965",0.000507495623826496,-0.00428828975553296,-0.000917933102140822,"ASV_4965","no_hit","Dinophyceae","Dinophyceae","no_hit","no_hit","no_hit","no_hit"
"4723","ASV_4966",0.00117966633503149,-0.00916628051486386,-0.00428939111177933,"ASV_4966","no_hit","Dinophyceae","Dinophyceae","Syndiniales","Amoebophryaceae","Amoebophrya","no_hit"
"4724","ASV_4967",-3.85849095919737e-05,-0.00430494030981396,-0.000822589840965717,"ASV_4967","no_hit","Dinophyceae","Dinophyceae","Gonyaulacales","Amphidomataceae","g_","s_"
"4725","ASV_4970",0.00143967797607196,-0.00319555958530996,-0.0014328575005233,"ASV_4970","Viridiplantae","Chlorophyta","no_hit","no_hit","no_hit","no_hit","no_hit"
"4726","ASV_4971",0.00168738350260178,0.00408505533862687,-0.00136903362503313,"ASV_4971","no_hit","unknown","Cryptophyceae","Pyrenomonadales","Geminigeraceae","Geminigera","Geminigera cryophila"
"4727","ASV_4972",0.00112913891548157,-0.00197419152017269,-0.000736250533076752,"ASV_4972","no_hit","Oomycota","unknown","Myzocytiopsidales","Myzocytiopsidaceae","g_","s_"
"4728","ASV_4973",0.000878423511219165,-0.00272736807360632,-0.000144459833521243,"ASV_4973","no_hit","Dinophyceae","Dinophyceae","Syndiniales","Amoebophryaceae","Amoebophrya","s_"
"4729","ASV_4975",0.00103917577049681,-0.00444724732960107,-0.0012397682654915,"ASV_4975","no_hit","Dinophyceae","Dinophyceae","Syndiniales","Amoebophryaceae","g_","s_"
"4730","ASV_4977",-0.000119139148058317,-0.0020002339294081,0.000121287936817321,"ASV_4977","no_hit","Dinophyceae","Dinophyceae","no_hit","no_hit","g_","s_"
"4731","ASV_4978",0.00101762051657081,-0.00632996230310359,-0.00204809283610404,"ASV_4978","no_hit","Dinophyceae","Dinophyceae","Peridiniales","Peridiniaceae","Pentapharsodinium","s_"
"4732","ASV_4979",-0.000788683665886662,-0.00334651924336145,-6.36180947001735e-05,"ASV_4979","no_hit","Dinophyceae","Dinophyceae","Thoracosphaerales","Thoracosphaeraceae","g_","s_"
"4733","ASV_4982",-0.00205896697752546,0.000730837785296463,-0.0022343346311465,"ASV_4982","no_hit","Dinophyceae","Dinophyceae","Syndiniales","Amoebophryaceae","g_","s_"
"4734","ASV_4984",0.00560353255328708,0.00457305874251014,-0.00091409952546834,"ASV_4984","no_hit","Haptophyta","no_hit","no_hit","no_hit","no_hit","s_"
"4735","ASV_4985",-0.00240506395940238,0.000835339897346527,-0.0007539428356158,"ASV_4985","no_hit","Dinophyceae","Dinophyceae","no_hit","no_hit","no_hit","s_"
"4736","ASV_4986",-0.000538165525594357,8.84167644306441e-05,0.00112452942639573,"ASV_4986","Metazoa","Chordata","Appendicularia","Copelata","Fritillariidae","Fritillaria <tunicates>","Fritillaria charybdae"
"4737","ASV_4987",0.000583773432041506,-0.00431583306707747,-0.0010765962812551,"ASV_4987","Metazoa","Cnidaria","Hydrozoa","Anthoathecata","Corymorphidae","Euphysa","no_hit"
"4738","ASV_4988",0.000583427986576194,-0.00841610072138423,-0.00258166919118953,"ASV_4988","no_hit","unknown","unknown","unknown","unknown","g_","s_"
"4739","ASV_4989",-0.000370078035064171,-0.00904466281890795,-0.00242982049014279,"ASV_4989","no_hit","unknown","Chrysophyceae","no_hit","no_hit","no_hit","no_hit"
"4740","ASV_4990",-0.000850435009084512,0.00212497368536701,-0.0014003637382528,"ASV_4990","no_hit","Dinophyceae","Dinophyceae","Syndiniales","no_hit","no_hit","no_hit"
"4741","ASV_4991",0.000526411182247574,-0.00345254643945903,-0.000521770914990667,"ASV_4991","no_hit","no_hit","no_hit","no_hit","no_hit","no_hit","no_hit"
"4742","ASV_4992",-0.000533394543872705,-0.002948582915166,-5.64580385639825e-05,"ASV_4992","no_hit","Euglenozoa","unknown","Diplonemea","unknown","unknown","s_"
"4743","ASV_4993",-0.000536351957582664,-0.000657965143590449,0.000820565011236202,"ASV_4993","no_hit","unknown","Polycystinea","no_hit","no_hit","no_hit","no_hit"
"4744","ASV_4994",0.00106737193941277,-0.00253113283442984,-0.000420693362144467,"ASV_4994","no_hit","Dinophyceae","Dinophyceae","no_hit","no_hit","no_hit","no_hit"
"4745","ASV_4996",0.000328746472038345,-0.00916036523124671,-0.00270904181987983,"ASV_4996","no_hit","no_hit","no_hit","no_hit","no_hit","no_hit","no_hit"
"4746","ASV_4997",0.000740795344039409,-0.00432750646302108,-0.00140941639178641,"ASV_4997","no_hit","no_hit","no_hit","no_hit","no_hit","no_hit","no_hit"
"4747","ASV_4999",0.00121021732650025,-2.8704356030027e-05,-0.000688009059854507,"ASV_4999","no_hit","Cercozoa","Thecofilosea","Cryomonadida","Protaspidae","g_","s_"
"4748","ASV_5000",0.00100295702423862,0.00365550846066143,-0.00177520329951958,"ASV_5000","no_hit","unknown","unknown","unknown","unknown","g_","s_"
"4749","ASV_5001",0.0037915216125442,0.00320475876088731,-0.00122505926574081,"ASV_5001","no_hit","unknown","Bolidophyceae","Parmales","Triparmaceae","g_","s_"
"4750","ASV_5004",-0.000200070846683929,-0.00492284461569379,-0.00105562225321851,"ASV_5004","no_hit","unknown","Polycystinea","no_hit","no_hit","no_hit","no_hit"
"4751","ASV_5007",0.00142440543333918,-0.00229947284694133,-0.00213997731402614,"ASV_5007","no_hit","Dinophyceae","Dinophyceae","Syndiniales","Eudubosquellidae","g_","s_"
"4752","ASV_5008",0.000497613704946018,-0.00235371978394757,-0.000196435283275026,"ASV_5008","no_hit","Dinophyceae","Dinophyceae","no_hit","no_hit","no_hit","s_"
"4753","ASV_5009",0.0023759377769798,-0.00198699814851951,-0.000881076727769915,"ASV_5009","no_hit","Dinophyceae","Dinophyceae","no_hit","no_hit","g_","s_"
"4754","ASV_5010",0.00104407930075623,-0.00976785611985323,-0.00313012904797717,"ASV_5010","no_hit","Dinophyceae","Dinophyceae","Syndiniales","no_hit","no_hit","no_hit"
"4755","ASV_5011",0.000457185589366712,-0.0022514327253432,-0.00244824664345281,"ASV_5011","no_hit","Dinophyceae","Dinophyceae","Syndiniales","Amoebophryaceae","g_","s_"
"4756","ASV_5012",-0.000542410902986551,-0.00426420569451227,-0.000571526391533749,"ASV_5012","no_hit","unknown","Acantharea","Chaunacanthida","unknown","g_","s_"
"4757","ASV_5013",-0.00235652799483528,0.000404457430690195,-0.00104566129354061,"ASV_5013","no_hit","Haptophyta","unknown","Zygodiscales","Braarudosphaeraceae","Braarudosphaera","Braarudosphaera bigelowii"
"4758","ASV_5014",0.00291830257897757,-0.00158169736550623,-0.00111149286767686,"ASV_5014","no_hit","Dinophyceae","Dinophyceae","no_hit","no_hit","g_","s_"
"4759","ASV_5018",-0.000530389431862955,0.0016578841392153,0.0017493497758874,"ASV_5018","no_hit","Ciliophora","Oligohymenophorea","Apostomatida","Colliniidae","g_","s_"
"4760","ASV_5020",-0.00138037614562749,0.000493987115962466,-0.00589146714840183,"ASV_5020","no_hit","Dinophyceae","Dinophyceae","Gymnodiniales","Gymnodiniaceae","g_","s_"
"4761","ASV_5021",-0.00415563458702253,0.000696445892477333,-0.00450611803261919,"ASV_5021","no_hit","unknown","Cryptophyceae","Pyrenomonadales","Geminigeraceae","g_","s_"
"4762","ASV_5022",9.66647768486e-06,-0.00577209543150992,-0.00116632974112049,"ASV_5022","no_hit","unknown","unknown","unknown","unknown","g_","s_"
"4763","ASV_5023",-0.000255617973549992,-0.000256109667470465,0.00129897405771725,"ASV_5023","no_hit","Dinophyceae","Dinophyceae","Gymnodiniales","Warnowiaceae","g_","s_"
"4764","ASV_5024",4.64249029834149e-06,-3.35606085488148e-05,0.000739191229733537,"ASV_5024","Metazoa","Cnidaria","Hydrozoa","Siphonophorae","Diphyidae","no_hit","no_hit"
"4765","ASV_5025",0.00295903184836676,-0.00934059620417882,-0.0045531584430656,"ASV_5025","no_hit","unknown","unknown","unknown","unknown","g_","s_"
"4766","ASV_5027",-0.000760774001394183,0.000581483508211394,0.000846531414941144,"ASV_5027","no_hit","Ciliophora","Spirotrichea","Sporadotrichida","Oxytrichidae","g_","s_"
"4767","ASV_5028",0.00329319187907314,-0.000713384855409458,-0.00094442475669584,"ASV_5028","no_hit","unknown","unknown","unknown","unknown","g_","s_"
"4768","ASV_5029",-0.000958294886808316,0.00017400973502082,0.000485141237017968,"ASV_5029","no_hit","Ciliophora","no_hit","no_hit","no_hit","no_hit","no_hit"
"4769","ASV_5030",0.000192068719640256,-0.0016760862013698,8.74707839482719e-05,"ASV_5030","Viridiplantae","Chlorophyta","no_hit","no_hit","no_hit","g_","s_"
"4770","ASV_5031",-0.000109454685183866,-0.00852600692782976,-0.00222002068491514,"ASV_5031","no_hit","Dinophyceae","Dinophyceae","Syndiniales","Amoebophryaceae","Amoebophrya","s_"
"4771","ASV_5032",0.00086949288209663,-0.00200664596185003,-0.00142442622084811,"ASV_5032","no_hit","no_hit","no_hit","no_hit","no_hit","no_hit","no_hit"
"4772","ASV_5034",0.000535236168764147,-0.00473904312259475,-0.00133971476727587,"ASV_5034","no_hit","unknown","unknown","unknown","unknown","unknown","s_"
"4773","ASV_5036",0.000302704408050446,-0.00763181031818876,-0.00236890493208728,"ASV_5036","no_hit","no_hit","no_hit","no_hit","no_hit","no_hit","no_hit"
"4774","ASV_5037",0.000899961395635837,-0.00516896759499911,-0.00178719188908157,"ASV_5037","no_hit","unknown","Bolidophyceae","Parmales","Triparmaceae","no_hit","no_hit"
"4775","ASV_5039",-0.000113988585995341,-0.0125860543912455,-0.00382575238108529,"ASV_5039","no_hit","Dinophyceae","Dinophyceae","Syndiniales","Duboscquellidae","g_","s_"
"4776","ASV_5041",0.000803624227336988,-0.00189583086414364,-0.000423698516119099,"ASV_5041","no_hit","unknown","unknown","Pirsoniales","unknown","Pirsonia","Pirsonia punctigera"
"4777","ASV_5042",-0.00114411148164072,-0.00212819543437211,-0.00246982947413878,"ASV_5042","no_hit","unknown","unknown","Pirsoniales","unknown","g_","s_"
"4778","ASV_5043",-0.00052547541335259,-0.00100723713974873,0.000590531886805756,"ASV_5043","Metazoa","Chordata","Appendicularia","Copelata","Fritillariidae","Fritillaria <tunicates>","s_"
"4779","ASV_5044",-0.000164425793069623,-0.00134334875321433,0.000448949752429407,"ASV_5044","no_hit","unknown","Polycystinea","Spumellaria","Actinommidae","Actinomma","Actinomma boreale"
"4780","ASV_5045",-0.00446314227079788,0.00195361208719806,-0.00377559674899319,"ASV_5045","no_hit","Dinophyceae","Dinophyceae","Syndiniales","Amoebophryaceae","g_","s_"
"4781","ASV_5046",-0.000299557399910424,-0.0048953375173808,-0.000825067442899256,"ASV_5046","no_hit","Dinophyceae","Dinophyceae","no_hit","no_hit","no_hit","no_hit"
"4782","ASV_5047",-0.000553668581147668,-0.00416761170754927,-0.000543170554561217,"ASV_5047","no_hit","Dinophyceae","Dinophyceae","Syndiniales","no_hit","no_hit","no_hit"
"4783","ASV_5049",-0.00369934325751423,0.00107171964471781,-0.00194064737725925,"ASV_5049","no_hit","Ciliophora","Spirotrichea","unknown","Strombidiidae","Strombidium","Strombidium sp. JG-2011a"
"4784","ASV_5050",0.00117297872575507,0.00112151596844504,0.000830557338132454,"ASV_5050","no_hit","unknown","unknown","unknown","unknown","unknown","s_"
"4785","ASV_5051",0.00228373292264098,-0.00569426518501687,-0.00297985169973714,"ASV_5051","no_hit","Rhodophyta","Bangiophyceae","Porphyridiales","Porphyridiaceae","g_","s_"
"4786","ASV_5052",0.00142350067386315,-0.00479460549806835,-0.00196840508144465,"ASV_5052","no_hit","unknown","Polycystinea","Nassellaria","Theoperidae","g_","s_"
"4787","ASV_5053",0.000225088089130948,-0.00755377403297232,-0.0022019080184983,"ASV_5053","no_hit","Dinophyceae","Dinophyceae","Gymnodiniales","Kareniaceae","g_","s_"
"4788","ASV_5054",0.00238506374591789,-0.00450845664010561,-0.0023416460630524,"ASV_5054","no_hit","Dinophyceae","Dinophyceae","no_hit","no_hit","g_","s_"
"4789","ASV_5056",-0.00792368917498746,0.00488804087477553,-0.0118469013608308,"ASV_5056","no_hit","Dinophyceae","Dinophyceae","Peridiniales","Peridiniaceae","Scrippsiella","no_hit"
"4790","ASV_5058",-0.00173458357842709,0.00249334465371575,-0.0039096272861628,"ASV_5058","Viridiplantae","Chlorophyta","Mamiellophyceae","Dolichomastigales","Crustomastigaceae","g_","s_"
"4791","ASV_5059",0.00327631338677938,-0.00412464209142735,-0.00211011764514207,"ASV_5059","no_hit","no_hit","no_hit","no_hit","no_hit","g_","s_"
"4792","ASV_5060",0.00150890031704644,-0.00877396536123972,-0.00295893301081631,"ASV_5060","no_hit","Imbricatea","unknown","Thaumatomonadida","Thaumatomastigidae","g_","s_"
"4793","ASV_5063",0.00188338391576771,-0.00130945456237616,-0.00118348154989432,"ASV_5063","no_hit","Dinophyceae","Dinophyceae","Gymnodiniales","Kareniaceae","Karlodinium","no_hit"
"4794","ASV_5065",0.00297215268262961,-0.00314680448571113,-0.00235875748830893,"ASV_5065","no_hit","unknown","unknown","unknown","unknown","g_","s_"
"4795","ASV_5066",0.00228957357057555,-0.00815248903058781,-0.00316291141955786,"ASV_5066","no_hit","unknown","Polycystinea","no_hit","no_hit","no_hit","s_"
"4796","ASV_5067",0.0013940441174376,0.00106640188494884,0.000531629478866281,"ASV_5067","no_hit","no_hit","no_hit","no_hit","no_hit","g_","s_"
"4797","ASV_5069",-0.000482077517272617,0.000507695818662487,0.00125180507268105,"ASV_5069","no_hit","no_hit","no_hit","no_hit","no_hit","g_","s_"
"4798","ASV_5070",0.00168235308420737,-0.0118992829239077,-0.00448028097953495,"ASV_5070","no_hit","unknown","unknown","unknown","unknown","g_","s_"
"4799","ASV_5072",0.000503086264109341,-0.00673441731285422,-0.00187091657383543,"ASV_5072","no_hit","no_hit","no_hit","no_hit","no_hit","g_","s_"
"4800","ASV_5073",-0.000519709006771414,-0.000560483818860557,0.000843118188283338,"ASV_5073","no_hit","unknown","Polycystinea","Spumellaria","Actinommidae","Hexacontium","no_hit"
"4801","ASV_5074",0.00311510765971255,-0.00321900985279782,-0.00184766782321172,"ASV_5074","no_hit","Dinophyceae","Dinophyceae","Syndiniales","Amoebophryaceae","g_","s_"
"4802","ASV_5075",0.00277381749213897,0.00417116420192254,-0.00264784936110665,"ASV_5075","no_hit","Imbricatea","unknown","Marimonadida","unknown","g_","s_"
"4803","ASV_5077",-0.000628306913871224,0.00295771691678946,-0.00208624828938027,"ASV_5077","no_hit","Dinophyceae","Dinophyceae","no_hit","no_hit","no_hit","s_"
"4804","ASV_5081",0.000999307837045685,-0.0111603476631455,-0.00396256690935734,"ASV_5081","no_hit","unknown","Bigyra","Oblongichytrida","unknown","g_","s_"
"4805","ASV_5082",-8.59737418627771e-05,-0.00433884410805369,-0.000655871355651844,"ASV_5082","no_hit","unknown","unknown","unknown","unknown","g_","s_"
"4806","ASV_5083",0.00417976618074241,0.001038701212146,-0.000905517762426245,"ASV_5083","Fungi","Mucoromycota","no_hit","no_hit","no_hit","no_hit","s_"
"4807","ASV_5085",0.00096780108839984,-2.6489270898198e-05,0.0002659694909083,"ASV_5085","no_hit","Haptophyta","no_hit","no_hit","no_hit","g_","s_"
"4808","ASV_5086",0.00119596916130349,0.000109278358472501,-0.000300836993444871,"ASV_5086","no_hit","Dinophyceae","Dinophyceae","Peridiniales","Peridiniaceae","g_","s_"
"4809","ASV_5087",-0.00046137586162928,0.000934788475967901,0.00140658958745127,"ASV_5087","no_hit","Euglenozoa","unknown","Diplonemea","unknown","g_","s_"
"4810","ASV_5088",-0.00040875964682683,-0.000391225289654913,0.000803012861435415,"ASV_5088","no_hit","no_hit","no_hit","no_hit","no_hit","no_hit","s_"
"4811","ASV_5089",0.00078208087989321,-0.00344700030201773,-0.00133575466612495,"ASV_5089","no_hit","Dinophyceae","Dinophyceae","Blastodiniales","unknown","g_","s_"
"4812","ASV_5092",0.000388286991463088,-0.0033116174536289,-0.000557043078763288,"ASV_5092","unassigned","unassigned","unassigned","unassigned","unassigned","unassigned","s_"
"4813","ASV_5093",-0.000562390159699835,-0.00157617194052293,0.0004659084061476,"ASV_5093","no_hit","Dinophyceae","Dinophyceae","no_hit","no_hit","no_hit","no_hit"
"4814","ASV_5094",0.00163928194860183,-0.0100317262604869,-0.00380655991890392,"ASV_5094","no_hit","Dinophyceae","Dinophyceae","Syndiniales","Amoebophryaceae","g_","s_"
"4815","ASV_5095",0.000623330952399614,-0.0114669730962773,-0.00345242669064851,"ASV_5095","Viridiplantae","Chlorophyta","no_hit","no_hit","no_hit","no_hit","s_"
"4816","ASV_5096",-0.000549968588865705,-0.000782175534379952,0.000772575108226564,"ASV_5096","no_hit","no_hit","no_hit","no_hit","no_hit","no_hit","s_"
"4817","ASV_5099",0.000285262891957581,-0.00781426876384847,-0.00217071303984663,"ASV_5099","no_hit","unknown","unknown","unknown","unknown","g_","s_"
"4818","ASV_5100",0.000375040821216956,-0.00113988305356837,0.000296324683206121,"ASV_5100","no_hit","Bacillariophyta","Mediophyceae","Eupodiscales","Odontellaceae","Odontella","Odontella aurita"
"4819","ASV_5101",0.00113799678419449,-0.00978245571061516,-0.00299239732970534,"ASV_5101","no_hit","no_hit","no_hit","no_hit","no_hit","no_hit","no_hit"
"4820","ASV_5102",-0.000102981471984333,-0.00471815158014129,-0.0007750235917907,"ASV_5102","no_hit","no_hit","no_hit","no_hit","no_hit","no_hit","no_hit"
"4821","ASV_5104",0.00105320787018049,-0.00155609151255061,-0.000265450937769077,"ASV_5104","no_hit","Ciliophora","Spirotrichea","no_hit","no_hit","no_hit","s_"
"4822","ASV_5105",-0.00332966346696262,0.00127426573218075,-0.00207019299622857,"ASV_5105","no_hit","unknown","unknown","unknown","unknown","unknown","uncultured marine eukaryote"
"4823","ASV_5106",0.00164411704991484,-0.00214529157722516,-0.00155672115745308,"ASV_5106","no_hit","Dinophyceae","Dinophyceae","no_hit","no_hit","no_hit","no_hit"
"4824","ASV_5108",0.00316320393765859,-0.00920324374871774,-0.00366421118732646,"ASV_5108","no_hit","Dinophyceae","Dinophyceae","Syndiniales","no_hit","no_hit","s_"
"4825","ASV_5109",0.000229905012484295,-0.00296430974437418,-0.00199811151283719,"ASV_5109","no_hit","unknown","unknown","unknown","unknown","g_","s_"
"4826","ASV_5110",0.000187470645435298,-0.00347223589416225,-0.00050052346068283,"ASV_5110","no_hit","Dinophyceae","Dinophyceae","no_hit","no_hit","g_","s_"
"4827","ASV_5111",0.000587773587641128,-0.0103559683692459,-0.00314584048643513,"ASV_5111","no_hit","no_hit","no_hit","no_hit","no_hit","g_","s_"
"4828","ASV_5114",0.000735415425590594,-0.00199007511810509,-0.0015927701472064,"ASV_5114","no_hit","unknown","unknown","unknown","unknown","g_","s_"
"4829","ASV_5116",0.00226621220685007,-0.000477883873842891,-0.00232834999684632,"ASV_5116","no_hit","Dinophyceae","Dinophyceae","Gonyaulacales","Amphidomataceae","g_","s_"
"4830","ASV_5117",0.00097386811997618,-3.61885251950971e-05,0.000323411799597997,"ASV_5117","no_hit","no_hit","no_hit","no_hit","no_hit","g_","s_"
"4831","ASV_5118",-0.000232237129954019,-0.00271727655565212,-0.000280721877841019,"ASV_5118","no_hit","unknown","unknown","unknown","unknown","g_","s_"
"4832","ASV_5119",-0.000130151623072242,-0.00362326572799545,-0.000351470507037415,"ASV_5119","no_hit","Euglenozoa","unknown","Diplonemea","unknown","unknown","Diplonemida sp. 1sb RG-2016"
"4833","ASV_5121",0.00191508045707542,-0.0098853098269774,-0.00308001104093025,"ASV_5121","Viridiplantae","Chlorophyta","Chlorophyceae","Chlamydomonadales","no_hit","g_","s_"
"4834","ASV_5122",-0.000586633553188254,0.00116813959869715,0.00154127596536075,"ASV_5122","no_hit","unknown","Polycystinea","no_hit","no_hit","no_hit","no_hit"
"4835","ASV_5123",-0.000534862656587364,0.000257108797282461,0.00118892149178616,"ASV_5123","no_hit","unknown","Polycystinea","Collodaria","Sphaerozoidae","no_hit","no_hit"
"4836","ASV_5125",-0.000687906606403834,-2.54730045134743e-05,0.000820718848427858,"ASV_5125","no_hit","no_hit","no_hit","no_hit","no_hit","no_hit","s_"
"4837","ASV_5126",0.000253843120691837,-0.00391324523867604,-0.000614442711627723,"ASV_5126","no_hit","Dinophyceae","Dinophyceae","no_hit","no_hit","no_hit","no_hit"
"4838","ASV_5127",0.000580415867157783,-0.00219225604123895,-0.000700417246590585,"ASV_5127","no_hit","Dinophyceae","Dinophyceae","Syndiniales","Amoebophryaceae","Amoebophrya","s_"
"4839","ASV_5129",-0.000433958392149944,-0.00150492245378276,0.000469551216545636,"ASV_5129","no_hit","unknown","unknown","unknown","unknown","g_","s_"
"4840","ASV_5130",-0.00013730140804047,-0.00236338156412489,-0.000104185535859663,"ASV_5130","no_hit","Ciliophora","Colpodea","unknown","unknown","g_","s_"
"4841","ASV_5133",0.00256967149149225,0.00255029461116881,0.000650187358847379,"ASV_5133","no_hit","Bacillariophyta","Coscinodiscophyceae","Leptocylindrales","Leptocylindraceae","Leptocylindrus","no_hit"
"4842","ASV_5135",-0.00136503775029748,-0.000901908638257178,-0.00343304604256399,"ASV_5135","no_hit","unknown","Pelagophyceae","Pelagomonadales","unknown","Aureococcus","Aureococcus anophagefferens"
"4843","ASV_5136",-0.000341862525096111,-0.00489049233355846,-0.000865083400582252,"ASV_5136","no_hit","Dinophyceae","Dinophyceae","Syndiniales","Amoebophryaceae","g_","s_"
"4844","ASV_5137",-0.000622957097708797,-0.00308238715599833,-7.36446452838714e-05,"ASV_5137","no_hit","Dinophyceae","Dinophyceae","Coccidiniales","Chytriodiniaceae","g_","s_"
"4845","ASV_5138",-0.000205243311310271,-0.00594260027281806,-0.00120930801830836,"ASV_5138","no_hit","unknown","unknown","unknown","unknown","g_","s_"
"4846","ASV_5139",-0.00131331430499559,0.0012133501373952,0.00178765715828619,"ASV_5139","no_hit","Dinophyceae","Dinophyceae","Gymnodiniales","Gymnodiniaceae","g_","s_"
"4847","ASV_5141",0.00158981876762064,0.00148678955461276,0.000285342379019979,"ASV_5141","no_hit","Dinophyceae","Dinophyceae","no_hit","no_hit","g_","s_"
"4848","ASV_5142",0.000587173427629958,0.000736395666635357,-0.00184676700397989,"ASV_5142","no_hit","unknown","Dictyochophyceae","Rhizochromulinales","unknown","g_","s_"
"4849","ASV_5143",0.00149028872610583,-0.00113332531913477,-0.00256557313659,"ASV_5143","no_hit","unknown","unknown","unknown","unknown","unknown","s_"
"4850","ASV_5144",0.000925162184268315,-0.00150914437219387,-0.00120420627331672,"ASV_5144","no_hit","unknown","unknown","unknown","unknown","g_","s_"
"4851","ASV_5145",0.00269241126074926,-0.00319695757536996,-0.0024757022318716,"ASV_5145","no_hit","no_hit","no_hit","no_hit","no_hit","g_","s_"
"4852","ASV_5146",-0.000480708080199147,0.00091679315246968,0.00142780242161575,"ASV_5146","no_hit","Dinophyceae","Dinophyceae","Syndiniales","no_hit","g_","s_"
"4853","ASV_5148",0.000808997494771925,-0.0115907909178951,-0.0038395113387576,"ASV_5148","no_hit","no_hit","no_hit","no_hit","no_hit","no_hit","s_"
"4854","ASV_5149",-5.96738232579617e-05,-0.00339994807175214,-0.000594560465253302,"ASV_5149","no_hit","unknown","unknown","unknown","unknown","g_","s_"
"4855","ASV_5151",0.00215496748650972,-0.00539100876626177,-0.00220072721374439,"ASV_5151","no_hit","Dinophyceae","Dinophyceae","Syndiniales","Amoebophryaceae","g_","s_"
"4856","ASV_5152",0.00496008625194465,0.0011690988211247,-0.00122159679428678,"ASV_5152","no_hit","Endomyxa","Ascetosporea","Haplosporida","unknown","g_","s_"
"4857","ASV_5153",0.000422630797356428,-0.00253145161951674,-0.000112099292473991,"ASV_5153","no_hit","unknown","Bigyra","Nanomonadea","unknown","g_","s_"
"4858","ASV_5154",0.00189862156890423,-0.00762365215892693,-0.00350510904818125,"ASV_5154","no_hit","Dinophyceae","Dinophyceae","Syndiniales","Amoebophryaceae","g_","s_"
"4859","ASV_5156",-0.000449949813938872,-0.0017368359574254,0.000522507730724469,"ASV_5156","no_hit","unknown","Polycystinea","no_hit","no_hit","no_hit","no_hit"
"4860","ASV_5157",0.0018561833145473,-0.00587677435842237,-0.00206262652339333,"ASV_5157","no_hit","Dinophyceae","Dinophyceae","Peridiniales","Heterocapsaceae","g_","s_"
"4861","ASV_5158",0.00149813021684796,-0.011890293205536,-0.00413800273688654,"ASV_5158","no_hit","Dinophyceae","Dinophyceae","Syndiniales","no_hit","no_hit","no_hit"
"4862","ASV_5159",-0.00294549773515225,0.00300609455552072,-0.00353400706708037,"ASV_5159","no_hit","unknown","unknown","unknown","unknown","g_","s_"
"4863","ASV_5162",-0.00095443325840459,-1.64306964110425e-05,0.000408733323632685,"ASV_5162","no_hit","no_hit","no_hit","no_hit","no_hit","g_","s_"
"4864","ASV_5163",0.00156608380594638,-0.00588942005958768,-0.00244875956025395,"ASV_5163","no_hit","no_hit","no_hit","no_hit","no_hit","g_","s_"
"4865","ASV_5164",-0.00395159525683841,0.00117909186710221,-0.00271149235444428,"ASV_5164","no_hit","Ciliophora","Spirotrichea","Tintinnida","Codonellidae","Tintinnopsis","Tintinnopsis sp. JG-2011a"
"4866","ASV_5165",-4.8349897397113e-05,0.00132579918782069,0.000270004153143371,"ASV_5165","no_hit","Bacillariophyta","Bacillariophyceae","Bacillariales","Bacillariaceae","Pseudo-nitzschia","no_hit"
"4867","ASV_5166",0.001915341875694,-0.00377008228749931,-0.0014868790982821,"ASV_5166","no_hit","no_hit","no_hit","no_hit","no_hit","no_hit","no_hit"
"4868","ASV_5169",-0.00052116922989081,-0.000311774474547629,0.000952190912211371,"ASV_5169","no_hit","unknown","unknown","unknown","unknown","unknown","Uncultured marine alveolate Group II DH147-EKD3"
"4869","ASV_5170",-0.00103645009351519,0.000528826254267823,-0.00144742166015683,"ASV_5170","no_hit","Dinophyceae","Dinophyceae","unknown","unknown","g_","s_"
"4870","ASV_5171",6.99310487439105e-05,-0.0049230946029083,-0.000924693509695936,"ASV_5171","no_hit","Dinophyceae","Dinophyceae","Syndiniales","no_hit","g_","s_"
"4871","ASV_5172",0.000835360539147331,-0.000239470142501449,-0.00169520901821451,"ASV_5172","no_hit","no_hit","no_hit","no_hit","no_hit","g_","s_"
"4872","ASV_5173",0.000442927074171086,-0.00396940589571832,-0.000945580801526166,"ASV_5173","no_hit","Dinophyceae","Dinophyceae","Syndiniales","Amoebophryaceae","g_","s_"
"4873","ASV_5177",-0.000524435635927567,-0.00117313214730493,0.000605589963420928,"ASV_5177","no_hit","unknown","Acantharea","Chaunacanthida","unknown","g_","s_"
"4874","ASV_5178",0.00174536630724976,-0.00337324664174892,-0.00182109744098183,"ASV_5178","no_hit","Euglenozoa","unknown","Diplonemea","unknown","g_","s_"
"4875","ASV_5179",0.00231104905381125,-0.00510686058910801,-0.00172101823291796,"ASV_5179","no_hit","unknown","unknown","unknown","unknown","g_","s_"
"4876","ASV_5180",0.00217565451989112,0.00246241462742078,0.000272458160762822,"ASV_5180","no_hit","no_hit","no_hit","no_hit","no_hit","g_","s_"
"4877","ASV_5181",-0.000505852878593663,0.000240159162751658,0.00116441795155747,"ASV_5181","no_hit","Dinophyceae","Dinophyceae","no_hit","no_hit","no_hit","no_hit"
"4878","ASV_5187",-0.000681650697055374,-0.0060060322426389,-0.00121419537675407,"ASV_5187","no_hit","unknown","Cryptophyceae","Pyrenomonadales","Geminigeraceae","g_","s_"
"4879","ASV_5188",0.00127416352215686,-0.0073284502656417,-0.00310640612826583,"ASV_5188","no_hit","unknown","unknown","unknown","unknown","g_","s_"
"4880","ASV_5189",-8.40571205728852e-05,-0.00275424845038523,-0.000141108012190414,"ASV_5189","no_hit","unknown","unknown","unknown","unknown","unknown","s_"
"4881","ASV_5191",0.00160135424663215,0.00219062987251492,0.000251515897629431,"ASV_5191","no_hit","Dinophyceae","Dinophyceae","Syndiniales","Amoebophryaceae","g_","s_"
"4882","ASV_5192",0.00178723078263455,-0.00709277290476392,-0.00250915033301324,"ASV_5192","no_hit","Dinophyceae","Dinophyceae","Syndiniales","no_hit","g_","s_"
"4883","ASV_5193",0.00109940850708128,-0.00613598432419814,-0.00272903551809965,"ASV_5193","no_hit","Dinophyceae","Dinophyceae","Syndiniales","no_hit","no_hit","no_hit"
"4884","ASV_5194",-0.000558286984087045,-0.00103660254490533,0.000724351778383361,"ASV_5194","no_hit","unknown","unknown","unknown","unknown","g_","s_"
"4885","ASV_5195",0.00185922814720971,-0.00697793645321865,-0.00296881119498965,"ASV_5195","no_hit","Dinophyceae","Dinophyceae","Syndiniales","Amoebophryaceae","g_","s_"
"4886","ASV_5197",-0.00010025003974451,-0.000758563610569641,-0.00096335398723255,"ASV_5197","no_hit","Dinophyceae","Dinophyceae","Syndiniales","Amoebophryaceae","g_","s_"
"4887","ASV_5198",0.00234815875203168,-0.00156161531745563,-0.000957395883066534,"ASV_5198","no_hit","no_hit","no_hit","no_hit","no_hit","no_hit","no_hit"
"4888","ASV_5199",-0.000531115436258357,-0.000812766848882753,0.000758532849652498,"ASV_5199","no_hit","unknown","unknown","unknown","unknown","g_","s_"
"4889","ASV_5201",-0.000400363192105061,-0.00260683921855501,-6.71721623047341e-06,"ASV_5201","no_hit","Dinophyceae","Dinophyceae","no_hit","no_hit","no_hit","no_hit"
"4890","ASV_5202",-0.00045938802360664,-0.00411491570404669,-0.0005228683729332,"ASV_5202","no_hit","Euglenozoa","unknown","Diplonemea","unknown","g_","s_"
"4891","ASV_5203",-0.000484682549480242,0.000974449006458588,0.00144704646381528,"ASV_5203","no_hit","Euglenozoa","unknown","Diplonemea","no_hit","no_hit","no_hit"
"4892","ASV_5205",-0.00317477948483706,0.00162620119363468,-0.00250145956386863,"ASV_5205","no_hit","unknown","unknown","unknown","unknown","unknown","s_"
"4893","ASV_5206",-6.58603332529055e-05,-0.0087494949770983,-0.00232079721945338,"ASV_5206","no_hit","Dinophyceae","Dinophyceae","Syndiniales","Eudubosquellidae","g_","s_"
"4894","ASV_5207",0.00118407700307976,-0.00886666781233216,-0.00319430412168664,"ASV_5207","no_hit","no_hit","no_hit","no_hit","no_hit","g_","s_"
"4895","ASV_5208",-7.97622854658529e-05,-0.00374135709681587,-0.000531278909504821,"ASV_5208","no_hit","unknown","Acantharea","Chaunacanthida","unknown","g_","s_"
"4896","ASV_5209",-0.00059130853514428,-0.00144653314697154,0.000525444387363368,"ASV_5209","no_hit","unknown","Polycystinea","Spumellaria","Actinommidae","Hexacontium","no_hit"
"4897","ASV_5210",0.00110918768401073,-0.000897855506503165,-0.00201146128615485,"ASV_5210","no_hit","no_hit","no_hit","no_hit","no_hit","no_hit","no_hit"
"4898","ASV_5212",-0.00164284658622866,0.000629733392218746,-0.000420933363157732,"ASV_5212","Metazoa","Arthropoda","Hexanauplia","Calanoida","Paracalanidae","Paracalanus","s_"
"4899","ASV_5213",0.00597062426747016,0.00214574705675311,-0.00115929187272152,"ASV_5213","no_hit","unknown","Bigyra","Nanomonadea","unknown","g_","s_"
"4900","ASV_5214",0.00469724709270641,0.00211864164927677,-0.000659982218632227,"ASV_5214","no_hit","Bacillariophyta","Bacillariophyceae","Cocconeidales","Achnanthidiaceae","g_","s_"
"4901","ASV_5215",0.000128300101999455,-0.00247724719716484,-0.000516108275309446,"ASV_5215","no_hit","Dinophyceae","Dinophyceae","Syndiniales","Syndiniaceae","g_","s_"
"4902","ASV_5216",-0.00183701301005327,-0.000750136357928243,-0.00203131644795843,"ASV_5216","no_hit","no_hit","no_hit","no_hit","no_hit","no_hit","no_hit"
"4903","ASV_5217",-0.000334229209366177,-0.00571477619159351,-0.00112774257391557,"ASV_5217","no_hit","no_hit","no_hit","no_hit","no_hit","g_","s_"
"4904","ASV_5218",0.000331852026846926,-0.000454620572472911,0.000323599095560684,"ASV_5218","no_hit","unknown","Cryptophyceae","Cyathomonadacea","Goniomonadaceae","g_","s_"
"4905","ASV_5219",0.00147522864519128,-0.00597663711535845,-0.00245789221499485,"ASV_5219","no_hit","Dinophyceae","Dinophyceae","no_hit","no_hit","g_","s_"
"4906","ASV_5220",0.00126336272447721,-0.00342721594200214,-0.000816800157397032,"ASV_5220","no_hit","Dinophyceae","Dinophyceae","no_hit","no_hit","no_hit","no_hit"
"4907","ASV_5221",0.000726246577500583,-0.00708329137818409,-0.00213092788598702,"ASV_5221","no_hit","Dinophyceae","Dinophyceae","no_hit","no_hit","g_","s_"
"4908","ASV_5222",-0.000352360502862719,-0.00244411633116887,-3.58536551949508e-05,"ASV_5222","no_hit","no_hit","no_hit","no_hit","no_hit","no_hit","s_"
"4909","ASV_5224",0.00194064192570901,-0.00339917055746807,-0.00223734748222766,"ASV_5224","no_hit","no_hit","no_hit","no_hit","no_hit","no_hit","no_hit"
"4910","ASV_5230",-0.000312743429472251,-0.00160075634516522,0.000448152155948918,"ASV_5230","no_hit","no_hit","no_hit","no_hit","no_hit","no_hit","s_"
"4911","ASV_5231",0.00179134169559712,-0.000697067435353843,-0.000618103121415904,"ASV_5231","no_hit","Ciliophora","no_hit","no_hit","no_hit","no_hit","s_"
"4912","ASV_5232",0.00403435172788126,0.00374160211600507,0.000429241669445915,"ASV_5232","no_hit","Foraminifera","unknown","Rotaliida","Pseudoparrellidae","Epistominella","s_"
"4913","ASV_5233",-0.00216329067321749,-0.00030323166579926,2.41181133973382e-05,"ASV_5233","no_hit","Dinophyceae","Dinophyceae","no_hit","no_hit","g_","s_"
"4914","ASV_5234",0.0026162091046319,0.000106243722236507,-0.000488215799886749,"ASV_5234","no_hit","Dinophyceae","Dinophyceae","no_hit","no_hit","no_hit","no_hit"
"4915","ASV_5235",0.000806452946365799,-0.0110576871959395,-0.00379617351973123,"ASV_5235","no_hit","Dinophyceae","Dinophyceae","Syndiniales","Amoebophryaceae","g_","s_"
"4916","ASV_5236",0.000961106196111022,0.00116862261403643,-0.00126067991281351,"ASV_5236","no_hit","no_hit","no_hit","no_hit","no_hit","g_","s_"
"4917","ASV_5237",-0.000469812156432465,-0.005727892794824,-0.00115414019350504,"ASV_5237","no_hit","unknown","Polycystinea","Spumellaria","Actinommidae","Hexacontium","s_"
"4918","ASV_5238",-0.000480088903185866,0.00116216096841234,0.00151947297231877,"ASV_5238","no_hit","unknown","Polycystinea","Spumellaria","Rhizosphaeridae","g_","s_"
"4919","ASV_5241",-0.00276193099258318,0.000176601412837157,-0.0048007625369152,"ASV_5241","no_hit","no_hit","no_hit","no_hit","no_hit","g_","s_"
"4920","ASV_5244",-0.000717529758298952,-4.16686279604456e-05,0.000796532143714875,"ASV_5244","Metazoa","Annelida","Polychaeta","unknown","Protodrilidae","g_","s_"
"4921","ASV_5246",0.00262229422148729,-0.000975023132256617,-0.00100618573778537,"ASV_5246","no_hit","Dinophyceae","Dinophyceae","Syndiniales","Amoebophryaceae","g_","s_"
"4922","ASV_5247",-0.000440321122043221,-0.00311467129374415,-0.00014387867662952,"ASV_5247","no_hit","Euglenozoa","unknown","Diplonemea","no_hit","no_hit","no_hit"
"4923","ASV_5252",0.00088223318240753,0.00142565348026781,-0.0003430095613524,"ASV_5252","no_hit","Dinophyceae","Dinophyceae","Syndiniales","Amoebophryaceae","g_","s_"
"4924","ASV_5254",0.00491693090628854,6.58257721953212e-05,-0.00142802463620398,"ASV_5254","no_hit","no_hit","no_hit","no_hit","no_hit","g_","s_"
"4925","ASV_5255",7.34893266020572e-05,-0.0025787139298186,-0.000367309285793117,"ASV_5255","Metazoa","Cnidaria","Hydrozoa","Trachymedusae","Rhopalonematidae","Pantachogon","Pantachogon haeckeli"
"4926","ASV_5256",0.00321969106357343,0.000911786080216967,-0.000294195301864889,"ASV_5256","no_hit","Cercozoa","no_hit","no_hit","no_hit","g_","s_"
"4927","ASV_5258",0.00173109349991396,-0.00352037945222896,-0.0015085959697449,"ASV_5258","no_hit","unknown","Bolidophyceae","Parmales","Triparmaceae","g_","s_"
"4928","ASV_5259",-0.000881862129290298,0.000610322498892739,0.00133664843559342,"ASV_5259","no_hit","unknown","Polycystinea","no_hit","no_hit","no_hit","no_hit"
"4929","ASV_5260",0.000640660140516191,-0.00455364672908003,-0.00104372406484614,"ASV_5260","no_hit","unknown","unknown","unknown","unknown","g_","s_"
"4930","ASV_5262",0.00216182370669732,-0.000558078032545558,-0.000697885136195336,"ASV_5262","no_hit","no_hit","no_hit","no_hit","no_hit","no_hit","no_hit"
"4931","ASV_5263",-0.0049874511758311,0.000885192500804633,-0.00426620786715106,"ASV_5263","no_hit","Dinophyceae","Dinophyceae","Peridiniales","Protoperidiniaceae","g_","s_"
"4932","ASV_5264",-1.63358239658284e-05,-0.00448403827294725,-0.00109605472173995,"ASV_5264","no_hit","no_hit","no_hit","no_hit","no_hit","g_","s_"
"4933","ASV_5265",0.00429608139369204,0.00346042969264774,-8.60942136386054e-06,"ASV_5265","no_hit","Dinophyceae","Dinophyceae","Peridiniales","Peridiniaceae","g_","s_"
"4934","ASV_5266",-0.000424577070820369,5.24467173232585e-05,0.00075374067641983,"ASV_5266","no_hit","Dinophyceae","Dinophyceae","no_hit","no_hit","no_hit","no_hit"
"4935","ASV_5267",0.00186726141094338,-0.0038835308398949,-0.00156872488980183,"ASV_5267","no_hit","Dinophyceae","Dinophyceae","no_hit","no_hit","no_hit","no_hit"
"4936","ASV_5268",1.06522094436279e-05,-0.00672339799002983,-0.00156931647899708,"ASV_5268","no_hit","Dinophyceae","Dinophyceae","Syndiniales","Syndiniaceae","g_","s_"
"4937","ASV_5269",0.001862839562453,-0.000544004319545517,-0.000524654695207375,"ASV_5269","no_hit","Dinophyceae","Dinophyceae","no_hit","no_hit","g_","s_"
"4938","ASV_5271",0.00151991546697036,-0.00615505330656744,-0.00201688991866542,"ASV_5271","no_hit","no_hit","no_hit","no_hit","no_hit","g_","s_"
"4939","ASV_5273",0.000717395899624382,-0.00194249953925644,-0.000513641789396672,"ASV_5273","Metazoa","Chordata","Appendicularia","Copelata","Fritillariidae","Fritillaria <tunicates>","Fritillaria formica"
"4940","ASV_5275",0.00301661646377518,-0.00870614303548712,-0.00348785756448971,"ASV_5275","no_hit","Apicomplexa","Conoidasida","Eucoccidiorida","Eimeriidae","no_hit","s_"
"4941","ASV_5278",0.00176517775018395,-0.00500636026940603,-0.0018051982288466,"ASV_5278","no_hit","unknown","unknown","unknown","unknown","unknown","uncultured marine eukaryote"
"4942","ASV_5279",-0.000306791362215062,-0.00582226716904455,-0.00117876296538131,"ASV_5279","no_hit","unknown","Bigyra","Bicosoecida","unknown","g_","s_"
"4943","ASV_5281",-0.000290116103835858,-0.00514199687959382,-0.00140597524164085,"ASV_5281","no_hit","unknown","unknown","unknown","unknown","g_","s_"
"4944","ASV_5282",0.000478745047805334,-0.00277607938380178,-0.000645730057940027,"ASV_5282","no_hit","Dinophyceae","Dinophyceae","Syndiniales","Amoebophryaceae","g_","s_"
"4945","ASV_5283",0.000843876867427572,-0.00216062023945283,-0.000302067440645349,"ASV_5283","no_hit","unknown","unknown","unknown","unknown","g_","s_"
"4946","ASV_5285",0.000683039596981505,-0.00616345511974954,-0.00144175955938932,"ASV_5285","no_hit","Dinophyceae","Dinophyceae","Peridiniales","Protoperidiniaceae","g_","s_"
"4947","ASV_5286",-0.000989024021597358,-0.000861734337680831,-0.00404570459245188,"ASV_5286","no_hit","no_hit","no_hit","no_hit","no_hit","g_","s_"
"4948","ASV_5287",0.0057982761756853,-0.0012066053612661,-0.00265280678497976,"ASV_5287","no_hit","no_hit","no_hit","no_hit","no_hit","g_","s_"
"4949","ASV_5288",0.00234466455191015,-0.0107107300377853,-0.00413295594157208,"ASV_5288","no_hit","unknown","unknown","unknown","unknown","g_","s_"
"4950","ASV_5290",0.000134857392569213,-0.00740401469122598,-0.00290250635898635,"ASV_5290","no_hit","Dinophyceae","Dinophyceae","Syndiniales","Amoebophryaceae","g_","s_"
"4951","ASV_5292",-0.00051574598698905,8.67502179455266e-05,0.00111419666485474,"ASV_5292","no_hit","unknown","unknown","unknown","unknown","g_","s_"
"4952","ASV_5293",0.00155669647778517,-0.00748687329910891,-0.00252790085165306,"ASV_5293","no_hit","no_hit","no_hit","no_hit","no_hit","g_","s_"
"4953","ASV_5294",0.00370073792091799,0.00121725821982682,3.65418669366694e-06,"ASV_5294","no_hit","unknown","Choanoflagellata","unknown","unknown","g_","s_"
"4954","ASV_5295",0.00147715488769181,-0.000472564250048171,-0.00029809252519508,"ASV_5295","no_hit","unknown","Bolidophyceae","Parmales","Triparmaceae","g_","s_"
"4955","ASV_5296",-0.000368221226215405,-0.000935073242416342,-0.00139451489668732,"ASV_5296","no_hit","unknown","Pelagophyceae","unknown","unknown","unknown","Pelagophyceae sp. CCMP3390"
"4956","ASV_5297",-0.00198116286313978,0.000551767699365758,-0.0006961576423573,"ASV_5297","no_hit","Bacillariophyta","Coscinodiscophyceae","Melosirales","Stephanopyxidaceae","Stephanopyxis","Stephanopyxis turris"
"4957","ASV_5298",0.00217100101476231,-0.00523600889440729,-0.00295982521315272,"ASV_5298","no_hit","unknown","Chrysophyceae","Phaeothamnales","Phaeosaccionaceae","g_","s_"
"4958","ASV_5300",-0.000248105980817143,-0.0115466655390413,-0.00340835675754493,"ASV_5300","no_hit","unknown","Dictyochophyceae","Pedinellales","unknown","g_","s_"
"4959","ASV_5303",0.00111143445487189,-0.00075102163360438,-0.000161689860240738,"ASV_5303","no_hit","unknown","unknown","unknown","unknown","g_","s_"
"4960","ASV_5304",0.000445478033044817,-0.00289919670335691,-0.000118340621762418,"ASV_5304","no_hit","unknown","unknown","unknown","unknown","g_","s_"
"4961","ASV_5305",0.000629857088040876,-0.00521550220956518,-0.00153194641719729,"ASV_5305","no_hit","no_hit","no_hit","no_hit","no_hit","no_hit","no_hit"
"4962","ASV_5306",-0.000611313778973775,-0.0043446065520992,-0.000572838606718238,"ASV_5306","no_hit","unknown","unknown","unknown","unknown","g_","s_"
"4963","ASV_5308",0.000595395688185084,0.000343730789198586,-0.00311252989503733,"ASV_5308","no_hit","no_hit","no_hit","no_hit","no_hit","g_","s_"
"4964","ASV_5310",-0.000712097631091821,-5.70392826339314e-05,0.00118926236851736,"ASV_5310","no_hit","Dinophyceae","Dinophyceae","Syndiniales","Amoebophryaceae","g_","s_"
"4965","ASV_5312",-0.00345057593877145,0.000687862051694262,-0.00261044584150851,"ASV_5312","no_hit","Dinophyceae","Dinophyceae","Syndiniales","Amoebophryaceae","g_","s_"
"4966","ASV_5313",-0.00107974816146359,-0.000795017530069475,-0.00352892179544232,"ASV_5313","no_hit","Dinophyceae","Dinophyceae","Syndiniales","Amoebophryaceae","Amoebophrya","s_"
"4967","ASV_5315",0.000311427946842846,-0.00657468677218404,-0.00181602002319592,"ASV_5315","Viridiplantae","Chlorophyta","no_hit","no_hit","no_hit","g_","s_"
"4968","ASV_5316",0.00090811389925495,-0.00453106026396491,-0.00100145678255077,"ASV_5316","no_hit","Ciliophora","Spirotrichea","Tintinnida","Tintinnidae","Salpingella","Salpingella acuminata"
"4969","ASV_5318",0.000344016924510319,-0.000744754299989896,0.000336266898606718,"ASV_5318","no_hit","unknown","Polycystinea","Nassellaria","Plagiacanthidae","g_","s_"
"4970","ASV_5320",-0.000404081688131541,-0.00121682267697639,0.000589988636862503,"ASV_5320","no_hit","Dinophyceae","Dinophyceae","Blastodiniales","unknown","Blastodinium","s_"
"4971","ASV_5321",-0.000566655078826972,0.000529247994799092,0.00130725014213875,"ASV_5321","no_hit","Dinophyceae","Dinophyceae","Syndiniales","Amoebophryaceae","g_","s_"
"4972","ASV_5324",0.00220385332311335,0.000895487242086639,-0.00078302799198317,"ASV_5324","no_hit","no_hit","no_hit","no_hit","no_hit","g_","s_"
"4973","ASV_5325",0.000104603936050004,-0.00169249699800384,-0.000175535037252999,"ASV_5325","no_hit","unknown","unknown","unknown","unknown","g_","s_"
"4974","ASV_5327",-8.69363619870915e-05,-0.00449899201760049,-0.000718551563208838,"ASV_5327","no_hit","unknown","unknown","unknown","unknown","g_","s_"
"4975","ASV_5328",0.000220509206545214,-0.00257754170063224,-0.0005681875674597,"ASV_5328","no_hit","unknown","unknown","unknown","unknown","unknown","uncultured marine picoeukaryote"
"4976","ASV_5330",-0.000519081082694631,-0.000200770550235051,0.000943341684648056,"ASV_5330","no_hit","unknown","Polycystinea","no_hit","no_hit","no_hit","no_hit"
"4977","ASV_5332",-0.000490171806039953,-0.000176525188817082,0.000943212344236729,"ASV_5332","no_hit","Dinophyceae","Dinophyceae","no_hit","no_hit","no_hit","no_hit"
"4978","ASV_5333",0.00178462755508462,-0.00195328194444138,-0.000802800749037517,"ASV_5333","no_hit","no_hit","no_hit","no_hit","no_hit","no_hit","no_hit"
"4979","ASV_5334",-0.000544162800923347,-0.00118418762494442,0.000631527606430147,"ASV_5334","no_hit","no_hit","no_hit","no_hit","no_hit","g_","s_"
"4980","ASV_5335",-0.000534836782226135,-0.00349816747478933,-0.000282591346871302,"ASV_5335","no_hit","unknown","unknown","Pirsoniales","unknown","g_","s_"
"4981","ASV_5336",0.000219646452843498,-0.0049052247355609,-0.00104846461316441,"ASV_5336","no_hit","Dinophyceae","Dinophyceae","Syndiniales","Amoebophryaceae","g_","s_"
"4982","ASV_5338",0.000276377739367058,-0.00781299164449673,-0.00221465163247186,"ASV_5338","no_hit","no_hit","no_hit","no_hit","no_hit","g_","s_"
"4983","ASV_5339",-0.000517228429763526,-0.00454962610182397,-0.000703951030119275,"ASV_5339","no_hit","unknown","Choanoflagellata","no_hit","no_hit","g_","s_"
"4984","ASV_5342",-0.000460874037301492,0.00109479762039928,0.00146657100574671,"ASV_5342","no_hit","unknown","Polycystinea","Collodaria","Sphaerozoidae","g_","s_"
"4985","ASV_5344",-0.00033320939187981,-0.000118027917702748,0.000779977691692274,"ASV_5344","no_hit","Ciliophora","Oligohymenophorea","Philasterida","Loxocephalidae","g_","s_"
"4986","ASV_5347",-0.00048956520547893,0.000389312679859572,0.00120971227637358,"ASV_5347","no_hit","unknown","Polycystinea","Nassellaria","Plagiacanthidae","g_","s_"
"4987","ASV_5348",0.0029139092999976,-0.0039576597703014,-0.00302281367021284,"ASV_5348","no_hit","Dinophyceae","Dinophyceae","Syndiniales","no_hit","no_hit","no_hit"
"4988","ASV_5349",0.000459360098766696,-0.013474924710318,-0.00438478783758162,"ASV_5349","no_hit","unknown","unknown","unknown","unknown","g_","s_"
"4989","ASV_5351",0.000830937681154486,-0.00287440842270317,-0.000887205865074015,"ASV_5351","no_hit","Dinophyceae","Dinophyceae","Syndiniales","Amoebophryaceae","g_","s_"
"4990","ASV_5353",0.00160105181811914,-0.00718080895763503,-0.00215886823796738,"ASV_5353","no_hit","unknown","Bigyra","Oblongichytrida","unknown","g_","s_"
"4991","ASV_5354",-0.00031567958209369,-0.00079883375023426,0.000743082703340754,"ASV_5354","no_hit","no_hit","no_hit","no_hit","no_hit","g_","s_"
"4992","ASV_5356",6.01398030448389e-05,-0.00984166812256499,-0.00275744881652269,"ASV_5356","no_hit","Dinophyceae","Dinophyceae","Syndiniales","no_hit","g_","s_"
"4993","ASV_5359",0.00224628981320664,-0.000522401590452657,-0.000695182545390596,"ASV_5359","no_hit","Dinophyceae","Dinophyceae","no_hit","no_hit","no_hit","no_hit"
"4994","ASV_5361",-0.000464090527928176,0.00102976800086088,0.00148476873019517,"ASV_5361","no_hit","Dinophyceae","Dinophyceae","Syndiniales","no_hit","no_hit","no_hit"
"4995","ASV_5363",0.00149805190921519,-0.0078909964720184,-0.00292017555327504,"ASV_5363","no_hit","unknown","Polycystinea","Nassellaria","Theoperidae","g_","s_"
"4996","ASV_5367",0.000800135634561101,-0.00101598432356718,-0.00020658261021784,"ASV_5367","no_hit","Dinophyceae","Dinophyceae","Syndiniales","Amoebophryaceae","g_","s_"
"4997","ASV_5373",0.00020166664960521,0.000471015525282722,0.000230611782144208,"ASV_5373","no_hit","Dinophyceae","Dinophyceae","no_hit","no_hit","no_hit","no_hit"
"4998","ASV_5375",0.00150770781559136,-0.000130506833962913,-0.00200205200833969,"ASV_5375","no_hit","no_hit","no_hit","no_hit","no_hit","g_","s_"
"4999","ASV_5377",0.0015319914862212,-0.00664892169337087,-0.00450313108568362,"ASV_5377","no_hit","Dinophyceae","Dinophyceae","Syndiniales","Duboscquellidae","g_","s_"
"5000","ASV_5383",0.00216565545315416,-0.000579527179981565,-0.000539827883991666,"ASV_5383","no_hit","Dinophyceae","Dinophyceae","unknown","unknown","g_","s_"
"5001","ASV_5386",0.001490085844781,-0.00573729642895648,-0.00193678786449627,"ASV_5386","no_hit","unknown","unknown","unknown","unknown","g_","s_"
"5002","ASV_5388",0.00239210793188652,0.00229266426558693,0.000560838699747483,"ASV_5388","no_hit","Foraminifera","unknown","Rotaliida","no_hit","no_hit","s_"
"5003","ASV_5389",0.0023762357602377,-0.00423224689942413,-0.00250409378527907,"ASV_5389","no_hit","Dinophyceae","Dinophyceae","Syndiniales","no_hit","g_","s_"
"5004","ASV_5390",-0.000475627711312684,-0.00364171517858624,-0.000388910051749395,"ASV_5390","no_hit","no_hit","no_hit","no_hit","no_hit","g_","s_"
"5005","ASV_5391",-0.0004073049173663,-0.00136188370718525,-0.0020088107526394,"ASV_5391","Metazoa","Annelida","Polychaeta","unknown","Opheliidae","no_hit","no_hit"
"5006","ASV_5393",-0.000615480874901717,-0.00439109788520194,-0.000587049639580047,"ASV_5393","no_hit","unknown","Cryptophyceae","Pyrenomonadales","Geminigeraceae","Proteomonas","s_"
"5007","ASV_5394",0.0020200176648486,0.000607797514862062,4.61734746569248e-05,"ASV_5394","no_hit","Perkinsozoa","unknown","Perkinsida","Perkinsidae","g_","s_"
"5008","ASV_5396",0.00184468051636025,-0.00170370931155603,-0.00118698299425203,"ASV_5396","no_hit","no_hit","no_hit","no_hit","no_hit","no_hit","s_"
"5009","ASV_5397",0.00124006796606436,-0.00368029425799636,-0.00253888026703202,"ASV_5397","no_hit","unknown","unknown","unknown","unknown","g_","s_"
"5010","ASV_5405",-0.000593295246248834,0.000782241416306552,0.00141886051555373,"ASV_5405","no_hit","Dinophyceae","Dinophyceae","no_hit","no_hit","no_hit","no_hit"
"5011","ASV_5406",-0.000609267387942169,-0.00266738256239806,6.8109715758427e-05,"ASV_5406","no_hit","Dinophyceae","Dinophyceae","Syndiniales","no_hit","no_hit","no_hit"
"5012","ASV_5407",-5.58312020651758e-05,-0.00542728488471215,-0.00115066963177637,"ASV_5407","no_hit","no_hit","no_hit","no_hit","no_hit","no_hit","s_"
"5013","ASV_5408",0.00256621422888714,-0.00753168378664205,-0.00304558638193451,"ASV_5408","no_hit","Dinophyceae","Dinophyceae","Peridiniales","Pfiesteriaceae","no_hit","no_hit"
"5014","ASV_5409",-0.00199462244979886,0.000661177674812485,-0.000672880894019968,"ASV_5409","no_hit","Haptophyta","unknown","Phaeocystales","Phaeocystaceae","Phaeocystis","Phaeocystis cordata"
"5015","ASV_5411",-0.000471155947020865,0.000728597605681738,0.00133193846459569,"ASV_5411","no_hit","no_hit","no_hit","no_hit","no_hit","no_hit","no_hit"
"5016","ASV_5413",4.757682457274e-05,-0.00648166957345603,-0.00174034250446041,"ASV_5413","no_hit","unknown","Chrysophyceae","no_hit","no_hit","g_","s_"
"5017","ASV_5414",0.00175884998853865,0.00102693421253637,0.000249702891698431,"ASV_5414","no_hit","Bacillariophyta","no_hit","no_hit","no_hit","no_hit","s_"
"5018","ASV_5416",0.000566846841211828,-0.00844447176988631,-0.00229539713870353,"ASV_5416","no_hit","Dinophyceae","Dinophyceae","Syndiniales","Amoebophryaceae","g_","s_"
"5019","ASV_5419",0.00253233567574363,-0.00105024768039201,-0.00105134502263073,"ASV_5419","no_hit","unknown","Cryptophyceae","Cyathomonadacea","Goniomonadaceae","g_","s_"
"5020","ASV_5421",-0.000930629113810482,-0.00274837492459726,-0.0017503685956259,"ASV_5421","no_hit","no_hit","no_hit","no_hit","no_hit","no_hit","no_hit"
"5021","ASV_5422",0.000466257908691649,-0.00116042496557105,-0.00137282226342902,"ASV_5422","no_hit","unknown","unknown","unknown","unknown","g_","s_"
"5022","ASV_5423",-2.44166564561901e-05,-0.0079902023129949,-0.00219921035348748,"ASV_5423","no_hit","Ciliophora","Spirotrichea","no_hit","no_hit","g_","s_"
"5023","ASV_5424",-0.000104930568163261,-0.000343425468408161,0.000879115396537652,"ASV_5424","no_hit","Ciliophora","Spirotrichea","unknown","Strombidiidae","Strombidium","Strombidium biarmatum"
"5024","ASV_5425",0.00055442366773384,-0.0109127527773649,-0.0034713965341874,"ASV_5425","no_hit","Dinophyceae","Dinophyceae","Syndiniales","no_hit","g_","s_"
"5025","ASV_5426",-0.000282107419170717,-0.00625610959981924,-0.00136521896228799,"ASV_5426","no_hit","Dinophyceae","Dinophyceae","Syndiniales","Duboscquellidae","g_","s_"
"5026","ASV_5427",-0.00408407170707024,0.00295727200943096,-0.00453283867123517,"ASV_5427","no_hit","unknown","unknown","unknown","unknown","unknown","uncultured marine eukaryote"
"5027","ASV_5428",0.000652459135353865,0.00155764301382883,0.000207738652738985,"ASV_5428","no_hit","Dinophyceae","Dinophyceae","unknown","unknown","Theleodinium","Theleodinium calcisporum"
"5028","ASV_5430",-7.67768448406286e-05,-0.00968801812871726,-0.00277137447979517,"ASV_5430","no_hit","no_hit","no_hit","no_hit","no_hit","g_","s_"
"5029","ASV_5432",-0.000476122584297387,-0.000191206374603909,0.000933012153830602,"ASV_5432","no_hit","no_hit","no_hit","no_hit","no_hit","g_","s_"
"5030","ASV_5433",-0.000592435215758719,-0.00201625466813657,-0.00134700252881272,"ASV_5433","no_hit","Cercozoa","Thecofilosea","Cryomonadida","no_hit","no_hit","no_hit"
"5031","ASV_5435",0.00181170946567911,-0.00842900359443503,-0.00326287181822965,"ASV_5435","no_hit","unknown","unknown","unknown","unknown","g_","s_"
"5032","ASV_5437",0.00113637189440038,-0.00625688814618749,-0.00222553140180148,"ASV_5437","no_hit","Dinophyceae","Dinophyceae","Peridiniales","Peridiniaceae","g_","s_"
"5033","ASV_5438",0.00317377906791404,0.00294527326738189,0.000479509072720929,"ASV_5438","no_hit","Euglenozoa","Euglenida","Petalomonadida","Scytomonadidae","g_","s_"
"5034","ASV_5440",0.000551061178577831,-0.00609824309803534,-0.00204856564883205,"ASV_5440","no_hit","unknown","unknown","unknown","unknown","unknown","s_"
"5035","ASV_5442",0.00141117709583166,-0.00577954718911168,-0.00219948882994314,"ASV_5442","no_hit","Dinophyceae","Dinophyceae","Peridiniales","Peridiniaceae","g_","s_"
"5036","ASV_5443",0.000696960111727432,-0.00390518609745283,-0.000914401780494839,"ASV_5443","no_hit","Dinophyceae","Dinophyceae","no_hit","no_hit","g_","s_"
"5037","ASV_5444",-0.000406419537608214,-0.000801333911584945,0.000769542545217029,"ASV_5444","no_hit","Dinophyceae","Dinophyceae","Syndiniales","no_hit","no_hit","s_"
"5038","ASV_5446",0.00185710142156273,-0.000212697744865164,-0.00204589665477446,"ASV_5446","no_hit","Ciliophora","no_hit","no_hit","no_hit","g_","s_"
"5039","ASV_5447",-0.00103727802644702,0.000881917993196769,0.0015582373941341,"ASV_5447","Metazoa","Platyhelminthes","Trematoda","Azygiida","Didymozoidae","no_hit","no_hit"
"5040","ASV_5449",-0.000546294001695147,-0.00128688085106993,0.000574409232833325,"ASV_5449","no_hit","no_hit","no_hit","no_hit","no_hit","no_hit","no_hit"
"5041","ASV_5450",4.2038374058525e-05,0.000330443466747123,0.000936797079201499,"ASV_5450","no_hit","Dinophyceae","Dinophyceae","no_hit","no_hit","g_","s_"
"5042","ASV_5453",0.000417356764786939,-0.00693936185047372,-0.00186989385899073,"ASV_5453","no_hit","Dinophyceae","Dinophyceae","Gymnodiniales","Gymnodiniaceae","g_","s_"
"5043","ASV_5454",0.000238422003182376,-0.00113609992470791,0.000307676819952656,"ASV_5454","no_hit","Dinophyceae","Dinophyceae","no_hit","no_hit","no_hit","no_hit"
"5044","ASV_5457",0.000433728374598926,-0.00956504897315828,-0.00265829394207364,"ASV_5457","no_hit","no_hit","no_hit","no_hit","no_hit","no_hit","s_"
"5045","ASV_5459",-0.000342149036993963,-0.00755348623883908,-0.00204817971493096,"ASV_5459","no_hit","no_hit","no_hit","no_hit","no_hit","g_","s_"
"5046","ASV_5460",0.00259925789702166,-0.00231730703473775,-0.00144993992686469,"ASV_5460","no_hit","unknown","unknown","unknown","Apusomonadidae","g_","s_"
"5047","ASV_5461",-0.000532620776850499,-0.00322805462151714,-0.000145389033055998,"ASV_5461","Metazoa","Chordata","Appendicularia","Copelata","Fritillariidae","g_","s_"
"5048","ASV_5468",-0.000538356107167989,-0.00249470987981148,0.000103802631261408,"ASV_5468","no_hit","unknown","Polycystinea","no_hit","no_hit","no_hit","no_hit"
"5049","ASV_5469",0.000159272738055907,-0.00458399761243421,-0.00121816412775537,"ASV_5469","no_hit","Dinophyceae","Dinophyceae","Syndiniales","Syndiniaceae","g_","s_"
"5050","ASV_5470",0.00127603486283539,-0.000798511725498992,-0.000343715214886225,"ASV_5470","no_hit","Dinophyceae","Dinophyceae","Syndiniales","Amoebophryaceae","g_","s_"
"5051","ASV_5472",0.00202773620647887,-0.00673313266642154,-0.00336472326012949,"ASV_5472","no_hit","Dinophyceae","Dinophyceae","Syndiniales","Amoebophryaceae","g_","s_"
"5052","ASV_5475",-5.65321677736373e-05,-0.00205406484171036,-0.00186842011891598,"ASV_5475","Viridiplantae","Chlorophyta","Mamiellophyceae","Dolichomastigales","Crustomastigaceae","g_","s_"
"5053","ASV_5478",-0.000576764298254094,0.000998533563531658,0.00147327350529822,"ASV_5478","Metazoa","Chordata","Thaliacea","Doliolida","Doliolidae","Doliolum","Doliolum nationalis"
"5054","ASV_5480",0.000589857295482863,-0.00183134597444379,-0.000495868623717723,"ASV_5480","no_hit","no_hit","no_hit","no_hit","no_hit","g_","s_"
"5055","ASV_5481",0.00040001987981705,-0.00337717920439661,-0.00109091415224749,"ASV_5481","no_hit","no_hit","no_hit","no_hit","no_hit","g_","s_"
"5056","ASV_5482",-0.000337707888214267,-0.0109202299999814,-0.0030995152028316,"ASV_5482","no_hit","unknown","unknown","unknown","unknown","g_","s_"
"5057","ASV_5483",0.00080784502687105,-0.00120806742750587,-0.000143670180074414,"ASV_5483","Metazoa","Annelida","Polychaeta","unknown","Nerillidae","Paranerilla","Paranerilla limicola"
"5058","ASV_5484",0.0002592942298285,-0.00475233812537711,-0.00104482246639953,"ASV_5484","no_hit","Dinophyceae","Dinophyceae","Peridiniales","no_hit","no_hit","no_hit"
"5059","ASV_5487",0.00122152748037341,-0.00227184238523473,-0.000608575847533984,"ASV_5487","no_hit","Ciliophora","Spirotrichea","no_hit","no_hit","no_hit","s_"
"5060","ASV_5488",0.000943156083876152,-0.00276566675074253,-0.000326456472741167,"ASV_5488","no_hit","Ciliophora","Spirotrichea","no_hit","no_hit","no_hit","no_hit"
"5061","ASV_5490",-0.000393459743471941,0.00112127970366583,-0.000212463347692313,"ASV_5490","no_hit","Dinophyceae","Dinophyceae","Gymnodiniales","Gymnodiniaceae","g_","s_"
"5062","ASV_5495",-0.00204613224911035,5.14356954536589e-05,-0.00130462395078721,"ASV_5495","no_hit","Bacillariophyta","Fragilariophyceae","no_hit","no_hit","no_hit","no_hit"
"5063","ASV_5497",0.00266506358728187,-0.00715650633366453,-0.00334400785564031,"ASV_5497","no_hit","unknown","Bolidophyceae","Parmales","Triparmaceae","g_","s_"
"5064","ASV_5499",0.000858877556900395,-0.00635845637062749,-0.0017034594261192,"ASV_5499","no_hit","Dinophyceae","Dinophyceae","Syndiniales","no_hit","g_","s_"
"5065","ASV_5500",0.00083115559567091,-0.00234148290631732,-0.000651556551217422,"ASV_5500","no_hit","Euglenozoa","unknown","Diplonemea","unknown","g_","s_"
"5066","ASV_5501",0.000552949775545279,-0.00593216997671512,-0.00148523840237778,"ASV_5501","no_hit","Ciliophora","Spirotrichea","unknown","Tontoniidae","Pseudotontonia","Pseudotontonia sp. JG-2011a"
"5067","ASV_5503",0.00382456583538583,0.00221357063238316,0.000113936237062589,"ASV_5503","no_hit","unknown","unknown","unknown","unknown","g_","s_"
"5068","ASV_5504",0.000300774748603316,-0.00111809155335783,0.000350028006189199,"ASV_5504","no_hit","Dinophyceae","Dinophyceae","Syndiniales","Ellobiopsidae","g_","s_"
"5069","ASV_5505",-0.000800852356067889,0.000439471431071602,0.000503386504814362,"ASV_5505","no_hit","Apicomplexa","Conoidasida","Eucoccidiorida","Sarcocystidae","g_","s_"
"5070","ASV_5507",0.000309934013039677,-0.00299714484030136,-0.000812402931540753,"ASV_5507","no_hit","unknown","unknown","unknown","Apusomonadidae","g_","s_"
"5071","ASV_5509",0.000508494720708928,-0.00226556490537037,-0.000341526159866713,"ASV_5509","no_hit","no_hit","no_hit","no_hit","no_hit","no_hit","s_"
"5072","ASV_5511",0.000759082228609017,-0.00789951070027755,-0.00273527854899113,"ASV_5511","no_hit","unknown","Cryptophyceae","Pyrenomonadales","Geminigeraceae","g_","s_"
"5073","ASV_5515",0.00268915751314316,-0.00652890322076326,-0.00312692346254674,"ASV_5515","no_hit","Dinophyceae","Dinophyceae","no_hit","no_hit","no_hit","no_hit"
"5074","ASV_5518",0.000996018425410952,-0.0114071513153564,-0.00381823228770666,"ASV_5518","unassigned","unassigned","unassigned","unassigned","unassigned","unassigned","s_"
"5075","ASV_5520",0.000266868412793606,-0.00129949434895803,0.000355064862180499,"ASV_5520","no_hit","Dinophyceae","Dinophyceae","no_hit","no_hit","no_hit","s_"
"5076","ASV_5521",0.00117330030942573,-0.0017312924990684,-0.00151789582296713,"ASV_5521","no_hit","Dinophyceae","Dinophyceae","Syndiniales","no_hit","no_hit","no_hit"
"5077","ASV_5522",-0.000545844227473715,-0.00110834257898416,0.000645141429084204,"ASV_5522","no_hit","unknown","unknown","unknown","unknown","unknown","s_"
"5078","ASV_5524",0.000465570726775745,-0.00979723808353259,-0.0031369485712759,"ASV_5524","no_hit","unknown","Centroplasthelida","Pterocystida","Pterocystidae","g_","s_"
"5079","ASV_5527",0.00308646593035576,-0.00263794104328994,-0.00162474721319985,"ASV_5527","no_hit","no_hit","no_hit","no_hit","no_hit","g_","s_"
"5080","ASV_5528",-2.42097898164497e-06,-0.0103947033786053,-0.00298304269235504,"ASV_5528","no_hit","no_hit","no_hit","no_hit","no_hit","g_","s_"
"5081","ASV_5532",-0.000409050638391817,0.000902318099169365,0.00143515407108139,"ASV_5532","no_hit","Dinophyceae","Dinophyceae","no_hit","no_hit","g_","s_"
"5082","ASV_5535",-0.00047383825787043,0.000722120100959521,0.00133005603072037,"ASV_5535","no_hit","Dinophyceae","Dinophyceae","Syndiniales","Amoebophryaceae","g_","s_"
"5083","ASV_5540",0.00633635388469836,0.00524151902357574,-0.00061207823824446,"ASV_5540","no_hit","Dinophyceae","Dinophyceae","Syndiniales","no_hit","no_hit","s_"
"5084","ASV_5542",0.000151417916261029,-0.00215347790812684,-0.000102517698299989,"ASV_5542","no_hit","unknown","unknown","unknown","unknown","g_","s_"
"5085","ASV_5547",0.000405253024202133,-0.00475525239952132,-0.00109478879705932,"ASV_5547","Viridiplantae","Streptophyta","no_hit","no_hit","no_hit","g_","s_"
"5086","ASV_5548",-0.000464932742661774,0.00100890890902407,0.00143551349522384,"ASV_5548","no_hit","no_hit","no_hit","no_hit","no_hit","no_hit","s_"
"5087","ASV_5549",-0.000694996883632107,0.000245821535055087,0.00118364630319787,"ASV_5549","no_hit","no_hit","no_hit","no_hit","no_hit","g_","s_"
"5088","ASV_5552",0.00325570995335629,-0.000251746844475915,-0.000611488972035336,"ASV_5552","no_hit","Bacillariophyta","no_hit","no_hit","no_hit","g_","s_"
"5089","ASV_5556",-0.00055726020418445,-0.00122717153627256,0.00060458537913688,"ASV_5556","no_hit","Dinophyceae","Dinophyceae","Gymnodiniales","Kareniaceae","Takayama","Takayama cf. pulchellum"
"5090","ASV_5557",-0.000300947122482576,-0.00459799248601671,-0.000887956469652911,"ASV_5557","no_hit","unknown","unknown","unknown","unknown","g_","s_"
"5091","ASV_5559",0.00135521229433729,0.00126526856717316,-0.00145710725077537,"ASV_5559","no_hit","unknown","unknown","unknown","unknown","unknown","s_"
"5092","ASV_5563",3.12483169327695e-05,-0.00468869550485967,-0.000906728922175125,"ASV_5563","no_hit","unknown","Cryptophyceae","Cyathomonadacea","Goniomonadaceae","g_","s_"
"5093","ASV_5566",-0.00103183298838499,-0.00219290137129141,-0.000423567231054694,"ASV_5566","no_hit","Foraminifera","unknown","Rotaliida","Globorotaliidae","Neogloboquadrina","no_hit"
"5094","ASV_5567",-0.000159783440156876,-0.000340673843550611,0.000591007627444856,"ASV_5567","no_hit","Dinophyceae","Dinophyceae","Gonyaulacales","Amphidomataceae","g_","s_"
"5095","ASV_5568",-0.000226220450124822,-0.00379418008400441,-0.000434588752701717,"ASV_5568","no_hit","unknown","Polycystinea","no_hit","no_hit","no_hit","no_hit"
"5096","ASV_5572",-0.00023461483156157,-0.00359635115106546,-0.00053581511907712,"ASV_5572","no_hit","Dinophyceae","Dinophyceae","Peridiniales","Glenodiniaceae","g_","s_"
"5097","ASV_5573",-0.00121896181708235,0.000252713642855643,0.000217951204356837,"ASV_5573","no_hit","Dinophyceae","Dinophyceae","Syndiniales","Amoebophryaceae","Amoebophrya","no_hit"
"5098","ASV_5575",7.67500537309914e-05,-0.000402321418084869,0.000619222413360991,"ASV_5575","no_hit","no_hit","no_hit","no_hit","no_hit","g_","s_"
"5099","ASV_5576",0.00126355429419096,-0.00524611986758576,-0.00163800125429958,"ASV_5576","no_hit","Dinophyceae","Dinophyceae","Syndiniales","Amoebophryaceae","Amoebophrya","s_"
"5100","ASV_5578",0.00412741043140498,0.00385247874128495,0.000522800754703835,"ASV_5578","no_hit","no_hit","no_hit","no_hit","no_hit","no_hit","s_"
"5101","ASV_5579",-0.000484367213771547,-6.9515060361001e-05,8.44052029210759e-05,"ASV_5579","no_hit","unknown","unknown","unknown","unknown","unknown","eukaryote clone OLI11007"
"5102","ASV_5583",-3.04326571362459e-05,-0.00805835121048686,-0.00223983523300679,"ASV_5583","no_hit","Bacillariophyta","Bacillariophyceae","Eunotiales","Eunotiaceae","g_","s_"
"5103","ASV_5585",-0.000504142666296885,-0.000593685315921655,0.000817839925739585,"ASV_5585","no_hit","unknown","Polycystinea","no_hit","no_hit","no_hit","s_"
"5104","ASV_5588",-0.000119740397831077,-0.00221698289164392,6.97026801761245e-05,"ASV_5588","no_hit","Dinophyceae","Dinophyceae","no_hit","no_hit","no_hit","no_hit"
"5105","ASV_5589",-0.00105311124973458,0.000109550206924409,0.00148553893510291,"ASV_5589","no_hit","Dinophyceae","Dinophyceae","Syndiniales","Eudubosquellidae","g_","s_"
"5106","ASV_5590",-0.000998484415979372,0.000136457850338064,0.000469270898354782,"ASV_5590","no_hit","unknown","unknown","Telonemida","unknown","g_","s_"
"5107","ASV_5591",0.00301324974186483,-0.000608687922091171,-0.000877435184564151,"ASV_5591","no_hit","unknown","Bigyra","Nanomonadea","unknown","g_","s_"
"5108","ASV_5593",-0.000196562076952232,-0.00195044030471999,0.000284939201976659,"ASV_5593","Metazoa","Cnidaria","Hydrozoa","Anthoathecata","no_hit","no_hit","no_hit"
"5109","ASV_5595",0.000155702448993432,-0.00107840422103812,-0.00214046358408355,"ASV_5595","no_hit","Dinophyceae","Dinophyceae","unknown","unknown","g_","s_"
"5110","ASV_5596",-0.000521153883970261,-0.000443614348859132,0.00090192200900673,"ASV_5596","no_hit","Euglenozoa","unknown","Diplonemea","unknown","unknown","s_"
"5111","ASV_5599",-0.000528133535720942,-0.000822963585826038,0.000797905940705576,"ASV_5599","no_hit","Dinophyceae","Dinophyceae","no_hit","no_hit","g_","s_"
"5112","ASV_5603",0.0023729182401018,-0.00102599471514727,-0.00193669479264583,"ASV_5603","no_hit","Apicomplexa","Conoidasida","Eucoccidiorida","Dactylosomatidae","no_hit","no_hit"
"5113","ASV_5604",8.68066955767826e-07,-0.00562113014933654,-0.00127379109685356,"ASV_5604","no_hit","Dinophyceae","Dinophyceae","Syndiniales","Amoebophryaceae","g_","s_"
"5114","ASV_5607",-0.00162909263754573,0.000639092457266328,-0.0011195424266758,"ASV_5607","Metazoa","Arthropoda","Hexanauplia","Calanoida","no_hit","no_hit","s_"
"5115","ASV_5608",-1.32574656320795e-05,-0.00206989853284555,0.000154166632994235,"ASV_5608","no_hit","no_hit","no_hit","no_hit","no_hit","g_","s_"
"5116","ASV_5612",-0.000473661003967866,0.00068851379166857,0.00135527866680549,"ASV_5612","no_hit","Dinophyceae","Dinophyceae","no_hit","no_hit","g_","s_"
"5117","ASV_5616",0.00208330164989117,-0.00712839800524665,-0.00252380955728279,"ASV_5616","no_hit","unknown","unknown","unknown","unknown","g_","s_"
"5118","ASV_5618",-0.000658123991878061,-0.00165904777196914,0.000437499808151559,"ASV_5618","no_hit","Dinophyceae","Dinophyceae","no_hit","no_hit","no_hit","no_hit"
"5119","ASV_5619",0.000796286370269809,-0.0016540394722038,5.33122574257196e-05,"ASV_5619","no_hit","Dinophyceae","Dinophyceae","Syndiniales","no_hit","g_","s_"
"5120","ASV_5620",-0.00416086698306452,0.00140139989108761,-0.00385689203249763,"ASV_5620","no_hit","Ciliophora","Spirotrichea","no_hit","no_hit","g_","s_"
"5121","ASV_5622",-0.00323342754450222,0.00112472200669045,-0.00200065498126759,"ASV_5622","no_hit","Dinophyceae","Dinophyceae","Syndiniales","Amoebophryaceae","Amoebophrya","no_hit"
"5122","ASV_5626",-0.00060954662306913,-0.00010976242710122,-0.000197046740730846,"ASV_5626","no_hit","unknown","Dictyochophyceae","Florenciellales","no_hit","no_hit","s_"
"5123","ASV_5629",0.000229849780255319,-0.00450841294288096,-0.00225759406167235,"ASV_5629","no_hit","no_hit","no_hit","no_hit","no_hit","no_hit","s_"
"5124","ASV_5630",-0.000757690103698719,-0.00631378302414574,-0.00130045794488153,"ASV_5630","no_hit","no_hit","no_hit","no_hit","no_hit","no_hit","s_"
"5125","ASV_5631",0.00150914007957256,-0.00392833119008651,-0.00142594840379927,"ASV_5631","no_hit","no_hit","no_hit","no_hit","no_hit","g_","s_"
"5126","ASV_5633",0.0008953539568745,-0.00375638129738228,-0.000816645434441307,"ASV_5633","no_hit","no_hit","no_hit","no_hit","no_hit","g_","s_"
"5127","ASV_5634",0.000516722121874418,-0.00318035112861703,-0.000678344557831861,"ASV_5634","no_hit","Dinophyceae","Dinophyceae","Syndiniales","Amoebophryaceae","g_","s_"
"5128","ASV_5636",-0.000513377331650125,-0.000359895588771995,0.000929885459306232,"ASV_5636","no_hit","no_hit","no_hit","no_hit","no_hit","no_hit","s_"
"5129","ASV_5641",-0.0017009487917048,-0.00100549763309416,0.00114391843954488,"ASV_5641","no_hit","Dinophyceae","Dinophyceae","Peridiniales","no_hit","g_","s_"
"5130","ASV_5642",0.000164521912214243,-0.000340061319493142,0.000490908201996783,"ASV_5642","no_hit","no_hit","no_hit","no_hit","no_hit","g_","s_"
"5131","ASV_5645",0.000363760416722733,-0.00691768150197259,-0.00179220482560423,"ASV_5645","no_hit","unknown","Polycystinea","Nassellaria","Plagiacanthidae","g_","s_"
"5132","ASV_5646",-0.00050571295838559,4.76003441155786e-05,0.00108614848908144,"ASV_5646","no_hit","Dinophyceae","Dinophyceae","Gymnodiniales","Gymnodiniaceae","g_","s_"
"5133","ASV_5649",-3.86788804544478e-05,-0.00092771553584858,0.000476497095645143,"ASV_5649","no_hit","Dinophyceae","Dinophyceae","Dinophysiales","Dinophysiaceae","Ornithocercus","s_"
"5134","ASV_5657",-0.000138501483953098,-0.0054743078353908,-0.00104029073339526,"ASV_5657","no_hit","no_hit","no_hit","no_hit","no_hit","no_hit","no_hit"
"5135","ASV_5658",-0.00132248252022964,0.000279730971742241,0.000272653896970825,"ASV_5658","Metazoa","Mollusca","Bivalvia","Mytiloida","Mytilidae","Modiolus","no_hit"
"5136","ASV_5661",-0.000275954145453781,-0.00311201606475516,-0.000125972658202069,"ASV_5661","no_hit","unknown","Polycystinea","no_hit","no_hit","no_hit","no_hit"
"5137","ASV_5662",-0.000336741558494263,-0.00103186313740616,0.00063175384887249,"ASV_5662","no_hit","Euglenozoa","unknown","Diplonemea","unknown","g_","s_"
"5138","ASV_5663",-0.000505324101977284,-0.00147269139238458,0.000501828208633234,"ASV_5663","no_hit","Ciliophora","Oligohymenophorea","Philasterida","Loxocephalidae","g_","s_"
"5139","ASV_5666",-0.00050571295838559,4.76003441155786e-05,0.00108614848908144,"ASV_5666","no_hit","Dinophyceae","Dinophyceae","no_hit","no_hit","g_","s_"
"5140","ASV_5667",0.000519772824949275,-0.00172065776930486,-0.000139641810642108,"ASV_5667","no_hit","unknown","unknown","unknown","unknown","g_","s_"
"5141","ASV_5669",0.00133254798139385,-0.0030699379583432,-0.00157514504699479,"ASV_5669","no_hit","Dinophyceae","Dinophyceae","no_hit","no_hit","no_hit","s_"
"5142","ASV_5670",0.000729156289363873,-0.006634099718893,-0.00198549797122671,"ASV_5670","no_hit","Dinophyceae","Dinophyceae","Syndiniales","Amoebophryaceae","g_","s_"
"5143","ASV_5672",-0.00128277341150671,0.000662551838254266,0.000361389751587988,"ASV_5672","unassigned","unassigned","unassigned","unassigned","unassigned","unassigned","unassigned"
"5144","ASV_5673",0.00259843293144482,0.00123908986987845,-0.00136217548636493,"ASV_5673","no_hit","Cercozoa","Thecofilosea","unknown","unknown","g_","s_"
"5145","ASV_5677",-0.00121084379730575,0.000163366071339125,0.000265081092877504,"ASV_5677","no_hit","Ciliophora","Spirotrichea","Tintinnida","Tintinnidae","Eutintinnus","Eutintinnus tenuis"
"5146","ASV_5680",0.000768240383943653,-0.00926171065985911,-0.00307696650872809,"ASV_5680","no_hit","unknown","unknown","unknown","unknown","g_","s_"
"5147","ASV_5681",0.000826185373382921,-0.00353264024637448,-0.00114832898610892,"ASV_5681","no_hit","Dinophyceae","Dinophyceae","no_hit","no_hit","no_hit","no_hit"
"5148","ASV_5682",0.000126083304987905,0.00044799651665773,-0.000257266670233496,"ASV_5682","no_hit","Dinophyceae","Dinophyceae","Syndiniales","Amoebophryaceae","g_","s_"
"5149","ASV_5686",0.00126171770382853,-0.00291377291784734,-0.00153078885025313,"ASV_5686","Metazoa","Chordata","Thaliacea","Salpida","Salpidae","Thetys","Thetys vagina"
"5150","ASV_5691",-0.000437405952148346,-0.000878484954698658,0.00072525518775267,"ASV_5691","no_hit","Euglenozoa","unknown","Diplonemea","unknown","g_","s_"
"5151","ASV_5693",0.000695983872028106,-0.000970114315997222,-7.84498423375211e-05,"ASV_5693","no_hit","Dinophyceae","Dinophyceae","no_hit","no_hit","g_","s_"
"5152","ASV_5701",0.000178136897505508,-0.00304436845021184,-0.00231143179895178,"ASV_5701","Viridiplantae","Chlorophyta","Mamiellophyceae","Dolichomastigales","Crustomastigaceae","g_","s_"
"5153","ASV_5710",0.000307520113208129,-0.000807927174939466,0.00015205090879472,"ASV_5710","no_hit","unknown","Polycystinea","no_hit","no_hit","no_hit","no_hit"
"5154","ASV_5711",0.000691718177858672,-0.0102060008851646,-0.00331477409152348,"ASV_5711","no_hit","unknown","unknown","unknown","unknown","g_","s_"
"5155","ASV_5712",0.00148651222117254,-0.00350301492689556,-0.00159731144842258,"ASV_5712","no_hit","Dinophyceae","Dinophyceae","Gymnodiniales","Gymnodiniaceae","g_","s_"
"5156","ASV_5714",0.00111656019463205,-0.00154709273233812,-0.00109241038866499,"ASV_5714","no_hit","Dinophyceae","Dinophyceae","Syndiniales","no_hit","no_hit","no_hit"
"5157","ASV_5719",-0.00224774198264638,0.00143858649946718,-0.00194257310717307,"ASV_5719","no_hit","no_hit","no_hit","no_hit","no_hit","g_","s_"
"5158","ASV_5721",-0.00085593206386265,0.000369018058173908,0.00132601597478645,"ASV_5721","no_hit","Ciliophora","no_hit","no_hit","no_hit","g_","s_"
"5159","ASV_5722",0.0014088434628137,-0.0080634808892023,-0.00272761697560679,"ASV_5722","no_hit","Bacillariophyta","Fragilariophyceae","no_hit","no_hit","g_","s_"
"5160","ASV_5727",-0.000462675404825118,-0.00122837118132295,0.000577953440131057,"ASV_5727","no_hit","Ciliophora","Phyllopharyngea","Dysteriida","Plesiotrichopidae","g_","s_"
"5161","ASV_5728",0.00128346486193381,-0.00911193006717568,-0.003495412766538,"ASV_5728","no_hit","unknown","Acantharea","Arthracanthida","Hexalaspididae","g_","s_"
"5162","ASV_5730",-0.000500469794128676,-0.00564112657441933,-0.00112367100518141,"ASV_5730","no_hit","no_hit","no_hit","no_hit","no_hit","no_hit","s_"
"5163","ASV_5733",3.84329581336013e-06,-0.00902839202279327,-0.00241559537616678,"ASV_5733","no_hit","Dinophyceae","Dinophyceae","no_hit","no_hit","no_hit","no_hit"
"5164","ASV_5734",-0.000491970953075005,0.00030894355883364,0.00119869312759143,"ASV_5734","no_hit","Dinophyceae","Dinophyceae","no_hit","no_hit","no_hit","s_"
"5165","ASV_5738",1.01257335229865e-05,-0.000989331123641816,0.000593720697254359,"ASV_5738","no_hit","Discosea","Flabellinia","Dactylopodida","Paramoebidae","no_hit","no_hit"
"5166","ASV_5740",0.00105276921354315,-0.00200215594075845,-0.000517167623209466,"ASV_5740","no_hit","Cercozoa","Thecofilosea","Tectofilosida","Chlamydophryidae","g_","s_"
"5167","ASV_5746",-0.000410402291233554,-0.00125975437101539,0.000598249894807537,"ASV_5746","no_hit","Dinophyceae","Dinophyceae","Syndiniales","no_hit","no_hit","s_"
"5168","ASV_5751",0.00181208652599088,-0.00675443402306117,-0.00211891325984221,"ASV_5751","no_hit","no_hit","no_hit","no_hit","no_hit","no_hit","s_"
"5169","ASV_5752",0.00184610991251411,-0.000162790120803697,-0.00150487629739475,"ASV_5752","no_hit","no_hit","no_hit","no_hit","no_hit","no_hit","no_hit"
"5170","ASV_5755",0.00307029454982632,0.00225981082838955,-0.000775386664932573,"ASV_5755","no_hit","unknown","unknown","unknown","unknown","g_","s_"
"5171","ASV_5756",0.00113984463220793,-0.000579846948167529,-0.00262874507736526,"ASV_5756","no_hit","no_hit","no_hit","no_hit","no_hit","g_","s_"
"5172","ASV_5758",0.00181100160804667,-0.00347628325604887,-0.00127009335674009,"ASV_5758","no_hit","Dinophyceae","Dinophyceae","Peridiniales","no_hit","no_hit","s_"
"5173","ASV_5760",-0.000313414726266574,-0.00762358831111204,-0.00188214996110179,"ASV_5760","no_hit","no_hit","no_hit","no_hit","no_hit","no_hit","no_hit"
"5174","ASV_5763",-0.000337629007792131,-0.000306801403863553,0.00132932755240752,"ASV_5763","Metazoa","Arthropoda","Hexanauplia","Cyclopoida","Cyclopidae","g_","s_"
"5175","ASV_5765",0.000966443585577086,-0.00104279674109657,-0.00169548977870051,"ASV_5765","no_hit","Cercozoa","Thecofilosea","Tectofilosida","Chlamydophryidae","g_","s_"
"5176","ASV_5767",0.00491553810930344,0.00126521554482942,-0.00076706720325464,"ASV_5767","no_hit","Endomyxa","Ascetosporea","Paradiniida","unknown","g_","s_"
"5177","ASV_5769",-8.3047339962406e-05,-0.000845627964065853,0.000404985179261608,"ASV_5769","no_hit","no_hit","no_hit","no_hit","no_hit","g_","s_"
"5178","ASV_5773",0.00060538562526597,-4.18267286478592e-05,-0.000666719175008187,"ASV_5773","no_hit","unknown","unknown","unknown","unknown","g_","s_"
"5179","ASV_5775",6.61522077695028e-05,-0.00751597521363806,-0.00225945033413475,"ASV_5775","no_hit","Dinophyceae","Dinophyceae","Gymnodiniales","Gymnodiniaceae","g_","s_"
"5180","ASV_5777",-0.000539814331001273,-0.00284149951939849,-5.71471739141656e-05,"ASV_5777","no_hit","Dinophyceae","Dinophyceae","Syndiniales","Amoebophryaceae","g_","s_"
"5181","ASV_5786",0.000303194679240702,-0.00555582528012636,-0.00131550527740748,"ASV_5786","no_hit","no_hit","no_hit","no_hit","no_hit","g_","s_"
"5182","ASV_5793",0.00304716251986546,-0.00156646969650457,-0.00143225946809269,"ASV_5793","no_hit","Ciliophora","no_hit","no_hit","no_hit","g_","s_"
"5183","ASV_5794",-0.000412182326580629,-0.000668194160306361,0.000796859234729381,"ASV_5794","no_hit","unknown","unknown","unknown","unknown","g_","s_"
"5184","ASV_5807",0.00375698458903279,-0.00279820346051298,-0.00159401566567861,"ASV_5807","no_hit","no_hit","no_hit","no_hit","no_hit","no_hit","s_"
"5185","ASV_5809",0.00158245462246427,-0.00756633337729753,-0.00319030716521023,"ASV_5809","no_hit","Dinophyceae","Dinophyceae","Syndiniales","Amoebophryaceae","g_","s_"
"5186","ASV_5812",-0.00221773393882475,0.00126755650125334,-0.00311182865910879,"ASV_5812","Viridiplantae","Chlorophyta","Pyramimonadophyceae","Pyramimonadales","Pyramimonadaceae","Pterosperma","s_"
"5187","ASV_5815",-0.00104980932227797,0.00081031146131718,-0.000348869357488051,"ASV_5815","no_hit","no_hit","no_hit","no_hit","no_hit","g_","s_"
"5188","ASV_5819",0.00201008376828107,-0.00113587128672317,-0.000797671430043068,"ASV_5819","Viridiplantae","Chlorophyta","no_hit","no_hit","no_hit","g_","s_"
"5189","ASV_5821",-0.000464265716984326,-0.00269501813485119,-8.52325654460911e-05,"ASV_5821","no_hit","unknown","Polycystinea","no_hit","no_hit","no_hit","no_hit"
"5190","ASV_5824",0.00060561514743627,-0.00385049130943511,-0.00122459632066983,"ASV_5824","no_hit","Dinophyceae","Dinophyceae","Syndiniales","no_hit","g_","s_"
"5191","ASV_5827",-0.000257989733255478,-0.000998456105172628,-6.71965273056043e-05,"ASV_5827","no_hit","no_hit","no_hit","no_hit","no_hit","g_","s_"
"5192","ASV_5830",0.000822294346871006,-0.00334444731572849,-0.00104072610997363,"ASV_5830","no_hit","Dinophyceae","Dinophyceae","Peridiniales","Peridiniaceae","g_","s_"
"5193","ASV_5835",-0.0014692458350787,-0.00102368909053275,0.0012312509130448,"ASV_5835","Metazoa","Arthropoda","Hexanauplia","Calanoida","no_hit","no_hit","s_"
"5194","ASV_5837",0.00053920136465145,-0.00711539402265922,-0.00198288331378215,"ASV_5837","no_hit","Oomycota","no_hit","no_hit","no_hit","no_hit","no_hit"
"5195","ASV_5841",-0.000835676252371031,0.00205080620545214,0.0018702607778969,"ASV_5841","Metazoa","Arthropoda","Hexanauplia","Poecilostomatoida","Oncaeidae","g_","s_"
"5196","ASV_5844",0.00196961465157708,-0.000640375330343719,-0.000303245105011141,"ASV_5844","no_hit","no_hit","no_hit","no_hit","no_hit","no_hit","no_hit"
"5197","ASV_5845",-0.000683493428688414,0.00162405813953207,0.00175458250937167,"ASV_5845","Metazoa","Arthropoda","Hexanauplia","Poecilostomatoida","no_hit","g_","s_"
"5198","ASV_5846",0.00353250337861162,0.00158452666797265,1.00050206359241e-05,"ASV_5846","no_hit","Ciliophora","Oligohymenophorea","Apostomatida","Foettingeriidae","g_","s_"
"5199","ASV_5849",0.000911242436148825,-0.00149949760259698,-0.000593753934942004,"ASV_5849","no_hit","Dinophyceae","Dinophyceae","Syndiniales","Amoebophryaceae","g_","s_"
"5200","ASV_5852",-0.000519473567993061,-0.00201897479667807,0.000285678912537856,"ASV_5852","no_hit","no_hit","no_hit","no_hit","no_hit","g_","s_"
"5201","ASV_5856",-0.000706150717098679,-0.000700064422466063,0.000931605900722129,"ASV_5856","no_hit","Dinophyceae","Dinophyceae","Dinophysiales","Dinophysiaceae","g_","s_"
"5202","ASV_5858",0.00157568216196602,-0.00600572231862602,-0.00191940668493972,"ASV_5858","no_hit","unknown","Acantharea","Chaunacanthida","unknown","g_","s_"
"5203","ASV_5859",0.000455749146784887,-0.00248805385775384,-0.00079283314303544,"ASV_5859","no_hit","no_hit","no_hit","no_hit","no_hit","no_hit","s_"
"5204","ASV_5862",-0.000569377633643567,0.000676436185066234,0.00137129000547713,"ASV_5862","no_hit","no_hit","no_hit","no_hit","no_hit","no_hit","no_hit"
"5205","ASV_5863",-0.00031304328779561,-0.00539925703847289,-0.0010364921407105,"ASV_5863","no_hit","Dinophyceae","Dinophyceae","Peridiniales","Peridiniaceae","g_","s_"
"5206","ASV_5865",0.00114357139563609,-0.00826239773780011,-0.00334599466069758,"ASV_5865","Viridiplantae","Chlorophyta","no_hit","no_hit","no_hit","g_","s_"
"5207","ASV_5869",-0.000541242967064662,-0.00128230977600923,0.000578307219830849,"ASV_5869","no_hit","Euglenozoa","unknown","Diplonemea","unknown","g_","s_"
"5208","ASV_5872",0.00115387138087716,-0.00327412658383478,-0.00213895212333018,"ASV_5872","no_hit","unknown","Acantharea","no_hit","no_hit","g_","s_"
"5209","ASV_5873",-0.000599496261138552,-0.0037720284199908,-0.000381745872111492,"ASV_5873","no_hit","unknown","Polycystinea","no_hit","no_hit","no_hit","no_hit"
"5210","ASV_5876",-4.34738489203022e-05,-0.00167962123539938,0.000156159555589527,"ASV_5876","no_hit","no_hit","no_hit","no_hit","no_hit","no_hit","no_hit"
"5211","ASV_5877",-0.000291660692156409,-0.00308345634117479,-0.000359930141523874,"ASV_5877","no_hit","Dinophyceae","Dinophyceae","no_hit","no_hit","g_","s_"
"5212","ASV_5878",-0.000440852225325642,-0.00301254640545179,-8.8938277055934e-05,"ASV_5878","no_hit","Dinophyceae","Dinophyceae","Syndiniales","no_hit","no_hit","no_hit"
"5213","ASV_5879",-0.000494431478192273,-9.68354097858999e-05,0.0010350206582967,"ASV_5879","no_hit","Dinophyceae","Dinophyceae","Dinophysiales","Dinophysiaceae","g_","s_"
"5214","ASV_5880",-0.000535148924200084,-0.000112020701765255,0.00105320188770818,"ASV_5880","no_hit","Dinophyceae","Dinophyceae","Suessiales","no_hit","no_hit","s_"
"5215","ASV_5886",0.00179843591113657,0.00464724214459535,-0.00382042764474156,"ASV_5886","Metazoa","Arthropoda","Hexanauplia","Cyclopoida","Oithonidae","Oithona","Oithona similis"
"5216","ASV_5888",-0.00159684763142554,-0.000925786705946978,-0.000877970368429465,"ASV_5888","no_hit","unknown","unknown","unknown","unknown","unknown","uncultured marine eukaryote"
"5217","ASV_5889",0.00133131627331385,-0.000554236376581711,-0.00084311101088734,"ASV_5889","no_hit","no_hit","no_hit","no_hit","no_hit","g_","s_"
"5218","ASV_5892",-7.82445334101857e-05,-0.0122797429160497,-0.00391349184661008,"ASV_5892","no_hit","no_hit","no_hit","no_hit","no_hit","no_hit","s_"
"5219","ASV_5894",0.00239319962274667,-0.00221045571872429,-0.00115253198732287,"ASV_5894","no_hit","Apicomplexa","Conoidasida","Eucoccidiorida","Adeleidae","g_","s_"
"5220","ASV_5895",-0.000493988152517504,0.000460010355543463,0.00125042419810255,"ASV_5895","no_hit","no_hit","no_hit","no_hit","no_hit","g_","s_"
"5221","ASV_5896",-0.00268982711288367,0.00146314158555848,-0.0032380945237039,"ASV_5896","no_hit","Dinophyceae","Dinophyceae","Syndiniales","Amoebophryaceae","g_","s_"
"5222","ASV_5897",0.000452806396645787,-0.00235921394636487,-0.00274408239305151,"ASV_5897","no_hit","unknown","unknown","unknown","unknown","g_","s_"
"5223","ASV_5898",-0.000681438433401391,-0.0048470104697488,-0.000732594356629469,"ASV_5898","no_hit","unknown","Polycystinea","no_hit","no_hit","no_hit","s_"
"5224","ASV_5901",-0.000625189468242468,-0.00273077013866279,-7.9287961357002e-06,"ASV_5901","no_hit","Foraminifera","unknown","Rotaliida","no_hit","g_","s_"
"5225","ASV_5902",8.11694312359753e-05,-0.00713994083867274,-0.00171663385860189,"ASV_5902","no_hit","Foraminifera","unknown","Rotaliida","Globorotaliidae","Neogloboquadrina","Neogloboquadrina pachyderma"
"5226","ASV_5904",0.000835100886257348,-0.00339738294894757,-0.00264520806540583,"ASV_5904","no_hit","unknown","unknown","unknown","unknown","unknown","s_"
"5227","ASV_5905",0.000792952816817458,-0.00158427557165012,-6.84226077004102e-05,"ASV_5905","no_hit","Euglenozoa","unknown","Diplonemea","no_hit","g_","s_"
"5228","ASV_5907",-0.000205032060658138,-0.00500721114678027,-0.000998651071190786,"ASV_5907","no_hit","no_hit","no_hit","no_hit","no_hit","g_","s_"
"5229","ASV_5910",-0.000539194592218995,-0.000791799189081363,0.000779779341761856,"ASV_5910","no_hit","Bacillariophyta","Coscinodiscophyceae","Chaetocerotales","Chaetocerotaceae","g_","s_"
"5230","ASV_5911",-0.000423384361296419,-0.00162676158294982,0.000431436997289141,"ASV_5911","no_hit","no_hit","no_hit","no_hit","no_hit","no_hit","no_hit"
"5231","ASV_5916",-0.000316870066655002,-0.00180933448945788,0.000323255511899627,"ASV_5916","no_hit","unknown","Polycystinea","Spumellaria","no_hit","g_","s_"
"5232","ASV_5920",0.00197404970320684,-0.00429450227865264,-0.00189268110351412,"ASV_5920","no_hit","Dinophyceae","Dinophyceae","Syndiniales","Amoebophryaceae","g_","s_"
"5233","ASV_5923",-0.00139270180036226,0.0011790262469707,-0.00058319081364605,"ASV_5923","no_hit","Dinophyceae","Dinophyceae","Syndiniales","no_hit","g_","s_"
"5234","ASV_5925",-0.000695443759070944,-0.000878747170675665,0.0007358641599266,"ASV_5925","no_hit","Dinophyceae","Dinophyceae","no_hit","no_hit","no_hit","no_hit"
"5235","ASV_5928",-0.00026669719663874,-0.00307790836246156,-0.000153782731109175,"ASV_5928","no_hit","Ciliophora","Spirotrichea","unknown","Strombidiidae","Omegastrombidium","s_"
"5236","ASV_5930",-0.000573041537397844,-0.00676854077271475,-0.00156282014050135,"ASV_5930","no_hit","no_hit","no_hit","no_hit","no_hit","g_","s_"
"5237","ASV_5933",-0.000437593521085947,-0.000856811157229939,0.000692893179928789,"ASV_5933","no_hit","Bacillariophyta","Mediophyceae","Lithodesmiales","Lithodesmiaceae","Ditylum","Ditylum brightwellii"
"5238","ASV_5936",-0.000340473403813644,-0.00469029208741843,-0.000727884547649774,"ASV_5936","no_hit","unknown","Bigyra","no_hit","no_hit","no_hit","s_"
"5239","ASV_5941",-0.000508911334972415,-2.70868395637116e-06,0.00106826657579385,"ASV_5941","no_hit","no_hit","no_hit","no_hit","no_hit","g_","s_"
"5240","ASV_5943",-0.000483256648756417,0.000473481814558551,0.00123957414100024,"ASV_5943","no_hit","Euglenozoa","unknown","Diplonemea","unknown","unknown","Diplonemida sp. 1sb RG-2016"
"5241","ASV_5945",0.0015638556800174,-0.00260671301161952,-0.00121468426132693,"ASV_5945","no_hit","unknown","Polycystinea","Spumellaria","Pyloniidae","Tetrapyle","Tetrapyle octacantha"
"5242","ASV_5947",-0.000614547006252504,-0.00350182781862517,-0.000279257551864646,"ASV_5947","no_hit","unknown","unknown","unknown","unknown","g_","s_"
"5243","ASV_5949",0.000337776108856605,-0.00215085621055567,5.43133721929188e-05,"ASV_5949","no_hit","Dinophyceae","Dinophyceae","Syndiniales","Syndiniaceae","g_","s_"
"5244","ASV_5955",0.000214146839153262,-0.00837216698213422,-0.0022681786463918,"ASV_5955","Metazoa","Chordata","Appendicularia","Copelata","Fritillariidae","Fritillaria <tunicates>","Fritillaria fagei"
"5245","ASV_5957",0.000534096687369356,-0.00709275030300074,-0.00234065223099363,"ASV_5957","no_hit","Dinophyceae","Dinophyceae","Syndiniales","Amoebophryaceae","g_","s_"
"5246","ASV_5959",0.00260732494792722,0.00188632140660673,-4.27635280850285e-06,"ASV_5959","Fungi","Mucoromycota","Glomeromycetes","Archaeosporales","Archaeosporaceae","g_","s_"
"5247","ASV_5960",-0.00281479975582907,0.000291613948659788,-0.0017061146418746,"ASV_5960","no_hit","Cercozoa","Thecofilosea","Cryomonadida","Protaspidae","g_","s_"
"5248","ASV_5962",0.000864532679595833,-0.00306677791312099,-0.000826969776328676,"ASV_5962","no_hit","Dinophyceae","Dinophyceae","Syndiniales","Amoebophryaceae","g_","s_"
"5249","ASV_5964",5.72474378216136e-05,-0.00307993972462221,-0.000487325685354799,"ASV_5964","no_hit","no_hit","no_hit","no_hit","no_hit","g_","s_"
"5250","ASV_5966",0.000259882207842952,-0.00185269484009814,-0.000312435183334842,"ASV_5966","no_hit","Dinophyceae","Dinophyceae","Blastodiniales","unknown","g_","s_"
"5251","ASV_5969",0.000352989144011413,-0.00888922377982133,-0.00261822575844173,"ASV_5969","no_hit","no_hit","no_hit","no_hit","no_hit","g_","s_"
"5252","ASV_5970",0.00200631934608002,-0.00402196927030849,-0.00153485391009947,"ASV_5970","no_hit","Dinophyceae","Dinophyceae","no_hit","no_hit","no_hit","s_"
"5253","ASV_5972",0.00213243897798358,-0.00310038166844726,-0.00106526757885931,"ASV_5972","no_hit","unknown","unknown","Ancyromonadida","Planomonadidae","Planomonas","Planomonas micra"
"5254","ASV_5973",-6.86367021393751e-05,-0.00329060067345422,-0.000601303709742579,"ASV_5973","no_hit","unknown","unknown","unknown","unknown","g_","s_"
"5255","ASV_5975",-0.00186722894085518,-0.000107975121363361,-0.00251355323432187,"ASV_5975","no_hit","Ciliophora","Phyllopharyngea","Dysteriida","Plesiotrichopidae","g_","s_"
"5256","ASV_5978",0.00062677675627908,-0.00641755289268614,-0.00168659162139547,"ASV_5978","no_hit","Dinophyceae","Dinophyceae","Syndiniales","Amoebophryaceae","g_","s_"
"5257","ASV_5982",0.000680241597049447,-0.00325199558879421,-0.000477907804204869,"ASV_5982","no_hit","no_hit","no_hit","no_hit","no_hit","no_hit","no_hit"
"5258","ASV_5983",0.000254998990822678,-0.0016858139579762,0.000290216473934985,"ASV_5983","no_hit","no_hit","no_hit","no_hit","no_hit","no_hit","no_hit"
"5259","ASV_5984",-0.000628156714265376,0.00161751214758524,-0.000930076056031085,"ASV_5984","Metazoa","Arthropoda","Malacostraca","Euphausiacea","Bentheuphausiidae","Bentheuphausia","s_"
"5260","ASV_5991",-0.000530754051712263,-0.00342703651880292,-0.000251664938313099,"ASV_5991","no_hit","no_hit","no_hit","no_hit","no_hit","no_hit","no_hit"
"5261","ASV_5993",-0.000545743509856766,-0.0009538072500061,0.000713805338805872,"ASV_5993","no_hit","unknown","Polycystinea","no_hit","no_hit","g_","s_"
"5262","ASV_5995",-0.000163401070887991,-0.0046270465820805,-0.000760674636742712,"ASV_5995","no_hit","unknown","Polycystinea","no_hit","no_hit","no_hit","no_hit"
"5263","ASV_5997",-0.000971223234042049,-0.000479470680192509,0.00108492170305291,"ASV_5997","no_hit","Ciliophora","Spirotrichea","Choreotrichida","Strombidinopsidae","Parastrombidinopsis","Parastrombidinopsis shimi"
"5264","ASV_5998",-0.000619180210675272,0.000608894945807049,0.00130748837398994,"ASV_5998","no_hit","Euglenozoa","unknown","Diplonemea","unknown","unknown","s_"
"5265","ASV_6002",0.00114963843224301,-0.00550447972053218,-0.00172638357701123,"ASV_6002","no_hit","unknown","Choanoflagellata","no_hit","no_hit","g_","s_"
"5266","ASV_6003",-3.9256672287567e-06,-0.00748723804556596,-0.00206954660955531,"ASV_6003","no_hit","unknown","Bigyra","Thraustochytrida","Thraustochytriaceae","g_","s_"
"5267","ASV_6004",0.000558709338930039,-0.00894594190709212,-0.00289033589538062,"ASV_6004","no_hit","unknown","Bolidophyceae","Parmales","Triparmaceae","Bolidomonas","s_"
"5268","ASV_6005",0.00168715291435817,-0.00609073108348688,-0.00185045777440166,"ASV_6005","no_hit","unknown","unknown","unknown","unknown","unknown","uncultured marine picoeukaryote"
"5269","ASV_6010",-0.000494627706326925,0.000349310224048667,0.0012045596585156,"ASV_6010","no_hit","no_hit","no_hit","no_hit","no_hit","no_hit","no_hit"
"5270","ASV_6019",-0.000512819777256721,-0.00177736659666133,0.000375645019201142,"ASV_6019","no_hit","Dinophyceae","Dinophyceae","Syndiniales","no_hit","g_","s_"
"5271","ASV_6023",-0.000370692135608506,-0.00352240408392569,-0.000329479282611367,"ASV_6023","no_hit","no_hit","no_hit","no_hit","no_hit","g_","s_"
"5272","ASV_6026",-0.00026961321949573,-0.000783269921451376,4.03762572600749e-05,"ASV_6026","Metazoa","Arthropoda","Ostracoda","Halocyprida","Halocyprididae","g_","s_"
"5273","ASV_6032",-0.000381795403090071,-0.000230638753808204,0.000938126794423861,"ASV_6032","no_hit","Ciliophora","Colpodea","unknown","unknown","g_","s_"
"5274","ASV_6035",0.000204335122199796,-0.000995555296016171,0.00043035067895413,"ASV_6035","no_hit","Dinophyceae","Dinophyceae","Syndiniales","Amoebophryaceae","g_","s_"
"5275","ASV_6037",0.00199963389444264,-0.00198668483226014,-0.000991653819386455,"ASV_6037","no_hit","Dinophyceae","Dinophyceae","Syndiniales","Amoebophryaceae","g_","s_"
"5276","ASV_6038",0.00194427737754317,0.00324936637229357,-0.000474008464905019,"ASV_6038","no_hit","Cercozoa","no_hit","no_hit","no_hit","g_","s_"
"5277","ASV_6053",0.00100067215031953,-0.00742222075334728,-0.00221129826352867,"ASV_6053","no_hit","Dinophyceae","Dinophyceae","Peridiniales","Amphidiniopsidaceae","g_","s_"
"5278","ASV_6059",0.0010515203713444,-0.00188003971695262,-0.000948756584831061,"ASV_6059","Fungi","Mucoromycota","Mortierellomycetes","Mortierellales","Mortierellaceae","g_","s_"
"5279","ASV_6071",-0.000490933922667756,-0.00705585453286042,-0.00164775897744068,"ASV_6071","no_hit","Dinophyceae","Dinophyceae","Syndiniales","Amoebophryaceae","g_","s_"
"5280","ASV_6073",-0.000270381294286659,-0.00244631773487669,2.66983473630027e-05,"ASV_6073","no_hit","unknown","unknown","Sticholonchida","Sticholonchidae","Sticholonche","Sticholonche sp. JB-2011"
"5281","ASV_6075",0.00578384536361586,0.00418961452130996,-7.02756034416486e-05,"ASV_6075","no_hit","no_hit","no_hit","no_hit","no_hit","no_hit","no_hit"
"5282","ASV_6079",-0.000590575360158731,-0.00187669579525269,0.000405342826659517,"ASV_6079","no_hit","unknown","Polycystinea","Spumellaria","Actinommidae","Hexacontium","s_"
"5283","ASV_6081",0.00258368600002119,-0.00300713315426712,-0.00131841699845946,"ASV_6081","no_hit","Cercozoa","unknown","Cercomonadida","Cercomonadidae","no_hit","s_"
"5284","ASV_6086",-0.000581844145658766,0.00108583222825355,0.00150827534916227,"ASV_6086","no_hit","Ciliophora","Spirotrichea","Choreotrichida","Strobilidiidae","g_","s_"
"5285","ASV_6087",-0.000684054831442316,0.000711775870829622,0.000180891166221716,"ASV_6087","no_hit","no_hit","no_hit","no_hit","no_hit","g_","s_"
"5286","ASV_6088",-0.000566293003317418,-0.00292709923879727,-8.93819968890468e-05,"ASV_6088","no_hit","Dinophyceae","Dinophyceae","Syndiniales","no_hit","no_hit","s_"
"5287","ASV_6092",-0.000577002664728383,-0.00516702369024334,-0.000890299203842526,"ASV_6092","no_hit","unknown","unknown","unknown","unknown","unknown","s_"
"5288","ASV_6099",-0.000424313545567251,-0.000250715826617652,0.000960109016530226,"ASV_6099","no_hit","no_hit","no_hit","no_hit","no_hit","no_hit","s_"
"5289","ASV_6107",-7.67547931485304e-05,-0.00347212145995682,-0.000346927051734045,"ASV_6107","no_hit","Dinophyceae","Dinophyceae","Syndiniales","no_hit","no_hit","no_hit"
"5290","ASV_6110",0.00104366159717321,-0.00673560117524716,-0.00225621518991558,"ASV_6110","no_hit","unknown","unknown","unknown","unknown","g_","s_"
"5291","ASV_6122",0.00283307228077001,-0.00470826230317588,-0.00237273205472189,"ASV_6122","no_hit","unknown","Acantharea","no_hit","no_hit","g_","s_"
"5292","ASV_6128",0.000571794366790206,-0.00178899385001989,-0.000433617196845678,"ASV_6128","no_hit","Dinophyceae","Dinophyceae","Peridiniales","Amphidiniopsidaceae","Herdmania <dinoflagellates>","Herdmania litoralis"
"5293","ASV_6130",0.00203462468895987,-0.00772247835100952,-0.00234541535781244,"ASV_6130","no_hit","no_hit","no_hit","no_hit","no_hit","no_hit","s_"
"5294","ASV_6131",0.000154340070250883,-0.00724035864484295,-0.00185881726640958,"ASV_6131","no_hit","no_hit","no_hit","no_hit","no_hit","g_","s_"
"5295","ASV_6142",0.00355920650841572,-0.00150994395436491,-0.00169888398590787,"ASV_6142","no_hit","Dinophyceae","Dinophyceae","Syndiniales","Amoebophryaceae","g_","s_"
"5296","ASV_6144",-0.000266494206571972,-0.00903834098549281,-0.002785571961919,"ASV_6144","no_hit","Dinophyceae","Dinophyceae","Syndiniales","Amoebophryaceae","g_","s_"
"5297","ASV_6148",-0.000435195195105984,-0.000970081307703551,0.000680650062893258,"ASV_6148","no_hit","unknown","Polycystinea","no_hit","no_hit","no_hit","no_hit"
"5298","ASV_6150",0.00304773451966268,0.00076414736926661,-0.00118242503395814,"ASV_6150","no_hit","no_hit","no_hit","no_hit","no_hit","g_","s_"
"5299","ASV_6165",-0.000173183170190505,-0.00283130028815457,-6.76811969320945e-05,"ASV_6165","no_hit","no_hit","no_hit","no_hit","no_hit","g_","s_"
"5300","ASV_6166",-0.000210735920445211,-0.000590752525732756,0.000746812432109124,"ASV_6166","no_hit","unknown","Cryptophyceae","Pyrenomonadales","Geminigeraceae","g_","s_"
"5301","ASV_6169",-0.000690570957747828,-0.00649104931796553,-0.00140209397402694,"ASV_6169","no_hit","unknown","Choanoflagellata","Craspedida","Salpingoecidae","no_hit","s_"
"5302","ASV_6170",-0.000191241731195119,-0.00188253897980408,5.93026020354832e-05,"ASV_6170","no_hit","Cercozoa","unknown","unknown","Massisteriidae","Massisteria","no_hit"
"5303","ASV_6171",0.000541772628240191,-0.00531229762585237,-0.00156270152479962,"ASV_6171","no_hit","unknown","Polycystinea","Spumellaria","Actinommidae","Hexacontium","no_hit"
"5304","ASV_6176",0.00493576872095932,0.0017516784552057,-0.00109526309138614,"ASV_6176","no_hit","no_hit","no_hit","no_hit","no_hit","g_","s_"
"5305","ASV_6177",-0.000558306489290569,-0.000664305364444603,0.00134186962805647,"ASV_6177","no_hit","Dinophyceae","Dinophyceae","Peridiniales","Protoperidiniaceae","Protoperidinium","Protoperidinium divergens"
"5306","ASV_6179",-0.000438276517957206,-0.00245483590659264,0.000132586114908536,"ASV_6179","no_hit","Ciliophora","Spirotrichea","unknown","Tontoniidae","Pseudotontonia","Pseudotontonia sp. JG-2011a"
"5307","ASV_6184",-0.000489867825030439,-0.00266985920105408,4.07848377814117e-05,"ASV_6184","no_hit","unknown","unknown","unknown","unknown","g_","s_"
"5308","ASV_6188",0.00298060669355908,0.00149650423040035,-0.00096182777814004,"ASV_6188","no_hit","no_hit","no_hit","no_hit","no_hit","g_","s_"
"5309","ASV_6194",0.00104941327528337,-0.00453776615501977,-0.000868191207856805,"ASV_6194","no_hit","unknown","unknown","Telonemida","no_hit","no_hit","s_"
"5310","ASV_6195",-0.000296842215018913,-0.0047722132360181,-0.00109325166484642,"ASV_6195","no_hit","Dinophyceae","Dinophyceae","Syndiniales","no_hit","no_hit","no_hit"
"5311","ASV_6200",8.69636147552128e-05,-0.00679023721534066,-0.00188954859292574,"ASV_6200","no_hit","Dinophyceae","Dinophyceae","Syndiniales","Amoebophryaceae","g_","s_"
"5312","ASV_6202",0.000257788847283064,-0.00194337703010241,8.63502929990366e-05,"ASV_6202","no_hit","Dinophyceae","Dinophyceae","Syndiniales","no_hit","g_","s_"
"5313","ASV_6203",0.00125311481509371,-0.00219396286411757,-0.00067934194451802,"ASV_6203","no_hit","no_hit","no_hit","no_hit","no_hit","g_","s_"
"5314","ASV_6204",-9.22564817265286e-05,-0.00166243515177349,0.000273640160095277,"ASV_6204","no_hit","no_hit","no_hit","no_hit","no_hit","no_hit","s_"
"5315","ASV_6206",0.00364777790422107,-0.00238075244533515,-0.00176164533266143,"ASV_6206","no_hit","no_hit","no_hit","no_hit","no_hit","g_","s_"
"5316","ASV_6207",-0.000751685556018285,0.00135548521287226,0.00163112662736575,"ASV_6207","no_hit","Ciliophora","Colpodea","unknown","unknown","g_","s_"
"5317","ASV_6208",-0.000173673638121246,-0.000503271883080857,-0.00184856317601819,"ASV_6208","Metazoa","Nemertea","Palaeonemertea","unknown","Carinomidae","Carinoma","no_hit"
"5318","ASV_6211",-2.8554125013788e-05,-0.00363198108329882,-0.000526454727362789,"ASV_6211","no_hit","Dinophyceae","Dinophyceae","Syndiniales","Amoebophryaceae","g_","s_"
"5319","ASV_6218",0.00107086396678015,-0.00861836037002034,-0.00406052502975021,"ASV_6218","no_hit","unknown","Polycystinea","Nassellaria","Plagiacanthidae","Lithomelissa","s_"
"5320","ASV_6219",-0.00066032218933992,-0.00681604928843661,-0.00151619825279669,"ASV_6219","no_hit","unknown","Polycystinea","no_hit","no_hit","no_hit","s_"
"5321","ASV_6221",-0.000632174728586189,-0.00296394508806952,-7.51496315580817e-05,"ASV_6221","no_hit","Dinophyceae","Dinophyceae","Peridiniales","Peridiniaceae","g_","s_"
"5322","ASV_6226",-2.63158765643128e-05,-0.00924196742758555,-0.00256743169963999,"ASV_6226","no_hit","Dinophyceae","Dinophyceae","Syndiniales","Amoebophryaceae","g_","s_"
"5323","ASV_6231",0.00312498296246908,-0.000367016935768143,-0.00223088121728456,"ASV_6231","no_hit","no_hit","no_hit","no_hit","no_hit","no_hit","s_"
"5324","ASV_6232",-0.00384492980510467,0.00193102500724581,-0.00314183324849335,"ASV_6232","Viridiplantae","Chlorophyta","Mamiellophyceae","Dolichomastigales","Crustomastigaceae","Crustomastix","Crustomastix sp. MBIC10709"
"5325","ASV_6234",-0.000468054349358276,-0.000729531414648824,0.000726160426672816,"ASV_6234","no_hit","Dinophyceae","Dinophyceae","Syndiniales","Amoebophryaceae","g_","s_"
"5326","ASV_6239",0.000335463468884616,-0.00247561118625913,-0.000428017859023842,"ASV_6239","no_hit","unknown","Polycystinea","no_hit","no_hit","no_hit","s_"
"5327","ASV_6247",0.000289448209724001,-0.00168415351585741,4.90329477010608e-05,"ASV_6247","Metazoa","Arthropoda","Hexanauplia","Calanoida","no_hit","no_hit","no_hit"
"5328","ASV_6249",-0.000614365698932716,-0.00424479132690949,-0.00056277513608048,"ASV_6249","no_hit","Cercozoa","unknown","Cercomonadida","Cercomonadidae","g_","s_"
"5329","ASV_6251",-0.00015279002913568,-0.00321021961249838,-0.000175821892502013,"ASV_6251","no_hit","unknown","Bigyra","Labyrinthulida","Labyrinthulaceae","g_","s_"
"5330","ASV_6253",-0.000613998143229842,-0.00726741634317263,-0.0017234190686417,"ASV_6253","no_hit","Dinophyceae","Dinophyceae","Syndiniales","Amoebophryaceae","g_","s_"
"5331","ASV_6255",0.005871757644763,0.00163423087268094,-0.00149012487296229,"ASV_6255","no_hit","Dinophyceae","Dinophyceae","Peridiniales","Peridiniaceae","Pentapharsodinium","Pentapharsodinium tyrrhenicum"
"5332","ASV_6261",-0.00409801225702111,0.0016150030479955,-0.00225654244475691,"ASV_6261","no_hit","no_hit","no_hit","no_hit","no_hit","no_hit","no_hit"
"5333","ASV_6263",0.000384114456349332,-0.00123174007048734,2.38740632439682e-05,"ASV_6263","no_hit","no_hit","no_hit","no_hit","no_hit","g_","s_"
"5334","ASV_6268",-0.000615731950441709,-0.00244299974479921,9.59541625450022e-05,"ASV_6268","no_hit","no_hit","no_hit","no_hit","no_hit","no_hit","no_hit"
"5335","ASV_6272",0.000198580673245634,-0.00653623951236533,-0.00186653454529701,"ASV_6272","no_hit","Ciliophora","Colpodea","unknown","unknown","g_","s_"
"5336","ASV_6273",0.000812528936422872,-0.00279825098270396,-0.000630616161830293,"ASV_6273","no_hit","Cercozoa","unknown","unknown","Massisteriidae","Massisteria","no_hit"
"5337","ASV_6278",0.00207428583575122,-0.00177350878467559,-0.00100827967483688,"ASV_6278","no_hit","no_hit","no_hit","no_hit","no_hit","no_hit","no_hit"
"5338","ASV_6285",0.00200082247130245,-0.00436998166386639,-0.00152766694908401,"ASV_6285","no_hit","Dinophyceae","Dinophyceae","Syndiniales","Amoebophryaceae","g_","s_"
"5339","ASV_6286",-0.000400150815917826,-0.00267302967127463,7.67373465229763e-05,"ASV_6286","no_hit","no_hit","no_hit","no_hit","no_hit","g_","s_"
"5340","ASV_6287",0.000967571021175104,0.000147790069101503,0.000418186252796407,"ASV_6287","no_hit","Dinophyceae","Dinophyceae","Peridiniales","Protoperidiniaceae","g_","s_"
"5341","ASV_6289",0.000473245385424174,-0.0024530305184193,-0.000412476860072777,"ASV_6289","no_hit","Ciliophora","Spirotrichea","unknown","Strombidiidae","no_hit","s_"
"5342","ASV_6297",0.00075690261020498,-0.00211117637740928,-7.68509901965148e-05,"ASV_6297","no_hit","no_hit","no_hit","no_hit","no_hit","g_","s_"
"5343","ASV_6299",-0.000594935695479141,-0.00177215708843614,0.000438617915063351,"ASV_6299","Metazoa","Chordata","Appendicularia","Copelata","Oikopleuridae","g_","s_"
"5344","ASV_6301",-0.000488431077635087,-0.00535218903915454,-0.000987158340397915,"ASV_6301","no_hit","unknown","unknown","unknown","unknown","unknown","Acantharian sp. 6201"
"5345","ASV_6303",0.00119285987558963,-0.000932590066588213,-0.00079299411191491,"ASV_6303","no_hit","no_hit","no_hit","no_hit","no_hit","g_","s_"
"5346","ASV_6305",-0.000544015825092244,0.000985820905710141,-0.0011317184107512,"ASV_6305","Viridiplantae","Chlorophyta","Mamiellophyceae","Dolichomastigales","Crustomastigaceae","g_","s_"
"5347","ASV_6307",-0.000532382227501124,-5.287644481618e-05,0.00106016443219484,"ASV_6307","no_hit","Dinophyceae","Dinophyceae","Syndiniales","Amoebophryaceae","g_","s_"
"5348","ASV_6311",-0.000401917497086446,-0.00737634572304316,-0.00179078543587894,"ASV_6311","no_hit","no_hit","no_hit","no_hit","no_hit","no_hit","no_hit"
"5349","ASV_6312",0.000951843814677477,-0.00181320801574367,-0.000286794076985018,"ASV_6312","no_hit","unknown","unknown","unknown","unknown","g_","s_"
"5350","ASV_6317",0.00490201978082068,-0.00373507477235706,-0.00305987365476623,"ASV_6317","no_hit","no_hit","no_hit","no_hit","no_hit","g_","s_"
"5351","ASV_6324",-0.00068553862611537,0.00306019463932877,0.00229254401298233,"ASV_6324","Metazoa","Chordata","Thaliacea","Doliolida","Doliolidae","Doliolum","Doliolum nationalis"
"5352","ASV_6337",0.00156210688969632,-0.0058373870575336,-0.00236369904979668,"ASV_6337","no_hit","Dinophyceae","Dinophyceae","Peridiniales","Peridiniaceae","g_","s_"
"5353","ASV_6338",3.03196422201867e-05,-0.00533150171548374,-0.00125621630184685,"ASV_6338","no_hit","Dinophyceae","Dinophyceae","Gymnodiniales","no_hit","g_","s_"
"5354","ASV_6343",-0.000554072536557789,-0.00257780290517264,6.80342024339129e-05,"ASV_6343","no_hit","no_hit","no_hit","no_hit","no_hit","g_","s_"
"5355","ASV_6346",0.000110780567632703,0.00291451308451846,-0.00136726398082139,"ASV_6346","no_hit","Dinophyceae","Dinophyceae","no_hit","no_hit","g_","s_"
"5356","ASV_6347",-0.000452938323406635,-0.0014523139887541,0.000495571133499573,"ASV_6347","no_hit","Dinophyceae","Dinophyceae","Gymnodiniales","Kareniaceae","g_","s_"
"5357","ASV_6352",-0.00244439803645862,-0.000633026971594818,-0.00448746776698183,"ASV_6352","no_hit","unknown","unknown","unknown","unknown","g_","s_"
"5358","ASV_6355",-0.000135923850081905,-0.00307870130992921,-0.000170926374050814,"ASV_6355","no_hit","no_hit","no_hit","no_hit","no_hit","g_","s_"
"5359","ASV_6359",0.00135946143227756,-0.000408834657526565,-0.000785493480427633,"ASV_6359","no_hit","Haptophyta","unknown","Pavlovales","Pavlovaceae","g_","s_"
"5360","ASV_6360",0.00165643955157596,0.00135882169711716,7.37196632566812e-05,"ASV_6360","no_hit","unknown","unknown","unknown","unknown","g_","s_"
"5361","ASV_6361",0.00080573475004042,-0.00491011147158352,-0.00154113225618539,"ASV_6361","no_hit","Dinophyceae","Dinophyceae","Syndiniales","Amoebophryaceae","g_","s_"
"5362","ASV_6362",-0.000494627706326925,0.000349310224048667,0.0012045596585156,"ASV_6362","no_hit","Euglenozoa","unknown","Diplonemea","unknown","unknown","s_"
"5363","ASV_6366",0.000151969484941175,-0.00647534730987023,-0.00170617346473353,"ASV_6366","no_hit","unknown","Polycystinea","no_hit","no_hit","no_hit","s_"
"5364","ASV_6370",0.00139631763341278,0.00141870166230819,0.000821681717839659,"ASV_6370","no_hit","Dinophyceae","Dinophyceae","Syndiniales","Amoebophryaceae","g_","s_"
"5365","ASV_6379",2.3093736445109e-05,-0.00750333991315322,-0.00186537315474503,"ASV_6379","no_hit","unknown","Bigyra","Thraustochytrida","Thraustochytriaceae","g_","s_"
"5366","ASV_6380",-0.000516873228520575,-0.00252904687585953,9.31929870149124e-05,"ASV_6380","no_hit","unknown","Polycystinea","Spumellaria","no_hit","g_","s_"
"5367","ASV_6388",0.00024560401645549,-0.00168087225720002,-2.52244797224527e-05,"ASV_6388","no_hit","Ciliophora","no_hit","no_hit","no_hit","g_","s_"
"5368","ASV_6392",-0.000191873592326016,-0.00306312975474173,-0.000189141247204383,"ASV_6392","no_hit","Ciliophora","Colpodea","unknown","unknown","g_","s_"
"5369","ASV_6396",0.0024089485096705,0.00326162053428224,-0.000515315886113759,"ASV_6396","no_hit","Dinophyceae","Dinophyceae","Syndiniales","Amoebophryaceae","g_","s_"
"5370","ASV_6404",-0.000489066444865385,0.000380836466881288,0.00120630778312224,"ASV_6404","no_hit","unknown","unknown","unknown","unknown","unknown","s_"
"5371","ASV_6405",-0.000288196587664407,-0.00468103076209622,-0.000794122778859363,"ASV_6405","no_hit","Dinophyceae","Dinophyceae","Syndiniales","no_hit","no_hit","no_hit"
"5372","ASV_6406",0.000114234826547004,-0.00754601225118743,-0.00218271648323848,"ASV_6406","no_hit","Dinophyceae","Dinophyceae","Syndiniales","no_hit","no_hit","no_hit"
"5373","ASV_6408",-0.000552658893794176,0.000584275131280984,0.00130717922411769,"ASV_6408","no_hit","Euglenozoa","unknown","Diplonemea","unknown","g_","s_"
"5374","ASV_6412",4.14619517030084e-06,-0.00181917490537418,0.000129143906679204,"ASV_6412","no_hit","Ciliophora","Oligohymenophorea","Apostomatida","Colliniidae","g_","s_"
"5375","ASV_6416",0.00223620414623283,-0.00500245629124913,-0.0022454452442117,"ASV_6416","no_hit","Dinophyceae","Dinophyceae","Syndiniales","Amoebophryaceae","g_","s_"
"5376","ASV_6418",0.0012847231939003,-0.00181219007252096,-0.00114339279414286,"ASV_6418","no_hit","Dinophyceae","Dinophyceae","Syndiniales","Amoebophryaceae","g_","s_"
"5377","ASV_6420",-0.000378283737169088,-0.00764099942531431,-0.0020851207667754,"ASV_6420","no_hit","no_hit","no_hit","no_hit","no_hit","no_hit","s_"
"5378","ASV_6426",-0.000516653698041743,-0.000592908524905512,0.000835869024962558,"ASV_6426","no_hit","Dinophyceae","Dinophyceae","Syndiniales","Amoebophryaceae","g_","s_"
"5379","ASV_6432",-0.000449700608329566,-0.00280514057290218,-9.32920211430048e-05,"ASV_6432","no_hit","no_hit","no_hit","no_hit","no_hit","g_","s_"
"5380","ASV_6433",-6.68922616376774e-05,-0.00304144087917567,-0.000227118592667861,"ASV_6433","no_hit","Dinophyceae","Dinophyceae","Syndiniales","Amoebophryaceae","g_","s_"
"5381","ASV_6436",1.93600977215364e-05,-0.00285312738940253,-0.00043035652483959,"ASV_6436","Viridiplantae","Streptophyta","Magnoliopsida","Brassicales","Brassicaceae","g_","s_"
"5382","ASV_6439",0.00266522363154006,0.00616234486862243,-0.00333798850374103,"ASV_6439","no_hit","Dinophyceae","Dinophyceae","no_hit","no_hit","no_hit","no_hit"
"5383","ASV_6440",-0.00061097425858163,-0.00380927766241297,-0.00037482275212153,"ASV_6440","no_hit","no_hit","no_hit","no_hit","no_hit","g_","s_"
"5384","ASV_6449",-0.000474394268407138,-0.000792980726908008,0.000757083291816546,"ASV_6449","no_hit","Cercozoa","Thecofilosea","Phaeogromida","Challengeriidae","g_","s_"
"5385","ASV_6452",0.000782584560189494,-0.0056167743533587,-0.00151669602747264,"ASV_6452","no_hit","no_hit","no_hit","no_hit","no_hit","no_hit","no_hit"
"5386","ASV_6455",-0.000460898843525907,-0.000506443396597647,0.000872162400505888,"ASV_6455","no_hit","Dinophyceae","Dinophyceae","Syndiniales","Amoebophryaceae","g_","s_"
"5387","ASV_6456",-0.000133548031482361,-0.00530818562868196,-0.0010433268758529,"ASV_6456","no_hit","no_hit","no_hit","no_hit","no_hit","no_hit","no_hit"
"5388","ASV_6457",0.000643887821959618,-0.0026576926764484,-0.000800734453351927,"ASV_6457","no_hit","Dinophyceae","Dinophyceae","no_hit","no_hit","g_","s_"
"5389","ASV_6465",0.00135097392125345,-0.00491407599203548,-0.00167966632689726,"ASV_6465","no_hit","Dinophyceae","Dinophyceae","no_hit","no_hit","g_","s_"
"5390","ASV_6467",-0.000447262051561681,-5.52047462186122e-05,0.000979285928766994,"ASV_6467","no_hit","Dinophyceae","Dinophyceae","Dinophysiales","Dinophysiaceae","g_","s_"
"5391","ASV_6468",-4.54711029288404e-05,-0.000257473456287449,0.000907167051558195,"ASV_6468","no_hit","Dinophyceae","Dinophyceae","Dinophysiales","Dinophysiaceae","g_","s_"
"5392","ASV_6472",0.0010803759432623,-0.00501542210301786,-0.00192699194628511,"ASV_6472","no_hit","Dinophyceae","Dinophyceae","Syndiniales","Amoebophryaceae","g_","s_"
"5393","ASV_6473",-0.000504489831916612,0.000814410392740647,0.00139417198535748,"ASV_6473","no_hit","no_hit","no_hit","no_hit","no_hit","no_hit","s_"
"5394","ASV_6477",-0.000356856574695981,-0.00278727869853403,-0.000257089179135201,"ASV_6477","no_hit","unknown","Phaeosacciophyceae","Phaeosacciales","Tetrasporopsidaceae","g_","s_"
"5395","ASV_6481",1.77353110954357e-05,-0.00748783945188035,-0.00216476321742209,"ASV_6481","Metazoa","Ctenophora","Tentaculata","Lobata","Bathocyroidae","g_","s_"
"5396","ASV_6487",0.000857232293729678,-0.00518221907094302,-0.00156172295748848,"ASV_6487","no_hit","no_hit","no_hit","no_hit","no_hit","g_","s_"
"5397","ASV_6490",0.00104198465886645,-0.00426251347021463,-0.00132124121588881,"ASV_6490","no_hit","no_hit","no_hit","no_hit","no_hit","no_hit","s_"
"5398","ASV_6494",-0.000702620894603064,0.000141046139012818,0.00119409856621603,"ASV_6494","no_hit","Dinophyceae","Dinophyceae","unknown","unknown","g_","s_"
"5399","ASV_6497",-0.000599051649010186,-0.00360631301286313,-0.000329196808027237,"ASV_6497","no_hit","unknown","Acantharea","Arthracanthida","Phyllostauridae","Phyllostaurus","s_"
"5400","ASV_6498",0.000570940089878588,-0.00614097011307735,-0.00177530160375155,"ASV_6498","no_hit","unknown","unknown","Telonemida","no_hit","no_hit","s_"
"5401","ASV_6499",-0.000148709148892931,-0.00529675093379725,-0.00120466228229889,"ASV_6499","no_hit","Euglenozoa","unknown","Diplonemea","unknown","g_","s_"
"5402","ASV_6500",0.0015419782831184,-0.00622835803538545,-0.0020208222135584,"ASV_6500","no_hit","Dinophyceae","Dinophyceae","Syndiniales","Amoebophryaceae","g_","s_"
"5403","ASV_6506",0.00074749060159683,-0.000592220745484178,-0.000647699483927294,"ASV_6506","no_hit","Oomycota","no_hit","no_hit","no_hit","g_","s_"
"5404","ASV_6513",-0.000253183206300021,-0.0022887982599921,-4.92589031936039e-05,"ASV_6513","no_hit","Dinophyceae","Dinophyceae","Syndiniales","Amoebophryaceae","g_","s_"
"5405","ASV_6521",-0.000349182603735318,-0.000832663457394275,0.000660281076773705,"ASV_6521","no_hit","unknown","unknown","unknown","unknown","unknown","s_"
"5406","ASV_6522",0.00180731821030494,-0.00468912059707699,-0.00216425644643692,"ASV_6522","no_hit","Dinophyceae","Dinophyceae","Syndiniales","Amoebophryaceae","Amoebophrya","s_"
"5407","ASV_6523",0.000573106518877594,-0.00385885345019708,-0.000903774097568173,"ASV_6523","no_hit","Ciliophora","Spirotrichea","no_hit","no_hit","no_hit","no_hit"
"5408","ASV_6525",-0.000126085001348285,-0.00412714161319071,-0.000803865104992968,"ASV_6525","no_hit","unknown","Polycystinea","Nassellaria","Trissocyclidae","g_","s_"
"5409","ASV_6527",-0.00146851185855417,0.000948192328703311,-0.000465501317473985,"ASV_6527","no_hit","no_hit","no_hit","no_hit","no_hit","g_","s_"
"5410","ASV_6531",-8.83692881200662e-05,-0.00683352969799488,-0.00162811803915169,"ASV_6531","no_hit","Dinophyceae","Dinophyceae","Syndiniales","no_hit","g_","s_"
"5411","ASV_6548",-0.000228289160780477,-0.00897490158282844,-0.00339262317700991,"ASV_6548","no_hit","unknown","Centroplasthelida","Pterocystida","Pterocystidae","g_","s_"
"5412","ASV_6549",-2.14935019760243e-05,-0.00736407704632453,-0.00181628641585734,"ASV_6549","no_hit","no_hit","no_hit","no_hit","no_hit","no_hit","no_hit"
"5413","ASV_6550",-0.000603901189971778,-0.00228470299142325,0.000217112140147675,"ASV_6550","no_hit","unknown","unknown","unknown","unknown","g_","s_"
"5414","ASV_6552",-0.000566515681562024,-0.00200614805336459,0.000293359391070048,"ASV_6552","no_hit","no_hit","no_hit","no_hit","no_hit","no_hit","s_"
"5415","ASV_6557",0.00138632817061511,-0.000514775601240006,0.000279260710038447,"ASV_6557","no_hit","Dinophyceae","Dinophyceae","Syndiniales","Duboscquellidae","g_","s_"
"5416","ASV_6561",0.00133015323482582,-0.00263755423812415,-0.00076929362587447,"ASV_6561","no_hit","no_hit","no_hit","no_hit","no_hit","g_","s_"
"5417","ASV_6562",-2.22834573425795e-05,-0.00112266705652102,0.000350773076699766,"ASV_6562","no_hit","Ciliophora","Spirotrichea","no_hit","no_hit","g_","s_"
"5418","ASV_6563",-0.000503878043037723,-2.32212109440592e-05,0.00107179117226115,"ASV_6563","no_hit","no_hit","no_hit","no_hit","no_hit","g_","s_"
"5419","ASV_6577",0.00147283240733843,-0.000150771056886639,-0.000437082544812494,"ASV_6577","no_hit","no_hit","no_hit","no_hit","no_hit","g_","s_"
"5420","ASV_6579",-0.000449128530353942,-0.00475440075101195,-0.000799235835854474,"ASV_6579","no_hit","no_hit","no_hit","no_hit","no_hit","no_hit","no_hit"
"5421","ASV_6582",-0.000236031120938098,-0.00168731652340655,0.000419780664934505,"ASV_6582","no_hit","Dinophyceae","Dinophyceae","Syndiniales","Amoebophryaceae","g_","s_"
"5422","ASV_6589",4.00839561758593e-05,-0.00581759463089681,-0.00131266871483163,"ASV_6589","no_hit","Dinophyceae","Dinophyceae","Syndiniales","no_hit","no_hit","s_"
"5423","ASV_6590",-0.000715185023922151,-0.00698564020129189,-0.00167131541463157,"ASV_6590","no_hit","unknown","unknown","unknown","unknown","g_","s_"
"5424","ASV_6598",0.00108977216167561,-0.00187805049324619,-0.000556163582852993,"ASV_6598","no_hit","no_hit","no_hit","no_hit","no_hit","g_","s_"
"5425","ASV_6605",0.000371003712473503,-0.0023812594195736,-0.000169934804378533,"ASV_6605","no_hit","no_hit","no_hit","no_hit","no_hit","g_","s_"
"5426","ASV_6610",-7.28200765139428e-05,-0.00191161805562617,-0.000987732151190946,"ASV_6610","no_hit","Imbricatea","unknown","Thaumatomonadida","Thaumatomastigidae","g_","s_"
"5427","ASV_6620",7.75869589012166e-05,-0.00389598655372497,-0.000801745940407977,"ASV_6620","no_hit","Dinophyceae","Dinophyceae","no_hit","no_hit","no_hit","no_hit"
"5428","ASV_6623",-0.000588300065539872,-0.00274751635670029,4.9153640882919e-05,"ASV_6623","no_hit","no_hit","no_hit","no_hit","no_hit","g_","s_"
"5429","ASV_6626",-0.000552935825097702,-0.00430245440934178,-0.00058328523284019,"ASV_6626","no_hit","unknown","unknown","unknown","unknown","g_","s_"
"5430","ASV_6630",-0.000510090175294267,0.00044536371442734,0.00124613430897797,"ASV_6630","no_hit","Euglenozoa","unknown","Diplonemea","Diplonemidae","g_","s_"
"5431","ASV_6631",0.000833168439490357,-0.0021557805639626,-0.000555445572781954,"ASV_6631","no_hit","Euglenozoa","unknown","Diplonemea","Diplonemidae","g_","s_"
"5432","ASV_6635",-0.000179666470546816,-0.00474583783392936,-0.000842326558260961,"ASV_6635","no_hit","Dinophyceae","Dinophyceae","Syndiniales","Amoebophryaceae","g_","s_"
"5433","ASV_6645",7.85457109783589e-05,-0.00372124129611002,-0.0005436120707538,"ASV_6645","no_hit","Dinophyceae","Dinophyceae","Syndiniales","no_hit","g_","s_"
"5434","ASV_6646",0.00289385257498605,-0.00233283115536092,-0.00190386606944739,"ASV_6646","no_hit","Dinophyceae","Dinophyceae","Syndiniales","Amoebophryaceae","g_","s_"
"5435","ASV_6655",7.88753380437404e-05,-0.00146079764470393,0.000173077128229008,"ASV_6655","no_hit","Dinophyceae","Dinophyceae","no_hit","no_hit","g_","s_"
"5436","ASV_6662",-0.000189690796352008,-0.000934960687606971,0.00037957125243165,"ASV_6662","no_hit","no_hit","no_hit","no_hit","no_hit","g_","s_"
"5437","ASV_6665",0.000743427886985521,-0.00248101243125783,-2.20968945373044e-06,"ASV_6665","no_hit","Dinophyceae","Dinophyceae","Gymnodiniales","Gymnodiniaceae","g_","s_"
"5438","ASV_6691",-0.000211913639326574,-0.00106959631996829,0.000491979636211503,"ASV_6691","no_hit","unknown","Polycystinea","Nassellaria","Theoperidae","g_","s_"
"5439","ASV_6694",-0.000635981935409257,0.00198030862370896,-0.00112624629514042,"ASV_6694","no_hit","Dinophyceae","Dinophyceae","Syndiniales","Amoebophryaceae","g_","s_"
"5440","ASV_6699",-0.000563666649440526,-0.00167763546145943,0.000429948698410715,"ASV_6699","no_hit","no_hit","no_hit","no_hit","no_hit","g_","s_"
"5441","ASV_6700",0.000230478048135714,-0.0068198008777479,-0.00182907093047235,"ASV_6700","no_hit","unknown","Acantharea","Chaunacanthida","unknown","g_","s_"
"5442","ASV_6701",-0.000493957822406669,0.000369937851705704,0.0012173006282021,"ASV_6701","no_hit","Dinophyceae","Dinophyceae","Syndiniales","Amoebophryaceae","g_","s_"
"5443","ASV_6707",-0.000562027220216681,-0.001154910766095,0.000652929441785889,"ASV_6707","no_hit","unknown","unknown","unknown","unknown","g_","s_"
"5444","ASV_6710",0.00134267719427304,-0.00123325500989933,-0.00180651756237346,"ASV_6710","no_hit","unknown","Acantharea","no_hit","no_hit","g_","s_"
"5445","ASV_6725",-0.000135721562877641,-0.0014270351743323,0.000463510102571969,"ASV_6725","no_hit","no_hit","no_hit","no_hit","no_hit","g_","s_"
"5446","ASV_6727",-0.000164288041069678,-0.00249378288888902,3.65985459933016e-05,"ASV_6727","no_hit","Dinophyceae","Dinophyceae","Syndiniales","Amoebophryaceae","g_","s_"
"5447","ASV_6739",-0.000499133427298739,0.000138756027010845,0.00111838712697543,"ASV_6739","no_hit","no_hit","no_hit","no_hit","no_hit","no_hit","no_hit"
"5448","ASV_6747",0.000543481383479179,-0.0021813619799401,-0.000450039730272358,"ASV_6747","no_hit","Dinophyceae","Dinophyceae","Peridiniales","Protoperidiniaceae","g_","s_"
"5449","ASV_6764",5.23339830369375e-05,-0.00352850827602373,-0.000733266492954552,"ASV_6764","no_hit","unknown","unknown","unknown","unknown","g_","s_"
"5450","ASV_6769",-0.000212214764769715,-0.00692139823841306,-0.00163718030225847,"ASV_6769","no_hit","no_hit","no_hit","no_hit","no_hit","no_hit","s_"
"5451","ASV_6770",-0.000327136063841218,-0.00407945254432275,-0.00156596138852524,"ASV_6770","no_hit","Endomyxa","Ascetosporea","Paradiniida","unknown","Paradinium","Paradinium poucheti"
"5452","ASV_6775",2.96500027832982e-06,-0.00745609318952166,-0.00192058474340907,"ASV_6775","no_hit","Dinophyceae","Dinophyceae","no_hit","no_hit","g_","s_"
"5453","ASV_6780",-0.000499871396962945,-0.00630397592744654,-0.00140455714586267,"ASV_6780","no_hit","no_hit","no_hit","no_hit","no_hit","g_","s_"
"5454","ASV_6789",-0.000402986822494008,-0.000457092281273465,0.00077071271667315,"ASV_6789","no_hit","Dinophyceae","Dinophyceae","Syndiniales","Amoebophryaceae","g_","s_"
"5455","ASV_6790",-0.000474116588482683,-0.000922511067471143,0.000712963075683962,"ASV_6790","no_hit","Euglenozoa","unknown","Diplonemea","unknown","unknown","Diplonemida sp. 27 RG-2016"
"5456","ASV_6797",-0.000627804928920082,-0.00264838638849147,6.96242896959761e-05,"ASV_6797","no_hit","Bacillariophyta","Bacillariophyceae","Naviculales","Naviculaceae","g_","s_"
"5457","ASV_6800",0.00100195218953615,-0.010269809719667,-0.00349561462834447,"ASV_6800","no_hit","no_hit","no_hit","no_hit","no_hit","g_","s_"
"5458","ASV_6808",-0.000697282977912002,-0.000270176269384362,0.00104596144446536,"ASV_6808","no_hit","Apicomplexa","Conoidasida","Eugregarinorida","Lecudinidae","g_","s_"
"5459","ASV_6812",-0.000289857951539835,-0.00491421355390585,-0.001066583413078,"ASV_6812","no_hit","Dinophyceae","Dinophyceae","Syndiniales","Amoebophryaceae","Amoebophrya","no_hit"
"5460","ASV_6821",-0.000210942331602625,-0.00344964889043723,-0.00026315681306016,"ASV_6821","no_hit","Ciliophora","Oligohymenophorea","Philasterida","Loxocephalidae","g_","s_"
"5461","ASV_6823",-0.000593386908808867,-0.00716912544413041,-0.00171230251975384,"ASV_6823","no_hit","Euglenozoa","unknown","Diplonemea","no_hit","no_hit","s_"
"5462","ASV_6829",7.18261769897109e-05,-0.00191763043406592,-0.00101444686217954,"ASV_6829","no_hit","Oomycota","unknown","Peronosporales","Peronosporaceae","g_","s_"
"5463","ASV_6841",-0.000131749697065529,0.00216016820468674,-0.000768977348159184,"ASV_6841","no_hit","Haptophyta","no_hit","no_hit","no_hit","g_","s_"
"5464","ASV_6846",0.000676441730783593,-0.00105338148020421,-0.000891152411907242,"ASV_6846","no_hit","unknown","Polycystinea","Nassellaria","Plagiacanthidae","Cladoscenium","s_"
"5465","ASV_6849",-0.000568224118737252,0.000922994230747621,0.00143893381424225,"ASV_6849","no_hit","unknown","unknown","unknown","unknown","g_","s_"
"5466","ASV_6853",-0.000145396199969771,-0.00378786755669003,-0.000505303512841289,"ASV_6853","no_hit","unknown","Polycystinea","no_hit","no_hit","g_","s_"
"5467","ASV_6873",0.00195325089144907,-0.00124658404514851,-0.00121557180847556,"ASV_6873","Metazoa","Annelida","Polychaeta","unknown","Capitellidae","g_","s_"
"5468","ASV_6892",-0.00146060095910028,-0.000819786633206682,0.00111679364955346,"ASV_6892","no_hit","no_hit","no_hit","no_hit","no_hit","no_hit","no_hit"
"5469","ASV_6910",-0.000375444946721526,-0.00589128961871923,-0.00121651587453585,"ASV_6910","Metazoa","Cnidaria","Hydrozoa","Anthoathecata","no_hit","no_hit","s_"
"5470","ASV_6916",-0.000174288570766557,-0.00665367123091874,-0.00153652968132977,"ASV_6916","no_hit","unknown","unknown","unknown","unknown","g_","s_"
"5471","ASV_6924",-0.00255519662920398,0.000814657295869832,-0.00226567630269516,"ASV_6924","no_hit","Dinophyceae","Dinophyceae","Peridiniales","Diplopsaliaceae","g_","s_"
"5472","ASV_6935",-0.000608098825883637,0.000172572994214705,0.00124996355904832,"ASV_6935","no_hit","unknown","unknown","unknown","unknown","g_","s_"
"5473","ASV_6936",-0.000226113615064463,-0.00229427548149702,-0.00145730047214213,"ASV_6936","no_hit","Dinophyceae","Dinophyceae","Syndiniales","Amoebophryaceae","g_","s_"
"5474","ASV_6950",-0.00156055753910951,0.000467913693879305,-0.000201802817292909,"ASV_6950","no_hit","no_hit","no_hit","no_hit","no_hit","g_","s_"
"5475","ASV_6953",-0.000673487117871311,-0.00400883269434759,-0.000433716671951732,"ASV_6953","no_hit","unknown","Polycystinea","Spumellaria","no_hit","no_hit","s_"
"5476","ASV_6954",0.000134646258580716,-0.00391617090867732,-0.000677382308963401,"ASV_6954","no_hit","Dinophyceae","Dinophyceae","Gymnodiniales","no_hit","no_hit","no_hit"
"5477","ASV_6958",-5.45418810630452e-05,-0.001649893494464,0.000311707416592812,"ASV_6958","no_hit","Dinophyceae","Dinophyceae","no_hit","no_hit","no_hit","no_hit"
"5478","ASV_6967",0.000347672264239381,0.000943165833439935,0.00056746576586884,"ASV_6967","no_hit","Dinophyceae","Dinophyceae","no_hit","no_hit","no_hit","no_hit"
"5479","ASV_6980",0.000792355696764082,-0.0029549372316834,-0.000759280335234177,"ASV_6980","no_hit","Dinophyceae","Dinophyceae","Syndiniales","Eudubosquellidae","g_","s_"
"5480","ASV_6981",-0.000622653259199932,0.000967589919078755,0.00148214380955218,"ASV_6981","no_hit","no_hit","no_hit","no_hit","no_hit","g_","s_"
"5481","ASV_6989",-0.000624997849572559,-0.00307938466081451,-9.40902870524861e-05,"ASV_6989","no_hit","no_hit","no_hit","no_hit","no_hit","g_","s_"
"5482","ASV_6990",0.0010639552180369,-0.00502276359587408,-0.00156765636316415,"ASV_6990","no_hit","unknown","Polycystinea","Nassellaria","Theoperidae","g_","s_"
"5483","ASV_7009",-8.06283598850452e-05,-0.00121593928264922,0.000310393664790187,"ASV_7009","no_hit","no_hit","no_hit","no_hit","no_hit","g_","s_"
"5484","ASV_7010",0.00238212398144581,-0.00363909312610246,-0.00149894592170591,"ASV_7010","no_hit","no_hit","no_hit","no_hit","no_hit","g_","s_"
"5485","ASV_7016",0.00182565402188429,-0.00577050555471871,-0.00208697195153153,"ASV_7016","no_hit","Dinophyceae","Dinophyceae","Syndiniales","Amoebophryaceae","g_","s_"
"5486","ASV_7020",0.000957505823593583,-0.00682018390881763,-0.00232969069728017,"ASV_7020","no_hit","unknown","unknown","unknown","unknown","g_","s_"
"5487","ASV_7024",0.000729035968056956,-0.0039094418572802,-0.0012280044853642,"ASV_7024","no_hit","Dinophyceae","Dinophyceae","Gonyaulacales","Amphidomataceae","g_","s_"
"5488","ASV_7025",-0.000540172841290527,-0.00176161053811197,0.000380644341771907,"ASV_7025","no_hit","unknown","unknown","unknown","unknown","unknown","s_"
"5489","ASV_7049",6.25552927292273e-05,-0.000900105761299637,0.000592765657564253,"ASV_7049","no_hit","unknown","unknown","unknown","unknown","g_","s_"
"5490","ASV_7057",0.000771939117571294,-0.00422783275341536,-0.00120423496184928,"ASV_7057","no_hit","Dinophyceae","Dinophyceae","Syndiniales","Amoebophryaceae","g_","s_"
"5491","ASV_7063",-0.000287432375638428,6.92297207381935e-05,0.00099022945326342,"ASV_7063","no_hit","no_hit","no_hit","no_hit","no_hit","no_hit","no_hit"
"5492","ASV_7091",-0.000545368052147098,0.000458979883257707,0.00125694289207082,"ASV_7091","no_hit","Dinophyceae","Dinophyceae","no_hit","no_hit","no_hit","no_hit"
"5493","ASV_7117",-0.000378960745504028,-0.00316810715403013,-0.000124295934309222,"ASV_7117","Metazoa","Chordata","Appendicularia","Copelata","Oikopleuridae","g_","s_"
"5494","ASV_7130",-0.000474896914739699,-0.00116650596774601,0.000592144074629037,"ASV_7130","no_hit","no_hit","no_hit","no_hit","no_hit","g_","s_"
"5495","ASV_7131",-0.000747613693485708,0.00212304277480226,0.00197391900361844,"ASV_7131","no_hit","Dinophyceae","Dinophyceae","no_hit","no_hit","g_","s_"
"5496","ASV_7135",0.00308967093389055,0.00017153191602985,-7.30595826776524e-05,"ASV_7135","no_hit","no_hit","no_hit","no_hit","no_hit","g_","s_"
"5497","ASV_7142",1.74666895853923e-05,-0.00797053032771242,-0.00207080913341946,"ASV_7142","no_hit","no_hit","no_hit","no_hit","no_hit","g_","s_"
"5498","ASV_7145",0.000235563095924062,-0.00521171881641271,-0.00127062013788223,"ASV_7145","no_hit","Dinophyceae","Dinophyceae","Peridiniales","Ostreopsidaceae","g_","s_"
"5499","ASV_7177",0.000934705354573303,-0.00368903158425076,-0.00156337641546673,"ASV_7177","no_hit","Dinophyceae","Dinophyceae","Syndiniales","Amoebophryaceae","g_","s_"
"5500","ASV_7186",-0.000510090175294267,0.00044536371442734,0.00124613430897797,"ASV_7186","no_hit","Ciliophora","Oligohymenophorea","Apostomatida","no_hit","no_hit","no_hit"
"5501","ASV_7191",0.00149489429845788,-0.00741113696917731,-0.00289383592103294,"ASV_7191","no_hit","Dinophyceae","Dinophyceae","Gymnodiniales","Kareniaceae","Takayama","Takayama cf. pulchellum"
"5502","ASV_7199",-0.000650045524269537,0.0011997600375478,0.00158285147318198,"ASV_7199","no_hit","Cercozoa","Thecofilosea","Cryomonadida","Protaspidae","g_","s_"
"5503","ASV_7225",0.00119043748079285,-0.00277347110301616,-0.00125597810470689,"ASV_7225","no_hit","Dinophyceae","Dinophyceae","Torodiniales","Torodiniaceae","g_","s_"
"5504","ASV_7235",-0.000213160971177805,-0.00218243733126836,-8.20973185976816e-05,"ASV_7235","no_hit","no_hit","no_hit","no_hit","no_hit","g_","s_"
"5505","ASV_7236",-0.000850560740919145,-0.000363469933912156,0.00104417705244705,"ASV_7236","no_hit","Ciliophora","Oligohymenophorea","Apostomatida","Pseudocolliniidae","g_","s_"
"5506","ASV_7243",-0.000311912008224493,-0.000747100670261917,0.000579408830165793,"ASV_7243","no_hit","Dinophyceae","Dinophyceae","Syndiniales","Amoebophryaceae","g_","s_"
"5507","ASV_7253",-0.000260892162637371,-0.00046704033789381,0.00071841989921362,"ASV_7253","no_hit","Apicomplexa","Conoidasida","Eucoccidiorida","no_hit","g_","s_"
"5508","ASV_7270",0.00151488544709516,-0.00705158283579147,-0.00199004942932112,"ASV_7270","no_hit","no_hit","no_hit","no_hit","no_hit","g_","s_"
"5509","ASV_7275",-0.000440641869902823,-0.000121864223738616,0.000964471311995015,"ASV_7275","no_hit","no_hit","no_hit","no_hit","no_hit","no_hit","no_hit"
"5510","ASV_7278",0.000586641589313699,-0.00435871113247125,-0.000707422968374035,"ASV_7278","no_hit","Dinophyceae","Dinophyceae","Syndiniales","Amoebophryaceae","g_","s_"
"5511","ASV_7305",7.76170332110527e-05,-0.000933916340521945,0.000565429994310075,"ASV_7305","no_hit","unknown","unknown","unknown","unknown","g_","s_"
"5512","ASV_7330",0.000883931632690133,-0.000564994012555876,4.3980514820299e-06,"ASV_7330","no_hit","Ciliophora","Oligohymenophorea","Philasterida","Cinetochilidae","g_","s_"
"5513","ASV_7337",2.27613753386067e-05,-0.00638879848951382,-0.0016558879315587,"ASV_7337","no_hit","no_hit","no_hit","no_hit","no_hit","no_hit","no_hit"
"5514","ASV_7349",-0.000915825430421938,0.000291805231534791,-0.00239371851622155,"ASV_7349","Viridiplantae","Chlorophyta","Mamiellophyceae","Dolichomastigales","Crustomastigaceae","g_","s_"
"5515","ASV_7353",-0.000292958809044772,-0.00263094074346518,-0.000208676474652309,"ASV_7353","no_hit","no_hit","no_hit","no_hit","no_hit","g_","s_"
"5516","ASV_7365",-0.00033785220442218,-0.00795900191099444,-0.00207118597103096,"ASV_7365","no_hit","Dinophyceae","Dinophyceae","Syndiniales","Amoebophryaceae","g_","s_"
"5517","ASV_7369",0.000644784774808163,-0.00446448245852577,-0.00114253386081457,"ASV_7369","no_hit","Dinophyceae","Dinophyceae","Syndiniales","Amoebophryaceae","g_","s_"
"5518","ASV_7393",-0.000409880005655636,-0.00107520103742255,0.000661388389216243,"ASV_7393","no_hit","Apicomplexa","Conoidasida","Eugregarinorida","Lecudinidae","g_","s_"
"5519","ASV_7397",-0.000534885021207607,0.000135695201098496,0.00112990290080183,"ASV_7397","Metazoa","Chordata","Appendicularia","Copelata","Fritillariidae","g_","s_"
"5520","ASV_7407",-0.000544856862588952,-0.000938180379254335,0.000726880070536357,"ASV_7407","no_hit","unknown","Acantharea","Chaunacanthida","unknown","g_","s_"
"5521","ASV_7408",-0.000174770299569749,-0.00521927531351994,-0.00102306376845276,"ASV_7408","no_hit","Dinophyceae","Dinophyceae","Syndiniales","no_hit","g_","s_"
"5522","ASV_7417",-0.000561490520237258,-0.00212596123407187,0.000254297664982358,"ASV_7417","no_hit","Dinophyceae","Dinophyceae","Prorocentrales","Prorocentraceae","g_","s_"
"5523","ASV_7424",0.000587587916759466,-0.00657238387722994,-0.00204002840455146,"ASV_7424","no_hit","unknown","unknown","unknown","unknown","g_","s_"
"5524","ASV_7439",-0.000186187881060604,-0.00281108780703577,-0.00014783323172236,"ASV_7439","no_hit","Dinophyceae","Dinophyceae","Gonyaulacales","Amphidomataceae","g_","s_"
"5525","ASV_7460",0.000787679105382713,-0.00372709129596456,-0.00117009401854286,"ASV_7460","no_hit","no_hit","no_hit","no_hit","no_hit","no_hit","s_"
"5526","ASV_7466",0.00167227279412034,-0.00579719363258998,-0.00194721764641256,"ASV_7466","no_hit","Dinophyceae","Dinophyceae","no_hit","no_hit","no_hit","no_hit"
"5527","ASV_7470",-0.00159161770657679,0.000475370372580874,-0.000224877900453198,"ASV_7470","no_hit","unknown","unknown","unknown","unknown","unknown","s_"
"5528","ASV_7489",0.000760988526472878,-0.00195864795042851,-0.000436872727411841,"ASV_7489","no_hit","Dinophyceae","Dinophyceae","Syndiniales","Eudubosquellidae","Euduboscquella","s_"
"5529","ASV_7491",-0.000648044559024691,-0.00410903199294362,-0.000474259271308103,"ASV_7491","no_hit","Dinophyceae","Dinophyceae","Syndiniales","Amoebophryaceae","g_","s_"
"5530","ASV_7510",0.000568303435632875,-0.00646955155504928,-0.00215055464419979,"ASV_7510","no_hit","Dinophyceae","Dinophyceae","Syndiniales","Amoebophryaceae","g_","s_"
"5531","ASV_7546",-0.00189233216701991,0.000665301091205884,-0.000597737049359555,"ASV_7546","no_hit","Dinophyceae","Dinophyceae","Syndiniales","no_hit","no_hit","s_"
"5532","ASV_7568",-9.55069941036413e-06,-0.00212167619686177,8.89473156437578e-05,"ASV_7568","no_hit","Bacillariophyta","Bacillariophyceae","Naviculales","Naviculaceae","Seminavis","Seminavis sp. 4a LKM-2015"
"5533","ASV_7597",-0.000586618354562035,-0.00094094253025333,0.00069100728910898,"ASV_7597","no_hit","unknown","Polycystinea","Nassellaria","Theoperidae","g_","s_"
"5534","ASV_7599",-0.000499301882922086,-0.00337822918312094,-0.000227101854370612,"ASV_7599","no_hit","unknown","Acantharea","no_hit","no_hit","no_hit","no_hit"
"5535","ASV_7605",-0.000669147917579162,0.000901091164483851,0.00142795435852545,"ASV_7605","no_hit","no_hit","no_hit","no_hit","no_hit","g_","s_"
"5536","ASV_7635",0.000250056572972835,-0.00256084608279886,-0.000673026398657373,"ASV_7635","no_hit","no_hit","no_hit","no_hit","no_hit","no_hit","no_hit"
"5537","ASV_7676",-7.81091753281707e-05,-0.00285842457392789,-7.91680463139451e-05,"ASV_7676","no_hit","unknown","unknown","unknown","unknown","g_","s_"
"5538","ASV_7740",0.00273607971844745,0.0024104473702569,0.000732425392408756,"ASV_7740","no_hit","Oomycota","unknown","Albuginales","Albuginaceae","Albugo","s_"
"5539","ASV_7772",0.00110378985706925,-0.00736192592944628,-0.00257273907507521,"ASV_7772","no_hit","unknown","Polycystinea","no_hit","no_hit","no_hit","no_hit"
"5540","ASV_7779",0.00222582705367807,0.00159481588415388,0.000392092276910297,"ASV_7779","no_hit","Euglenozoa","Euglenida","Petalomonadida","Sphenomonadidae","g_","s_"
"5541","ASV_7871",-0.000498039602138896,0.000224647590456518,0.00115052614347465,"ASV_7871","no_hit","unknown","Polycystinea","Nassellaria","Pterocorythidae","g_","s_"
"5542","ASV_7877",-0.00111545818148142,0.0012784949991437,-0.000540142119992852,"ASV_7877","no_hit","Dinophyceae","Dinophyceae","Peridiniales","Protoperidiniaceae","g_","s_"
"5543","ASV_7886",-0.000244892986943327,-0.00318576351866797,-0.000200551107217929,"ASV_7886","no_hit","Dinophyceae","Dinophyceae","Syndiniales","Amoebophryaceae","g_","s_"
"5544","ASV_7898",0.000708289070933125,-0.00516594413333107,-0.0010103674529995,"ASV_7898","Fungi","Mucoromycota","Mortierellomycetes","Mortierellales","Mortierellaceae","g_","s_"
"5545","ASV_7942",-0.000469260971541818,-0.00324188053138889,-0.000250555553929036,"ASV_7942","no_hit","Dinophyceae","Dinophyceae","Syndiniales","Amoebophryaceae","g_","s_"
"5546","ASV_7953",-0.00444222880201036,0.00159729268183928,-0.00409133329582991,"ASV_7953","Metazoa","Arthropoda","Hexanauplia","Calanoida","Paracalanidae","Paracalanus","no_hit"
"5547","ASV_7956",0.000846136613548506,-0.00784188020781859,-0.0025035886305913,"ASV_7956","no_hit","no_hit","no_hit","no_hit","no_hit","g_","s_"
"5548","ASV_7986",-0.00195184452828946,0.0015135380521317,-0.00224423778071833,"ASV_7986","no_hit","Ciliophora","Spirotrichea","unknown","Strombidiidae","Strombidium","Strombidium caudispina"
"5549","ASV_7990",-0.000444430153315577,-0.000162468327594969,0.000960153026819254,"ASV_7990","no_hit","Ciliophora","Phyllopharyngea","Dysteriida","Plesiotrichopidae","g_","s_"
"5550","ASV_8097",-0.00026418167046369,-0.00513749959652945,-0.000935238956918668,"ASV_8097","no_hit","no_hit","no_hit","no_hit","no_hit","g_","s_"
"5551","ASV_8146",-0.00147560005767757,0.000626902092952315,-0.000461818241882114,"ASV_8146","Metazoa","Arthropoda","Malacostraca","Euphausiacea","Euphausiidae","Euphausia","Euphausia pacifica"
"5552","ASV_8209",-0.000572794571202477,-0.00327480207231567,-0.000207723289789424,"ASV_8209","no_hit","Cercozoa","unknown","unknown","unknown","Rhabdamoeba","Rhabdamoeba marina"
"5553","ASV_8223",-0.000514915389410919,-0.001356223476742,0.000542466092323709,"ASV_8223","no_hit","Dinophyceae","Dinophyceae","no_hit","no_hit","no_hit","s_"
"5554","ASV_8237",-0.000612312064460896,0.000815559825895942,-0.00465616141334511,"ASV_8237","no_hit","Dinophyceae","Dinophyceae","Peridiniales","Peridiniaceae","g_","s_"
"5555","ASV_8288",-0.000193141946054505,-0.00217119102442822,-0.000104380472512192,"ASV_8288","no_hit","Dinophyceae","Dinophyceae","Syndiniales","Amoebophryaceae","g_","s_"
"5556","ASV_8336",-0.00031066962160392,-0.00504320034737818,-0.00101568530212506,"ASV_8336","no_hit","no_hit","no_hit","no_hit","no_hit","g_","s_"
"5557","ASV_8343",0.000521699728749415,-0.00177753500014309,0.000172920757078255,"ASV_8343","no_hit","Dinophyceae","Dinophyceae","no_hit","no_hit","g_","s_"
"5558","ASV_8408",-0.000350952155493733,-0.00279004213537254,-7.70117131450803e-05,"ASV_8408","no_hit","no_hit","no_hit","no_hit","no_hit","no_hit","no_hit"
"5559","ASV_8461",-0.000584246695797604,-0.00165436777226729,0.00046999903960331,"ASV_8461","no_hit","no_hit","no_hit","no_hit","no_hit","g_","s_"
"5560","ASV_8509",-0.000198145011746017,-0.00251341032633041,-8.55815533698397e-05,"ASV_8509","no_hit","Ciliophora","Oligohymenophorea","Philasterida","Loxocephalidae","g_","s_"
"5561","ASV_8717",-0.00053337564744933,-0.000601372835000342,0.000850344354138961,"ASV_8717","no_hit","Dinophyceae","Dinophyceae","unknown","unknown","g_","s_"
"5562","ASV_8893",-0.000576007436395417,-0.00143994348997026,0.000548249997642626,"ASV_8893","no_hit","Dinophyceae","Dinophyceae","Syndiniales","Amoebophryaceae","g_","s_"
"5563","ASV_9202",-0.00329217988639109,0.00238868069519028,-0.00275335459673296,"ASV_9202","no_hit","Bacillariophyta","Coscinodiscophyceae","Chaetocerotales","Chaetocerotaceae","Chaetoceros","no_hit"
"5564","ASV_9438",-0.000222918744880414,-0.00358501555417942,-0.000417932004336807,"ASV_9438","no_hit","Dinophyceae","Dinophyceae","Syndiniales","no_hit","g_","s_"
"5565","ASV_9673",0.000117563838505768,-0.00290099482484918,-0.000423357528573624,"ASV_9673","no_hit","Foraminifera","unknown","Rotaliida","Cassidulinidae","g_","s_"
"5566","ASV_9923",0.00046191614186872,-0.00108763089479124,-0.00178370332833264,"ASV_9923","no_hit","no_hit","no_hit","no_hit","no_hit","g_","s_"
"5567","ASV_10520",0.000553223640734643,-0.0038482921762116,-0.000658735842272094,"ASV_10520","no_hit","no_hit","no_hit","no_hit","no_hit","no_hit","no_hit"
"5568","ASV_10653",-0.000297406888984242,-0.000735969541893799,-0.00127686578504578,"ASV_10653","no_hit","unknown","Bigyra","Thraustochytrida","Thraustochytriaceae","g_","s_"
"5569","ASV_10772",-0.000852042196751337,-0.000436058171352738,0.00108206270552797,"ASV_10772","no_hit","unknown","Polycystinea","Collodaria","Sphaerozoidae","g_","s_"
"5570","ASV_10916",-0.000592273332618093,-0.0025040638006869,6.88848227442317e-05,"ASV_10916","no_hit","Dinophyceae","Dinophyceae","no_hit","no_hit","no_hit","no_hit"
"5571","ASV_11531",0.000363927012434942,-0.00494019736802278,-0.00139601831608277,"ASV_11531","no_hit","Dinophyceae","Dinophyceae","Syndiniales","Amoebophryaceae","g_","s_"
