"","FeatureID","PC1","PC2","PC3","ASV","Kingdom","Phylum","Class","Order","Family","Genus","Species"
"1","ASV_1",0.00898002419189966,-0.159204587395582,-0.157244387617346,"ASV_1","Metazoa","Arthropoda","Hexanauplia","Cyclopoida","Oithonidae","Oithona","Oithona similis"
"2","ASV_2",0.0324129189873393,-0.003469279714928,-0.228362754393723,"ASV_2","no_hit","Dinophyceae","Dinophyceae","no_hit","no_hit","no_hit","no_hit"
"3","ASV_3",0.0306921017174872,0.0115897957943577,-0.0803547312785077,"ASV_3","Metazoa","Arthropoda","Hexanauplia","Calanoida","Metridinidae","Metridia","no_hit"
"4","ASV_4",-0.132719046554317,-0.0611587747726133,-0.183952238138663,"ASV_4","Metazoa","Arthropoda","Hexanauplia","Calanoida","Paracalanidae","Paracalanus","no_hit"
"5","ASV_5",-0.0775660501052017,-0.0885627864776911,-0.142961711349069,"ASV_5","no_hit","Bacillariophyta","Bacillariophyceae","Bacillariales","Bacillariaceae","Pseudo-nitzschia","no_hit"
"6","ASV_6",-0.036610118450009,-0.0544042059052826,-0.121050917126302,"ASV_6","no_hit","Bacillariophyta","Coscinodiscophyceae","Chaetocerotales","Chaetocerotaceae","Chaetoceros","no_hit"
"7","ASV_7",-0.0951834101514603,-0.0260318614873017,-0.119474812901479,"ASV_7","Metazoa","Arthropoda","Hexanauplia","Calanoida","Calanidae","no_hit","no_hit"
"8","ASV_8",0.0720901347132512,0.00954139291308871,-0.189810270439543,"ASV_8","no_hit","Dinophyceae","Dinophyceae","no_hit","no_hit","no_hit","no_hit"
"9","ASV_9",-0.0417682251144395,-0.0273170019053464,-0.188627280258016,"ASV_9","no_hit","Bacillariophyta","Coscinodiscophyceae","Thalassiosirales","Thalassiosiraceae","no_hit","no_hit"
"10","ASV_10",0.0243427095258332,0.00189354864816764,-0.204177004351567,"ASV_10","no_hit","Dinophyceae","Dinophyceae","no_hit","no_hit","no_hit","no_hit"
"11","ASV_11",0.0978904243635261,0.157486787329455,-0.0816954505081739,"ASV_11","no_hit","unknown","unknown","unknown","unknown","unknown","Acantharian sp. 6201"
"12","ASV_12",0.0539445618250348,-0.0982935278649266,-0.101933635659786,"ASV_12","Metazoa","Chordata","Appendicularia","Copelata","Oikopleuridae","Oikopleura","Oikopleura dioica"
"13","ASV_13",0.127951721295485,-0.0364021123238409,-0.0641615257313409,"ASV_13","no_hit","no_hit","no_hit","no_hit","no_hit","no_hit","no_hit"
"14","ASV_14",-0.0588761650046292,-0.0286793575245687,-0.0860808693088329,"ASV_14","no_hit","Dinophyceae","Dinophyceae","Gonyaulacales","Gonyaulacaceae","Alexandrium","no_hit"
"15","ASV_15",0.10213191822751,0.0834927494800295,-0.0777133598816075,"ASV_15","Metazoa","Cnidaria","Hydrozoa","Siphonophorae","no_hit","no_hit","no_hit"
"16","ASV_16",-0.0607324578096051,-0.0271645636750367,-0.0880091317597174,"ASV_16","no_hit","Dinophyceae","Dinophyceae","Gonyaulacales","Gonyaulacaceae","Alexandrium","no_hit"
"17","ASV_17",-0.0275211729227144,-0.0586900307069488,-0.137614597756217,"ASV_17","no_hit","Bacillariophyta","Coscinodiscophyceae","Thalassiosirales","Thalassiosiraceae","Thalassiosira","no_hit"
"18","ASV_18",0.0511475097866005,-0.121332428103729,-0.034886652627507,"ASV_18","no_hit","Dinophyceae","Dinophyceae","Syndiniales","no_hit","no_hit","no_hit"
"19","ASV_19",0.129398967172726,0.0759259475341658,-0.0808493456324002,"ASV_19","no_hit","no_hit","no_hit","no_hit","no_hit","no_hit","no_hit"
"20","ASV_20",-0.0510427665277332,-0.0350038511624921,-0.0573407242316694,"ASV_20","no_hit","Dinophyceae","Dinophyceae","Gymnodiniales","Gymnodiniaceae","Akashiwo","Akashiwo sanguinea"
"21","ASV_21",-0.0170202411998971,-0.0674048217979166,-0.0780153158196646,"ASV_21","no_hit","Bacillariophyta","Coscinodiscophyceae","Chaetocerotales","Chaetocerotaceae","Chaetoceros","Chaetoceros tenuissimus"
"22","ASV_22",0.0263832496293735,-0.023204427440106,-0.125781630661713,"ASV_22","no_hit","Haptophyta","unknown","Phaeocystales","Phaeocystaceae","Phaeocystis","no_hit"
"23","ASV_23",-0.0211969560147748,0.0555532153084604,-0.103685234390242,"ASV_23","no_hit","Imbricatea","unknown","Thaumatomonadida","Thaumatomastigidae","Protaspis","no_hit"
"24","ASV_24",0.0608241597528253,-0.0598098682921144,-0.0698751301175147,"ASV_24","no_hit","Dinophyceae","Dinophyceae","no_hit","no_hit","no_hit","no_hit"
"25","ASV_25",0.0473529712491976,-0.0153936334805454,-0.0402314932590444,"ASV_25","Metazoa","Arthropoda","Hexanauplia","Calanoida","Clausocalanidae","Clausocalanus","no_hit"
"26","ASV_26",0.117005488529834,0.0388143663615424,-0.0542841250441637,"ASV_26","no_hit","no_hit","no_hit","no_hit","no_hit","no_hit","no_hit"
"27","ASV_27",0.123986951770749,-0.0183672900279355,-0.0386248353422106,"ASV_27","no_hit","unknown","unknown","unknown","unknown","g_","s_"
"28","ASV_28",-0.078956725375791,0.00983130977480219,-0.0916353202411324,"ASV_28","no_hit","Dinophyceae","Dinophyceae","Gymnodiniales","Gymnodiniaceae","Gyrodinium","Gyrodinium rubrum"
"29","ASV_29",0.0431221335135546,-0.0547188850266413,-0.089490771665931,"ASV_29","no_hit","no_hit","no_hit","no_hit","no_hit","no_hit","no_hit"
"30","ASV_30",-0.0164622137476378,-0.0083174573451504,-0.0264221177357474,"ASV_30","Metazoa","Arthropoda","Hexanauplia","Calanoida","no_hit","no_hit","no_hit"
"31","ASV_31",0.107431492769756,0.0794830900190072,-0.0599033432485833,"ASV_31","no_hit","Euglenozoa","unknown","Diplonemea","unknown","g_","s_"
"32","ASV_32",0.00757994246037813,-0.036846240212552,-0.00562560446096793,"ASV_32","Metazoa","Arthropoda","Malacostraca","Euphausiacea","Euphausiidae","no_hit","no_hit"
"33","ASV_33",-0.0309313990868998,0.0707644816371986,-0.118929272041215,"ASV_33","no_hit","no_hit","no_hit","no_hit","no_hit","no_hit","no_hit"
"34","ASV_34",-0.043852080530249,-0.0551529862064233,-0.0912147291068748,"ASV_34","no_hit","Bacillariophyta","Coscinodiscophyceae","no_hit","no_hit","no_hit","no_hit"
"35","ASV_36",-0.0495659717267631,-0.0159897973842553,-0.0563117869401201,"ASV_36","no_hit","Ciliophora","Prostomatea","Prorodontida","Plagiocampidae","g_","s_"
"36","ASV_37",0.0394860077472901,-0.0100532412034658,-0.0462083107649108,"ASV_37","Metazoa","Arthropoda","Hexanauplia","Calanoida","Metridinidae","no_hit","no_hit"
"37","ASV_38",0.103608546196837,0.0244963605511833,-0.0554838609037665,"ASV_38","no_hit","Dinophyceae","Dinophyceae","Syndiniales","no_hit","no_hit","no_hit"
"38","ASV_39",0.0994295228568538,0.0480084203972204,-0.0436577688812224,"ASV_39","unassigned","unassigned","unassigned","unassigned","unassigned","unassigned","unassigned"
"39","ASV_41",0.0190676211834744,-0.0540650244680418,-0.0980615396873385,"ASV_41","no_hit","no_hit","no_hit","no_hit","no_hit","no_hit","no_hit"
"40","ASV_42",0.0871279967707773,-0.0334808802571057,-0.0555190281650535,"ASV_42","no_hit","unknown","unknown","unknown","unknown","g_","s_"
"41","ASV_43",-0.033009952417914,-0.0425476805901857,-0.0695593799517278,"ASV_43","Metazoa","Arthropoda","Hexanauplia","Calanoida","no_hit","no_hit","no_hit"
"42","ASV_44",0.106341350139103,-0.0380314816849329,-0.0245157505156831,"ASV_44","no_hit","unknown","Polycystinea","Nassellaria","Plagiacanthidae","Lithomelissa","Lithomelissa setosa"
"43","ASV_46",0.0254980898787405,-0.0933091410305678,-0.0470423404192817,"ASV_46","no_hit","unknown","unknown","unknown","unknown","unknown","s_"
"44","ASV_47",-0.0498879335307752,0.0198894094410898,-0.104381718957649,"ASV_47","no_hit","Bacillariophyta","Bacillariophyceae","Bacillariales","Bacillariaceae","Pseudo-nitzschia","no_hit"
"45","ASV_48",-0.0516362759001863,-0.0280142634874481,-0.0453869284723799,"ASV_48","no_hit","Dinophyceae","Dinophyceae","Prorocentrales","Prorocentraceae","Prorocentrum","Prorocentrum triestinum"
"46","ASV_49",-0.0341392628376699,-0.0382655837782555,-0.0841306119840388,"ASV_49","no_hit","Dinophyceae","Dinophyceae","Gymnodiniales","Gymnodiniaceae","Gyrodinium","Gyrodinium rubrum"
"47","ASV_50",-0.0572754747930099,-0.0427357318576599,-0.0672631208912857,"ASV_50","no_hit","Bacillariophyta","Coscinodiscophyceae","Chaetocerotales","Chaetocerotaceae","Chaetoceros","Chaetoceros brevis"
"48","ASV_51",-0.061932717853326,-0.0188300840328235,-0.0689417563094586,"ASV_51","no_hit","Bacillariophyta","Bacillariophyceae","Bacillariales","Bacillariaceae","Fragilariopsis","no_hit"
"49","ASV_52",0.0465334641751302,-0.0935965617493623,-0.0215006340508477,"ASV_52","no_hit","Dinophyceae","Dinophyceae","no_hit","no_hit","no_hit","no_hit"
"50","ASV_53",0.0576905602698649,-0.0100865811030131,-0.0118552948655137,"ASV_53","no_hit","Imbricatea","unknown","Thaumatomonadida","Thaumatomastigidae","Protaspis","s_"
"51","ASV_54",-0.0636758834952038,-0.0263189675134595,-0.0524535941847694,"ASV_54","no_hit","Dinophyceae","Dinophyceae","Prorocentrales","Prorocentraceae","Prorocentrum","no_hit"
"52","ASV_55",-0.0110078764385812,0.00617115334393876,-0.0504877701729611,"ASV_55","Metazoa","Arthropoda","Hexanauplia","Cyclopoida","Oithonidae","Oithona","no_hit"
"53","ASV_56",-0.00836356913104137,-0.0597830722587293,-0.0460864713631104,"ASV_56","no_hit","Bacillariophyta","Coscinodiscophyceae","Thalassiosirales","Thalassiosiraceae","Thalassiosira","no_hit"
"54","ASV_57",0.0404838559466141,-0.0570532533846579,-0.0450528143509734,"ASV_57","Metazoa","Arthropoda","Hexanauplia","Cyclopoida","Oithonidae","Oithona","Oithona similis"
"55","ASV_58",0.0977782586559921,-0.0612281739950214,0.00910908988622453,"ASV_58","Metazoa","Cnidaria","Scyphozoa","Semaeostomeae","Ulmaridae","Phacellophora","Phacellophora camtschatica"
"56","ASV_59",0.020997658495834,-0.0226457861807518,-0.100567996776121,"ASV_59","no_hit","Dinophyceae","Dinophyceae","no_hit","no_hit","no_hit","no_hit"
"57","ASV_60",0.0191793989035619,-0.0822266523128023,-0.0357306648101269,"ASV_60","no_hit","Dinophyceae","Dinophyceae","Gymnodiniales","Warnowiaceae","g_","s_"
"58","ASV_61",-0.0560935795949911,-0.0203533399769511,-0.05548871662736,"ASV_61","no_hit","Bacillariophyta","Bacillariophyceae","no_hit","no_hit","no_hit","no_hit"
"59","ASV_62",-0.0632669826704859,-0.0309415060006419,-0.06379439340055,"ASV_62","no_hit","Dinophyceae","Dinophyceae","Gymnodiniales","Warnowiaceae","g_","s_"
"60","ASV_63",-0.0109884594000133,0.0850246713665832,-0.028881580667883,"ASV_63","no_hit","Dinophyceae","Dinophyceae","Syndiniales","no_hit","no_hit","no_hit"
"61","ASV_64",0.0105605551557851,0.00468624950080276,-0.0487653262638575,"ASV_64","Metazoa","Arthropoda","Hexanauplia","Cyclopoida","Oithonidae","Oithona","Oithona decipiens"
"62","ASV_65",0.0167138598641258,0.0655721978955896,-0.0321462663967164,"ASV_65","Metazoa","Cnidaria","Hydrozoa","Siphonophorae","Apolemiidae","Apolemia","no_hit"
"63","ASV_67",-0.000124735076860027,-0.00148929733993569,0.00112208850943187,"ASV_67","Fungi","Ascomycota","Dothideomycetes","Cladosporiales","Cladosporiaceae","Cladosporium","no_hit"
"64","ASV_68",0.0150225649844717,0.0512840199019437,-0.056062059885559,"ASV_68","Metazoa","Arthropoda","Hexanauplia","Cyclopoida","Oithonidae","Oithona","Oithona pulla"
"65","ASV_69",-0.0162373781307304,-0.0286197876453536,-0.0937135631701551,"ASV_69","no_hit","Bacillariophyta","Bacillariophyceae","Naviculales","Naviculaceae","Navicula","no_hit"
"66","ASV_70",-0.0316425574674935,-0.00232819080577743,-0.043318225158074,"ASV_70","no_hit","Bacillariophyta","Coscinodiscophyceae","Chaetocerotales","Chaetocerotaceae","Chaetoceros","no_hit"
"67","ASV_71",0.0109387068812979,-0.0790777258908362,-0.0683211657835211,"ASV_71","no_hit","Haptophyta","no_hit","no_hit","no_hit","g_","s_"
"68","ASV_72",-0.0229855439974725,0.033146257089834,-0.10619593530841,"ASV_72","no_hit","Dinophyceae","Dinophyceae","Syndiniales","no_hit","no_hit","no_hit"
"69","ASV_73",0.0565852182350388,-0.016517565608656,-0.009584983774751,"ASV_73","no_hit","Dinophyceae","Dinophyceae","Syndiniales","Ellobiopsidae","g_","s_"
"70","ASV_74",-0.0562174749887339,-0.026852222595201,-0.0710624308454373,"ASV_74","no_hit","Dinophyceae","Dinophyceae","no_hit","no_hit","no_hit","no_hit"
"71","ASV_75",0.00525690987676518,0.0187583687154381,-0.0146985159047654,"ASV_75","Metazoa","Arthropoda","Ostracoda","Halocyprida","Halocyprididae","g_","s_"
"72","ASV_76",0.0865941946908669,0.00391410266321519,-0.03998303874578,"ASV_76","no_hit","Dinophyceae","Dinophyceae","Syndiniales","Amoebophryaceae","Amoebophrya","no_hit"
"73","ASV_77",0.0282122962036968,0.0729507872503761,-0.0489773954168772,"ASV_77","Metazoa","Cnidaria","Hydrozoa","Siphonophorae","Diphyidae","no_hit","no_hit"
"74","ASV_78",-0.0145468374441577,-0.022111808198066,-0.0706467382848507,"ASV_78","no_hit","Bacillariophyta","Bacillariophyceae","Bacillariales","Bacillariaceae","Pseudo-nitzschia","no_hit"
"75","ASV_79",0.0142918078717074,-0.0228358310339165,-0.0848642027224642,"ASV_79","no_hit","Dinophyceae","Dinophyceae","no_hit","no_hit","no_hit","no_hit"
"76","ASV_80",0.0856782561479963,-0.0784352631924146,0.0157255554598186,"ASV_80","no_hit","no_hit","no_hit","no_hit","no_hit","no_hit","no_hit"
"77","ASV_81",0.0130727366688495,-0.0631466852457155,-0.0633404917519224,"ASV_81","no_hit","unknown","unknown","unknown","unknown","g_","s_"
"78","ASV_82",-0.0638931237690663,-0.0287104995113301,-0.0615945440166515,"ASV_82","no_hit","Bacillariophyta","Coscinodiscophyceae","Thalassiosirales","Thalassiosiraceae","Thalassiosira","no_hit"
"79","ASV_83",0.0942935255127119,-0.0311775612424132,-0.0176916088026605,"ASV_83","no_hit","unknown","unknown","unknown","unknown","g_","s_"
"80","ASV_84",0.0912595704595893,-0.009280348065787,-0.0190827651273605,"ASV_84","no_hit","unknown","unknown","unknown","unknown","g_","s_"
"81","ASV_85",0.0113504328356848,-0.056114223464873,-0.0485172032741467,"ASV_85","no_hit","Dinophyceae","Dinophyceae","Peridiniales","Protoperidiniaceae","g_","s_"
"82","ASV_86",0.0276665489425465,0.0592992365332368,-0.0344988260966199,"ASV_86","no_hit","Dinophyceae","Dinophyceae","Coccidiniales","Chytriodiniaceae","Chytriodinium","s_"
"83","ASV_87",-0.0585861940238836,-0.013368091311655,-0.0552766530541587,"ASV_87","no_hit","Dinophyceae","Dinophyceae","Peridiniales","Peridiniaceae","Scrippsiella","no_hit"
"84","ASV_88",-0.0113255933073766,-0.0102945034275121,-0.0645037705315687,"ASV_88","no_hit","Dinophyceae","Dinophyceae","no_hit","no_hit","no_hit","no_hit"
"85","ASV_89",-0.0419402276178892,-0.0364681468151478,-0.0637395956404528,"ASV_89","no_hit","Bacillariophyta","Coscinodiscophyceae","Thalassiosirales","Thalassiosiraceae","Thalassiosira","Thalassiosira concaviuscula"
"86","ASV_90",0.0190288709241072,-0.0726107763204049,-0.045878954071759,"ASV_90","no_hit","Bacillariophyta","Coscinodiscophyceae","Stephanodiscales","Stephanodiscaceae","Cyclotella","no_hit"
"87","ASV_91",0.0852045595758113,0.000439104408671694,-0.0363706178551915,"ASV_91","no_hit","Dinophyceae","Dinophyceae","Syndiniales","no_hit","no_hit","no_hit"
"88","ASV_92",0.0932369191657474,-0.0613099184902558,0.0115695939212465,"ASV_92","no_hit","Dinophyceae","Dinophyceae","Peridiniales","no_hit","no_hit","no_hit"
"89","ASV_93",-0.0395726345345404,-0.039082118602382,-0.0558792459375969,"ASV_93","no_hit","Dinophyceae","Dinophyceae","no_hit","no_hit","no_hit","no_hit"
"90","ASV_94",-0.0119236749666607,-0.0508854089719922,-0.0611768200151268,"ASV_94","no_hit","unknown","Cryptophyceae","no_hit","no_hit","no_hit","no_hit"
"91","ASV_95",0.0600774609817836,-0.00195580725757389,-0.037482462874998,"ASV_95","Metazoa","Arthropoda","Hexanauplia","Poecilostomatoida","Oncaeidae","Oncaea","no_hit"
"92","ASV_96",0.078801667879492,0.00693001857849766,-0.039916990406914,"ASV_96","no_hit","unknown","unknown","unknown","unknown","unknown","Stramenopiles sp. MAST-1C-sp1"
"93","ASV_97",0.0579090806789729,0.0814835479452468,-0.0419827082778961,"ASV_97","no_hit","no_hit","no_hit","no_hit","no_hit","no_hit","no_hit"
"94","ASV_98",-0.00988708128719081,0.0158833210850022,-0.0725125384911305,"ASV_98","no_hit","Dinophyceae","Dinophyceae","no_hit","no_hit","no_hit","no_hit"
"95","ASV_99",0.0787100461537015,-0.00333110957379643,-0.0375810235818206,"ASV_99","no_hit","unknown","unknown","unknown","unknown","unknown","uncultured marine eukaryote"
"96","ASV_100",-0.0360228222160673,-0.00920466116991188,-0.0262402930145917,"ASV_100","no_hit","Dinophyceae","Dinophyceae","no_hit","no_hit","no_hit","no_hit"
"97","ASV_101",0.0244066159384187,-0.0668887113200097,-0.0410439559907669,"ASV_101","no_hit","Dinophyceae","Dinophyceae","Gonyaulacales","Gonyaulacaceae","Adenoides","Adenoides eludens"
"98","ASV_102",-0.00113789218697095,0.0581942917354326,-0.0253260908170416,"ASV_102","no_hit","no_hit","no_hit","no_hit","no_hit","no_hit","no_hit"
"99","ASV_103",0.0569788679042675,-0.0495795607688688,0.00692340497590807,"ASV_103","Metazoa","Annelida","Polychaeta","Terebellida","Terebellidae","Lysilla","Lysilla sp. THS-2012"
"100","ASV_104",-0.0403627947229019,-0.0225991580715118,-0.0442519926127814,"ASV_104","no_hit","Dinophyceae","Dinophyceae","Gonyaulacales","Gonyaulacaceae","Spiniferites","Spiniferites ramosus"
"101","ASV_105",0.0735508902361684,-0.0712645053922591,0.0115973193462552,"ASV_105","no_hit","no_hit","no_hit","no_hit","no_hit","no_hit","no_hit"
"102","ASV_106",-0.030335490942715,-0.000801053757830678,-0.0695423287601036,"ASV_106","no_hit","Dinophyceae","Dinophyceae","unknown","unknown","unknown","Dinophyceae sp. UDMS0803"
"103","ASV_107",0.0507356959447144,0.0710745816561515,-0.0439855324179323,"ASV_107","no_hit","no_hit","no_hit","no_hit","no_hit","no_hit","no_hit"
"104","ASV_108",0.0166622552584569,0.0217929596367863,-0.032289431079159,"ASV_108","no_hit","unknown","unknown","unknown","unknown","unknown","uncultured marine picoeukaryote"
"105","ASV_109",0.0116501963414533,-0.0693350310294386,-0.0306980268191615,"ASV_109","no_hit","Dinophyceae","Dinophyceae","Peridiniales","Protoperidiniaceae","Islandinium","Islandinium tricingulatum"
"106","ASV_110",0.045902863228133,0.00345088084183747,-0.0611471271295605,"ASV_110","no_hit","Dinophyceae","Dinophyceae","Peridiniales","Peridiniopsidaceae","Palatinus","Palatinus apiculatus"
"107","ASV_111",0.0785909057729809,-0.0195072620896548,-0.0268207686303604,"ASV_111","no_hit","Dinophyceae","Dinophyceae","Syndiniales","Duboscquellidae","Duboscquella","no_hit"
"108","ASV_112",0.0934102060796023,-0.0309152625536173,-0.00176346899639341,"ASV_112","no_hit","Dinophyceae","Dinophyceae","Syndiniales","Amoebophryaceae","Amoebophrya","no_hit"
"109","ASV_113",0.0773841526808627,0.0468969713150272,-0.0301678112794301,"ASV_113","no_hit","Dinophyceae","Dinophyceae","Gymnodiniales","Kareniaceae","g_","s_"
"110","ASV_114",0.0258534436671832,-0.0356941412092599,-0.0318356117494964,"ASV_114","Fungi","Basidiomycota","Exobasidiomycetes","Exobasidiales","Brachybasidiaceae","g_","s_"
"111","ASV_115",-0.015567943425579,-0.0332860271985943,-0.0435396903286724,"ASV_115","no_hit","unknown","Cryptophyceae","Pyrenomonadales","Geminigeraceae","Teleaulax","Teleaulax amphioxeia"
"112","ASV_116",-0.0367694510184495,-0.0158377316512007,-0.0428105577435109,"ASV_116","no_hit","Dinophyceae","Dinophyceae","Peridiniales","Amphidiniopsidaceae","Archaeperidinium","no_hit"
"113","ASV_117",-0.0210422727546655,-0.000637102897231389,-0.0186334271712487,"ASV_117","no_hit","Oomycota","no_hit","no_hit","no_hit","no_hit","no_hit"
"114","ASV_118",-0.00560433294010565,-0.0314200103262093,-0.0326390927069017,"ASV_118","no_hit","Dinophyceae","Dinophyceae","Suessiales","unknown","Dactylodinium","Dactylodinium arachnoides"
"115","ASV_119",0.0434246424881028,-0.0724876065925904,-0.0162518643472359,"ASV_119","no_hit","Bacillariophyta","Coscinodiscophyceae","no_hit","no_hit","no_hit","no_hit"
"116","ASV_120",-0.0450311462432354,-0.0275231542827327,-0.0445469943061439,"ASV_120","no_hit","Bacillariophyta","Bacillariophyceae","Naviculales","Naviculaceae","Haslea","no_hit"
"117","ASV_121",-0.0467040093919736,-0.041168239022037,-0.0571311515949119,"ASV_121","no_hit","Ciliophora","Spirotrichea","unknown","Strombidiidae","g_","s_"
"118","ASV_122",-0.0231934447848817,-0.0194920848662934,-0.0475073782238779,"ASV_122","Metazoa","Arthropoda","Hexanauplia","Poecilostomatoida","Corycaeidae","no_hit","no_hit"
"119","ASV_123",0.0814294200713276,0.031005447125288,-0.0274392523116578,"ASV_123","no_hit","unknown","Choanoflagellata","Acanthoecida","Stephanoecidae","Calliacantha","Calliacantha natans"
"120","ASV_124",-0.0168384892409074,-0.0444755184912083,-0.0493497225256335,"ASV_124","no_hit","Bacillariophyta","Bacillariophyceae","Bacillariales","Bacillariaceae","g_","s_"
"121","ASV_125",0.0192036066940532,-0.019714766051025,-0.0509097511456525,"ASV_125","no_hit","no_hit","no_hit","no_hit","no_hit","no_hit","no_hit"
"122","ASV_126",0.00869837795662069,0.0100742165829562,1.85355129588118e-05,"ASV_126","no_hit","unknown","Acantharea","Chaunacanthida","no_hit","no_hit","no_hit"
"123","ASV_127",0.0377986827388816,0.00209911302151787,-0.0318531625367817,"ASV_127","Metazoa","Arthropoda","Hexanauplia","Calanoida","Metridinidae","Metridia","no_hit"
"124","ASV_128",-0.0257126013162423,-0.0351679835057181,-0.0482787929507485,"ASV_128","no_hit","Bacillariophyta","Coscinodiscophyceae","Rhizosoleniales","Rhizosoleniaceae","Rhizosolenia","Rhizosolenia setigera"
"125","ASV_129",0.064774717309021,0.0736734628529347,-0.0396744268075517,"ASV_129","no_hit","Euglenozoa","unknown","Diplonemea","unknown","g_","s_"
"126","ASV_130",-0.0383444976202322,-0.0161546106440044,-0.0455261103772297,"ASV_130","no_hit","Bacillariophyta","Bacillariophyceae","Bacillariales","Bacillariaceae","Fragilariopsis","no_hit"
"127","ASV_131",0.0657799304607831,-0.0561249600747808,-0.00249603267649976,"ASV_131","no_hit","unknown","unknown","unknown","unknown","g_","s_"
"128","ASV_132",-0.0097293790548152,-0.0599485638115414,-0.0276586292866825,"ASV_132","no_hit","unknown","unknown","unknown","unknown","unknown","uncultured marine picoeukaryote"
"129","ASV_133",0.0125575386345253,0.0102283852881912,-0.0476039649305201,"ASV_133","no_hit","unknown","unknown","unknown","unknown","g_","s_"
"130","ASV_134",0.0137572884986283,-0.0392096532332272,-0.0458197006427753,"ASV_134","no_hit","unknown","unknown","unknown","unknown","unknown","uncultured marine picoeukaryote"
"131","ASV_135",0.0687803967739677,0.0413714798560444,-0.0289190427444246,"ASV_135","no_hit","unknown","Choanoflagellata","no_hit","no_hit","no_hit","no_hit"
"132","ASV_136",-0.034180803010249,-0.0189758785765618,-0.035458119894122,"ASV_136","no_hit","Ciliophora","no_hit","no_hit","no_hit","no_hit","no_hit"
"133","ASV_137",0.0697488636629695,-0.0357381892846921,-0.00174587585242903,"ASV_137","no_hit","Dinophyceae","Dinophyceae","Coccidiniales","Chytriodiniaceae","g_","s_"
"134","ASV_138",0.0713645116616722,-0.0435649824200052,0.00212544362976627,"ASV_138","no_hit","Dinophyceae","Dinophyceae","Syndiniales","Amoebophryaceae","Amoebophrya","no_hit"
"135","ASV_139",0.0800264666543706,-0.00195205337074006,-0.024322124549707,"ASV_139","no_hit","unknown","unknown","unknown","unknown","unknown","Stramenopiles sp. MAST-4E-sp1"
"136","ASV_140",0.0506094126045442,-0.0693810132270683,-0.00434309225549676,"ASV_140","no_hit","unknown","unknown","unknown","unknown","unknown","s_"
"137","ASV_141",0.00839613859888774,0.0993473494785691,-0.0423469892459491,"ASV_141","no_hit","no_hit","no_hit","no_hit","no_hit","no_hit","no_hit"
"138","ASV_142",-0.0431763507081723,-0.0182619734068462,-0.0379554955608424,"ASV_142","no_hit","Dinophyceae","Dinophyceae","Dinophysiales","Dinophysiaceae","Phalacroma","Phalacroma oxytoxoides"
"139","ASV_143",0.0274517714711536,-0.0428749461834672,-0.0284990797062711,"ASV_143","no_hit","Dinophyceae","Dinophyceae","unknown","unknown","Theleodinium","Theleodinium calcisporum"
"140","ASV_144",0.0503416656287728,0.00295812493503663,-0.0360858542103713,"ASV_144","no_hit","unknown","unknown","unknown","unknown","unknown","s_"
"141","ASV_145",-0.0305296310776164,-0.0275174299073358,-0.0299149712466295,"ASV_145","no_hit","Imbricatea","unknown","Thaumatomonadida","no_hit","no_hit","no_hit"
"142","ASV_146",0.0117816072307628,-0.0401894584249066,-0.0338518383559627,"ASV_146","no_hit","Ciliophora","Spirotrichea","unknown","Strombidiidae","Strombidium","Strombidium caudispina"
"143","ASV_147",0.0179649981091781,0.00919613238424653,-0.0233302356958651,"ASV_147","no_hit","no_hit","no_hit","no_hit","no_hit","no_hit","no_hit"
"144","ASV_148",-0.027455647921333,-0.0235536017924301,-0.0392099738877499,"ASV_148","no_hit","Bacillariophyta","Coscinodiscophyceae","Melosirales","Stephanopyxidaceae","g_","s_"
"145","ASV_149",-0.0146594734608624,0.000273077894813859,-0.0169895573718143,"ASV_149","no_hit","unknown","Bigyra","Nanomonadea","unknown","Solenicola","s_"
"146","ASV_150",0.00079326128076927,-0.0620102749657492,-0.0362972248597427,"ASV_150","no_hit","Haptophyta","unknown","Prymnesiales","no_hit","no_hit","no_hit"
"147","ASV_151",-0.0401733696043948,-0.0215825835197161,-0.0494469708436515,"ASV_151","Metazoa","Arthropoda","Hexanauplia","Calanoida","Paracalanidae","Paracalanus","Paracalanus parvus"
"148","ASV_152",0.00412269108248389,0.0201018455358764,-0.0372291120674163,"ASV_152","no_hit","Oomycota","unknown","Lagenidiales","Haliphthoraceae","g_","s_"
"149","ASV_153",0.0856987616599706,-0.0158134419156013,-0.0041166780151359,"ASV_153","no_hit","Dinophyceae","Dinophyceae","Syndiniales","Amoebophryaceae","Amoebophrya","s_"
"150","ASV_154",0.0269561681283987,0.0420774231691609,-0.0315642030006686,"ASV_154","Metazoa","Arthropoda","Hexanauplia","Poecilostomatoida","Oncaeidae","no_hit","no_hit"
"151","ASV_155",0.035567945466981,-0.00743353268501143,-0.0503685566813249,"ASV_155","no_hit","Dinophyceae","Dinophyceae","Gymnodiniales","Kareniaceae","Karlodinium","no_hit"
"152","ASV_156",-0.0341628581052105,-0.0110868697085732,-0.0316911940520031,"ASV_156","no_hit","Dinophyceae","Dinophyceae","Peridiniales","Protoperidiniaceae","Protoperidinium","s_"
"153","ASV_157",0.0908670760946272,-0.00422161632779512,-0.00442998937884941,"ASV_157","no_hit","unknown","Bigyra","Nanomonadea","unknown","Incisomonas","s_"
"154","ASV_158",0.0029774169095756,0.0193870071667224,-0.0198760698111739,"ASV_158","Metazoa","Arthropoda","Hexanauplia","Cyclopoida","Oithonidae","Oithona","no_hit"
"155","ASV_159",0.0626079669240093,-0.0334336656878627,-6.18605179300742e-05,"ASV_159","no_hit","unknown","unknown","unknown","unknown","g_","s_"
"156","ASV_160",-0.0181419632057637,-0.00109321767938149,-0.0472641093204257,"ASV_160","no_hit","Ciliophora","Spirotrichea","no_hit","no_hit","no_hit","no_hit"
"157","ASV_161",-0.0228698432960839,-0.0108034998860395,-0.027958483217671,"ASV_161","Metazoa","Rotifera","Eurotatoria","Ploima","Synchaetidae","Synchaeta","Synchaeta grimpei"
"158","ASV_162",0.0530691905381621,-0.026493283925134,-0.0186001612633606,"ASV_162","no_hit","Dinophyceae","Dinophyceae","Syndiniales","no_hit","no_hit","no_hit"
"159","ASV_163",0.034340279185731,0.0436507423249114,-0.0425044646747942,"ASV_163","no_hit","Bacillariophyta","Coscinodiscophyceae","Thalassiosirales","Thalassiosiraceae","Minidiscus","no_hit"
"160","ASV_164",-0.0226488964840463,-0.0137470334806496,-0.02824177672776,"ASV_164","no_hit","Dinophyceae","Dinophyceae","Peridiniales","Peridiniaceae","Scrippsiella","no_hit"
"161","ASV_165",0.0764008574460327,-0.0366732777519946,0.00541085156194177,"ASV_165","no_hit","Dinophyceae","Dinophyceae","Syndiniales","Amoebophryaceae","Amoebophrya","no_hit"
"162","ASV_166",0.0244811499126405,0.0787101146188127,-0.0452442011808459,"ASV_166","no_hit","Dinophyceae","Dinophyceae","no_hit","no_hit","no_hit","no_hit"
"163","ASV_167",-0.0460711792849489,-0.014706453239332,-0.0465517470136138,"ASV_167","no_hit","Dinophyceae","Dinophyceae","Gonyaulacales","Ceratiaceae","Tripos","no_hit"
"164","ASV_168",-0.0391933860929704,-0.0253992387116306,-0.0357693255200118,"ASV_168","no_hit","Ciliophora","Spirotrichea","unknown","Tontoniidae","Pseudotontonia","Pseudotontonia sp. JG-2011a"
"165","ASV_169",-0.051943524477626,-0.0208582641374136,-0.0406337698896555,"ASV_169","no_hit","Bacillariophyta","Bacillariophyceae","Bacillariales","Bacillariaceae","no_hit","no_hit"
"166","ASV_170",0.0185640494297474,-0.0036074755855036,-0.0117790273364189,"ASV_170","Metazoa","Arthropoda","Hexanauplia","Calanoida","Calocalanidae","Calocalanus","s_"
"167","ASV_171",-0.0318491051006336,-0.020787267106389,-0.0386550679131111,"ASV_171","no_hit","Bacillariophyta","Coscinodiscophyceae","Chaetocerotales","Chaetocerotaceae","Chaetoceros","no_hit"
"168","ASV_172",0.0728821471835782,-0.000419095798909167,-0.0208741911274353,"ASV_172","no_hit","unknown","unknown","unknown","unknown","unknown","Stramenopiles sp. MAST-4A-sp1"
"169","ASV_173",-0.0328589392533116,-0.013831484601679,-0.0352888390711969,"ASV_173","Viridiplantae","Chlorophyta","no_hit","no_hit","no_hit","no_hit","no_hit"
"170","ASV_174",0.00311254273960474,0.0832254380101383,-0.0349705347870003,"ASV_174","Metazoa","Cnidaria","Hydrozoa","Siphonophorae","no_hit","no_hit","no_hit"
"171","ASV_175",0.0681649152769541,-0.0311801059795099,0.000751580792017787,"ASV_175","no_hit","unknown","Acantharea","Chaunacanthida","Gigartacontidae","Gigartacon","Gigartacon muelleri"
"172","ASV_176",-0.0178585938424943,-0.0360593569479694,-0.0295510409303196,"ASV_176","no_hit","Haptophyta","unknown","Isochrysidales","Noelaerhabdaceae","no_hit","no_hit"
"173","ASV_177",0.0737536393744833,-0.01875999946869,-0.00499218239561479,"ASV_177","no_hit","Dinophyceae","Dinophyceae","no_hit","no_hit","no_hit","no_hit"
"174","ASV_178",0.0352332002295614,0.0789574885707294,-0.0339763298530651,"ASV_178","no_hit","Dinophyceae","Dinophyceae","Syndiniales","no_hit","no_hit","no_hit"
"175","ASV_179",-0.0065068801748738,0.00615378709499279,-0.0205973007581622,"ASV_179","no_hit","unknown","unknown","unknown","unknown","unknown","s_"
"176","ASV_180",-0.00275452771825785,-0.00277016525881759,-0.00284106234654114,"ASV_180","Metazoa","Rotifera","Eurotatoria","Ploima","Synchaetidae","Synchaeta","no_hit"
"177","ASV_181",-0.0156584635509829,-0.0285840313307811,-0.0480437154088952,"ASV_181","no_hit","Dinophyceae","Dinophyceae","no_hit","no_hit","no_hit","no_hit"
"178","ASV_182",0.0651587480602485,0.00226920247375091,-0.0167336906249017,"ASV_182","no_hit","unknown","unknown","unknown","unknown","unknown","s_"
"179","ASV_183",0.0406838241088607,-0.000290510989489397,-0.0147736429083381,"ASV_183","no_hit","Dinophyceae","Dinophyceae","Syndiniales","Amoebophryaceae","Amoebophrya","s_"
"180","ASV_184",0.00502955160848509,-0.00518214258095922,-0.0394884520754784,"ASV_184","no_hit","Dinophyceae","Dinophyceae","no_hit","no_hit","no_hit","no_hit"
"181","ASV_185",0.0318060161092148,0.0287982235421582,-0.022380448898701,"ASV_185","no_hit","Cercozoa","unknown","unknown","unknown","g_","s_"
"182","ASV_186",0.0529433073828535,-0.060420857361418,0.00539669022487877,"ASV_186","no_hit","Dinophyceae","Dinophyceae","Coccidiniales","Chytriodiniaceae","g_","s_"
"183","ASV_187",-0.0268724954820382,-0.0217506334912663,-0.025426135660465,"ASV_187","no_hit","Dinophyceae","Dinophyceae","Gymnodiniales","Warnowiaceae","Proterythropsis","no_hit"
"184","ASV_188",0.0463880917439042,0.00405497767487453,-0.0333469495730009,"ASV_188","no_hit","Ciliophora","Spirotrichea","no_hit","no_hit","no_hit","no_hit"
"185","ASV_189",-0.00653128186616368,-0.0273275731815336,-0.0245964951467249,"ASV_189","no_hit","Dinophyceae","Dinophyceae","Gymnodiniales","Gymnodiniaceae","Gymnodinium","no_hit"
"186","ASV_191",-0.0246089210928157,-0.0206220724118526,-0.0373755593350271,"ASV_191","Metazoa","Arthropoda","Hexanauplia","Calanoida","Calocalanidae","Calocalanus","no_hit"
"187","ASV_192",0.0160057989304657,-0.0377022006194343,-0.0229905992237493,"ASV_192","no_hit","Dinophyceae","Dinophyceae","no_hit","no_hit","no_hit","no_hit"
"188","ASV_193",0.0432180716387003,0.045301665103103,-0.0334150133123524,"ASV_193","no_hit","Dinophyceae","Dinophyceae","Coccidiniales","Chytriodiniaceae","g_","s_"
"189","ASV_194",-0.00482298210886531,-0.00935985812115229,-0.0083555215397975,"ASV_194","Metazoa","Arthropoda","Malacostraca","Euphausiacea","Euphausiidae","no_hit","no_hit"
"190","ASV_195",0.016032583273252,-0.0284220451746391,-0.0205290268649638,"ASV_195","no_hit","unknown","unknown","unknown","unknown","g_","s_"
"191","ASV_196",0.0158390567274474,0.0526084391311293,-0.0361161574162032,"ASV_196","no_hit","Bacillariophyta","Coscinodiscophyceae","Thalassiosirales","Thalassiosiraceae","Thalassiosira","no_hit"
"192","ASV_197",0.0535795022201178,-0.0481710424517146,0.0038543746818019,"ASV_197","no_hit","Dinophyceae","Dinophyceae","no_hit","no_hit","no_hit","no_hit"
"193","ASV_198",-0.010925359985436,0.00218580044237041,-0.0420807126661904,"ASV_198","no_hit","Dinophyceae","Dinophyceae","Peridiniales","Peridiniaceae","Pentapharsodinium","no_hit"
"194","ASV_199",0.035336365570634,0.0501533390038934,-0.0207491197620249,"ASV_199","no_hit","unknown","unknown","unknown","unknown","g_","s_"
"195","ASV_200",0.0449453002684896,0.0262019980449368,-0.0239722138570706,"ASV_200","no_hit","Dinophyceae","Dinophyceae","Gymnodiniales","Kareniaceae","Takayama","Takayama cf. pulchellum"
"196","ASV_201",0.0288495522899016,0.0765026135545942,-0.0380830471046523,"ASV_201","no_hit","Euglenozoa","unknown","Diplonemea","no_hit","no_hit","no_hit"
"197","ASV_202",-0.0409928704708082,-0.0108183354456685,-0.0327582969688103,"ASV_202","no_hit","Dinophyceae","Dinophyceae","unknown","unknown","unknown","Thecate dinoflagellate UDTSW0701"
"198","ASV_203",0.0436125035736394,-0.0155443650922023,-0.0178345143007323,"ASV_203","no_hit","Dinophyceae","Dinophyceae","no_hit","no_hit","no_hit","no_hit"
"199","ASV_204",0.0219574634588483,-0.0525494567762454,-0.0121542759005648,"ASV_204","no_hit","Dinophyceae","Dinophyceae","Peridiniales","Protoperidiniaceae","Protoperidinium","s_"
"200","ASV_205",0.06152367307755,-0.0408856498776868,0.00267754572409186,"ASV_205","Metazoa","Annelida","Polychaeta","Terebellida","Terebellidae","Lysilla","Lysilla sp. THS-2012"
"201","ASV_206",0.0485195213967677,0.0243976422509725,-0.0247193479301594,"ASV_206","no_hit","unknown","Choanoflagellata","no_hit","no_hit","g_","s_"
"202","ASV_207",-0.0191610562235824,-0.0182104966144798,-0.024279306698056,"ASV_207","no_hit","Dinophyceae","Dinophyceae","no_hit","no_hit","g_","s_"
"203","ASV_208",-0.0237273767577563,-0.011881869468065,-0.0205841021524723,"ASV_208","no_hit","Ciliophora","Prostomatea","Prorodontida","Colepidae","Tiarina","no_hit"
"204","ASV_209",0.0704361621557917,-0.00276259346281874,0.00311467027186449,"ASV_209","no_hit","Dinophyceae","Dinophyceae","Syndiniales","Amoebophryaceae","g_","s_"
"205","ASV_210",0.0141307418055998,-0.00801095206146056,-0.0335840575381766,"ASV_210","no_hit","unknown","Choanoflagellata","Acanthoecida","Stephanoecidae","Calliacantha","Calliacantha natans"
"206","ASV_211",0.0171915617202249,0.0221009806802576,-0.0135201294444988,"ASV_211","Metazoa","Cnidaria","Hydrozoa","Anthoathecata","Pandeidae","Leuckartiara","Leuckartiara octona"
"207","ASV_213",0.00539483261030234,0.0876067773299526,-0.034796934430513,"ASV_213","no_hit","unknown","Polycystinea","Collodaria","Collozoidae","Cladococcus","Cladococcus viminalis"
"208","ASV_214",0.0242207784810426,0.079097038257008,-0.0344397790265795,"ASV_214","no_hit","unknown","unknown","unknown","unknown","unknown","s_"
"209","ASV_215",0.00800712944461433,0.0602588354981581,-0.030520403292314,"ASV_215","no_hit","no_hit","no_hit","no_hit","no_hit","no_hit","no_hit"
"210","ASV_216",-0.0116817704557016,-0.00690464820930023,-0.0410972034266223,"ASV_216","no_hit","Bacillariophyta","Coscinodiscophyceae","Coscinodiscales","Hemidiscaceae","Actinocyclus","Actinocyclus curvatulus"
"211","ASV_217",0.012073446756561,0.0838102612428674,-0.0365520810706247,"ASV_217","no_hit","Euglenozoa","unknown","Diplonemea","unknown","unknown","Diplonemida sp. 37 RG-2016"
"212","ASV_218",0.00298120996537403,0.0512212629551283,-0.0243321922782442,"ASV_218","no_hit","unknown","Acantharea","Chaunacanthida","unknown","g_","s_"
"213","ASV_219",0.056486934137238,-0.0572435026284376,0.0112469311590916,"ASV_219","no_hit","Dinophyceae","Dinophyceae","Coccidiniales","Chytriodiniaceae","g_","s_"
"214","ASV_220",0.05359911891281,-0.0144998799055258,-0.0179489516617912,"ASV_220","no_hit","Dinophyceae","Dinophyceae","Syndiniales","Amoebophryaceae","Amoebophrya","s_"
"215","ASV_221",-0.00244359434967673,0.0270905369691556,-0.0122561756482122,"ASV_221","no_hit","Dinophyceae","Dinophyceae","Gymnodiniales","Amphilothaceae","Achradina","Achradina pulchra"
"216","ASV_222",0.0316913210667034,-0.034534584528604,-0.0138127637406197,"ASV_222","no_hit","no_hit","no_hit","no_hit","no_hit","no_hit","no_hit"
"217","ASV_223",0.0115438427702464,-0.0423620985301209,-0.0254368691290348,"ASV_223","no_hit","no_hit","no_hit","no_hit","no_hit","no_hit","no_hit"
"218","ASV_224",0.0423920625541061,-0.00515197615219134,-0.0162163079755765,"ASV_224","Metazoa","Arthropoda","Hexanauplia","Poecilostomatoida","Oncaeidae","no_hit","no_hit"
"219","ASV_225",0.00585313362089698,0.0142213736485391,-0.0347167786191691,"ASV_225","no_hit","unknown","Choanoflagellata","Craspedida","Salpingoecidae","Bicosta","Bicosta minor"
"220","ASV_226",0.0515524875772532,0.0363298160369562,-0.0197269361163807,"ASV_226","no_hit","Dinophyceae","Dinophyceae","Peridiniales","Podolampaceae","Lessardia","Lessardia elongata"
"221","ASV_227",-0.0126487869710791,-0.0163404868823504,-0.0310699696726945,"ASV_227","Metazoa","Chordata","Appendicularia","Copelata","Fritillariidae","Fritillaria <tunicates>","Fritillaria borealis"
"222","ASV_228",0.00738819118830739,0.0269196693555392,-0.0426153336774914,"ASV_228","no_hit","unknown","Choanoflagellata","Acanthoecida","Stephanoecidae","Diaphanoeca","Diaphanoeca undulata"
"223","ASV_229",0.0269916903900055,-0.0448412286881186,-0.0159288520715322,"ASV_229","no_hit","unknown","unknown","unknown","unknown","unknown","phototrophic eukaryote"
"224","ASV_230",0.00569402521694713,0.0376747828832184,-0.015938929895172,"ASV_230","Metazoa","Arthropoda","Hexanauplia","Calanoida","no_hit","no_hit","no_hit"
"225","ASV_231",0.0648575964077573,-0.0194109096206958,-6.57258586519599e-05,"ASV_231","no_hit","Dinophyceae","Dinophyceae","Syndiniales","Amoebophryaceae","g_","s_"
"226","ASV_232",-0.0327765635645793,-0.0112228653574006,-0.030831383967402,"ASV_232","no_hit","Ciliophora","Spirotrichea","unknown","Strombidiidae","Strombidium","Strombidium caudispina"
"227","ASV_233",-0.023100105385444,-0.0225709952291399,-0.0297956044485801,"ASV_233","no_hit","Oomycota","unknown","Lagenidiales","Haliphthoraceae","g_","s_"
"228","ASV_234",-0.0275235188442958,-0.011899594830608,-0.0263315572855356,"ASV_234","no_hit","Dinophyceae","Dinophyceae","no_hit","no_hit","no_hit","no_hit"
"229","ASV_235",0.0580812884327349,0.00936949680972236,-0.0118790685708206,"ASV_235","no_hit","unknown","unknown","unknown","unknown","g_","s_"
"230","ASV_236",-0.0122386587790947,-0.0180896571566606,-0.0269584385439026,"ASV_236","no_hit","unknown","unknown","unknown","unknown","g_","s_"
"231","ASV_237",0.0101411930209333,-0.0565497038620343,-0.0204848122528104,"ASV_237","no_hit","unknown","Cryptophyceae","Pyrenomonadales","Geminigeraceae","Teleaulax","Teleaulax amphioxeia"
"232","ASV_238",0.00786499673956378,-0.0084502113596862,-0.000945115593981981,"ASV_238","Metazoa","Arthropoda","Hexanauplia","Calanoida","Metridinidae","no_hit","no_hit"
"233","ASV_239",0.0536806569007073,-0.0048493318202245,-0.00734917615734757,"ASV_239","no_hit","Dinophyceae","Dinophyceae","Syndiniales","no_hit","g_","s_"
"234","ASV_240",-0.00361303449685074,0.021330180831381,-0.00934306401938808,"ASV_240","no_hit","unknown","Polycystinea","Spumellaria","Spongodiscidae","no_hit","no_hit"
"235","ASV_241",-0.0284669087430416,-0.0204611997285565,-0.0278244206703514,"ASV_241","no_hit","Dinophyceae","Dinophyceae","Gymnodiniales","Gymnodiniaceae","g_","s_"
"236","ASV_242",0.0475416539201171,-8.91330427680148e-05,-0.0215018581741964,"ASV_242","no_hit","unknown","unknown","unknown","unknown","unknown","uncultured marine picoeukaryote"
"237","ASV_243",0.0409056544939465,-0.0222398097366912,-0.000743014692906967,"ASV_243","Metazoa","Chordata","Appendicularia","Copelata","Oikopleuridae","Oikopleura","no_hit"
"238","ASV_244",-0.0274751438405264,-0.0201828782693078,-0.0308566654574165,"ASV_244","no_hit","Dinophyceae","Dinophyceae","Gymnodiniales","Gymnodiniaceae","g_","s_"
"239","ASV_245",0.0185324188033996,0.0828317696893718,-0.0296618555855585,"ASV_245","no_hit","Dinophyceae","Dinophyceae","Syndiniales","no_hit","no_hit","no_hit"
"240","ASV_246",-0.00588264442830621,0.0606863887169115,-0.0282936954902034,"ASV_246","Metazoa","Chordata","Appendicularia","Copelata","Oikopleuridae","Oikopleura","no_hit"
"241","ASV_247",0.0658544634655675,0.0259487673149549,-0.00967258702355018,"ASV_247","no_hit","no_hit","no_hit","no_hit","no_hit","no_hit","no_hit"
"242","ASV_248",0.0308684621019336,-0.0220181426336924,-0.0214888213610504,"ASV_248","no_hit","unknown","unknown","unknown","unknown","unknown","uncultured marine eukaryote"
"243","ASV_249",-0.0264673825404869,-0.0112609533810424,-0.0380846231041535,"ASV_249","Metazoa","Arthropoda","Hexanauplia","Calanoida","Calanidae","no_hit","no_hit"
"244","ASV_250",-0.00610682231543187,-0.00646272249185079,-0.0311065902049557,"ASV_250","no_hit","no_hit","no_hit","no_hit","no_hit","g_","s_"
"245","ASV_251",0.0525461433658964,-0.0293008211268949,0.00212453182430273,"ASV_251","no_hit","Ciliophora","Spirotrichea","Tintinnida","Tintinnidae","Salpingella","no_hit"
"246","ASV_252",0.0227972899304079,0.0621134998107207,-0.0270070516307829,"ASV_252","no_hit","Euglenozoa","unknown","Diplonemea","no_hit","no_hit","no_hit"
"247","ASV_253",0.0413350277465422,-0.0213636034341143,-0.0089080597206736,"ASV_253","no_hit","unknown","Choanoflagellata","Acanthoecida","Stephanoecidae","g_","s_"
"248","ASV_254",0.0529424228976708,-0.0352001549127778,0.00237042659180024,"ASV_254","no_hit","no_hit","no_hit","no_hit","no_hit","no_hit","no_hit"
"249","ASV_255",0.0508724171248597,-0.0132163965632657,-0.0100437248444647,"ASV_255","no_hit","Dinophyceae","Dinophyceae","Syndiniales","Amoebophryaceae","Amoebophrya","no_hit"
"250","ASV_256",0.0668271025855625,-0.0261302993086168,0.00811771686397628,"ASV_256","no_hit","unknown","unknown","unknown","unknown","unknown","Stramenopiles sp. MAST-3C-sp1"
"251","ASV_257",0.00171735153378977,0.0131945753301568,-0.00780356498152451,"ASV_257","Metazoa","Arthropoda","Hexanauplia","Calanoida","no_hit","no_hit","no_hit"
"252","ASV_258",0.0458008839801556,0.00295956455954485,-0.0192000830104333,"ASV_258","no_hit","unknown","unknown","unknown","unknown","g_","s_"
"253","ASV_259",0.0236884642010901,-0.01039640713979,-0.00941000022444354,"ASV_259","no_hit","Dinophyceae","Dinophyceae","no_hit","no_hit","no_hit","no_hit"
"254","ASV_260",-0.0212623257769528,-0.0140876173807861,-0.0331371983654917,"ASV_260","no_hit","Dinophyceae","Dinophyceae","no_hit","no_hit","no_hit","no_hit"
"255","ASV_261",-0.024638851764413,-0.00806837602597363,-0.0256594467757648,"ASV_261","no_hit","Dinophyceae","Dinophyceae","Peridiniales","Protoperidiniaceae","Protoperidinium","Protoperidinium excentricum"
"256","ASV_262",0.0280524915978481,-0.0214418564785849,-0.000334508137020562,"ASV_262","Metazoa","Arthropoda","Hexanauplia","Calanoida","Clausocalanidae","Clausocalanus","no_hit"
"257","ASV_263",0.0214244800570586,0.06770636800792,-0.0308318398537832,"ASV_263","no_hit","Euglenozoa","unknown","Diplonemea","unknown","unknown","s_"
"258","ASV_264",0.0533928116817636,-0.02256611763285,0.000851462671318663,"ASV_264","no_hit","Dinophyceae","Dinophyceae","Syndiniales","no_hit","no_hit","no_hit"
"259","ASV_265",-0.0221783999185359,-0.0108402228112873,-0.0237082439572607,"ASV_265","no_hit","Oomycota","unknown","Lagenidiales","Haliphthoraceae","Haliphthoros","no_hit"
"260","ASV_266",-0.0206918627558974,-0.00851518472297586,-0.0279186854383856,"ASV_266","no_hit","Dinophyceae","Dinophyceae","no_hit","no_hit","no_hit","no_hit"
"261","ASV_267",0.00253243230890558,0.0178666158613294,-0.000840209239061788,"ASV_267","no_hit","Cercozoa","Thecofilosea","unknown","unknown","g_","s_"
"262","ASV_268",0.0356706089239439,-0.0145571732622188,-0.00480871270686967,"ASV_268","no_hit","unknown","unknown","unknown","unknown","g_","s_"
"263","ASV_269",-0.0304752625806691,-0.00731722514316996,-0.0192243333127018,"ASV_269","no_hit","Dinophyceae","Dinophyceae","Syndiniales","Amoebophryaceae","g_","s_"
"264","ASV_270",-0.0153276265353148,-0.00757142830476865,-0.0270472331173227,"ASV_270","no_hit","Dinophyceae","Dinophyceae","Gonyaulacales","Amphidomataceae","g_","s_"
"265","ASV_272",0.00488690119573377,0.0416967308979588,-0.014189863401397,"ASV_272","no_hit","Dinophyceae","Dinophyceae","no_hit","no_hit","no_hit","no_hit"
"266","ASV_273",0.0468320814238262,0.00745931610726609,-0.0191084965720346,"ASV_273","no_hit","Dinophyceae","Dinophyceae","Coccidiniales","Chytriodiniaceae","g_","s_"
"267","ASV_274",0.0619882556593547,0.0187365711603612,-0.00767641268613718,"ASV_274","no_hit","unknown","unknown","unknown","unknown","g_","s_"
"268","ASV_275",0.0586501885341019,-0.00747744067539355,-0.00249549057218795,"ASV_275","no_hit","unknown","unknown","unknown","unknown","g_","s_"
"269","ASV_276",0.0558104904564381,0.0239785938563348,-0.0176260476379336,"ASV_276","no_hit","Dinophyceae","Dinophyceae","Syndiniales","Amoebophryaceae","g_","s_"
"270","ASV_277",0.00215166301457625,-0.032620642574454,-0.0213177603522707,"ASV_277","Viridiplantae","Chlorophyta","Mamiellophyceae","Mamiellales","Mamiellaceae","Micromonas","no_hit"
"271","ASV_278",0.0260702474336128,0.0314741874263025,-0.0230902243629577,"ASV_278","no_hit","Dinophyceae","Dinophyceae","Syndiniales","no_hit","no_hit","no_hit"
"272","ASV_279",0.0485236774365332,0.016074566796177,-0.0128754992614056,"ASV_279","no_hit","Dinophyceae","Dinophyceae","Syndiniales","Amoebophryaceae","Amoebophrya","no_hit"
"273","ASV_280",-0.00133900572978774,0.028650876995999,-0.0225429013729408,"ASV_280","no_hit","Bacillariophyta","Mediophyceae","Lithodesmiales","Lithodesmiaceae","Ditylum","Ditylum brightwellii"
"274","ASV_281",0.0509626316754228,-0.0137204103446001,-0.00458339898017815,"ASV_281","no_hit","Dinophyceae","Dinophyceae","Peridiniales","Peridiniaceae","Pentapharsodinium","s_"
"275","ASV_282",0.0154557000882451,0.0756361971573291,-0.0301496304239615,"ASV_282","no_hit","Euglenozoa","unknown","Diplonemea","unknown","unknown","Diplonemida sp. 1sb RG-2016"
"276","ASV_283",0.0236109662521825,0.00207476487711375,-0.0154933332160456,"ASV_283","no_hit","unknown","unknown","Telonemida","unknown","g_","s_"
"277","ASV_284",0.0487802674996942,-0.0495909453583693,0.0113532850784948,"ASV_284","no_hit","Bacillariophyta","Mediophyceae","Cymatosirales","Cymatosiraceae","Minutocellus","Minutocellus polymorphus"
"278","ASV_285",0.0215335439723646,0.00325922936073056,-0.0223449091852878,"ASV_285","no_hit","no_hit","no_hit","no_hit","no_hit","no_hit","no_hit"
"279","ASV_286",-0.0173014491884335,-0.0234187342498951,-0.0211466334415142,"ASV_286","no_hit","no_hit","no_hit","no_hit","no_hit","no_hit","no_hit"
"280","ASV_287",0.0017067853131267,0.013105148872348,-0.00776739826515854,"ASV_287","Metazoa","Arthropoda","Hexanauplia","Poecilostomatoida","no_hit","g_","s_"
"281","ASV_288",-0.0106491183710387,-0.0185340679218332,-0.0324524652667878,"ASV_288","no_hit","Dinophyceae","Dinophyceae","Syndiniales","no_hit","no_hit","no_hit"
"282","ASV_289",0.0396005267439195,0.0465948964249748,-0.0215990820967596,"ASV_289","no_hit","Dinophyceae","Dinophyceae","Syndiniales","Duboscquellidae","Duboscquella","no_hit"
"283","ASV_290",0.0352848462503573,0.0193530474137847,-0.016442218726197,"ASV_290","no_hit","Dinophyceae","Dinophyceae","Syndiniales","no_hit","g_","s_"
"284","ASV_291",0.0142128857442685,0.0263764515529506,-0.0267330827374809,"ASV_291","no_hit","Bacillariophyta","Coscinodiscophyceae","Thalassiosirales","Skeletonemataceae","Skeletonema","no_hit"
"285","ASV_292",0.0388563212832478,-0.0284639144794781,0.0168545891483267,"ASV_292","no_hit","no_hit","no_hit","no_hit","no_hit","no_hit","no_hit"
"286","ASV_293",0.0642924790212326,-0.0165285523366674,0.00849959147250897,"ASV_293","no_hit","unknown","Bigyra","Oblongichytrida","unknown","Oblongichytrium","no_hit"
"287","ASV_294",0.0578342805176191,-0.0430335672409109,0.0262688429940679,"ASV_294","no_hit","Dinophyceae","Dinophyceae","Syndiniales","no_hit","no_hit","no_hit"
"288","ASV_295",-0.00993107647275694,0.00146888152223386,-0.0125339886518122,"ASV_295","no_hit","Bacillariophyta","Coscinodiscophyceae","Rhizosoleniales","Rhizosoleniaceae","no_hit","no_hit"
"289","ASV_296",0.0576427888324334,-0.0196194916236879,0.00550567710914778,"ASV_296","no_hit","no_hit","no_hit","no_hit","no_hit","no_hit","no_hit"
"290","ASV_297",0.0264112087248723,0.0627486996895681,-0.0301395252627997,"ASV_297","no_hit","Euglenozoa","unknown","Diplonemea","unknown","g_","s_"
"291","ASV_298",-0.00258749304141842,0.0521406312306988,-0.0213544322333804,"ASV_298","no_hit","no_hit","no_hit","no_hit","no_hit","no_hit","no_hit"
"292","ASV_299",-0.0249776514846514,-0.0115796608784744,-0.0245133479956255,"ASV_299","no_hit","Dinophyceae","Dinophyceae","Gonyaulacales","Pyrophacaceae","Fragilidium","Fragilidium duplocampanaeforme"
"293","ASV_300",-0.0284837865478684,-0.0155196542965258,-0.0299890864047332,"ASV_300","no_hit","Dinophyceae","Dinophyceae","Syndiniales","no_hit","no_hit","no_hit"
"294","ASV_301",0.01681508764017,0.0490121246207864,-0.0203611976064712,"ASV_301","no_hit","no_hit","no_hit","no_hit","no_hit","no_hit","no_hit"
"295","ASV_302",-0.0101260149715238,-0.0210748185760691,-0.0274826308817434,"ASV_302","no_hit","no_hit","no_hit","no_hit","no_hit","g_","s_"
"296","ASV_303",0.0406087733376341,-0.0379057135613905,-0.000463738767685087,"ASV_303","no_hit","Bacillariophyta","Coscinodiscophyceae","Coscinodiscales","Coscinodiscaceae","Planktoniella","Planktoniella sol"
"297","ASV_304",0.0123289071097144,-0.0277703599869577,-0.0165620614670053,"ASV_304","Metazoa","Arthropoda","Hexanauplia","Poecilostomatoida","Oncaeidae","no_hit","s_"
"298","ASV_305",0.057071119984424,-0.0447353625825675,0.017335135912108,"ASV_305","no_hit","unknown","unknown","unknown","unknown","g_","s_"
"299","ASV_306",0.0342019334385813,0.032156231786688,-0.00965982917829775,"ASV_306","no_hit","Dinophyceae","Dinophyceae","Syndiniales","no_hit","no_hit","no_hit"
"300","ASV_307",-0.00582596084833919,0.0105096681778091,-0.0376742551103356,"ASV_307","no_hit","Dinophyceae","Dinophyceae","Dinophysiales","Dinophysiaceae","no_hit","no_hit"
"301","ASV_308",0.0615392050028006,-0.0207996987084844,0.0100728123338686,"ASV_308","no_hit","unknown","Bigyra","no_hit","no_hit","no_hit","no_hit"
"302","ASV_309",-0.00185991351387777,0.0342109848266112,-0.0327219034347939,"ASV_309","no_hit","Bacillariophyta","Fragilariophyceae","Fragilariales","Fragilariaceae","Asterionellopsis","Asterionellopsis glacialis"
"303","ASV_310",0.00955672741448073,0.0215281638101014,-0.00453725130041074,"ASV_310","Metazoa","Ctenophora","no_hit","no_hit","no_hit","no_hit","no_hit"
"304","ASV_311",0.0351329211802247,-0.0139613585413845,-0.0043683318310893,"ASV_311","no_hit","unknown","Bigyra","Oblongichytrida","unknown","Oblongichytrium","no_hit"
"305","ASV_312",-0.0221253537805784,-0.00576847046563321,-0.025737390260975,"ASV_312","no_hit","Bacillariophyta","Coscinodiscophyceae","Rhizosoleniales","Rhizosoleniaceae","Guinardia","Guinardia flaccida"
"306","ASV_313",0.0582649971095905,-0.0339322978558698,0.0156956433255151,"ASV_313","no_hit","unknown","unknown","unknown","unknown","g_","s_"
"307","ASV_314",-0.00729766024340489,-0.0203095394728309,-0.0141162865857552,"ASV_314","no_hit","Bacillariophyta","Mediophyceae","Hemiaulales","Hemiaulaceae","Eucampia","no_hit"
"308","ASV_315",0.0250266065785973,0.00526546194367041,-0.0095494745551131,"ASV_315","no_hit","Dinophyceae","Dinophyceae","Gymnodiniales","Gymnodiniaceae","g_","s_"
"309","ASV_316",0.0418768478664525,0.0195058011544464,-0.0185116305865528,"ASV_316","no_hit","no_hit","no_hit","no_hit","no_hit","no_hit","no_hit"
"310","ASV_317",-0.0266685740894848,-0.00458787444087345,-0.015981222193614,"ASV_317","no_hit","Bacillariophyta","Coscinodiscophyceae","Chaetocerotales","Chaetocerotaceae","Chaetoceros","Chaetoceros sp. UNC1416"
"311","ASV_318",-0.0238933593043393,-0.01182040878253,-0.0211338084739511,"ASV_318","no_hit","Dinophyceae","Dinophyceae","Peridiniales","Protoperidiniaceae","g_","s_"
"312","ASV_319",0.0161344747675436,-0.0409401857857071,-0.0029200765330934,"ASV_319","no_hit","no_hit","no_hit","no_hit","no_hit","no_hit","no_hit"
"313","ASV_320",-0.00440582505973754,0.0489388183424887,-0.0199056849745241,"ASV_320","no_hit","no_hit","no_hit","no_hit","no_hit","no_hit","no_hit"
"314","ASV_321",0.0521603911049148,0.0331369642189197,-0.0074618744587551,"ASV_321","no_hit","Dinophyceae","Dinophyceae","Syndiniales","no_hit","no_hit","no_hit"
"315","ASV_322",0.0377936632275582,0.0299884364615717,-0.0131289795739111,"ASV_322","no_hit","no_hit","no_hit","no_hit","no_hit","no_hit","no_hit"
"316","ASV_323",-0.0252555914411671,-0.0213331895663808,-0.0180934294008137,"ASV_323","no_hit","Dinophyceae","Dinophyceae","no_hit","no_hit","no_hit","no_hit"
"317","ASV_324",0.00780532906275278,0.0144207197325464,-0.00948213468916047,"ASV_324","no_hit","no_hit","no_hit","no_hit","no_hit","g_","s_"
"318","ASV_325",-0.00151124847067033,0.00564298041717255,-0.00889804289419691,"ASV_325","no_hit","Bacillariophyta","Coscinodiscophyceae","Chaetocerotales","Chaetocerotaceae","Chaetoceros","Chaetoceros cinctus"
"319","ASV_326",0.0012405208951738,0.0245371543271092,-0.011397374115336,"ASV_326","Metazoa","Cnidaria","Hydrozoa","Siphonophorae","Agalmatidae","Agalma","Agalma elegans"
"320","ASV_327",-0.0239967023857175,-0.006208388484369,-0.0101425460889128,"ASV_327","no_hit","no_hit","no_hit","no_hit","no_hit","no_hit","no_hit"
"321","ASV_328",-0.0116620699100992,0.0530149674557387,-0.0205581350677785,"ASV_328","no_hit","no_hit","no_hit","no_hit","no_hit","no_hit","no_hit"
"322","ASV_329",-0.0172304085819517,-0.0150556196919228,-0.0215093342236918,"ASV_329","no_hit","Dinophyceae","Dinophyceae","Syndiniales","no_hit","no_hit","no_hit"
"323","ASV_330",0.0561403471238619,-0.037526082159139,0.0156096832383894,"ASV_330","no_hit","no_hit","no_hit","no_hit","no_hit","no_hit","s_"
"324","ASV_331",0.0141327075434325,0.0376710909618855,-0.0131601925041283,"ASV_331","no_hit","Dinophyceae","Dinophyceae","Syndiniales","Amoebophryaceae","g_","s_"
"325","ASV_332",0.0166335068893268,0.050416612466949,-0.0262211604865401,"ASV_332","no_hit","no_hit","no_hit","no_hit","no_hit","no_hit","no_hit"
"326","ASV_333",-0.00380436561558192,0.0682193428886396,-0.0251763346808304,"ASV_333","no_hit","Euglenozoa","unknown","Diplonemea","unknown","unknown","s_"
"327","ASV_334",0.024061948176187,0.0316437759650911,-0.0140185443160083,"ASV_334","no_hit","unknown","Bigyra","Thraustochytrida","Thraustochytriaceae","Aplanochytrium","Aplanochytrium kerguelense"
"328","ASV_335",0.0444574970269357,-0.0357159647585176,0.00626117213614207,"ASV_335","no_hit","Ciliophora","Spirotrichea","Tintinnida","no_hit","no_hit","no_hit"
"329","ASV_336",0.0297169255236253,0.0275784628589377,-0.0140763967373263,"ASV_336","no_hit","no_hit","no_hit","no_hit","no_hit","no_hit","no_hit"
"330","ASV_337",-0.00880688649577519,0.0654667345662826,-0.0240035195137387,"ASV_337","no_hit","no_hit","no_hit","no_hit","no_hit","no_hit","no_hit"
"331","ASV_338",-0.0211651481459977,-0.0054709443491658,-0.0123403486877446,"ASV_338","no_hit","Dinophyceae","Dinophyceae","Dinophysiales","Dinophysiaceae","Dinophysis","Dinophysis acuminata"
"332","ASV_339",0.031452943110599,0.0093228950162531,-0.00991147738898186,"ASV_339","no_hit","unknown","unknown","unknown","unknown","g_","s_"
"333","ASV_340",-0.0100125593977321,-0.029937052582754,-0.0147694608813614,"ASV_340","no_hit","unknown","unknown","unknown","unknown","g_","s_"
"334","ASV_341",0.0249860075251897,0.0313816566828379,-0.014372512852741,"ASV_341","no_hit","unknown","unknown","unknown","unknown","unknown","uncultured marine eukaryote"
"335","ASV_342",0.0235252402464215,-0.0116168300166836,-0.00171694165915782,"ASV_342","Metazoa","Cnidaria","Hydrozoa","Trachymedusae","Rhopalonematidae","no_hit","no_hit"
"336","ASV_343",-0.0168936506389121,-0.00229456674037425,-0.0224187658824611,"ASV_343","no_hit","Bacillariophyta","Coscinodiscophyceae","Chaetocerotales","Chaetocerotaceae","Chaetoceros","Chaetoceros sp. UNC1415"
"337","ASV_344",0.0214478422232577,-0.0297378428522124,0.00141529018674843,"ASV_344","no_hit","Ciliophora","Spirotrichea","unknown","Strombidiidae","g_","s_"
"338","ASV_345",0.0299622631051697,-0.0381288569583355,0.000174602888833453,"ASV_345","no_hit","Dinophyceae","Dinophyceae","Syndiniales","no_hit","no_hit","no_hit"
"339","ASV_346",-0.00268280871823969,-0.000399110992585088,-0.0209169960432303,"ASV_346","no_hit","unknown","unknown","unknown","unknown","g_","s_"
"340","ASV_347",0.00304098786449204,0.0634738377117336,-0.0239268573788105,"ASV_347","no_hit","Euglenozoa","unknown","Diplonemea","no_hit","no_hit","no_hit"
"341","ASV_348",-0.0104642001957665,-0.0259115326033901,-0.0152052078356275,"ASV_348","no_hit","unknown","Cryptophyceae","no_hit","no_hit","no_hit","no_hit"
"342","ASV_349",0.000619369977161042,0.0650752252893141,-0.02775551753116,"ASV_349","no_hit","Euglenozoa","unknown","Diplonemea","unknown","unknown","s_"
"343","ASV_350",-0.013136516281223,0.00252565091146855,-0.0135762302487104,"ASV_350","no_hit","Bacillariophyta","Bacillariophyceae","Bacillariales","Bacillariaceae","Pseudo-nitzschia","no_hit"
"344","ASV_351",0.00162005903007694,-0.0293707421293721,-0.00545859702194321,"ASV_351","no_hit","Dinophyceae","Dinophyceae","Peridiniales","Protoperidiniaceae","Protoperidinium","no_hit"
"345","ASV_352",0.0112464608838693,0.0270932870819781,-0.0179006792622781,"ASV_352","no_hit","Dinophyceae","Dinophyceae","Coccidiniales","Chytriodiniaceae","g_","s_"
"346","ASV_353",-0.00313953671754769,-0.00880318910712476,-0.0181980333107465,"ASV_353","no_hit","unknown","Bigyra","Nanomonadea","unknown","g_","s_"
"347","ASV_354",-0.0152960883514104,-0.00436245020130849,-0.0141964660366297,"ASV_354","no_hit","Bacillariophyta","Bacillariophyceae","Bacillariales","Bacillariaceae","Pseudo-nitzschia","no_hit"
"348","ASV_355",0.0181658310144858,-0.0103387825943094,-0.0100808081837074,"ASV_355","no_hit","no_hit","no_hit","no_hit","no_hit","no_hit","no_hit"
"349","ASV_356",-0.00376199318575838,0.000510764370415291,-0.0201495522931238,"ASV_356","no_hit","Dinophyceae","Dinophyceae","Gymnodiniales","Warnowiaceae","Warnowia","no_hit"
"350","ASV_357",-0.016364310277298,-0.00581771915889215,-0.0163236675988556,"ASV_357","no_hit","Bacillariophyta","no_hit","no_hit","no_hit","g_","s_"
"351","ASV_358",0.0112332721598896,-0.0241708268216793,-0.00696951898656708,"ASV_358","no_hit","unknown","unknown","unknown","unknown","g_","s_"
"352","ASV_359",-0.022725864096145,-0.00311533260729486,-0.0178346337400018,"ASV_359","no_hit","Bacillariophyta","Bacillariophyceae","Bacillariales","Bacillariaceae","Pseudo-nitzschia","no_hit"
"353","ASV_360",0.0163066747044178,0.0063924984948918,-0.0148181111098976,"ASV_360","no_hit","no_hit","no_hit","no_hit","no_hit","no_hit","no_hit"
"354","ASV_361",-0.00998413340826874,-0.0113484219794266,-0.0198726591038505,"ASV_361","no_hit","Bacillariophyta","Bacillariophyceae","Bacillariales","Bacillariaceae","no_hit","no_hit"
"355","ASV_362",0.0473969659816395,-0.0139895879464524,0.00267664415422362,"ASV_362","no_hit","Dinophyceae","Dinophyceae","Syndiniales","no_hit","no_hit","no_hit"
"356","ASV_363",0.0517732747403408,-0.014819761505533,0.00848087685851284,"ASV_363","no_hit","Dinophyceae","Dinophyceae","Syndiniales","Amoebophryaceae","Amoebophrya","s_"
"357","ASV_364",0.0360891819172211,-0.0259037087785754,0.00161905500346108,"ASV_364","no_hit","unknown","unknown","unknown","unknown","g_","s_"
"358","ASV_365",0.00637427274149242,0.0669586019157371,-0.0265396820778808,"ASV_365","no_hit","no_hit","no_hit","no_hit","no_hit","no_hit","no_hit"
"359","ASV_366",0.0484555824837489,-0.0189268834207447,8.42658035984093e-05,"ASV_366","no_hit","Dinophyceae","Dinophyceae","Syndiniales","Amoebophryaceae","g_","s_"
"360","ASV_367",-0.01445451465041,-0.014783476227139,-0.0190827907844892,"ASV_367","Metazoa","Chaetognatha","Sagittoidea","Aphragmophora","Sagittidae","Parasagitta","Parasagitta elegans"
"361","ASV_368",0.0336274651598686,-0.0241251556628927,0.00216311569357464,"ASV_368","no_hit","Dinophyceae","Dinophyceae","no_hit","no_hit","no_hit","no_hit"
"362","ASV_369",0.0208651482684017,-0.0375210771833382,-0.00109041802094396,"ASV_369","no_hit","no_hit","no_hit","no_hit","no_hit","no_hit","no_hit"
"363","ASV_370",0.0393609517783564,0.000848788932328509,-0.00155177482094476,"ASV_370","no_hit","Dinophyceae","Dinophyceae","Syndiniales","Amoebophryaceae","g_","s_"
"364","ASV_371",-0.02425730811448,-0.0074316862351965,-0.0235633272636216,"ASV_371","no_hit","Dinophyceae","Dinophyceae","Peridiniales","Protoperidiniaceae","Islandinium","Islandinium tricingulatum"
"365","ASV_372",-0.020375563677184,-0.00386986947957197,-0.00644142052564335,"ASV_372","no_hit","Dinophyceae","Dinophyceae","Syndiniales","Amoebophryaceae","Amoebophrya","no_hit"
"366","ASV_373",0.040227205552689,-0.0176799658881056,-0.00230014125060586,"ASV_373","no_hit","Dinophyceae","Dinophyceae","Peridiniales","Peridiniopsidaceae","Palatinus","Palatinus apiculatus"
"367","ASV_374",-0.0181570027573295,-0.0113473863702586,-0.0242949383643816,"ASV_374","no_hit","Dinophyceae","Dinophyceae","Gonyaulacales","Gonyaulacaceae","Alexandrium","no_hit"
"368","ASV_375",-0.0190680616233611,-0.013883407609941,-0.0158951981157726,"ASV_375","no_hit","Dinophyceae","Dinophyceae","Syndiniales","Amoebophryaceae","g_","s_"
"369","ASV_376",0.0446104877710389,-0.0189632565464691,-0.00617291806058155,"ASV_376","no_hit","Dinophyceae","Dinophyceae","no_hit","no_hit","no_hit","no_hit"
"370","ASV_377",0.0452499053000581,0.0045699593780253,-0.00568985340916366,"ASV_377","no_hit","unknown","unknown","unknown","unknown","unknown","uncultured marine eukaryote"
"371","ASV_378",0.0122196881135774,0.0600053942617924,-0.0233598645270801,"ASV_378","no_hit","Euglenozoa","unknown","Diplonemea","no_hit","g_","s_"
"372","ASV_379",0.0322781588866012,-0.0163867713488753,-0.00587421030398248,"ASV_379","no_hit","no_hit","no_hit","no_hit","no_hit","no_hit","no_hit"
"373","ASV_380",0.021776229975539,0.0243289910200172,-0.0126335484443492,"ASV_380","no_hit","Dinophyceae","Dinophyceae","Syndiniales","no_hit","no_hit","no_hit"
"374","ASV_381",0.0389242489892471,0.00722720235421932,-0.00849096051832107,"ASV_381","no_hit","no_hit","no_hit","no_hit","no_hit","g_","s_"
"375","ASV_382",-0.0259330777321808,-0.00426961526476098,-0.0199735833003732,"ASV_382","no_hit","Dinophyceae","Dinophyceae","Gymnodiniales","Gymnodiniaceae","Paragymnodinium","no_hit"
"376","ASV_383",0.0111207181790724,0.0440137668834267,-0.0173323986893608,"ASV_383","no_hit","Dinophyceae","Dinophyceae","Syndiniales","no_hit","no_hit","no_hit"
"377","ASV_384",0.0162769820782677,0.0125357588042696,-0.0138565073153182,"ASV_384","no_hit","Dinophyceae","Dinophyceae","Gymnodiniales","Kareniaceae","Karlodinium","no_hit"
"378","ASV_385",0.0252094432039372,0.0575288432862817,-0.0134100154007707,"ASV_385","no_hit","Euglenozoa","unknown","Diplonemea","no_hit","no_hit","no_hit"
"379","ASV_386",-0.0190441039850323,-0.0109591713287049,-0.0187734225691782,"ASV_386","no_hit","Ciliophora","Spirotrichea","Tintinnida","Tintinnidae","Eutintinnus","Eutintinnus pectinis"
"380","ASV_387",0.0157215129640932,0.058178437383852,-0.0170960437708853,"ASV_387","no_hit","Dinophyceae","Dinophyceae","no_hit","no_hit","no_hit","no_hit"
"381","ASV_388",0.00875233373021,0.0245905853586945,-0.0184325361796016,"ASV_388","no_hit","Dinophyceae","Dinophyceae","Coccidiniales","Chytriodiniaceae","g_","s_"
"382","ASV_389",-0.0171085578588422,-0.0130484227076648,-0.0193760623069325,"ASV_389","no_hit","Ciliophora","Spirotrichea","Choreotrichida","Strobilidiidae","Rimostrombidium","Rimostrombidium veniliae"
"383","ASV_390",-0.0138779481732181,-0.00132309019709906,-0.0115117595422481,"ASV_390","no_hit","Ciliophora","Spirotrichea","unknown","Strombidiidae","g_","s_"
"384","ASV_391",-0.013728676106982,-0.00712784450414461,-0.0200863180864165,"ASV_391","no_hit","Dinophyceae","Dinophyceae","no_hit","no_hit","no_hit","no_hit"
"385","ASV_392",0.0479678379614659,0.00650014833405006,0.00461101605581488,"ASV_392","no_hit","no_hit","no_hit","no_hit","no_hit","no_hit","no_hit"
"386","ASV_393",-0.00369849795025459,0.0695113832335504,-0.0226561637460609,"ASV_393","no_hit","Euglenozoa","unknown","Diplonemea","unknown","unknown","Diplonemida sp. 9sb RG-2016"
"387","ASV_394",0.0344632856813099,-0.00450346447519507,0.00212323895239997,"ASV_394","no_hit","unknown","Chrysophyceae","Chromulinales","Paraphysomonadaceae","Paraphysomonas","no_hit"
"388","ASV_395",0.0028011023782761,0.049177076699715,-0.017728996104376,"ASV_395","Metazoa","Cnidaria","Hydrozoa","Siphonophorae","Prayidae","Lilyopsis","no_hit"
"389","ASV_396",0.0303449057948956,-0.0197244147317848,-0.000450065381882645,"ASV_396","no_hit","Dinophyceae","Dinophyceae","no_hit","no_hit","g_","s_"
"390","ASV_397",-0.00545945171358738,-0.00625003376667774,-0.00691715394093833,"ASV_397","Metazoa","Cnidaria","Hydrozoa","Leptothecata","Mitrocomidae","Halopsis","s_"
"391","ASV_398",-0.00143534206948889,0.00590955831142285,-0.0127499592465962,"ASV_398","no_hit","unknown","Choanoflagellata","no_hit","no_hit","no_hit","no_hit"
"392","ASV_399",0.0427408462580902,-0.0285588270235714,0.00225884626210696,"ASV_399","Metazoa","Annelida","Polychaeta","Echiuroidea","Echiuridae","no_hit","no_hit"
"393","ASV_400",0.0104799624762729,-0.0310490087292499,0.000893897779650929,"ASV_400","no_hit","unknown","unknown","unknown","unknown","unknown","s_"
"394","ASV_401",0.050772661563902,-0.00623134422146412,0.00893472684911228,"ASV_401","no_hit","no_hit","no_hit","no_hit","no_hit","no_hit","no_hit"
"395","ASV_402",-0.0338678286244615,-0.00894111621759552,-0.0132310373162905,"ASV_402","no_hit","Bacillariophyta","Coscinodiscophyceae","Chaetocerotales","Chaetocerotaceae","Chaetoceros","Chaetoceros sp. UNC1414"
"396","ASV_403",0.020888864808383,0.0448244804816146,-0.019867453382201,"ASV_403","no_hit","Euglenozoa","unknown","Diplonemea","unknown","unknown","s_"
"397","ASV_404",-0.0145916976723466,-0.00874466237940975,-0.022139229762654,"ASV_404","no_hit","Dinophyceae","Dinophyceae","Gymnodiniales","Warnowiaceae","Erythropsidinium","no_hit"
"398","ASV_405",-0.012434754157248,-0.00176839913368403,-0.0184149706508045,"ASV_405","no_hit","Imbricatea","unknown","Thaumatomonadida","unknown","g_","s_"
"399","ASV_406",-0.0180564927377179,-0.0110940350895937,-0.0214583876049099,"ASV_406","no_hit","Dinophyceae","Dinophyceae","Noctilucales","Kofoidiniaceae","Spatulodinium","Spatulodinium pseudonoctiluca"
"400","ASV_407",0.0171657250656838,0.0178523173506251,-0.0138427895403319,"ASV_407","no_hit","Dinophyceae","Dinophyceae","Syndiniales","no_hit","no_hit","no_hit"
"401","ASV_408",0.00745355503955109,0.0382030645236899,-0.0131572104434006,"ASV_408","no_hit","unknown","Acantharea","Chaunacanthida","unknown","unknown","Chaunacanthid sp. 6200"
"402","ASV_410",-0.0023512219646181,0.0217227735129282,-0.0101621367878291,"ASV_410","no_hit","Euglenozoa","unknown","Diplonemea","unknown","unknown","s_"
"403","ASV_411",-0.020150712003847,-0.0066861877820801,-0.015534247262578,"ASV_411","no_hit","Dinophyceae","Dinophyceae","Suessiales","no_hit","no_hit","no_hit"
"404","ASV_412",0.0358704509064127,-0.0384895350612684,0.00634483399568023,"ASV_412","no_hit","unknown","unknown","unknown","unknown","g_","s_"
"405","ASV_413",0.0418697443205904,-0.0025942351667096,0.00135038554677779,"ASV_413","no_hit","Apicomplexa","Conoidasida","Eucoccidiorida","Eimeriidae","no_hit","no_hit"
"406","ASV_414",-0.0130171361888409,-0.0134626227803675,-0.010205877141254,"ASV_414","no_hit","Cercozoa","Thecofilosea","Cryomonadida","Protaspidae","Cryothecomonas","s_"
"407","ASV_415",-0.0104201108776241,0.06187360386346,-0.0205639138909509,"ASV_415","no_hit","Dinophyceae","Dinophyceae","Syndiniales","no_hit","no_hit","no_hit"
"408","ASV_416",0.0104746767330187,-0.00894327909180768,-0.00942087717670246,"ASV_416","no_hit","no_hit","no_hit","no_hit","no_hit","g_","s_"
"409","ASV_417",0.0401416368303294,-0.0186619549230596,0.00239995624275223,"ASV_417","no_hit","Dinophyceae","Dinophyceae","no_hit","no_hit","no_hit","no_hit"
"410","ASV_418",0.0299022528875677,0.00368707862940158,-0.00850301415913493,"ASV_418","no_hit","Dinophyceae","Dinophyceae","Prorocentrales","Prorocentraceae","g_","s_"
"411","ASV_419",0.0177451890172016,0.00114859367794567,-0.00387927285994396,"ASV_419","no_hit","Ciliophora","Spirotrichea","unknown","Strombidiidae","no_hit","no_hit"
"412","ASV_420",-0.0249195608556136,0.00129808130073711,-0.0124711972997628,"ASV_420","no_hit","Bacillariophyta","Coscinodiscophyceae","Chaetocerotales","Chaetocerotaceae","Chaetoceros","Chaetoceros didymus"
"413","ASV_421",0.00383479447768197,0.0126528244649846,-0.0104651086569942,"ASV_421","Metazoa","Arthropoda","Ostracoda","Halocyprida","Halocyprididae","g_","s_"
"414","ASV_422",-0.0117882725209859,-0.000950114776383506,-0.0165156048875261,"ASV_422","no_hit","Bacillariophyta","Bacillariophyceae","Bacillariales","Bacillariaceae","Pseudo-nitzschia","Pseudo-nitzschia heimii"
"415","ASV_423",-0.0204832928904452,0.00414336394966211,-0.00549753662634637,"ASV_423","no_hit","Bacillariophyta","Coscinodiscophyceae","Leptocylindrales","Leptocylindraceae","Leptocylindrus","no_hit"
"416","ASV_424",-0.0144278757339701,-0.00828308118358278,-0.0121125136281489,"ASV_424","no_hit","Ciliophora","Spirotrichea","Choreotrichida","Strobilidiidae","no_hit","no_hit"
"417","ASV_425",0.0258514711660803,0.0366354337414558,-0.0192716398016391,"ASV_425","no_hit","Euglenozoa","unknown","Diplonemea","unknown","g_","s_"
"418","ASV_426",-0.000513294129211296,-0.00162212557919446,-0.00612509316086143,"ASV_426","no_hit","Dinophyceae","Dinophyceae","no_hit","no_hit","no_hit","no_hit"
"419","ASV_427",0.00549845712779785,0.00806178257586275,-0.00524798255224466,"ASV_427","Metazoa","Cnidaria","Hydrozoa","Trachymedusae","Rhopalonematidae","Amphogona","Amphogona apicata"
"420","ASV_428",0.0162354739746213,0.0530049649202931,-0.025146134898197,"ASV_428","no_hit","Euglenozoa","unknown","Diplonemea","unknown","unknown","s_"
"421","ASV_429",0.0225250539486108,0.0178443794812535,-0.0182041685791111,"ASV_429","Metazoa","Arthropoda","Hexanauplia","Poecilostomatoida","Oncaeidae","no_hit","no_hit"
"422","ASV_430",0.00644441879066771,0.0117210134682932,-0.0151938234929935,"ASV_430","no_hit","Dinophyceae","Dinophyceae","no_hit","no_hit","no_hit","no_hit"
"423","ASV_431",0.0165074153497161,0.0212562406118425,-0.0069169366370735,"ASV_431","no_hit","Dinophyceae","Dinophyceae","no_hit","no_hit","no_hit","no_hit"
"424","ASV_432",0.032079541546084,-0.0075902721384401,0.015233048874897,"ASV_432","no_hit","Cercozoa","no_hit","no_hit","no_hit","no_hit","no_hit"
"425","ASV_433",-0.0150275130572599,-0.0120351065351107,-0.0171137793676907,"ASV_433","Metazoa","Chaetognatha","Sagittoidea","Aphragmophora","Sagittidae","no_hit","no_hit"
"426","ASV_434",-0.0057140501691296,-0.00209673655469119,-0.00783111293164703,"ASV_434","Metazoa","Arthropoda","Malacostraca","Euphausiacea","Euphausiidae","no_hit","s_"
"427","ASV_435",-0.0262521408914858,-0.0160382691153845,0.00100318283772595,"ASV_435","no_hit","Dinophyceae","Dinophyceae","Gymnodiniales","Gymnodiniaceae","Gymnodinium","Gymnodinium gracile"
"428","ASV_436",0.0335137877068205,0.00529584699702017,-0.00700044069298891,"ASV_436","no_hit","Ciliophora","Oligohymenophorea","Apostomatida","Foettingeriidae","g_","s_"
"429","ASV_437",0.0229352241586669,0.0231756980497174,-0.00109466196622418,"ASV_437","no_hit","Dinophyceae","Dinophyceae","Syndiniales","Amoebophryaceae","Amoebophrya","s_"
"430","ASV_438",0.0178221237965939,-0.0241263552250239,0.00730900877547623,"ASV_438","no_hit","no_hit","no_hit","no_hit","no_hit","no_hit","no_hit"
"431","ASV_439",-0.0162601815807439,-0.00230958340814742,-0.0222167664170557,"ASV_439","no_hit","Bacillariophyta","Coscinodiscophyceae","Rhizosoleniales","Rhizosoleniaceae","no_hit","no_hit"
"432","ASV_440",-0.011194501251111,-0.0148630273562372,-0.00403519046201569,"ASV_440","no_hit","Dinophyceae","Dinophyceae","Gymnodiniales","Gymnodiniaceae","Lepidodinium","Lepidodinium viride"
"433","ASV_441",0.0149997959424959,0.0274277723479024,-0.0140478277355099,"ASV_441","no_hit","Dinophyceae","Dinophyceae","Syndiniales","Amoebophryaceae","g_","s_"
"434","ASV_442",0.0365795319907058,-0.000185165215358737,-0.00508945083511307,"ASV_442","no_hit","unknown","unknown","unknown","unknown","g_","s_"
"435","ASV_443",-0.0138418590432044,-0.00950129963916596,-0.0145905624213965,"ASV_443","no_hit","Dinophyceae","Dinophyceae","Gymnodiniales","Gymnodiniaceae","Polykrikos","Polykrikos kofoidii"
"436","ASV_444",0.0416503845624574,-0.0151051255502798,0.0086059643924129,"ASV_444","no_hit","Ciliophora","no_hit","no_hit","no_hit","no_hit","no_hit"
"437","ASV_446",-0.0168272529825405,0.00861049643865416,-0.00600232337570565,"ASV_446","no_hit","Bacillariophyta","no_hit","no_hit","no_hit","g_","s_"
"438","ASV_447",0.0372008813968358,0.0185275555525972,-0.00579108565889922,"ASV_447","no_hit","Ciliophora","Spirotrichea","no_hit","no_hit","no_hit","no_hit"
"439","ASV_448",0.00557286079338516,0.0573576496583121,-0.0236089798864145,"ASV_448","no_hit","Euglenozoa","unknown","Diplonemea","unknown","unknown","s_"
"440","ASV_449",0.00617843627171494,0.00988969172957471,-0.00578111226328507,"ASV_449","no_hit","Dinophyceae","Dinophyceae","Syndiniales","Ellobiopsidae","g_","s_"
"441","ASV_450",0.0492208852722997,-0.0319328138266634,0.0137599188341003,"ASV_450","no_hit","Dinophyceae","Dinophyceae","Syndiniales","Amoebophryaceae","g_","s_"
"442","ASV_451",0.0088075301432967,-0.0115839172758637,-0.0065194461292121,"ASV_451","no_hit","Dinophyceae","Dinophyceae","Peridiniales","Heterocapsaceae","Heterocapsa","Heterocapsa rotundata"
"443","ASV_452",-0.0192049230113689,-0.0130820338040879,-0.00862392619378497,"ASV_452","no_hit","Bacillariophyta","Fragilariophyceae","Fragilariales","Fragilariaceae","no_hit","no_hit"
"444","ASV_453",0.0218343197165718,0.0447588654895487,-0.0112126579549175,"ASV_453","no_hit","unknown","unknown","unknown","unknown","g_","s_"
"445","ASV_454",0.0311785136144479,-0.0094668016818475,0.00555348570546035,"ASV_454","no_hit","Dinophyceae","Dinophyceae","Syndiniales","no_hit","no_hit","no_hit"
"446","ASV_455",0.0340785472047784,-0.0159636324782877,-0.000631721974166338,"ASV_455","Metazoa","Arthropoda","Hexanauplia","Cyclopoida","Oithonidae","Oithona","Oithona similis"
"447","ASV_456",0.0176881107234373,0.00587777325534992,-0.00631388261408747,"ASV_456","no_hit","Dinophyceae","Dinophyceae","Syndiniales","Amoebophryaceae","g_","s_"
"448","ASV_457",-0.00273333899883841,0.0297455583293402,-0.0132340363257415,"ASV_457","no_hit","Cercozoa","unknown","unknown","unknown","g_","s_"
"449","ASV_458",0.0354994685468343,-0.0314151795470737,0.00535519025978824,"ASV_458","no_hit","no_hit","no_hit","no_hit","no_hit","no_hit","no_hit"
"450","ASV_459",-0.0057575553751492,0.0626046130147584,-0.0216335268967387,"ASV_459","no_hit","Euglenozoa","unknown","Diplonemea","unknown","g_","s_"
"451","ASV_460",0.0349247025735068,-0.00371354425381228,-0.00344292669591675,"ASV_460","no_hit","Dinophyceae","Dinophyceae","Syndiniales","no_hit","g_","s_"
"452","ASV_461",-0.0149956814501206,-0.0082393492925842,-0.0187253703181864,"ASV_461","Metazoa","Arthropoda","Hexanauplia","Harpacticoida","Euterpinidae","Euterpina","Euterpina acutifrons"
"453","ASV_462",-0.0234037177238084,-0.000462490561667477,-0.0110292665517637,"ASV_462","no_hit","unknown","Dictyochophyceae","Dictyochales","unknown","Dictyocha","Dictyocha speculum"
"454","ASV_463",-0.00194677801139805,0.00699130435958224,-0.00336437241406581,"ASV_463","Metazoa","Cnidaria","Hydrozoa","Siphonophorae","Resomiidae","Resomia","Resomia ornicephala"
"455","ASV_464",0.0275029486104553,0.0115567311493625,-0.0114895159517501,"ASV_464","no_hit","Euglenozoa","unknown","Diplonemea","unknown","g_","s_"
"456","ASV_465",-0.0199244038880854,-0.00664760691778074,-0.00920112862787418,"ASV_465","no_hit","Bacillariophyta","Bacillariophyceae","Bacillariales","Bacillariaceae","no_hit","no_hit"
"457","ASV_466",0.0375146803359969,-0.0188986175804246,0.0124285849265985,"ASV_466","no_hit","no_hit","no_hit","no_hit","no_hit","no_hit","no_hit"
"458","ASV_467",-0.0104177945245491,-0.00176691357014446,-0.00486254981416466,"ASV_467","no_hit","unknown","Raphidophyceae","Chattonellales","Chattonellaceae","Heterosigma","Heterosigma akashiwo"
"459","ASV_468",-0.00950944085824358,-0.00583036848103973,-0.0145244418023884,"ASV_468","no_hit","Bacillariophyta","Bacillariophyceae","Bacillariales","Bacillariaceae","no_hit","no_hit"
"460","ASV_469",0.0141642191148855,-0.0125275736693187,0.00231853952395126,"ASV_469","no_hit","unknown","unknown","unknown","unknown","unknown","uncultured marine eukaryote"
"461","ASV_470",-0.0142065831494613,0.000935331059320439,-0.0058928460223146,"ASV_470","no_hit","Bacillariophyta","Coscinodiscophyceae","Chaetocerotales","Chaetocerotaceae","Chaetoceros","Chaetoceros radicans"
"462","ASV_471",0.00733979229369607,-0.0119088338327429,-0.00230813256282799,"ASV_471","no_hit","no_hit","no_hit","no_hit","no_hit","no_hit","s_"
"463","ASV_472",0.0263037723656715,-0.019190263927869,0.00362314393906991,"ASV_472","no_hit","Dinophyceae","Dinophyceae","Syndiniales","no_hit","no_hit","no_hit"
"464","ASV_473",0.0295798442113676,-0.0220540816669627,0.0149913251908813,"ASV_473","no_hit","unknown","unknown","Pirsoniales","unknown","Pirsonia","Pirsonia verrucosa"
"465","ASV_474",0.00674434015078387,0.0581834230753698,-0.0230729970571819,"ASV_474","no_hit","Euglenozoa","unknown","Diplonemea","unknown","g_","s_"
"466","ASV_475",-9.25111115317953e-05,0.009347903647351,-0.00539553155020289,"ASV_475","no_hit","unknown","Polycystinea","Collodaria","Sphaerozoidae","g_","s_"
"467","ASV_476",0.0311507426698605,-0.0237897627913548,0.00866889262573254,"ASV_476","no_hit","unknown","unknown","unknown","unknown","unknown","uncultured marine picoeukaryote"
"468","ASV_477",-0.00199543278067269,0.0540454614608317,-0.0196894392030665,"ASV_477","no_hit","Euglenozoa","unknown","Diplonemea","unknown","g_","s_"
"469","ASV_478",0.0351117494954092,0.012565373116085,0.00288100221166563,"ASV_478","no_hit","unknown","unknown","unknown","unknown","unknown","uncultured marine eukaryote"
"470","ASV_479",0.0191279602314132,-0.0140578315758404,0.00856658951693243,"ASV_479","no_hit","Dinophyceae","Dinophyceae","Syndiniales","Amoebophryaceae","Amoebophrya","s_"
"471","ASV_480",0.0140183423130112,-0.0240230751524194,0.00170793677176527,"ASV_480","no_hit","unknown","Bolidophyceae","Parmales","Triparmaceae","Triparma","Triparma pacifica"
"472","ASV_481",0.0248985443536991,0.0235548128456653,-0.00693174130952957,"ASV_481","no_hit","Dinophyceae","Dinophyceae","no_hit","no_hit","no_hit","s_"
"473","ASV_482",0.0287981812670471,0.0267341761263669,0.00152406482700199,"ASV_482","no_hit","unknown","unknown","unknown","unknown","unknown","s_"
"474","ASV_483",0.0180109128858111,-0.00261678394050197,-0.00745353255445153,"ASV_483","Metazoa","Arthropoda","Hexanauplia","Cyclopoida","Oithonidae","Oithona","s_"
"475","ASV_484",0.0170767769846765,-0.00127942418742648,-0.00195513787700069,"ASV_484","no_hit","unknown","unknown","unknown","unknown","g_","s_"
"476","ASV_485",0.00533658762147689,0.012900880004888,-0.0117875467349268,"ASV_485","no_hit","Dinophyceae","Dinophyceae","Syndiniales","Amoebophryaceae","g_","s_"
"477","ASV_486",-0.0155330106726182,-0.00387140471360866,-0.00931341457722674,"ASV_486","no_hit","Dinophyceae","Dinophyceae","Gymnodiniales","Gymnodiniaceae","no_hit","s_"
"478","ASV_487",0.0121704956106109,0.0340757047157891,-0.0155881914932883,"ASV_487","no_hit","unknown","unknown","unknown","unknown","g_","s_"
"479","ASV_488",0.0250976867779308,-0.0267232755161166,0.0160455547521594,"ASV_488","no_hit","no_hit","no_hit","no_hit","no_hit","no_hit","no_hit"
"480","ASV_489",0.0343374949359394,0.0146444503745792,-0.0100570841009581,"ASV_489","no_hit","no_hit","no_hit","no_hit","no_hit","no_hit","no_hit"
"481","ASV_490",-0.00338339217204944,-0.00579520729162435,-0.00754760423556212,"ASV_490","no_hit","Dinophyceae","Dinophyceae","Peridiniales","Protoperidiniaceae","Protoperidinium","Protoperidinium pellucidum"
"482","ASV_491",-0.0114695142884905,-0.00340918050073265,-0.000105862760247305,"ASV_491","no_hit","no_hit","no_hit","no_hit","no_hit","no_hit","no_hit"
"483","ASV_492",0.0248235591875145,0.00303936606402954,-0.00600328047044043,"ASV_492","no_hit","no_hit","no_hit","no_hit","no_hit","no_hit","no_hit"
"484","ASV_493",-0.00394692722481121,0.00571918473247757,-0.025472158028207,"ASV_493","no_hit","unknown","unknown","unknown","unknown","g_","s_"
"485","ASV_494",0.0401055669990384,-0.0370592972490471,0.00439875110372438,"ASV_494","Metazoa","Annelida","Polychaeta","Eunicida","Onuphidae","no_hit","no_hit"
"486","ASV_495",0.0222591319982028,0.0176247270549188,-0.00916013620940775,"ASV_495","no_hit","Dinophyceae","Dinophyceae","Gymnodiniales","Kareniaceae","g_","s_"
"487","ASV_496",0.00757670957309617,0.0397728432207166,-0.0217235483584811,"ASV_496","no_hit","Dinophyceae","Dinophyceae","Gymnodiniales","Kareniaceae","g_","s_"
"488","ASV_497",0.00999186879537062,0.0447626801016169,-0.0183043752296354,"ASV_497","no_hit","Dinophyceae","Dinophyceae","no_hit","no_hit","no_hit","no_hit"
"489","ASV_498",0.017618558290034,-0.000235668356275165,0.0035663828557233,"ASV_498","no_hit","Bacillariophyta","Coscinodiscophyceae","Thalassiosirales","Thalassiosiraceae","no_hit","no_hit"
"490","ASV_499",0.0368294701965655,-0.0283332325107569,0.0139641607864251,"ASV_499","no_hit","no_hit","no_hit","no_hit","no_hit","no_hit","no_hit"
"491","ASV_500",0.0259225384132013,0.029211015304513,-0.00394746815642183,"ASV_500","no_hit","no_hit","no_hit","no_hit","no_hit","no_hit","no_hit"
"492","ASV_502",-0.010003305763675,0.000141269550069503,-0.000880331438175612,"ASV_502","no_hit","Cercozoa","Thecofilosea","unknown","unknown","g_","s_"
"493","ASV_503",-0.00947799518112697,-0.00742125341301801,0.000632280368549868,"ASV_503","no_hit","unknown","Dictyochophyceae","Pedinellales","unknown","Pedinella","Pedinella sp. squamata"
"494","ASV_504",0.00220852220341452,0.0514453287617502,-0.0187492709975803,"ASV_504","no_hit","Euglenozoa","unknown","Diplonemea","unknown","unknown","Diplonemida sp. 1sb RG-2016"
"495","ASV_505",-0.0169034573204623,-0.00874001239166722,-0.0182142286572322,"ASV_505","no_hit","Ciliophora","Spirotrichea","Choreotrichida","Strombidinopsidae","Strombidinopsis","Strombidinopsis acuminata"
"496","ASV_506",-0.0102536944640687,-0.0143893864258243,-0.00917368921692574,"ASV_506","no_hit","Bacillariophyta","Mediophyceae","Hemiaulales","Hemiaulaceae","Eucampia","no_hit"
"497","ASV_507",0.0148550951875311,0.0398667894023305,-0.00886990358565515,"ASV_507","no_hit","Euglenozoa","unknown","Diplonemea","unknown","unknown","s_"
"498","ASV_509",0.00798450292823721,-0.0125097992696782,0.00251428398410893,"ASV_509","no_hit","Dinophyceae","Dinophyceae","no_hit","no_hit","no_hit","no_hit"
"499","ASV_510",-0.0167478794695486,-0.00563844893999584,-0.0156299924537935,"ASV_510","no_hit","Ciliophora","Spirotrichea","Tintinnida","no_hit","no_hit","s_"
"500","ASV_511",-0.00220427988848913,-0.0136443489285297,0.000250731190218307,"ASV_511","no_hit","Dinophyceae","Dinophyceae","Syndiniales","Amoebophryaceae","Amoebophrya","no_hit"
"501","ASV_512",0.0203955909509716,0.0150453930870716,-0.00543524723980068,"ASV_512","no_hit","Dinophyceae","Dinophyceae","Peridiniales","Heterocapsaceae","Heterocapsa","Heterocapsa rotundata"
"502","ASV_513",-0.0177367544372913,0.00490651555517064,-0.000210315551506265,"ASV_513","no_hit","unknown","Cryptophyceae","no_hit","no_hit","no_hit","no_hit"
"503","ASV_514",0.0332185328409138,-0.00131032610948671,0.00221837543239908,"ASV_514","no_hit","Dinophyceae","Dinophyceae","Syndiniales","Amoebophryaceae","g_","s_"
"504","ASV_515",0.0120394556520381,0.0089013534112446,-0.00842716071973251,"ASV_515","no_hit","Cercozoa","Thecofilosea","Phaeogromida","Challengeriidae","Protocystis","Protocystis thomsoni"
"505","ASV_516",-0.00125368458323277,0.0326928288286135,-0.0151242836930508,"ASV_516","no_hit","unknown","unknown","unknown","unknown","unknown","s_"
"506","ASV_517",0.00601112472131692,-0.00335174894222783,-0.00074557298378723,"ASV_517","Metazoa","Annelida","Polychaeta","Spionida","Spionidae","Polydora","Polydora brevipalpa"
"507","ASV_518",-0.000788182112910172,-0.00164653260242638,-0.00153227523584341,"ASV_518","no_hit","Dinophyceae","Dinophyceae","Peridiniales","Peridiniaceae","Scrippsiella","no_hit"
"508","ASV_519",-0.0212614805763933,-0.00468942608591813,-0.00861143038498908,"ASV_519","no_hit","Bacillariophyta","Coscinodiscophyceae","Thalassiosirales","Thalassiosiraceae","Thalassiosira","Thalassiosira oceanica"
"509","ASV_520",0.00164297451828093,-0.00550628597057354,-0.00486836184067113,"ASV_520","no_hit","Dinophyceae","Dinophyceae","Syndiniales","Duboscquellidae","Duboscquella","no_hit"
"510","ASV_521",0.000598130862966738,-0.00747024483011015,0.00721891361427735,"ASV_521","no_hit","unknown","unknown","unknown","unknown","g_","s_"
"511","ASV_522",-0.000790532002485039,0.0285176611988231,-0.0108246803864396,"ASV_522","no_hit","Dinophyceae","Dinophyceae","Syndiniales","no_hit","no_hit","no_hit"
"512","ASV_523",0.0315879849155631,-0.0317542746985212,0.0103992473471814,"ASV_523","no_hit","Dinophyceae","Dinophyceae","Peridiniales","Peridiniaceae","Pentapharsodinium","Pentapharsodinium tyrrhenicum"
"513","ASV_524",-0.0160008215800474,-0.00163585215690283,-0.0116240201274688,"ASV_524","no_hit","Euglenozoa","unknown","Diplonemea","unknown","unknown","s_"
"514","ASV_525",-0.00268587827201891,0.0573241520336725,-0.0197240132336141,"ASV_525","no_hit","Euglenozoa","unknown","Diplonemea","no_hit","no_hit","no_hit"
"515","ASV_526",-0.0146702940848005,-0.00824295115879705,-0.0168060148042024,"ASV_526","no_hit","Dinophyceae","Dinophyceae","Syndiniales","Amoebophryaceae","Amoebophrya","no_hit"
"516","ASV_527",0.0210233971436156,-0.0213579310528328,0.00415113601030574,"ASV_527","no_hit","unknown","unknown","unknown","unknown","unknown","s_"
"517","ASV_528",0.00204869248683366,0.0425278467874613,-0.012167270148595,"ASV_528","no_hit","Dinophyceae","Dinophyceae","Syndiniales","no_hit","no_hit","no_hit"
"518","ASV_529",-0.0194987430162514,0.00276163458095338,-0.00581220238670218,"ASV_529","no_hit","Bacillariophyta","Coscinodiscophyceae","Leptocylindrales","Leptocylindraceae","Leptocylindrus","Leptocylindrus convexus"
"519","ASV_530",0.0249793138227848,-0.0113288106967876,-0.00171904733556336,"ASV_530","Metazoa","Arthropoda","Hexanauplia","Cyclopoida","Oithonidae","Oithona","Oithona similis"
"520","ASV_531",-0.00663246519588827,-0.00886894389971107,-0.00281922783401379,"ASV_531","no_hit","no_hit","no_hit","no_hit","no_hit","no_hit","no_hit"
"521","ASV_532",-0.011173411135408,-0.00517636399405266,-0.00452614234141462,"ASV_532","no_hit","Bacillariophyta","Bacillariophyceae","Bacillariales","Bacillariaceae","Pseudo-nitzschia","Pseudo-nitzschia heimii"
"522","ASV_533",0.0391703101050411,-0.0297462636997215,0.0133427187391522,"ASV_533","no_hit","Cercozoa","unknown","unknown","unknown","Quadricilia","Quadricilia rotundata"
"523","ASV_534",0.0240721266198001,-0.0295980143253704,0.00211012172594279,"ASV_534","no_hit","unknown","unknown","unknown","unknown","unknown","s_"
"524","ASV_535",0.0246361567109271,-0.0186480523646023,0.0123645069073323,"ASV_535","no_hit","unknown","unknown","unknown","unknown","unknown","uncultured marine picoeukaryote"
"525","ASV_536",0.00448983513171379,0.0058346003495656,-0.00435179992268796,"ASV_536","Metazoa","Annelida","Polychaeta","Phyllodocida","no_hit","g_","s_"
"526","ASV_537",0.0385442232838548,-0.0263789379810098,0.0236117382552484,"ASV_537","no_hit","unknown","Centroplasthelida","unknown","unknown","Meringosphaera","Meringosphaera mediterranea"
"527","ASV_538",0.0378818661159785,-0.0256336574348285,0.0176893162923193,"ASV_538","no_hit","unknown","unknown","unknown","unknown","unknown","uncultured marine eukaryote"
"528","ASV_539",0.0107807255819278,0.0141175708430763,-0.0142302707914623,"ASV_539","Metazoa","Arthropoda","Hexanauplia","Poecilostomatoida","Oncaeidae","no_hit","no_hit"
"529","ASV_540",-0.00630009409986958,0.0131210393845173,-0.00472835772485392,"ASV_540","no_hit","unknown","Acantharea","Chaunacanthida","unknown","g_","s_"
"530","ASV_541",0.0287752081281805,-0.0146462797591554,0.0116257249806298,"ASV_541","no_hit","Picozoa","unknown","unknown","unknown","unknown","Picobiliphyte sp. MS584-11"
"531","ASV_542",0.0100419870061817,0.0177936316047355,-0.00189137270493163,"ASV_542","Metazoa","Chordata","Thaliacea","Salpida","Salpidae","Salpa","no_hit"
"532","ASV_543",0.010120383424972,-0.0139923429156217,0.00612333087081359,"ASV_543","Viridiplantae","Chlorophyta","Pyramimonadophyceae","Pyramimonadales","Pyramimonadaceae","Cymbomonas","Cymbomonas tetramitiformis"
"533","ASV_545",0.0260879349117038,-0.0219794887203238,0.0137574146241193,"ASV_545","no_hit","unknown","unknown","unknown","unknown","unknown","uncultured marine eukaryote"
"534","ASV_546",0.0125682504876991,0.035853268908447,-0.0110835572267718,"ASV_546","no_hit","Euglenozoa","unknown","Diplonemea","no_hit","no_hit","no_hit"
"535","ASV_547",0.00126434815805477,-0.0132726501372563,0.00124879172266714,"ASV_547","no_hit","unknown","Bigyra","Nanomonadea","unknown","Incisomonas","s_"
"536","ASV_548",-0.018454577090629,-0.00935409709869056,-0.00429453295753641,"ASV_548","no_hit","Bacillariophyta","Bacillariophyceae","Bacillariales","Bacillariaceae","no_hit","no_hit"
"537","ASV_549",0.0184351774099215,-0.00603813517686881,-0.00479844738092625,"ASV_549","no_hit","Dinophyceae","Dinophyceae","Peridiniales","Peridiniaceae","Pentapharsodinium","Pentapharsodinium tyrrhenicum"
"538","ASV_550",-0.0109302183632461,-0.00141034320036028,-0.00267156693123755,"ASV_550","no_hit","Cercozoa","Thecofilosea","Cryomonadida","Protaspidae","Cryothecomonas","s_"
"539","ASV_551",0.0125251961435004,-0.019584035639954,0.00952612654900538,"ASV_551","no_hit","Haptophyta","unknown","Zygodiscales","Braarudosphaeraceae","Braarudosphaera","Braarudosphaera bigelowii"
"540","ASV_552",0.031248569564216,-0.00445584591800451,0.00954943971307504,"ASV_552","no_hit","Dinophyceae","Dinophyceae","no_hit","no_hit","no_hit","no_hit"
"541","ASV_553",-0.00643546279144441,-0.00359566299984269,-0.00626341149060128,"ASV_553","no_hit","Bacillariophyta","Coscinodiscophyceae","Chaetocerotales","Chaetocerotaceae","Chaetoceros","no_hit"
"542","ASV_554",0.00904849578604207,0.032445044949746,-0.00704512305904633,"ASV_554","no_hit","Dinophyceae","Dinophyceae","Syndiniales","Duboscquellidae","Duboscquella","no_hit"
"543","ASV_555",0.0127796837147521,0.0149952804726989,-0.0127697622144641,"ASV_555","Metazoa","Arthropoda","Hexanauplia","Poecilostomatoida","Oncaeidae","no_hit","no_hit"
"544","ASV_556",-0.0184066241834745,0.00458230495948821,-0.00582574404527053,"ASV_556","no_hit","Cercozoa","Thecofilosea","unknown","unknown","g_","s_"
"545","ASV_557",-0.00427535634553756,0.0222615208392353,-0.00957516411039124,"ASV_557","no_hit","no_hit","no_hit","no_hit","no_hit","no_hit","no_hit"
"546","ASV_558",0.0181276107752423,0.0131091853801423,-0.00801652250962506,"ASV_558","no_hit","unknown","unknown","unknown","unknown","unknown","Uncultured marine alveolate Group I DH144-EKD3"
"547","ASV_559",0.00113821054131392,0.0429903930525398,-0.0198323032217608,"ASV_559","no_hit","unknown","unknown","unknown","unknown","g_","s_"
"548","ASV_560",0.0280791511262843,0.00400238989337955,0.00593378897140556,"ASV_560","no_hit","unknown","unknown","unknown","unknown","g_","s_"
"549","ASV_561",-0.00835366472581911,-0.0149714498806836,-0.00419012607908577,"ASV_561","no_hit","Cercozoa","Thecofilosea","Cryomonadida","Protaspidae","Cryothecomonas","Cryothecomonas sp. APCC MC5-1Cryo"
"550","ASV_562",0.0293143533298858,-0.00881852080219696,0.0109466990175036,"ASV_562","no_hit","no_hit","no_hit","no_hit","no_hit","no_hit","no_hit"
"551","ASV_563",0.0324229683884642,-0.0347073652474031,0.00646112908335799,"ASV_563","no_hit","no_hit","no_hit","no_hit","no_hit","no_hit","no_hit"
"552","ASV_564",0.0347701952297732,-0.028926556507043,0.00270599825172718,"ASV_564","Metazoa","Hemichordata","Enteropneusta","unknown","Harrimaniidae","g_","s_"
"553","ASV_565",-0.00326238636621753,-0.00484730403743155,-0.00148198967715421,"ASV_565","no_hit","Bacillariophyta","Coscinodiscophyceae","Chaetocerotales","Chaetocerotaceae","Chaetoceros","no_hit"
"554","ASV_566",-0.0046404928370888,0.051118710367345,-0.0155236953182138,"ASV_566","no_hit","unknown","unknown","unknown","unknown","g_","s_"
"555","ASV_567",-0.0135986271567908,-0.0115789199259436,-0.0179951381786932,"ASV_567","no_hit","Dinophyceae","Dinophyceae","Peridiniales","Protoperidiniaceae","Protoperidinium","Protoperidinium crassipes"
"556","ASV_568",0.0214085051658233,0.0256301240929859,0.000240262548928755,"ASV_568","no_hit","unknown","unknown","unknown","unknown","g_","s_"
"557","ASV_569",0.00143908224175342,0.00962776844334738,-0.00592197107027514,"ASV_569","no_hit","unknown","Polycystinea","Collodaria","Sphaerozoidae","no_hit","no_hit"
"558","ASV_570",0.0161871730580658,-0.00415186512035852,0.00334382249483182,"ASV_570","no_hit","unknown","Cryptophyceae","Pyrenomonadales","Geminigeraceae","g_","s_"
"559","ASV_571",0.0259870969133705,-0.0139636632519611,0.0041321746588051,"ASV_571","no_hit","no_hit","no_hit","no_hit","no_hit","g_","s_"
"560","ASV_572",0.00466722231979187,0.0407196896116903,-0.0173574404142788,"ASV_572","no_hit","Euglenozoa","unknown","Diplonemea","no_hit","no_hit","s_"
"561","ASV_573",0.00354715831108653,0.0252470834361777,-0.0077937605170945,"ASV_573","no_hit","Dinophyceae","Dinophyceae","Syndiniales","Amoebophryaceae","Amoebophrya","s_"
"562","ASV_574",-0.00947905055990718,0.0286543727572153,-0.0139982092828937,"ASV_574","no_hit","Bacillariophyta","Coscinodiscophyceae","Chaetocerotales","Attheyaceae","Attheya","Attheya longicornis"
"563","ASV_575",0.0293913797742376,-0.0282572316831168,0.0109543604586258,"ASV_575","no_hit","Dinophyceae","Dinophyceae","Syndiniales","Amoebophryaceae","g_","s_"
"564","ASV_576",0.00481164976320381,0.0276150191091966,-0.00875317915642889,"ASV_576","no_hit","Dinophyceae","Dinophyceae","Syndiniales","no_hit","no_hit","no_hit"
"565","ASV_577",-0.0109196491361691,0.00894682677035796,-0.0101969831925022,"ASV_577","no_hit","Bacillariophyta","Bacillariophyceae","Bacillariales","Bacillariaceae","Pseudo-nitzschia","no_hit"
"566","ASV_578",0.00558814131238883,0.00883766652847373,-0.00367341875344365,"ASV_578","no_hit","Bacillariophyta","Bacillariophyceae","Bacillariales","Bacillariaceae","Pseudo-nitzschia","no_hit"
"567","ASV_579",0.00445228099697151,0.0262691555457141,-0.0039252790712462,"ASV_579","no_hit","unknown","unknown","unknown","unknown","unknown","eukaryote clone OLI11012"
"568","ASV_580",0.0229601176758666,-0.00800782374108108,0.0044005627441814,"ASV_580","no_hit","no_hit","no_hit","no_hit","no_hit","no_hit","no_hit"
"569","ASV_581",-0.00199235965400768,0.0372421165707109,-0.0160545879441317,"ASV_581","no_hit","no_hit","no_hit","no_hit","no_hit","no_hit","no_hit"
"570","ASV_582",-0.00602280818438301,0.00859589441919963,-0.00734464510762331,"ASV_582","no_hit","Dinophyceae","Dinophyceae","Gymnodiniales","Gymnodiniaceae","Paulsenella","Paulsenella vonstoschii"
"571","ASV_583",-0.0172308418107029,0.00944166482501303,-0.00678512066587686,"ASV_583","no_hit","Bacillariophyta","Bacillariophyceae","no_hit","no_hit","no_hit","no_hit"
"572","ASV_584",-0.00248391344743022,-0.0049172203277649,-0.00284079949289112,"ASV_584","no_hit","Dinophyceae","Dinophyceae","Gymnodiniales","Gymnodiniaceae","no_hit","no_hit"
"573","ASV_585",0.000544006902371528,0.0102270685415422,-0.00609320670656046,"ASV_585","Metazoa","Chaetognatha","Sagittoidea","Aphragmophora","Sagittidae","no_hit","no_hit"
"574","ASV_586",0.00997162862608916,0.0022136148627198,-0.00550866745185517,"ASV_586","no_hit","unknown","unknown","unknown","unknown","unknown","s_"
"575","ASV_587",0.0251074332300595,0.0172303036973532,0.0077605289222114,"ASV_587","no_hit","no_hit","no_hit","no_hit","no_hit","no_hit","s_"
"576","ASV_588",0.00563109962740168,0.0381831836558769,-0.00550077257588533,"ASV_588","no_hit","Dinophyceae","Dinophyceae","Syndiniales","Amoebophryaceae","Amoebophrya","s_"
"577","ASV_589",0.00373912255923115,0.0399599740648744,-0.0151510218075739,"ASV_589","no_hit","Euglenozoa","unknown","Diplonemea","no_hit","no_hit","no_hit"
"578","ASV_590",0.0116608702783494,0.0268190919382024,-0.0110380994826008,"ASV_590","no_hit","Euglenozoa","unknown","Diplonemea","no_hit","g_","s_"
"579","ASV_591",0.0235738509695937,-0.0067425689979268,0.00316601856574914,"ASV_591","no_hit","Dinophyceae","Dinophyceae","Gymnodiniales","Kareniaceae","Karlodinium","s_"
"580","ASV_592",-0.00069487656298845,0.0198428739430745,-0.0057190260184353,"ASV_592","no_hit","no_hit","no_hit","no_hit","no_hit","no_hit","no_hit"
"581","ASV_593",0.0128389290905462,0.000166545367224238,0.00226898964514397,"ASV_593","no_hit","no_hit","no_hit","no_hit","no_hit","no_hit","no_hit"
"582","ASV_594",0.0113460276566715,0.012891826207638,-0.00804704715740213,"ASV_594","no_hit","Dinophyceae","Dinophyceae","Peridiniales","Protoperidiniaceae","g_","s_"
"583","ASV_595",0.0188137096054728,-0.00672960908697862,-0.00169986285691225,"ASV_595","Metazoa","Arthropoda","Hexanauplia","Cyclopoida","Oithonidae","Oithona","Oithona similis"
"584","ASV_597",-0.00381055913426928,0.0237181280774283,-0.00661305040309936,"ASV_597","Metazoa","Ctenophora","Tentaculata","Thalassocalycida","Thalassocalycidae","Thalassocalyce","Thalassocalyce inconstans"
"585","ASV_598",0.015293018489513,0.00715580144346376,-0.00490739486025505,"ASV_598","Viridiplantae","Chlorophyta","no_hit","no_hit","no_hit","no_hit","no_hit"
"586","ASV_599",-0.00550325838089367,-0.00039148982257202,0.00198963413422413,"ASV_599","no_hit","unknown","unknown","unknown","unknown","unknown","uncultured marine picoeukaryote"
"587","ASV_600",0.0108313982073807,-0.0139439888241998,0.00388257623392546,"ASV_600","no_hit","unknown","Choanoflagellata","Craspedida","Salpingoecidae","g_","s_"
"588","ASV_601",0.0246107515488999,0.00210739732907383,-0.00148382877360317,"ASV_601","no_hit","no_hit","no_hit","no_hit","no_hit","no_hit","s_"
"589","ASV_602",-0.00413826180292153,-0.00899963049228747,-0.00826389593004823,"ASV_602","no_hit","no_hit","no_hit","no_hit","no_hit","g_","s_"
"590","ASV_603",0.0320466754546517,-0.0266012404461746,0.0131384288810038,"ASV_603","no_hit","Dinophyceae","Dinophyceae","Syndiniales","Amoebophryaceae","g_","s_"
"591","ASV_604",-0.00638112029740024,0.0487907329660239,-0.0147759256440276,"ASV_604","no_hit","Euglenozoa","unknown","Diplonemea","no_hit","no_hit","no_hit"
"592","ASV_605",0.00531982757946205,0.0168824608088625,0.00295824372658893,"ASV_605","no_hit","Dinophyceae","Dinophyceae","Syndiniales","Amoebophryaceae","g_","s_"
"593","ASV_606",0.0177583052471051,0.00300122419297761,0.00613649887080108,"ASV_606","no_hit","unknown","unknown","unknown","unknown","unknown","uncultured marine picoeukaryote"
"594","ASV_607",-0.00908676220335885,-0.00798965365426078,-0.0140679668065247,"ASV_607","no_hit","Dinophyceae","Dinophyceae","Peridiniales","Protoperidiniaceae","g_","s_"
"595","ASV_608",0.00232430544436408,-0.000827466295355151,0.000193853616875362,"ASV_608","no_hit","unknown","Bigyra","Nanomonadea","unknown","Incisomonas","Incisomonas marina"
"596","ASV_609",0.0194999415562803,0.00283912874925375,-0.00184124649742942,"ASV_609","no_hit","Dinophyceae","Dinophyceae","Gymnodiniales","Warnowiaceae","Warnowia","no_hit"
"597","ASV_610",0.000824826289404948,0.0420194628361961,-0.0177048014192389,"ASV_610","no_hit","Dinophyceae","Dinophyceae","no_hit","no_hit","no_hit","s_"
"598","ASV_611",-0.00271975934458153,0.010970125202884,-0.00445933290259955,"ASV_611","Metazoa","Cnidaria","Hydrozoa","Anthoathecata","Hydrichthyidae","Hydrichthys","Hydrichthys boycei"
"599","ASV_612",-0.00125018515432084,0.0375586961579268,-0.0150668218296529,"ASV_612","no_hit","unknown","Polycystinea","no_hit","no_hit","no_hit","s_"
"600","ASV_613",-0.00629757395262659,0.00233466559906551,-0.00430377807643068,"ASV_613","no_hit","Bacillariophyta","Fragilariophyceae","Fragilariales","Fragilariaceae","no_hit","no_hit"
"601","ASV_614",-0.00662885300672502,0.0113754713519093,-0.00237250428038336,"ASV_614","no_hit","unknown","unknown","unknown","unknown","g_","s_"
"602","ASV_615",-0.00282139319492338,0.0427785471727799,-0.0131086567943286,"ASV_615","no_hit","no_hit","no_hit","no_hit","no_hit","no_hit","no_hit"
"603","ASV_616",-0.00907994622517172,0.000241790933134292,-0.00765019106292592,"ASV_616","no_hit","no_hit","no_hit","no_hit","no_hit","no_hit","s_"
"604","ASV_617",-0.00853543537847651,0.0290356010101345,-0.00809037458071969,"ASV_617","no_hit","Dinophyceae","Dinophyceae","Syndiniales","Amoebophryaceae","Amoebophrya","no_hit"
"605","ASV_618",0.0129990062685321,0.0200647652974285,-0.008565807396177,"ASV_618","no_hit","Euglenozoa","unknown","Diplonemea","unknown","g_","s_"
"606","ASV_619",-0.0210683568446059,-0.000995995511463315,0.00806212735980965,"ASV_619","no_hit","Haptophyta","unknown","Zygodiscales","Braarudosphaeraceae","Braarudosphaera","Braarudosphaera bigelowii"
"607","ASV_620",0.0105412905799612,-0.0114267764812519,0.0137942160290984,"ASV_620","no_hit","Imbricatea","unknown","Thaumatomonadida","Thaumatomastigidae","Protaspis","s_"
"608","ASV_621",0.00213338600362571,0.0221869274366811,0.00022639053613038,"ASV_621","no_hit","Dinophyceae","Dinophyceae","Syndiniales","no_hit","no_hit","s_"
"609","ASV_622",0.0130521747971766,-0.00126963671882926,0.010066137693828,"ASV_622","no_hit","no_hit","no_hit","no_hit","no_hit","no_hit","no_hit"
"610","ASV_623",-0.00177237298910585,0.00413954032833184,-0.00851663652274728,"ASV_623","no_hit","Dinophyceae","Dinophyceae","Syndiniales","Amoebophryaceae","g_","s_"
"611","ASV_624",0.0137787972090867,-0.00142237064222002,0.00661711323136083,"ASV_624","no_hit","Ciliophora","Colpodea","unknown","unknown","g_","s_"
"612","ASV_625",0.0317221308130343,-0.00449420527811421,0.0128850834629436,"ASV_625","no_hit","unknown","unknown","unknown","unknown","unknown","Stramenopiles sp. MAST-7B-sp1"
"613","ASV_626",0.037687561470567,-0.0187978235633163,0.0200183768471117,"ASV_626","no_hit","Dinophyceae","Dinophyceae","no_hit","no_hit","no_hit","no_hit"
"614","ASV_627",0.0231343662495766,-0.0217071728364643,0.00781837512192212,"ASV_627","no_hit","Dinophyceae","Dinophyceae","Peridiniales","Peridiniaceae","Pentapharsodinium","Pentapharsodinium tyrrhenicum"
"615","ASV_628",-0.00081434921404164,0.0206944720097734,-0.0102986513654853,"ASV_628","no_hit","unknown","unknown","unknown","unknown","g_","s_"
"616","ASV_629",0.0224891418406713,-0.038027549034462,0.0155981646973004,"ASV_629","no_hit","Dinophyceae","Dinophyceae","Syndiniales","Amoebophryaceae","Amoebophrya","s_"
"617","ASV_630",-0.00752840230808957,0.0182308980972665,-0.00612913881429496,"ASV_630","no_hit","no_hit","no_hit","no_hit","no_hit","no_hit","no_hit"
"618","ASV_631",0.0138896017671483,-0.000129939421898823,-0.00444632440326885,"ASV_631","no_hit","Dinophyceae","Dinophyceae","Syndiniales","no_hit","no_hit","no_hit"
"619","ASV_632",0.00393483871492063,-0.00276538101058106,-0.0110340042693014,"ASV_632","no_hit","Dinophyceae","Dinophyceae","no_hit","no_hit","no_hit","s_"
"620","ASV_633",0.0335473595724749,-0.0116800383637437,0.0225384903266063,"ASV_633","no_hit","no_hit","no_hit","no_hit","no_hit","no_hit","no_hit"
"621","ASV_634",-0.00732131896563226,-0.00367561516735683,0.00496118408729117,"ASV_634","no_hit","Dinophyceae","Dinophyceae","no_hit","no_hit","no_hit","no_hit"
"622","ASV_635",-0.00351583579506108,-0.00346377844873042,-0.0045724267765183,"ASV_635","no_hit","Dinophyceae","Dinophyceae","Peridiniales","Protoperidiniaceae","Protoperidinium","Protoperidinium conicum"
"623","ASV_636",0.00140321765233266,0.0402647071511531,-0.0127587337415077,"ASV_636","no_hit","unknown","unknown","unknown","unknown","g_","s_"
"624","ASV_637",-0.0031204833270464,-0.00497211702388544,-0.00940153390923454,"ASV_637","Metazoa","Arthropoda","Hexanauplia","Harpacticoida","Ectinosomatidae","Microsetella","Microsetella norvegica"
"625","ASV_638",-0.00371074886162016,0.0114421921314198,-0.00382675502614715,"ASV_638","no_hit","no_hit","no_hit","no_hit","no_hit","no_hit","no_hit"
"626","ASV_639",-0.00476134484826473,0.040987392480618,-0.0146772444917141,"ASV_639","no_hit","unknown","unknown","unknown","unknown","unknown","eukaryote clone OLI11001"
"627","ASV_640",0.0134327629390101,0.0151863830558895,-0.0054674980524982,"ASV_640","no_hit","Ciliophora","no_hit","no_hit","no_hit","no_hit","no_hit"
"628","ASV_641",0.0313697518502406,-0.0242732584173071,0.0190980465943145,"ASV_641","no_hit","Dinophyceae","Dinophyceae","Syndiniales","Amoebophryaceae","g_","s_"
"629","ASV_642",-0.00712841368704215,-0.00465043780443902,-0.00901426123169912,"ASV_642","no_hit","Ciliophora","Spirotrichea","unknown","Strombidiidae","no_hit","no_hit"
"630","ASV_643",0.00272988831456466,0.0279496468277971,-0.00871173728743262,"ASV_643","no_hit","Dinophyceae","Dinophyceae","Syndiniales","Amoebophryaceae","Amoebophrya","s_"
"631","ASV_644",0.0121575280533614,0.0189646542896384,-0.0139791156267882,"ASV_644","no_hit","Dinophyceae","Dinophyceae","Dinophysiales","Dinophysiaceae","g_","s_"
"632","ASV_645",-0.0164719657373157,0.00598946038869742,-0.000709357998680349,"ASV_645","no_hit","unknown","unknown","unknown","unknown","g_","s_"
"633","ASV_646",-0.01623509288374,-0.00196680934427736,0.0017475170005128,"ASV_646","no_hit","Bacillariophyta","Mediophyceae","Cymatosirales","Cymatosiraceae","Brockmanniella","Brockmanniella brockmannii"
"634","ASV_647",-0.00631346973639569,0.00453892031632578,-0.000748455115260504,"ASV_647","no_hit","Haptophyta","unknown","Prymnesiales","unknown","Chrysocampanula","Chrysocampanula spinifera"
"635","ASV_648",0.000881570169077453,0.00553682289245734,-0.000567004689981384,"ASV_648","no_hit","no_hit","no_hit","no_hit","no_hit","no_hit","no_hit"
"636","ASV_649",0.0111991765482758,-0.00235760530690671,0.00459948223869135,"ASV_649","no_hit","Dinophyceae","Dinophyceae","Syndiniales","Amoebophryaceae","Amoebophrya","no_hit"
"637","ASV_650",0.0200420269069274,0.00624896326494371,-0.00162426189398819,"ASV_650","no_hit","Dinophyceae","Dinophyceae","Gymnodiniales","Gymnodiniaceae","g_","s_"
"638","ASV_651",-0.00958716386720427,0.0010475667055424,-0.00300130580977026,"ASV_651","Metazoa","Chordata","Appendicularia","Copelata","Oikopleuridae","Oikopleura","no_hit"
"639","ASV_652",0.0234174197858223,-5.96524101697914e-05,0.00671910057627645,"ASV_652","no_hit","no_hit","no_hit","no_hit","no_hit","no_hit","no_hit"
"640","ASV_653",0.00471813533117515,0.0360243212321107,-0.0186057675528535,"ASV_653","no_hit","no_hit","no_hit","no_hit","no_hit","no_hit","no_hit"
"641","ASV_654",0.0182943437449802,0.000498305909720559,0.000832018988490066,"ASV_654","no_hit","Dinophyceae","Dinophyceae","Peridiniales","Heterocapsaceae","g_","s_"
"642","ASV_655",0.0108834844535944,0.00714033311751393,-0.00664287209780233,"ASV_655","no_hit","no_hit","no_hit","no_hit","no_hit","no_hit","no_hit"
"643","ASV_656",-0.0073830002971018,-0.00309340770107653,-0.0128276210123639,"ASV_656","no_hit","Dinophyceae","Dinophyceae","Gymnodiniales","Gymnodiniaceae","Cochlodinium","no_hit"
"644","ASV_657",-0.0239744351528754,-0.000917505235023427,-0.00269263261111874,"ASV_657","no_hit","Bacillariophyta","Coscinodiscophyceae","Chaetocerotales","Chaetocerotaceae","Chaetoceros","Chaetoceros debilis"
"645","ASV_658",0.00648098042112111,0.0176568803861767,-0.00987949282209855,"ASV_658","no_hit","Dinophyceae","Dinophyceae","Syndiniales","no_hit","g_","s_"
"646","ASV_659",0.00766365735079791,0.0283864653523793,-0.0164770972444472,"ASV_659","no_hit","Dinophyceae","Dinophyceae","Torodiniales","Torodiniaceae","g_","s_"
"647","ASV_660",0.0215370833967402,-0.00919342797887688,0.0139810578007459,"ASV_660","no_hit","Dinophyceae","Dinophyceae","no_hit","no_hit","no_hit","no_hit"
"648","ASV_661",-0.0194222781689849,-0.00372676154168161,-0.00350697232747215,"ASV_661","no_hit","no_hit","no_hit","no_hit","no_hit","no_hit","no_hit"
"649","ASV_662",-0.00354289183439767,0.00781411212235207,0.000187770332507637,"ASV_662","no_hit","Bacillariophyta","Coscinodiscophyceae","Coscinodiscales","Heliopeltaceae","Actinoptychus","s_"
"650","ASV_663",0.0124355171388031,0.0134553486881502,0.00892685731133212,"ASV_663","no_hit","unknown","unknown","unknown","unknown","unknown","uncultured marine eukaryote"
"651","ASV_664",0.0196202582434608,-0.000180368565092292,0.0111165466216468,"ASV_664","no_hit","Dinophyceae","Dinophyceae","Syndiniales","Duboscquellidae","Duboscquella","no_hit"
"652","ASV_665",-0.00561280295181387,0.0176930835427548,0.00480919033385795,"ASV_665","no_hit","unknown","unknown","unknown","unknown","unknown","s_"
"653","ASV_666",0.00807120608868467,0.025881974918419,-0.0112082424921124,"ASV_666","no_hit","Dinophyceae","Dinophyceae","Syndiniales","no_hit","no_hit","no_hit"
"654","ASV_667",0.0258746849562369,-0.0256518188768053,0.0122470473810744,"ASV_667","no_hit","Dinophyceae","Dinophyceae","Syndiniales","Amoebophryaceae","Amoebophrya","no_hit"
"655","ASV_668",0.0222535860101908,-0.0249218354060524,0.0110557862384379,"ASV_668","no_hit","Dinophyceae","Dinophyceae","Thoracosphaerales","Thoracosphaeraceae","Thoracosphaera","s_"
"656","ASV_669",0.00841823547549401,0.0130790826680507,-0.00057089068976553,"ASV_669","no_hit","Dinophyceae","Dinophyceae","no_hit","no_hit","no_hit","no_hit"
"657","ASV_670",-0.0158926424981416,-0.000356863124972001,0.000747189240996909,"ASV_670","no_hit","Bacillariophyta","Coscinodiscophyceae","Thalassiosirales","Thalassiosiraceae","Thalassiosira","no_hit"
"658","ASV_671",0.000610447881275903,0.00725900021886597,-0.00477639465504574,"ASV_671","no_hit","Dinophyceae","Dinophyceae","Syndiniales","Syndiniaceae","g_","s_"
"659","ASV_672",-0.0138209433293234,0.00250300504136797,-0.00590409838902609,"ASV_672","no_hit","Bacillariophyta","Coscinodiscophyceae","Chaetocerotales","Chaetocerotaceae","Chaetoceros","Chaetoceros diadema"
"660","ASV_673",-0.0179608368682977,-0.00046785831306099,-0.0113338002015608,"ASV_673","no_hit","Cercozoa","Thecofilosea","unknown","unknown","g_","s_"
"661","ASV_674",0.000948355329045841,0.0239795188615653,-0.0100980520872106,"ASV_674","no_hit","Dinophyceae","Dinophyceae","Syndiniales","Amoebophryaceae","Amoebophrya","s_"
"662","ASV_675",-0.00631432527055009,0.0153079699507787,-0.00414232894130784,"ASV_675","no_hit","no_hit","no_hit","no_hit","no_hit","no_hit","no_hit"
"663","ASV_676",-0.00833407264429281,0.00624547633404332,0.00623120741448973,"ASV_676","no_hit","unknown","Chrysophyceae","unknown","unknown","g_","s_"
"664","ASV_677",0.0185274288465212,-0.0147332782036696,0.0017809707071813,"ASV_677","no_hit","unknown","Cryptophyceae","Pyrenomonadales","Chroomonadaceae","g_","s_"
"665","ASV_678",0.0100553166124961,0.0215754634126697,0.00747779672820328,"ASV_678","no_hit","unknown","Choanoflagellata","Acanthoecida","Stephanoecidae","g_","s_"
"666","ASV_679",0.0215281894752452,-0.00745013187153104,0.00191965586540694,"ASV_679","no_hit","Dinophyceae","Dinophyceae","no_hit","no_hit","g_","s_"
"667","ASV_680",-0.00387417101419002,-0.00125972136763943,0.00145841405547699,"ASV_680","no_hit","Dinophyceae","Dinophyceae","no_hit","no_hit","no_hit","no_hit"
"668","ASV_681",0.00887764571806868,0.0102169371597067,0.00271259926120345,"ASV_681","no_hit","Ciliophora","Oligohymenophorea","Apostomatida","Colliniidae","Pseudocollinia","no_hit"
"669","ASV_682",0.0220884159008825,-0.0232870874615774,0.00473741634671493,"ASV_682","no_hit","no_hit","no_hit","no_hit","no_hit","no_hit","no_hit"
"670","ASV_683",0.022412967601813,-0.0110683994234565,0.0256189720938432,"ASV_683","no_hit","unknown","Dictyochophyceae","Florenciellales","no_hit","no_hit","no_hit"
"671","ASV_684",-0.00973565824178109,0.00115439798465967,0.00562271820847357,"ASV_684","no_hit","Bacillariophyta","Coscinodiscophyceae","Thalassiosirales","no_hit","no_hit","no_hit"
"672","ASV_685",-9.17310592791926e-05,0.0283065205848445,-0.0128935815939454,"ASV_685","no_hit","Dinophyceae","Dinophyceae","Syndiniales","no_hit","no_hit","no_hit"
"673","ASV_686",-0.000645064172906827,0.00218699363790908,0.00522218577913284,"ASV_686","no_hit","unknown","unknown","unknown","unknown","g_","s_"
"674","ASV_687",0.00970456634593808,0.0211346963543404,0.000300578853327824,"ASV_687","no_hit","unknown","unknown","unknown","unknown","g_","s_"
"675","ASV_688",0.00128864113681176,0.00899731738628026,0.0022903778976922,"ASV_688","no_hit","Dinophyceae","Dinophyceae","no_hit","no_hit","no_hit","no_hit"
"676","ASV_689",0.00349526158961845,-0.00399189882390927,-0.003357048818454,"ASV_689","Metazoa","Cnidaria","Anthozoa","Actiniaria","Edwardsiidae","no_hit","no_hit"
"677","ASV_690",0.00198464710179975,0.0386895513219154,-0.0177489642883428,"ASV_690","no_hit","Euglenozoa","unknown","Diplonemea","unknown","g_","s_"
"678","ASV_691",-0.0039880044389724,0.0171740894714341,-0.00471100742474347,"ASV_691","no_hit","no_hit","no_hit","no_hit","no_hit","no_hit","no_hit"
"679","ASV_692",0.00135114482812413,0.00653592285018933,-0.00502440028736751,"ASV_692","no_hit","Dinophyceae","Dinophyceae","Syndiniales","Amoebophryaceae","Amoebophrya","s_"
"680","ASV_693",-0.000906886787591012,0.0179780203701818,-0.00899196737799345,"ASV_693","no_hit","no_hit","no_hit","no_hit","no_hit","no_hit","no_hit"
"681","ASV_695",0.0162687428782937,-0.0179998863908711,0.00175435264297625,"ASV_695","no_hit","Dinophyceae","Dinophyceae","no_hit","no_hit","no_hit","s_"
"682","ASV_696",-0.00343612309381364,0.0212351954906892,-0.00118267198898045,"ASV_696","Metazoa","Ctenophora","Tentaculata","Cydippida","Pleurobrachiidae","Pleurobrachia","no_hit"
"683","ASV_697",-0.00763338208389343,-0.00274855501617776,-0.00450514779467894,"ASV_697","no_hit","Bacillariophyta","Bacillariophyceae","Bacillariales","Bacillariaceae","Pseudo-nitzschia","Pseudo-nitzschia fraudulenta"
"684","ASV_698",0.0179913507568168,-0.00164672496983621,0.00642359805911504,"ASV_698","no_hit","Dinophyceae","Dinophyceae","Syndiniales","Amoebophryaceae","Amoebophrya","s_"
"685","ASV_699",0.0289160370228645,-0.0134156254671988,0.0150520065945709,"ASV_699","no_hit","Dinophyceae","Dinophyceae","Syndiniales","Amoebophryaceae","g_","s_"
"686","ASV_700",-0.000955347159439311,-0.00332798609382484,-0.00329528906516723,"ASV_700","no_hit","Dinophyceae","Dinophyceae","Peridiniales","Protoperidiniaceae","Protoperidinium","Protoperidinium conicum"
"687","ASV_701",0.0138787838126976,-0.0156496671493733,0.0132864140307809,"ASV_701","no_hit","Dinophyceae","Dinophyceae","no_hit","no_hit","no_hit","no_hit"
"688","ASV_702",0.0105332003599517,0.00200614181726113,0.00858974304785623,"ASV_702","no_hit","Bacillariophyta","Coscinodiscophyceae","Coscinodiscales","Heliopeltaceae","Actinoptychus","no_hit"
"689","ASV_703",0.027734365766003,-0.00715171798071,0.00997970727539617,"ASV_703","Metazoa","Chordata","Actinopteri","no_hit","no_hit","no_hit","no_hit"
"690","ASV_704",0.00172983526670096,-0.00408072800095934,-0.000334115007967511,"ASV_704","no_hit","Ciliophora","unknown","unknown","unknown","Cryptocaryon","no_hit"
"691","ASV_705",-0.00239950045147634,-0.00551488486713479,-0.00635570125033368,"ASV_705","no_hit","Dinophyceae","Dinophyceae","Peridiniales","Protoperidiniaceae","Protoperidinium","Protoperidinium leonis"
"692","ASV_706",0.00590130304316295,-0.00479148916357813,-0.00832700581015508,"ASV_706","Metazoa","Arthropoda","Hexanauplia","Harpacticoida","Ectinosomatidae","Microsetella","Microsetella norvegica"
"693","ASV_707",0.0227343061457683,-0.0160783379090834,0.0208250839132083,"ASV_707","no_hit","Dinophyceae","Dinophyceae","Syndiniales","Amoebophryaceae","Amoebophrya","no_hit"
"694","ASV_708",0.015965907560391,0.00147429673731489,0.0142392068347513,"ASV_708","no_hit","unknown","unknown","unknown","unknown","unknown","uncultured marine eukaryote"
"695","ASV_709",-0.0076564147684476,0.0377078136950102,-0.0134227326324849,"ASV_709","no_hit","Euglenozoa","unknown","Diplonemea","unknown","unknown","Diplonemida sp. 3 RG-2016"
"696","ASV_710",0.00222421126841142,0.000491314476205744,-0.00503780124409153,"ASV_710","Metazoa","Chordata","Appendicularia","Copelata","Fritillariidae","Fritillaria <tunicates>","Fritillaria haplostoma"
"697","ASV_711",0.0103640352825011,0.0105660523421187,-0.00211056028223673,"ASV_711","no_hit","no_hit","no_hit","no_hit","no_hit","g_","s_"
"698","ASV_712",-0.00814405572220798,-0.00777209516056578,0.00646729705625029,"ASV_712","no_hit","Dinophyceae","Dinophyceae","no_hit","no_hit","no_hit","no_hit"
"699","ASV_713",-0.00298730129649881,0.00406752414417981,-0.00803228123858423,"ASV_713","no_hit","Dinophyceae","Dinophyceae","Syndiniales","Amoebophryaceae","g_","s_"
"700","ASV_714",-0.00817470105883975,0.0273733262501384,-0.00883109920773153,"ASV_714","no_hit","Dinophyceae","Dinophyceae","Syndiniales","Amoebophryaceae","Amoebophrya","s_"
"701","ASV_715",-0.00297883641305463,0.0302211227070823,-0.0131419260365844,"ASV_715","no_hit","no_hit","no_hit","no_hit","no_hit","no_hit","no_hit"
"702","ASV_716",0.0155026032418851,0.00253367472180452,0.0109311307807835,"ASV_716","no_hit","Dinophyceae","Dinophyceae","Blastodiniales","unknown","g_","s_"
"703","ASV_717",-0.000709810103434191,0.0051613814110724,0.00845837387589366,"ASV_717","no_hit","unknown","Bigyra","Nanomonadea","unknown","Solenicola","s_"
"704","ASV_718",0.0295731294562913,-0.0128889033747127,0.0165616786678726,"ASV_718","no_hit","Dinophyceae","Dinophyceae","no_hit","no_hit","no_hit","no_hit"
"705","ASV_719",0.0200886131730473,-0.0147324970909777,0.00951396222896892,"ASV_719","no_hit","Dinophyceae","Dinophyceae","Syndiniales","Amoebophryaceae","g_","s_"
"706","ASV_720",-0.00544824990361786,-0.00329387970476161,-0.004839387744263,"ASV_720","no_hit","Dinophyceae","Dinophyceae","Peridiniales","Peridiniaceae","Scrippsiella","Scrippsiella lachrymosa"
"707","ASV_721",-0.00712662953311983,0.00405593737644479,-0.000736730829353995,"ASV_721","no_hit","no_hit","no_hit","no_hit","no_hit","g_","s_"
"708","ASV_722",-0.0147189069909524,-0.00662655828880074,-0.00468328552643829,"ASV_722","no_hit","Dinophyceae","Dinophyceae","Peridiniales","Heterocapsaceae","Heterocapsa","no_hit"
"709","ASV_723",-0.0100633159238393,0.0372484870457781,-0.0112668635669434,"ASV_723","no_hit","Dinophyceae","Dinophyceae","Syndiniales","no_hit","no_hit","no_hit"
"710","ASV_724",0.00865740325614388,0.00900465039502604,0.00643196555812019,"ASV_724","no_hit","Dinophyceae","Dinophyceae","Gymnodiniales","no_hit","no_hit","no_hit"
"711","ASV_725",0.000842261995214369,0.026421687796929,-0.0120496290117465,"ASV_725","no_hit","Dinophyceae","Dinophyceae","no_hit","no_hit","g_","s_"
"712","ASV_726",0.0160850917724871,0.00426248462274679,-0.00566624198262716,"ASV_726","Metazoa","Arthropoda","Hexanauplia","Calanoida","Metridinidae","no_hit","no_hit"
"713","ASV_727",-0.000421876904438408,0.0351252224296201,-0.00944827736223352,"ASV_727","no_hit","Dinophyceae","Dinophyceae","Syndiniales","no_hit","no_hit","no_hit"
"714","ASV_728",-0.00469953142983123,-0.00650616949493448,-0.00846718829969233,"ASV_728","no_hit","Dinophyceae","Dinophyceae","Dinophysiales","Dinophysiaceae","no_hit","s_"
"715","ASV_729",0.0179190754021579,-0.0116848750105472,0.0241091619163627,"ASV_729","no_hit","Dinophyceae","Dinophyceae","no_hit","no_hit","no_hit","no_hit"
"716","ASV_730",0.0056628065602089,-0.00271102431637892,-2.14737088307389e-05,"ASV_730","Metazoa","Rotifera","Eurotatoria","Ploima","Synchaetidae","Synchaeta","Synchaeta tremuloida"
"717","ASV_731",0.0086883942299805,0.000534077717000035,0.00611853951619001,"ASV_731","no_hit","no_hit","no_hit","no_hit","no_hit","no_hit","no_hit"
"718","ASV_732",0.0219371731488659,-0.0189852776510758,0.0134845659043672,"ASV_732","no_hit","Dinophyceae","Dinophyceae","Syndiniales","Amoebophryaceae","Amoebophrya","s_"
"719","ASV_733",-0.0077280488307782,-0.00522479171898285,-0.00915672550479295,"ASV_733","no_hit","Ciliophora","Spirotrichea","Choreotrichida","Strombidinopsidae","Strombidinopsis","no_hit"
"720","ASV_734",-0.000394208285554004,0.0246447615154535,-0.0122600412571191,"ASV_734","no_hit","unknown","Polycystinea","no_hit","no_hit","no_hit","no_hit"
"721","ASV_735",0.00785450793558137,0.0131049393603234,-0.00405849410752269,"ASV_735","no_hit","Dinophyceae","Dinophyceae","Syndiniales","Amoebophryaceae","g_","s_"
"722","ASV_736",0.0133155162634009,-0.00492740315986102,0.00419607532238324,"ASV_736","no_hit","Ciliophora","Oligohymenophorea","Philasterida","Loxocephalidae","no_hit","no_hit"
"723","ASV_737",0.00263579582043837,0.00639812923955006,-0.00352095611250823,"ASV_737","no_hit","Dinophyceae","Dinophyceae","Peridiniales","Peridiniaceae","Pentapharsodinium","s_"
"724","ASV_738",0.00080979341046181,0.00201771915894175,0.00500400290005247,"ASV_738","no_hit","Dinophyceae","Dinophyceae","no_hit","no_hit","no_hit","no_hit"
"725","ASV_739",0.00395877557042533,0.00367736097872321,0.0111548047907051,"ASV_739","no_hit","Ciliophora","Spirotrichea","no_hit","no_hit","no_hit","no_hit"
"726","ASV_740",0.00317072114020304,0.00614566276658311,-0.00250688231660317,"ASV_740","no_hit","no_hit","no_hit","no_hit","no_hit","no_hit","no_hit"
"727","ASV_741",-0.0020231807969937,0.0040333547679439,0.000400298320843128,"ASV_741","no_hit","Dinophyceae","Dinophyceae","Syndiniales","Amoebophryaceae","Amoebophrya","s_"
"728","ASV_742",0.0263238621183996,-0.016165483506307,0.0160341183218843,"ASV_742","no_hit","no_hit","no_hit","no_hit","no_hit","no_hit","no_hit"
"729","ASV_743",0.0086509671732082,0.0144541531786687,-0.00476838184836058,"ASV_743","no_hit","no_hit","no_hit","no_hit","no_hit","g_","s_"
"730","ASV_744",0.00226928089839805,0.0190121932091568,-0.00593304043092002,"ASV_744","no_hit","Euglenozoa","unknown","Diplonemea","unknown","g_","s_"
"731","ASV_745",0.0113111803907021,-0.0077824541987045,0.0126475975674061,"ASV_745","no_hit","unknown","Cryptophyceae","Pyrenomonadales","Geminigeraceae","g_","s_"
"732","ASV_746",0.0186088930122764,0.00237339442627185,0.00291335644034955,"ASV_746","no_hit","no_hit","no_hit","no_hit","no_hit","g_","s_"
"733","ASV_747",0.00503562347001776,0.0391786740850662,0.00193614070820233,"ASV_747","no_hit","Dinophyceae","Dinophyceae","Syndiniales","Duboscquellidae","Duboscquella","no_hit"
"734","ASV_748",-0.000151016253842669,0.0357743567323141,-0.0124979450365515,"ASV_748","no_hit","Dinophyceae","Dinophyceae","Syndiniales","no_hit","no_hit","no_hit"
"735","ASV_749",0.00811378215279194,0.00276306318291085,0.0103587174070287,"ASV_749","no_hit","unknown","Cryptophyceae","no_hit","no_hit","no_hit","no_hit"
"736","ASV_750",0.000704029862565548,0.0168082076344118,-0.00472533506302748,"ASV_750","no_hit","Dinophyceae","Dinophyceae","no_hit","no_hit","no_hit","no_hit"
"737","ASV_751",0.0157425049952937,-0.0141721636990798,0.00722432977782221,"ASV_751","no_hit","unknown","unknown","unknown","unknown","g_","s_"
"738","ASV_752",0.0148960748605555,0.0111118160089066,-0.00467489188138757,"ASV_752","no_hit","Dinophyceae","Dinophyceae","no_hit","no_hit","no_hit","no_hit"
"739","ASV_753",0.0109290514642147,0.00294716469276936,-0.00288094059852223,"ASV_753","no_hit","Dinophyceae","Dinophyceae","Syndiniales","Amoebophryaceae","g_","s_"
"740","ASV_754",-0.00971217234166716,0.0355425129622003,-0.00951199972905976,"ASV_754","no_hit","Dinophyceae","Dinophyceae","Syndiniales","no_hit","no_hit","no_hit"
"741","ASV_755",0.0139788594946523,-0.0121524949289654,0.00966034420882553,"ASV_755","no_hit","Dinophyceae","Dinophyceae","no_hit","no_hit","no_hit","no_hit"
"742","ASV_756",0.00607325319691767,-0.000290440985215849,0.0154767667534656,"ASV_756","no_hit","no_hit","no_hit","no_hit","no_hit","g_","s_"
"743","ASV_757",-0.00165890471004508,0.035679343952569,-0.0115528338050444,"ASV_757","no_hit","Euglenozoa","unknown","Diplonemea","unknown","g_","s_"
"744","ASV_758",-0.00373074348015396,0.0238254401249277,-0.00766890106029687,"ASV_758","no_hit","no_hit","no_hit","no_hit","no_hit","no_hit","no_hit"
"745","ASV_759",-0.0114653156605383,0.0381573458600436,-0.0110506600729405,"ASV_759","no_hit","unknown","Bolidophyceae","Parmales","Triparmaceae","g_","s_"
"746","ASV_760",0.00794872051019112,-0.00765738749549597,0.00235767362106097,"ASV_760","no_hit","Dinophyceae","Dinophyceae","Syndiniales","Amoebophryaceae","g_","s_"
"747","ASV_761",0.0219693521877981,0.00256002135071845,0.0145495038032806,"ASV_761","no_hit","unknown","unknown","unknown","unknown","unknown","uncultured marine picoeukaryote"
"748","ASV_762",-0.00709128099703439,0.00461085174593884,0.0114556859507031,"ASV_762","no_hit","Dinophyceae","Dinophyceae","no_hit","no_hit","no_hit","no_hit"
"749","ASV_763",0.0150999311977127,0.00212136975954543,0.0116886855873202,"ASV_763","no_hit","Dinophyceae","Dinophyceae","Syndiniales","Amoebophryaceae","Amoebophrya","no_hit"
"750","ASV_764",-0.00681361008760406,0.0185133560833646,-0.00853204521289495,"ASV_764","no_hit","no_hit","no_hit","no_hit","no_hit","no_hit","s_"
"751","ASV_765",-0.0123799491319077,0.0285451787337083,-0.00682880231560281,"ASV_765","no_hit","unknown","unknown","unknown","unknown","unknown","Uncultured marine alveolate Group II DH147-EKD6"
"752","ASV_766",-0.00685516680271647,0.0337279287223347,-0.0109998697887999,"ASV_766","no_hit","Euglenozoa","unknown","Diplonemea","unknown","g_","s_"
"753","ASV_767",0.0120918215934787,-0.00569011964789743,0.00956870878988039,"ASV_767","no_hit","Bacillariophyta","Coscinodiscophyceae","no_hit","no_hit","no_hit","no_hit"
"754","ASV_768",0.018168472068149,-0.017641133870755,0.00820857808880451,"ASV_768","no_hit","Dinophyceae","Dinophyceae","Syndiniales","Amoebophryaceae","Amoebophrya","s_"
"755","ASV_769",-0.00090916376667753,0.0238849626777155,-0.00966808489163075,"ASV_769","no_hit","Euglenozoa","unknown","Diplonemea","unknown","g_","s_"
"756","ASV_770",-0.00105028275633492,0.00156134129055598,0.00786316320110569,"ASV_770","no_hit","no_hit","no_hit","no_hit","no_hit","no_hit","no_hit"
"757","ASV_771",0.00870009277528279,-0.00298666490903158,-0.00110346288243177,"ASV_771","no_hit","Dinophyceae","Dinophyceae","Syndiniales","Amoebophryaceae","g_","s_"
"758","ASV_772",0.00823951483593402,0.0105585402794897,-0.000874070378364856,"ASV_772","no_hit","unknown","Bigyra","Nanomonadea","unknown","Incisomonas","s_"
"759","ASV_773",-0.0184658523924218,0.00899701614240239,-0.0028202493293484,"ASV_773","Viridiplantae","Chlorophyta","no_hit","no_hit","no_hit","no_hit","no_hit"
"760","ASV_774",0.00989350738233619,7.26431898907102e-05,0.00658064459859757,"ASV_774","no_hit","unknown","unknown","unknown","unknown","g_","s_"
"761","ASV_775",0.0128892168340583,-0.00494298291560639,-0.00463408973145639,"ASV_775","no_hit","Euglenozoa","unknown","Diplonemea","unknown","unknown","s_"
"762","ASV_776",0.0121158986978092,-0.0122932560882291,0.0117349790398659,"ASV_776","no_hit","Dinophyceae","Dinophyceae","no_hit","no_hit","no_hit","no_hit"
"763","ASV_777",0.00262890897751215,-0.00346364124963132,5.69643889272063e-05,"ASV_777","no_hit","Ciliophora","Spirotrichea","Choreotrichida","Strobilidiidae","Rimostrombidium","Rimostrombidium veniliae"
"764","ASV_778",0.017740660157873,-0.0169417593557622,0.0120589716681421,"ASV_778","no_hit","unknown","unknown","unknown","unknown","g_","s_"
"765","ASV_779",0.0095264612696984,-0.00322952768119314,0.00821030126282223,"ASV_779","no_hit","no_hit","no_hit","no_hit","no_hit","g_","s_"
"766","ASV_780",-0.00974956470517432,-0.00490833104706926,-0.00955720925306403,"ASV_780","no_hit","Imbricatea","unknown","Thaumatomonadida","no_hit","g_","s_"
"767","ASV_781",-0.00641786117881413,-0.00782386604822894,0.00212573086603255,"ASV_781","no_hit","no_hit","no_hit","no_hit","no_hit","g_","s_"
"768","ASV_782",-0.000586775143670355,0.0208410034573961,-0.0102645637992114,"ASV_782","no_hit","unknown","Acantharea","unknown","unknown","unknown","Uncultured marine acantharean DH147-EKD17"
"769","ASV_783",0.0144008401477169,-0.00328519499114624,0.0138656387042531,"ASV_783","no_hit","Picozoa","Picomonadea","Picomonadida","Picomonadidae","Picomonas","no_hit"
"770","ASV_784",0.0078738550236635,-0.000806791153064887,0.000800604438969036,"ASV_784","no_hit","unknown","unknown","unknown","unknown","g_","s_"
"771","ASV_785",-0.00115454797969203,0.00199449657159859,0.00933498967606075,"ASV_785","no_hit","unknown","unknown","unknown","unknown","g_","s_"
"772","ASV_786",0.0170078917684619,-0.0143946061516594,0.0149776840356691,"ASV_786","no_hit","unknown","unknown","unknown","unknown","g_","s_"
"773","ASV_787",0.00282161424062109,-0.000179065187001669,0.00826012280554964,"ASV_787","no_hit","Bacillariophyta","Bacillariophyceae","Naviculales","Pleurosigmataceae","no_hit","no_hit"
"774","ASV_788",0.00690022196242025,0.00567430191271257,0.015600032523864,"ASV_788","no_hit","unknown","unknown","unknown","unknown","unknown","uncultured marine picoeukaryote"
"775","ASV_789",-0.000939585873404925,-0.00434107914201296,-0.00482661218151211,"ASV_789","no_hit","Bacillariophyta","Coscinodiscophyceae","Chaetocerotales","Chaetocerotaceae","Chaetoceros","s_"
"776","ASV_790",0.0188578121260866,-0.00682047973915994,0.0241780063202037,"ASV_790","no_hit","unknown","Centroplasthelida","Pterocystida","Pterocystidae","Pterocystis","no_hit"
"777","ASV_791",-0.00306524409201884,0.02683660144066,-0.00670564563609174,"ASV_791","no_hit","Dinophyceae","Dinophyceae","Syndiniales","Amoebophryaceae","g_","s_"
"778","ASV_792",0.000647714341290186,-0.00151044888537902,0.00166008653132027,"ASV_792","no_hit","Ciliophora","Oligohymenophorea","Philasterida","Parauronematidae","g_","s_"
"779","ASV_793",-0.0110051273170347,0.0375912065890714,-0.00975536395626094,"ASV_793","no_hit","unknown","unknown","unknown","unknown","g_","s_"
"780","ASV_794",0.00696822038368113,-0.00237823810840161,0.0200899450612869,"ASV_794","no_hit","unknown","unknown","unknown","unknown","unknown","Stramenopiles sp. MAST-7B-sp1"
"781","ASV_795",0.00146954549177164,0.0100034506865317,-0.0062552240867236,"ASV_795","Metazoa","Arthropoda","Hexanauplia","Poecilostomatoida","no_hit","g_","s_"
"782","ASV_796",-0.00504462417555723,-0.00282824850436507,-0.00184069863540178,"ASV_796","no_hit","Dinophyceae","Dinophyceae","Dinophysiales","Dinophysiaceae","Dinophysis","Dinophysis acuminata"
"783","ASV_797",0.00335591089976321,0.00741500928871057,-0.000705672050705207,"ASV_797","no_hit","Dinophyceae","Dinophyceae","Peridiniales","no_hit","no_hit","no_hit"
"784","ASV_798",-0.00638490075896791,0.00723503818168058,0.00130264406625488,"ASV_798","no_hit","unknown","unknown","unknown","unknown","g_","s_"
"785","ASV_799",0.023846642515981,-0.00477779078133448,0.0222914079238882,"ASV_799","no_hit","Dinophyceae","Dinophyceae","Syndiniales","Amoebophryaceae","Amoebophrya","no_hit"
"786","ASV_800",0.00342614779723946,-0.00176186288866412,0.00768257762872397,"ASV_800","no_hit","no_hit","no_hit","no_hit","no_hit","no_hit","no_hit"
"787","ASV_801",-0.00904577666316677,-0.000191345588364389,0.00171263576734129,"ASV_801","no_hit","Dinophyceae","Dinophyceae","Syndiniales","Amoebophryaceae","Amoebophrya","no_hit"
"788","ASV_802",0.0143191062572121,-0.00743919459305146,0.0033666595722644,"ASV_802","no_hit","unknown","unknown","unknown","unknown","g_","s_"
"789","ASV_803",-0.00127756525300901,0.0111337934302715,-0.00374123240204145,"ASV_803","no_hit","Dinophyceae","Dinophyceae","Peridiniales","no_hit","no_hit","no_hit"
"790","ASV_804",-0.00500814753464008,0.0247720155427166,-0.00557193749151479,"ASV_804","no_hit","Dinophyceae","Dinophyceae","Syndiniales","Amoebophryaceae","g_","s_"
"791","ASV_805",-0.0041685880346918,0.0338113766255573,-0.00902369143342958,"ASV_805","no_hit","Euglenozoa","unknown","Diplonemea","unknown","unknown","s_"
"792","ASV_806",0.0016926033105964,0.0210473122763973,-0.00987323905251286,"ASV_806","no_hit","Dinophyceae","Dinophyceae","Gymnodiniales","no_hit","no_hit","no_hit"
"793","ASV_807",-0.00151571249310261,-0.00217733931552084,-0.00636429115306898,"ASV_807","no_hit","no_hit","no_hit","no_hit","no_hit","no_hit","no_hit"
"794","ASV_808",0.000873366876246198,0.0108114003338798,-0.00647839178813862,"ASV_808","Metazoa","Chordata","Thaliacea","Doliolida","Doliolidae","Doliolum","Doliolum nationalis"
"795","ASV_809",-0.00552951023104092,0.0259727312619487,-0.00654978252697119,"ASV_809","no_hit","Euglenozoa","unknown","Diplonemea","unknown","unknown","s_"
"796","ASV_810",0.00204709868770647,0.0134275387068136,-0.00191289934664294,"ASV_810","no_hit","Dinophyceae","Dinophyceae","no_hit","no_hit","no_hit","no_hit"
"797","ASV_811",0.00144388814703972,-0.00676745937186895,-0.0069892838817884,"ASV_811","Metazoa","Arthropoda","Malacostraca","Euphausiacea","Euphausiidae","g_","s_"
"798","ASV_812",-0.0124159664311555,-0.00975394995305932,-0.00139401824560756,"ASV_812","no_hit","Bacillariophyta","Coscinodiscophyceae","Chaetocerotales","Chaetocerotaceae","Chaetoceros","Chaetoceros constrictus"
"799","ASV_813",0.00765842689980583,0.00134835133345585,0.00994927432705279,"ASV_813","no_hit","Euglenozoa","unknown","Diplonemea","Diplonemidae","g_","s_"
"800","ASV_814",0.00550189492414006,0.0013270581915971,0.00875886074857784,"ASV_814","no_hit","Bacillariophyta","Bacillariophyceae","Naviculales","Plagiotropidaceae","Plagiolemma","Plagiolemma distortum"
"801","ASV_815",-0.0119756442948942,0.0390137841134172,-0.00956648906683918,"ASV_815","no_hit","Dinophyceae","Dinophyceae","Syndiniales","Amoebophryaceae","Amoebophrya","no_hit"
"802","ASV_816",-0.00955620824099532,0.00550222008289677,0.00863169992001354,"ASV_816","no_hit","unknown","Cryptophyceae","Cyathomonadacea","Goniomonadaceae","Goniomonas","s_"
"803","ASV_818",0.00116681133956007,-0.0120882887816647,0.00485355386442044,"ASV_818","no_hit","Dinophyceae","Dinophyceae","Peridiniales","Peridiniaceae","g_","s_"
"804","ASV_819",0.000135706163998436,0.0301820220385576,-0.00783090519426325,"ASV_819","no_hit","no_hit","no_hit","no_hit","no_hit","no_hit","no_hit"
"805","ASV_820",0.00673191632352701,0.00156276796608154,0.00586296033576424,"ASV_820","no_hit","Bacillariophyta","Bacillariophyceae","Bacillariales","Bacillariaceae","Fragilariopsis","no_hit"
"806","ASV_821",0.0105654669331472,-0.00370250693993537,0.00658777258754367,"ASV_821","no_hit","no_hit","no_hit","no_hit","no_hit","no_hit","no_hit"
"807","ASV_822",0.0225274174254976,-0.0233705880885209,0.0131679265818083,"ASV_822","no_hit","Dinophyceae","Dinophyceae","Syndiniales","Amoebophryaceae","g_","s_"
"808","ASV_823",0.00762946672886396,-0.00253415117306179,0.00191679280498187,"ASV_823","no_hit","Dinophyceae","Dinophyceae","Syndiniales","Amoebophryaceae","Amoebophrya","no_hit"
"809","ASV_824",0.00103096843896436,0.0107211537936477,0.000713657152667665,"ASV_824","no_hit","Ciliophora","no_hit","no_hit","no_hit","no_hit","no_hit"
"810","ASV_825",-0.0100299506197903,0.0322298006188768,-0.00408602131070569,"ASV_825","no_hit","no_hit","no_hit","no_hit","no_hit","no_hit","no_hit"
"811","ASV_826",0.00995829500183045,0.0176144658382685,0.0107858951740753,"ASV_826","no_hit","Dinophyceae","Dinophyceae","Syndiniales","no_hit","no_hit","s_"
"812","ASV_827",0.0127569549462943,-0.0200483831522722,0.0079350549455753,"ASV_827","no_hit","Dinophyceae","Dinophyceae","Syndiniales","Amoebophryaceae","g_","s_"
"813","ASV_828",-0.01242908160116,-0.00227523503710656,-0.00820847154356601,"ASV_828","no_hit","Dinophyceae","Dinophyceae","Peridiniales","Protoperidiniaceae","Protoperidinium","no_hit"
"814","ASV_829",0.00662082845135939,0.007029907651476,-0.00137899615911301,"ASV_829","no_hit","Dinophyceae","Dinophyceae","Syndiniales","Amoebophryaceae","Amoebophrya","s_"
"815","ASV_830",0.00182877391064088,0.00683425641707647,0.00451796299495204,"ASV_830","no_hit","Cercozoa","Thecofilosea","Ventricleftida","Ventrifissuridae","g_","s_"
"816","ASV_831",0.00407629909053796,0.0197414152392524,0.00848960043149829,"ASV_831","no_hit","unknown","unknown","unknown","unknown","unknown","uncultured marine picoeukaryote"
"817","ASV_832",-0.000945472455710665,0.0003272433351528,-0.00133521123620833,"ASV_832","no_hit","Ciliophora","Prostomatea","Prorodontida","unknown","Hexasterias","Hexasterias problematica"
"818","ASV_833",0.00233845591507083,0.0217261149226121,-0.00967919229117606,"ASV_833","no_hit","Ciliophora","Oligohymenophorea","Philasterida","Cinetochilidae","g_","s_"
"819","ASV_834",0.0118356352072934,-0.0140335794208241,0.0151443650549257,"ASV_834","no_hit","unknown","unknown","unknown","unknown","unknown","uncultured marine picoeukaryote"
"820","ASV_835",0.00514386099821976,-0.000396749357060585,0.00807342043499236,"ASV_835","no_hit","unknown","unknown","Telonemida","unknown","g_","s_"
"821","ASV_836",0.00950688381786335,-0.0014068675634287,0.0191414485104625,"ASV_836","no_hit","Dinophyceae","Dinophyceae","Dinophysiales","Dinophysiaceae","no_hit","no_hit"
"822","ASV_837",0.015409283206178,-0.0128885413527193,0.00743642893704208,"ASV_837","no_hit","no_hit","no_hit","no_hit","no_hit","no_hit","no_hit"
"823","ASV_838",0.00613457485277069,-0.00815572964467885,0.0111183459280475,"ASV_838","no_hit","Dinophyceae","Dinophyceae","Syndiniales","Amoebophryaceae","g_","s_"
"824","ASV_839",0.00939539314433185,-0.00151874956016345,0.0122290905850767,"ASV_839","no_hit","Dinophyceae","Dinophyceae","Syndiniales","Amoebophryaceae","Amoebophrya","no_hit"
"825","ASV_840",-0.00404219392437877,0.0307644542406401,-0.010262843978646,"ASV_840","no_hit","Euglenozoa","unknown","Diplonemea","unknown","unknown","Diplonemida sp. 1sb RG-2016"
"826","ASV_841",0.00140298629343441,0.0169468088273486,-0.00319624511362302,"ASV_841","no_hit","Dinophyceae","Dinophyceae","Gymnodiniales","Kareniaceae","Karlodinium","no_hit"
"827","ASV_842",0.000287957544163594,0.0217419891301299,-0.0107595535690189,"ASV_842","Metazoa","Cnidaria","Hydrozoa","Siphonophorae","Pyrostephidae","Bargmannia","Bargmannia amoena"
"828","ASV_843",-0.00259973482890013,-0.00776235687412666,0.00370316068434554,"ASV_843","no_hit","Cercozoa","Thecofilosea","unknown","unknown","g_","s_"
"829","ASV_844",0.018899056236738,-0.00437755664395588,0.0240358240236461,"ASV_844","no_hit","Dinophyceae","Dinophyceae","Gymnodiniales","Gymnodiniaceae","g_","s_"
"830","ASV_845",-0.00348618988059168,0.0216130301754902,-0.00594697467916666,"ASV_845","no_hit","Dinophyceae","Dinophyceae","Syndiniales","no_hit","no_hit","no_hit"
"831","ASV_846",-0.0020451770102124,0.00263203752809826,-0.00871331521367639,"ASV_846","Metazoa","Cnidaria","Hydrozoa","Trachymedusae","Rhopalonematidae","Aglantha","Aglantha digitale"
"832","ASV_847",0.00666254857987116,-0.0194299340704552,0.0145273581323542,"ASV_847","no_hit","Dinophyceae","Dinophyceae","Syndiniales","Amoebophryaceae","Amoebophrya","s_"
"833","ASV_848",0.00264067011831024,-0.00287652359840489,-0.00489108114787535,"ASV_848","Metazoa","Cnidaria","Hydrozoa","Leptothecata","no_hit","g_","s_"
"834","ASV_849",-0.00551985364010756,0.020522304285922,-0.00691940064253475,"ASV_849","no_hit","unknown","unknown","unknown","unknown","unknown","s_"
"835","ASV_850",-0.000179541108442231,-0.00260925088105685,0.0111603509445526,"ASV_850","no_hit","unknown","unknown","Telonemida","unknown","Telonema","no_hit"
"836","ASV_851",-0.00238893841029422,0.0173155442545599,-0.0081854445688595,"ASV_851","no_hit","Euglenozoa","unknown","Diplonemea","unknown","g_","s_"
"837","ASV_852",0.000367356295456747,0.0035690390341762,0.0109996791056915,"ASV_852","no_hit","Bacillariophyta","Coscinodiscophyceae","Coscinodiscales","Coscinodiscaceae","Coscinodiscus","Coscinodiscus radiatus"
"838","ASV_853",0.0016597193819298,0.00123893565177353,-0.00277236819712867,"ASV_853","no_hit","Dinophyceae","Dinophyceae","no_hit","no_hit","no_hit","no_hit"
"839","ASV_854",0.0208580273609927,-0.0147190426431123,0.0197590458713401,"ASV_854","no_hit","Dinophyceae","Dinophyceae","Syndiniales","no_hit","g_","s_"
"840","ASV_855",0.00347727486555789,0.00650902783212474,0.00237811041577352,"ASV_855","no_hit","Dinophyceae","Dinophyceae","no_hit","no_hit","no_hit","s_"
"841","ASV_856",0.0125244999638467,0.00872283298257128,0.0049464243324706,"ASV_856","no_hit","Dinophyceae","Dinophyceae","Syndiniales","Amoebophryaceae","g_","s_"
"842","ASV_857",0.00462424774299086,0.00746259388693787,-0.00414132626101699,"ASV_857","no_hit","Dinophyceae","Dinophyceae","Syndiniales","Amoebophryaceae","Amoebophrya","s_"
"843","ASV_858",0.015377568201363,-0.00113795181093906,0.00567611919229635,"ASV_858","no_hit","Apicomplexa","Conoidasida","Eucoccidiorida","Eimeriidae","no_hit","no_hit"
"844","ASV_859",-0.0020579778156078,0.0214888694923124,-0.00724306645147582,"ASV_859","no_hit","Euglenozoa","unknown","Diplonemea","unknown","g_","s_"
"845","ASV_860",-0.011686395310936,0.00970895502881474,0.00165006373173474,"ASV_860","no_hit","Dinophyceae","Dinophyceae","no_hit","no_hit","g_","s_"
"846","ASV_861",0.0050940008561721,0.0196843724865951,-0.0107467484482394,"ASV_861","Metazoa","Chordata","Appendicularia","Copelata","Oikopleuridae","Mesoikopleura","Mesoikopleura haranti"
"847","ASV_862",0.00375463892261836,0.0113597252583777,-0.00584717155932477,"ASV_862","no_hit","Dinophyceae","Dinophyceae","Syndiniales","Amoebophryaceae","g_","s_"
"848","ASV_863",0.00246659594894272,0.00812367900372893,0.0102815900514172,"ASV_863","no_hit","Dinophyceae","Dinophyceae","Syndiniales","Amoebophryaceae","Amoebophrya","no_hit"
"849","ASV_864",-0.00330938308751459,-0.00442990606124029,-0.0039948837950924,"ASV_864","no_hit","Ciliophora","Spirotrichea","Choreotrichida","Lynnellidae","Lynnella","Lynnella semiglobulosa"
"850","ASV_865",-9.6461140851014e-05,0.000774723515432952,0.0212803708585909,"ASV_865","no_hit","Cercozoa","Thecofilosea","Cryomonadida","Protaspidae","Cryothecomonas","Cryothecomonas sp. APCC MC5-1Cryo"
"851","ASV_866",-0.00047792342112736,0.0202151244726534,-0.00994288912744278,"ASV_866","no_hit","Euglenozoa","unknown","Diplonemea","unknown","g_","s_"
"852","ASV_868",0.00218655787642284,0.00749148474252729,0.0123310117704247,"ASV_868","no_hit","no_hit","no_hit","no_hit","no_hit","no_hit","no_hit"
"853","ASV_869",-0.00701545533178419,0.00950312591472833,0.00790965662027996,"ASV_869","no_hit","Dinophyceae","Dinophyceae","Syndiniales","Amoebophryaceae","Amoebophrya","no_hit"
"854","ASV_870",-0.000977788468544585,0.0249195974716774,-0.0102664132747273,"ASV_870","no_hit","Euglenozoa","unknown","Diplonemea","unknown","unknown","Diplonemida sp. 37 RG-2016"
"855","ASV_871",0.00529627546804321,0.00252374956381562,0.0109895054804603,"ASV_871","no_hit","Cercozoa","unknown","Cercomonadida","Cercomonadidae","g_","s_"
"856","ASV_872",-0.0118268370614629,0.00771453386116405,0.00453770992265541,"ASV_872","no_hit","Cercozoa","Thecofilosea","Cryomonadida","Protaspidae","Cryothecomonas","Cryothecomonas longipes"
"857","ASV_873",-0.00256364609458954,0.0215813812610825,-0.00574647556659458,"ASV_873","no_hit","Dinophyceae","Dinophyceae","Syndiniales","Amoebophryaceae","Amoebophrya","no_hit"
"858","ASV_874",0.000760741555744983,0.0107243481660029,0.0084446220468204,"ASV_874","no_hit","Cercozoa","no_hit","no_hit","no_hit","no_hit","no_hit"
"859","ASV_875",-0.00976130452161954,0.0130248201833972,0.0046150496097495,"ASV_875","no_hit","Dinophyceae","Dinophyceae","Prorocentrales","Prorocentraceae","g_","s_"
"860","ASV_876",0.0164343500924947,-0.00236158599121983,0.0128730302632246,"ASV_876","no_hit","unknown","unknown","Telonemida","unknown","Telonema","s_"
"861","ASV_877",0.0141131429916861,-0.00220546571477624,0.00690534406810781,"ASV_877","Metazoa","Arthropoda","Hexanauplia","Cyclopoida","Oithonidae","Oithona","Oithona similis"
"862","ASV_878",0.00562447836661905,0.00769496231303449,0.0112845285470193,"ASV_878","no_hit","Dinophyceae","Dinophyceae","Syndiniales","no_hit","no_hit","no_hit"
"863","ASV_879",-0.00552860212534835,0.0233144319006062,-0.00583403346707735,"ASV_879","no_hit","Euglenozoa","unknown","Diplonemea","unknown","g_","s_"
"864","ASV_880",-0.0021118012339217,0.00903348546500394,-0.00498060811645038,"ASV_880","Metazoa","Annelida","Polychaeta","Terebellida","Cirratulidae","no_hit","s_"
"865","ASV_881",-0.00530507418255054,0.0269187765628682,-0.00763486607643467,"ASV_881","no_hit","unknown","unknown","unknown","unknown","unknown","s_"
"866","ASV_882",-0.00744260503654844,0.0248469032698892,-0.0055650673784323,"ASV_882","unassigned","unassigned","unassigned","unassigned","unassigned","unassigned","unassigned"
"867","ASV_883",-0.00454598480965721,0.0203194768534057,-0.00756980140127357,"ASV_883","no_hit","no_hit","no_hit","no_hit","no_hit","no_hit","no_hit"
"868","ASV_884",-0.00093462496895378,-0.00211051367620831,9.52959842705369e-05,"ASV_884","no_hit","Dinophyceae","Dinophyceae","Syndiniales","no_hit","no_hit","no_hit"
"869","ASV_885",0.00626671415643854,-0.010109644527409,0.0165106628080843,"ASV_885","no_hit","Dinophyceae","Dinophyceae","no_hit","no_hit","no_hit","no_hit"
"870","ASV_886",-0.00673937142609692,-0.00142681401045569,0.00713432982271789,"ASV_886","no_hit","Bacillariophyta","Coscinodiscophyceae","Thalassiosirales","Thalassiosiraceae","Thalassiosira","no_hit"
"871","ASV_887",-0.0143935431167404,0.0279867189085003,-0.00549538467144599,"ASV_887","no_hit","Euglenozoa","unknown","Diplonemea","unknown","g_","s_"
"872","ASV_888",-0.0119879373907466,0.00405422547329104,0.0059927088110275,"ASV_888","no_hit","Dinophyceae","Dinophyceae","Syndiniales","Amoebophryaceae","g_","s_"
"873","ASV_889",0.0132455370382895,-0.00659020380769483,0.0188799286635839,"ASV_889","no_hit","unknown","unknown","unknown","unknown","unknown","uncultured marine picoeukaryote"
"874","ASV_890",0.0052392356153802,-0.00939929696787109,0.0105459992836729,"ASV_890","no_hit","unknown","unknown","unknown","unknown","g_","s_"
"875","ASV_891",-0.000342807559101793,-2.46739120227132e-05,0.00376550035893531,"ASV_891","no_hit","Imbricatea","unknown","Marimonadida","unknown","g_","s_"
"876","ASV_892",-0.000548803233211271,-0.000511888610119198,-0.0032259946940251,"ASV_892","no_hit","Dinophyceae","Dinophyceae","no_hit","no_hit","g_","s_"
"877","ASV_894",-0.0115991827012105,0.023265377138252,-0.00424162026633515,"ASV_894","no_hit","Euglenozoa","unknown","Diplonemea","unknown","g_","s_"
"878","ASV_895",-0.00930906783015922,0.0184367745847311,-0.0050472992193562,"ASV_895","no_hit","Dinophyceae","Dinophyceae","Syndiniales","Amoebophryaceae","g_","s_"
"879","ASV_896",-0.00552443994267972,0.0312259135958013,-0.0114480747970741,"ASV_896","no_hit","Dinophyceae","Dinophyceae","Syndiniales","Amoebophryaceae","g_","s_"
"880","ASV_897",-0.00897893763119884,0.0256448838238148,-0.00593299026716284,"ASV_897","no_hit","Euglenozoa","unknown","Diplonemea","unknown","unknown","s_"
"881","ASV_898",-0.00708049853558558,0.0260966895488293,-0.00897314570594,"ASV_898","no_hit","Dinophyceae","Dinophyceae","Syndiniales","no_hit","no_hit","no_hit"
"882","ASV_899",-0.00509767048371514,0.00567013982115692,0.00636318043742069,"ASV_899","no_hit","Dinophyceae","Dinophyceae","no_hit","no_hit","no_hit","no_hit"
"883","ASV_900",-0.00847779120338963,0.0101964534874157,-0.0020939003338854,"ASV_900","Metazoa","Cnidaria","Hydrozoa","Narcomedusae","Aeginidae","Aegina","Aegina citrea"
"884","ASV_901",0.00728921059176223,0.00877276778497894,-0.0032872731317237,"ASV_901","no_hit","Dinophyceae","Dinophyceae","Syndiniales","Amoebophryaceae","g_","s_"
"885","ASV_902",-0.00106548400840021,-0.00484391332106404,0.000503179916019735,"ASV_902","no_hit","Dinophyceae","Dinophyceae","no_hit","no_hit","no_hit","no_hit"
"886","ASV_903",-0.00903574636994696,0.0201670520637864,-0.00422635354798926,"ASV_903","no_hit","Dinophyceae","Dinophyceae","Syndiniales","no_hit","g_","s_"
"887","ASV_904",0.00072286101616858,-0.00346107527375172,0.00193073420679008,"ASV_904","no_hit","Cercozoa","Thecofilosea","Cryomonadida","Protaspidae","g_","s_"
"888","ASV_905",0.00386481592712867,0.00183298909063037,-0.00443401216895815,"ASV_905","Metazoa","Arthropoda","Hexanauplia","Calanoida","Metridinidae","Metridia","Metridia gerlachei"
"889","ASV_906",0.00362800479408871,0.0280890728342962,-0.0143594170189909,"ASV_906","no_hit","unknown","Cryptophyceae","Pyrenomonadales","Chroomonadaceae","g_","s_"
"890","ASV_907",-0.00485671173086128,-0.00338833156269795,-0.00840025329566328,"ASV_907","Metazoa","Arthropoda","Hexanauplia","Calanoida","Clausocalanidae","Pseudocalanus","Pseudocalanus newmani"
"891","ASV_908",0.0222985413170224,-0.00518562495781675,0.0143636431771883,"ASV_908","no_hit","unknown","Bigyra","Nanomonadea","unknown","Incisomonas","Incisomonas marina"
"892","ASV_909",0.00351521260306241,0.00336336687573703,0.00149337714536948,"ASV_909","no_hit","Dinophyceae","Dinophyceae","Peridiniales","no_hit","no_hit","no_hit"
"893","ASV_910",-0.00840072212373198,0.0262740349948952,-0.00756015043365681,"ASV_910","no_hit","no_hit","no_hit","no_hit","no_hit","no_hit","no_hit"
"894","ASV_911",-0.010023542811976,-0.000505206486434188,0.00917404046414098,"ASV_911","no_hit","Bacillariophyta","Bacillariophyceae","Bacillariales","Bacillariaceae","Pseudo-nitzschia","Pseudo-nitzschia delicatissima"
"895","ASV_912",-0.00875848335234486,0.0202077843409571,-0.00505041399935048,"ASV_912","no_hit","Dinophyceae","Dinophyceae","Syndiniales","no_hit","no_hit","no_hit"
"896","ASV_913",0.00855476887982435,-0.0169401877250631,0.0130468364346862,"ASV_913","no_hit","Apicomplexa","Conoidasida","Eucoccidiorida","Dactylosomatidae","no_hit","no_hit"
"897","ASV_914",-0.00212902369931436,0.0248213986362142,-0.0112905387042639,"ASV_914","no_hit","unknown","Polycystinea","no_hit","no_hit","no_hit","no_hit"
"898","ASV_915",0.000847675194957667,0.0221367962042436,-0.0101088394314696,"ASV_915","Metazoa","Chordata","Appendicularia","Copelata","Oikopleuridae","Oikopleura","no_hit"
"899","ASV_916",-0.00397670950655793,0.0112635326669699,0.0041557181456575,"ASV_916","no_hit","Haptophyta","unknown","Phaeocystales","Phaeocystaceae","g_","s_"
"900","ASV_917",-0.0071033972588854,0.0128083238670388,0.00463125245500863,"ASV_917","no_hit","Apicomplexa","Conoidasida","Eucoccidiorida","Adeleidae","g_","s_"
"901","ASV_918",0.000886034634597979,0.000528013913167292,0.00847261567409704,"ASV_918","no_hit","Dinophyceae","Dinophyceae","no_hit","no_hit","no_hit","no_hit"
"902","ASV_919",-0.00169660806971477,-0.00491398690954046,-0.00288624322493243,"ASV_919","no_hit","Dinophyceae","Dinophyceae","Noctilucales","Noctilucaceae","Noctiluca","no_hit"
"903","ASV_920",0.00767846901019566,-0.00479080985188817,0.00727747834648087,"ASV_920","no_hit","unknown","Bolidophyceae","Parmales","Triparmaceae","g_","s_"
"904","ASV_921",-0.00653264714730598,0.0161196923702917,-0.0026297630328739,"ASV_921","no_hit","no_hit","no_hit","no_hit","no_hit","no_hit","no_hit"
"905","ASV_922",-0.00103874810567996,-0.00228238185925051,-0.00149972474885332,"ASV_922","no_hit","Dinophyceae","Dinophyceae","Peridiniales","Protoperidiniaceae","Protoperidinium","s_"
"906","ASV_923",-0.00448805961886641,-0.00133519945439363,-0.00128770832856478,"ASV_923","no_hit","Endomyxa","Ascetosporea","Paradiniida","unknown","Paradinium","Paradinium poucheti"
"907","ASV_924",0.0126826491002911,-0.0109072100786743,0.0109947242005651,"ASV_924","no_hit","Dinophyceae","Dinophyceae","Syndiniales","Amoebophryaceae","Amoebophrya","s_"
"908","ASV_925",0.00807621180997313,0.00366676730626466,0.0106820707632943,"ASV_925","no_hit","Dinophyceae","Dinophyceae","Gonyaulacales","Gonyaulacaceae","Gonyaulax","Gonyaulax polygramma"
"909","ASV_926",0.0066613663508714,0.0149970140312396,0.0111782677495234,"ASV_926","no_hit","unknown","unknown","unknown","unknown","unknown","Stramenopiles sp. MAST-1C-sp1"
"910","ASV_927",-0.00461275498161385,0.0101852598438271,0.00256176459845511,"ASV_927","no_hit","unknown","unknown","unknown","unknown","g_","s_"
"911","ASV_928",-0.00180313273202294,0.0108564878279903,-0.0036277436175412,"ASV_928","no_hit","Dinophyceae","Dinophyceae","Syndiniales","Amoebophryaceae","g_","s_"
"912","ASV_930",0.00241979168245096,0.0127702665573304,-0.00578421335587257,"ASV_930","no_hit","Dinophyceae","Dinophyceae","Peridiniales","Pfiesteriaceae","g_","s_"
"913","ASV_931",0.00975149169449446,0.00133024328184816,-0.00283345168089058,"ASV_931","no_hit","no_hit","no_hit","no_hit","no_hit","g_","s_"
"914","ASV_932",0.00163532326139508,0.00578926518488658,0.0033164122216231,"ASV_932","Viridiplantae","Chlorophyta","no_hit","no_hit","no_hit","no_hit","no_hit"
"915","ASV_933",-0.00819870003428407,0.0196873779854864,-0.00697042703147481,"ASV_933","no_hit","Dinophyceae","Dinophyceae","Syndiniales","Amoebophryaceae","g_","s_"
"916","ASV_934",-0.00195423847900258,0.00906911108743133,0.00956666352757568,"ASV_934","no_hit","Dinophyceae","Dinophyceae","Syndiniales","Amoebophryaceae","g_","s_"
"917","ASV_935",-0.00209664397767429,0.0207495000990513,-0.00806326670405718,"ASV_935","no_hit","unknown","Polycystinea","no_hit","no_hit","no_hit","no_hit"
"918","ASV_936",-0.00627759589210765,0.0150719294415774,-0.000425558134937758,"ASV_936","no_hit","no_hit","no_hit","no_hit","no_hit","no_hit","no_hit"
"919","ASV_937",0.000662574642758868,-0.0120931825010995,0.00393580771984519,"ASV_937","no_hit","Discosea","Flabellinia","Dactylopodida","Paramoebidae","no_hit","no_hit"
"920","ASV_938",-0.00684366620211375,0.0276568918115446,0.00332561588695084,"ASV_938","no_hit","unknown","unknown","unknown","unknown","g_","s_"
"921","ASV_939",-0.00050408201876964,0.0210276114863845,-0.00948770818768748,"ASV_939","no_hit","Dinophyceae","Dinophyceae","Syndiniales","Amoebophryaceae","Amoebophrya","s_"
"922","ASV_940",-0.00662007956693495,0.0145276134634099,0.00322311931251565,"ASV_940","no_hit","Dinophyceae","Dinophyceae","no_hit","no_hit","no_hit","s_"
"923","ASV_941",0.00899298592956518,0.00409937675292118,0.0073785685756025,"ASV_941","unassigned","unassigned","unassigned","unassigned","unassigned","unassigned","unassigned"
"924","ASV_942",0.00166117736057835,0.00658139375542955,0.00827940667730989,"ASV_942","no_hit","unknown","unknown","unknown","unknown","unknown","Uncultured marine alveolate Group II DH145-EKD20"
"925","ASV_943",0.000398531240871645,0.00123846023437447,0.00795737063943429,"ASV_943","no_hit","Dinophyceae","Dinophyceae","unknown","unknown","unknown","Dinophyceae sp. UDMS0803"
"926","ASV_944",0.00728279422752915,0.0114366665027223,-0.00842216735057199,"ASV_944","no_hit","Cercozoa","Thecofilosea","Phaeogromida","Medusettidae","Gazelletta","s_"
"927","ASV_945",0.00378107242999868,-0.0155701740063312,0.0106254242274567,"ASV_945","no_hit","unknown","unknown","unknown","unknown","unknown","uncultured marine eukaryote"
"928","ASV_946",-0.0048509971367017,0.0138316685732281,-0.00496873160212749,"ASV_946","no_hit","no_hit","no_hit","no_hit","no_hit","no_hit","no_hit"
"929","ASV_947",-0.00811387769070326,0.000439773053459261,0.0107945931057273,"ASV_947","no_hit","Bacillariophyta","Coscinodiscophyceae","Chaetocerotales","Chaetocerotaceae","Chaetoceros","s_"
"930","ASV_948",-0.00149661781403164,0.0131222467641254,-0.00330000643136824,"ASV_948","no_hit","Dinophyceae","Dinophyceae","no_hit","no_hit","no_hit","no_hit"
"931","ASV_949",-0.00149990733055882,0.00143361539712418,-0.00254149752847177,"ASV_949","no_hit","Dinophyceae","Dinophyceae","Syndiniales","no_hit","no_hit","s_"
"932","ASV_950",-0.00431619979014395,-0.00285915240134099,-0.00631227910533445,"ASV_950","no_hit","Dinophyceae","Dinophyceae","Gymnodiniales","Gymnodiniaceae","Polykrikos","Polykrikos sp. EP-2016a"
"933","ASV_951",-0.00858076035217476,0.0239307597295559,-0.00504963118780896,"ASV_951","no_hit","Dinophyceae","Dinophyceae","Syndiniales","Amoebophryaceae","g_","s_"
"934","ASV_952",-0.00220318634319137,0.00584511226954365,-0.00322059901907406,"ASV_952","no_hit","Ciliophora","Spirotrichea","Tintinnida","Tintinnidae","Salpingella","no_hit"
"935","ASV_953",0.000281272997921247,0.0205562399182962,-0.00952797331823295,"ASV_953","no_hit","Dinophyceae","Dinophyceae","Syndiniales","Amoebophryaceae","g_","s_"
"936","ASV_954",0.00381844972493313,0.00590159030410578,0.00693236963463448,"ASV_954","no_hit","unknown","unknown","unknown","unknown","unknown","s_"
"937","ASV_955",0.0143165427556519,0.00478842314715457,0.0188556395829454,"ASV_955","no_hit","unknown","unknown","unknown","unknown","unknown","uncultured marine eukaryote"
"938","ASV_956",0.00326161788058938,-0.00734816467041431,0.00478417023975151,"ASV_956","no_hit","Dinophyceae","Dinophyceae","Syndiniales","Amoebophryaceae","Amoebophrya","no_hit"
"939","ASV_957",0.00189433293501041,-0.00103052906196879,0.0153115413570347,"ASV_957","no_hit","Dinophyceae","Dinophyceae","Syndiniales","Amoebophryaceae","Amoebophrya","no_hit"
"940","ASV_958",-0.00426487803907243,0.0127274640546684,0.00915692841763019,"ASV_958","no_hit","unknown","unknown","unknown","unknown","unknown","uncultured marine picoeukaryote"
"941","ASV_959",-0.00317952279634068,-0.00160920011267796,0.00710857387180998,"ASV_959","no_hit","unknown","unknown","unknown","unknown","g_","s_"
"942","ASV_960",0.000334173451151946,-0.0141613850588329,0.00725395141397444,"ASV_960","no_hit","no_hit","no_hit","no_hit","no_hit","no_hit","no_hit"
"943","ASV_961",0.00256921585067528,-0.00100395945997888,0.00313480217838759,"ASV_961","no_hit","Cercozoa","Chlorarachniophyceae","unknown","unknown","Minorisa","Minorisa sp. SRT710"
"944","ASV_962",0.00671652772084863,0.0144171587402809,0.0122226822309318,"ASV_962","no_hit","Euglenozoa","unknown","Diplonemea","unknown","g_","s_"
"945","ASV_963",0.00759696773946986,0.000171155880474381,0.00133004179489427,"ASV_963","no_hit","no_hit","no_hit","no_hit","no_hit","g_","s_"
"946","ASV_964",0.00574683168601562,-0.00472824622544484,0.0191023967524911,"ASV_964","no_hit","unknown","unknown","unknown","unknown","unknown","uncultured marine picoeukaryote"
"947","ASV_965",0.00412670155269631,0.00580368828313245,0.0157618382007311,"ASV_965","no_hit","Dinophyceae","Dinophyceae","no_hit","no_hit","no_hit","no_hit"
"948","ASV_966",-0.00442417666662055,-0.00494848779677253,-0.000546881284326678,"ASV_966","no_hit","Bacillariophyta","Coscinodiscophyceae","Chaetocerotales","Chaetocerotaceae","Chaetoceros","s_"
"949","ASV_967",0.000366917153575547,0.0166566449259679,0.00897523057017767,"ASV_967","no_hit","Dinophyceae","Dinophyceae","Syndiniales","Amoebophryaceae","g_","s_"
"950","ASV_968",0.0081093923200613,0.00799162989872438,-0.00838798565876483,"ASV_968","Metazoa","Arthropoda","Hexanauplia","Poecilostomatoida","Oncaeidae","no_hit","no_hit"
"951","ASV_969",0.0119518677775235,0.00192617828636674,0.0124478450819818,"ASV_969","no_hit","Dinophyceae","Dinophyceae","Syndiniales","Amoebophryaceae","Amoebophrya","s_"
"952","ASV_970",0.00693412281316497,0.0209376108711138,-0.00851913831516359,"ASV_970","no_hit","Euglenozoa","unknown","Diplonemea","unknown","g_","s_"
"953","ASV_971",-0.000309967123463038,-0.00041932452415902,0.014027856161856,"ASV_971","no_hit","Dinophyceae","Dinophyceae","no_hit","no_hit","no_hit","no_hit"
"954","ASV_972",3.81072595726112e-06,0.00181884232440496,0.00112813085037086,"ASV_972","no_hit","Dinophyceae","Dinophyceae","Syndiniales","Amoebophryaceae","g_","s_"
"955","ASV_973",0.00127318083536419,-0.00452843949592182,-0.00677953839534078,"ASV_973","no_hit","Apicomplexa","Conoidasida","Eucoccidiorida","Cryptosporidiidae","g_","s_"
"956","ASV_974",0.00268190840307071,0.000999177793048928,0.00460574343616139,"ASV_974","no_hit","Ciliophora","Spirotrichea","unknown","Strombidiidae","Spirostrombidium","s_"
"957","ASV_975",-0.00130025169038914,-0.00166307318479785,-0.00571484947671778,"ASV_975","Metazoa","Arthropoda","Hexanauplia","Calanoida","Eucalanidae","no_hit","no_hit"
"958","ASV_976",0.00985283296050797,-0.00139287868365261,0.0149091792359707,"ASV_976","no_hit","Dinophyceae","Dinophyceae","Peridiniales","Pfiesteriaceae","no_hit","no_hit"
"959","ASV_977",0.00127483901517914,0.00342434713799942,0.00064625260723893,"ASV_977","no_hit","Dinophyceae","Dinophyceae","Syndiniales","Amoebophryaceae","g_","s_"
"960","ASV_978",-0.00431540397935468,0.00194749310497799,0.00879161028090644,"ASV_978","no_hit","Haptophyta","no_hit","no_hit","no_hit","no_hit","no_hit"
"961","ASV_980",-0.000866304695640165,0.0179972413418832,-0.00438814100485524,"ASV_980","no_hit","unknown","unknown","unknown","unknown","g_","s_"
"962","ASV_981",-0.00709191004395118,0.0127256511409493,-0.00157725318118064,"ASV_981","no_hit","Cercozoa","unknown","unknown","Massisteriidae","g_","s_"
"963","ASV_982",-0.00826991069894303,0.0105418743594371,0.00186460759565696,"ASV_982","no_hit","no_hit","no_hit","no_hit","no_hit","g_","s_"
"964","ASV_983",0.00159322998486831,-0.00531837656126456,-0.000818173253897723,"ASV_983","no_hit","unknown","unknown","unknown","unknown","unknown","uncultured marine picoeukaryote"
"965","ASV_984",-0.00177293543369657,0.0107605736399938,0.00911705049796131,"ASV_984","no_hit","unknown","unknown","unknown","unknown","unknown","uncultured marine picoeukaryote"
"966","ASV_985",0.000487874649849951,-0.00284736628143885,0.0126103145374433,"ASV_985","no_hit","Dinophyceae","Dinophyceae","no_hit","no_hit","no_hit","no_hit"
"967","ASV_986",0.00138128651909952,-0.00509805641516638,-0.00365002248151029,"ASV_986","Metazoa","Annelida","Polychaeta","Phyllodocida","Polynoidae","no_hit","no_hit"
"968","ASV_987",0.0175048733526538,-0.0143243623874918,0.00072114972794049,"ASV_987","no_hit","unknown","unknown","unknown","unknown","g_","s_"
"969","ASV_988",-0.00523291819197176,0.0013187560128786,0.00274341031619809,"ASV_988","no_hit","Ciliophora","unknown","unknown","unknown","Cryptocaryon","s_"
"970","ASV_989",-0.00236260680777223,0.0156220101952216,0.00625507913910487,"ASV_989","no_hit","Dinophyceae","Dinophyceae","Syndiniales","Syndiniaceae","g_","s_"
"971","ASV_990",-0.00035490197020382,0.0109420442876875,-0.00521930877846009,"ASV_990","no_hit","Dinophyceae","Dinophyceae","no_hit","no_hit","no_hit","no_hit"
"972","ASV_991",0.00158969973031154,0.00899101346120866,0.00412869340048488,"ASV_991","no_hit","no_hit","no_hit","no_hit","no_hit","g_","s_"
"973","ASV_992",0.000512584113888155,0.0198582889485614,-0.0084178281018927,"ASV_992","no_hit","no_hit","no_hit","no_hit","no_hit","no_hit","no_hit"
"974","ASV_993",0.0189632670855067,5.03128653209747e-05,0.0151411480072157,"ASV_993","no_hit","Dinophyceae","Dinophyceae","Syndiniales","Amoebophryaceae","Amoebophrya","s_"
"975","ASV_994",0.0103847212742552,0.00766562801241811,0.00221196629492143,"ASV_994","no_hit","Dinophyceae","Dinophyceae","no_hit","no_hit","no_hit","no_hit"
"976","ASV_995",0.00175328112177066,0.023536760227415,-0.0115679844489937,"ASV_995","no_hit","Euglenozoa","unknown","Diplonemea","unknown","unknown","s_"
"977","ASV_996",-0.00736739113281549,0.0144083560360294,-0.00439736475194514,"ASV_996","no_hit","Dinophyceae","Dinophyceae","Syndiniales","no_hit","no_hit","s_"
"978","ASV_997",-0.00846601852593431,0.0127051496022123,-0.0019112981234843,"ASV_997","no_hit","Dinophyceae","Dinophyceae","Syndiniales","Syndiniaceae","g_","s_"
"979","ASV_998",0.00973908702756605,-0.00411489349952353,0.000365206354069056,"ASV_998","Metazoa","Annelida","Polychaeta","Terebellida","Terebellidae","no_hit","no_hit"
"980","ASV_999",0.00452889063373506,0.0103575050471636,0.000986385855994783,"ASV_999","no_hit","Imbricatea","unknown","Thaumatomonadida","Thaumatomastigidae","Protaspis","no_hit"
"981","ASV_1000",-0.0158120224795645,0.0201400890937288,0.000530639201655052,"ASV_1000","no_hit","Dinophyceae","Dinophyceae","Syndiniales","no_hit","no_hit","no_hit"
"982","ASV_1001",-0.00679740831811736,0.0218149122622808,-0.00818633350685939,"ASV_1001","no_hit","Dinophyceae","Dinophyceae","Syndiniales","Syndiniaceae","g_","s_"
"983","ASV_1002",-0.00183221894129644,-0.000752057624407101,-0.00403987908937097,"ASV_1002","no_hit","Ciliophora","Spirotrichea","Tintinnida","Codonellidae","Tintinnopsis","no_hit"
"984","ASV_1003",0.0206068931968932,-0.00844278057074213,0.0084492479722131,"ASV_1003","no_hit","Dinophyceae","Dinophyceae","Peridiniales","Protoperidiniaceae","Protoperidinium","Protoperidinium depressum"
"985","ASV_1004",-0.00528365716792525,-0.0014245212707065,0.0207563858245397,"ASV_1004","no_hit","unknown","unknown","unknown","unknown","g_","s_"
"986","ASV_1005",0.000497620380812014,-0.000460238374706139,-0.00183805445426644,"ASV_1005","no_hit","Ciliophora","Spirotrichea","unknown","Strombidiidae","Strombidium","Strombidium sp. JG-2011a"
"987","ASV_1006",0.000725855399511548,0.00326440243644958,0.00520106975251073,"ASV_1006","no_hit","Euglenozoa","unknown","Diplonemea","Hemistasiidae","g_","s_"
"988","ASV_1007",0.0087659360379321,0.00409058231188122,0.0173718227719488,"ASV_1007","no_hit","unknown","Bolidophyceae","Parmales","Triparmaceae","Triparma","Triparma pacifica"
"989","ASV_1008",-0.00789571680788776,0.0119283691820859,-0.000617771156103825,"ASV_1008","no_hit","unknown","unknown","unknown","unknown","g_","s_"
"990","ASV_1009",-0.00791216650485626,0.0168965357378051,-0.00327194885502009,"ASV_1009","no_hit","Euglenozoa","unknown","Diplonemea","unknown","unknown","Diplonemida sp. 3 RG-2016"
"991","ASV_1010",0.0096799431190903,-0.00655161168962341,0.0218949296502152,"ASV_1010","no_hit","unknown","unknown","unknown","unknown","g_","s_"
"992","ASV_1011",-0.0032981568087968,0.0195616629992607,-0.00836087668052655,"ASV_1011","no_hit","unknown","unknown","unknown","unknown","unknown","Uncultured marine alveolate Group I DH148-EKD22"
"993","ASV_1012",0.000257247081471719,-0.00248375529691127,-0.00738080518372087,"ASV_1012","no_hit","Dinophyceae","Dinophyceae","Peridiniales","Protoperidiniaceae","Protoperidinium","Protoperidinium divergens"
"994","ASV_1013",-0.000302736936877659,0.00453224768428892,0.012359455804305,"ASV_1013","no_hit","Dinophyceae","Dinophyceae","Syndiniales","Amoebophryaceae","Amoebophrya","no_hit"
"995","ASV_1014",0.00313713680783862,0.0113171070287809,0.0118947731260932,"ASV_1014","no_hit","Dinophyceae","Dinophyceae","no_hit","no_hit","no_hit","no_hit"
"996","ASV_1015",0.0156409087712748,-0.00547049855993489,0.0223053530505385,"ASV_1015","no_hit","Dinophyceae","Dinophyceae","Syndiniales","no_hit","no_hit","no_hit"
"997","ASV_1016",0.00690057788457506,0.00736962024026521,0.018063553758307,"ASV_1016","no_hit","Cercozoa","Thecofilosea","unknown","unknown","g_","s_"
"998","ASV_1017",-0.000635883009263018,0.0138187753475114,-0.00670270929569557,"ASV_1017","no_hit","unknown","Polycystinea","no_hit","no_hit","no_hit","no_hit"
"999","ASV_1018",-0.0125902503174537,0.014007436038818,-0.00138534050317844,"ASV_1018","no_hit","Euglenozoa","unknown","Diplonemea","no_hit","g_","s_"
"1000","ASV_1019",-0.00448468429374914,0.0119213971983613,-8.42233328736156e-05,"ASV_1019","no_hit","no_hit","no_hit","no_hit","no_hit","g_","s_"
"1001","ASV_1020",-0.00347114409166249,0.0147751472819959,-0.00574251406527685,"ASV_1020","no_hit","Ciliophora","Oligohymenophorea","Philasterida","Loxocephalidae","g_","s_"
"1002","ASV_1021",0.0183023597954214,-0.0148199845518933,0.00094941070583912,"ASV_1021","no_hit","unknown","unknown","unknown","unknown","g_","s_"
"1003","ASV_1022",-0.0085613792661033,0.0111238694086318,0.00340912519719837,"ASV_1022","no_hit","unknown","unknown","unknown","unknown","unknown","uncultured marine picoeukaryote"
"1004","ASV_1023",-0.00329001203147419,0.00410120649076561,0.00313385252145323,"ASV_1023","no_hit","Bacillariophyta","Coscinodiscophyceae","Rhizosoleniales","Rhizosoleniaceae","Guinardia","Guinardia striata"
"1005","ASV_1024",-0.00203014399601398,0.0057474651790862,0.000657192517257738,"ASV_1024","no_hit","unknown","unknown","unknown","unknown","g_","s_"
"1006","ASV_1025",-0.000315773025687986,0.0259300907133445,-0.0118670075489541,"ASV_1025","no_hit","Euglenozoa","unknown","Diplonemea","unknown","unknown","s_"
"1007","ASV_1026",0.0026188662171129,0.00095137264062078,0.003084547351269,"ASV_1026","no_hit","Dinophyceae","Dinophyceae","Peridiniales","Protoperidiniaceae","Protoperidinium","Protoperidinium conicum"
"1008","ASV_1027",-0.0117548297780431,0.00340069943554946,-0.00517172699388802,"ASV_1027","no_hit","Dinophyceae","Dinophyceae","Syndiniales","no_hit","no_hit","no_hit"
"1009","ASV_1028",-0.00112690351753797,-0.00201160962923262,-0.00329355599450699,"ASV_1028","no_hit","Ciliophora","Spirotrichea","Tintinnida","no_hit","no_hit","no_hit"
"1010","ASV_1029",-0.0058954424586773,0.00341459127167486,0.00373087539216484,"ASV_1029","no_hit","Dinophyceae","Dinophyceae","Blastodiniales","unknown","g_","s_"
"1011","ASV_1030",-0.00239304237889258,0.0220916052780705,-0.00737888250116459,"ASV_1030","no_hit","Euglenozoa","unknown","Diplonemea","unknown","unknown","s_"
"1012","ASV_1031",0.00122985397681153,0.0201785595106445,-0.0101612693823334,"ASV_1031","no_hit","Euglenozoa","unknown","Diplonemea","unknown","g_","s_"
"1013","ASV_1032",-0.00366693936825168,0.0232064595915485,-0.00949620182071272,"ASV_1032","no_hit","no_hit","no_hit","no_hit","no_hit","no_hit","no_hit"
"1014","ASV_1033",-0.0075785122330316,0.0138552007232993,0.00235540261797901,"ASV_1033","no_hit","unknown","unknown","unknown","unknown","g_","s_"
"1015","ASV_1034",-0.000299357681749746,0.00799315907923292,-0.00475716694577609,"ASV_1034","no_hit","no_hit","no_hit","no_hit","no_hit","no_hit","no_hit"
"1016","ASV_1035",0.000818812149973409,0.012459730469452,-0.00663528876068422,"ASV_1035","unassigned","unassigned","unassigned","unassigned","unassigned","unassigned","s_"
"1017","ASV_1036",0.0019756845079689,0.00495937928218822,0.0159741660932521,"ASV_1036","no_hit","no_hit","no_hit","no_hit","no_hit","no_hit","no_hit"
"1018","ASV_1037",0.0058889601298123,-0.00107856648088744,0.012079466169718,"ASV_1037","no_hit","no_hit","no_hit","no_hit","no_hit","g_","s_"
"1019","ASV_1038",-0.000258338196050008,0.00433855538178647,-0.0034437160941908,"ASV_1038","Metazoa","Arthropoda","Hexanauplia","Calanoida","Clausocalanidae","Clausocalanus","no_hit"
"1020","ASV_1039",-0.0119140652837082,0.0192087157495143,-0.00339754749751185,"ASV_1039","no_hit","no_hit","no_hit","no_hit","no_hit","no_hit","no_hit"
"1021","ASV_1040",-0.0039542563791436,-0.00403771201511155,-0.00620487561196007,"ASV_1040","no_hit","unknown","Bigyra","Oblongichytrida","unknown","Oblongichytrium","s_"
"1022","ASV_1041",0.00221916951333548,0.0144028367623076,-0.00757074037840221,"ASV_1041","no_hit","Euglenozoa","unknown","Diplonemea","unknown","unknown","s_"
"1023","ASV_1042",0.00551218526404648,0.00113855117008273,0.00422561004879948,"ASV_1042","no_hit","Ciliophora","Spirotrichea","Choreotrichida","Strombidinopsidae","g_","s_"
"1024","ASV_1043",-0.00048805893279138,0.01736182213331,-0.00698935371370833,"ASV_1043","no_hit","unknown","unknown","unknown","unknown","g_","s_"
"1025","ASV_1044",-0.00119109450291645,0.00600466315335796,-0.00535792166205143,"ASV_1044","no_hit","Dinophyceae","Dinophyceae","Peridiniales","Protoperidiniaceae","Protoperidinium","Protoperidinium monovelum"
"1026","ASV_1045",-0.00439815906919337,0.0140297682576998,-0.00477900665458395,"ASV_1045","no_hit","Dinophyceae","Dinophyceae","Syndiniales","no_hit","no_hit","no_hit"
"1027","ASV_1047",0.0135980650868069,-0.0133047165211069,0.00198711688162605,"ASV_1047","Metazoa","Annelida","Polychaeta","Terebellida","Terebellidae","no_hit","no_hit"
"1028","ASV_1048",-0.0028470594019912,-0.0021306811649439,-0.00292259055696621,"ASV_1048","no_hit","Dinophyceae","Dinophyceae","Gonyaulacales","Ceratiaceae","Tripos","s_"
"1029","ASV_1049",0.00941103857275607,-0.00482687544419917,0.00191576957281921,"ASV_1049","no_hit","unknown","unknown","unknown","unknown","unknown","s_"
"1030","ASV_1050",-0.0103164043109198,0.0193412531571048,-0.00490014393060811,"ASV_1050","no_hit","unknown","unknown","unknown","unknown","unknown","s_"
"1031","ASV_1051",-0.000396489143260112,0.00141483901436862,-0.00782435698594722,"ASV_1051","no_hit","no_hit","no_hit","no_hit","no_hit","g_","s_"
"1032","ASV_1052",-0.00193826070924821,-0.000299507526349644,-0.00552164580403671,"ASV_1052","no_hit","Ciliophora","Spirotrichea","Choreotrichida","Strombidinopsidae","Strombidinopsis","Strombidinopsis sp. NSMS0601"
"1033","ASV_1053",-0.00772209167864648,0.00287756614927997,0.00220887198523817,"ASV_1053","no_hit","unknown","unknown","unknown","unknown","unknown","uncultured marine eukaryote"
"1034","ASV_1054",0.00241561289026474,-0.00185302990055767,0.00606740929467906,"ASV_1054","no_hit","Dinophyceae","Dinophyceae","Dinophysiales","Dinophysiaceae","Dinophysis","Dinophysis acuminata"
"1035","ASV_1055",0.00344577648026894,0.00902419786460698,5.8560744241547e-06,"ASV_1055","Viridiplantae","Chlorophyta","no_hit","no_hit","no_hit","g_","s_"
"1036","ASV_1056",0.00309669236415736,0.000435794495096203,0.0136725474586125,"ASV_1056","no_hit","unknown","unknown","Telonemida","unknown","g_","s_"
"1037","ASV_1057",0.00732888078817869,0.00078619368436858,0.00591871832947969,"ASV_1057","no_hit","no_hit","no_hit","no_hit","no_hit","no_hit","no_hit"
"1038","ASV_1059",-0.00785641906943347,0.0153376524703343,-0.00400619827774346,"ASV_1059","no_hit","Euglenozoa","unknown","Diplonemea","unknown","unknown","Diplonemida sp. 21 RG-2016"
"1039","ASV_1060",-0.00022015100648403,-0.00115160441896242,-0.00325003093481547,"ASV_1060","Metazoa","Arthropoda","Hexanauplia","Harpacticoida","Ectinosomatidae","Microsetella","Microsetella norvegica"
"1040","ASV_1061",0.0117877163541432,-0.0107709933594648,0.00458057164057533,"ASV_1061","no_hit","unknown","Bolidophyceae","Parmales","Triparmaceae","g_","s_"
"1041","ASV_1062",-0.000344736504791348,0.00522889226490961,0.0140218591886601,"ASV_1062","Viridiplantae","Chlorophyta","Pyramimonadophyceae","Pyramimonadales","Pyramimonadaceae","Pterosperma","Pterosperma cristatum"
"1042","ASV_1063",0.000629270045435065,0.0060201990978053,0.0154692704816278,"ASV_1063","no_hit","no_hit","no_hit","no_hit","no_hit","no_hit","no_hit"
"1043","ASV_1064",-0.000235563884671193,-7.77612665797842e-06,0.000278611092363528,"ASV_1064","no_hit","Imbricatea","unknown","Thaumatomonadida","Thaumatomastigidae","Protaspis","s_"
"1044","ASV_1065",-0.00526571959547073,0.00815824166295438,-0.00297288218388863,"ASV_1065","no_hit","Euglenozoa","unknown","Diplonemea","unknown","g_","s_"
"1045","ASV_1066",0.0139874310098541,-0.00205636818574673,0.0109789491525756,"ASV_1066","no_hit","Dinophyceae","Dinophyceae","no_hit","no_hit","no_hit","no_hit"
"1046","ASV_1067",-0.0035928183590017,-0.00640542203598449,-0.00407857541598549,"ASV_1067","no_hit","Dinophyceae","Dinophyceae","Syndiniales","no_hit","no_hit","no_hit"
"1047","ASV_1068",0.00355092115734787,-0.0162586621925736,0.0080993747788967,"ASV_1068","no_hit","unknown","unknown","unknown","unknown","unknown","uncultured marine picoeukaryote"
"1048","ASV_1069",0.0100116423645121,0.00573361204937874,-0.00245348627092906,"ASV_1069","no_hit","Dinophyceae","Dinophyceae","no_hit","no_hit","no_hit","no_hit"
"1049","ASV_1070",0.000773820423402682,-0.00223145553391448,-0.000580574437429848,"ASV_1070","Metazoa","Annelida","Polychaeta","Spionida","Spionidae","no_hit","no_hit"
"1050","ASV_1071",-0.00129153325475228,0.0168765314111841,-0.00730778314497155,"ASV_1071","no_hit","Dinophyceae","Dinophyceae","Syndiniales","Duboscquellidae","g_","s_"
"1051","ASV_1072",-0.00274472959435413,0.0192897306300443,-0.00471008581209668,"ASV_1072","no_hit","unknown","unknown","unknown","unknown","g_","s_"
"1052","ASV_1073",-0.000190834306042424,0.0161264615767707,-0.00850943417661683,"ASV_1073","no_hit","no_hit","no_hit","no_hit","no_hit","no_hit","no_hit"
"1053","ASV_1074",-0.00448755827662242,-0.00758972578280033,-0.00678307429519356,"ASV_1074","no_hit","unknown","unknown","Pirsoniales","unknown","g_","s_"
"1054","ASV_1075",0.00612081754771958,0.00517753234589936,0.00270784893730394,"ASV_1075","no_hit","unknown","unknown","unknown","unknown","unknown","uncultured marine eukaryote"
"1055","ASV_1076",0.0131936724570173,-0.0114077653826052,0.00102744385202392,"ASV_1076","Metazoa","Cnidaria","Anthozoa","Ceriantharia","Cerianthidae","Pachycerianthus","Pachycerianthus fimbriatus"
"1056","ASV_1077",0.00645703244269952,0.0093519771087531,0.0134841041466823,"ASV_1077","no_hit","Dinophyceae","Dinophyceae","no_hit","no_hit","no_hit","no_hit"
"1057","ASV_1078",0.00290531606315399,-0.00662534259907146,0.00580141820066533,"ASV_1078","no_hit","Dinophyceae","Dinophyceae","Syndiniales","Ellobiopsidae","Ellobiopsis","s_"
"1058","ASV_1079",-0.00398944102817965,0.016615291193471,-0.00567827998117698,"ASV_1079","no_hit","Euglenozoa","unknown","Diplonemea","no_hit","no_hit","no_hit"
"1059","ASV_1080",-0.0073190583790965,0.000256626319982171,0.00409608509871893,"ASV_1080","no_hit","Euglenozoa","unknown","Diplonemea","unknown","unknown","Diplonemida sp. 21sb RG-2016"
"1060","ASV_1081",0.006975571742152,0.000924367760378885,0.00880656066024729,"ASV_1081","no_hit","Dinophyceae","Dinophyceae","Dinophysiales","Dinophysiaceae","Dinophysis","s_"
"1061","ASV_1082",0.00671212775288442,0.00494621485100565,0.00968371642255772,"ASV_1082","no_hit","unknown","unknown","unknown","unknown","unknown","uncultured marine eukaryote"
"1062","ASV_1083",0.0033106602800545,0.0027297274253065,-0.00384402046148542,"ASV_1083","Metazoa","Ctenophora","Nuda","Beroida","Beroidae","Beroe","Beroe abyssicola"
"1063","ASV_1084",0.00559598758072442,0.0088458019844023,0.0085266836809459,"ASV_1084","no_hit","Dinophyceae","Dinophyceae","Gymnodiniales","Amphilothaceae","Achradina","Achradina pulchra"
"1064","ASV_1085",-0.0043424705205825,-0.00410248461042312,0.0033155727075273,"ASV_1085","no_hit","Bacillariophyta","Coscinodiscophyceae","Thalassiosirales","Thalassiosiraceae","Thalassiosira","no_hit"
"1065","ASV_1086",-0.0111274884123946,0.00467862387228039,0.0115384484064629,"ASV_1086","no_hit","unknown","Choanoflagellata","Acanthoecida","Stephanoecidae","g_","s_"
"1066","ASV_1087",-0.00620454798603388,0.0186394018143988,0.00138840641918785,"ASV_1087","no_hit","Dinophyceae","Dinophyceae","Gymnodiniales","Gymnodiniaceae","Gymnodinium","s_"
"1067","ASV_1088",-0.0016857938786315,0.00186158467815686,0.00184468411992223,"ASV_1088","no_hit","no_hit","no_hit","no_hit","no_hit","g_","s_"
"1068","ASV_1089",0.000380446128238496,0.00862049808168936,0.00489274140707166,"ASV_1089","no_hit","no_hit","no_hit","no_hit","no_hit","g_","s_"
"1069","ASV_1090",-0.00382256109779044,-0.00422494624118296,-0.0018731638865046,"ASV_1090","no_hit","Bacillariophyta","Coscinodiscophyceae","Chaetocerotales","Chaetocerotaceae","g_","s_"
"1070","ASV_1091",-0.0108465740976283,0.0203541277354865,-0.00524225726840104,"ASV_1091","no_hit","Dinophyceae","Dinophyceae","Syndiniales","Amoebophryaceae","g_","s_"
"1071","ASV_1092",-0.00305893779837764,0.00893112618677365,-0.00246777077395246,"ASV_1092","no_hit","Dinophyceae","Dinophyceae","Syndiniales","no_hit","no_hit","no_hit"
"1072","ASV_1093",-0.00485778088383118,-0.00120238145124655,0.00222746332594259,"ASV_1093","no_hit","Bacillariophyta","Coscinodiscophyceae","Thalassiosirales","Thalassiosiraceae","Thalassiosira","no_hit"
"1073","ASV_1094",-0.00270755660327463,0.00952082254816985,0.00516849017909679,"ASV_1094","no_hit","no_hit","no_hit","no_hit","no_hit","no_hit","no_hit"
"1074","ASV_1095",0.000853898079400221,0.00854314537445982,-0.00468601619395755,"ASV_1095","no_hit","Euglenozoa","unknown","Diplonemea","unknown","g_","s_"
"1075","ASV_1096",0.00285540235222573,0.0172805557707206,-0.00929937890663847,"ASV_1096","no_hit","Euglenozoa","unknown","Diplonemea","unknown","g_","s_"
"1076","ASV_1097",0.00860095844912115,0.0115198821686609,0.00567961084988453,"ASV_1097","no_hit","Dinophyceae","Dinophyceae","no_hit","no_hit","no_hit","no_hit"
"1077","ASV_1098",-0.00419906061114739,0.0131873124783439,-0.00543840653152088,"ASV_1098","Metazoa","Annelida","Polychaeta","Terebellida","Ampharetidae","Ampharete","no_hit"
"1078","ASV_1099",0.00464050165684744,-0.00306782875001074,-0.000110574657086263,"ASV_1099","Metazoa","Annelida","Polychaeta","unknown","Paraonidae","Aricidea","no_hit"
"1079","ASV_1100",-0.00735552265043517,0.0113447308526797,0.0113400223376661,"ASV_1100","no_hit","Bacillariophyta","Bacillariophyceae","Naviculales","Pleurosigmataceae","Pleurosigma","no_hit"
"1080","ASV_1101",-0.00778171478016502,0.0116151590311111,-0.000818925686141444,"ASV_1101","no_hit","unknown","Bigyra","Bicosoecida","Cafeteriaceae","Pseudobodo","no_hit"
"1081","ASV_1102",0.00611850676541755,-0.00125257148819225,-0.00721663896271374,"ASV_1102","no_hit","no_hit","no_hit","no_hit","no_hit","g_","s_"
"1082","ASV_1103",-0.00538845061273555,-0.00468590332603,-0.00484877368866472,"ASV_1103","no_hit","no_hit","no_hit","no_hit","no_hit","g_","s_"
"1083","ASV_1104",-0.00633699802469613,0.00891649444642289,-0.000175611584362812,"ASV_1104","no_hit","Dinophyceae","Dinophyceae","Syndiniales","Amoebophryaceae","g_","s_"
"1084","ASV_1105",-0.00254552121565369,0.0132695000636283,0.00820769158434363,"ASV_1105","no_hit","unknown","Cryptophyceae","Kathablepharidacea","Katablepharidaceae","Katablepharis","Katablepharis japonica"
"1085","ASV_1106",0.00533825077129245,0.00186563676007022,0.00522863645368043,"ASV_1106","no_hit","Dinophyceae","Dinophyceae","Syndiniales","Amoebophryaceae","g_","s_"
"1086","ASV_1107",-0.0118534463387907,0.0175603016264129,-0.00416458187817045,"ASV_1107","no_hit","unknown","Polycystinea","Spumellaria","no_hit","no_hit","no_hit"
"1087","ASV_1108",0.00308209578691819,0.0134717144300354,-0.00705799159924315,"ASV_1108","no_hit","no_hit","no_hit","no_hit","no_hit","g_","s_"
"1088","ASV_1109",-0.00140668992764194,-0.00319116223153385,-0.00498437750981397,"ASV_1109","Metazoa","Arthropoda","Hexanauplia","Harpacticoida","Ameiridae","g_","s_"
"1089","ASV_1110",-0.00719994347635084,0.0116014489806099,-0.00246853110884256,"ASV_1110","no_hit","Dinophyceae","Dinophyceae","Syndiniales","Ellobiopsidae","Thalassomyces","Thalassomyces sp. JDS-2003"
"1090","ASV_1111",-0.00822615509826374,0.00487120523589086,0.00238525324677673,"ASV_1111","no_hit","Dinophyceae","Dinophyceae","Peridiniales","Peridiniaceae","g_","s_"
"1091","ASV_1112",0.00316098137181479,0.0121617437618697,-0.0049830066118034,"ASV_1112","no_hit","no_hit","no_hit","no_hit","no_hit","g_","s_"
"1092","ASV_1113",-0.00770828104050948,0.0116640003653502,-0.00245268034835536,"ASV_1113","Metazoa","Cnidaria","Hydrozoa","Siphonophorae","no_hit","no_hit","no_hit"
"1093","ASV_1114",0.0135804111634451,-0.00949859808427851,0.000751724817151075,"ASV_1114","Metazoa","Annelida","Polychaeta","unknown","Paraonidae","Paraonis","Paraonis sp. THS-2006"
"1094","ASV_1115",0.00207813596182467,0.00137679561429852,0.0102526997175864,"ASV_1115","no_hit","Dinophyceae","Dinophyceae","Syndiniales","Amoebophryaceae","Amoebophrya","s_"
"1095","ASV_1116",-0.0116627891790667,0.0185854964099909,-0.00236500899628775,"ASV_1116","no_hit","Dinophyceae","Dinophyceae","Syndiniales","Amoebophryaceae","g_","s_"
"1096","ASV_1117",0.00548316111736345,-0.00458860436447675,-0.00222647975928816,"ASV_1117","Metazoa","Platyhelminthes","Trematoda","Strigeidida","Aporocotylidae","Aporocotyle","Aporocotyle spinosicanalis"
"1097","ASV_1118",0.00268307600729585,0.00795676650571198,-0.00503955644919933,"ASV_1118","no_hit","Ciliophora","Oligohymenophorea","no_hit","no_hit","g_","s_"
"1098","ASV_1119",-0.000297835890099583,0.0133022258178094,-0.00720108348143864,"ASV_1119","no_hit","Euglenozoa","unknown","Diplonemea","unknown","g_","s_"
"1099","ASV_1120",-0.00229449610698097,0.0117579152360249,-0.00486042268265403,"ASV_1120","no_hit","Euglenozoa","unknown","Diplonemea","unknown","unknown","Diplonemida sp. 13 RG-2016"
"1100","ASV_1121",-0.000321891108269049,0.0194347103568803,-0.0095987300798161,"ASV_1121","Metazoa","Cnidaria","Hydrozoa","Siphonophorae","Clausophyidae","Chuniphyes","no_hit"
"1101","ASV_1122",-0.00349874933941884,0.00733372391905798,0.0204957450756074,"ASV_1122","no_hit","Haptophyta","unknown","Prymnesiales","Chrysochromulinaceae","Chrysochromulina","Chrysochromulina scutellum"
"1102","ASV_1123",-0.00195665303972403,-0.00267716805806086,0.00298348160601994,"ASV_1123","unassigned","unassigned","unassigned","unassigned","unassigned","unassigned","s_"
"1103","ASV_1124",0.000618064994662812,-0.000585869654277649,0.000630561393822392,"ASV_1124","Viridiplantae","Chlorophyta","Pyramimonadophyceae","Pyramimonadales","Pyramimonadaceae","Pyramimonas","no_hit"
"1104","ASV_1125",0.00255408659742148,0.00315823293102278,0.0200719083046168,"ASV_1125","no_hit","Dinophyceae","Dinophyceae","Blastodiniales","unknown","g_","s_"
"1105","ASV_1126",0.00648359423730354,-0.00308379417285999,0.00257975194052657,"ASV_1126","no_hit","Dinophyceae","Dinophyceae","Syndiniales","Amoebophryaceae","g_","s_"
"1106","ASV_1127",0.00300567269977564,-0.000532383793620549,0.00930539045478521,"ASV_1127","no_hit","Bacillariophyta","Coscinodiscophyceae","Leptocylindrales","Leptocylindraceae","Leptocylindrus","s_"
"1107","ASV_1128",-0.00434995571060582,-0.00894198902639351,0.00864004979144305,"ASV_1128","no_hit","Dinophyceae","Dinophyceae","Gymnodiniales","no_hit","no_hit","no_hit"
"1108","ASV_1129",0.0106636447216594,-0.0100538610212837,0.0032345029146628,"ASV_1129","Metazoa","Annelida","Polychaeta","Phyllodocida","Nephtyidae","no_hit","no_hit"
"1109","ASV_1130",-0.00174815840283481,0.00891664645447356,0.0095245062005947,"ASV_1130","no_hit","unknown","Cryptophyceae","no_hit","no_hit","no_hit","s_"
"1110","ASV_1131",-0.00719522020086828,0.0127622679517153,0.0132878069362026,"ASV_1131","no_hit","unknown","unknown","unknown","unknown","unknown","uncultured marine eukaryote"
"1111","ASV_1132",0.00354571119557269,0.00448438218927117,0.00310533177790589,"ASV_1132","no_hit","no_hit","no_hit","no_hit","no_hit","g_","s_"
"1112","ASV_1133",-0.00375780653517097,0.00268793751696535,0.000466893984961304,"ASV_1133","Metazoa","Ctenophora","Tentaculata","no_hit","no_hit","no_hit","no_hit"
"1113","ASV_1134",0.0017109343316641,0.000647215776046323,0.0114180354610758,"ASV_1134","no_hit","Haptophyta","unknown","Prymnesiales","Prymnesiaceae","no_hit","no_hit"
"1114","ASV_1135",0.00814472575434238,0.00238914924115129,0.01263341400356,"ASV_1135","no_hit","Dinophyceae","Dinophyceae","Gymnodiniales","Gymnodiniaceae","Polykrikos","Polykrikos sp. EP-2016a"
"1115","ASV_1136",0.00809221823354565,0.00933375384979586,0.014531790731748,"ASV_1136","no_hit","no_hit","no_hit","no_hit","no_hit","no_hit","no_hit"
"1116","ASV_1137",-0.00485444149071516,0.0157397726067618,-0.00597407911181409,"ASV_1137","no_hit","Dinophyceae","Dinophyceae","Gymnodiniales","Kareniaceae","g_","s_"
"1117","ASV_1138",-0.00588927257688282,0.00368561365143503,0.000902054625981088,"ASV_1138","no_hit","Dinophyceae","Dinophyceae","Peridiniales","Peridiniaceae","g_","s_"
"1118","ASV_1139",-0.00151135818135942,-0.00375581727057826,-0.00348716095855076,"ASV_1139","no_hit","Dinophyceae","Dinophyceae","Syndiniales","Amoebophryaceae","Amoebophrya","no_hit"
"1119","ASV_1140",0.00384944155745778,-0.000988922545829838,0.0200467273268906,"ASV_1140","no_hit","unknown","unknown","unknown","unknown","g_","s_"
"1120","ASV_1141",-0.00427440247744281,-0.005767418871791,-0.00619148484374292,"ASV_1141","no_hit","Bacillariophyta","Coscinodiscophyceae","Thalassiosirales","Thalassiosiraceae","Thalassiosira","no_hit"
"1121","ASV_1142",-0.00758515910607878,0.019485335296674,-0.0059623452428247,"ASV_1142","no_hit","Euglenozoa","unknown","Diplonemea","unknown","unknown","Diplonemida sp. 1sb RG-2016"
"1122","ASV_1143",0.00227502992017909,-0.00227993616559285,0.00304852623364979,"ASV_1143","no_hit","Ciliophora","Spirotrichea","no_hit","no_hit","no_hit","no_hit"
"1123","ASV_1144",-0.00425496744550925,0.00743489727240219,0.00711452710845077,"ASV_1144","no_hit","no_hit","no_hit","no_hit","no_hit","no_hit","no_hit"
"1124","ASV_1145",0.00923320436231478,-0.00353336186103909,0.0137605411146412,"ASV_1145","no_hit","unknown","Cryptophyceae","Pyrenomonadales","Geminigeraceae","Proteomonas","no_hit"
"1125","ASV_1146",-0.00581889492146748,-0.0044543831408491,-0.00148269616592927,"ASV_1146","no_hit","Bacillariophyta","Coscinodiscophyceae","Coscinodiscales","Hemidiscaceae","Actinocyclus","Actinocyclus curvatulus"
"1126","ASV_1147",-0.0131055253010784,0.00371579195829475,0.00820749681050421,"ASV_1147","no_hit","no_hit","no_hit","no_hit","no_hit","no_hit","no_hit"
"1127","ASV_1148",-0.00266210453440183,0.00771935116710008,0.0071234419648758,"ASV_1148","no_hit","unknown","unknown","unknown","unknown","g_","s_"
"1128","ASV_1149",0.00565236644527183,0.00191149182954095,0.00390609071292077,"ASV_1149","no_hit","Ciliophora","Prostomatea","Prorodontida","Urotrichidae","Urotricha","s_"
"1129","ASV_1151",-0.00134746019874911,-4.50911542792513e-05,0.00322311453616794,"ASV_1151","no_hit","Dinophyceae","Dinophyceae","no_hit","no_hit","no_hit","no_hit"
"1130","ASV_1152",-0.00811618187988262,0.00587548690241934,0.00136600026757873,"ASV_1152","no_hit","unknown","unknown","unknown","unknown","g_","s_"
"1131","ASV_1153",-0.00574495713388243,0.000219287331694857,0.0129240942806694,"ASV_1153","no_hit","Dinophyceae","Dinophyceae","Syndiniales","Duboscquellidae","Duboscquella","no_hit"
"1132","ASV_1154",0.00323075834741375,-0.00667151672378703,0.0151214368151824,"ASV_1154","no_hit","Dinophyceae","Dinophyceae","Gymnodiniales","Gymnodiniaceae","g_","s_"
"1133","ASV_1155",-0.00966682994708989,-0.00381902035152839,0.00199727361170023,"ASV_1155","no_hit","unknown","unknown","unknown","unknown","g_","s_"
"1134","ASV_1156",-0.00634031809649147,0.0143022199255295,0.0071881901927703,"ASV_1156","no_hit","Haptophyta","unknown","Prymnesiales","Chrysochromulinaceae","Chrysochromulina","Chrysochromulina strobilus"
"1135","ASV_1157",-0.00877115426430659,0.00371199896988723,0.0147201266393019,"ASV_1157","no_hit","Dinophyceae","Dinophyceae","Syndiniales","no_hit","no_hit","no_hit"
"1136","ASV_1158",-0.00621553323301756,-0.00590601830103579,-0.000373322959926163,"ASV_1158","no_hit","Cercozoa","Thecofilosea","Cryomonadida","Protaspidae","Cryothecomonas","s_"
"1137","ASV_1159",0.00199959427393382,0.0223519729141854,-0.0114847758063396,"ASV_1159","no_hit","Dinophyceae","Dinophyceae","Gymnodiniales","Kareniaceae","g_","s_"
"1138","ASV_1160",-0.0137755329353257,0.00444769090771744,-0.0056385258924802,"ASV_1160","no_hit","Dinophyceae","Dinophyceae","Syndiniales","Amoebophryaceae","g_","s_"
"1139","ASV_1161",0.00495472760043964,0.00580130174529273,0.0113338047814422,"ASV_1161","no_hit","Cercozoa","no_hit","no_hit","no_hit","no_hit","no_hit"
"1140","ASV_1162",-0.00919592263880176,0.0143935929871839,-0.00325004792092691,"ASV_1162","no_hit","Euglenozoa","unknown","Diplonemea","unknown","unknown","s_"
"1141","ASV_1163",0.00451460936511571,0.000250440247263568,0.0033549128361218,"ASV_1163","no_hit","Dinophyceae","Dinophyceae","Peridiniales","Protoperidiniaceae","Protoperidinium","Protoperidinium conicum"
"1142","ASV_1164",-0.00375279251078312,0.00916920871808087,0.000579188295868581,"ASV_1164","no_hit","Dinophyceae","Dinophyceae","Syndiniales","Amoebophryaceae","g_","s_"
"1143","ASV_1165",-0.00340829875370994,-0.0052059734606318,0.00979749128898511,"ASV_1165","no_hit","Dinophyceae","Dinophyceae","Peridiniales","Heterocapsaceae","Heterocapsa","no_hit"
"1144","ASV_1166",-0.00730127128925412,-0.00535673712872631,0.00894838843883896,"ASV_1166","no_hit","Dinophyceae","Dinophyceae","no_hit","no_hit","no_hit","no_hit"
"1145","ASV_1167",-0.00379586426413914,-0.00106413521805692,0.00242652097691513,"ASV_1167","no_hit","Bacillariophyta","Mediophyceae","Biddulphiales","Biddulphiaceae","Biddulphia","Biddulphia sp. MACC 6"
"1146","ASV_1168",-0.00608528392300167,0.0156341345371397,-0.00227275779814446,"ASV_1168","no_hit","Euglenozoa","unknown","Diplonemea","unknown","g_","s_"
"1147","ASV_1169",-0.00167030550717981,0.00153090461574108,0.0232155160740175,"ASV_1169","no_hit","Dinophyceae","Dinophyceae","Prorocentrales","Prorocentraceae","g_","s_"
"1148","ASV_1170",-0.0117987794930335,0.00587829980222256,0.000857151074532552,"ASV_1170","no_hit","no_hit","no_hit","no_hit","no_hit","g_","s_"
"1149","ASV_1171",-0.00229527175593854,0.00414554159368791,-0.00068355272847524,"ASV_1171","no_hit","Dinophyceae","Dinophyceae","Syndiniales","no_hit","no_hit","s_"
"1150","ASV_1172",0.0063739112050586,0.00823616846576163,0.0147106235299186,"ASV_1172","no_hit","Cercozoa","no_hit","no_hit","no_hit","no_hit","no_hit"
"1151","ASV_1173",-0.000815783651956982,0.000583745730733003,0.00734291168020304,"ASV_1173","no_hit","unknown","unknown","unknown","unknown","unknown","uncultured marine eukaryote"
"1152","ASV_1174",-0.00436548749775519,0.00271678801180979,0.0144306318123654,"ASV_1174","no_hit","Dinophyceae","Dinophyceae","no_hit","no_hit","no_hit","no_hit"
"1153","ASV_1175",0.00195858308058458,0.00151944023521977,0.0203644998236994,"ASV_1175","no_hit","Dinophyceae","Dinophyceae","Gymnodiniales","no_hit","no_hit","no_hit"
"1154","ASV_1176",-0.00406862093209005,0.00447594215348137,0.0159670201197046,"ASV_1176","no_hit","unknown","unknown","unknown","unknown","g_","s_"
"1155","ASV_1177",-0.0107762222719289,0.011041475992004,0.00236781738502583,"ASV_1177","no_hit","unknown","unknown","unknown","unknown","unknown","uncultured marine eukaryote"
"1156","ASV_1178",0.00506215746326399,0.00158437390804805,0.00353835159429913,"ASV_1178","no_hit","Dinophyceae","Dinophyceae","Gymnodiniales","Gymnodiniaceae","Gymnodinium","no_hit"
"1157","ASV_1179",0.000173983509478753,0.00517596958839337,0.0111755134380327,"ASV_1179","no_hit","Dinophyceae","Dinophyceae","Syndiniales","Amoebophryaceae","Amoebophrya","no_hit"
"1158","ASV_1180",0.00346340022605559,0.00803382809672143,-0.00795131708638233,"ASV_1180","no_hit","Dinophyceae","Dinophyceae","no_hit","no_hit","no_hit","no_hit"
"1159","ASV_1181",-0.00197164042963578,-0.00225265379579848,0.000639039920220595,"ASV_1181","no_hit","Dinophyceae","Dinophyceae","Peridiniales","Protoperidiniaceae","Protoperidinium","no_hit"
"1160","ASV_1182",0.00130298839794754,0.009717632242669,0.0157862474309683,"ASV_1182","no_hit","unknown","unknown","unknown","unknown","unknown","uncultured marine picoeukaryote"
"1161","ASV_1183",-0.00194658906168774,0.0141152636804177,-0.00237659990525208,"ASV_1183","no_hit","unknown","unknown","unknown","unknown","g_","s_"
"1162","ASV_1184",-0.000240458861086787,0.00278493431360237,0.00505247086088362,"ASV_1184","Metazoa","Arthropoda","Hexanauplia","Poecilostomatoida","Oncaeidae","Oncaea","no_hit"
"1163","ASV_1185",-0.00193444287414629,0.0121523241020739,0.0114955435224188,"ASV_1185","no_hit","Imbricatea","unknown","Thaumatomonadida","Thaumatomastigidae","Protaspis","s_"
"1164","ASV_1186",0.0045431386793809,-0.0035607921326638,0.00107984585591827,"ASV_1186","no_hit","unknown","unknown","unknown","unknown","g_","s_"
"1165","ASV_1187",-0.00123851830914511,0.0074888049870676,-0.00448417621863668,"ASV_1187","no_hit","Euglenozoa","unknown","Diplonemea","unknown","g_","s_"
"1166","ASV_1188",-0.00160297292227097,0.012341026417268,-0.00448588448948503,"ASV_1188","no_hit","Ciliophora","Oligohymenophorea","Philasterida","Cinetochilidae","g_","s_"
"1167","ASV_1189",0.0124803360647837,-0.00776005552144838,0.00550444762576236,"ASV_1189","no_hit","Dinophyceae","Dinophyceae","Syndiniales","Amoebophryaceae","Amoebophrya","s_"
"1168","ASV_1190",0.00554559007191705,0.00081807981049193,0.00813930535596539,"ASV_1190","no_hit","Haptophyta","unknown","Zygodiscales","Braarudosphaeraceae","Braarudosphaera","Braarudosphaera bigelowii"
"1169","ASV_1191",-0.00441501252170298,0.00662358377400119,0.00685853071040695,"ASV_1191","no_hit","unknown","Dictyochophyceae","Pedinellales","unknown","g_","s_"
"1170","ASV_1192",0.00426781760938986,-0.00622109466440706,0.0117552850632053,"ASV_1192","no_hit","no_hit","no_hit","no_hit","no_hit","g_","s_"
"1171","ASV_1193",0.0103497470876104,0.00331475608300638,0.0134451133562468,"ASV_1193","no_hit","Dinophyceae","Dinophyceae","no_hit","no_hit","no_hit","no_hit"
"1172","ASV_1194",-0.0095073338052909,0.0250686111597304,-0.00710260609297158,"ASV_1194","no_hit","Dinophyceae","Dinophyceae","Gymnodiniales","Gymnodiniaceae","g_","s_"
"1173","ASV_1195",-0.0010328638969904,-0.00114927973694981,0.000146517792416012,"ASV_1195","no_hit","unknown","Ichthyosporea","Ichthyophonida","unknown","g_","s_"
"1174","ASV_1196",-0.00385311684197669,0.00572406445289105,0.00212134899627276,"ASV_1196","no_hit","unknown","unknown","unknown","unknown","unknown","uncultured marine eukaryote"
"1175","ASV_1197",0.00569263024212566,-0.00130025678093011,0.0089991215984104,"ASV_1197","no_hit","Bacillariophyta","Bacillariophyceae","Bacillariales","Bacillariaceae","Pseudo-nitzschia","no_hit"
"1176","ASV_1198",0.00314553644344864,-0.000370420635903028,0.00273976115575643,"ASV_1198","no_hit","Dinophyceae","Dinophyceae","Peridiniales","Protoperidiniaceae","Protoperidinium","s_"
"1177","ASV_1199",0.00110818445506417,0.00015255209763265,-0.000957328164598294,"ASV_1199","no_hit","Dinophyceae","Dinophyceae","Gonyaulacales","Gonyaulacaceae","Gonyaulax","Gonyaulax spinifera"
"1178","ASV_1200",-0.0120041017684247,0.00975063023608205,0.00371977823804541,"ASV_1200","no_hit","Dinophyceae","Dinophyceae","Syndiniales","Amoebophryaceae","Amoebophrya","no_hit"
"1179","ASV_1201",-0.00405352877596517,0.00534256584931672,-0.00231155320377492,"ASV_1201","no_hit","unknown","unknown","unknown","unknown","unknown","s_"
"1180","ASV_1202",-0.00289375332465663,-0.00241747506441236,0.0021611929887304,"ASV_1202","no_hit","unknown","unknown","unknown","unknown","g_","s_"
"1181","ASV_1203",-0.0099783735476154,0.00827016875701063,0.00130255253958342,"ASV_1203","no_hit","Dinophyceae","Dinophyceae","Syndiniales","Amoebophryaceae","Amoebophrya","s_"
"1182","ASV_1204",-0.00495010506587062,0.010823532212697,-0.00360433506521487,"ASV_1204","no_hit","Euglenozoa","unknown","Diplonemea","unknown","g_","s_"
"1183","ASV_1205",0.000440473701150758,0.000742482165385028,0.00686082888867956,"ASV_1205","no_hit","unknown","unknown","unknown","unknown","unknown","uncultured marine eukaryote"
"1184","ASV_1206",0.00118961579379966,0.00213226309703946,0.00992432876942784,"ASV_1206","no_hit","unknown","unknown","unknown","unknown","g_","s_"
"1185","ASV_1207",0.0038130150482184,-0.00431709455792233,-0.00311367788354821,"ASV_1207","Metazoa","Chordata","Appendicularia","Copelata","Fritillariidae","g_","s_"
"1186","ASV_1208",-0.00546227709871651,-0.00321312591329975,-0.00774153069451279,"ASV_1208","no_hit","Dinophyceae","Dinophyceae","Syndiniales","no_hit","no_hit","no_hit"
"1187","ASV_1209",-0.00281806447275811,0.00380565244868559,0.00548786527786065,"ASV_1209","no_hit","Dinophyceae","Dinophyceae","no_hit","no_hit","g_","s_"
"1188","ASV_1210",-0.000616160329366007,0.00955441560699936,-0.00126811743084967,"ASV_1210","no_hit","unknown","unknown","unknown","unknown","g_","s_"
"1189","ASV_1211",0.000152531497248055,0.00630734153699465,-0.00409738072731364,"ASV_1211","Metazoa","Arthropoda","Hexanauplia","Mormonilloida","Mormonillidae","Mormonilla","Mormonilla sp. DZMBK37"
"1190","ASV_1212",-0.00869598319199777,0.00794680358362581,0.00545793158346486,"ASV_1212","no_hit","Haptophyta","unknown","Prymnesiales","Chrysochromulinaceae","Chrysochromulina","Chrysochromulina strobilus"
"1191","ASV_1213",0.00369363117396535,0.00359733804132557,0.0193109127535288,"ASV_1213","no_hit","no_hit","no_hit","no_hit","no_hit","g_","s_"
"1192","ASV_1214",0.000899826848544321,0.00396861346185984,0.0200772608743804,"ASV_1214","no_hit","Dinophyceae","Dinophyceae","Syndiniales","Amoebophryaceae","Amoebophrya","s_"
"1193","ASV_1215",-0.00927650405376867,0.00466635136270535,0.0050316788255051,"ASV_1215","no_hit","unknown","Bigyra","no_hit","no_hit","no_hit","no_hit"
"1194","ASV_1216",-0.00932291284905159,0.00617982503186148,-0.000572439835600121,"ASV_1216","no_hit","Dinophyceae","Dinophyceae","Syndiniales","Amoebophryaceae","g_","s_"
"1195","ASV_1217",0.00279129979880246,0.00411422439692365,0.0144050492704241,"ASV_1217","no_hit","Dinophyceae","Dinophyceae","Syndiniales","no_hit","no_hit","no_hit"
"1196","ASV_1218",-0.00197868320507956,0.00520985232083171,-0.00294813375339814,"ASV_1218","no_hit","no_hit","no_hit","no_hit","no_hit","no_hit","no_hit"
"1197","ASV_1219",-0.00319960667165751,0.00489098477315991,0.003149783543624,"ASV_1219","no_hit","unknown","unknown","unknown","unknown","g_","s_"
"1198","ASV_1220",0.0054224185648699,0.000562732788896432,0.00794621110454241,"ASV_1220","no_hit","Dinophyceae","Dinophyceae","Gymnodiniales","Gymnodiniaceae","g_","s_"
"1199","ASV_1221",-0.000120018480988616,0.0131161148052771,-0.00717163685120819,"ASV_1221","no_hit","Dinophyceae","Dinophyceae","no_hit","no_hit","no_hit","no_hit"
"1200","ASV_1222",-0.0107546245283798,0.0060061383390919,0.00363657338191309,"ASV_1222","no_hit","Euglenozoa","unknown","Diplonemea","unknown","g_","s_"
"1201","ASV_1223",-0.00953363975395486,0.00645998049890142,0.00265110477057222,"ASV_1223","no_hit","unknown","unknown","unknown","unknown","unknown","s_"
"1202","ASV_1224",-0.0107899055553854,0.0129339178970792,0.00577124064437785,"ASV_1224","no_hit","Haptophyta","no_hit","no_hit","no_hit","no_hit","s_"
"1203","ASV_1225",-0.00459665121892399,0.00855181893163421,0.00718439055136949,"ASV_1225","Viridiplantae","Chlorophyta","no_hit","no_hit","no_hit","no_hit","s_"
"1204","ASV_1226",0.00172193828174026,-0.0128234222353151,0.0134266393323816,"ASV_1226","no_hit","Dinophyceae","Dinophyceae","Syndiniales","Amoebophryaceae","g_","s_"
"1205","ASV_1227",0.00988116226393135,0.00669173244057194,0.00635299505851925,"ASV_1227","no_hit","Dinophyceae","Dinophyceae","no_hit","no_hit","no_hit","s_"
"1206","ASV_1228",-0.00346692828611763,0.0120369285739761,-0.00450387560657728,"ASV_1228","no_hit","Dinophyceae","Dinophyceae","Syndiniales","no_hit","no_hit","no_hit"
"1207","ASV_1229",-0.00539768401703886,0.00951846269762534,0.000867732631714624,"ASV_1229","no_hit","Dinophyceae","Dinophyceae","Syndiniales","Amoebophryaceae","Amoebophrya","no_hit"
"1208","ASV_1230",-0.00997627539516495,0.000181719367031564,0.00374553018570081,"ASV_1230","no_hit","Dinophyceae","Dinophyceae","Gymnodiniales","Kareniaceae","Takayama","Takayama cf. pulchellum"
"1209","ASV_1231",0.000561034345506705,0.00081467360292048,0.00028653705796272,"ASV_1231","no_hit","Ciliophora","Spirotrichea","Sporadotrichida","Oxytrichidae","Protogastrostyla","s_"
"1210","ASV_1232",-0.00649649738426136,0.00420505108378223,0.00199558329807591,"ASV_1232","no_hit","unknown","unknown","unknown","unknown","unknown","uncultured marine eukaryote"
"1211","ASV_1233",-0.0105812706353755,0.0157549219116958,-0.00233340388394083,"ASV_1233","no_hit","no_hit","no_hit","no_hit","no_hit","g_","s_"
"1212","ASV_1234",-0.0119430760445718,0.00564492904198528,0.00274950117713672,"ASV_1234","no_hit","unknown","unknown","unknown","unknown","unknown","s_"
"1213","ASV_1235",0.00414423531089129,0.00352651758379624,0.0139290797012566,"ASV_1235","no_hit","Euglenozoa","unknown","Diplonemea","Diplonemidae","g_","s_"
"1214","ASV_1236",-0.000376345927611608,0.0173636970390655,-0.00861715408356832,"ASV_1236","no_hit","Dinophyceae","Dinophyceae","no_hit","no_hit","no_hit","no_hit"
"1215","ASV_1237",0.000244390419286994,0.00361005807267093,-0.00101300096984685,"ASV_1237","no_hit","Dinophyceae","Dinophyceae","Syndiniales","no_hit","g_","s_"
"1216","ASV_1238",-0.00600908053562187,0.00756691225549689,0.0128219673767642,"ASV_1238","no_hit","Imbricatea","unknown","Thaumatomonadida","Thaumatomastigidae","Protaspis","s_"
"1217","ASV_1239",-0.0147454004523383,0.00889676356309116,0.000852948860108848,"ASV_1239","no_hit","unknown","unknown","unknown","unknown","unknown","uncultured marine eukaryote"
"1218","ASV_1240",-0.00768304273351283,0.00679416975621453,0.000484083384019424,"ASV_1240","no_hit","Euglenozoa","unknown","Diplonemea","no_hit","no_hit","no_hit"
"1219","ASV_1241",-0.00501110681102943,-0.000667297807686182,0.00613540979682986,"ASV_1241","no_hit","no_hit","no_hit","no_hit","no_hit","no_hit","no_hit"
"1220","ASV_1242",0.00155909273477741,0.00331121947276571,0.00434132987584533,"ASV_1242","no_hit","Cercozoa","Thecofilosea","Cryomonadida","Protaspidae","Cryothecomonas","Cryothecomonas longipes"
"1221","ASV_1243",0.00928097540271304,-0.000465506339874937,0.0146250050332408,"ASV_1243","no_hit","Euglenozoa","unknown","Diplonemea","Hemistasiidae","Hemistasia","Hemistasia phaeocysticola"
"1222","ASV_1244",-0.00916748961734564,-2.43960604478794e-05,0.00398946865893225,"ASV_1244","no_hit","Dinophyceae","Dinophyceae","Peridiniales","Peridiniaceae","Pentapharsodinium","Pentapharsodinium tyrrhenicum"
"1223","ASV_1245",-0.00870993072915277,0.00312502839259067,0.00255194014491061,"ASV_1245","no_hit","no_hit","no_hit","no_hit","no_hit","no_hit","s_"
"1224","ASV_1246",-0.00719412133558006,0.00130313138282162,0.00506392762549055,"ASV_1246","no_hit","Dinophyceae","Dinophyceae","Syndiniales","no_hit","g_","s_"
"1225","ASV_1247",-0.0136354914543047,0.00632758948482438,0.00445521676883459,"ASV_1247","no_hit","Dinophyceae","Dinophyceae","Syndiniales","no_hit","no_hit","no_hit"
"1226","ASV_1248",-0.00460935907998207,0.0112756875714499,-0.00335928255886569,"ASV_1248","no_hit","Dinophyceae","Dinophyceae","Syndiniales","no_hit","no_hit","s_"
"1227","ASV_1249",0.00785734614064507,0.0063996854493387,0.00294222710203859,"ASV_1249","no_hit","Dinophyceae","Dinophyceae","Syndiniales","Amoebophryaceae","Amoebophrya","s_"
"1228","ASV_1250",-0.00173309184744917,0.00033293094755661,0.00422167831684016,"ASV_1250","no_hit","no_hit","no_hit","no_hit","no_hit","no_hit","no_hit"
"1229","ASV_1251",0.00113663545037614,0.0154124378752845,-0.0068227483881223,"ASV_1251","no_hit","Euglenozoa","unknown","Diplonemea","unknown","g_","s_"
"1230","ASV_1252",-0.00926904366796641,-0.011233461942904,0.00896811673163365,"ASV_1252","no_hit","unknown","unknown","unknown","unknown","g_","s_"
"1231","ASV_1253",-0.00830842702160521,-0.0081765754878774,0.019959178397353,"ASV_1253","no_hit","Dinophyceae","Dinophyceae","Syndiniales","Amoebophryaceae","g_","s_"
"1232","ASV_1254",-0.00205360304895159,0.0134705730673032,0.0149187076279628,"ASV_1254","no_hit","Dinophyceae","Dinophyceae","Syndiniales","Amoebophryaceae","Amoebophrya","no_hit"
"1233","ASV_1255",0.00877371156972826,-0.00505955838426278,0.000637831396446199,"ASV_1255","no_hit","Dinophyceae","Dinophyceae","Gymnodiniales","Kareniaceae","Karlodinium","s_"
"1234","ASV_1256",-0.00158984539761157,0.00311798427039049,-0.00205257478115383,"ASV_1256","no_hit","no_hit","no_hit","no_hit","no_hit","no_hit","no_hit"
"1235","ASV_1257",-0.00950557563601646,0.0207280504158942,-0.00490644134751571,"ASV_1257","no_hit","Dinophyceae","Dinophyceae","no_hit","no_hit","no_hit","no_hit"
"1236","ASV_1258",0.000125894023730149,0.00157587585928323,0.00783308421482395,"ASV_1258","no_hit","unknown","unknown","unknown","unknown","g_","s_"
"1237","ASV_1259",0.0126111156667912,0.00973225996488685,0.00412336841193225,"ASV_1259","no_hit","no_hit","no_hit","no_hit","no_hit","no_hit","s_"
"1238","ASV_1260",-0.00266146914218214,0.00547728128725323,0.00690993874999554,"ASV_1260","no_hit","unknown","unknown","unknown","unknown","unknown","uncultured marine eukaryote"
"1239","ASV_1261",-0.000465609885834512,0.00557618402945947,-0.00159638379402002,"ASV_1261","no_hit","no_hit","no_hit","no_hit","no_hit","g_","s_"
"1240","ASV_1262",-0.0119883114821456,-0.00572300922801474,0.00657284738951713,"ASV_1262","no_hit","Bacillariophyta","Coscinodiscophyceae","Chaetocerotales","Chaetocerotaceae","Chaetoceros","Chaetoceros debilis"
"1241","ASV_1263",-0.011640611223409,-0.000474534387407649,0.00403384704514872,"ASV_1263","no_hit","Dinophyceae","Dinophyceae","Syndiniales","no_hit","no_hit","no_hit"
"1242","ASV_1264",-0.0166657226396518,0.0106892687776006,0.00211288340853893,"ASV_1264","no_hit","unknown","unknown","unknown","unknown","g_","s_"
"1243","ASV_1265",-0.00832563099216039,0.00632828839489132,0.00135061761906426,"ASV_1265","no_hit","Dinophyceae","Dinophyceae","Syndiniales","no_hit","no_hit","no_hit"
"1244","ASV_1266",-0.00154400682030192,-0.00240081359332465,0.00295841482262729,"ASV_1266","no_hit","unknown","unknown","unknown","unknown","g_","s_"
"1245","ASV_1267",-0.00765525409267726,0.00658521358929682,0.000458497565616212,"ASV_1267","no_hit","Dinophyceae","Dinophyceae","Syndiniales","no_hit","g_","s_"
"1246","ASV_1268",-0.00976888979920249,0.00207714025014278,0.00597663674929065,"ASV_1268","no_hit","unknown","unknown","unknown","unknown","unknown","uncultured marine eukaryote"
"1247","ASV_1269",0.00342586009707753,0.00314096291138245,-0.00155323942185003,"ASV_1269","no_hit","Dinophyceae","Dinophyceae","Coccidiniales","Chytriodiniaceae","Chytriodinium","s_"
"1248","ASV_1270",0.00634818063132207,0.00644514782701108,0.0155718162657197,"ASV_1270","no_hit","Euglenozoa","unknown","Diplonemea","Hemistasiidae","g_","s_"
"1249","ASV_1271",-0.00507797798870186,-0.00299306123943348,0.00141803011781561,"ASV_1271","no_hit","no_hit","no_hit","no_hit","no_hit","no_hit","no_hit"
"1250","ASV_1272",-2.91455428959636e-05,0.0115365887214559,-0.00646336024829956,"ASV_1272","no_hit","Dinophyceae","Dinophyceae","Syndiniales","no_hit","no_hit","no_hit"
"1251","ASV_1273",-0.00868694219827788,0.0123357698649085,-0.00219339566678977,"ASV_1273","no_hit","Dinophyceae","Dinophyceae","no_hit","no_hit","g_","s_"
"1252","ASV_1274",-0.00104943544485988,-7.8107426098771e-07,0.000825055535584794,"ASV_1274","no_hit","Dinophyceae","Dinophyceae","Syndiniales","no_hit","g_","s_"
"1253","ASV_1275",-0.00203097070095343,-0.00304808642058132,-0.00144669215965308,"ASV_1275","no_hit","Bacillariophyta","Coscinodiscophyceae","Chaetocerotales","Chaetocerotaceae","Chaetoceros","s_"
"1254","ASV_1276",-0.0107499287060054,0.0128893481882729,-0.00193999905832998,"ASV_1276","no_hit","Dinophyceae","Dinophyceae","Peridiniales","Peridiniaceae","g_","s_"
"1255","ASV_1277",-0.0054038998972906,0.011403247170918,0.00863525573296858,"ASV_1277","no_hit","Dinophyceae","Dinophyceae","Syndiniales","Amoebophryaceae","Amoebophrya","no_hit"
"1256","ASV_1278",-0.00845870974699003,0.00496641878723551,0.000177285546243846,"ASV_1278","no_hit","Apicomplexa","Conoidasida","Eucoccidiorida","Eimeriidae","no_hit","s_"
"1257","ASV_1279",-0.00583081456411158,0.0110774096399372,0.0118092259274845,"ASV_1279","no_hit","no_hit","no_hit","no_hit","no_hit","no_hit","no_hit"
"1258","ASV_1280",0.00398407179393685,-0.00353244620969374,0.0179506857421759,"ASV_1280","no_hit","Bacillariophyta","Bacillariophyceae","Bacillariales","Bacillariaceae","no_hit","s_"
"1259","ASV_1281",-0.00192098123403585,-0.00366318434068668,-0.00694082656369467,"ASV_1281","Metazoa","Arthropoda","Hexanauplia","Harpacticoida","Ectinosomatidae","Microsetella","Microsetella rosea"
"1260","ASV_1282",0.00630673870834516,-0.00165544145988123,0.00966855983316239,"ASV_1282","no_hit","Bacillariophyta","Bacillariophyceae","Naviculales","Naviculaceae","g_","s_"
"1261","ASV_1283",0.0015890857848492,0.0128030332281294,-0.00774869979811257,"ASV_1283","no_hit","no_hit","no_hit","no_hit","no_hit","no_hit","no_hit"
"1262","ASV_1284",0.00284275907001834,0.0135376613712929,0.0184519711660186,"ASV_1284","no_hit","unknown","unknown","unknown","unknown","g_","s_"
"1263","ASV_1285",0.00064035204579044,0.00926843949309534,-0.00305978424661733,"ASV_1285","no_hit","Dinophyceae","Dinophyceae","no_hit","no_hit","g_","s_"
"1264","ASV_1286",-0.00186932326848715,0.00343649680325106,-0.000316085850182947,"ASV_1286","no_hit","unknown","unknown","unknown","unknown","g_","s_"
"1265","ASV_1287",0.0113292040712985,-0.00568657445568437,0.00370468519695628,"ASV_1287","no_hit","Dinophyceae","Dinophyceae","Peridiniales","Protoperidiniaceae","Protoperidinium","no_hit"
"1266","ASV_1288",-0.00550825364896733,0.0105834844844011,-0.00313377767164212,"ASV_1288","no_hit","Euglenozoa","unknown","Diplonemea","unknown","unknown","Diplonemida sp. 3 RG-2016"
"1267","ASV_1289",-0.00418681989394061,0.00444519034278841,0.000172822121355115,"ASV_1289","no_hit","no_hit","no_hit","no_hit","no_hit","no_hit","no_hit"
"1268","ASV_1290",-0.00900033394642954,-0.00364451459885458,0.00403935603095492,"ASV_1290","no_hit","Dinophyceae","Dinophyceae","Syndiniales","Amoebophryaceae","g_","s_"
"1269","ASV_1291",0.00168465959053927,0.0183934578302548,-0.00966378872793435,"ASV_1291","no_hit","Dinophyceae","Dinophyceae","Gymnodiniales","Kareniaceae","g_","s_"
"1270","ASV_1292",0.00215418107202639,-0.000101026890778069,-0.00132727310205646,"ASV_1292","Metazoa","Chordata","Appendicularia","Copelata","Fritillariidae","Fritillaria <tunicates>","s_"
"1271","ASV_1293",0.00520675338690071,0.0041551562984415,0.00150328626030918,"ASV_1293","no_hit","Dinophyceae","Dinophyceae","Peridiniales","Peridiniaceae","Scrippsiella","Scrippsiella masanensis"
"1272","ASV_1294",0.00269724978615335,0.00673296041839554,-0.00587057384231841,"ASV_1294","no_hit","Ciliophora","Oligohymenophorea","Philasterida","no_hit","g_","s_"
"1273","ASV_1295",-0.00944442007005214,-0.00415009675215659,0.0100911480775275,"ASV_1295","no_hit","Dinophyceae","Dinophyceae","Peridiniales","Amphidiniopsidaceae","g_","s_"
"1274","ASV_1296",-0.00830793297172213,0.00836932745938326,0.00176316004897435,"ASV_1296","no_hit","no_hit","no_hit","no_hit","no_hit","no_hit","s_"
"1275","ASV_1297",-0.00864364729951126,0.00705272335608017,0.0013730604302212,"ASV_1297","no_hit","Euglenozoa","unknown","Diplonemea","unknown","g_","s_"
"1276","ASV_1298",0.00871100557754832,0.00470677899071747,0.00948043378338929,"ASV_1298","no_hit","Bacillariophyta","Bacillariophyceae","Naviculales","Pleurosigmataceae","no_hit","no_hit"
"1277","ASV_1299",-0.00608059358315994,-0.016971240089428,0.0168667306167772,"ASV_1299","no_hit","Dinophyceae","Dinophyceae","Syndiniales","Amoebophryaceae","g_","s_"
"1278","ASV_1300",0.00714383520049877,0.000873090962294712,0.00264313406741019,"ASV_1300","no_hit","Ciliophora","Spirotrichea","Urostylida","Pseudokeronopsidae","g_","s_"
"1279","ASV_1301",-0.0154297646373423,-0.00464376084397365,0.0063715320644118,"ASV_1301","no_hit","Dinophyceae","Dinophyceae","Syndiniales","no_hit","no_hit","no_hit"
"1280","ASV_1302",-0.00254257947350176,0.00369942837608087,-0.000326994379464962,"ASV_1302","no_hit","Dinophyceae","Dinophyceae","no_hit","no_hit","no_hit","no_hit"
"1281","ASV_1303",-0.0069711530415651,0.00128975801523815,0.00313985802562187,"ASV_1303","no_hit","Dinophyceae","Dinophyceae","Syndiniales","Amoebophryaceae","g_","s_"
"1282","ASV_1304",-0.00422645872201343,0.0150539014430001,0.0128124552627054,"ASV_1304","no_hit","Dinophyceae","Dinophyceae","Peridiniales","Pfiesteriaceae","no_hit","no_hit"
"1283","ASV_1305",-0.0010237644398433,0.0122802249516856,-0.00566565594192473,"ASV_1305","no_hit","unknown","Polycystinea","no_hit","no_hit","no_hit","no_hit"
"1284","ASV_1306",-0.0133683103060476,-0.000249462129124159,0.00315778423446015,"ASV_1306","no_hit","unknown","unknown","unknown","unknown","g_","s_"
"1285","ASV_1307",0.000777961530913358,0.00552577234618399,-0.00269790898852093,"ASV_1307","no_hit","no_hit","no_hit","no_hit","no_hit","no_hit","no_hit"
"1286","ASV_1308",-0.0070798140869591,0.00415442715448192,0.00695498483798011,"ASV_1308","no_hit","no_hit","no_hit","no_hit","no_hit","no_hit","no_hit"
"1287","ASV_1309",-0.00591022958298978,0.00264192875748369,0.000655671169516734,"ASV_1309","no_hit","Dinophyceae","Dinophyceae","Syndiniales","Eudubosquellidae","g_","s_"
"1288","ASV_1310",0.00813816827662675,0.00995004990922549,0.0137332334591194,"ASV_1310","no_hit","no_hit","no_hit","no_hit","no_hit","no_hit","s_"
"1289","ASV_1311",-0.000230934192011956,0.0108183546191139,-0.0060326196443547,"ASV_1311","no_hit","no_hit","no_hit","no_hit","no_hit","no_hit","no_hit"
"1290","ASV_1312",-0.00501285374533959,0.000753643985697891,0.00393542487935023,"ASV_1312","no_hit","unknown","unknown","unknown","unknown","unknown","s_"
"1291","ASV_1313",-0.000921046599128084,-0.00124869988784129,-0.00388892535152648,"ASV_1313","no_hit","Dinophyceae","Dinophyceae","Syndiniales","no_hit","no_hit","no_hit"
"1292","ASV_1314",-0.00237208543663309,0.00619689515932999,0.0162411131405941,"ASV_1314","no_hit","Dinophyceae","Dinophyceae","Syndiniales","Amoebophryaceae","Amoebophrya","no_hit"
"1293","ASV_1315",0.00338071162718323,-0.00308746376813689,0.00523483847725781,"ASV_1315","no_hit","Dinophyceae","Dinophyceae","Suessiales","Suessiaceae","Protodinium","Protodinium simplex"
"1294","ASV_1316",0.00671130641516302,-0.00753213804189016,0.0126344066925623,"ASV_1316","no_hit","unknown","unknown","unknown","unknown","g_","s_"
"1295","ASV_1317",9.95431641309047e-05,0.00921410590276825,-0.00374383174513368,"ASV_1317","no_hit","Dinophyceae","Dinophyceae","Syndiniales","Amoebophryaceae","g_","s_"
"1296","ASV_1318",0.00267115514439299,-0.00306305361908465,0.00339710511188024,"ASV_1318","no_hit","Dinophyceae","Dinophyceae","Syndiniales","Amoebophryaceae","g_","s_"
"1297","ASV_1319",-0.0111780089229731,0.00557577832318471,0.00645754571778654,"ASV_1319","no_hit","unknown","Bigyra","no_hit","no_hit","g_","s_"
"1298","ASV_1320",0.00451398795106309,0.000763521653764948,-0.00364817061996334,"ASV_1320","no_hit","no_hit","no_hit","no_hit","no_hit","g_","s_"
"1299","ASV_1321",-0.00201009310223699,-0.000346098226893078,-0.000109886194383769,"ASV_1321","no_hit","unknown","Acantharea","Chaunacanthida","unknown","g_","s_"
"1300","ASV_1322",0.000756333304149877,-0.00129481581717668,0.00135513305703028,"ASV_1322","no_hit","unknown","unknown","unknown","unknown","unknown","Uncultured marine alveolate Group II DH147-EKD6"
"1301","ASV_1323",0.00215160469353481,-4.20778174281239e-05,0.0252997971587377,"ASV_1323","no_hit","Haptophyta","unknown","Prymnesiales","Prymnesiaceae","g_","s_"
"1302","ASV_1324",-0.000485386259988617,0.00388021849957993,-0.00241801508530453,"ASV_1324","no_hit","Dinophyceae","Dinophyceae","Gymnodiniales","Gymnodiniaceae","g_","s_"
"1303","ASV_1325",-0.0107810008615174,0.0047783757858054,0.0133321286136155,"ASV_1325","no_hit","Haptophyta","no_hit","no_hit","no_hit","no_hit","no_hit"
"1304","ASV_1326",0.00646725602644248,0.00836720271601249,0.0137696993209799,"ASV_1326","no_hit","no_hit","no_hit","no_hit","no_hit","g_","s_"
"1305","ASV_1327",-0.0124667434293039,0.00891139307870599,0.000539912057363242,"ASV_1327","no_hit","Euglenozoa","unknown","Diplonemea","unknown","unknown","Diplonemida sp. 3 RG-2016"
"1306","ASV_1328",0.00100413372716636,0.0043311163263081,0.0124366572246599,"ASV_1328","no_hit","no_hit","no_hit","no_hit","no_hit","no_hit","no_hit"
"1307","ASV_1329",-0.00313160360202765,0.00456787307257098,0.00799452874768521,"ASV_1329","no_hit","unknown","unknown","unknown","unknown","g_","s_"
"1308","ASV_1330",0.00371791085714015,0.00269531219529079,-0.00342623959417857,"ASV_1330","no_hit","Dinophyceae","Dinophyceae","Syndiniales","Amoebophryaceae","g_","s_"
"1309","ASV_1331",-0.00857222622168547,0.00267802157928687,0.00277758508478031,"ASV_1331","no_hit","unknown","Bigyra","Nanomonadea","unknown","g_","s_"
"1310","ASV_1332",-0.00276034267022975,-0.000795780130574702,0.00222989094322081,"ASV_1332","no_hit","Dinophyceae","Dinophyceae","Gymnodiniales","Warnowiaceae","no_hit","no_hit"
"1311","ASV_1333",0.00641685990951569,0.000651664517139791,0.00866272309529138,"ASV_1333","no_hit","Dinophyceae","Dinophyceae","Syndiniales","Amoebophryaceae","Amoebophrya","no_hit"
"1312","ASV_1334",-0.00383994023319287,0.00360541679624056,-0.000415188476683429,"ASV_1334","no_hit","Dinophyceae","Dinophyceae","no_hit","no_hit","no_hit","no_hit"
"1313","ASV_1335",-0.0161067701573422,0.00181930990075033,0.00378207245485247,"ASV_1335","no_hit","unknown","unknown","unknown","unknown","g_","s_"
"1314","ASV_1336",-0.0167798656768918,-0.000210208608820195,0.000183155135820444,"ASV_1336","no_hit","Dinophyceae","Dinophyceae","Syndiniales","Amoebophryaceae","g_","s_"
"1315","ASV_1337",0.00225819296269396,0.0092512538482691,0.01585876117417,"ASV_1337","no_hit","Dinophyceae","Dinophyceae","Blastodiniales","unknown","Blastodinium","Blastodinium mangini"
"1316","ASV_1338",-0.00505217220399586,-0.0088777855382347,0.0101516579574725,"ASV_1338","no_hit","Dinophyceae","Dinophyceae","no_hit","no_hit","no_hit","no_hit"
"1317","ASV_1339",0.00507198690188981,-0.00197386674197769,0.00491302300287457,"ASV_1339","no_hit","unknown","unknown","Telonemida","unknown","Telonema","Telonema antarcticum"
"1318","ASV_1340",0.00553958257604469,0.00724675572852124,0.00702659037339085,"ASV_1340","Metazoa","Arthropoda","Hexanauplia","Cyclopoida","Oithonidae","Oithona","Oithona similis"
"1319","ASV_1341",-0.00196103639328855,-0.00132451912720614,0.00115471275814934,"ASV_1341","no_hit","Dinophyceae","Dinophyceae","Syndiniales","no_hit","g_","s_"
"1320","ASV_1342",0.00393737028550791,-0.00146318299021453,0.000496200062918808,"ASV_1342","no_hit","no_hit","no_hit","no_hit","no_hit","g_","s_"
"1321","ASV_1343",0.000785549734561896,-0.00153465180668567,0.00523106049265075,"ASV_1343","no_hit","Bacillariophyta","Coscinodiscophyceae","Thalassiosirales","Thalassiosiraceae","Thalassiosira","Thalassiosira aestivalis"
"1322","ASV_1344",-0.003595921284215,0.0136846172413728,0.00906405187872513,"ASV_1344","Viridiplantae","Chlorophyta","Pyramimonadophyceae","Pyramimonadales","Pyramimonadaceae","Pyramimonas","Pyramimonas australis"
"1323","ASV_1345",-0.00262744121059529,0.00752203209728265,0.00204334826387298,"ASV_1345","no_hit","unknown","unknown","unknown","unknown","g_","s_"
"1324","ASV_1346",0.000899268147120294,0.0114857450718096,0.000660298819029185,"ASV_1346","no_hit","Dinophyceae","Dinophyceae","Peridiniales","no_hit","no_hit","no_hit"
"1325","ASV_1347",-0.00972017583552813,0.00666071571349416,0.00622551926732358,"ASV_1347","Viridiplantae","Chlorophyta","Mamiellophyceae","Dolichomastigales","Crustomastigaceae","g_","s_"
"1326","ASV_1348",-0.00261647234970456,0.00734671153246696,-0.00199596134249903,"ASV_1348","no_hit","Euglenozoa","unknown","Diplonemea","unknown","unknown","s_"
"1327","ASV_1349",-0.00749729187336281,0.00282731202135303,0.00144569761509918,"ASV_1349","no_hit","Dinophyceae","Dinophyceae","Peridiniales","Pfiesteriaceae","no_hit","no_hit"
"1328","ASV_1350",-0.00897764879356753,0.00931861736345152,-0.00205350235537789,"ASV_1350","no_hit","Dinophyceae","Dinophyceae","Syndiniales","Amoebophryaceae","g_","s_"
"1329","ASV_1351",-0.0086043527875057,0.0123073469034801,0.000686653188084908,"ASV_1351","no_hit","no_hit","no_hit","no_hit","no_hit","g_","s_"
"1330","ASV_1352",-0.0123053222808292,0.0158654077275698,-0.00239577918952831,"ASV_1352","no_hit","unknown","unknown","unknown","unknown","g_","s_"
"1331","ASV_1353",-0.000834932011385529,0.012957184071701,0.0119836051101804,"ASV_1353","no_hit","unknown","unknown","unknown","unknown","g_","s_"
"1332","ASV_1354",-0.00522670539068474,0.00554177511738964,0.00529999785823881,"ASV_1354","no_hit","Dinophyceae","Dinophyceae","Syndiniales","Amoebophryaceae","g_","s_"
"1333","ASV_1355",-0.000981915071257555,0.0127364073872115,-0.00486859862339649,"ASV_1355","no_hit","unknown","unknown","unknown","unknown","g_","s_"
"1334","ASV_1356",-0.000934808855951835,0.0111244068520456,-0.00549159253798475,"ASV_1356","no_hit","Euglenozoa","unknown","Diplonemea","unknown","unknown","Diplonemida sp. 37 RG-2016"
"1335","ASV_1357",-0.00269559849523191,-0.0045568816762877,0.0259095652633275,"ASV_1357","no_hit","unknown","unknown","unknown","unknown","unknown","uncultured marine eukaryote"
"1336","ASV_1358",-0.00144385546332478,-0.00119083985577209,-0.00394020545906013,"ASV_1358","Metazoa","Arthropoda","Hexanauplia","Calanoida","Centropagidae","Centropages","no_hit"
"1337","ASV_1359",0.00669476720214829,0.00455346171738365,0.0115252066638583,"ASV_1359","no_hit","unknown","Pelagophyceae","unknown","unknown","unknown","Pelagophyceae sp. CCMP3390"
"1338","ASV_1360",-0.00810050466083254,0.00982346759448837,0.0109926565065644,"ASV_1360","no_hit","Dinophyceae","Dinophyceae","Gymnodiniales","Kareniaceae","Karlodinium","s_"
"1339","ASV_1361",-0.00512231817671985,0.0166555605451764,0.00891375084756451,"ASV_1361","no_hit","unknown","Chrysophyceae","Chromulinales","Paraphysomonadaceae","Paraphysomonas","no_hit"
"1340","ASV_1362",-0.00530244516039961,0.00855385492545772,0.0045593149463927,"ASV_1362","no_hit","Haptophyta","unknown","Prymnesiales","Chrysochromulinaceae","Chrysochromulina","no_hit"
"1341","ASV_1363",-0.00103456755223449,0.00288740981027094,5.50213985064126e-05,"ASV_1363","no_hit","Foraminifera","unknown","Rotaliida","Globigerinidae","Globigerinita","Globigerinita uvula"
"1342","ASV_1364",-0.00641942555562541,0.00311750054335446,0.00466317970503257,"ASV_1364","no_hit","no_hit","no_hit","no_hit","no_hit","no_hit","no_hit"
"1343","ASV_1365",0.0119110484395406,0.00450394682557585,0.0194150804598733,"ASV_1365","no_hit","Dinophyceae","Dinophyceae","Syndiniales","Amoebophryaceae","Amoebophrya","no_hit"
"1344","ASV_1366",-0.00676770206237859,0.00898768920024832,0.0149363080457074,"ASV_1366","unassigned","unassigned","unassigned","unassigned","unassigned","unassigned","unassigned"
"1345","ASV_1367",-0.0145578473737381,0.0067958313419253,0.00224074419941349,"ASV_1367","no_hit","Dinophyceae","Dinophyceae","no_hit","no_hit","no_hit","no_hit"
"1346","ASV_1368",-0.0161500686240577,-0.00182646566974995,0.00563187930471984,"ASV_1368","no_hit","unknown","unknown","unknown","unknown","unknown","s_"
"1347","ASV_1369",0.000834955503040407,-0.00233298514533882,-0.00480790100201014,"ASV_1369","no_hit","unknown","unknown","unknown","unknown","g_","s_"
"1348","ASV_1370",-0.012910829277069,0.0109534227370653,0.000183852039842784,"ASV_1370","no_hit","Haptophyta","no_hit","no_hit","no_hit","no_hit","s_"
"1349","ASV_1371",-0.012192818621778,0.0105097057889771,-0.00050167450809933,"ASV_1371","no_hit","Dinophyceae","Dinophyceae","Prorocentrales","Prorocentraceae","g_","s_"
"1350","ASV_1372",-0.00953005501282739,0.00182611062570039,0.00383987219902434,"ASV_1372","no_hit","Dinophyceae","Dinophyceae","Gymnodiniales","Kareniaceae","Karlodinium","no_hit"
"1351","ASV_1373",0.00457094402396506,0.000273458131392606,0.00470016676898262,"ASV_1373","no_hit","Dinophyceae","Dinophyceae","Syndiniales","Amoebophryaceae","Amoebophrya","s_"
"1352","ASV_1374",0.00964229732470214,-0.00728735730719065,0.000156732918270344,"ASV_1374","no_hit","Foraminifera","unknown","unknown","unknown","Psammophaga","s_"
"1353","ASV_1375",-0.00620023944938621,0.0185665581123102,0.00213186493421471,"ASV_1375","no_hit","Ciliophora","Oligohymenophorea","Apostomatida","no_hit","g_","s_"
"1354","ASV_1376",0.00109804710334178,-0.00691125131511181,0.00448121504122405,"ASV_1376","no_hit","unknown","unknown","unknown","unknown","g_","s_"
"1355","ASV_1377",0.00715604802688632,0.00893162522972748,0.0126251743247236,"ASV_1377","no_hit","no_hit","no_hit","no_hit","no_hit","no_hit","no_hit"
"1356","ASV_1378",0.00674906760166084,0.00613801277231337,0.0103529630215361,"ASV_1378","no_hit","Ciliophora","Spirotrichea","unknown","Tontoniidae","Pseudotontonia","Pseudotontonia sp. JG-2011a"
"1357","ASV_1379",-0.000221332230391658,-0.00306194406235666,0.00649826255154598,"ASV_1379","no_hit","Dinophyceae","Dinophyceae","Syndiniales","Amoebophryaceae","Amoebophrya","no_hit"
"1358","ASV_1380",-0.00211471967926277,0.0119476864512372,-0.0054627295067101,"ASV_1380","no_hit","unknown","Polycystinea","no_hit","no_hit","g_","s_"
"1359","ASV_1381",-0.0122337976062625,0.00469056721302568,0.000920075011723735,"ASV_1381","no_hit","unknown","unknown","unknown","unknown","unknown","eukaryote clone OLI11005"
"1360","ASV_1382",-0.00473582931039873,-0.00423093210648132,-0.00309221594153365,"ASV_1382","no_hit","Bacillariophyta","Coscinodiscophyceae","Chaetocerotales","Chaetocerotaceae","Chaetoceros","s_"
"1361","ASV_1383",-0.00908360793524194,0.0025227082587435,0.000585111611313985,"ASV_1383","no_hit","Dinophyceae","Dinophyceae","no_hit","no_hit","no_hit","no_hit"
"1362","ASV_1384",-0.00211128895876262,0.000780843743710985,0.00476204184344671,"ASV_1384","no_hit","Dinophyceae","Dinophyceae","Gymnodiniales","Gymnodiniaceae","g_","s_"
"1363","ASV_1385",0.000503519620228984,0.0125008649966786,-0.00664823177517632,"ASV_1385","no_hit","unknown","unknown","unknown","unknown","g_","s_"
"1364","ASV_1386",-0.000747789929439097,0.0112846170444025,0.0213615391628503,"ASV_1386","no_hit","Cercozoa","Thecofilosea","Ventricleftida","Ventrifissuridae","Ventrifissura","Ventrifissura sp. SRT122"
"1365","ASV_1387",0.00488033236189572,0.00693750460075321,0.0155654533285438,"ASV_1387","no_hit","Imbricatea","unknown","Thaumatomonadida","Thaumatomastigidae","g_","s_"
"1366","ASV_1388",-0.00136649006435336,-0.00300982586388015,0.00155302449519443,"ASV_1388","no_hit","Dinophyceae","Dinophyceae","Syndiniales","Amoebophryaceae","Amoebophrya","no_hit"
"1367","ASV_1389",-0.005064304822597,0.00177763916550599,0.00031334935534293,"ASV_1389","no_hit","Dinophyceae","Dinophyceae","Syndiniales","Amoebophryaceae","g_","s_"
"1368","ASV_1390",-0.00150169601746382,0.0113211292758326,-0.00546098171424227,"ASV_1390","no_hit","unknown","Acantharea","unknown","unknown","unknown","s_"
"1369","ASV_1391",-0.011671136856553,0.00727465600291832,0.000951845095167946,"ASV_1391","no_hit","no_hit","no_hit","no_hit","no_hit","no_hit","no_hit"
"1370","ASV_1392",-0.0125092575800405,0.00620022435439225,0.000997416510706094,"ASV_1392","no_hit","Imbricatea","unknown","Thaumatomonadida","Thaumatomastigidae","g_","s_"
"1371","ASV_1393",-0.0148019235923926,0.00525492656350022,0.00237371329167351,"ASV_1393","no_hit","no_hit","no_hit","no_hit","no_hit","no_hit","no_hit"
"1372","ASV_1394",0.00097732888481292,0.0181772654400093,-0.00965950177449479,"ASV_1394","no_hit","no_hit","no_hit","no_hit","no_hit","no_hit","no_hit"
"1373","ASV_1395",-0.00796265784040315,0.00979621069282712,0.00179420193776789,"ASV_1395","no_hit","unknown","unknown","unknown","unknown","unknown","uncultured marine eukaryote"
"1374","ASV_1396",-0.00196185030973902,0.00602081235288599,-0.00282630654206388,"ASV_1396","no_hit","unknown","Polycystinea","no_hit","no_hit","no_hit","no_hit"
"1375","ASV_1397",0.00904204405223829,0.0216419423845979,0.0240676466045115,"ASV_1397","no_hit","unknown","Bolidophyceae","Parmales","Triparmaceae","Triparma","no_hit"
"1376","ASV_1398",-0.00188373280847498,-0.00283017090606918,0.00253114214527944,"ASV_1398","no_hit","Bacillariophyta","Coscinodiscophyceae","Thalassiosirales","Thalassiosiraceae","no_hit","no_hit"
"1377","ASV_1399",-0.0122912965425589,0.0014140825964043,0.00392627248382885,"ASV_1399","no_hit","unknown","Synurophyceae","Ochromonadales","Ochromonadaceae","g_","s_"
"1378","ASV_1400",-0.0112748258170406,0.00706663683674163,0.0080289524540763,"ASV_1400","no_hit","unknown","Choanoflagellata","Acanthoecida","no_hit","no_hit","no_hit"
"1379","ASV_1401",-0.00777346151244454,0.0106746335844007,0.00604899704423601,"ASV_1401","no_hit","unknown","unknown","unknown","unknown","unknown","uncultured marine eukaryote"
"1380","ASV_1402",-0.0067271932015082,0.0197809071694974,-0.00501809353058014,"ASV_1402","no_hit","unknown","Polycystinea","no_hit","no_hit","no_hit","no_hit"
"1381","ASV_1403",-0.00209489840750123,0.000998230060422027,0.000823766902539563,"ASV_1403","no_hit","no_hit","no_hit","no_hit","no_hit","no_hit","no_hit"
"1382","ASV_1404",-0.000691265887598433,0.0128727885858747,0.0143988071156093,"ASV_1404","no_hit","Imbricatea","unknown","Thaumatomonadida","unknown","Allas","no_hit"
"1383","ASV_1405",0.00021491654621041,0.0140359299323445,-0.00688680587521575,"ASV_1405","no_hit","unknown","unknown","Sticholonchida","Sticholonchidae","g_","s_"
"1384","ASV_1406",-0.00352983283195697,0.007149725683475,-0.00199003370886605,"ASV_1406","no_hit","Euglenozoa","unknown","Diplonemea","unknown","unknown","s_"
"1385","ASV_1407",0.00554711947347949,0.00321912167450613,0.0052073845514048,"ASV_1407","no_hit","Ciliophora","Spirotrichea","Tintinnida","Metacylididae","Helicostomella","Helicostomella subulata"
"1386","ASV_1408",0.00452155996667206,0.00153424079117624,0.00373855383980792,"ASV_1408","no_hit","no_hit","no_hit","no_hit","no_hit","no_hit","no_hit"
"1387","ASV_1409",0.00069827341522419,0.00575855705666481,-0.00406282121743877,"ASV_1409","Metazoa","Cnidaria","Hydrozoa","Trachymedusae","Rhopalonematidae","no_hit","no_hit"
"1388","ASV_1410",-0.0110933195784269,0.00487115606245636,0.00451461309845627,"ASV_1410","no_hit","Dinophyceae","Dinophyceae","Syndiniales","no_hit","no_hit","no_hit"
"1389","ASV_1411",0.00357591816325257,0.000661030197391134,0.000296257961726449,"ASV_1411","no_hit","Dinophyceae","Dinophyceae","Peridiniales","Protoperidiniaceae","g_","s_"
"1390","ASV_1412",-0.01026987584303,-0.0085390140249147,0.00718033359060319,"ASV_1412","no_hit","unknown","Polycystinea","no_hit","no_hit","no_hit","no_hit"
"1391","ASV_1413",-0.000647374528061814,0.0104412080973052,-0.00515968796512825,"ASV_1413","no_hit","Euglenozoa","unknown","Diplonemea","unknown","g_","s_"
"1392","ASV_1414",0.00359366889988263,0.000287800862680065,0.00814693818362002,"ASV_1414","no_hit","Bacillariophyta","Coscinodiscophyceae","Thalassiosirales","Thalassiosiraceae","Thalassiosira","no_hit"
"1393","ASV_1415",-0.00883601764631078,0.0123213171519805,0.0118336906193368,"ASV_1415","no_hit","unknown","Bigyra","Nanomonadea","unknown","g_","s_"
"1394","ASV_1416",-0.0037090918448573,-0.00504995615738143,0.00356717284925427,"ASV_1416","no_hit","Bacillariophyta","no_hit","no_hit","no_hit","g_","s_"
"1395","ASV_1417",-0.014841824730193,0.00313608563559325,0.00330665588546233,"ASV_1417","no_hit","unknown","unknown","unknown","unknown","g_","s_"
"1396","ASV_1418",-0.000276377829919344,0.00635726382039972,-0.00393018376740774,"ASV_1418","no_hit","unknown","unknown","Sticholonchida","Sticholonchidae","g_","s_"
"1397","ASV_1419",0.00782597207648118,0.00148336050152676,-0.00483101072419985,"ASV_1419","no_hit","no_hit","no_hit","no_hit","no_hit","g_","s_"
"1398","ASV_1420",-0.00522514178806318,0.00598516884039054,0.000973905139169527,"ASV_1420","no_hit","Dinophyceae","Dinophyceae","no_hit","no_hit","no_hit","s_"
"1399","ASV_1421",-0.00396479145875033,0.0039545571599418,-0.000218012151628013,"ASV_1421","no_hit","no_hit","no_hit","no_hit","no_hit","g_","s_"
"1400","ASV_1423",0.00764104831203815,0.000672461397456129,0.00825484577910354,"ASV_1423","no_hit","Dinophyceae","Dinophyceae","Syndiniales","Amoebophryaceae","g_","s_"
"1401","ASV_1424",-0.00672258039166463,0.0105556879389725,0.00635668218638717,"ASV_1424","no_hit","Dinophyceae","Dinophyceae","Syndiniales","Amoebophryaceae","Amoebophrya","s_"
"1402","ASV_1425",-0.000728043020324953,0.0103460064898006,-0.00437101545373114,"ASV_1425","no_hit","no_hit","no_hit","no_hit","no_hit","no_hit","no_hit"
"1403","ASV_1426",-0.0103595993654295,0.0147271536648401,-0.00447196078660985,"ASV_1426","no_hit","Dinophyceae","Dinophyceae","Syndiniales","Ellobiopsidae","g_","s_"
"1404","ASV_1427",0.000505736508427961,-0.000792257769499122,0.00581779705836296,"ASV_1427","no_hit","Dinophyceae","Dinophyceae","Gymnodiniales","Gymnodiniaceae","Paragymnodinium","no_hit"
"1405","ASV_1428",-0.00827339398955416,-0.009263258832664,0.00832284231602953,"ASV_1428","no_hit","unknown","Bigyra","Nanomonadea","unknown","g_","s_"
"1406","ASV_1429",-0.0129807563028319,0.00682556593808615,0.00849686739978244,"ASV_1429","no_hit","unknown","unknown","unknown","unknown","unknown","uncultured marine eukaryote"
"1407","ASV_1430",-0.011718535977706,-0.00668170565159409,0.00779980202157551,"ASV_1430","no_hit","no_hit","no_hit","no_hit","no_hit","no_hit","no_hit"
"1408","ASV_1431",0.0119141287165387,0.0041135157496652,0.0169322196150062,"ASV_1431","no_hit","unknown","Dictyochophyceae","Pedinellales","unknown","g_","s_"
"1409","ASV_1432",-0.0137057637484057,-0.00426204940003983,0.0053075304556086,"ASV_1432","no_hit","Ciliophora","Oligohymenophorea","no_hit","no_hit","no_hit","s_"
"1410","ASV_1433",-0.00141917020608041,-0.00247959975244024,0.000624974436428878,"ASV_1433","no_hit","Bacillariophyta","Coscinodiscophyceae","Chaetocerotales","Chaetocerotaceae","Chaetoceros","no_hit"
"1411","ASV_1434",-0.00443104666637708,0.00283759743768128,0.0148177204932449,"ASV_1434","no_hit","Dinophyceae","Dinophyceae","Gymnodiniales","Kareniaceae","Karlodinium","no_hit"
"1412","ASV_1435",-0.0100890055603296,0.00287431985186831,0.00716081200935131,"ASV_1435","no_hit","Dinophyceae","Dinophyceae","Gymnodiniales","Gymnodiniaceae","Gyrodinium","no_hit"
"1413","ASV_1436",0.0143400982894099,0.0100808613986887,0.013561938206776,"ASV_1436","no_hit","Euglenozoa","unknown","Diplonemea","unknown","g_","s_"
"1414","ASV_1438",-0.00284998911815118,-0.00572494755663589,0.00407588482490087,"ASV_1438","no_hit","Dinophyceae","Dinophyceae","Syndiniales","no_hit","no_hit","no_hit"
"1415","ASV_1439",-0.000207946024629037,0.0093659911812936,0.0179986178952468,"ASV_1439","no_hit","Haptophyta","no_hit","no_hit","no_hit","no_hit","s_"
"1416","ASV_1440",-0.00233025586545083,0.00669944146474738,-0.00126670804818238,"ASV_1440","no_hit","Dinophyceae","Dinophyceae","no_hit","no_hit","no_hit","no_hit"
"1417","ASV_1441",-0.00723180203593705,0.00610755586213993,0.00102445388162977,"ASV_1441","no_hit","Euglenozoa","unknown","Diplonemea","unknown","g_","s_"
"1418","ASV_1442",0.0010045950571388,0.0150880275699675,-0.00787042398059594,"ASV_1442","no_hit","Euglenozoa","unknown","Diplonemea","unknown","g_","s_"
"1419","ASV_1443",-0.00911272191939785,0.00828059204975146,0.0081754323109232,"ASV_1443","no_hit","unknown","Dictyochophyceae","Florenciellales","unknown","Pseudochattonella","no_hit"
"1420","ASV_1444",0.00475226658523381,0.0158041799930529,0.0164490741754509,"ASV_1444","no_hit","unknown","unknown","unknown","unknown","unknown","s_"
"1421","ASV_1445",0.000886164327897721,0.00314569826187722,-0.00227708810122981,"ASV_1445","no_hit","unknown","Polycystinea","Nassellaria","Plagiacanthidae","g_","s_"
"1422","ASV_1446",-0.0173882116838508,0.00216411509197184,0.0041358526770603,"ASV_1446","no_hit","unknown","unknown","Rotosphaerida","unknown","g_","s_"
"1423","ASV_1447",0.00590034526862432,0.00162619854453714,0.00569367197895371,"ASV_1447","no_hit","Dinophyceae","Dinophyceae","Peridiniales","Protoperidiniaceae","Protoperidinium","s_"
"1424","ASV_1448",-0.00218489450882942,0.00683986352010337,0.00600815933542726,"ASV_1448","no_hit","unknown","Cryptophyceae","Pyrenomonadales","Geminigeraceae","g_","s_"
"1425","ASV_1449",-0.00767691936075533,0.0101990004266272,0.00781825829459693,"ASV_1449","no_hit","no_hit","no_hit","no_hit","no_hit","no_hit","no_hit"
"1426","ASV_1450",-0.00397981728523007,0.0105567196919315,0.00918321877874775,"ASV_1450","no_hit","Apicomplexa","Conoidasida","Eucoccidiorida","Eimeriidae","g_","s_"
"1427","ASV_1451",-0.00533548946858685,0.0133353773035011,0.0103319606691839,"ASV_1451","no_hit","Dinophyceae","Dinophyceae","Syndiniales","Amoebophryaceae","Amoebophrya","s_"
"1428","ASV_1452",-0.0112135954237239,0.00483244619080983,0.000563816927818551,"ASV_1452","no_hit","Dinophyceae","Dinophyceae","no_hit","no_hit","no_hit","no_hit"
"1429","ASV_1453",0.0032076747981706,0.0083561035595306,0.0109273558985686,"ASV_1453","no_hit","Dinophyceae","Dinophyceae","Gonyaulacales","Gonyaulacaceae","Amylax","Amylax triacantha"
"1430","ASV_1454",-0.017735722096422,0.00397496926413802,0.00549307244601051,"ASV_1454","no_hit","Dinophyceae","Dinophyceae","Syndiniales","no_hit","no_hit","no_hit"
"1431","ASV_1455",0.0130379870600124,0.0105431079426753,0.01909884192715,"ASV_1455","no_hit","unknown","Cryptophyceae","no_hit","no_hit","g_","s_"
"1432","ASV_1456",0.00120697234435871,0.0025844563634496,-0.00285782713427275,"ASV_1456","no_hit","Ciliophora","Oligohymenophorea","Philasterida","no_hit","g_","s_"
"1433","ASV_1457",-0.0130793410800846,0.00693694265336206,0.00268527849778571,"ASV_1457","no_hit","unknown","Cryptophyceae","Cyathomonadacea","Goniomonadaceae","g_","s_"
"1434","ASV_1458",0.00357557278322419,0.0167777109083054,0.0185384064803485,"ASV_1458","no_hit","unknown","Synurophyceae","Ochromonadales","Ochromonadaceae","g_","s_"
"1435","ASV_1459",-0.011614923448255,0.00141505381336455,0.00348575007204029,"ASV_1459","no_hit","Dinophyceae","Dinophyceae","Gymnodiniales","Gymnodiniaceae","g_","s_"
"1436","ASV_1460",0.0029111688343856,0.00405285081975327,0.0133755407127313,"ASV_1460","no_hit","Dinophyceae","Dinophyceae","Gymnodiniales","Warnowiaceae","g_","s_"
"1437","ASV_1462",-0.00221255647290863,0.0152724204196531,0.0124309337736145,"ASV_1462","no_hit","unknown","unknown","unknown","unknown","g_","s_"
"1438","ASV_1463",0.00575156661681331,0.0015280063358763,0.0126127978152944,"ASV_1463","no_hit","Dinophyceae","Dinophyceae","Syndiniales","Amoebophryaceae","Amoebophrya","no_hit"
"1439","ASV_1464",0.00713365198304357,-0.0009142355813972,0.0197051592720313,"ASV_1464","no_hit","no_hit","no_hit","no_hit","no_hit","g_","s_"
"1440","ASV_1465",0.00105343489037893,0.0141498630935637,-0.00781938981239761,"ASV_1465","no_hit","Euglenozoa","unknown","Diplonemea","unknown","unknown","s_"
"1441","ASV_1466",-0.000576393652189372,-0.00212786583728025,-0.0015747766156685,"ASV_1466","no_hit","no_hit","no_hit","no_hit","no_hit","no_hit","no_hit"
"1442","ASV_1467",-0.013069057811726,-0.00367263467057387,0.00693219031334215,"ASV_1467","no_hit","unknown","unknown","unknown","unknown","Telonemia","s_"
"1443","ASV_1469",0.00111015621566021,0.0068866775972775,0.00852729308439712,"ASV_1469","Metazoa","Arthropoda","Hexanauplia","Cyclopoida","Oithonidae","Oithona","Oithona similis"
"1444","ASV_1470",-0.0040165316971635,0.00323409600889404,-0.00129318201501598,"ASV_1470","no_hit","no_hit","no_hit","no_hit","no_hit","no_hit","no_hit"
"1445","ASV_1471",-0.00239434670695163,0.0136174507155766,-0.00551231008092217,"ASV_1471","no_hit","unknown","unknown","unknown","unknown","unknown","Acantharian sp. 6201"
"1446","ASV_1472",-0.00555432841824546,0.00526854761273975,-0.000717885600026536,"ASV_1472","no_hit","Dinophyceae","Dinophyceae","Gymnodiniales","Kareniaceae","Takayama","Takayama cf. pulchellum"
"1447","ASV_1473",-0.00243286241330341,0.00337137064588031,0.0191790798856866,"ASV_1473","no_hit","Haptophyta","unknown","Prymnesiales","Prymnesiaceae","g_","s_"
"1448","ASV_1474",-0.00270798978283645,-0.00330274768108492,-0.00547115554782629,"ASV_1474","Metazoa","Arthropoda","Hexanauplia","Poecilostomatoida","Sapphirinidae","Sapphirina","no_hit"
"1449","ASV_1475",-0.00893179596656199,0.00772746517089823,0.0125154970485651,"ASV_1475","no_hit","Dinophyceae","Dinophyceae","Syndiniales","Amoebophryaceae","Amoebophrya","no_hit"
"1450","ASV_1476",-0.0143143767024718,0.00504657148255242,0.00612106745074408,"ASV_1476","no_hit","Dinophyceae","Dinophyceae","Peridiniales","Peridiniaceae","Pentapharsodinium","s_"
"1451","ASV_1477",-0.0136032219200749,0.00272353326530797,0.0101611495370444,"ASV_1477","no_hit","unknown","unknown","unknown","unknown","g_","s_"
"1452","ASV_1478",-0.00405240107962603,0.0109237509174785,-0.00413217910717705,"ASV_1478","no_hit","Euglenozoa","unknown","Diplonemea","unknown","unknown","s_"
"1453","ASV_1479",-0.00623605105776707,0.00638759426355511,-0.00154278519268187,"ASV_1479","no_hit","unknown","Bolidophyceae","Parmales","Triparmaceae","no_hit","no_hit"
"1454","ASV_1480",-0.0140672089588041,0.00544640354856681,0.00351830864353569,"ASV_1480","no_hit","Dinophyceae","Dinophyceae","Syndiniales","no_hit","no_hit","s_"
"1455","ASV_1481",0.000140593053281256,0.00337270140073356,-0.00167129972816961,"ASV_1481","Metazoa","Chordata","Thaliacea","Doliolida","Doliolidae","Doliolum","Doliolum nationalis"
"1456","ASV_1482",0.00504873546226829,0.000527630615372301,0.0108818969323165,"ASV_1482","Viridiplantae","Chlorophyta","Mamiellophyceae","no_hit","no_hit","g_","s_"
"1457","ASV_1483",-0.00719018104641925,0.00744017548892721,0.00350251631941734,"ASV_1483","no_hit","no_hit","no_hit","no_hit","no_hit","no_hit","no_hit"
"1458","ASV_1484",0.0051560028313178,-0.00253351830010802,0.0153959099633485,"ASV_1484","no_hit","Dinophyceae","Dinophyceae","Syndiniales","Amoebophryaceae","g_","s_"
"1459","ASV_1485",-0.00312283573508565,0.0113287000142582,-0.00460419794726786,"ASV_1485","no_hit","unknown","unknown","unknown","unknown","g_","s_"
"1460","ASV_1486",-0.0128070491652886,0.00814519106263701,5.68365226005947e-05,"ASV_1486","no_hit","unknown","unknown","unknown","unknown","g_","s_"
"1461","ASV_1487",0.00272631260987983,-0.00398370651405942,0.00106262095449901,"ASV_1487","no_hit","unknown","unknown","unknown","unknown","g_","s_"
"1462","ASV_1488",-0.00258941387428343,-0.00153031761761812,-0.00259714573487124,"ASV_1488","no_hit","no_hit","no_hit","no_hit","no_hit","g_","s_"
"1463","ASV_1489",-0.00792442901843776,0.00585670264236754,-0.00116379872136827,"ASV_1489","no_hit","no_hit","no_hit","no_hit","no_hit","no_hit","no_hit"
"1464","ASV_1490",0.00214308861449157,0.00101506888974639,-0.00194537108964785,"ASV_1490","Metazoa","Chordata","Appendicularia","Copelata","Fritillariidae","Fritillaria <tunicates>","Fritillaria haplostoma"
"1465","ASV_1491",0.00318375568805422,0.00538376016866914,0.00418589844700805,"ASV_1491","no_hit","Dinophyceae","Dinophyceae","no_hit","no_hit","no_hit","no_hit"
"1466","ASV_1492",-0.00909941447602603,0.0119465679711579,-0.00265894024718447,"ASV_1492","no_hit","Euglenozoa","unknown","Diplonemea","unknown","g_","s_"
"1467","ASV_1493",0.000916325140145309,-0.00365678083282245,-0.00490533899278932,"ASV_1493","Metazoa","Arthropoda","Malacostraca","Euphausiacea","Euphausiidae","no_hit","no_hit"
"1468","ASV_1494",-0.00339174897392954,0.00803641834522579,-0.00271212296993637,"ASV_1494","no_hit","unknown","unknown","unknown","unknown","unknown","Acantharian sp. 6201"
"1469","ASV_1495",0.00150938713571322,0.00764492903266708,0.0153349711970954,"ASV_1495","no_hit","unknown","Bigyra","Nanomonadea","unknown","g_","s_"
"1470","ASV_1496",0.00178136906894933,0.00116410962405006,-0.0017032830103019,"ASV_1496","Fungi","Ascomycota","Eurotiomycetes","Eurotiales","Aspergillaceae","Penicillium","no_hit"
"1471","ASV_1497",-0.000993795892996198,0.0124940830614482,-0.00527966207553034,"ASV_1497","no_hit","Dinophyceae","Dinophyceae","Syndiniales","no_hit","no_hit","s_"
"1472","ASV_1498",-0.00419404283892785,0.00176131514164228,0.0178394455359738,"ASV_1498","no_hit","Dinophyceae","Dinophyceae","Syndiniales","Amoebophryaceae","g_","s_"
"1473","ASV_1499",-0.0090695984157415,0.00169625321896278,0.00438147846508291,"ASV_1499","no_hit","unknown","Bigyra","Nanomonadea","unknown","g_","s_"
"1474","ASV_1500",-0.0070545497387609,-0.00117549678305965,0.0172904428940741,"ASV_1500","no_hit","unknown","Ichthyosporea","Ichthyophonida","no_hit","no_hit","no_hit"
"1475","ASV_1501",-0.000448039356375293,-0.00130803835099935,0.0048300258113061,"ASV_1501","no_hit","unknown","Polycystinea","no_hit","no_hit","no_hit","no_hit"
"1476","ASV_1502",0.00378333928748631,0.00131858776563931,0.00432730338051558,"ASV_1502","no_hit","Dinophyceae","Dinophyceae","Peridiniales","Peridiniaceae","no_hit","s_"
"1477","ASV_1503",-0.00309786144638227,-0.00214999396860293,-0.00595610475049865,"ASV_1503","no_hit","unknown","Polycystinea","no_hit","no_hit","no_hit","no_hit"
"1478","ASV_1504",-0.0017920905916438,0.00326621547374368,0.0145719508996319,"ASV_1504","no_hit","Bacillariophyta","Bacillariophyceae","Bacillariales","Bacillariaceae","Pseudo-nitzschia","no_hit"
"1479","ASV_1505",0.00926644249980427,0.00434895025980385,0.00720738050849613,"ASV_1505","no_hit","Dinophyceae","Dinophyceae","Gonyaulacales","Gonyaulacaceae","Amylax","s_"
"1480","ASV_1506",0.000588440882660313,0.0152684802000201,-0.00739928430829303,"ASV_1506","no_hit","unknown","unknown","unknown","unknown","unknown","Acantharian sp. 6201"
"1481","ASV_1507",0.00492241023832752,0.00444855611807481,-0.00186810044248684,"ASV_1507","no_hit","Oomycota","no_hit","no_hit","no_hit","no_hit","no_hit"
"1482","ASV_1508",-0.00233662232291542,0.0107137479630533,0.0100834914746338,"ASV_1508","no_hit","no_hit","no_hit","no_hit","no_hit","g_","s_"
"1483","ASV_1509",-0.00273404295023328,0.00425054068896121,0.00033879581350295,"ASV_1509","no_hit","Dinophyceae","Dinophyceae","Syndiniales","Amoebophryaceae","g_","s_"
"1484","ASV_1510",-0.00705529616836551,0.00177861730299691,0.000633943671899725,"ASV_1510","Metazoa","Ctenophora","Tentaculata","Cydippida","no_hit","no_hit","no_hit"
"1485","ASV_1511",0.000639266896112339,0.0101374847673796,-0.00575863033330256,"ASV_1511","no_hit","Euglenozoa","unknown","Diplonemea","unknown","unknown","Diplonemida sp. 13 RG-2016"
"1486","ASV_1512",-0.00373231164955389,0.00618859101447081,0.00565537501521769,"ASV_1512","no_hit","Dinophyceae","Dinophyceae","Gymnodiniales","Gymnodiniaceae","Paulsenella","Paulsenella vonstoschii"
"1487","ASV_1513",-0.00286337242009898,0.00476474764761303,0.0125513331078205,"ASV_1513","no_hit","Ciliophora","Oligohymenophorea","Philasterida","Cinetochilidae","g_","s_"
"1488","ASV_1514",-0.0120553704857158,0.00453889073399196,0.00456213555085839,"ASV_1514","no_hit","Dinophyceae","Dinophyceae","Syndiniales","no_hit","no_hit","s_"
"1489","ASV_1515",-4.39208964030844e-05,-0.0036939396253773,0.00291336850931217,"ASV_1515","no_hit","no_hit","no_hit","no_hit","no_hit","no_hit","s_"
"1490","ASV_1516",-0.00456595735422915,0.00247609389757633,-0.00221877498808589,"ASV_1516","no_hit","unknown","Bigyra","Nanomonadea","unknown","Solenicola","Solenicola setigera"
"1491","ASV_1517",-0.0102754013152808,0.00599184879698028,0.00180552304395692,"ASV_1517","no_hit","no_hit","no_hit","no_hit","no_hit","no_hit","no_hit"
"1492","ASV_1518",-0.00932520388590729,0.0096408315598265,0.008110510693986,"ASV_1518","no_hit","Bacillariophyta","Coscinodiscophyceae","Melosirales","Stephanopyxidaceae","g_","s_"
"1493","ASV_1519",-0.00838428727288325,0.00763325982085523,0.00233935105634769,"ASV_1519","no_hit","Dinophyceae","Dinophyceae","no_hit","no_hit","no_hit","no_hit"
"1494","ASV_1520",-0.00137410139015186,0.00949100227639673,0.0173874948271794,"ASV_1520","no_hit","Cercozoa","Chlorarachniophyceae","unknown","unknown","Minorisa","Minorisa sp. SRT705"
"1495","ASV_1521",-0.0137037109830842,0.0076555497434836,0.00290606641716699,"ASV_1521","no_hit","Dinophyceae","Dinophyceae","Gymnodiniales","no_hit","no_hit","no_hit"
"1496","ASV_1522",-0.00347060697959387,-0.00360346817864645,-0.00319428653088103,"ASV_1522","no_hit","no_hit","no_hit","no_hit","no_hit","g_","s_"
"1497","ASV_1523",-0.0080288572437324,0.0107367941852915,0.00387871960503352,"ASV_1523","no_hit","Dinophyceae","Dinophyceae","Syndiniales","Amoebophryaceae","g_","s_"
"1498","ASV_1524",0.000282034346181896,0.0112005636418101,-0.00647465014745454,"ASV_1524","no_hit","unknown","unknown","unknown","unknown","unknown","s_"
"1499","ASV_1525",-0.00574095134320379,0.00445360730997904,0.00489435689647737,"ASV_1525","no_hit","Dinophyceae","Dinophyceae","no_hit","no_hit","g_","s_"
"1500","ASV_1526",-0.00981672967936551,0.00743523421949939,0.00552605155804736,"ASV_1526","no_hit","no_hit","no_hit","no_hit","no_hit","no_hit","s_"
"1501","ASV_1527",-0.00283312154808164,0.00911373274412895,-0.00365666746328704,"ASV_1527","no_hit","unknown","unknown","unknown","unknown","unknown","Acantharian sp. 6201"
"1502","ASV_1528",0.000426632023982929,0.00640328596538273,0.0091121684642041,"ASV_1528","no_hit","unknown","unknown","unknown","unknown","g_","s_"
"1503","ASV_1529",-0.00469450982687306,0.00307140048625028,0.0158034502463149,"ASV_1529","no_hit","Dinophyceae","Dinophyceae","Peridiniales","no_hit","no_hit","no_hit"
"1504","ASV_1530",0.00368691774586911,0.00324359975500481,-0.00315068431741697,"ASV_1530","no_hit","unknown","unknown","Pirsoniales","unknown","Pirsonia","s_"
"1505","ASV_1531",0.00925294149556173,0.000827322341460801,0.00689204077436753,"ASV_1531","no_hit","Dinophyceae","Dinophyceae","Peridiniales","Protoperidiniaceae","Protoperidinium","Protoperidinium leonis"
"1506","ASV_1532",-0.0014108999466691,0.00766028505635748,-0.00369649465808392,"ASV_1532","no_hit","unknown","unknown","Sticholonchida","Sticholonchidae","g_","s_"
"1507","ASV_1534",0.00475245919474211,0.0089789292519832,0.0130614976989264,"ASV_1534","no_hit","Ciliophora","Spirotrichea","unknown","Strombidiidae","no_hit","no_hit"
"1508","ASV_1535",-0.000230862211565028,0.00771001202395085,-0.00476014599918454,"ASV_1535","no_hit","Dinophyceae","Dinophyceae","Syndiniales","Amoebophryaceae","g_","s_"
"1509","ASV_1536",0.00249282553456193,0.00595027919186231,0.00655751032154115,"ASV_1536","no_hit","Dinophyceae","Dinophyceae","Gymnodiniales","Gymnodiniaceae","Paulsenella","Paulsenella vonstoschii"
"1510","ASV_1537",-0.00382818978627957,0.00945676603139463,-0.00344081366663662,"ASV_1537","no_hit","Euglenozoa","unknown","Diplonemea","unknown","g_","s_"
"1511","ASV_1538",0.00147478151643121,0.00644964173072729,-0.00178840183290835,"ASV_1538","no_hit","Dinophyceae","Dinophyceae","Peridiniales","Kryptoperidiniaceae","g_","s_"
"1512","ASV_1539",-0.00355811659737214,-0.00340851559680759,-0.00399818828211185,"ASV_1539","Metazoa","Annelida","Polychaeta","Phyllodocida","Lopadorrhynchidae","Maupasia","no_hit"
"1513","ASV_1540",0.00210533905455385,-4.86376037564571e-05,-0.00148606953568068,"ASV_1540","no_hit","Dinophyceae","Dinophyceae","no_hit","no_hit","no_hit","no_hit"
"1514","ASV_1541",-0.00997763606949777,0.00935961165251531,-0.00259315276542345,"ASV_1541","no_hit","Ciliophora","Phyllopharyngea","Dysteriida","no_hit","g_","s_"
"1515","ASV_1542",-0.00717196811594218,0.00473651946061965,-3.74130700508147e-05,"ASV_1542","no_hit","unknown","unknown","unknown","unknown","g_","s_"
"1516","ASV_1543",-0.015757153435579,0.00891022152269645,0.00111370005550437,"ASV_1543","no_hit","unknown","unknown","unknown","unknown","unknown","uncultured marine eukaryote"
"1517","ASV_1544",-0.0085566436358097,0.00451499067208257,0.00277221284786525,"ASV_1544","no_hit","no_hit","no_hit","no_hit","no_hit","no_hit","no_hit"
"1518","ASV_1545",-0.0179118602359629,-0.00726749437222154,0.0090213669550591,"ASV_1545","no_hit","unknown","unknown","unknown","unknown","g_","s_"
"1519","ASV_1546",-0.0141823952653417,-0.00752270300221395,0.00580188578889687,"ASV_1546","no_hit","no_hit","no_hit","no_hit","no_hit","g_","s_"
"1520","ASV_1547",-0.00699694379484232,-0.000927115234542169,0.0186624195583174,"ASV_1547","no_hit","unknown","unknown","unknown","unknown","unknown","uncultured marine eukaryote"
"1521","ASV_1548",-0.00410585376025088,0.00526003155720683,-0.00194388839464904,"ASV_1548","no_hit","unknown","unknown","unknown","unknown","g_","s_"
"1522","ASV_1549",-0.00401329988608903,-0.00348435746031977,0.00201188298671754,"ASV_1549","no_hit","Dinophyceae","Dinophyceae","Syndiniales","Amoebophryaceae","Amoebophrya","s_"
"1523","ASV_1551",-0.00367438984925507,0.0118658806577631,0.00490032955197819,"ASV_1551","no_hit","Cercozoa","Thecofilosea","unknown","unknown","g_","s_"
"1524","ASV_1552",-0.00203208363484794,0.00345534846566129,0.00512132500757886,"ASV_1552","no_hit","Dinophyceae","Dinophyceae","Blastodiniales","unknown","g_","s_"
"1525","ASV_1553",-0.000878719768285217,0.0150404808703236,0.0227451408805944,"ASV_1553","Viridiplantae","Prasinodermophyta","Prasinodermophyceae","Prasinodermales","Prasinodermaceae","g_","s_"
"1526","ASV_1554",0.013527122251748,0.0095209833303206,0.0164000003426235,"ASV_1554","no_hit","Ciliophora","Litostomatea","Cyclotrichida","Mesodiniidae","g_","s_"
"1527","ASV_1555",0.00128628291461014,0.0156957561042918,-0.00848187232706544,"ASV_1555","no_hit","Euglenozoa","unknown","Diplonemea","unknown","g_","s_"
"1528","ASV_1556",-0.0156482435295933,0.00421686685584532,0.00429847744484971,"ASV_1556","no_hit","Dinophyceae","Dinophyceae","Syndiniales","Amoebophryaceae","Amoebophrya","s_"
"1529","ASV_1558",-0.0125858137964911,0.0121146736360677,0.00439077757773533,"ASV_1558","no_hit","unknown","unknown","unknown","unknown","g_","s_"
"1530","ASV_1559",-0.0153814518196529,0.00228898915001325,0.0037173951813342,"ASV_1559","no_hit","Euglenozoa","unknown","Diplonemea","no_hit","no_hit","s_"
"1531","ASV_1560",-0.0156202199424214,0.00507534167391966,0.00263907314842467,"ASV_1560","no_hit","Dinophyceae","Dinophyceae","Syndiniales","Amoebophryaceae","Amoebophrya","s_"
"1532","ASV_1561",0.00426883326615324,0.00941274143278407,0.011994044306801,"ASV_1561","no_hit","no_hit","no_hit","no_hit","no_hit","no_hit","s_"
"1533","ASV_1562",-0.0045191357169229,0.00350928358150888,0.00288945755877403,"ASV_1562","no_hit","unknown","unknown","unknown","unknown","unknown","uncultured marine eukaryote"
"1534","ASV_1563",-0.000222333928480943,0.0120099786520074,-0.00640513009927259,"ASV_1563","Metazoa","Cnidaria","Hydrozoa","Siphonophorae","no_hit","no_hit","no_hit"
"1535","ASV_1564",0.0100760285441932,0.0110097943904707,0.0139052362911836,"ASV_1564","no_hit","Ciliophora","Spirotrichea","unknown","Tontoniidae","Pseudotontonia","Pseudotontonia sp. JG-2011a"
"1536","ASV_1565",-0.00947182660615399,0.00399166304663406,0.000610441508629232,"ASV_1565","no_hit","Euglenozoa","unknown","Diplonemea","unknown","g_","s_"
"1537","ASV_1566",0.00655316837012868,0.0180125274003813,0.0181162012064645,"ASV_1566","no_hit","Dinophyceae","Dinophyceae","Syndiniales","no_hit","g_","s_"
"1538","ASV_1567",-0.00802966788663744,-0.00161951479709412,0.0107572945571463,"ASV_1567","no_hit","Imbricatea","unknown","Thaumatomonadida","Thaumatomastigidae","Protaspis","s_"
"1539","ASV_1568",-0.00417113673701123,0.0112590085116298,-0.00333371158138388,"ASV_1568","no_hit","Ciliophora","Oligohymenophorea","Apostomatida","Foettingeriidae","no_hit","no_hit"
"1540","ASV_1569",-0.013736094530022,-0.000312826591313406,0.00494961289959385,"ASV_1569","no_hit","unknown","Choanoflagellata","unknown","unknown","unknown","Choanoflagellida sp. SL163"
"1541","ASV_1570",0.00569966425040354,0.00190199302609285,0.00577766289104699,"ASV_1570","no_hit","Dinophyceae","Dinophyceae","Dinophysiales","Dinophysiaceae","Dinophysis","Dinophysis acuminata"
"1542","ASV_1571",0.000321949007331951,0.00126535519212108,-0.000127383590495038,"ASV_1571","no_hit","Dinophyceae","Dinophyceae","Blastodiniales","unknown","g_","s_"
"1543","ASV_1572",0.00270469463201194,0.00839347194812547,0.0181897707404514,"ASV_1572","no_hit","Bacillariophyta","Bacillariophyceae","no_hit","no_hit","g_","s_"
"1544","ASV_1573",0.000399656325263785,0.0180547311756885,0.0162825245792522,"ASV_1573","no_hit","unknown","unknown","unknown","unknown","unknown","s_"
"1545","ASV_1574",0.00369754005784892,-0.00366463351677833,-0.00277154547354197,"ASV_1574","no_hit","no_hit","no_hit","no_hit","no_hit","g_","s_"
"1546","ASV_1575",-0.00180387908834667,0.00225531438163637,-0.00138069453326255,"ASV_1575","no_hit","unknown","unknown","unknown","unknown","g_","s_"
"1547","ASV_1576",-0.00010802973444586,0.00776257672833499,-0.00469545838033178,"ASV_1576","no_hit","Dinophyceae","Dinophyceae","Syndiniales","Amoebophryaceae","g_","s_"
"1548","ASV_1577",-8.95951321425256e-05,0.0055626818943494,-0.00372240049688631,"ASV_1577","no_hit","Euglenozoa","unknown","Diplonemea","unknown","g_","s_"
"1549","ASV_1578",-0.0114720892448724,0.0081921672170518,0.0118411382840721,"ASV_1578","no_hit","Haptophyta","no_hit","no_hit","no_hit","no_hit","s_"
"1550","ASV_1579",-0.00874330632674687,0.0175426167805187,0.00670843361040048,"ASV_1579","no_hit","no_hit","no_hit","no_hit","no_hit","no_hit","no_hit"
"1551","ASV_1580",-0.00490007645652505,-0.00360397669262136,0.0215493390039681,"ASV_1580","no_hit","Dinophyceae","Dinophyceae","no_hit","no_hit","no_hit","no_hit"
"1552","ASV_1581",-0.00139764274186923,0.00761304130004025,-0.00385728567899974,"ASV_1581","no_hit","no_hit","no_hit","no_hit","no_hit","no_hit","no_hit"
"1553","ASV_1582",-0.00118764530331329,0.000204305589155939,5.0753445626424e-06,"ASV_1582","unassigned","unassigned","unassigned","unassigned","unassigned","g_","s_"
"1554","ASV_1583",-0.000162631558092768,0.00903354294607212,0.0147173744013751,"ASV_1583","no_hit","Dinophyceae","Dinophyceae","no_hit","no_hit","no_hit","no_hit"
"1555","ASV_1584",-0.0178237163592243,0.0124622183714494,0.00128202388422815,"ASV_1584","no_hit","Dinophyceae","Dinophyceae","Syndiniales","Amoebophryaceae","g_","s_"
"1556","ASV_1585",-0.00247991698324207,0.00626915484324048,-0.00301043052493095,"ASV_1585","no_hit","unknown","unknown","unknown","unknown","unknown","Acantharian sp. 6201"
"1557","ASV_1586",-0.0118093155076811,-0.00892397910714765,0.0080889898113364,"ASV_1586","no_hit","unknown","unknown","unknown","unknown","unknown","uncultured marine eukaryote"
"1558","ASV_1587",0.00121933682355712,0.00154111700348005,0.00335821675480934,"ASV_1587","no_hit","Imbricatea","unknown","Thaumatomonadida","unknown","g_","s_"
"1559","ASV_1588",-0.0159179444646499,-0.00574293672689353,0.0088780716601283,"ASV_1588","no_hit","unknown","unknown","unknown","unknown","unknown","uncultured marine eukaryote"
"1560","ASV_1589",0.00133725319835009,-0.00291642670556845,0.00232720192220619,"ASV_1589","no_hit","Dinophyceae","Dinophyceae","no_hit","no_hit","no_hit","no_hit"
"1561","ASV_1590",-0.0112429197913742,0.00855499872325047,0.00479985636096382,"ASV_1590","no_hit","Dinophyceae","Dinophyceae","Syndiniales","Amoebophryaceae","Amoebophrya","s_"
"1562","ASV_1591",-0.0101201121592841,0.00802807339908892,-0.0005761694345765,"ASV_1591","no_hit","no_hit","no_hit","no_hit","no_hit","no_hit","no_hit"
"1563","ASV_1592",-0.0156750779589388,0.00689873359144925,0.00267977043331324,"ASV_1592","no_hit","Dinophyceae","Dinophyceae","no_hit","no_hit","no_hit","s_"
"1564","ASV_1593",0.00201756862069834,-0.000204745951107954,-0.000338118815767199,"ASV_1593","no_hit","unknown","unknown","unknown","unknown","g_","s_"
"1565","ASV_1594",0.00733919171146537,0.00241388109511942,0.00674219837934294,"ASV_1594","no_hit","Ciliophora","Spirotrichea","no_hit","no_hit","g_","s_"
"1566","ASV_1595",-0.00717615894252705,-0.00524254510384386,0.0113985194734915,"ASV_1595","no_hit","Cercozoa","no_hit","no_hit","no_hit","no_hit","no_hit"
"1567","ASV_1596",-0.00201117852464431,0.00319119884262204,-0.000276890948502065,"ASV_1596","no_hit","Dinophyceae","Dinophyceae","Syndiniales","no_hit","g_","s_"
"1568","ASV_1597",-0.0124977067789557,0.00830150167178846,0.00214445205655341,"ASV_1597","no_hit","Dinophyceae","Dinophyceae","no_hit","no_hit","no_hit","no_hit"
"1569","ASV_1598",-0.00204099731478684,0.00235998495025206,-0.00115015287859711,"ASV_1598","no_hit","unknown","unknown","unknown","unknown","g_","s_"
"1570","ASV_1599",0.00391789022932396,0.00864420048218897,-0.0058361472962955,"ASV_1599","no_hit","Apicomplexa","Conoidasida","Eucoccidiorida","Eimeriidae","g_","s_"
"1571","ASV_1600",-0.00779742864342438,0.00785753351792561,0.00297766814606433,"ASV_1600","no_hit","no_hit","no_hit","no_hit","no_hit","no_hit","no_hit"
"1572","ASV_1601",-0.0103221383397864,0.00737887820618428,-0.00402665721278657,"ASV_1601","no_hit","unknown","unknown","unknown","unknown","unknown","s_"
"1573","ASV_1602",-0.004511109830935,-0.00687771936820501,0.00387301333700358,"ASV_1602","no_hit","Dinophyceae","Dinophyceae","Syndiniales","Amoebophryaceae","g_","s_"
"1574","ASV_1603",-0.00140144013583811,0.0021084412088982,-0.00148923295994825,"ASV_1603","no_hit","Euglenozoa","unknown","Diplonemea","no_hit","g_","s_"
"1575","ASV_1604",0.0038385273354444,-0.00451584033258682,-0.00100082389105982,"ASV_1604","Metazoa","Annelida","Polychaeta","no_hit","no_hit","g_","s_"
"1576","ASV_1605",0.000681195431722414,0.0117595974559946,0.0137105917545289,"ASV_1605","no_hit","unknown","unknown","unknown","unknown","unknown","uncultured marine eukaryote"
"1577","ASV_1606",-0.0135667900266486,0.00748703403381315,0.000744301648816552,"ASV_1606","no_hit","unknown","Developea","unknown","Developayellaceae","g_","s_"
"1578","ASV_1607",-0.013694326551002,0.00990119050000135,0.00350748521338339,"ASV_1607","no_hit","unknown","unknown","unknown","unknown","unknown","uncultured marine picoeukaryote"
"1579","ASV_1608",0.00594135355200011,-0.00315221734678654,-0.000537190037555405,"ASV_1608","Metazoa","Annelida","Polychaeta","unknown","Capitellidae","Dasybranchus","no_hit"
"1580","ASV_1609",-0.0102989772824192,0.00127498342696186,0.00472762699197402,"ASV_1609","no_hit","unknown","unknown","unknown","unknown","g_","s_"
"1581","ASV_1610",0.00128647424136074,0.00225534618167802,0.00560357811336882,"ASV_1610","no_hit","Ciliophora","Spirotrichea","Urostylida","no_hit","no_hit","no_hit"
"1582","ASV_1611",0.00168893540913105,0.00679666316071688,-0.00528845709932211,"ASV_1611","no_hit","Dinophyceae","Dinophyceae","no_hit","no_hit","g_","s_"
"1583","ASV_1612",-0.0126612841339465,0.00694251104761024,0.00478238954831242,"ASV_1612","no_hit","no_hit","no_hit","no_hit","no_hit","g_","s_"
"1584","ASV_1613",-0.00854643837395403,0.00861243521910949,-0.00117876716109992,"ASV_1613","no_hit","Dinophyceae","Dinophyceae","no_hit","no_hit","g_","s_"
"1585","ASV_1614",-0.00340064126256739,7.15185539956592e-05,0.000121499752314007,"ASV_1614","no_hit","Euglenozoa","unknown","Diplonemea","unknown","g_","s_"
"1586","ASV_1615",0.00183201579866334,0.013298988073778,0.015963519340111,"ASV_1615","no_hit","no_hit","no_hit","no_hit","no_hit","no_hit","no_hit"
"1587","ASV_1617",-0.00570698872529018,0.00556501762515767,-0.0013633351991955,"ASV_1617","no_hit","unknown","unknown","unknown","unknown","g_","s_"
"1588","ASV_1618",-0.0084583371409198,0.00832762170797458,0.00523583113205278,"ASV_1618","no_hit","Dinophyceae","Dinophyceae","Syndiniales","Amoebophryaceae","Amoebophrya","s_"
"1589","ASV_1619",-0.000725036185679491,0.0124462208702779,-0.00348898183739066,"ASV_1619","no_hit","Ciliophora","Oligohymenophorea","Philasterida","Cinetochilidae","g_","s_"
"1590","ASV_1620",0.000653443875241709,0.0124789180616193,0.0159166490079365,"ASV_1620","no_hit","unknown","unknown","unknown","unknown","unknown","uncultured marine eukaryote"
"1591","ASV_1621",0.001271018529081,0.0124041954442775,-0.00704727054908694,"ASV_1621","no_hit","Euglenozoa","unknown","Diplonemea","unknown","g_","s_"
"1592","ASV_1622",-0.00486038322894037,0.00263224571646173,0.0149150459276957,"ASV_1622","no_hit","Haptophyta","unknown","Prymnesiales","no_hit","no_hit","s_"
"1593","ASV_1623",-0.00958292549433319,-0.00220284808199029,0.0054822563808091,"ASV_1623","no_hit","Ciliophora","Oligohymenophorea","Philasterida","Loxocephalidae","g_","s_"
"1594","ASV_1624",0.00231029351801031,-0.00142921749783542,0.00674016691458789,"ASV_1624","no_hit","unknown","unknown","unknown","unknown","unknown","uncultured marine eukaryote"
"1595","ASV_1625",-0.00647642655262451,-0.00171791535060488,0.019006382220657,"ASV_1625","no_hit","unknown","Choanoflagellata","Acanthoecida","Stephanoecidae","Stephanoeca","s_"
"1596","ASV_1626",0.00671177730558018,-0.0037533346242241,-0.000756927041161252,"ASV_1626","no_hit","Dinophyceae","Dinophyceae","Gymnodiniales","Warnowiaceae","Warnowia","s_"
"1597","ASV_1627",-0.0125063732329116,0.00135189850668993,0.00519056111446139,"ASV_1627","no_hit","unknown","unknown","unknown","unknown","g_","s_"
"1598","ASV_1628",-0.0077357039832248,0.00578567884873654,0.0123920808242679,"ASV_1628","no_hit","unknown","unknown","unknown","unknown","unknown","Stramenopiles sp. MAST-8B-sp1"
"1599","ASV_1629",-0.00158675127944362,0.00677816519442469,-0.00194992140551683,"ASV_1629","no_hit","unknown","unknown","unknown","unknown","g_","s_"
"1600","ASV_1630",-0.00298331619403083,-0.00422019160964132,0.00392460910603206,"ASV_1630","no_hit","Dinophyceae","Dinophyceae","Gymnodiniales","Kareniaceae","g_","s_"
"1601","ASV_1631",-0.0025062774077314,0.00256778980205968,0.0206980168577567,"ASV_1631","no_hit","Dinophyceae","Dinophyceae","no_hit","no_hit","no_hit","s_"
"1602","ASV_1632",-0.00952528229287721,0.00141920287024308,0.000812600164068036,"ASV_1632","no_hit","unknown","unknown","unknown","unknown","g_","s_"
"1603","ASV_1633",0.00517157557579814,0.000746350649826186,0.00268348056334672,"ASV_1633","no_hit","no_hit","no_hit","no_hit","no_hit","g_","s_"
"1604","ASV_1634",-0.00802381220843373,0.00707550268737096,-0.000907529817581712,"ASV_1634","no_hit","no_hit","no_hit","no_hit","no_hit","no_hit","no_hit"
"1605","ASV_1635",-0.018465362206491,-0.00123438336014815,0.00557578642263214,"ASV_1635","no_hit","Ciliophora","Oligohymenophorea","Philasterida","Loxocephalidae","g_","s_"
"1606","ASV_1636",-0.00870048203961378,0.00166838048756205,0.00207713629183384,"ASV_1636","no_hit","unknown","unknown","unknown","unknown","unknown","uncultured marine eukaryote"
"1607","ASV_1637",-0.00278354913017091,-0.00241372132572494,-0.00392398737407609,"ASV_1637","no_hit","Dinophyceae","Dinophyceae","no_hit","no_hit","g_","s_"
"1608","ASV_1638",0.00137690988385185,0.000415704618910117,0.0018594649086265,"ASV_1638","no_hit","Dinophyceae","Dinophyceae","Gonyaulacales","Gonyaulacaceae","Alexandrium","no_hit"
"1609","ASV_1639",0.014107377197124,0.00710431507062407,0.0130288244388822,"ASV_1639","no_hit","Ciliophora","Spirotrichea","no_hit","no_hit","no_hit","s_"
"1610","ASV_1640",-0.0137403339238332,-0.00372149907960108,0.0099843020066517,"ASV_1640","no_hit","Dinophyceae","Dinophyceae","Gymnodiniales","no_hit","no_hit","no_hit"
"1611","ASV_1641",0.00287143316371627,-0.0026136013665217,0.0104008498933512,"ASV_1641","no_hit","unknown","unknown","unknown","unknown","unknown","uncultured marine picoeukaryote"
"1612","ASV_1642",-0.00469200159878501,0.0117098157950699,-0.00343666951166339,"ASV_1642","no_hit","Euglenozoa","unknown","Diplonemea","unknown","unknown","s_"
"1613","ASV_1643",-0.00326279240089059,0.0198151225892914,0.0152770073939622,"ASV_1643","Viridiplantae","Chlorophyta","no_hit","no_hit","no_hit","no_hit","no_hit"
"1614","ASV_1644",5.16211946149984e-05,0.00874750365522747,-0.00521038477434933,"ASV_1644","no_hit","no_hit","no_hit","no_hit","no_hit","no_hit","no_hit"
"1615","ASV_1645",-0.00647381503375695,0.0114508963129786,0.00734232412292518,"ASV_1645","no_hit","unknown","Bigyra","Thraustochytrida","Thraustochytriaceae","g_","s_"
"1616","ASV_1646",-0.00196221717821846,-0.0175871774253763,0.00647233002081085,"ASV_1646","Viridiplantae","Prasinodermophyta","Prasinodermophyceae","Prasinodermales","Prasinodermaceae","Prasinoderma","Prasinoderma singulare"
"1617","ASV_1647",0.00230848128962682,0.00579325362232163,0.00443969497431065,"ASV_1647","no_hit","Dinophyceae","Dinophyceae","Syndiniales","Amoebophryaceae","Amoebophrya","no_hit"
"1618","ASV_1648",0.0152890715740321,0.00361734450155406,0.0100491975296237,"ASV_1648","no_hit","Ciliophora","no_hit","no_hit","no_hit","g_","s_"
"1619","ASV_1649",0.0150520418654382,0.00688819018587997,0.0147377542584082,"ASV_1649","no_hit","Dinophyceae","Dinophyceae","no_hit","no_hit","no_hit","no_hit"
"1620","ASV_1650",0.00316818888114575,0.0110261048423336,-0.0071838635347161,"ASV_1650","no_hit","Dinophyceae","Dinophyceae","Gonyaulacales","Amphidomataceae","g_","s_"
"1621","ASV_1651",-0.00239417544620411,0.0112908903802802,0.0077333167658816,"ASV_1651","no_hit","no_hit","no_hit","no_hit","no_hit","g_","s_"
"1622","ASV_1653",-0.00480241095696249,0.00442389339929333,-0.00140749147209344,"ASV_1653","no_hit","Euglenozoa","unknown","Diplonemea","unknown","unknown","Diplonemida sp. 3 RG-2016"
"1623","ASV_1654",0.00190645390905222,0.0158744568382602,0.0212638485985529,"ASV_1654","no_hit","no_hit","no_hit","no_hit","no_hit","no_hit","s_"
"1624","ASV_1655",-0.0126444490318527,-0.00807895003700153,0.00873995312870515,"ASV_1655","no_hit","unknown","unknown","unknown","unknown","g_","s_"
"1625","ASV_1656",-0.00170649771215671,0.00875785782561709,0.00290733978930724,"ASV_1656","no_hit","Dinophyceae","Dinophyceae","Syndiniales","no_hit","g_","s_"
"1626","ASV_1657",0.00679974102384991,0.00432366331973813,0.00777201221775335,"ASV_1657","no_hit","Dinophyceae","Dinophyceae","no_hit","no_hit","g_","s_"
"1627","ASV_1658",-0.00390528762288813,0.00703448613013322,0.0124355186900818,"ASV_1658","Viridiplantae","Chlorophyta","Mamiellophyceae","Dolichomastigales","Crustomastigaceae","g_","s_"
"1628","ASV_1659",0.00024027464966066,0.00523006599449833,-0.00363801145741355,"ASV_1659","Metazoa","Nemertea","Pilidiophora","Heteronemertea","Lineidae","no_hit","no_hit"
"1629","ASV_1660",0.00021478206966485,0.0070148674737994,-0.00430508045587882,"ASV_1660","no_hit","no_hit","no_hit","no_hit","no_hit","no_hit","no_hit"
"1630","ASV_1661",-0.00591813905413455,-0.00358069518632308,0.00616193754303905,"ASV_1661","no_hit","Dinophyceae","Dinophyceae","Syndiniales","Amoebophryaceae","g_","s_"
"1631","ASV_1662",0.00116045937782842,-0.00386527327541487,0.00811726921525845,"ASV_1662","no_hit","Dinophyceae","Dinophyceae","Syndiniales","Amoebophryaceae","Amoebophrya","no_hit"
"1632","ASV_1663",-0.0168182781650032,0.00488845019574304,0.00459228418141518,"ASV_1663","no_hit","unknown","unknown","unknown","unknown","g_","s_"
"1633","ASV_1664",0.00461057605628976,-0.00174021448294422,0.00769273871780622,"ASV_1664","no_hit","Haptophyta","unknown","Prymnesiales","Chrysochromulinaceae","Chrysochromulina","no_hit"
"1634","ASV_1665",-0.0185430839130077,-0.00531398319235018,0.00639284788228494,"ASV_1665","no_hit","Dinophyceae","Dinophyceae","no_hit","no_hit","no_hit","s_"
"1635","ASV_1666",-0.0103612764217862,0.00126285823838909,0.00506926984944205,"ASV_1666","no_hit","Dinophyceae","Dinophyceae","Syndiniales","Amoebophryaceae","g_","s_"
"1636","ASV_1667",-0.0104605505624772,-0.00243197140007928,0.00356396212516567,"ASV_1667","no_hit","no_hit","no_hit","no_hit","no_hit","no_hit","s_"
"1637","ASV_1668",0.00691369617533486,0.00209699959220692,0.00879091996159289,"ASV_1668","no_hit","Dinophyceae","Dinophyceae","Syndiniales","no_hit","no_hit","no_hit"
"1638","ASV_1669",-0.0139318235674282,0.0130892671367385,0.00841002409259388,"ASV_1669","no_hit","no_hit","no_hit","no_hit","no_hit","g_","s_"
"1639","ASV_1670",0.00157763685161264,-0.00298818275395271,0.000483040358767009,"ASV_1670","Metazoa","Chordata","Appendicularia","Copelata","Fritillariidae","Fritillaria <tunicates>","no_hit"
"1640","ASV_1671",-0.000811834187398256,0.00455283597080348,-0.00253657524703022,"ASV_1671","no_hit","unknown","unknown","unknown","unknown","g_","s_"
"1641","ASV_1672",-0.00208365000905126,0.00359707129316864,-0.000954720644726418,"ASV_1672","no_hit","Apicomplexa","Conoidasida","Eucoccidiorida","unknown","g_","s_"
"1642","ASV_1673",-0.0105769892332173,-0.00107739896372615,0.00556358055839914,"ASV_1673","no_hit","unknown","Dictyochophyceae","Pedinellales","no_hit","no_hit","no_hit"
"1643","ASV_1674",-0.00730305642547482,0.00417520832536022,0.0197807799804794,"ASV_1674","no_hit","Dinophyceae","Dinophyceae","Syndiniales","Amoebophryaceae","Amoebophrya","s_"
"1644","ASV_1675",-0.00513314541702978,0.0154126177278368,0.00234983462457814,"ASV_1675","no_hit","Cercozoa","no_hit","no_hit","no_hit","g_","s_"
"1645","ASV_1676",-0.00652180470415577,-0.00188186572267424,0.00169749432921821,"ASV_1676","no_hit","unknown","unknown","unknown","unknown","unknown","s_"
"1646","ASV_1677",-0.0139160046865339,-0.00340902507369499,0.0080918357666343,"ASV_1677","no_hit","Ciliophora","Prostomatea","Prorodontida","Urotrichidae","g_","s_"
"1647","ASV_1678",-0.00156274831680291,-0.00154028061648911,0.00017460732301952,"ASV_1678","no_hit","Ciliophora","Oligohymenophorea","Philasterida","no_hit","no_hit","no_hit"
"1648","ASV_1679",0.00431166611835495,0.00366061869410628,0.00860251653156946,"ASV_1679","no_hit","Haptophyta","unknown","Prymnesiales","Prymnesiaceae","Haptolina","Haptolina ericina"
"1649","ASV_1680",-0.0153909691299112,-0.00293467196505206,0.011324834896658,"ASV_1680","no_hit","Dinophyceae","Dinophyceae","Syndiniales","Amoebophryaceae","Amoebophrya","no_hit"
"1650","ASV_1681",-0.00168793142391818,0.0052446294449474,-0.00264252089759315,"ASV_1681","no_hit","Dinophyceae","Dinophyceae","no_hit","no_hit","g_","s_"
"1651","ASV_1682",-0.000347442150694826,0.00201420415676756,-0.000105255578832779,"ASV_1682","no_hit","Dinophyceae","Dinophyceae","Syndiniales","Amoebophryaceae","Amoebophrya","no_hit"
"1652","ASV_1683",-0.00892511413534912,0.0108066424189927,-0.00250832626056276,"ASV_1683","Metazoa","Cnidaria","Hydrozoa","Narcomedusae","Aeginidae","Aegina","Aegina citrea"
"1653","ASV_1684",-0.000611348910279964,0.0106527034675069,-0.00352419031942377,"ASV_1684","no_hit","Dinophyceae","Dinophyceae","no_hit","no_hit","g_","s_"
"1654","ASV_1685",0.0011729531931561,-0.00524733506873682,0.0099962433277897,"ASV_1685","no_hit","Dinophyceae","Dinophyceae","Syndiniales","no_hit","no_hit","s_"
"1655","ASV_1686",-0.00614922338931409,-0.00171019214946317,0.00214276561086744,"ASV_1686","no_hit","unknown","Acantharea","Symphyacanthida","Amphilithiidae","g_","s_"
"1656","ASV_1687",0.00216891007085159,0.00508287832981072,-0.00546386104189726,"ASV_1687","Metazoa","Arthropoda","Ostracoda","Halocyprida","Halocyprididae","g_","s_"
"1657","ASV_1688",-0.00381035663921626,0.00906534360214342,0.0104080566444804,"ASV_1688","no_hit","Dinophyceae","Dinophyceae","Syndiniales","Amoebophryaceae","Amoebophrya","no_hit"
"1658","ASV_1689",1.64280577931759e-05,0.006897094843494,-0.0043908094759883,"ASV_1689","no_hit","Euglenozoa","unknown","Diplonemea","unknown","g_","s_"
"1659","ASV_1690",-0.00377217794418973,-0.00861106076561457,0.00497004410491492,"ASV_1690","no_hit","unknown","Bolidophyceae","Parmales","Triparmaceae","g_","s_"
"1660","ASV_1691",-0.00268091106419338,-0.00683402305934218,0.00236301681288165,"ASV_1691","no_hit","Bacillariophyta","Coscinodiscophyceae","Chaetocerotales","Chaetocerotaceae","Chaetoceros","s_"
"1661","ASV_1692",-0.00601986991378624,0.00371019296251837,-0.0011040839147816,"ASV_1692","Metazoa","Echinodermata","Ophiuroidea","Amphilepidida","no_hit","no_hit","no_hit"
"1662","ASV_1693",-0.0030144437998911,0.00171698109513687,-0.00102495488340672,"ASV_1693","no_hit","no_hit","no_hit","no_hit","no_hit","no_hit","no_hit"
"1663","ASV_1694",0.00267470537502679,0.00589515841194956,0.0106382372769907,"ASV_1694","Metazoa","Arthropoda","Hexanauplia","Cyclopoida","Oithonidae","Oithona","Oithona similis"
"1664","ASV_1695",0.00599631164202466,0.00171474174608246,0.0040795979783826,"ASV_1695","no_hit","Cercozoa","unknown","Cercomonadida","Cercomonadidae","g_","s_"
"1665","ASV_1696",0.00335398763424771,0.0097957967856527,-0.00378984680909293,"ASV_1696","no_hit","unknown","unknown","unknown","unknown","unknown","s_"
"1666","ASV_1697",-0.00059149441163436,-0.00113107700706581,0.0029508617367009,"ASV_1697","no_hit","unknown","unknown","unknown","unknown","g_","s_"
"1667","ASV_1698",-0.00850431420807956,0.00912389445143218,0.0107106455023217,"ASV_1698","no_hit","no_hit","no_hit","no_hit","no_hit","no_hit","no_hit"
"1668","ASV_1699",-0.00426951937327002,0.00155792046886251,0.000567190478660705,"ASV_1699","no_hit","Foraminifera","unknown","Rotaliida","Cassidulinidae","Cassidulina","s_"
"1669","ASV_1700",0.00530066957643472,0.0023280872599336,0.00362462594785331,"ASV_1700","no_hit","no_hit","no_hit","no_hit","no_hit","no_hit","s_"
"1670","ASV_1701",0.00209975704822465,0.00429917396244882,0.00813358197366196,"ASV_1701","no_hit","Bacillariophyta","Coscinodiscophyceae","Rhizosoleniales","Rhizosoleniaceae","Proboscia","s_"
"1671","ASV_1702",-0.0011016832831368,-0.00133661652123998,-0.00469182945746876,"ASV_1702","Metazoa","Annelida","Polychaeta","Spionida","Magelonidae","Magelona","s_"
"1672","ASV_1703",-0.0107622377365308,-0.0100029755064996,0.0076105716732762,"ASV_1703","no_hit","Dinophyceae","Dinophyceae","Gymnodiniales","Kareniaceae","Karlodinium","no_hit"
"1673","ASV_1704",-0.0133889464499524,-0.00218114309180889,0.00497239996271373,"ASV_1704","no_hit","Dinophyceae","Dinophyceae","Syndiniales","Amoebophryaceae","Amoebophrya","s_"
"1674","ASV_1705",-0.000300610100789576,0.00833280652301875,0.0113540277974689,"ASV_1705","no_hit","Dinophyceae","Dinophyceae","Syndiniales","Amoebophryaceae","g_","s_"
"1675","ASV_1706",-0.00341344061499038,-0.00443175441967252,0.00937042984806403,"ASV_1706","no_hit","Dinophyceae","Dinophyceae","Gymnodiniales","Kareniaceae","Takayama","Takayama cf. pulchellum"
"1676","ASV_1708",0.0106685797080415,0.0084255989721143,0.0138334868047882,"ASV_1708","no_hit","unknown","Dictyochophyceae","Pedinellales","unknown","Pseudopedinella","Pseudopedinella elastica"
"1677","ASV_1709",0.0027999215725721,0.00795883180235072,-0.00547825349617633,"ASV_1709","no_hit","Dinophyceae","Dinophyceae","Peridiniales","Peridiniaceae","Pernambugia","Pernambugia tuberosa"
"1678","ASV_1710",0.00674548614852232,0.00254857776240764,0.00832696213123852,"ASV_1710","no_hit","Euglenozoa","Euglenida","Eutreptiales","unknown","Eutreptiella","Eutreptiella eupharyngea"
"1679","ASV_1711",-0.00763477656933258,0.00974910784434778,0.00470268975301069,"ASV_1711","no_hit","no_hit","no_hit","no_hit","no_hit","g_","s_"
"1680","ASV_1712",0.000254946366600779,0.00894865735220621,-0.00536998133369075,"ASV_1712","no_hit","Dinophyceae","Dinophyceae","Syndiniales","no_hit","no_hit","no_hit"
"1681","ASV_1713",0.00294572469706807,0.00025564447097599,-0.00301012163120904,"ASV_1713","no_hit","Dinophyceae","Dinophyceae","Gonyaulacales","Amphidomataceae","Azadinium","no_hit"
"1682","ASV_1714",0.0110992880136061,0.00316251170803156,0.0114589033299868,"ASV_1714","no_hit","Dinophyceae","Dinophyceae","Peridiniales","Protoperidiniaceae","Protoperidinium","s_"
"1683","ASV_1715",6.77867079324011e-06,0.00785730788057223,-0.00385274322081648,"ASV_1715","no_hit","Euglenozoa","unknown","Diplonemea","unknown","unknown","s_"
"1684","ASV_1716",-0.0127614135935006,0.00456726803053426,0.00169039159868446,"ASV_1716","no_hit","Euglenozoa","unknown","Diplonemea","unknown","g_","s_"
"1685","ASV_1717",-0.00403439013567701,0.00121920170611975,0.00696725333314378,"ASV_1717","no_hit","no_hit","no_hit","no_hit","no_hit","g_","s_"
"1686","ASV_1718",-0.00117871618405232,0.000461047057525311,-0.000371555751724171,"ASV_1718","no_hit","no_hit","no_hit","no_hit","no_hit","no_hit","no_hit"
"1687","ASV_1720",-0.00350256591452668,0.00671053511913603,-0.00241297948274799,"ASV_1720","no_hit","Euglenozoa","unknown","Diplonemea","unknown","g_","s_"
"1688","ASV_1721",-0.00627782841987775,-0.00242537916966632,0.00504880873276218,"ASV_1721","Metazoa","Arthropoda","Hexanauplia","Poecilostomatoida","Oncaeidae","g_","s_"
"1689","ASV_1722",-0.00379699044041368,-0.000330033022311611,0.0016251374654676,"ASV_1722","no_hit","Dinophyceae","Dinophyceae","no_hit","no_hit","no_hit","no_hit"
"1690","ASV_1723",-0.00762038099112866,0.0136688201235566,0.00678294024426198,"ASV_1723","no_hit","unknown","unknown","unknown","unknown","g_","s_"
"1691","ASV_1725",-0.00208204290909892,-0.00123539071275126,-0.00447429847449986,"ASV_1725","no_hit","unknown","unknown","unknown","unknown","unknown","uncultured marine picoeukaryote"
"1692","ASV_1726",-0.0104222353840908,-0.00178174824734361,0.00507184388002027,"ASV_1726","no_hit","Ciliophora","Oligohymenophorea","Philasterida","Loxocephalidae","g_","s_"
"1693","ASV_1727",-0.0141826871067061,-0.00246594085299176,0.00517154649631401,"ASV_1727","no_hit","unknown","Polycystinea","Nassellaria","Plagiacanthidae","Lithomelissa","Lithomelissa sp. 8012"
"1694","ASV_1728",-0.00791267128513665,0.00510593239250575,0.0109993373123637,"ASV_1728","no_hit","Dinophyceae","Dinophyceae","no_hit","no_hit","no_hit","no_hit"
"1695","ASV_1729",-0.00287745852973836,0.0034514159647556,-0.000722411710370576,"ASV_1729","no_hit","Dinophyceae","Dinophyceae","Syndiniales","Amoebophryaceae","g_","s_"
"1696","ASV_1730",0.000692652958548249,0.0121577771368728,-0.00635813930667488,"ASV_1730","no_hit","no_hit","no_hit","no_hit","no_hit","g_","s_"
"1697","ASV_1731",-0.00617247854358455,-0.00415631695311624,0.00475090137948533,"ASV_1731","no_hit","Dinophyceae","Dinophyceae","no_hit","no_hit","no_hit","no_hit"
"1698","ASV_1732",-0.00971222067997783,0.00625404467058642,0.0016565657232874,"ASV_1732","no_hit","Dinophyceae","Dinophyceae","Syndiniales","Amoebophryaceae","g_","s_"
"1699","ASV_1733",0.0117399552470739,0.0100006462404117,0.0150007941063966,"ASV_1733","no_hit","Dinophyceae","Dinophyceae","Dinophysiales","Dinophysiaceae","Dinophysis","Dinophysis fortii"
"1700","ASV_1734",-0.0150721397834793,0.0191488704380235,-0.00499696922727366,"ASV_1734","no_hit","no_hit","no_hit","no_hit","no_hit","g_","s_"
"1701","ASV_1736",-0.0103593251327709,0.00631904266062861,0.00138963940844441,"ASV_1736","no_hit","Dinophyceae","Dinophyceae","Blastodiniales","unknown","g_","s_"
"1702","ASV_1737",0.0128683217996044,0.00925931655220462,0.0136917187543385,"ASV_1737","no_hit","Ciliophora","Oligohymenophorea","Philasterida","Loxocephalidae","g_","s_"
"1703","ASV_1738",-0.0127232538880032,0.00137437140571022,0.010422066173723,"ASV_1738","no_hit","unknown","unknown","unknown","unknown","unknown","eukaryote clone OLI11305"
"1704","ASV_1739",0.000663331492448192,0.00273659881106781,0.00233039416532728,"ASV_1739","no_hit","Dinophyceae","Dinophyceae","Blastodiniales","unknown","Blastodinium","Blastodinium mangini"
"1705","ASV_1740",0.000135679281398302,0.00324054662689542,-0.00223044253133809,"ASV_1740","no_hit","Dinophyceae","Dinophyceae","Syndiniales","Amoebophryaceae","Amoebophrya","no_hit"
"1706","ASV_1741",-0.00119769104495029,-0.0030382078643878,-0.000659919897563428,"ASV_1741","no_hit","Bacillariophyta","Coscinodiscophyceae","Rhizosoleniales","Rhizosoleniaceae","Proboscia","no_hit"
"1707","ASV_1742",-0.00933234233609201,0.00355831676364027,0.0155612346863799,"ASV_1742","no_hit","Dinophyceae","Dinophyceae","Syndiniales","Amoebophryaceae","Amoebophrya","s_"
"1708","ASV_1743",0.00390605271786003,0.00710737270749323,0.00900834638631016,"ASV_1743","Viridiplantae","Chlorophyta","no_hit","no_hit","no_hit","no_hit","no_hit"
"1709","ASV_1744",-0.0139907426789463,0.000602933700168759,0.00873306939232561,"ASV_1744","no_hit","Dinophyceae","Dinophyceae","Syndiniales","no_hit","no_hit","no_hit"
"1710","ASV_1745",8.65330259100017e-05,0.00835135628150086,-0.00503173327076125,"ASV_1745","no_hit","no_hit","no_hit","no_hit","no_hit","no_hit","no_hit"
"1711","ASV_1746",-0.00109418636251567,-0.000650331250781521,-0.00159030442911364,"ASV_1746","no_hit","Bacillariophyta","Coscinodiscophyceae","Chaetocerotales","Chaetocerotaceae","Chaetoceros","s_"
"1712","ASV_1747",-0.001284803775763,-0.00389196052614758,0.00447346860868739,"ASV_1747","no_hit","unknown","unknown","unknown","Apusomonadidae","g_","s_"
"1713","ASV_1748",-0.0131175701216835,-0.00128118791150749,0.00693087411634144,"ASV_1748","no_hit","no_hit","no_hit","no_hit","no_hit","g_","s_"
"1714","ASV_1749",-0.00115578830100768,0.00578961320746505,0.00618583937558618,"ASV_1749","no_hit","no_hit","no_hit","no_hit","no_hit","no_hit","no_hit"
"1715","ASV_1750",-0.0018112004174849,0.00142270122191745,-0.000638370814407337,"ASV_1750","no_hit","Picozoa","unknown","unknown","unknown","unknown","Picobiliphyte sp. MS584-11"
"1716","ASV_1751",-0.00333898028926826,-0.000215329104104327,9.58036109637805e-05,"ASV_1751","no_hit","no_hit","no_hit","no_hit","no_hit","no_hit","no_hit"
"1717","ASV_1752",-0.00106036475523961,0.00663558312215386,-0.00313700857303058,"ASV_1752","no_hit","no_hit","no_hit","no_hit","no_hit","no_hit","no_hit"
"1718","ASV_1753",0.00406744003690257,0.0166642344233564,0.0138229697089299,"ASV_1753","no_hit","Haptophyta","unknown","Prymnesiales","Chrysochromulinaceae","g_","s_"
"1719","ASV_1754",0.00278237828701387,-0.000795041219427156,0.012326667548342,"ASV_1754","no_hit","Dinophyceae","Dinophyceae","Syndiniales","Amoebophryaceae","Amoebophrya","no_hit"
"1720","ASV_1755",-0.00975328520549884,0.00343698665289984,0.0014856978096262,"ASV_1755","no_hit","Dinophyceae","Dinophyceae","Syndiniales","Amoebophryaceae","g_","s_"
"1721","ASV_1756",-0.0138683287012493,0.00382052877811689,0.00881898181232263,"ASV_1756","no_hit","Dinophyceae","Dinophyceae","Syndiniales","Amoebophryaceae","g_","s_"
"1722","ASV_1757",-0.0164626659488387,0.000121391552934654,0.00598025585573404,"ASV_1757","no_hit","unknown","unknown","unknown","unknown","g_","s_"
"1723","ASV_1758",-0.00850711468564366,0.00848721597644566,-0.00235348336925949,"ASV_1758","Metazoa","Annelida","Polychaeta","unknown","Capitellidae","no_hit","s_"
"1724","ASV_1759",-0.0196302438153513,0.0011445650652848,0.0053425359700555,"ASV_1759","no_hit","unknown","Choanoflagellata","Acanthoecida","Stephanoecidae","g_","s_"
"1725","ASV_1760",0.00414353874753379,0.00968921249864266,-0.00513975335049674,"ASV_1760","no_hit","no_hit","no_hit","no_hit","no_hit","no_hit","s_"
"1726","ASV_1761",-0.00288227241192419,-0.00142093596147156,-0.00209388529400633,"ASV_1761","no_hit","Bacillariophyta","Coscinodiscophyceae","Chaetocerotales","Chaetocerotaceae","Chaetoceros","s_"
"1727","ASV_1762",0.000946165785418822,0.00817826066664726,-0.00430554507500113,"ASV_1762","no_hit","Dinophyceae","Dinophyceae","Syndiniales","Amoebophryaceae","g_","s_"
"1728","ASV_1763",-0.0139308942879251,-0.000840007287192972,0.0033040043931025,"ASV_1763","no_hit","Dinophyceae","Dinophyceae","Syndiniales","Amoebophryaceae","Amoebophrya","no_hit"
"1729","ASV_1764",-0.00634814601325246,-0.00931546996798793,0.00478062134676783,"ASV_1764","no_hit","unknown","Polycystinea","no_hit","no_hit","no_hit","no_hit"
"1730","ASV_1765",-0.0120130455354418,0.00894804418988322,-0.00119658812062562,"ASV_1765","no_hit","Perkinsozoa","unknown","Perkinsida","Xcellidae","Gadixcellia","no_hit"
"1731","ASV_1766",0.000327679337094116,0.0105521036614568,-0.00581701244781209,"ASV_1766","no_hit","Euglenozoa","unknown","Diplonemea","unknown","unknown","s_"
"1732","ASV_1767",-0.00665616189500429,0.00365972765955968,0.00478986517306725,"ASV_1767","no_hit","no_hit","no_hit","no_hit","no_hit","no_hit","s_"
"1733","ASV_1768",-0.0115275963123958,0.00156060109886823,0.00269959966075562,"ASV_1768","no_hit","no_hit","no_hit","no_hit","no_hit","no_hit","no_hit"
"1734","ASV_1769",0.00171225184371918,0.00910200564322147,0.0136312618301073,"ASV_1769","no_hit","unknown","Cryptophyceae","unknown","unknown","unknown","Cryptophyta sp. CR-MAL03"
"1735","ASV_1770",-0.00861312367759511,-0.00458971894090764,0.00368844574017724,"ASV_1770","no_hit","Dinophyceae","Dinophyceae","no_hit","no_hit","no_hit","no_hit"
"1736","ASV_1771",-0.0120610145688213,-0.00305793559454224,0.00858978299769742,"ASV_1771","no_hit","Cercozoa","unknown","Cercomonadida","Cercomonadidae","g_","s_"
"1737","ASV_1772",0.00287337184349316,-0.000279439724279314,0.0103677806243754,"ASV_1772","no_hit","Bacillariophyta","Coscinodiscophyceae","Chaetocerotales","Chaetocerotaceae","Chaetoceros","Chaetoceros sp. UNC1416"
"1738","ASV_1773",-0.00793322049964521,0.00952771416068427,0.0190329572777912,"ASV_1773","no_hit","unknown","Bolidophyceae","Parmales","Triparmaceae","g_","s_"
"1739","ASV_1774",-0.00703062964468787,0.00949090829014416,0.0124771942805301,"ASV_1774","no_hit","Dinophyceae","Dinophyceae","Syndiniales","Duboscquellidae","Duboscquella","no_hit"
"1740","ASV_1775",-0.0148828096717155,-0.00339142155239423,0.00452281416857105,"ASV_1775","no_hit","unknown","unknown","unknown","unknown","g_","s_"
"1741","ASV_1776",-0.00125702416539542,-0.00111537043680525,-0.00370318800117339,"ASV_1776","no_hit","no_hit","no_hit","no_hit","no_hit","g_","s_"
"1742","ASV_1777",8.10815072223421e-05,0.00609310805198493,-0.00384065949500483,"ASV_1777","no_hit","Euglenozoa","unknown","Diplonemea","unknown","unknown","s_"
"1743","ASV_1778",0.000134903058485296,-0.00163900968704649,0.00217156384616304,"ASV_1778","no_hit","Dinophyceae","Dinophyceae","Syndiniales","Amoebophryaceae","g_","s_"
"1744","ASV_1779",-0.0143266653095439,-0.00321014549174432,0.00704088594542947,"ASV_1779","no_hit","unknown","Chrysophyceae","unknown","unknown","g_","s_"
"1745","ASV_1780",-0.00389892287763048,-0.004153665218656,0.00296636447699756,"ASV_1780","no_hit","Dinophyceae","Dinophyceae","Peridiniales","Peridiniaceae","Pentapharsodinium","Pentapharsodinium tyrrhenicum"
"1746","ASV_1781",-0.00269700152977942,-0.00918064917346847,0.00403887299603376,"ASV_1781","no_hit","Dinophyceae","Dinophyceae","Syndiniales","Ellobiopsidae","Thalassomyces","Thalassomyces fagei"
"1747","ASV_1782",-0.0106475702381066,0.00546182574362645,0.00842974712767455,"ASV_1782","no_hit","unknown","Choanoflagellata","Acanthoecida","Stephanoecidae","g_","s_"
"1748","ASV_1783",-0.0197107689013147,0.00889789385712525,0.00164211705251257,"ASV_1783","no_hit","Euglenozoa","unknown","Diplonemea","Hemistasiidae","g_","s_"
"1749","ASV_1784",0.0031855448155624,0.00367756490716424,0.0073123517715378,"ASV_1784","no_hit","Bacillariophyta","Coscinodiscophyceae","Thalassiosirales","Thalassiosiraceae","Thalassiosira","no_hit"
"1750","ASV_1785",0.000805236056474655,0.00625325580960568,-0.00419010936661665,"ASV_1785","no_hit","no_hit","no_hit","no_hit","no_hit","no_hit","no_hit"
"1751","ASV_1786",-0.00340194874968529,-0.00734007787468697,0.00329103904309991,"ASV_1786","no_hit","Euglenozoa","unknown","Diplonemea","unknown","unknown","s_"
"1752","ASV_1787",-0.0126675045612559,0.010094117940627,0.00575519127561686,"ASV_1787","no_hit","unknown","Chrysophyceae","Hibberdiales","Hibberdiaceae","g_","s_"
"1753","ASV_1788",-0.0110349649692983,0.00146723076158725,0.011456978420402,"ASV_1788","no_hit","no_hit","no_hit","no_hit","no_hit","no_hit","no_hit"
"1754","ASV_1789",-0.00261540671355076,-0.00241407864179936,0.0011567524981104,"ASV_1789","no_hit","unknown","Polycystinea","Spumellaria","Litheliidae","Larcopyle","Larcopyle butschlii"
"1755","ASV_1790",-0.0113358940179746,0.00319119612716989,0.00234407177943204,"ASV_1790","no_hit","Dinophyceae","Dinophyceae","Syndiniales","Amoebophryaceae","Amoebophrya","s_"
"1756","ASV_1791",-0.0035005813131811,0.00289974885547766,-0.00125220702310359,"ASV_1791","no_hit","Dinophyceae","Dinophyceae","Syndiniales","Amoebophryaceae","g_","s_"
"1757","ASV_1792",-0.0033247775744618,-0.00465348594492709,0.00282249522446331,"ASV_1792","no_hit","Dinophyceae","Dinophyceae","Syndiniales","no_hit","no_hit","no_hit"
"1758","ASV_1793",-0.00665996793461464,0.00514275415940286,0.00604582141407949,"ASV_1793","no_hit","Bacillariophyta","Mediophyceae","Eupodiscales","Odontellaceae","Odontella","Odontella aurita"
"1759","ASV_1794",-0.00126488206256132,0.00354355604254321,-0.00196448935501504,"ASV_1794","no_hit","unknown","Polycystinea","Collodaria","Collozoidae","Cladococcus","Cladococcus viminalis"
"1760","ASV_1795",-0.0142926901899714,0.000694795324673336,0.00464119643036747,"ASV_1795","no_hit","Dinophyceae","Dinophyceae","Syndiniales","Duboscquellidae","Duboscquella","no_hit"
"1761","ASV_1796",-0.00239424901802343,0.00355052512876248,0.0198272704583415,"ASV_1796","no_hit","unknown","Bigyra","Thraustochytrida","Thraustochytriaceae","g_","s_"
"1762","ASV_1797",0.00064195596269012,0.0111640593431065,0.00864591212534839,"ASV_1797","no_hit","Dinophyceae","Dinophyceae","Gymnodiniales","Gymnodiniaceae","Lepidodinium","Lepidodinium viride"
"1763","ASV_1798",-0.00168597000377536,0.00638568603555415,-0.00255622001655907,"ASV_1798","no_hit","no_hit","no_hit","no_hit","no_hit","no_hit","s_"
"1764","ASV_1799",-0.00120241253067542,0.00100591685744755,0.000338774560023663,"ASV_1799","no_hit","Dinophyceae","Dinophyceae","Syndiniales","Amoebophryaceae","g_","s_"
"1765","ASV_1800",-0.0068420047023656,5.15987513040838e-05,0.00236894531343377,"ASV_1800","no_hit","unknown","unknown","unknown","unknown","g_","s_"
"1766","ASV_1801",-0.00103648422814053,-0.0182696058171444,0.0188465530466276,"ASV_1801","Viridiplantae","Chlorophyta","no_hit","no_hit","no_hit","no_hit","no_hit"
"1767","ASV_1802",0.00547447103247409,-0.00356006679689153,0.00766788142334237,"ASV_1802","no_hit","unknown","unknown","unknown","unknown","g_","s_"
"1768","ASV_1803",-0.00421605234628804,-0.00685166935370442,0.00418505266961011,"ASV_1803","no_hit","no_hit","no_hit","no_hit","no_hit","no_hit","no_hit"
"1769","ASV_1804",-0.00321037623030018,0.00248072590994282,0.00255077150482898,"ASV_1804","no_hit","Dinophyceae","Dinophyceae","Syndiniales","Amoebophryaceae","Amoebophrya","s_"
"1770","ASV_1805",-0.0076496399524797,0.00960948443283297,-0.0024719803337134,"ASV_1805","no_hit","Cercozoa","unknown","Cercomonadida","Cercomonadidae","g_","s_"
"1771","ASV_1807",-0.00778359178630751,-0.00083995970855174,0.00417229221978736,"ASV_1807","no_hit","Ciliophora","Spirotrichea","Tintinnida","Tintinnidae","Salpingella","Salpingella acuminata"
"1772","ASV_1808",-0.0131214857109395,-0.00397148760512116,0.00543818007337806,"ASV_1808","no_hit","no_hit","no_hit","no_hit","no_hit","g_","s_"
"1773","ASV_1809",-0.0171819419887695,0.0132237265238466,0.000312462595715636,"ASV_1809","no_hit","unknown","unknown","unknown","unknown","g_","s_"
"1774","ASV_1810",-0.0134108281033072,0.0164833666634263,0.00459043261256118,"ASV_1810","no_hit","unknown","unknown","unknown","unknown","unknown","uncultured marine eukaryote"
"1775","ASV_1811",-0.0139406390045949,0.00340242891959747,0.00681680387091016,"ASV_1811","no_hit","no_hit","no_hit","no_hit","no_hit","no_hit","no_hit"
"1776","ASV_1812",-0.000890593518671741,0.00113504942783531,-0.00122935374638683,"ASV_1812","no_hit","unknown","Polycystinea","no_hit","no_hit","no_hit","no_hit"
"1777","ASV_1813",-0.0065571931337433,0.000143887074802937,0.0106193236763206,"ASV_1813","no_hit","Haptophyta","no_hit","no_hit","no_hit","g_","s_"
"1778","ASV_1814",-0.00032592165546672,-0.00475414045644397,0.00325676060771229,"ASV_1814","Metazoa","Annelida","Polychaeta","Terebellida","Pectinariidae","Pectinaria","no_hit"
"1779","ASV_1815",-0.00851012413633803,0.00467733755261287,0.000421303905422826,"ASV_1815","no_hit","no_hit","no_hit","no_hit","no_hit","g_","s_"
"1780","ASV_1816",-0.00054549249008824,-0.000658568366074453,0.00321026266900096,"ASV_1816","no_hit","Bacillariophyta","Coscinodiscophyceae","Chaetocerotales","Chaetocerotaceae","Chaetoceros","no_hit"
"1781","ASV_1818",-0.00237217700608619,0.000916142049688556,-0.000719453545280988,"ASV_1818","no_hit","unknown","Chrysophyceae","Chromulinales","Paraphysomonadaceae","g_","s_"
"1782","ASV_1819",0.0025986450138303,0.00638126200727676,0.00887010729808887,"ASV_1819","no_hit","no_hit","no_hit","no_hit","no_hit","no_hit","no_hit"
"1783","ASV_1820",-0.0188345506084349,0.00198387058423174,0.00762459137450772,"ASV_1820","no_hit","Dinophyceae","Dinophyceae","Syndiniales","Amoebophryaceae","g_","s_"
"1784","ASV_1821",0.00123338778669348,0.00269034310988181,0.00572134416639726,"ASV_1821","no_hit","Dinophyceae","Dinophyceae","no_hit","no_hit","no_hit","no_hit"
"1785","ASV_1822",-0.0107860870634269,0.0132040253571073,0.00450111548449982,"ASV_1822","no_hit","Dinophyceae","Dinophyceae","Syndiniales","Amoebophryaceae","Amoebophrya","s_"
"1786","ASV_1823",-0.0057553807120505,0.00863460682312071,0.0147878053782506,"ASV_1823","no_hit","unknown","Chrysophyceae","Chromulinales","Paraphysomonadaceae","Paraphysomonas","no_hit"
"1787","ASV_1824",-0.017058877543152,0.00668178381017661,0.00227752597120039,"ASV_1824","no_hit","Dinophyceae","Dinophyceae","Syndiniales","Amoebophryaceae","g_","s_"
"1788","ASV_1825",-0.0122770340058162,0.0105861911356416,0.000475484959692116,"ASV_1825","no_hit","Haptophyta","unknown","Prymnesiales","Chrysochromulinaceae","Chrysochromulina","no_hit"
"1789","ASV_1826",-0.00990639906499459,0.00217745109719611,0.00213226431420562,"ASV_1826","no_hit","unknown","Bigyra","Nanomonadea","unknown","Solenicola","no_hit"
"1790","ASV_1827",-0.00136648310321643,-0.000652817773035958,0.0103990553343967,"ASV_1827","no_hit","Dinophyceae","Dinophyceae","no_hit","no_hit","no_hit","no_hit"
"1791","ASV_1828",-0.00698844639615975,0.0093240469284328,0.00614726182437982,"ASV_1828","no_hit","Bacillariophyta","Mediophyceae","Cymatosirales","Cymatosiraceae","no_hit","no_hit"
"1792","ASV_1829",0.0091106722379604,0.00477864868683701,0.00837867344127586,"ASV_1829","no_hit","unknown","unknown","unknown","unknown","unknown","uncultured marine picoeukaryote"
"1793","ASV_1830",-0.00389282292061822,-0.00194671196736349,0.00277319991965028,"ASV_1830","no_hit","Dinophyceae","Dinophyceae","Syndiniales","Amoebophryaceae","Amoebophrya","s_"
"1794","ASV_1831",0.00304655899612423,0.00512672955594129,-0.00480626668001921,"ASV_1831","no_hit","Dinophyceae","Dinophyceae","Peridiniales","no_hit","g_","s_"
"1795","ASV_1832",-0.00564207677868971,0.00570082860406056,0.00570493284735723,"ASV_1832","no_hit","unknown","Cryptophyceae","Kathablepharidacea","Katablepharidaceae","Leucocryptos","Leucocryptos marina"
"1796","ASV_1833",-0.00385040477225311,0.0135982632328676,0.0111990953030782,"ASV_1833","no_hit","Dinophyceae","Dinophyceae","Syndiniales","Amoebophryaceae","Amoebophrya","s_"
"1797","ASV_1835",-0.00265952689919136,-0.00273933480216704,0.000892421218462703,"ASV_1835","no_hit","Euglenozoa","unknown","Diplonemea","unknown","g_","s_"
"1798","ASV_1836",-0.0123072170098763,0.0110286301808915,0.0117882929880449,"ASV_1836","no_hit","Haptophyta","unknown","Prymnesiales","Prymnesiaceae","Prymnesium","s_"
"1799","ASV_1837",-0.0140276946483749,0.00461348344273093,0.00147794210494961,"ASV_1837","no_hit","Euglenozoa","unknown","Diplonemea","unknown","unknown","Diplonemida sp. 21sb RG-2016"
"1800","ASV_1838",0.0106989993482812,0.0040503211964046,0.0101274457148942,"ASV_1838","no_hit","no_hit","no_hit","no_hit","no_hit","no_hit","no_hit"
"1801","ASV_1839",0.00983276897403871,0.00703610325552012,0.0111992373522232,"ASV_1839","no_hit","unknown","Dictyochophyceae","Pedinellales","unknown","Pseudopedinella","s_"
"1802","ASV_1840",0.000768387159090767,-0.0014242993295019,-0.002859009317063,"ASV_1840","no_hit","Imbricatea","unknown","Thaumatomonadida","Thaumatomastigidae","g_","s_"
"1803","ASV_1841",-0.00482352910848889,0.00676703498573695,-0.00221984776859059,"ASV_1841","no_hit","Oomycota","no_hit","no_hit","no_hit","no_hit","no_hit"
"1804","ASV_1842",0.0065568414708885,0.0033041849785431,0.00652461581862657,"ASV_1842","no_hit","Ciliophora","Spirotrichea","Choreotrichida","Strobilidiidae","g_","s_"
"1805","ASV_1843",-0.0128534217909545,-0.00527024615287298,0.00850717507513049,"ASV_1843","no_hit","Dinophyceae","Dinophyceae","Syndiniales","Amoebophryaceae","g_","s_"
"1806","ASV_1844",0.00481846472127126,0.000509835284796986,0.00514117525967009,"ASV_1844","no_hit","Dinophyceae","Dinophyceae","no_hit","no_hit","no_hit","no_hit"
"1807","ASV_1845",0.000264564311920031,0.00670698220634578,-0.0043722974194309,"ASV_1845","no_hit","Euglenozoa","unknown","Diplonemea","Diplonemidae","g_","s_"
"1808","ASV_1846",-0.00854682789098531,0.0143062626317247,0.00560820686246792,"ASV_1846","no_hit","no_hit","no_hit","no_hit","no_hit","no_hit","no_hit"
"1809","ASV_1847",-0.00424982207196846,0.0103047185175781,0.00457330722723893,"ASV_1847","no_hit","Haptophyta","unknown","Isochrysidales","Noelaerhabdaceae","no_hit","no_hit"
"1810","ASV_1848",0.00241247544825037,0.00423494181506164,0.00883771601869466,"ASV_1848","no_hit","no_hit","no_hit","no_hit","no_hit","g_","s_"
"1811","ASV_1849",-0.00152937362574535,0.00907947099980384,-0.00439352154164405,"ASV_1849","no_hit","no_hit","no_hit","no_hit","no_hit","no_hit","no_hit"
"1812","ASV_1850",0.0064051940406393,0.00306419938195095,0.0053005613266646,"ASV_1850","no_hit","Dinophyceae","Dinophyceae","Gonyaulacales","Gonyaulacaceae","Alexandrium","no_hit"
"1813","ASV_1851",-0.0120405805996789,0.00643800029534123,0.00608603050282036,"ASV_1851","no_hit","Dinophyceae","Dinophyceae","no_hit","no_hit","no_hit","no_hit"
"1814","ASV_1852",0.00188695657131427,0.00388646840443251,0.0141649051222344,"ASV_1852","no_hit","no_hit","no_hit","no_hit","no_hit","g_","s_"
"1815","ASV_1853",-0.00796422095381606,0.00991213616067921,0.0140227648237086,"ASV_1853","no_hit","Dinophyceae","Dinophyceae","no_hit","no_hit","g_","s_"
"1816","ASV_1854",-0.00257632657783674,-0.00654699042817951,0.00262825759599552,"ASV_1854","no_hit","no_hit","no_hit","no_hit","no_hit","g_","s_"
"1817","ASV_1855",-0.00287359018044114,0.00143912541913479,0.000734938239385739,"ASV_1855","no_hit","unknown","unknown","unknown","unknown","g_","s_"
"1818","ASV_1856",-0.0167604700525353,0.00790042326854863,0.00562607121304592,"ASV_1856","no_hit","no_hit","no_hit","no_hit","no_hit","no_hit","no_hit"
"1819","ASV_1857",0.00158447117799237,0.0108628722844463,-0.00649362880210724,"ASV_1857","no_hit","no_hit","no_hit","no_hit","no_hit","no_hit","no_hit"
"1820","ASV_1858",-0.0159978995884487,0.00185908020090139,0.00452842080886598,"ASV_1858","no_hit","unknown","unknown","unknown","unknown","unknown","s_"
"1821","ASV_1859",0.00728218392886498,0.0152963991960953,0.0168394074388872,"ASV_1859","no_hit","no_hit","no_hit","no_hit","no_hit","no_hit","s_"
"1822","ASV_1860",-0.00274391952263226,-0.000210855806897678,0.00825090458861614,"ASV_1860","no_hit","no_hit","no_hit","no_hit","no_hit","no_hit","no_hit"
"1823","ASV_1861",-0.0107008397311495,0.00283142583915329,0.00210621213342344,"ASV_1861","no_hit","Euglenozoa","unknown","Diplonemea","unknown","g_","s_"
"1824","ASV_1862",-0.00468243196357458,0.00753586069853579,-0.00166003474094025,"ASV_1862","no_hit","unknown","Chrysophyceae","Chromulinales","no_hit","no_hit","no_hit"
"1825","ASV_1863",7.92191865972408e-05,-0.000752736661319581,-0.00121052348881768,"ASV_1863","no_hit","no_hit","no_hit","no_hit","no_hit","no_hit","no_hit"
"1826","ASV_1864",-0.00222051245936764,0.00363458697379388,-0.00147797291705879,"ASV_1864","no_hit","no_hit","no_hit","no_hit","no_hit","no_hit","no_hit"
"1827","ASV_1865",0.00437008760609037,0.00152954250758063,0.0032174546228867,"ASV_1865","no_hit","Dinophyceae","Dinophyceae","no_hit","no_hit","no_hit","no_hit"
"1828","ASV_1866",-0.0120535279181483,0.00630810007247962,0.00162068304265712,"ASV_1866","no_hit","unknown","unknown","unknown","unknown","unknown","uncultured marine eukaryote"
"1829","ASV_1867",-0.0116806335176343,0.000882211766941129,0.00265966890107709,"ASV_1867","no_hit","no_hit","no_hit","no_hit","no_hit","no_hit","s_"
"1830","ASV_1868",0.00380879127136967,0.00506248817482542,-0.00291399477676926,"ASV_1868","no_hit","Dinophyceae","Dinophyceae","no_hit","no_hit","no_hit","no_hit"
"1831","ASV_1870",-0.000983491407110644,0.00467895698655686,-0.00326440335562067,"ASV_1870","no_hit","no_hit","no_hit","no_hit","no_hit","no_hit","no_hit"
"1832","ASV_1871",0.00713796768406351,0.00288924988345779,0.00542990429554222,"ASV_1871","no_hit","Ciliophora","Prostomatea","Prorodontida","Balanionidae","g_","s_"
"1833","ASV_1872",-0.0164344886795257,-0.00708983694378113,0.00791292053164814,"ASV_1872","no_hit","Euglenozoa","unknown","Diplonemea","unknown","g_","s_"
"1834","ASV_1873",-0.00282207132441327,-0.00822619122850646,0.00522879698855779,"ASV_1873","no_hit","Dinophyceae","Dinophyceae","Syndiniales","Amoebophryaceae","Amoebophrya","no_hit"
"1835","ASV_1874",-0.0121325170939284,0.00990302353574068,-0.000515197376877996,"ASV_1874","no_hit","Dinophyceae","Dinophyceae","Syndiniales","Amoebophryaceae","g_","s_"
"1836","ASV_1875",0.00511661357550212,0.00149619988556978,0.00362243204648671,"ASV_1875","no_hit","unknown","unknown","unknown","unknown","unknown","s_"
"1837","ASV_1876",-0.0158906045332034,0.000117905093080778,0.009389051472314,"ASV_1876","no_hit","Dinophyceae","Dinophyceae","Syndiniales","Amoebophryaceae","Amoebophrya","s_"
"1838","ASV_1877",-0.00316649438518731,0.0095697480731465,0.00903468787519434,"ASV_1877","no_hit","Dinophyceae","Dinophyceae","Syndiniales","Amoebophryaceae","Amoebophrya","no_hit"
"1839","ASV_1878",0.00058136364375309,0.0105702663078631,-0.0061213075816501,"ASV_1878","no_hit","Dinophyceae","Dinophyceae","Gymnodiniales","Ceratoperidiniaeceae","g_","s_"
"1840","ASV_1879",0.00835687367236583,0.00459239293736753,0.00933574753174165,"ASV_1879","no_hit","Dinophyceae","Dinophyceae","no_hit","no_hit","no_hit","no_hit"
"1841","ASV_1880",-0.00846064802265333,0.00424521736064441,0.000142667882586768,"ASV_1880","no_hit","Dinophyceae","Dinophyceae","no_hit","no_hit","no_hit","no_hit"
"1842","ASV_1881",0.00497448511589264,0.00174029222250472,0.0046807671163039,"ASV_1881","no_hit","Dinophyceae","Dinophyceae","no_hit","no_hit","no_hit","s_"
"1843","ASV_1882",0.00132762480975196,-0.00617618202669804,0.00458811728471954,"ASV_1882","no_hit","no_hit","no_hit","no_hit","no_hit","g_","s_"
"1844","ASV_1883",-0.00236834414360656,0.0083647265326006,0.0108120273161023,"ASV_1883","Metazoa","Arthropoda","Hexanauplia","Cyclopoida","Oithonidae","Oithona","Oithona similis"
"1845","ASV_1884",-0.0035860632025246,0.00593977942059932,-0.0023409557431236,"ASV_1884","no_hit","no_hit","no_hit","no_hit","no_hit","no_hit","no_hit"
"1846","ASV_1885",-0.0152341033927787,-0.00752472054511266,0.00724193902023947,"ASV_1885","no_hit","Ciliophora","no_hit","no_hit","no_hit","no_hit","no_hit"
"1847","ASV_1887",0.00330015576328192,0.00390037158418369,-0.00441766262622081,"ASV_1887","no_hit","no_hit","no_hit","no_hit","no_hit","g_","s_"
"1848","ASV_1888",0.00400203986850162,0.00810519623391296,0.00804202247303418,"ASV_1888","no_hit","Ciliophora","Spirotrichea","Sporadotrichida","Oxytrichidae","g_","s_"
"1849","ASV_1889",0.000483740375581264,0.0181876146611841,0.0185902290171536,"ASV_1889","no_hit","Haptophyta","unknown","Prymnesiales","Chrysochromulinaceae","Chrysochromulina","Chrysochromulina strobilus"
"1850","ASV_1890",0.00172944655665122,-0.00905147657474978,0.0130668496121216,"ASV_1890","no_hit","Dinophyceae","Dinophyceae","no_hit","no_hit","no_hit","s_"
"1851","ASV_1891",-0.000114837761042263,-0.00623283827830786,0.00982395685192525,"ASV_1891","no_hit","Dinophyceae","Dinophyceae","Syndiniales","Amoebophryaceae","Amoebophrya","no_hit"
"1852","ASV_1892",0.00570900076393425,0.00143220314721533,-0.00396649815459927,"ASV_1892","Metazoa","Gastrotricha","unknown","Chaetonotida","Chaetonotidae","g_","s_"
"1853","ASV_1893",-0.0056413364103585,0.0141523705581989,0.0158192426033999,"ASV_1893","no_hit","unknown","unknown","unknown","unknown","unknown","uncultured marine eukaryote"
"1854","ASV_1894",-0.00628733277724941,0.00694909377709703,0.0121928720343468,"ASV_1894","no_hit","Haptophyta","unknown","Phaeocystales","Phaeocystaceae","Phaeocystis","no_hit"
"1855","ASV_1895",0.00206582209742624,0.0090209649659246,-0.00565849380270892,"ASV_1895","no_hit","Euglenozoa","unknown","Diplonemea","unknown","unknown","s_"
"1856","ASV_1896",0.00595421286424837,0.00207029259456302,0.00476178606831411,"ASV_1896","Metazoa","Rotifera","Eurotatoria","Ploima","no_hit","no_hit","no_hit"
"1857","ASV_1897",0.000128463737195538,0.00768030951455388,-0.00448337577213657,"ASV_1897","no_hit","Dinophyceae","Dinophyceae","Syndiniales","Syndiniaceae","g_","s_"
"1858","ASV_1898",-0.00677781611486008,6.05623978288816e-05,0.01080859950538,"ASV_1898","no_hit","Imbricatea","unknown","Thaumatomonadida","Thaumatomastigidae","Thaumatomastix","Thaumatomastix sp. CC002-Boundary Bay"
"1859","ASV_1899",0.010473322228931,0.00646718274872576,0.0110452472393847,"ASV_1899","no_hit","Imbricatea","unknown","unknown","Metromonadea","g_","s_"
"1860","ASV_1900",-0.00505036883344992,0.00017237689816481,0.00644633850450351,"ASV_1900","no_hit","Dinophyceae","Dinophyceae","Syndiniales","no_hit","g_","s_"
"1861","ASV_1901",0.003885631207114,0.00310441608953677,0.00154619490894332,"ASV_1901","no_hit","Dinophyceae","Dinophyceae","Syndiniales","no_hit","g_","s_"
"1862","ASV_1902",-0.000933766892906951,-0.00238993502798285,-0.000107877878822273,"ASV_1902","no_hit","Euglenozoa","unknown","Diplonemea","unknown","unknown","Diplonemida sp. 37 RG-2016"
"1863","ASV_1903",0.008488514946435,0.00294603380934129,0.00758400368084496,"ASV_1903","no_hit","Dinophyceae","Dinophyceae","Peridiniales","Protoperidiniaceae","Protoperidinium","Protoperidinium thulesense"
"1864","ASV_1904",-0.00566451259704228,1.71761457921142e-05,0.0189937817176541,"ASV_1904","no_hit","unknown","Bigyra","Nanomonadea","unknown","g_","s_"
"1865","ASV_1905",0.00176476887071446,0.00254185841927006,-0.000139950288169495,"ASV_1905","no_hit","Dinophyceae","Dinophyceae","Syndiniales","Amoebophryaceae","g_","s_"
"1866","ASV_1906",-0.00122918073498691,-0.00151428257754972,-0.00100456586839062,"ASV_1906","no_hit","Ciliophora","Spirotrichea","no_hit","no_hit","no_hit","no_hit"
"1867","ASV_1907",-0.00469441670740737,-0.000332062223023739,0.000727465974821183,"ASV_1907","no_hit","Dinophyceae","Dinophyceae","Syndiniales","Amoebophryaceae","g_","s_"
"1868","ASV_1908",-0.0147848702409393,0.00644314378700508,0.00680010267722157,"ASV_1908","no_hit","unknown","unknown","Telonemida","no_hit","no_hit","no_hit"
"1869","ASV_1909",-0.00248004234393114,-0.0125560929068533,0.00599850229443705,"ASV_1909","no_hit","Dinophyceae","Dinophyceae","Syndiniales","Amoebophryaceae","Amoebophrya","s_"
"1870","ASV_1910",-0.00214352287718894,-0.00176799860792824,-6.40234483322389e-05,"ASV_1910","no_hit","Dinophyceae","Dinophyceae","Syndiniales","no_hit","no_hit","s_"
"1871","ASV_1911",-0.0033696238432962,0.00697681651943871,0.00903387818011524,"ASV_1911","no_hit","no_hit","no_hit","no_hit","no_hit","g_","s_"
"1872","ASV_1912",0.00498033589269342,0.00185294867832092,0.00576294712124772,"ASV_1912","no_hit","unknown","unknown","Telonemida","unknown","Telonema","no_hit"
"1873","ASV_1913",-0.0178682484454768,0.00368704101329675,0.00322566517948631,"ASV_1913","no_hit","Euglenozoa","unknown","Diplonemea","Diplonemidae","g_","s_"
"1874","ASV_1914",-0.0145117814276764,-0.00694361451291929,0.008615061273971,"ASV_1914","no_hit","unknown","unknown","unknown","unknown","unknown","uncultured marine eukaryote"
"1875","ASV_1915",-0.00481768661191167,0.0131026986688258,0.00629785253086517,"ASV_1915","no_hit","Ciliophora","no_hit","no_hit","no_hit","no_hit","s_"
"1876","ASV_1916",0.00144826743488003,0.00261193167772116,0.0162158444722466,"ASV_1916","no_hit","Dinophyceae","Dinophyceae","no_hit","no_hit","no_hit","no_hit"
"1877","ASV_1917",-0.00145120007085285,0.000889091844666646,-0.00144986488997719,"ASV_1917","no_hit","Dinophyceae","Dinophyceae","Syndiniales","no_hit","no_hit","no_hit"
"1878","ASV_1918",-0.0033549670008104,-0.00321287505853415,0.00163704631774696,"ASV_1918","no_hit","no_hit","no_hit","no_hit","no_hit","no_hit","no_hit"
"1879","ASV_1919",0.000489581813197487,-0.000284273888436489,-0.000676455445993056,"ASV_1919","no_hit","unknown","unknown","unknown","unknown","unknown","s_"
"1880","ASV_1920",-0.0101094447528312,0.00752546577074973,-0.0017306376847435,"ASV_1920","no_hit","Dinophyceae","Dinophyceae","no_hit","no_hit","g_","s_"
"1881","ASV_1921",0.000278809639420519,0.00404070104292382,-0.00262752361611802,"ASV_1921","no_hit","Dinophyceae","Dinophyceae","Syndiniales","no_hit","no_hit","no_hit"
"1882","ASV_1922",-0.000369650991716257,7.21273498835926e-05,-0.000952302396097036,"ASV_1922","no_hit","Euglenozoa","unknown","Diplonemea","unknown","g_","s_"
"1883","ASV_1923",-0.00108947673315705,0.000521580357364422,-0.000761820648578466,"ASV_1923","Metazoa","Annelida","Polychaeta","Xenopneusta","Urechidae","Urechis","no_hit"
"1884","ASV_1924",0.000874581546377418,0.00823827458435034,0.00645082401733072,"ASV_1924","no_hit","Haptophyta","unknown","Prymnesiales","Prymnesiaceae","no_hit","s_"
"1885","ASV_1925",-0.00468817606500367,0.00861450303414847,-0.00369185301002426,"ASV_1925","no_hit","Dinophyceae","Dinophyceae","Syndiniales","Ellobiopsidae","g_","s_"
"1886","ASV_1926",-0.000694450461578311,0.00187537272604164,-0.00159615469355045,"ASV_1926","no_hit","unknown","unknown","Sticholonchida","Sticholonchidae","Sticholonche","s_"
"1887","ASV_1927",-0.00537413989170434,-7.81838148608723e-05,0.00349850518248192,"ASV_1927","no_hit","Ciliophora","Spirotrichea","Choreotrichida","Strobilidiidae","g_","s_"
"1888","ASV_1928",-0.000447145333078897,0.0062376419697286,-0.00313025989795026,"ASV_1928","no_hit","Euglenozoa","unknown","Diplonemea","unknown","unknown","s_"
"1889","ASV_1929",0.00231817231542054,0.00801719676413743,-0.00363344733941848,"ASV_1929","Metazoa","Cnidaria","Hydrozoa","Leptothecata","Tiaropsidae","Tiaropsidium","Tiaropsidium kelseyi"
"1890","ASV_1930",-0.0149371978594266,0.0164001824788096,0.00831386798659208,"ASV_1930","no_hit","no_hit","no_hit","no_hit","no_hit","g_","s_"
"1891","ASV_1931",0.0008871652741228,-0.000637459683917707,-0.000245283932147066,"ASV_1931","no_hit","Dinophyceae","Dinophyceae","Syndiniales","Amoebophryaceae","g_","s_"
"1892","ASV_1932",0.00720126355407573,0.00190493701843326,0.00678358610217671,"ASV_1932","no_hit","unknown","Bigyra","Oblongichytrida","unknown","g_","s_"
"1893","ASV_1933",-0.0100762501688146,0.000138799389160474,0.0116359891418375,"ASV_1933","no_hit","Bacillariophyta","Coscinodiscophyceae","Melosirales","Stephanopyxidaceae","g_","s_"
"1894","ASV_1934",-0.010600347032327,-0.000202429724160854,0.00614903567189448,"ASV_1934","no_hit","unknown","unknown","unknown","unknown","g_","s_"
"1895","ASV_1935",-0.00645688924526358,0.0015579736423061,0.00947765702444152,"ASV_1935","no_hit","unknown","Pelagophyceae","Pelagomonadales","unknown","Pelagococcus","Pelagococcus subviridis"
"1896","ASV_1936",0.0100141725607505,0.00429393176173825,0.0103452897104755,"ASV_1936","no_hit","Dinophyceae","Dinophyceae","Peridiniales","Protoperidiniaceae","Protoperidinium","Protoperidinium conicum"
"1897","ASV_1937",-0.00299090593059732,-0.00686061546367076,0.00330237236329573,"ASV_1937","no_hit","unknown","unknown","unknown","unknown","g_","s_"
"1898","ASV_1938",-0.00373491727761654,0.015102785543877,0.00808021611429753,"ASV_1938","no_hit","unknown","Choanoflagellata","Acanthoecida","Stephanoecidae","g_","s_"
"1899","ASV_1939",-0.018125722796349,0.00885982670324827,0.00530253836300719,"ASV_1939","no_hit","Dinophyceae","Dinophyceae","Peridiniales","no_hit","no_hit","no_hit"
"1900","ASV_1940",0.00206872295848114,-0.000857488215519613,0.000833882992767648,"ASV_1940","no_hit","Ciliophora","Spirotrichea","no_hit","no_hit","no_hit","no_hit"
"1901","ASV_1941",-0.0173323236995848,-0.00694736658315601,0.0107789280920945,"ASV_1941","no_hit","unknown","unknown","unknown","unknown","g_","s_"
"1902","ASV_1942",-0.00476930633364791,-0.00865855746762408,0.00492885796770393,"ASV_1942","no_hit","no_hit","no_hit","no_hit","no_hit","g_","s_"
"1903","ASV_1943",-0.00090930849396672,0.00254454173062493,-0.00310657553157755,"ASV_1943","no_hit","Dinophyceae","Dinophyceae","Peridiniales","Protoperidiniaceae","g_","s_"
"1904","ASV_1944",-0.00995758013073492,0.00101032589677487,0.00309279737815811,"ASV_1944","no_hit","no_hit","no_hit","no_hit","no_hit","no_hit","no_hit"
"1905","ASV_1945",-0.0116313268667792,0.00703287725004078,0.0205612134874521,"ASV_1945","no_hit","Dinophyceae","Dinophyceae","no_hit","no_hit","g_","s_"
"1906","ASV_1947",-0.00524798249490399,0.0082050985240523,0.00588960488482266,"ASV_1947","no_hit","unknown","unknown","unknown","unknown","unknown","uncultured marine eukaryote"
"1907","ASV_1948",0.000130001772365469,-0.00132927606762004,3.93355730008529e-05,"ASV_1948","no_hit","Dinophyceae","Dinophyceae","Syndiniales","Amoebophryaceae","g_","s_"
"1908","ASV_1949",-0.0190887389910401,-0.00152518547183647,0.00952251734608464,"ASV_1949","no_hit","Dinophyceae","Dinophyceae","no_hit","no_hit","no_hit","s_"
"1909","ASV_1950",-0.000290032859407374,0.00359681998985549,-0.00253604899889814,"ASV_1950","no_hit","Dinophyceae","Dinophyceae","Syndiniales","Amoebophryaceae","g_","s_"
"1910","ASV_1951",0.00532876537754636,0.0129550237619686,0.0143253586227182,"ASV_1951","Viridiplantae","Chlorophyta","Nephroselmidophyceae","Nephroselmidales","Nephroselmidaceae","Nephroselmis","Nephroselmis pyriformis"
"1911","ASV_1952",0.00287703227782091,0.00276474356001361,-0.00313199099315495,"ASV_1952","no_hit","Dinophyceae","Dinophyceae","Gymnodiniales","Gymnodiniaceae","g_","s_"
"1912","ASV_1953",-0.019202975689971,-0.00534001604779195,0.0105316408816717,"ASV_1953","no_hit","no_hit","no_hit","no_hit","no_hit","no_hit","no_hit"
"1913","ASV_1954",0.00910911523559506,0.00667869827803401,0.0145416455359636,"ASV_1954","no_hit","Bacillariophyta","Coscinodiscophyceae","Thalassiosirales","Thalassiosiraceae","no_hit","s_"
"1914","ASV_1955",-0.0171687565524345,-0.0100186043320892,0.00881568866012049,"ASV_1955","no_hit","Picozoa","unknown","unknown","unknown","g_","s_"
"1915","ASV_1956",-0.00179812499471527,-0.00161444062892699,0.00240899916517335,"ASV_1956","no_hit","Dinophyceae","Dinophyceae","Syndiniales","Amoebophryaceae","g_","s_"
"1916","ASV_1957",0.00605206551095381,0.00237160390209672,0.00630814566892125,"ASV_1957","no_hit","Ciliophora","Litostomatea","Haptorida","Didiniidae","Cyclotrichium","Cyclotrichium cyclokaryon"
"1917","ASV_1958",-0.00122122586405296,0.00244710256200126,-0.0013905918025092,"ASV_1958","no_hit","Dinophyceae","Dinophyceae","Peridiniales","no_hit","no_hit","no_hit"
"1918","ASV_1959",0.00773625167268685,0.00214513402501865,0.00996118880681085,"ASV_1959","no_hit","Dinophyceae","Dinophyceae","Syndiniales","Amoebophryaceae","g_","s_"
"1919","ASV_1960",-3.02022801681247e-05,0.0176632942159541,0.0179288968524154,"ASV_1960","Viridiplantae","Chlorophyta","Mamiellophyceae","Mamiellales","Mamiellaceae","g_","s_"
"1920","ASV_1961",-0.00438626904659483,-0.0058696498481607,0.00311389169362378,"ASV_1961","no_hit","Euglenozoa","unknown","Diplonemea","unknown","unknown","Diplonemida sp. 3 RG-2016"
"1921","ASV_1962",-0.00864537754887428,-0.00370367972530094,0.0140120328075924,"ASV_1962","no_hit","Ciliophora","Spirotrichea","no_hit","no_hit","no_hit","no_hit"
"1922","ASV_1964",0.000397200548191443,-0.00651617236345745,0.00103621621827907,"ASV_1964","no_hit","Tubulinea","unknown","unknown","unknown","g_","s_"
"1923","ASV_1965",0.00369397285360295,0.00123015509584762,0.00576002886666528,"ASV_1965","no_hit","unknown","unknown","unknown","unknown","g_","s_"
"1924","ASV_1966",-0.00546672236177004,-0.00376321659658984,0.0045987809014018,"ASV_1966","no_hit","Endomyxa","Ascetosporea","Paradiniida","unknown","g_","s_"
"1925","ASV_1967",-0.0058865514339992,-0.00388581041970195,0.00541595499941406,"ASV_1967","no_hit","no_hit","no_hit","no_hit","no_hit","no_hit","no_hit"
"1926","ASV_1968",-0.00690655621610569,0.00714741236490128,0.0023261281212548,"ASV_1968","no_hit","Haptophyta","unknown","Prymnesiales","Chrysochromulinaceae","Chrysochromulina","Chrysochromulina leadbeateri"
"1927","ASV_1969",-0.0205344076854696,-0.00806654684766719,0.0113961585662221,"ASV_1969","no_hit","Ciliophora","Litostomatea","Vestibuliferida","Trimyemidae","g_","s_"
"1928","ASV_1970",-0.00775299107202072,0.00903666116671067,-0.00227711155901056,"ASV_1970","Metazoa","Annelida","Polychaeta","Phyllodocida","Phyllodocidae","Pelagobia","Pelagobia longicirrata"
"1929","ASV_1971",-0.00556809957849866,-0.0044534191494407,0.00349772628342282,"ASV_1971","no_hit","Dinophyceae","Dinophyceae","Peridiniales","no_hit","no_hit","no_hit"
"1930","ASV_1972",-0.0061272726947409,-0.0024132136252023,0.00224077000673025,"ASV_1972","no_hit","unknown","Acantharea","Arthracanthida","Acanthometridae","g_","s_"
"1931","ASV_1973",-0.00151254336019316,0.00242036889118579,-0.00206788304309566,"ASV_1973","no_hit","Dinophyceae","Dinophyceae","Syndiniales","Amoebophryaceae","g_","s_"
"1932","ASV_1974",0.0146862198926637,0.00707278860814846,0.0165913394603015,"ASV_1974","no_hit","unknown","Dictyochophyceae","Pedinellales","unknown","g_","s_"
"1933","ASV_1975",-0.0198509769830839,-0.00660967914946295,0.0106405450807147,"ASV_1975","no_hit","Dinophyceae","Dinophyceae","Gymnodiniales","Kareniaceae","Karlodinium","no_hit"
"1934","ASV_1976",0.0034960789322749,0.00240232633077355,0.00205718976007209,"ASV_1976","no_hit","Imbricatea","unknown","Marimonadida","unknown","Pseudopirsonia","Pseudopirsonia mucosa"
"1935","ASV_1977",-0.00172646886499708,-0.000679656683257235,-0.00438295011700349,"ASV_1977","Metazoa","Arthropoda","Hexanauplia","Calanoida","Calocalanidae","Calocalanus","Calocalanus tenuis"
"1936","ASV_1978",-0.00436379860700547,-0.0083403744044202,0.00525864916310762,"ASV_1978","no_hit","Ciliophora","Oligohymenophorea","no_hit","no_hit","no_hit","no_hit"
"1937","ASV_1979",0.00545236247104252,0.00463917633010586,0.00604804851424265,"ASV_1979","no_hit","unknown","unknown","unknown","unknown","unknown","uncultured marine picoeukaryote"
"1938","ASV_1980",-0.00155735754747807,-0.00130177503013274,-0.00354961893128366,"ASV_1980","Metazoa","Arthropoda","Branchiopoda","Diplostraca","Podonidae","Evadne","Evadne nordmanni"
"1939","ASV_1981",-0.0116105883978517,0.00633135211573384,0.00984049008937105,"ASV_1981","no_hit","unknown","Cryptophyceae","Pyrenomonadales","Pyrenomonadaceae","Rhodomonas","no_hit"
"1940","ASV_1982",-0.0122898801457955,-0.00443926227776406,0.0056984324134714,"ASV_1982","no_hit","unknown","unknown","unknown","unknown","g_","s_"
"1941","ASV_1983",-0.00066637368302883,0.0192721388848515,0.0196892188324903,"ASV_1983","no_hit","unknown","Cryptophyceae","no_hit","no_hit","no_hit","no_hit"
"1942","ASV_1984",-0.014008090599989,0.00665332955670517,0.00360971152218289,"ASV_1984","no_hit","Dinophyceae","Dinophyceae","Gymnodiniales","Kareniaceae","Karlodinium","s_"
"1943","ASV_1985",-0.0044714138716066,-0.000202327951462565,0.0165411047273746,"ASV_1985","no_hit","Dinophyceae","Dinophyceae","no_hit","no_hit","no_hit","no_hit"
"1944","ASV_1986",0.0148501284775856,0.0127955086473969,0.0201577790933408,"ASV_1986","no_hit","no_hit","no_hit","no_hit","no_hit","no_hit","no_hit"
"1945","ASV_1987",0.00310780926043562,0.00401266954942641,0.00241142700970942,"ASV_1987","no_hit","Dinophyceae","Dinophyceae","Peridiniales","Amphidiniopsidaceae","g_","s_"
"1946","ASV_1988",0.00116042209433423,0.00808823492705362,-0.00501054409885847,"ASV_1988","no_hit","Euglenozoa","unknown","Diplonemea","unknown","g_","s_"
"1947","ASV_1989",-0.00137363528546112,0.000160628393266108,-0.000544685939000156,"ASV_1989","no_hit","no_hit","no_hit","no_hit","no_hit","no_hit","no_hit"
"1948","ASV_1990",-0.00492485825847061,0.00758632207019063,-4.3393663165385e-05,"ASV_1990","no_hit","no_hit","no_hit","no_hit","no_hit","g_","s_"
"1949","ASV_1991",-0.0100128655420406,0.000243116939301486,0.00254261324161562,"ASV_1991","no_hit","Dinophyceae","Dinophyceae","Syndiniales","Amoebophryaceae","g_","s_"
"1950","ASV_1992",-0.00715489192843874,-0.00244335726259902,0.00665268270063046,"ASV_1992","no_hit","Cercozoa","Thecofilosea","Tectofilosida","Chlamydophryidae","Trachyrhizium","Trachyrhizium urniformis"
"1951","ASV_1993",0.00810620629406931,0.00450866945306114,0.0124227601671714,"ASV_1993","Viridiplantae","Chlorophyta","no_hit","no_hit","no_hit","no_hit","no_hit"
"1952","ASV_1994",-0.000256365443523685,0.0104904324784849,0.00947428191645069,"ASV_1994","no_hit","unknown","unknown","unknown","unknown","g_","s_"
"1953","ASV_1995",-0.0030994659051683,-0.00857041536150056,0.0044816544307754,"ASV_1995","no_hit","Dinophyceae","Dinophyceae","Gymnodiniales","Kareniaceae","Karlodinium","no_hit"
"1954","ASV_1996",-0.0117512063225669,0.00676671360165664,0.00999871469153007,"ASV_1996","no_hit","Haptophyta","unknown","Prymnesiales","Prymnesiaceae","Prymnesium","s_"
"1955","ASV_1997",-0.000361897914740091,0.0041999116145623,-0.00181989470735685,"ASV_1997","no_hit","no_hit","no_hit","no_hit","no_hit","g_","s_"
"1956","ASV_1998",0.000329556139884079,-0.00060497096924821,-0.00171834760778697,"ASV_1998","no_hit","Dinophyceae","Dinophyceae","Gymnodiniales","Gymnodiniaceae","g_","s_"
"1957","ASV_1999",-0.00890234069187367,0.0185699790929102,0.00983886408451035,"ASV_1999","no_hit","no_hit","no_hit","no_hit","no_hit","no_hit","no_hit"
"1958","ASV_2000",-0.00150245685914022,0.00326584682721582,-0.000387193473915826,"ASV_2000","no_hit","Ciliophora","Spirotrichea","no_hit","no_hit","no_hit","no_hit"
"1959","ASV_2001",-0.00299758395687789,-0.00252176054620168,0.00121041809010179,"ASV_2001","no_hit","Dinophyceae","Dinophyceae","Syndiniales","Amoebophryaceae","Amoebophrya","s_"
"1960","ASV_2002",0.00188245140718847,0.00179998060929633,0.0179579608517748,"ASV_2002","no_hit","Dinophyceae","Dinophyceae","no_hit","no_hit","no_hit","no_hit"
"1961","ASV_2003",0.00581002718571954,0.00541788945092737,-0.00446337595127403,"ASV_2003","no_hit","no_hit","no_hit","no_hit","no_hit","g_","s_"
"1962","ASV_2004",-0.00081541701398518,-0.00127105748620017,-0.00270513671857912,"ASV_2004","no_hit","no_hit","no_hit","no_hit","no_hit","g_","s_"
"1963","ASV_2005",-0.0126282806673331,0.00575260627522438,0.00334858831747636,"ASV_2005","no_hit","unknown","Bigyra","Thraustochytrida","Thraustochytriaceae","no_hit","no_hit"
"1964","ASV_2006",-0.0114786709124831,-0.00707353128911802,0.00653596951214512,"ASV_2006","no_hit","no_hit","no_hit","no_hit","no_hit","no_hit","no_hit"
"1965","ASV_2007",0.00672952047081921,0.00317991430072808,0.0078352226744761,"ASV_2007","no_hit","Imbricatea","unknown","Thaumatomonadida","Thaumatomastigidae","Protaspis","s_"
"1966","ASV_2008",-0.0114428762151971,0.00579214020335914,0.000464550626152164,"ASV_2008","no_hit","Dinophyceae","Dinophyceae","no_hit","no_hit","no_hit","no_hit"
"1967","ASV_2009",0.00629884998993443,0.00642909516684355,0.00709258424647524,"ASV_2009","no_hit","no_hit","no_hit","no_hit","no_hit","g_","s_"
"1968","ASV_2010",-0.00751268575430345,-0.00321423109163289,0.00323124280734107,"ASV_2010","no_hit","Euglenozoa","unknown","Diplonemea","unknown","unknown","s_"
"1969","ASV_2011",-0.0113692117227006,-0.00676391906888425,0.00586325649837926,"ASV_2011","no_hit","Dinophyceae","Dinophyceae","Syndiniales","Amoebophryaceae","g_","s_"
"1970","ASV_2012",-0.0176091950361983,-0.00498438319196906,0.0066178607032697,"ASV_2012","no_hit","unknown","unknown","unknown","unknown","unknown","uncultured marine eukaryote"
"1971","ASV_2013",0.000779815734641899,0.00798822719788406,0.00588229650808108,"ASV_2013","Metazoa","Arthropoda","Hexanauplia","Poecilostomatoida","Oncaeidae","g_","s_"
"1972","ASV_2014",0.000541353711013777,0.00645578066534181,-0.00436334797094609,"ASV_2014","no_hit","Ciliophora","Oligohymenophorea","Philasterida","Loxocephalidae","g_","s_"
"1973","ASV_2015",-0.0167728575102834,0.00542472254242651,0.00597179456239105,"ASV_2015","no_hit","Apicomplexa","Conoidasida","Eucoccidiorida","Eimeriidae","g_","s_"
"1974","ASV_2016",-0.00871209050894899,-0.00243767133989414,0.0049258748729576,"ASV_2016","no_hit","Dinophyceae","Dinophyceae","Gymnodiniales","Gymnodiniaceae","g_","s_"
"1975","ASV_2017",-0.000472396750481635,-0.00109901308237645,-0.000715785003125009,"ASV_2017","no_hit","Euglenozoa","unknown","Diplonemea","unknown","g_","s_"
"1976","ASV_2018",-0.0151153861262279,0.00685832978540398,0.00650669367184516,"ASV_2018","no_hit","Dinophyceae","Dinophyceae","Syndiniales","Amoebophryaceae","Amoebophrya","s_"
"1977","ASV_2019",0.00372431479128566,0.00503090590416469,0.000337444712146898,"ASV_2019","Metazoa","Arthropoda","Hexanauplia","Calanoida","Metridinidae","Metridia","Metridia gerlachei"
"1978","ASV_2020",0.000955384807234388,0.00370725556396966,-0.000480159139438447,"ASV_2020","no_hit","no_hit","no_hit","no_hit","no_hit","no_hit","no_hit"
"1979","ASV_2021",0.00038787074910874,0.00205112709846507,-0.00218409093162887,"ASV_2021","no_hit","no_hit","no_hit","no_hit","no_hit","no_hit","no_hit"
"1980","ASV_2022",-0.000659059234855628,0.0175685042113265,0.0166716529498901,"ASV_2022","no_hit","unknown","Bigyra","Oblongichytrida","unknown","Oblongichytrium","no_hit"
"1981","ASV_2023",-0.00776769220738225,0.0117188628476089,0.00449406941916056,"ASV_2023","no_hit","Dinophyceae","Dinophyceae","Syndiniales","Amoebophryaceae","Amoebophrya","no_hit"
"1982","ASV_2024",0.00060276751771241,0.00746103683151913,-0.0047980182713538,"ASV_2024","no_hit","Dinophyceae","Dinophyceae","Syndiniales","no_hit","no_hit","no_hit"
"1983","ASV_2025",0.00680357818692895,0.00362338820985948,0.00688035679522158,"ASV_2025","no_hit","Dinophyceae","Dinophyceae","Thoracosphaerales","Thoracosphaeraceae","Stoeckeria","Stoeckeria algicida"
"1984","ASV_2026",-0.0120885409880457,0.0127459256056742,0.00494605242403031,"ASV_2026","no_hit","no_hit","no_hit","no_hit","no_hit","no_hit","no_hit"
"1985","ASV_2027",-0.0153675793622062,-0.000236727187430904,0.00704558569795536,"ASV_2027","no_hit","no_hit","no_hit","no_hit","no_hit","g_","s_"
"1986","ASV_2028",-0.00100519896559315,-0.014844395411479,0.0052568368492206,"ASV_2028","no_hit","Dinophyceae","Dinophyceae","Syndiniales","Amoebophryaceae","g_","s_"
"1987","ASV_2029",-0.0136799310923567,0.00364997251682972,0.00373193465209223,"ASV_2029","no_hit","unknown","Cryptophyceae","Pyrenomonadales","Geminigeraceae","g_","s_"
"1988","ASV_2030",0.00615190593375612,0.00287777380725189,0.00843900206813914,"ASV_2030","no_hit","Dinophyceae","Dinophyceae","Syndiniales","no_hit","no_hit","no_hit"
"1989","ASV_2031",-0.00400993138635282,0.000451155013088503,0.00247291749380329,"ASV_2031","no_hit","unknown","unknown","unknown","unknown","unknown","s_"
"1990","ASV_2032",-0.0108994426265771,-0.00446203238118534,0.00660730990160785,"ASV_2032","no_hit","Dinophyceae","Dinophyceae","Syndiniales","no_hit","no_hit","no_hit"
"1991","ASV_2033",-0.00272218669041804,-0.00862640998042623,0.00323301400711647,"ASV_2033","no_hit","unknown","Polycystinea","no_hit","no_hit","no_hit","no_hit"
"1992","ASV_2034",-0.00761511399117846,3.46469965260717e-05,0.00346042380365351,"ASV_2034","no_hit","Euglenozoa","unknown","Diplonemea","no_hit","g_","s_"
"1993","ASV_2035",-0.00371265445484979,-0.0131381615821533,0.00554362529593467,"ASV_2035","no_hit","no_hit","no_hit","no_hit","no_hit","no_hit","no_hit"
"1994","ASV_2036",-0.0069343434390438,0.00521344498583242,0.00478138977027735,"ASV_2036","no_hit","Dinophyceae","Dinophyceae","no_hit","no_hit","no_hit","no_hit"
"1995","ASV_2037",-0.00839487291814081,0.0125610413156294,0.00551257094161209,"ASV_2037","no_hit","no_hit","no_hit","no_hit","no_hit","g_","s_"
"1996","ASV_2038",-0.0128402425103435,-0.0100801497790864,0.0137491835037683,"ASV_2038","no_hit","Dinophyceae","Dinophyceae","Syndiniales","Amoebophryaceae","g_","s_"
"1997","ASV_2039",-0.00931393079693066,-0.00425102293765308,0.00384385239905439,"ASV_2039","no_hit","unknown","unknown","unknown","unknown","g_","s_"
"1998","ASV_2040",-0.00656851125442597,-0.0126223740346707,0.0071376280487398,"ASV_2040","no_hit","Dinophyceae","Dinophyceae","no_hit","no_hit","no_hit","no_hit"
"1999","ASV_2041",0.000549977399751108,0.0072907003588776,-0.00487786081416096,"ASV_2041","no_hit","unknown","Polycystinea","Spumellaria","Pyloniidae","Streblacantha","Streblacantha circumtexta"
"2000","ASV_2042",-0.00327460266361944,-0.00743353795893001,0.00301951483752365,"ASV_2042","no_hit","unknown","unknown","unknown","unknown","unknown","uncultured marine picoeukaryote"
"2001","ASV_2043",-0.00186060707727879,-0.0050219632317351,0.0016763934676685,"ASV_2043","no_hit","unknown","Polycystinea","Collodaria","Collozoidae","Cladococcus","Cladococcus viminalis"
"2002","ASV_2044",-0.00317047206063349,-0.00502212986333987,0.00250694307022702,"ASV_2044","no_hit","Euglenozoa","unknown","Diplonemea","unknown","g_","s_"
"2003","ASV_2045",-0.00560936535655537,-0.00971002615714263,0.00472537768072884,"ASV_2045","no_hit","Dinophyceae","Dinophyceae","Syndiniales","Eudubosquellidae","g_","s_"
"2004","ASV_2046",-0.0040599895606025,-0.0115756460185116,0.00694277963789939,"ASV_2046","no_hit","Dinophyceae","Dinophyceae","Syndiniales","Ellobiopsidae","Thalassomyces","Thalassomyces fagei"
"2005","ASV_2047",0.00198701000200565,-2.61541548034552e-05,-0.00106408806949824,"ASV_2047","Metazoa","Chordata","Appendicularia","Copelata","Fritillariidae","g_","s_"
"2006","ASV_2048",0.00648746355400388,0.00773821406925264,0.00894402679687422,"ASV_2048","no_hit","unknown","Chrysophyceae","Chromulinales","Chromulinaceae","no_hit","no_hit"
"2007","ASV_2049",-0.0120659820347584,0.00142004322935574,0.0074704846833441,"ASV_2049","no_hit","Dinophyceae","Dinophyceae","no_hit","no_hit","no_hit","no_hit"
"2008","ASV_2050",-0.00230913923411425,-0.0130988124108709,0.00757838036261542,"ASV_2050","no_hit","Dinophyceae","Dinophyceae","Syndiniales","Syndiniaceae","g_","s_"
"2009","ASV_2051",0.0046049556382138,-0.000447240784243321,0.00699080867651338,"ASV_2051","no_hit","Dinophyceae","Dinophyceae","Gymnodiniales","Gymnodiniaceae","Gyrodinium","Gyrodinium rubrum"
"2010","ASV_2052",-0.00156861910345159,0.00299048063800457,-0.00137772996945065,"ASV_2052","no_hit","Dinophyceae","Dinophyceae","Syndiniales","no_hit","no_hit","no_hit"
"2011","ASV_2053",-0.00777571792228252,-0.0061381995412239,0.00668568892117837,"ASV_2053","no_hit","Dinophyceae","Dinophyceae","Syndiniales","no_hit","no_hit","no_hit"
"2012","ASV_2054",-0.00678127601802933,-0.00609006202740649,0.00525176957518101,"ASV_2054","no_hit","Dinophyceae","Dinophyceae","Syndiniales","Amoebophryaceae","Amoebophrya","s_"
"2013","ASV_2055",0.00106962786394211,-0.00588384918406775,0.00670909234707057,"ASV_2055","no_hit","Dinophyceae","Dinophyceae","Gymnodiniales","Gymnodiniaceae","Gyrodinium","s_"
"2014","ASV_2056",-0.0081983165150872,0.00850133993299915,0.00317293847441428,"ASV_2056","no_hit","no_hit","no_hit","no_hit","no_hit","g_","s_"
"2015","ASV_2057",-0.00355260244463838,-0.00207435372186336,0.00111091588044489,"ASV_2057","no_hit","Euglenozoa","unknown","Diplonemea","no_hit","no_hit","no_hit"
"2016","ASV_2058",0.00245920877891363,0.00389435028593694,0.00359080026057448,"ASV_2058","no_hit","unknown","unknown","unknown","unknown","unknown","uncultured marine picoeukaryote"
"2017","ASV_2060",0.00808556322890405,0.0104898590571285,0.015115542044621,"ASV_2060","no_hit","unknown","unknown","unknown","unknown","unknown","uncultured marine eukaryote"
"2018","ASV_2061",-0.0016595637789716,0.00990994870439849,0.0155080789711104,"ASV_2061","no_hit","unknown","unknown","unknown","unknown","unknown","s_"
"2019","ASV_2062",-0.00826231029846571,0.00751151489919479,0.00229060893471404,"ASV_2062","no_hit","unknown","unknown","unknown","unknown","g_","s_"
"2020","ASV_2063",-0.00758300458269165,-0.000476723279025643,0.00343549762073333,"ASV_2063","no_hit","Dinophyceae","Dinophyceae","Syndiniales","no_hit","no_hit","no_hit"
"2021","ASV_2064",-0.00235878846760734,-0.00374061829939525,0.00587728257873573,"ASV_2064","no_hit","Cercozoa","Thecofilosea","Cryomonadida","no_hit","no_hit","no_hit"
"2022","ASV_2065",0.000182336487403501,0.00191635675078722,-0.00164063827691416,"ASV_2065","no_hit","Dinophyceae","Dinophyceae","Gonyaulacales","no_hit","g_","s_"
"2023","ASV_2066",-0.0119361410088904,-0.00426379304757202,0.00511364054770044,"ASV_2066","no_hit","unknown","unknown","unknown","unknown","unknown","s_"
"2024","ASV_2067",-0.00347416573338169,-0.00485606828038998,0.00189447259464775,"ASV_2067","no_hit","Euglenozoa","unknown","Diplonemea","unknown","g_","s_"
"2025","ASV_2068",-0.0115455062056411,-0.00270836239996397,0.0096911098319872,"ASV_2068","no_hit","Bacillariophyta","Coscinodiscophyceae","Melosirales","Stephanopyxidaceae","g_","s_"
"2026","ASV_2069",-0.0029299833111326,-0.0020534946505313,0.00235567176079519,"ASV_2069","no_hit","Bacillariophyta","Mediophyceae","Lithodesmiales","Lithodesmiaceae","Ditylum","Ditylum brightwellii"
"2027","ASV_2070",-0.0065449318808857,-9.56854253902243e-05,0.00124667912181309,"ASV_2070","no_hit","Dinophyceae","Dinophyceae","Syndiniales","no_hit","no_hit","no_hit"
"2028","ASV_2072",-0.00230512678746374,0.0185384538689364,0.0146186919764185,"ASV_2072","no_hit","unknown","unknown","unknown","unknown","unknown","uncultured marine eukaryote"
"2029","ASV_2073",-0.00184653961764968,0.0109505013417002,0.0159458661409456,"ASV_2073","no_hit","Imbricatea","unknown","Thaumatomonadida","no_hit","g_","s_"
"2030","ASV_2074",-0.0010696353180562,0.00210018185699124,-0.000920894822993339,"ASV_2074","no_hit","unknown","unknown","unknown","unknown","unknown","s_"
"2031","ASV_2075",0.00900358481119631,0.00246169212847012,0.00913746674807381,"ASV_2075","no_hit","Dinophyceae","Dinophyceae","no_hit","no_hit","no_hit","s_"
"2032","ASV_2076",-0.000447226317672154,-0.00807540216915296,0.00239429737675915,"ASV_2076","no_hit","Dinophyceae","Dinophyceae","Syndiniales","Amoebophryaceae","g_","s_"
"2033","ASV_2077",-0.0104946976583366,-0.0134901057604336,0.00912701567076666,"ASV_2077","no_hit","Dinophyceae","Dinophyceae","no_hit","no_hit","no_hit","no_hit"
"2034","ASV_2078",-0.013832029027663,-0.00212855678387961,0.00417080335110287,"ASV_2078","no_hit","Dinophyceae","Dinophyceae","Syndiniales","no_hit","g_","s_"
"2035","ASV_2079",-0.0126171989216488,-0.0135471786657904,0.00969209696435783,"ASV_2079","no_hit","Ciliophora","Oligohymenophorea","Philasterida","Loxocephalidae","g_","s_"
"2036","ASV_2080",0.00243339626949685,0.00883257534373885,-0.0062717081538824,"ASV_2080","Metazoa","Arthropoda","Hexanauplia","Poecilostomatoida","Oncaeidae","g_","s_"
"2037","ASV_2081",-0.00537600814656631,0.0131281817357696,0.00374528616671032,"ASV_2081","no_hit","unknown","unknown","unknown","unknown","unknown","uncultured marine eukaryote"
"2038","ASV_2082",-0.00150194092820597,0.00179428576858413,0.0155405543844408,"ASV_2082","no_hit","Dinophyceae","Dinophyceae","no_hit","no_hit","no_hit","no_hit"
"2039","ASV_2083",0.00156286559935839,0.00682408893595157,0.00814395403690603,"ASV_2083","no_hit","unknown","Bigyra","Nanomonadea","unknown","g_","s_"
"2040","ASV_2084",-0.00126752369727178,-0.0036763599893204,0.002499895194057,"ASV_2084","no_hit","Dinophyceae","Dinophyceae","no_hit","no_hit","no_hit","no_hit"
"2041","ASV_2085",0.00167443755207392,-0.00177785468406957,0.00597329324383145,"ASV_2085","no_hit","Euglenozoa","Kinetoplastea","Eubodonida","Bodonidae","g_","s_"
"2042","ASV_2086",-0.00230534844812644,-0.00281486857068157,0.00129321090814962,"ASV_2086","no_hit","Euglenozoa","unknown","Diplonemea","unknown","g_","s_"
"2043","ASV_2087",-0.00799601617991656,0.000230378914763226,0.00178871511095637,"ASV_2087","no_hit","Dinophyceae","Dinophyceae","Syndiniales","Syndiniaceae","g_","s_"
"2044","ASV_2088",0.00345910434146259,-0.000171724308830966,0.0032087564167633,"ASV_2088","no_hit","Dinophyceae","Dinophyceae","no_hit","no_hit","no_hit","no_hit"
"2045","ASV_2089",-7.86603606240624e-05,-0.00201505101133535,0.000152500987911775,"ASV_2089","no_hit","Cercozoa","no_hit","no_hit","no_hit","g_","s_"
"2046","ASV_2090",-0.00929380005713834,0.00475730633652128,0.00305746204136634,"ASV_2090","no_hit","Dinophyceae","Dinophyceae","Syndiniales","Amoebophryaceae","Amoebophrya","no_hit"
"2047","ASV_2091",-0.00232647952204525,-0.00313186218906334,0.000952039629580876,"ASV_2091","no_hit","Euglenozoa","unknown","Diplonemea","no_hit","g_","s_"
"2048","ASV_2092",-0.010652424277808,-0.00368519615939825,0.00638337175255517,"ASV_2092","no_hit","Dinophyceae","Dinophyceae","Gymnodiniales","Warnowiaceae","Warnowia","no_hit"
"2049","ASV_2093",0.0110097692657746,0.00461588354709768,0.00867376204505142,"ASV_2093","no_hit","Ciliophora","Prostomatea","Prorodontida","unknown","Halodinium","Halodinium verrucatum"
"2050","ASV_2094",-0.00393379603517418,0.00432786760090247,-0.00152779646488235,"ASV_2094","no_hit","Euglenozoa","unknown","Diplonemea","no_hit","no_hit","no_hit"
"2051","ASV_2095",-0.00140966580273634,-0.00264437611405513,0.000649641753031756,"ASV_2095","no_hit","Euglenozoa","unknown","Diplonemea","no_hit","no_hit","no_hit"
"2052","ASV_2096",-0.00956119923768595,-0.0057548865017198,0.0053570706635163,"ASV_2096","no_hit","Euglenozoa","unknown","Diplonemea","no_hit","no_hit","s_"
"2053","ASV_2097",-0.00394664602465425,0.00573788302113422,0.0145650263883532,"ASV_2097","no_hit","Dinophyceae","Dinophyceae","Blastodiniales","unknown","g_","s_"
"2054","ASV_2098",0.00157873860891584,-0.00172542652783362,-0.00352163322552325,"ASV_2098","no_hit","Apicomplexa","Conoidasida","Eucoccidiorida","Cryptosporidiidae","g_","s_"
"2055","ASV_2099",-0.000184372704650832,0.00342997399842658,-0.0023503133642232,"ASV_2099","no_hit","Euglenozoa","unknown","Diplonemea","unknown","g_","s_"
"2056","ASV_2100",0.000200213498435113,0.00525148228668529,-0.00351941169463644,"ASV_2100","no_hit","Euglenozoa","unknown","Diplonemea","unknown","unknown","Diplonemida sp. 1sb RG-2016"
"2057","ASV_2101",0.000450786182574606,0.00712514761637564,-0.00430131409798752,"ASV_2101","no_hit","Euglenozoa","unknown","Diplonemea","unknown","unknown","s_"
"2058","ASV_2102",-0.0132273852104047,0.00486037784435545,0.00310758739666986,"ASV_2102","no_hit","unknown","unknown","unknown","unknown","unknown","uncultured marine eukaryote"
"2059","ASV_2103",0.00531883060314863,0.00520593873785938,0.00688839859505799,"ASV_2103","no_hit","Dinophyceae","Dinophyceae","no_hit","no_hit","g_","s_"
"2060","ASV_2104",0.00607417055140265,-0.00180856711223826,0.00999553350657118,"ASV_2104","no_hit","Bacillariophyta","Coscinodiscophyceae","Thalassiosirales","Thalassiosiraceae","Thalassiosira","s_"
"2061","ASV_2105",0.000456923205152366,0.00120526673893298,-0.00184629576093886,"ASV_2105","no_hit","unknown","Polycystinea","Spumellaria","no_hit","no_hit","no_hit"
"2062","ASV_2106",-0.00573325661034858,0.0074166927172642,-0.000375426557463705,"ASV_2106","no_hit","Dinophyceae","Dinophyceae","Syndiniales","Amoebophryaceae","g_","s_"
"2063","ASV_2107",-0.00426836476652019,-0.00657256657066389,0.00325757420373443,"ASV_2107","no_hit","Euglenozoa","unknown","Diplonemea","unknown","g_","s_"
"2064","ASV_2108",0.000563580761808218,0.0061993010131217,-0.00428150143255291,"ASV_2108","Metazoa","Chordata","Actinopteri","Stomiiformes","Gonostomatidae","Cyclothone","Cyclothone atraria"
"2065","ASV_2109",-0.00667844030768139,0.00814107315781893,0.0116166782498684,"ASV_2109","no_hit","Dinophyceae","Dinophyceae","Syndiniales","Amoebophryaceae","Amoebophrya","s_"
"2066","ASV_2110",-0.00739875655497566,0.00676325761981716,0.00471839924417878,"ASV_2110","no_hit","no_hit","no_hit","no_hit","no_hit","no_hit","no_hit"
"2067","ASV_2111",0.00362456500417578,0.00476285388441721,0.00791429140539195,"ASV_2111","Viridiplantae","Chlorophyta","Mamiellophyceae","Dolichomastigales","Crustomastigaceae","g_","s_"
"2068","ASV_2112",0.00117370492720344,0.00470539381447185,-0.00343881682944405,"ASV_2112","no_hit","unknown","Polycystinea","Spumellaria","Spongodiscidae","Stylodictya","Stylodictya sp. 8037"
"2069","ASV_2113",-0.0110296171959301,0.0128240721586569,-0.00045362925195383,"ASV_2113","no_hit","Dinophyceae","Dinophyceae","Syndiniales","Amoebophryaceae","g_","s_"
"2070","ASV_2114",0.000561413546282088,0.00620292973620676,-0.0042836747812913,"ASV_2114","no_hit","no_hit","no_hit","no_hit","no_hit","g_","s_"
"2071","ASV_2115",0.000195701576706531,1.92715930131233e-05,-0.00124694010486949,"ASV_2115","no_hit","Euglenozoa","unknown","Diplonemea","unknown","g_","s_"
"2072","ASV_2116",0.000555608227986336,0.00634011837531486,-0.00434812144994166,"ASV_2116","no_hit","Dinophyceae","Dinophyceae","no_hit","no_hit","g_","s_"
"2073","ASV_2117",-0.0120304281122126,0.00951844430096402,-0.000109595887151958,"ASV_2117","no_hit","Dinophyceae","Dinophyceae","Prorocentrales","Prorocentraceae","g_","s_"
"2074","ASV_2118",-8.79416861117177e-05,-0.0108985066865858,0.00393387974165704,"ASV_2118","no_hit","unknown","unknown","unknown","unknown","unknown","s_"
"2075","ASV_2119",0.00273236111352824,-0.005343461551815,0.00854897446025116,"ASV_2119","no_hit","no_hit","no_hit","no_hit","no_hit","g_","s_"
"2076","ASV_2120",0.0140098442129233,0.00817333808453006,0.0149168691154705,"ASV_2120","no_hit","unknown","unknown","unknown","unknown","unknown","uncultured marine picoeukaryote"
"2077","ASV_2121",-0.00750903942513126,-0.00015965009114668,0.00180722463980819,"ASV_2121","no_hit","no_hit","no_hit","no_hit","no_hit","g_","s_"
"2078","ASV_2122",0.00454970765714701,0.00132276016389324,0.00497808610412796,"ASV_2122","no_hit","Dinophyceae","Dinophyceae","Peridiniales","Peridiniaceae","no_hit","s_"
"2079","ASV_2123",0.00154576510456912,0.00385676993136927,-0.00241402994757656,"ASV_2123","no_hit","no_hit","no_hit","no_hit","no_hit","g_","s_"
"2080","ASV_2124",-0.00161681172548036,0.00630863415527738,0.0152768918969084,"ASV_2124","no_hit","Haptophyta","unknown","Phaeocystales","Phaeocystaceae","Phaeocystis","no_hit"
"2081","ASV_2125",-0.00115826366129495,0.00245636562046546,0.00409245773137791,"ASV_2125","no_hit","Dinophyceae","Dinophyceae","Syndiniales","Amoebophryaceae","Amoebophrya","s_"
"2082","ASV_2126",0.00407471566128329,0.00088423577258892,0.00614110147528963,"ASV_2126","no_hit","Dinophyceae","Dinophyceae","Gymnodiniales","Gymnodiniaceae","Gymnodinium","s_"
"2083","ASV_2127",-0.00385834395495899,-0.00506809221853117,0.00261894165311278,"ASV_2127","no_hit","Euglenozoa","unknown","Diplonemea","unknown","g_","s_"
"2084","ASV_2128",-0.0013648115744252,-0.0012733071398149,0.00038795234869238,"ASV_2128","no_hit","no_hit","no_hit","no_hit","no_hit","no_hit","no_hit"
"2085","ASV_2129",-0.00217906413163213,-0.00868305124109513,0.00339725688419818,"ASV_2129","no_hit","no_hit","no_hit","no_hit","no_hit","no_hit","s_"
"2086","ASV_2130",-0.0137981923287126,0.000740399616648676,0.00517045136563795,"ASV_2130","no_hit","unknown","unknown","unknown","unknown","g_","s_"
"2087","ASV_2131",0.0128295271382252,0.00786021973563585,0.0129690265290161,"ASV_2131","no_hit","Cercozoa","unknown","unknown","unknown","unknown","s_"
"2088","ASV_2132",0.003356380824527,0.00097619849786856,0.001576130900107,"ASV_2132","no_hit","Dinophyceae","Dinophyceae","Gymnodiniales","Gymnodiniaceae","Akashiwo","Akashiwo sanguinea"
"2089","ASV_2133",-0.0100244208455253,0.00996396206697366,0.00971306515563227,"ASV_2133","no_hit","unknown","unknown","unknown","unknown","g_","s_"
"2090","ASV_2134",-0.0141705623683206,0.011531956712059,0.00528014075744197,"ASV_2134","no_hit","Dinophyceae","Dinophyceae","Syndiniales","Amoebophryaceae","g_","s_"
"2091","ASV_2135",0.00202167176634542,-0.0054635799298383,0.009885179307574,"ASV_2135","no_hit","Dinophyceae","Dinophyceae","Syndiniales","no_hit","no_hit","no_hit"
"2092","ASV_2136",-0.00285055024777678,0.00617985926847752,0.00357859779841154,"ASV_2136","no_hit","Bacillariophyta","Coscinodiscophyceae","Chaetocerotales","Chaetocerotaceae","Chaetoceros","Chaetoceros costatus"
"2093","ASV_2137",-0.00449557473163485,-0.00780574483587776,0.00353737955349953,"ASV_2137","no_hit","Dinophyceae","Dinophyceae","Syndiniales","Amoebophryaceae","Amoebophrya","s_"
"2094","ASV_2138",-0.00771327277060892,0.0145094547840266,0.00771172996935352,"ASV_2138","Viridiplantae","Streptophyta","Magnoliopsida","Brassicales","Brassicaceae","g_","s_"
"2095","ASV_2140",-0.00852908022200265,0.00833115604120556,-0.000234195673162167,"ASV_2140","no_hit","Dinophyceae","Dinophyceae","Syndiniales","no_hit","g_","s_"
"2096","ASV_2141",-0.00896261708816936,-0.005318316601532,0.00898128439251336,"ASV_2141","no_hit","Dinophyceae","Dinophyceae","no_hit","no_hit","no_hit","no_hit"
"2097","ASV_2142",0.0038482827443279,0.000928770143332921,0.0100342742315131,"ASV_2142","no_hit","no_hit","no_hit","no_hit","no_hit","no_hit","no_hit"
"2098","ASV_2143",-0.00329743111935768,-0.00551622535198659,0.0117277764880715,"ASV_2143","no_hit","unknown","Bigyra","Oblongichytrida","unknown","g_","s_"
"2099","ASV_2144",-0.0109486474988767,0.0107618292173766,0.00265355445071821,"ASV_2144","no_hit","unknown","unknown","unknown","unknown","unknown","uncultured marine eukaryote"
"2100","ASV_2145",-0.00310260815697716,0.017467836360502,0.010955148774695,"ASV_2145","no_hit","unknown","unknown","unknown","unknown","unknown","uncultured marine eukaryote"
"2101","ASV_2146",0.00965550454058806,0.0085708260090523,0.0188350093486507,"ASV_2146","no_hit","Dinophyceae","Dinophyceae","no_hit","no_hit","no_hit","no_hit"
"2102","ASV_2147",-0.00791478342699263,-0.0167657770604658,0.00896479579333797,"ASV_2147","no_hit","unknown","unknown","unknown","unknown","unknown","uncultured marine picoeukaryote"
"2103","ASV_2148",0.000460590376517386,0.00266709116981913,-0.000808407965204919,"ASV_2148","no_hit","no_hit","no_hit","no_hit","no_hit","no_hit","no_hit"
"2104","ASV_2149",0.00166914521103962,0.0100109549724685,0.00806632983386876,"ASV_2149","no_hit","Dinophyceae","Dinophyceae","no_hit","no_hit","no_hit","no_hit"
"2105","ASV_2150",0.00259873564551047,-0.00608056807084884,0.0239370274648095,"ASV_2150","no_hit","no_hit","no_hit","no_hit","no_hit","no_hit","no_hit"
"2106","ASV_2151",0.00257136796981655,0.00811095688324862,0.0140723942726904,"ASV_2151","no_hit","Dinophyceae","Dinophyceae","Prorocentrales","Prorocentraceae","Prorocentrum","Prorocentrum tsawwassenense"
"2107","ASV_2152",0.00782226323771154,0.00567520649591515,0.0108721732875408,"ASV_2152","no_hit","unknown","Bigyra","Bicosoecida","no_hit","no_hit","no_hit"
"2108","ASV_2153",-0.0149995435850549,-0.0043878814046426,0.0103037455927386,"ASV_2153","no_hit","unknown","unknown","unknown","unknown","unknown","uncultured marine eukaryote"
"2109","ASV_2154",0.00191282843865266,0.00514390938661599,-0.00279338162887487,"ASV_2154","no_hit","Ciliophora","Oligohymenophorea","Apostomatida","Foettingeriidae","no_hit","no_hit"
"2110","ASV_2157",-0.0141209774602432,0.0101225803172233,0.0013090700095611,"ASV_2157","no_hit","Dinophyceae","Dinophyceae","no_hit","no_hit","no_hit","no_hit"
"2111","ASV_2158",0.00628320162692387,0.0032221644327366,0.00498623932295622,"ASV_2158","no_hit","Dinophyceae","Dinophyceae","no_hit","no_hit","no_hit","no_hit"
"2112","ASV_2159",-0.00321412559271483,-0.00489096818227109,0.00317304183607332,"ASV_2159","no_hit","unknown","Cryptophyceae","Cyathomonadacea","Goniomonadaceae","Goniomonas","s_"
"2113","ASV_2160",0.00276098927910874,0.00115164756721787,0.00173002202360909,"ASV_2160","no_hit","Dinophyceae","Dinophyceae","Gonyaulacales","Gonyaulacaceae","Alexandrium","no_hit"
"2114","ASV_2161",0.00714355173789898,0.0118044784701373,0.0158720862813475,"ASV_2161","no_hit","Bacillariophyta","Coscinodiscophyceae","Thalassiosirales","Lauderiaceae","Lauderia","Lauderia borealis"
"2115","ASV_2162",0.00869993064426669,0.00325309523761322,0.00678045448646814,"ASV_2162","no_hit","Dinophyceae","Dinophyceae","Gonyaulacales","Pyrophacaceae","Fragilidium","Fragilidium duplocampanaeforme"
"2116","ASV_2163",0.000323780589940423,-0.00226045364770529,-0.0031481124990635,"ASV_2163","no_hit","Dinophyceae","Dinophyceae","Peridiniales","Kryptoperidiniaceae","g_","s_"
"2117","ASV_2164",-0.00100425901025464,-0.007042596098137,0.0160345912909382,"ASV_2164","no_hit","Bacillariophyta","Fragilariophyceae","Fragilariales","Fragilariaceae","no_hit","no_hit"
"2118","ASV_2165",0.00184327601642231,0.000916424609084418,0.00381967349708628,"ASV_2165","Viridiplantae","Chlorophyta","Pedinophyceae","Marsupiomonadales","Marsupiomonadaceae","Protoeuglena","Protoeuglena noctilucae"
"2119","ASV_2166",-0.0173753969474636,0.00664415402683549,0.00184685710597329,"ASV_2166","no_hit","Euglenozoa","unknown","Diplonemea","Diplonemidae","g_","s_"
"2120","ASV_2167",0.00448707743171571,0.017126474452624,0.0169467271944107,"ASV_2167","no_hit","unknown","Cryptophyceae","Cryptomonadales","Hemiselmidaceae","Hemiselmis","no_hit"
"2121","ASV_2168",-0.0135153037140986,0.00894869314883012,0.00343793184043796,"ASV_2168","no_hit","Dinophyceae","Dinophyceae","Syndiniales","Amoebophryaceae","Amoebophrya","s_"
"2122","ASV_2169",-1.93823134907605e-05,0.00582900197178739,-0.00173488234882703,"ASV_2169","no_hit","no_hit","no_hit","no_hit","no_hit","no_hit","no_hit"
"2123","ASV_2170",0.00157590671507395,0.00596451276214529,-0.00430196726758118,"ASV_2170","no_hit","Euglenozoa","unknown","Diplonemea","unknown","unknown","s_"
"2124","ASV_2171",0.000536118428204843,-0.00184640542403785,-0.00278308843805636,"ASV_2171","no_hit","Dinophyceae","Dinophyceae","Gymnodiniales","Warnowiaceae","Erythropsidinium","no_hit"
"2125","ASV_2172",0.00924304949061565,0.00516443263144354,0.0109895042280491,"ASV_2172","no_hit","Dinophyceae","Dinophyceae","Syndiniales","Amoebophryaceae","Amoebophrya","no_hit"
"2126","ASV_2173",0.00645647189145201,0.0140225107670509,0.0155950351208166,"ASV_2173","no_hit","Bacillariophyta","Bacillariophyceae","Naviculales","no_hit","no_hit","no_hit"
"2127","ASV_2174",0.00081291851554995,-0.00553764717314112,0.0135501521342428,"ASV_2174","no_hit","Cercozoa","Thecofilosea","unknown","unknown","g_","s_"
"2128","ASV_2175",-0.00698350247480526,-0.000932850810211601,0.00192175959494644,"ASV_2175","no_hit","Euglenozoa","unknown","Diplonemea","unknown","g_","s_"
"2129","ASV_2176",-0.00666304589287403,0.0170229893831092,0.0111708057953065,"ASV_2176","no_hit","Bacillariophyta","Coscinodiscophyceae","Stephanodiscales","Stephanodiscaceae","Cyclotella","Cyclotella striata"
"2130","ASV_2177",0.00144344458096504,-0.00624645027955134,0.0105475353194665,"ASV_2177","no_hit","Dinophyceae","Dinophyceae","Syndiniales","Amoebophryaceae","g_","s_"
"2131","ASV_2178",-0.00452643847045665,0.00911292886857786,0.00767848570886078,"ASV_2178","no_hit","unknown","unknown","unknown","unknown","g_","s_"
"2132","ASV_2179",-0.0141575422538447,0.00587228427404145,0.00674553687879148,"ASV_2179","no_hit","Dinophyceae","Dinophyceae","Syndiniales","no_hit","g_","s_"
"2133","ASV_2180",-0.0124460804666349,0.00916545603893954,0.0148366713230354,"ASV_2180","no_hit","Dinophyceae","Dinophyceae","no_hit","no_hit","g_","s_"
"2134","ASV_2181",0.0109636388828769,0.00741499646721345,0.0118511724532505,"ASV_2181","no_hit","unknown","unknown","unknown","unknown","unknown","uncultured marine picoeukaryote"
"2135","ASV_2182",-0.0134844082298367,-0.00716255349265406,0.00829096836889696,"ASV_2182","no_hit","Dinophyceae","Dinophyceae","Gymnodiniales","no_hit","no_hit","no_hit"
"2136","ASV_2183",-0.0014578054429593,-0.00378045500604462,0.00211837219531682,"ASV_2183","no_hit","Dinophyceae","Dinophyceae","Syndiniales","Amoebophryaceae","g_","s_"
"2137","ASV_2184",0.000864266662814725,0.00883490232118698,-0.00537390683441656,"ASV_2184","no_hit","Euglenozoa","unknown","Diplonemea","unknown","g_","s_"
"2138","ASV_2185",-0.00202260377677903,0.00725062867560083,0.00626399680220798,"ASV_2185","no_hit","Dinophyceae","Dinophyceae","unknown","unknown","g_","s_"
"2139","ASV_2186",-0.0108688922540261,-0.000916596921755306,0.0039067383011779,"ASV_2186","no_hit","Dinophyceae","Dinophyceae","Syndiniales","no_hit","no_hit","no_hit"
"2140","ASV_2187",-0.000791183380840507,-0.00352103723701091,0.00130614900368015,"ASV_2187","no_hit","Dinophyceae","Dinophyceae","Syndiniales","no_hit","no_hit","no_hit"
"2141","ASV_2188",-0.0143839249807601,0.00928485145564284,0.0095442153510695,"ASV_2188","no_hit","Ciliophora","Oligohymenophorea","Philasterida","no_hit","no_hit","s_"
"2142","ASV_2190",-0.0097349622671177,0.00602138555683851,-4.2092197814831e-05,"ASV_2190","no_hit","Dinophyceae","Dinophyceae","Syndiniales","no_hit","no_hit","s_"
"2143","ASV_2191",-0.0186030336106883,-0.0115070556304486,0.0109099695510465,"ASV_2191","no_hit","Dinophyceae","Dinophyceae","Peridiniales","Heterocapsaceae","Heterocapsa","no_hit"
"2144","ASV_2192",-0.00479211240226642,-0.0109135534978265,0.00482696763920155,"ASV_2192","no_hit","Euglenozoa","unknown","Diplonemea","no_hit","no_hit","no_hit"
"2145","ASV_2193",0.00903747325375548,0.00284887430274899,0.00889332616689346,"ASV_2193","no_hit","no_hit","no_hit","no_hit","no_hit","no_hit","s_"
"2146","ASV_2194",-0.00829048933881811,-0.0194040418158672,0.010425387853763,"ASV_2194","no_hit","Dinophyceae","Dinophyceae","Syndiniales","no_hit","no_hit","no_hit"
"2147","ASV_2195",-0.00185940224612742,-0.00371081623338684,0.00160844217391247,"ASV_2195","no_hit","unknown","unknown","unknown","unknown","g_","s_"
"2148","ASV_2196",-0.016827226487365,0.00338384829744073,0.0112358499496725,"ASV_2196","no_hit","Dinophyceae","Dinophyceae","no_hit","no_hit","no_hit","no_hit"
"2149","ASV_2198",-0.0147715759514486,0.00571389622243058,0.00381169326187234,"ASV_2198","no_hit","no_hit","no_hit","no_hit","no_hit","no_hit","no_hit"
"2150","ASV_2199",-0.0082852830453582,0.0184974304595806,0.0083367561319596,"ASV_2199","no_hit","no_hit","no_hit","no_hit","no_hit","no_hit","no_hit"
"2151","ASV_2200",-0.00348664786508567,0.0120607900677491,0.00654240879285786,"ASV_2200","no_hit","no_hit","no_hit","no_hit","no_hit","no_hit","no_hit"
"2152","ASV_2201",-0.00809160799471816,0.00551176990035062,-0.000358541589516446,"ASV_2201","no_hit","Ciliophora","Oligohymenophorea","Apostomatida","no_hit","no_hit","no_hit"
"2153","ASV_2202",-0.00184254928515618,-0.00197384768857508,-0.00335826107049867,"ASV_2202","Metazoa","Echinodermata","Echinoidea","no_hit","no_hit","no_hit","no_hit"
"2154","ASV_2203",-0.00738851528262953,0.0171288145428983,0.012401849203609,"ASV_2203","no_hit","unknown","Bolidophyceae","Parmales","Triparmaceae","g_","s_"
"2155","ASV_2204",-0.00562182875960342,-0.016592441942606,0.00808509359333409,"ASV_2204","no_hit","no_hit","no_hit","no_hit","no_hit","g_","s_"
"2156","ASV_2205",0.00216422990827235,0.00885506690897567,0.0105969593083612,"ASV_2205","no_hit","unknown","unknown","unknown","unknown","g_","s_"
"2157","ASV_2206",-0.0157225042038322,0.000203116913758653,0.00756619780736333,"ASV_2206","no_hit","Haptophyta","no_hit","no_hit","no_hit","no_hit","s_"
"2158","ASV_2207",-0.011584730608494,-0.00692281682638712,0.00697076429254361,"ASV_2207","no_hit","no_hit","no_hit","no_hit","no_hit","no_hit","no_hit"
"2159","ASV_2208",0.00130027494426238,-3.02717578358655e-05,-0.00150753987988952,"ASV_2208","no_hit","unknown","unknown","unknown","unknown","g_","s_"
"2160","ASV_2209",-0.00809430969397962,0.00895209411474252,0.00320701620063904,"ASV_2209","no_hit","no_hit","no_hit","no_hit","no_hit","g_","s_"
"2161","ASV_2210",-0.00323660517747647,-0.00327470957191669,0.00282242675879948,"ASV_2210","no_hit","Dinophyceae","Dinophyceae","Suessiales","Suessiaceae","g_","s_"
"2162","ASV_2212",-0.0102673920259583,-0.00532507146445896,0.00525622651163534,"ASV_2212","no_hit","Dinophyceae","Dinophyceae","no_hit","no_hit","no_hit","no_hit"
"2163","ASV_2213",-0.00338061622663917,-0.0107678824878409,0.00455439712709085,"ASV_2213","no_hit","unknown","unknown","unknown","unknown","unknown","s_"
"2164","ASV_2214",-0.00447192555293929,-0.00155707346844732,0.00140028591013592,"ASV_2214","no_hit","no_hit","no_hit","no_hit","no_hit","g_","s_"
"2165","ASV_2215",0.00768132696389694,0.00396284863935756,0.00795793848217025,"ASV_2215","no_hit","Dinophyceae","Dinophyceae","Syndiniales","Amoebophryaceae","g_","s_"
"2166","ASV_2216",-0.00837267665333639,-0.00180795565326078,0.0102011151511966,"ASV_2216","no_hit","no_hit","no_hit","no_hit","no_hit","no_hit","no_hit"
"2167","ASV_2217",0.00569365091513503,0.00567668277144599,0.00747850452765566,"ASV_2217","no_hit","no_hit","no_hit","no_hit","no_hit","g_","s_"
"2168","ASV_2218",-0.0032486086601919,0.000194283649798237,0.00158932852761827,"ASV_2218","no_hit","Dinophyceae","Dinophyceae","no_hit","no_hit","no_hit","no_hit"
"2169","ASV_2219",0.00082436962618106,0.0058720404694051,-0.00399704513787252,"ASV_2219","no_hit","Euglenozoa","unknown","Diplonemea","unknown","g_","s_"
"2170","ASV_2220",0.0038980702786162,-0.000452673707902574,0.000472657417957661,"ASV_2220","no_hit","unknown","unknown","unknown","unknown","g_","s_"
"2171","ASV_2221",0.00310467572120209,0.0131125611832086,0.0165261696656551,"ASV_2221","no_hit","no_hit","no_hit","no_hit","no_hit","no_hit","no_hit"
"2172","ASV_2222",0.00432993294763698,0.0020243523682353,0.00352306378621495,"ASV_2222","no_hit","Dinophyceae","Dinophyceae","Syndiniales","Amoebophryaceae","g_","s_"
"2173","ASV_2223",-0.00859637255894513,-0.00323939788032751,0.00734566727254345,"ASV_2223","no_hit","unknown","Bigyra","Nanomonadea","unknown","g_","s_"
"2174","ASV_2224",0.00610343153468644,0.00328566709881978,0.0097337892411149,"ASV_2224","no_hit","Dinophyceae","Dinophyceae","no_hit","no_hit","no_hit","no_hit"
"2175","ASV_2225",0.000554650373368085,-0.000621765880052935,0.00319152572628799,"ASV_2225","no_hit","Dinophyceae","Dinophyceae","Syndiniales","Amoebophryaceae","g_","s_"
"2176","ASV_2226",-0.000608167881841807,-0.00606245058943449,0.00163194461698727,"ASV_2226","no_hit","unknown","unknown","unknown","unknown","g_","s_"
"2177","ASV_2227",-0.000468323668437813,-0.00322714638122002,0.00028316990369964,"ASV_2227","no_hit","no_hit","no_hit","no_hit","no_hit","no_hit","no_hit"
"2178","ASV_2228",0.00279349331502717,-0.000795554248989091,0.000550831907692038,"ASV_2228","no_hit","Dinophyceae","Dinophyceae","no_hit","no_hit","no_hit","no_hit"
"2179","ASV_2229",-0.000614646669237268,0.00380734385274815,-0.00279114177150987,"ASV_2229","no_hit","Dinophyceae","Dinophyceae","Syndiniales","Amoebophryaceae","g_","s_"
"2180","ASV_2230",-0.00264611935340164,-0.00401128932560839,0.00184411114945401,"ASV_2230","no_hit","Dinophyceae","Dinophyceae","Syndiniales","Amoebophryaceae","g_","s_"
"2181","ASV_2231",0.00804924009977969,0.0072493840842622,0.0105917309468634,"ASV_2231","no_hit","Cercozoa","Thecofilosea","Cryomonadida","Protaspidae","Cryothecomonas","s_"
"2182","ASV_2232",-0.014297437389329,-7.26195978684637e-05,0.00798796544848528,"ASV_2232","no_hit","Bacillariophyta","Coscinodiscophyceae","Melosirales","Stephanopyxidaceae","g_","s_"
"2183","ASV_2233",-0.005433695636735,0.0062299691206747,-0.00151476811520612,"ASV_2233","no_hit","Dinophyceae","Dinophyceae","no_hit","no_hit","g_","s_"
"2184","ASV_2234",0.00173229651354393,0.00520419558807001,-0.00404429436250515,"ASV_2234","no_hit","Ciliophora","Oligohymenophorea","Apostomatida","Foettingeriidae","no_hit","s_"
"2185","ASV_2235",-0.0129111599005826,0.00619608142839112,0.00365428036571303,"ASV_2235","no_hit","Dinophyceae","Dinophyceae","Peridiniales","Peridiniaceae","g_","s_"
"2186","ASV_2236",-0.000378568649310992,-0.00611582420274714,0.00178134965674027,"ASV_2236","no_hit","Dinophyceae","Dinophyceae","Syndiniales","Amoebophryaceae","g_","s_"
"2187","ASV_2237",0.00118128953926565,-0.0014458407948848,-0.000522653295174315,"ASV_2237","no_hit","Dinophyceae","Dinophyceae","Gymnodiniales","Kareniaceae","Karlodinium","s_"
"2188","ASV_2238",-0.00936939730722182,-0.00951645286227892,0.0182298379767378,"ASV_2238","no_hit","Dinophyceae","Dinophyceae","no_hit","no_hit","no_hit","no_hit"
"2189","ASV_2239",0.010555863292441,0.00662089170679515,0.0135797114518953,"ASV_2239","no_hit","unknown","unknown","unknown","unknown","unknown","uncultured marine picoeukaryote"
"2190","ASV_2240",-0.000654963710342913,0.00276021951486226,0.00209712650236615,"ASV_2240","no_hit","unknown","unknown","unknown","unknown","g_","s_"
"2191","ASV_2241",-0.0108369019112976,-0.00327111358463015,0.00434978519772253,"ASV_2241","no_hit","Ciliophora","Spirotrichea","Tintinnida","Tintinnidae","Salpingella","s_"
"2192","ASV_2242",-0.000255801038391811,0.0041033926655437,-0.00286276652681322,"ASV_2242","no_hit","Euglenozoa","unknown","Diplonemea","unknown","g_","s_"
"2193","ASV_2243",0.00933891642646518,0.00360614322306404,0.01071601114284,"ASV_2243","no_hit","Dinophyceae","Dinophyceae","Peridiniales","Protoperidiniaceae","Protoperidinium","s_"
"2194","ASV_2244",-0.01466659501434,0.000878323198347747,0.0057579669094178,"ASV_2244","no_hit","Dinophyceae","Dinophyceae","no_hit","no_hit","no_hit","no_hit"
"2195","ASV_2246",-0.0054566870307867,0.00962652719481434,0.00658261034341334,"ASV_2246","no_hit","no_hit","no_hit","no_hit","no_hit","no_hit","no_hit"
"2196","ASV_2247",0.00722422687592589,0.00518967876444584,0.00961963098231358,"ASV_2247","no_hit","Dinophyceae","Dinophyceae","Syndiniales","no_hit","no_hit","no_hit"
"2197","ASV_2248",-0.00142559157699812,-0.00617455454859373,0.00192478599683825,"ASV_2248","no_hit","unknown","Choanoflagellata","Acanthoecida","Stephanoecidae","g_","s_"
"2198","ASV_2249",-0.00112415383768212,-0.00130311421475137,-0.000288100369027949,"ASV_2249","no_hit","no_hit","no_hit","no_hit","no_hit","no_hit","no_hit"
"2199","ASV_2250",-0.0055960818471244,-0.0152999427862496,0.010800168811397,"ASV_2250","no_hit","Dinophyceae","Dinophyceae","Syndiniales","Duboscquellidae","g_","s_"
"2200","ASV_2251",0.00069526208367821,-0.00138045029717198,-0.00292264128660137,"ASV_2251","Viridiplantae","Chlorophyta","Mamiellophyceae","Mamiellales","Bathycoccaceae","Ostreococcus","no_hit"
"2201","ASV_2252",-0.0109864715167636,-0.00409030378460175,0.0095085357950328,"ASV_2252","no_hit","Cercozoa","no_hit","no_hit","no_hit","g_","s_"
"2202","ASV_2253",-0.000565907574857665,-0.000688222868761598,-0.00016716494536716,"ASV_2253","no_hit","Ciliophora","Oligohymenophorea","Apostomatida","no_hit","no_hit","no_hit"
"2203","ASV_2254",0.000671980100330138,0.00588910625122889,-0.0037270744501963,"ASV_2254","no_hit","Dinophyceae","Dinophyceae","Coccidiniales","Chytriodiniaceae","g_","s_"
"2204","ASV_2255",-0.0106992827261078,0.0161179507675265,0.00381118405399539,"ASV_2255","no_hit","unknown","Cryptophyceae","Kathablepharidacea","Katablepharidaceae","Leucocryptos","Leucocryptos marina"
"2205","ASV_2256",0.0076100436591218,0.00360127834893061,0.0088059362348482,"ASV_2256","no_hit","Dinophyceae","Dinophyceae","no_hit","no_hit","g_","s_"
"2206","ASV_2257",0.00428481595444243,-0.00168538348851908,0.00218490793662442,"ASV_2257","no_hit","Dinophyceae","Dinophyceae","no_hit","no_hit","no_hit","no_hit"
"2207","ASV_2258",0.00795755206910502,0.0110881617371251,0.0219940639551657,"ASV_2258","no_hit","Dinophyceae","Dinophyceae","Syndiniales","Amoebophryaceae","g_","s_"
"2208","ASV_2259",-0.00362661643525999,0.00380292529801174,-0.00138510982406724,"ASV_2259","Metazoa","Cnidaria","Anthozoa","Actiniaria","no_hit","no_hit","no_hit"
"2209","ASV_2260",0.000300196161429762,0.00544214553198469,-0.00378930590990374,"ASV_2260","no_hit","no_hit","no_hit","no_hit","no_hit","no_hit","no_hit"
"2210","ASV_2261",-0.00321897364506068,-0.00779495316233622,0.00420661316589514,"ASV_2261","no_hit","Cercozoa","no_hit","no_hit","no_hit","no_hit","no_hit"
"2211","ASV_2262",-0.00100959254371927,0.00113704559603363,0.000756141459924826,"ASV_2262","Metazoa","Chordata","Thaliacea","Salpida","Salpidae","Cyclosalpa","Cyclosalpa polae"
"2212","ASV_2263",0.00734865693621556,0.00283846320745445,0.00658551448876026,"ASV_2263","no_hit","Ciliophora","Spirotrichea","Tintinnida","Xystonellidae","g_","s_"
"2213","ASV_2264",-0.00232558304977382,-0.00408552248853195,0.000646037484545706,"ASV_2264","no_hit","no_hit","no_hit","no_hit","no_hit","no_hit","no_hit"
"2214","ASV_2265",-0.00131618851706194,0.00527156558900483,-0.000779941427281225,"ASV_2265","no_hit","unknown","unknown","unknown","unknown","g_","s_"
"2215","ASV_2266",0.0015494694901462,0.00538686808346811,-0.00408098423123892,"ASV_2266","no_hit","Euglenozoa","unknown","Diplonemea","unknown","g_","s_"
"2216","ASV_2267",-0.000874223851608018,-0.00835090373516016,0.00385035168052487,"ASV_2267","no_hit","Dinophyceae","Dinophyceae","Gymnodiniales","Kareniaceae","g_","s_"
"2217","ASV_2268",-0.00210294765529727,-0.00750562168913932,0.0080678632686944,"ASV_2268","no_hit","Dinophyceae","Dinophyceae","Syndiniales","Amoebophryaceae","g_","s_"
"2218","ASV_2269",0.00866115396377218,0.0017886371230926,0.0233042110227228,"ASV_2269","Viridiplantae","Chlorophyta","Mamiellophyceae","Dolichomastigales","Crustomastigaceae","g_","s_"
"2219","ASV_2270",0.00128532120829922,-0.00787467876286199,0.00101667621363105,"ASV_2270","no_hit","Bacillariophyta","Coscinodiscophyceae","Chaetocerotales","Chaetocerotaceae","Chaetoceros","Chaetoceros sp. NIES-3971"
"2220","ASV_2271",0.0018490327834039,0.000621682157950468,-0.00198807288816098,"ASV_2271","no_hit","Dinophyceae","Dinophyceae","no_hit","no_hit","g_","s_"
"2221","ASV_2272",-0.000208817273202907,0.000917368802194904,-6.99476524284022e-05,"ASV_2272","no_hit","Ciliophora","Oligohymenophorea","Philasterida","no_hit","g_","s_"
"2222","ASV_2273",-0.00597797556543225,-0.0132446140908437,0.00766447375353722,"ASV_2273","no_hit","Ciliophora","Colpodea","unknown","unknown","g_","s_"
"2223","ASV_2274",-6.06907792117332e-05,0.00581936169910857,0.00694316973711906,"ASV_2274","no_hit","Dinophyceae","Dinophyceae","Syndiniales","Amoebophryaceae","Amoebophrya","no_hit"
"2224","ASV_2275",-0.00284869943035467,-0.0102531096985184,0.00413207119529284,"ASV_2275","no_hit","no_hit","no_hit","no_hit","no_hit","g_","s_"
"2225","ASV_2276",-0.000305891466603733,-0.00209590102227985,-2.76075734649317e-05,"ASV_2276","no_hit","Euglenozoa","unknown","Diplonemea","unknown","unknown","s_"
"2226","ASV_2277",-0.0139484790019706,0.0106433284009978,0.00645002787240492,"ASV_2277","no_hit","no_hit","no_hit","no_hit","no_hit","no_hit","no_hit"
"2227","ASV_2278",-0.00446604188150242,-0.0131371642282513,0.00631671847705521,"ASV_2278","no_hit","Imbricatea","unknown","Euglyphida","Paulinellidae","g_","s_"
"2228","ASV_2279",0.000280356553809122,0.0162957355651745,0.0117296471223152,"ASV_2279","no_hit","Haptophyta","unknown","Prymnesiales","Chrysochromulinaceae","Chrysochromulina","Chrysochromulina sp. Hp34EHU"
"2229","ASV_2280",-0.00241730791287001,-0.0035077541449715,0.00106268556869755,"ASV_2280","no_hit","no_hit","no_hit","no_hit","no_hit","no_hit","no_hit"
"2230","ASV_2281",-0.0131907724977978,-0.00419730864239122,0.0064784545744849,"ASV_2281","no_hit","Dinophyceae","Dinophyceae","Gymnodiniales","Gymnodiniaceae","g_","s_"
"2231","ASV_2282",-0.0170480992902038,0.00374626513669889,0.0052631702541244,"ASV_2282","no_hit","Dinophyceae","Dinophyceae","Syndiniales","Amoebophryaceae","g_","s_"
"2232","ASV_2283",0.00742241013456732,0.00643655215440589,0.00937891940667798,"ASV_2283","no_hit","Bacillariophyta","Coscinodiscophyceae","Melosirales","Stephanopyxidaceae","g_","s_"
"2233","ASV_2284",-0.0101772093720611,0.0100781792309653,-0.000426925125858299,"ASV_2284","no_hit","Cercozoa","unknown","Cercomonadida","Cercomonadidae","g_","s_"
"2234","ASV_2285",-0.00424525218847904,-0.0157034509639405,0.00651135431241608,"ASV_2285","no_hit","Dinophyceae","Dinophyceae","Syndiniales","Amoebophryaceae","g_","s_"
"2235","ASV_2287",-0.000870245952727433,0.00899694619094941,-0.00458222087232284,"ASV_2287","no_hit","Euglenozoa","unknown","Diplonemea","unknown","g_","s_"
"2236","ASV_2288",-0.00407989598574452,-0.00471537753515431,0.00221004966844759,"ASV_2288","no_hit","Dinophyceae","Dinophyceae","Syndiniales","Amoebophryaceae","g_","s_"
"2237","ASV_2289",0.0105402542250872,0.00914675705724127,0.015513907008835,"ASV_2289","no_hit","unknown","Choanoflagellata","Craspedida","Salpingoecidae","g_","s_"
"2238","ASV_2290",-0.0139036022891879,-0.0101409318186045,0.0125145532825016,"ASV_2290","no_hit","unknown","unknown","unknown","unknown","unknown","s_"
"2239","ASV_2291",-0.00994395728403877,0.00406143772626319,0.000920421030568787,"ASV_2291","no_hit","no_hit","no_hit","no_hit","no_hit","no_hit","no_hit"
"2240","ASV_2292",-0.00595749814026907,-0.00522337464734003,0.00541551024540629,"ASV_2292","no_hit","no_hit","no_hit","no_hit","no_hit","g_","s_"
"2241","ASV_2293",-0.0106004399611293,0.00231586547380388,0.00369791666000777,"ASV_2293","no_hit","unknown","unknown","unknown","unknown","unknown","uncultured marine eukaryote"
"2242","ASV_2294",0.000100130317520411,-0.00203054744086032,0.00259426263535153,"ASV_2294","no_hit","Dinophyceae","Dinophyceae","Syndiniales","Amoebophryaceae","g_","s_"
"2243","ASV_2295",-3.86940125572614e-05,-0.00279721965803858,-0.000174019689125903,"ASV_2295","no_hit","unknown","unknown","unknown","unknown","g_","s_"
"2244","ASV_2296",-0.0108981134973642,0.00250788263584547,0.00777647983823676,"ASV_2296","no_hit","Euglenozoa","unknown","Diplonemea","no_hit","no_hit","no_hit"
"2245","ASV_2297",-0.006820763057962,0.0109871115257195,0.00966500390581175,"ASV_2297","no_hit","unknown","Choanoflagellata","Acanthoecida","Acanthoecidae","g_","s_"
"2246","ASV_2298",-0.0103454051096473,0.0100467574834644,0.00140851290260857,"ASV_2298","no_hit","unknown","Dictyochophyceae","Pedinellales","no_hit","no_hit","no_hit"
"2247","ASV_2299",-0.0106510887587387,-0.0050158544049504,0.00622019762235144,"ASV_2299","no_hit","no_hit","no_hit","no_hit","no_hit","no_hit","no_hit"
"2248","ASV_2300",-0.00056164874575669,-0.0136692093629253,0.0166748418989602,"ASV_2300","no_hit","no_hit","no_hit","no_hit","no_hit","g_","s_"
"2249","ASV_2301",0.00169173714083943,0.00630032332272719,0.00666010962020637,"ASV_2301","no_hit","Dinophyceae","Dinophyceae","no_hit","no_hit","g_","s_"
"2250","ASV_2302",-0.00682317831040081,0.0056761387917796,-0.000209527990732257,"ASV_2302","no_hit","no_hit","no_hit","no_hit","no_hit","no_hit","no_hit"
"2251","ASV_2303",-0.0110739379302334,0.00362833160403425,0.00122727822748403,"ASV_2303","no_hit","Dinophyceae","Dinophyceae","Syndiniales","Amoebophryaceae","g_","s_"
"2252","ASV_2304",-0.000806804410652151,-0.0109511241985568,0.00380737295685309,"ASV_2304","no_hit","Dinophyceae","Dinophyceae","Peridiniales","Peridiniaceae","g_","s_"
"2253","ASV_2305",-0.0128374701123854,-7.5889798536617e-05,0.00680609123895856,"ASV_2305","no_hit","unknown","unknown","unknown","unknown","unknown","s_"
"2254","ASV_2306",-0.00138583700646597,-0.00136058593651556,0.00208987460348119,"ASV_2306","no_hit","unknown","Bigyra","Nanomonadea","unknown","Solenicola","no_hit"
"2255","ASV_2307",-0.000566635405042154,-0.000373334991667742,0.017573168604923,"ASV_2307","no_hit","Dinophyceae","Dinophyceae","no_hit","no_hit","no_hit","no_hit"
"2256","ASV_2308",0.000969525968915533,0.00716445087154988,0.00409343337496299,"ASV_2308","no_hit","Dinophyceae","Dinophyceae","Peridiniales","Protoperidiniaceae","g_","s_"
"2257","ASV_2309",-0.0156203197699638,-0.00670191854405853,0.00740454895922306,"ASV_2309","no_hit","Dinophyceae","Dinophyceae","Syndiniales","no_hit","g_","s_"
"2258","ASV_2311",0.000325963072496193,0.00452957441327894,-0.00335915173327754,"ASV_2311","no_hit","Dinophyceae","Dinophyceae","no_hit","no_hit","no_hit","s_"
"2259","ASV_2312",0.012421884733901,0.0053289513549495,0.0200547165879843,"ASV_2312","no_hit","Dinophyceae","Dinophyceae","Syndiniales","Amoebophryaceae","Amoebophrya","no_hit"
"2260","ASV_2313",-0.00706602338077653,3.4716093858521e-05,0.00148851494604013,"ASV_2313","no_hit","Dinophyceae","Dinophyceae","Syndiniales","Amoebophryaceae","g_","s_"
"2261","ASV_2314",-0.00641038913196464,0.0108834455621548,0.00358230326076493,"ASV_2314","no_hit","Cercozoa","no_hit","no_hit","no_hit","g_","s_"
"2262","ASV_2315",-0.00757726026674361,-2.2957103610841e-06,0.00313085400186836,"ASV_2315","no_hit","Dinophyceae","Dinophyceae","Syndiniales","Amoebophryaceae","Amoebophrya","no_hit"
"2263","ASV_2316",0.000113812895563774,0.00363690139174398,-0.00301330209594903,"ASV_2316","no_hit","Dinophyceae","Dinophyceae","Coccidiniales","Chytriodiniaceae","g_","s_"
"2264","ASV_2317",-0.00604208363879211,0.00218841524750055,0.00611204980604325,"ASV_2317","no_hit","no_hit","no_hit","no_hit","no_hit","g_","s_"
"2265","ASV_2319",-0.00707911490297866,-0.00969570996960811,0.00792660111264239,"ASV_2319","no_hit","Dinophyceae","Dinophyceae","no_hit","no_hit","g_","s_"
"2266","ASV_2320",0.000939195718122943,-0.00698397984747591,0.00636457767305571,"ASV_2320","no_hit","Euglenozoa","unknown","Diplonemea","Diplonemidae","g_","s_"
"2267","ASV_2321",-0.0056475551456041,-0.00341442381126368,0.00264051454831246,"ASV_2321","no_hit","Euglenozoa","unknown","Diplonemea","no_hit","no_hit","no_hit"
"2268","ASV_2322",0.00771109960096574,-0.000472557172278698,0.0165680417789094,"ASV_2322","Viridiplantae","Chlorophyta","Mamiellophyceae","Dolichomastigales","Crustomastigaceae","g_","s_"
"2269","ASV_2323",0.00270791132957881,-0.00268977520311989,-0.00253126624346797,"ASV_2323","Metazoa","Arthropoda","Malacostraca","Euphausiacea","Euphausiidae","no_hit","s_"
"2270","ASV_2324",-0.0124966793598557,0.000105282890645543,0.0038270224327032,"ASV_2324","no_hit","Dinophyceae","Dinophyceae","Syndiniales","Amoebophryaceae","g_","s_"
"2271","ASV_2325",-0.000903032450733744,-0.00112281136794751,-0.0032982822927075,"ASV_2325","Metazoa","Annelida","Polychaeta","Phyllodocida","Pisionidae","Pisione","Pisione puzae"
"2272","ASV_2326",0.000918675495496836,-0.00343926539763271,0.0162861389290013,"ASV_2326","no_hit","Haptophyta","unknown","Phaeocystales","Phaeocystaceae","Phaeocystis","no_hit"
"2273","ASV_2327",-0.00951641731174485,0.00929822505452594,-0.00195538670017254,"ASV_2327","unassigned","unassigned","unassigned","unassigned","unassigned","unassigned","unassigned"
"2274","ASV_2328",0.0131395745793475,0.00597518555989654,0.0134207476147557,"ASV_2328","no_hit","unknown","Dictyochophyceae","Dictyochales","unknown","Dictyocha","Dictyocha fibula"
"2275","ASV_2330",-0.00395252947426403,-0.000314504793312246,0.000831755195424752,"ASV_2330","no_hit","no_hit","no_hit","no_hit","no_hit","no_hit","no_hit"
"2276","ASV_2331",-0.00490242977865612,-0.0108968583301687,0.00602879093463613,"ASV_2331","no_hit","no_hit","no_hit","no_hit","no_hit","no_hit","no_hit"
"2277","ASV_2332",-0.00231516818498399,-0.0055341557808347,0.00398032760601616,"ASV_2332","no_hit","Dinophyceae","Dinophyceae","Syndiniales","Ellobiopsidae","Ellobiopsis","Ellobiopsis chattonii"
"2278","ASV_2333",0.000491402088708333,0.000479719172329305,-0.00116920358246011,"ASV_2333","no_hit","Dinophyceae","Dinophyceae","Gymnodiniales","Gymnodiniaceae","g_","s_"
"2279","ASV_2334",-0.0122429844226473,0.00936736590908794,0.00359510560439632,"ASV_2334","no_hit","Dinophyceae","Dinophyceae","Syndiniales","Amoebophryaceae","g_","s_"
"2280","ASV_2335",-0.00572304706099833,-6.26627001229592e-05,0.00137294752665252,"ASV_2335","no_hit","Euglenozoa","unknown","Diplonemea","unknown","unknown","s_"
"2281","ASV_2336",-0.00974115350563935,0.00831669437925109,-0.00162490010349478,"ASV_2336","Metazoa","Echinodermata","Holothuroidea","Molpadida","Molpadiidae","Heteromolpadia","Heteromolpadia tridens"
"2282","ASV_2337",-0.00254388728001442,-0.0120763248125115,0.00690121688709064,"ASV_2337","no_hit","unknown","unknown","unknown","unknown","unknown","uncultured marine picoeukaryote"
"2283","ASV_2338",0.000761214640680129,0.0065003760944134,-0.00281787650176639,"ASV_2338","no_hit","Ciliophora","Oligohymenophorea","Philasterida","Cinetochilidae","g_","s_"
"2284","ASV_2340",-0.0111611205760425,0.00578317594008961,0.000855353302764611,"ASV_2340","no_hit","Dinophyceae","Dinophyceae","Prorocentrales","Prorocentraceae","g_","s_"
"2285","ASV_2341",-0.00460535991126835,0.0027923084151842,-0.00347987656416849,"ASV_2341","Metazoa","Annelida","Polychaeta","Phyllodocida","Glyceridae","Glycera","no_hit"
"2286","ASV_2342",-0.00315481978124859,-0.00607036484007666,0.00261954488243563,"ASV_2342","no_hit","no_hit","no_hit","no_hit","no_hit","g_","s_"
"2287","ASV_2343",-0.0131775715869957,0.0068826871699678,0.00284670367427717,"ASV_2343","no_hit","Dinophyceae","Dinophyceae","unknown","unknown","Madanidinium","s_"
"2288","ASV_2344",-0.00814530388810991,-0.0135622168782085,0.00920687245768144,"ASV_2344","no_hit","Dinophyceae","Dinophyceae","Syndiniales","Amoebophryaceae","Amoebophrya","s_"
"2289","ASV_2345",0.00203783827189195,0.00526335596528649,0.0129432819468092,"ASV_2345","Viridiplantae","Chlorophyta","Mamiellophyceae","Dolichomastigales","Crustomastigaceae","g_","s_"
"2290","ASV_2346",-0.00243199718942372,0.00387219460287838,-0.00194480242505536,"ASV_2346","no_hit","Dinophyceae","Dinophyceae","Syndiniales","Amoebophryaceae","g_","s_"
"2291","ASV_2347",-0.000965298988975314,-0.000510993962127672,-0.000319815965997968,"ASV_2347","no_hit","Dinophyceae","Dinophyceae","Syndiniales","Amoebophryaceae","g_","s_"
"2292","ASV_2348",0.000535662564605196,0.00303869901726305,-0.00236869136749419,"ASV_2348","no_hit","Dinophyceae","Dinophyceae","Syndiniales","Duboscquellidae","g_","s_"
"2293","ASV_2349",-0.00738197149645104,0.0104351811216757,0.000679825597565588,"ASV_2349","no_hit","no_hit","no_hit","no_hit","no_hit","g_","s_"
"2294","ASV_2350",-0.00316397735049705,-0.00420310494834739,0.00267029282512246,"ASV_2350","no_hit","Euglenozoa","unknown","Diplonemea","unknown","g_","s_"
"2295","ASV_2351",-0.0134643442179123,0.0072389002168103,0.000650993733537383,"ASV_2351","no_hit","unknown","unknown","unknown","unknown","g_","s_"
"2296","ASV_2352",0.00594830731293027,0.00377559589794705,0.00529144972955397,"ASV_2352","no_hit","Bacillariophyta","Coscinodiscophyceae","Chaetocerotales","Chaetocerotaceae","Chaetoceros","s_"
"2297","ASV_2353",-0.00114543875957848,-0.00139944268322597,-0.000102934522094159,"ASV_2353","Metazoa","Arthropoda","Hexanauplia","Poecilostomatoida","Oncaeidae","Oncaea","s_"
"2298","ASV_2354",-0.00170853492092084,-0.00195689749200694,0.00879917648366453,"ASV_2354","no_hit","unknown","unknown","unknown","unknown","unknown","s_"
"2299","ASV_2355",-0.0150941882103462,-0.0117919671230017,0.011312955650108,"ASV_2355","no_hit","no_hit","no_hit","no_hit","no_hit","no_hit","s_"
"2300","ASV_2356",-0.00247046640024162,0.00180012518238487,0.00241465185169901,"ASV_2356","no_hit","Dinophyceae","Dinophyceae","Syndiniales","Amoebophryaceae","Amoebophrya","no_hit"
"2301","ASV_2357",-0.0178909573740261,-0.00465572294594571,0.00709863817646716,"ASV_2357","no_hit","Dinophyceae","Dinophyceae","Peridiniales","Peridiniopsidaceae","Palatinus","Palatinus apiculatus"
"2302","ASV_2360",-0.00906308025870057,0.00326063303046831,0.0014131811859599,"ASV_2360","no_hit","Dinophyceae","Dinophyceae","Gonyaulacales","Gonyaulacaceae","g_","s_"
"2303","ASV_2361",-0.012390783743361,-0.0113777275807263,0.00871150185515407,"ASV_2361","no_hit","Bacillariophyta","Coscinodiscophyceae","Chaetocerotales","Attheyaceae","Attheya","s_"
"2304","ASV_2362",-0.00244389689237096,-0.000838305090626516,0.0037587055922375,"ASV_2362","no_hit","Bacillariophyta","Coscinodiscophyceae","Chaetocerotales","Attheyaceae","g_","s_"
"2305","ASV_2363",0.000663116462735926,-0.00252657946471784,0.0101985339192822,"ASV_2363","no_hit","no_hit","no_hit","no_hit","no_hit","no_hit","no_hit"
"2306","ASV_2364",-0.0183501831465535,0.00341852265341465,0.0047495533459712,"ASV_2364","no_hit","Dinophyceae","Dinophyceae","Syndiniales","Amoebophryaceae","g_","s_"
"2307","ASV_2365",-0.0138412133360412,-0.00121984536549355,0.00662340352442727,"ASV_2365","no_hit","unknown","unknown","unknown","unknown","unknown","s_"
"2308","ASV_2366",-0.0102920122607814,0.0114128178038539,-0.00212759305345304,"ASV_2366","no_hit","Dinophyceae","Dinophyceae","Syndiniales","Eudubosquellidae","g_","s_"
"2309","ASV_2367",-0.00936065997498302,0.0116096383813871,0.00396471233635269,"ASV_2367","no_hit","Dinophyceae","Dinophyceae","Syndiniales","Amoebophryaceae","g_","s_"
"2310","ASV_2368",-0.00333506600641851,-0.00401051949855998,0.00174859409303895,"ASV_2368","no_hit","Dinophyceae","Dinophyceae","Syndiniales","Eudubosquellidae","g_","s_"
"2311","ASV_2369",0.00633677160333354,0.00237090548814991,0.00461029385522687,"ASV_2369","no_hit","Ciliophora","Spirotrichea","unknown","Strombidiidae","Strombidium","Strombidium chlorophilum"
"2312","ASV_2370",-0.0109458852894908,0.0115104063541556,0.0050626964940514,"ASV_2370","no_hit","unknown","Bolidophyceae","Parmales","Triparmaceae","g_","s_"
"2313","ASV_2371",0.00125596997213897,0.00315183610686689,-0.00278540506718151,"ASV_2371","no_hit","Euglenozoa","unknown","Diplonemea","unknown","g_","s_"
"2314","ASV_2372",0.000556695771068062,-0.000208168453629675,-0.00186935659853325,"ASV_2372","no_hit","unknown","unknown","unknown","unknown","unknown","uncultured marine eukaryote"
"2315","ASV_2373",0.00199078342930561,0.00396513416411354,0.00129398036379701,"ASV_2373","no_hit","Dinophyceae","Dinophyceae","Peridiniales","Protoperidiniaceae","Protoperidinium","Protoperidinium monovelum"
"2316","ASV_2374",0.000813861892556891,-0.00493921538748281,0.0147862717336316,"ASV_2374","no_hit","unknown","unknown","unknown","unknown","g_","s_"
"2317","ASV_2375",-0.00533045601268566,4.82291627864847e-05,0.00651805729080791,"ASV_2375","no_hit","unknown","Cryptophyceae","Pyrenomonadales","Geminigeraceae","g_","s_"
"2318","ASV_2376",0.00540808731480351,0.00464047731457124,0.00579174378072158,"ASV_2376","no_hit","Ciliophora","Spirotrichea","unknown","Tontoniidae","g_","s_"
"2319","ASV_2377",-0.006988194643318,-0.00247495045383263,0.0150528178832422,"ASV_2377","no_hit","Imbricatea","unknown","Thaumatomonadida","Thaumatomastigidae","g_","s_"
"2320","ASV_2378",-0.00973937292461916,0.00735855130839575,0.00767098388773584,"ASV_2378","no_hit","Dinophyceae","Dinophyceae","Blastodiniales","unknown","g_","s_"
"2321","ASV_2379",-0.00451950966415516,-0.00956543532794352,0.0101068022236283,"ASV_2379","no_hit","Dinophyceae","Dinophyceae","Syndiniales","Amoebophryaceae","g_","s_"
"2322","ASV_2380",-0.000171479298180202,-0.00222228815576071,0.000468045174208605,"ASV_2380","no_hit","unknown","unknown","unknown","unknown","g_","s_"
"2323","ASV_2381",-0.00350060225695939,-0.0137353886904156,0.0059648548516463,"ASV_2381","no_hit","Dinophyceae","Dinophyceae","no_hit","no_hit","no_hit","no_hit"
"2324","ASV_2382",0.00940122199126445,0.00298500808959938,0.00899271604254813,"ASV_2382","no_hit","Dinophyceae","Dinophyceae","Peridiniales","Protoperidiniaceae","Protoperidinium","Protoperidinium thulesense"
"2325","ASV_2383",-0.000576722801477055,-0.00116737340504335,-0.00304831761562644,"ASV_2383","Metazoa","Echinodermata","Ophiuroidea","no_hit","no_hit","no_hit","no_hit"
"2326","ASV_2384",-0.000150138743643197,0.00624193466562965,-0.00368510302173141,"ASV_2384","no_hit","no_hit","no_hit","no_hit","no_hit","no_hit","no_hit"
"2327","ASV_2385",0.00281063329287356,-0.00179164897312605,0.00932884228134629,"ASV_2385","no_hit","no_hit","no_hit","no_hit","no_hit","g_","s_"
"2328","ASV_2386",-0.000496643859343051,-0.0014852498493772,0.000500818740528882,"ASV_2386","no_hit","Dinophyceae","Dinophyceae","Syndiniales","Amoebophryaceae","g_","s_"
"2329","ASV_2388",0.00778252606680187,0.00331614280243402,0.00999938225763432,"ASV_2388","no_hit","no_hit","no_hit","no_hit","no_hit","g_","s_"
"2330","ASV_2390",-0.0140517008886034,0.00979665537717599,0.00110146009233396,"ASV_2390","no_hit","unknown","unknown","unknown","unknown","g_","s_"
"2331","ASV_2391",0.00427496156001928,0.000593725909484451,0.00300317833941052,"ASV_2391","no_hit","Dinophyceae","Dinophyceae","no_hit","no_hit","no_hit","no_hit"
"2332","ASV_2392",0.000280233276381899,0.00223404077150431,-0.00230772803000883,"ASV_2392","no_hit","Dinophyceae","Dinophyceae","no_hit","no_hit","no_hit","no_hit"
"2333","ASV_2393",0.0139457226453623,0.00858214639461133,0.0144154082837498,"ASV_2393","no_hit","no_hit","no_hit","no_hit","no_hit","no_hit","s_"
"2334","ASV_2394",-0.0023466041125265,-0.000292267493417012,-0.000100210822263566,"ASV_2394","no_hit","Dinophyceae","Dinophyceae","Gymnodiniales","Kareniaceae","Takayama","Takayama cf. pulchellum"
"2335","ASV_2395",-0.0157247953749604,0.00453097340254316,0.00250350293602843,"ASV_2395","no_hit","unknown","Choanoflagellata","Acanthoecida","Stephanoecidae","Calliacantha","Calliacantha natans"
"2336","ASV_2396",-0.0137177473438615,-0.00481905130536626,0.00733000560310209,"ASV_2396","no_hit","Dinophyceae","Dinophyceae","no_hit","no_hit","no_hit","no_hit"
"2337","ASV_2397",0.00179245602936397,-0.000912487465930092,0.00184165873730936,"ASV_2397","no_hit","no_hit","no_hit","no_hit","no_hit","no_hit","no_hit"
"2338","ASV_2398",0.00254640467039441,0.00133062213017129,0.00179746469775455,"ASV_2398","Metazoa","Arthropoda","Hexanauplia","Calanoida","Calanidae","no_hit","no_hit"
"2339","ASV_2399",0.00254320528956444,0.00370268059236618,-0.0032044793916192,"ASV_2399","no_hit","Dinophyceae","Dinophyceae","no_hit","no_hit","no_hit","no_hit"
"2340","ASV_2400",-0.00344624063651605,0.00730739459867148,0.0171344738574085,"ASV_2400","no_hit","no_hit","no_hit","no_hit","no_hit","no_hit","no_hit"
"2341","ASV_2401",0.0079224762180789,0.00359264419822201,0.00664408011759762,"ASV_2401","no_hit","Dinophyceae","Dinophyceae","Prorocentrales","Prorocentraceae","Prorocentrum","Prorocentrum triestinum"
"2342","ASV_2402",-0.00326700399876974,-0.0154173893737098,0.00725764848040052,"ASV_2402","no_hit","Dinophyceae","Dinophyceae","Syndiniales","no_hit","no_hit","no_hit"
"2343","ASV_2403",-0.000915413252639693,-0.000227632264433477,0.00275582057398736,"ASV_2403","no_hit","Ciliophora","no_hit","no_hit","no_hit","g_","s_"
"2344","ASV_2404",-0.00552186072987305,-0.00829920549149981,0.00659278249473487,"ASV_2404","no_hit","Dinophyceae","Dinophyceae","no_hit","no_hit","no_hit","s_"
"2345","ASV_2405",-0.0122871878423214,0.00297346373688082,0.0047082761791694,"ASV_2405","no_hit","Dinophyceae","Dinophyceae","Peridiniales","Kryptoperidiniaceae","g_","s_"
"2346","ASV_2406",-0.0105179214696784,0.00832260231730553,0.00614793297622766,"ASV_2406","no_hit","Dinophyceae","Dinophyceae","Syndiniales","Amoebophryaceae","g_","s_"
"2347","ASV_2407",0.00527294972802177,0.00826639804102445,0.0136015455070764,"ASV_2407","no_hit","Ciliophora","Spirotrichea","Choreotrichida","Strobilidiidae","Rimostrombidium","s_"
"2348","ASV_2408",-0.00232124531218243,-0.00826170491631865,0.00324375978334301,"ASV_2408","no_hit","Ciliophora","Oligohymenophorea","Philasterida","Cinetochilidae","g_","s_"
"2349","ASV_2409",-0.00624024141229499,-0.00555175200186243,0.00359868499618754,"ASV_2409","no_hit","Imbricatea","unknown","Euglyphida","Paulinellidae","Paulinella","no_hit"
"2350","ASV_2410",-0.00405056479349512,0.0161547518334735,0.0122027222748194,"ASV_2410","Viridiplantae","Chlorophyta","Pyramimonadophyceae","Pyramimonadales","Pyramimonadaceae","Pterosperma","Pterosperma cristatum"
"2351","ASV_2411",-0.000151772241003297,-0.00238545529352114,0.000233418605674657,"ASV_2411","no_hit","Dinophyceae","Dinophyceae","no_hit","no_hit","no_hit","no_hit"
"2352","ASV_2412",-0.00180876431580359,-0.00449861500529131,0.000988330093152733,"ASV_2412","no_hit","unknown","Polycystinea","no_hit","no_hit","no_hit","no_hit"
"2353","ASV_2413",-0.0015162788771191,-0.00612562011340376,0.00205772779959453,"ASV_2413","no_hit","unknown","unknown","unknown","unknown","g_","s_"
"2354","ASV_2414",0.00034622864439557,0.00386624357365062,-0.00305330498139129,"ASV_2414","no_hit","unknown","Acantharea","no_hit","no_hit","no_hit","no_hit"
"2355","ASV_2415",-0.0067170663672362,0.0044557850469438,-0.000429183374231829,"ASV_2415","no_hit","Dinophyceae","Dinophyceae","Syndiniales","Amoebophryaceae","Amoebophrya","s_"
"2356","ASV_2416",-0.00243026558731569,-0.00759170361970923,0.00338740107435283,"ASV_2416","no_hit","Dinophyceae","Dinophyceae","Syndiniales","Duboscquellidae","Duboscquella","s_"
"2357","ASV_2417",-0.0063084677133341,0.0134124275251714,0.00645803513062441,"ASV_2417","no_hit","no_hit","no_hit","no_hit","no_hit","no_hit","s_"
"2358","ASV_2418",-0.00630845874851225,-0.00401591352096522,0.00321764286016967,"ASV_2418","no_hit","Euglenozoa","unknown","Diplonemea","unknown","unknown","Diplonemida sp. 1sb RG-2016"
"2359","ASV_2419",-0.0138551876282431,-0.0136266197791375,0.0103366842165492,"ASV_2419","no_hit","unknown","unknown","Telonemida","no_hit","g_","s_"
"2360","ASV_2420",-0.00263902446499045,-0.00461336212550134,0.0030675621609494,"ASV_2420","no_hit","unknown","unknown","unknown","unknown","g_","s_"
"2361","ASV_2421",0.0107986348648937,0.00380543703638789,0.0138585761713372,"ASV_2421","no_hit","Cercozoa","Thecofilosea","unknown","Ebriacea","Ebria","Ebria tripartita"
"2362","ASV_2422",0.00373021193134246,0.00138396033688097,0.00166883340117219,"ASV_2422","no_hit","Ciliophora","unknown","unknown","unknown","g_","s_"
"2363","ASV_2423",0.00343157945730572,0.00176427643816727,0.00576846391371947,"ASV_2423","no_hit","Bacillariophyta","Coscinodiscophyceae","Coscinodiscales","Coscinodiscaceae","Coscinodiscus","Coscinodiscus radiatus"
"2364","ASV_2424",0.000576742423724698,0.00478997469204884,-0.00360868592448844,"ASV_2424","no_hit","Dinophyceae","Dinophyceae","Syndiniales","Amoebophryaceae","g_","s_"
"2365","ASV_2425",0.00572948854572837,0.00207149357654155,0.00419145600485111,"ASV_2425","no_hit","Dinophyceae","Dinophyceae","no_hit","no_hit","no_hit","s_"
"2366","ASV_2426",0.00389122106360963,0.000781446037966634,0.00241406646144184,"ASV_2426","no_hit","Dinophyceae","Dinophyceae","no_hit","no_hit","g_","s_"
"2367","ASV_2427",-0.0067860367343698,0.0106634159251381,0.00186112773522917,"ASV_2427","no_hit","Dinophyceae","Dinophyceae","Syndiniales","Amoebophryaceae","g_","s_"
"2368","ASV_2428",-0.0014944015746759,-0.00282513173767159,0.000601444384953621,"ASV_2428","no_hit","Euglenozoa","unknown","Diplonemea","unknown","g_","s_"
"2369","ASV_2429",-0.000225933606244289,-0.00476495213618598,0.000831961805813882,"ASV_2429","no_hit","Dinophyceae","Dinophyceae","Syndiniales","no_hit","no_hit","no_hit"
"2370","ASV_2430",-0.00497927639405614,-0.00588960121517699,0.00391491864390453,"ASV_2430","no_hit","Euglenozoa","unknown","Diplonemea","no_hit","g_","s_"
"2371","ASV_2431",0.0017594773186589,0.00494336686065724,0.00839885598741431,"ASV_2431","no_hit","unknown","Bigyra","Oblongichytrida","unknown","g_","s_"
"2372","ASV_2432",-0.0150223392332207,-0.00627426308929695,0.00629536295881231,"ASV_2432","no_hit","unknown","unknown","unknown","unknown","g_","s_"
"2373","ASV_2433",0.0044500375655064,0.00031889359464438,0.0053353184371272,"ASV_2433","no_hit","Dinophyceae","Dinophyceae","Gymnodiniales","Gymnodiniaceae","Polykrikos","s_"
"2374","ASV_2434",-0.00249577636822573,-0.00940508783820113,0.00323407708939055,"ASV_2434","no_hit","Dinophyceae","Dinophyceae","Syndiniales","no_hit","no_hit","no_hit"
"2375","ASV_2435",0.00900261202425146,0.00347834770202221,0.00818478191287918,"ASV_2435","no_hit","unknown","unknown","unknown","unknown","unknown","uncultured marine picoeukaryote"
"2376","ASV_2436",-0.00135133559818822,0.00084604017118359,8.62445113016425e-05,"ASV_2436","no_hit","Ciliophora","no_hit","no_hit","no_hit","no_hit","s_"
"2377","ASV_2437",0.0057850086292433,0.00134449109551492,0.00657073186467631,"ASV_2437","no_hit","Dinophyceae","Dinophyceae","Dinophysiales","Dinophysiaceae","Dinophysis","s_"
"2378","ASV_2438",-0.00327181802865118,0.0106258503687645,0.0126865255118528,"ASV_2438","no_hit","Dinophyceae","Dinophyceae","no_hit","no_hit","g_","s_"
"2379","ASV_2439",-0.0112658998183498,-0.00339183949028374,0.012867324186602,"ASV_2439","no_hit","Haptophyta","unknown","Prymnesiales","no_hit","no_hit","no_hit"
"2380","ASV_2440",-0.00609454870250564,-0.016939831707409,0.00878143251893384,"ASV_2440","no_hit","Bacillariophyta","no_hit","no_hit","no_hit","g_","s_"
"2381","ASV_2441",-0.0124506265852891,0.00892949734034283,-0.00120745801581915,"ASV_2441","no_hit","Dinophyceae","Dinophyceae","Syndiniales","Ellobiopsidae","Ellobiopsis","s_"
"2382","ASV_2442",-0.00611482177245421,-0.00247601233227945,0.00444991315769847,"ASV_2442","no_hit","no_hit","no_hit","no_hit","no_hit","g_","s_"
"2383","ASV_2443",-0.0161372384798894,0.0163694892623524,0.00638813471001191,"ASV_2443","no_hit","unknown","unknown","unknown","unknown","unknown","s_"
"2384","ASV_2444",-0.00978226559088488,0.0113751703104965,0.00846891504252768,"ASV_2444","no_hit","Dinophyceae","Dinophyceae","Syndiniales","Amoebophryaceae","g_","s_"
"2385","ASV_2445",0.00244914299049868,-6.10753429964507e-05,0.00444222520114968,"ASV_2445","no_hit","Dinophyceae","Dinophyceae","no_hit","no_hit","no_hit","no_hit"
"2386","ASV_2446",-0.00340666818946971,-0.00832510085344527,0.00375808524932159,"ASV_2446","no_hit","unknown","unknown","unknown","unknown","g_","s_"
"2387","ASV_2447",-0.0030323967902494,-0.0081060540163628,0.0046250964143243,"ASV_2447","no_hit","unknown","Bigyra","Oblongichytrida","unknown","g_","s_"
"2388","ASV_2448",0.00252789025818208,-0.00125463320746658,0.00472214712746244,"ASV_2448","no_hit","Dinophyceae","Dinophyceae","no_hit","no_hit","no_hit","no_hit"
"2389","ASV_2449",-0.0184673592028323,-0.0113283722333849,0.0101491421819719,"ASV_2449","no_hit","Dinophyceae","Dinophyceae","no_hit","no_hit","no_hit","no_hit"
"2390","ASV_2450",-0.00450217895232362,-0.00601274994300755,0.00334913547232289,"ASV_2450","no_hit","Euglenozoa","unknown","Diplonemea","unknown","unknown","s_"
"2391","ASV_2451",3.16378002042658e-05,-0.000747318417618016,-0.000898722312711028,"ASV_2451","no_hit","unknown","Polycystinea","no_hit","no_hit","no_hit","no_hit"
"2392","ASV_2452",-0.00238695390466193,0.00777078118820639,0.004208867992687,"ASV_2452","no_hit","Dinophyceae","Dinophyceae","Suessiales","unknown","Dactylodinium","Dactylodinium arachnoides"
"2393","ASV_2453",-0.0158196008376163,0.00220310005609263,0.00607249842536501,"ASV_2453","Viridiplantae","Streptophyta","no_hit","no_hit","no_hit","g_","s_"
"2394","ASV_2454",-0.00823413382159117,0.00746812256408138,0.00109697000800517,"ASV_2454","no_hit","unknown","unknown","unknown","unknown","g_","s_"
"2395","ASV_2455",-0.00460535505136014,-0.00754685983054454,0.00502279633710815,"ASV_2455","no_hit","Dinophyceae","Dinophyceae","Syndiniales","Amoebophryaceae","g_","s_"
"2396","ASV_2456",-0.0122111173320368,-0.00343032275888771,0.0117290396293114,"ASV_2456","no_hit","no_hit","no_hit","no_hit","no_hit","g_","s_"
"2397","ASV_2457",0.00181123973980188,-0.00093635269465579,0.00618152508146978,"ASV_2457","no_hit","no_hit","no_hit","no_hit","no_hit","g_","s_"
"2398","ASV_2458",-0.00376229782553389,-0.0132878806013597,0.00603896962347922,"ASV_2458","no_hit","unknown","Polycystinea","Nassellaria","Plagiacanthidae","g_","s_"
"2399","ASV_2459",-0.00457641099676105,0.00609779630992311,-0.00154077651156855,"ASV_2459","no_hit","no_hit","no_hit","no_hit","no_hit","g_","s_"
"2400","ASV_2460",0.00633180847612725,0.00303685761632973,0.00801300084168284,"ASV_2460","unassigned","unassigned","unassigned","unassigned","unassigned","unassigned","unassigned"
"2401","ASV_2461",-0.00594560639011255,-0.00708041020133662,0.00653014343539911,"ASV_2461","no_hit","Imbricatea","unknown","Thaumatomonadida","unknown","g_","s_"
"2402","ASV_2462",-0.00225262190979282,-0.01408371667186,0.00560001646304285,"ASV_2462","no_hit","Ciliophora","Colpodea","unknown","unknown","g_","s_"
"2403","ASV_2463",0.00257041090043291,0.00720490306150919,0.00596681396260671,"ASV_2463","no_hit","Haptophyta","unknown","Isochrysidales","Noelaerhabdaceae","no_hit","no_hit"
"2404","ASV_2464",-0.0141463916292264,-0.0110997464701556,0.00950021320600596,"ASV_2464","no_hit","Euglenozoa","unknown","Diplonemea","no_hit","no_hit","s_"
"2405","ASV_2465",-0.0109426883115416,-0.00350825790978653,0.00488744036101231,"ASV_2465","no_hit","Haptophyta","unknown","Zygodiscales","Braarudosphaeraceae","Braarudosphaera","Braarudosphaera bigelowii"
"2406","ASV_2466",-0.0134288332229398,0.00233776941878529,0.0046474519834636,"ASV_2466","no_hit","Dinophyceae","Dinophyceae","Syndiniales","Amoebophryaceae","Amoebophrya","no_hit"
"2407","ASV_2467",8.48473611764893e-05,-0.00528591167096106,0.00225459712341596,"ASV_2467","no_hit","Dinophyceae","Dinophyceae","no_hit","no_hit","g_","s_"
"2408","ASV_2468",-0.0125739546589536,-0.00343243446061937,0.0050954849641574,"ASV_2468","no_hit","Dinophyceae","Dinophyceae","Syndiniales","Amoebophryaceae","Amoebophrya","no_hit"
"2409","ASV_2469",0.00487380697713379,0.00261798476235,0.0213236285827455,"ASV_2469","no_hit","no_hit","no_hit","no_hit","no_hit","g_","s_"
"2410","ASV_2470",0.00704750114388927,0.00828985921544163,0.0133368417286926,"ASV_2470","no_hit","Dinophyceae","Dinophyceae","Syndiniales","no_hit","g_","s_"
"2411","ASV_2471",0.00229218176372353,0.00439828152419219,0.00626765218701165,"ASV_2471","no_hit","Cercozoa","no_hit","no_hit","no_hit","no_hit","no_hit"
"2412","ASV_2473",-0.0166904441922939,-0.00608411276058307,0.00846271841772676,"ASV_2473","no_hit","no_hit","no_hit","no_hit","no_hit","no_hit","s_"
"2413","ASV_2474",0.00313163426695081,-0.00329424495669614,0.00937058534570252,"ASV_2474","no_hit","Dinophyceae","Dinophyceae","Syndiniales","no_hit","g_","s_"
"2414","ASV_2475",-0.0120248210670796,0.00460111248768487,0.00113210259758288,"ASV_2475","no_hit","Foraminifera","unknown","Textulariida","Sproplectamminidae","Spiroplectammina","no_hit"
"2415","ASV_2476",0.000804865466272044,0.00567285007199154,-0.00407149598545847,"ASV_2476","Metazoa","Chaetognatha","Sagittoidea","Aphragmophora","Sagittidae","g_","s_"
"2416","ASV_2477",-0.00900525231087832,0.0047658978927253,0.00366601984215913,"ASV_2477","no_hit","no_hit","no_hit","no_hit","no_hit","g_","s_"
"2417","ASV_2478",-0.0124276054505635,0.009589120907071,0.00130392595497578,"ASV_2478","no_hit","Dinophyceae","Dinophyceae","Syndiniales","Amoebophryaceae","g_","s_"
"2418","ASV_2479",-0.00316448470900792,0.00240460228971191,0.00343576657804188,"ASV_2479","no_hit","Dinophyceae","Dinophyceae","Abediniales","Abediniaceae","Abedinium","Abedinium folium"
"2419","ASV_2480",-0.000744334057842287,-0.000719149818220528,0.00217568577095713,"ASV_2480","no_hit","Dinophyceae","Dinophyceae","Syndiniales","Amoebophryaceae","g_","s_"
"2420","ASV_2481",-0.00394904357753679,-0.00287453796911431,0.00202137416224626,"ASV_2481","no_hit","Euglenozoa","unknown","Diplonemea","unknown","unknown","s_"
"2421","ASV_2482",-0.0020581082991005,-0.00678506064213336,0.00256589780174213,"ASV_2482","no_hit","Dinophyceae","Dinophyceae","Peridiniales","no_hit","no_hit","no_hit"
"2422","ASV_2483",0.000635819491689035,0.00344902757867208,0.00587527878152814,"ASV_2483","no_hit","Dinophyceae","Dinophyceae","Gymnodiniales","Gymnodiniaceae","Gyrodinium","no_hit"
"2423","ASV_2484",-0.00676315589690815,0.00998886969213572,0.00208699676230536,"ASV_2484","no_hit","unknown","unknown","unknown","unknown","unknown","s_"
"2424","ASV_2485",0.0089401510673875,0.00276370083440567,0.0104943024197822,"ASV_2485","no_hit","Dinophyceae","Dinophyceae","no_hit","no_hit","no_hit","no_hit"
"2425","ASV_2486",-0.0146154856075807,0.000199163072022502,0.00646335902013704,"ASV_2486","no_hit","unknown","unknown","unknown","unknown","g_","s_"
"2426","ASV_2487",0.00121780832497016,0.0052674976652777,-0.00379958513402844,"ASV_2487","no_hit","Ciliophora","Oligohymenophorea","Philasterida","Cinetochilidae","g_","s_"
"2427","ASV_2488",-0.00442076395438532,-0.0062567930447176,0.0100777839756336,"ASV_2488","no_hit","Dinophyceae","Dinophyceae","Syndiniales","Duboscquellidae","g_","s_"
"2428","ASV_2489",-0.00207097053236099,-0.00837749217855872,0.00473265504661359,"ASV_2489","no_hit","unknown","unknown","Pirsoniales","unknown","Pirsonia","Pirsonia guinardiae"
"2429","ASV_2490",-0.0147269389621932,-0.00403882084306224,0.00487002849154262,"ASV_2490","no_hit","unknown","unknown","unknown","unknown","unknown","s_"
"2430","ASV_2491",-0.00791551984034293,0.00793460418311841,-0.00174193589450607,"ASV_2491","Metazoa","Annelida","Polychaeta","unknown","Opheliidae","Travisia","Travisia pupa"
"2431","ASV_2492",-0.00929758862365588,-0.00505685083144579,0.00728296375212622,"ASV_2492","no_hit","no_hit","no_hit","no_hit","no_hit","g_","s_"
"2432","ASV_2493",-0.0156160795859048,0.00795981042814258,0.00366203698219103,"ASV_2493","no_hit","Dinophyceae","Dinophyceae","Syndiniales","Syndiniaceae","g_","s_"
"2433","ASV_2494",-0.00695669718414129,0.0010653272512422,0.0124171844806443,"ASV_2494","no_hit","Haptophyta","unknown","Prymnesiales","Chrysochromulinaceae","Chrysochromulina","Chrysochromulina acantha"
"2434","ASV_2495",-0.00401382264360537,-0.000765703014605977,0.00042141391890721,"ASV_2495","no_hit","Euglenozoa","unknown","Diplonemea","unknown","g_","s_"
"2435","ASV_2496",-0.00492139808756497,-0.00816211004224984,0.00409804870299792,"ASV_2496","no_hit","Euglenozoa","unknown","Diplonemea","unknown","g_","s_"
"2436","ASV_2497",-0.00477200499303254,-0.00421428796328972,0.00256504633408938,"ASV_2497","no_hit","Dinophyceae","Dinophyceae","Gymnodiniales","Kareniaceae","Gertia","s_"
"2437","ASV_2498",0.00253042770482061,0.00425990847928095,-0.00342519382282145,"ASV_2498","no_hit","unknown","unknown","unknown","unknown","g_","s_"
"2438","ASV_2499",-0.00840990707603584,0.00634707406893076,0.0138210695846545,"ASV_2499","no_hit","Cercozoa","Chlorarachniophyceae","unknown","unknown","Minorisa","s_"
"2439","ASV_2500",-0.0141006980100502,0.0105838755578604,0.00134474973467989,"ASV_2500","no_hit","unknown","unknown","unknown","unknown","g_","s_"
"2440","ASV_2501",0.00334169756093141,0.00201732833137559,0.00333081743732004,"ASV_2501","no_hit","no_hit","no_hit","no_hit","no_hit","no_hit","no_hit"
"2441","ASV_2502",0.00442303995094644,0.00049382257898979,0.00322627773593677,"ASV_2502","Viridiplantae","Streptophyta","Magnoliopsida","Fabales","Fabaceae","g_","s_"
"2442","ASV_2503",0.0092802007454236,0.00479643119162062,0.00835532090164292,"ASV_2503","no_hit","Euglenozoa","unknown","Diplonemea","Diplonemidae","g_","s_"
"2443","ASV_2504",-0.00674671779477899,0.00884252254725088,0.00309295964479454,"ASV_2504","no_hit","unknown","unknown","unknown","unknown","unknown","uncultured marine picoeukaryote"
"2444","ASV_2505",-0.00684550862855216,-0.0064710962743129,0.00377967291833355,"ASV_2505","no_hit","Dinophyceae","Dinophyceae","Syndiniales","Amoebophryaceae","g_","s_"
"2445","ASV_2506",-0.00460385928685008,-0.00339075912650269,0.0079172204970785,"ASV_2506","no_hit","no_hit","no_hit","no_hit","no_hit","g_","s_"
"2446","ASV_2507",-0.0113139248228423,0.00572321924460435,0.00169563626001797,"ASV_2507","no_hit","unknown","unknown","unknown","unknown","g_","s_"
"2447","ASV_2508",-0.00422095308667289,-0.00715222245246422,0.00371224794520988,"ASV_2508","no_hit","unknown","unknown","unknown","unknown","g_","s_"
"2448","ASV_2509",0.00643072189224694,0.000256111194050685,0.00206363805143783,"ASV_2509","no_hit","Dinophyceae","Dinophyceae","Gymnodiniales","no_hit","g_","s_"
"2449","ASV_2510",-0.0144676618896698,0.000121394467866413,0.00471893978556099,"ASV_2510","no_hit","unknown","Bigyra","Bicosoecida","no_hit","g_","s_"
"2450","ASV_2511",-0.00901352328578764,0.00703335674574299,0.00220354828401857,"ASV_2511","no_hit","unknown","unknown","unknown","unknown","unknown","uncultured marine eukaryote"
"2451","ASV_2512",-0.00267957512903722,-0.0128844547461134,0.00836928044030889,"ASV_2512","no_hit","unknown","unknown","unknown","unknown","g_","s_"
"2452","ASV_2513",-0.00501087015252407,1.81559767126051e-05,0.00174556510422281,"ASV_2513","no_hit","no_hit","no_hit","no_hit","no_hit","no_hit","no_hit"
"2453","ASV_2514",-0.00563395278375151,0.0181107936192504,0.00797861467511556,"ASV_2514","no_hit","Haptophyta","unknown","Prymnesiales","Chrysochromulinaceae","Chrysochromulina","s_"
"2454","ASV_2515",-0.00568438052089025,-0.0157682578583664,0.00852925834513133,"ASV_2515","no_hit","Dinophyceae","Dinophyceae","Syndiniales","Amoebophryaceae","g_","s_"
"2455","ASV_2516",-0.00589276586117481,-0.00731234248072089,0.00476048015246761,"ASV_2516","no_hit","unknown","Cryptophyceae","Pyrenomonadales","Geminigeraceae","Proteomonas","no_hit"
"2456","ASV_2517",0.000357894044435123,0.0037458133069622,-0.00300309121862709,"ASV_2517","Metazoa","Annelida","Polychaeta","Phyllodocida","Phyllodocidae","Pelagobia","Pelagobia longicirrata"
"2457","ASV_2518",-0.00797281683466077,0.00544200778106851,0.011078221110555,"ASV_2518","no_hit","unknown","Choanoflagellata","Acanthoecida","Stephanoecidae","g_","s_"
"2458","ASV_2519",0.00189502839570064,0.00233434854560244,0.00121175252363464,"ASV_2519","no_hit","Ciliophora","Spirotrichea","unknown","Strombidiidae","Strombidium","Strombidium sp. JG-2011a"
"2459","ASV_2520",-0.0146007278735734,0.00370575646859592,0.00176722790514603,"ASV_2520","no_hit","Cercozoa","Thecofilosea","Cryomonadida","Protaspidae","Cryothecomonas","s_"
"2460","ASV_2521",-0.0101822557029734,0.00947950532034863,-0.00103246932202093,"ASV_2521","no_hit","no_hit","no_hit","no_hit","no_hit","g_","s_"
"2461","ASV_2522",0.00822483125339444,0.0037293205201219,0.00633302834235043,"ASV_2522","Metazoa","Arthropoda","Hexanauplia","Calanoida","Calanidae","no_hit","no_hit"
"2462","ASV_2523",-0.000386871426331079,-0.00532072438463459,0.000842084477500919,"ASV_2523","no_hit","Dinophyceae","Dinophyceae","Syndiniales","Amoebophryaceae","g_","s_"
"2463","ASV_2524",0.004931114712322,0.000661390328370563,0.00705058210123259,"ASV_2524","no_hit","no_hit","no_hit","no_hit","no_hit","no_hit","no_hit"
"2464","ASV_2525",-0.000364754246161045,-0.00988207817906284,0.00309898991379034,"ASV_2525","no_hit","Dinophyceae","Dinophyceae","Peridiniales","Peridiniaceae","g_","s_"
"2465","ASV_2526",-0.000928141104237907,-0.0094144173642864,0.00297146103322951,"ASV_2526","no_hit","unknown","unknown","Telonemida","unknown","Telonema","no_hit"
"2466","ASV_2527",0.00038676596238256,0.00340351214999841,-0.00285773691013059,"ASV_2527","no_hit","no_hit","no_hit","no_hit","no_hit","no_hit","no_hit"
"2467","ASV_2528",-0.0122448522471223,0.0126652400181342,-0.000619835018542033,"ASV_2528","no_hit","unknown","Dictyochophyceae","Pedinellales","unknown","Pteridomonas","no_hit"
"2468","ASV_2529",-0.011727165691301,-0.0066597309405446,0.00727137555973206,"ASV_2529","no_hit","unknown","unknown","unknown","unknown","unknown","s_"
"2469","ASV_2530",0.000477597936888878,0.00383087804736523,-0.0027824132169974,"ASV_2530","no_hit","no_hit","no_hit","no_hit","no_hit","no_hit","no_hit"
"2470","ASV_2531",0.00908235523316301,0.00620711143735742,0.0139883424416727,"ASV_2531","Viridiplantae","Chlorophyta","Mamiellophyceae","Dolichomastigales","Crustomastigaceae","g_","s_"
"2471","ASV_2532",-0.00300363966999997,-0.00111006043118244,0.00243332599574856,"ASV_2532","no_hit","no_hit","no_hit","no_hit","no_hit","no_hit","no_hit"
"2472","ASV_2533",-0.00565072146616553,-0.0011621287879982,0.00275064409813777,"ASV_2533","no_hit","unknown","unknown","unknown","unknown","g_","s_"
"2473","ASV_2534",-0.00809580487422652,0.00319401991522549,0.00190285422888761,"ASV_2534","no_hit","Dinophyceae","Dinophyceae","Gymnodiniales","no_hit","no_hit","no_hit"
"2474","ASV_2535",-0.00183299749866369,-0.00388644512418781,0.00110979096879278,"ASV_2535","no_hit","Dinophyceae","Dinophyceae","Syndiniales","Syndiniaceae","Hematodinium","s_"
"2475","ASV_2536",-0.00134220258661303,-0.00550538260495292,0.00168667236232942,"ASV_2536","no_hit","no_hit","no_hit","no_hit","no_hit","no_hit","no_hit"
"2476","ASV_2537",-0.005237250743115,-0.0194596654973704,0.00864222348990629,"ASV_2537","no_hit","no_hit","no_hit","no_hit","no_hit","g_","s_"
"2477","ASV_2538",0.00389245666093624,-0.00287153658137326,-0.00165617847592961,"ASV_2538","no_hit","no_hit","no_hit","no_hit","no_hit","g_","s_"
"2478","ASV_2539",-0.0016095183519656,-0.00568499807162778,0.00150692244737238,"ASV_2539","no_hit","unknown","Polycystinea","no_hit","no_hit","no_hit","no_hit"
"2479","ASV_2540",-0.00504688188421896,0.00116181304702626,0.00257794879797704,"ASV_2540","no_hit","Dinophyceae","Dinophyceae","Blastodiniales","unknown","Blastodinium","s_"
"2480","ASV_2541",1.87621655749797e-06,0.00182485322537552,-0.00209193440497126,"ASV_2541","no_hit","Dinophyceae","Dinophyceae","Syndiniales","no_hit","no_hit","s_"
"2481","ASV_2542",0.00190007635634615,-0.000660253024853499,-0.00168840771643662,"ASV_2542","no_hit","Dinophyceae","Dinophyceae","Peridiniales","Protoperidiniaceae","Protoperidinium","Protoperidinium divergens"
"2482","ASV_2544",-0.01015424041866,0.00296190090116941,0.00706544723870921,"ASV_2544","no_hit","Dinophyceae","Dinophyceae","Syndiniales","Amoebophryaceae","g_","s_"
"2483","ASV_2545",-0.00369837981047929,-0.014524105505984,0.0060269450083911,"ASV_2545","Metazoa","Arthropoda","Malacostraca","Cumacea","Leuconidae","g_","s_"
"2484","ASV_2546",-0.0133066485074319,0.00945750398136119,-0.000527650448295933,"ASV_2546","no_hit","unknown","unknown","unknown","unknown","g_","s_"
"2485","ASV_2547",-0.00598660748659368,-0.00637949749276035,0.00348689776615069,"ASV_2547","no_hit","no_hit","no_hit","no_hit","no_hit","g_","s_"
"2486","ASV_2548",-0.00377152485127008,-0.0162269655323608,0.00707380107931764,"ASV_2548","no_hit","no_hit","no_hit","no_hit","no_hit","no_hit","s_"
"2487","ASV_2549",-0.00245354986687732,-0.00334400114683918,0.00176956813975608,"ASV_2549","no_hit","unknown","unknown","unknown","unknown","unknown","s_"
"2488","ASV_2550",0.00947219251761279,0.0067356511072014,0.0126188710695449,"ASV_2550","no_hit","Dinophyceae","Dinophyceae","Peridiniales","Protoperidiniaceae","Protoperidinium","s_"
"2489","ASV_2551",0.000437884601316117,0.000947245528712249,-0.00189020005326653,"ASV_2551","no_hit","Dinophyceae","Dinophyceae","Coccidiniales","Chytriodiniaceae","Chytriodinium","s_"
"2490","ASV_2552",0.00242624332173179,5.14379038327396e-05,0.000291550842505874,"ASV_2552","no_hit","unknown","Bigyra","Nanomonadea","unknown","g_","s_"
"2491","ASV_2553",-0.0159520698703705,0.00666222399374777,0.0041702513486629,"ASV_2553","no_hit","unknown","Cryptophyceae","Cyathomonadacea","Goniomonadaceae","g_","s_"
"2492","ASV_2554",-0.0111005155249192,0.00015970703132925,0.00575864930063563,"ASV_2554","no_hit","Bacillariophyta","Coscinodiscophyceae","Chaetocerotales","Chaetocerotaceae","Chaetoceros","Chaetoceros socialis"
"2493","ASV_2555",-0.00358079402553945,-0.0100888605952862,0.00414322154333546,"ASV_2555","no_hit","unknown","unknown","unknown","unknown","unknown","s_"
"2494","ASV_2556",-0.0163442033208546,0.00484718446141435,0.00239685445672128,"ASV_2556","no_hit","Bacillariophyta","Coscinodiscophyceae","Melosirales","Stephanopyxidaceae","g_","s_"
"2495","ASV_2557",-0.00657398740284967,-0.00904277365230322,0.00502047196753215,"ASV_2557","no_hit","Dinophyceae","Dinophyceae","Syndiniales","Amoebophryaceae","Amoebophrya","s_"
"2496","ASV_2558",0.000490392890474912,0.00382069462740315,-0.0030828987015827,"ASV_2558","no_hit","Dinophyceae","Dinophyceae","Syndiniales","no_hit","g_","s_"
"2497","ASV_2559",-0.00635770561989816,-0.00730721098287754,0.00479081708574087,"ASV_2559","no_hit","Euglenozoa","unknown","Diplonemea","unknown","unknown","Diplonemida sp. 27 RG-2016"
"2498","ASV_2560",0.000418116972267471,0.000783964664573094,-0.00133686982011055,"ASV_2560","no_hit","unknown","unknown","unknown","unknown","g_","s_"
"2499","ASV_2561",-0.0166188783941545,1.3320158134047e-05,0.00617826810871685,"ASV_2561","Viridiplantae","Chlorophyta","Mamiellophyceae","Dolichomastigales","Crustomastigaceae","g_","s_"
"2500","ASV_2562",-0.0140434429130242,0.00599928525285234,0.0020956586537489,"ASV_2562","no_hit","unknown","unknown","unknown","unknown","g_","s_"
"2501","ASV_2563",-0.00558284707306386,-0.00183382716858547,0.00346615514952175,"ASV_2563","no_hit","unknown","unknown","unknown","unknown","unknown","s_"
"2502","ASV_2564",0.00294319917127753,-0.000682015856024166,-0.00246029592341283,"ASV_2564","no_hit","no_hit","no_hit","no_hit","no_hit","g_","s_"
"2503","ASV_2565",0.000575387187012981,-0.000818642681051058,0.0171197658209859,"ASV_2565","no_hit","Dinophyceae","Dinophyceae","no_hit","no_hit","no_hit","no_hit"
"2504","ASV_2566",-0.00568978523241818,-0.00936439828936261,0.00623127270650086,"ASV_2566","no_hit","Dinophyceae","Dinophyceae","Syndiniales","Amoebophryaceae","g_","s_"
"2505","ASV_2567",-0.00543168181151394,-0.0139800408869572,0.00829687068736003,"ASV_2567","no_hit","Dinophyceae","Dinophyceae","Syndiniales","no_hit","no_hit","no_hit"
"2506","ASV_2568",0.0138608589309383,0.00733184411446056,0.0141262586475064,"ASV_2568","no_hit","Dinophyceae","Dinophyceae","Peridiniales","Protoperidiniaceae","Protoperidinium","s_"
"2507","ASV_2569",-0.00295987253899261,-0.0146061400311928,0.00608914058865668,"ASV_2569","no_hit","Euglenozoa","unknown","Diplonemea","no_hit","no_hit","no_hit"
"2508","ASV_2570",0.0004317451650198,0.00427484037859935,-0.00328610533052266,"ASV_2570","no_hit","no_hit","no_hit","no_hit","no_hit","no_hit","no_hit"
"2509","ASV_2571",0.00856831292486738,0.00320846001805803,0.00678992475403323,"ASV_2571","Metazoa","Arthropoda","Hexanauplia","Calanoida","Calanidae","no_hit","no_hit"
"2510","ASV_2572",-0.00554582637260959,-0.0107075827480134,0.0120795381497993,"ASV_2572","no_hit","Dinophyceae","Dinophyceae","Syndiniales","Amoebophryaceae","g_","s_"
"2511","ASV_2573",-0.00249440625905335,-0.00639901787972203,0.00275714997860668,"ASV_2573","no_hit","no_hit","no_hit","no_hit","no_hit","no_hit","s_"
"2512","ASV_2574",-0.0103428086040216,0.00847527731441574,0.000212771268626703,"ASV_2574","no_hit","Dinophyceae","Dinophyceae","Syndiniales","no_hit","no_hit","s_"
"2513","ASV_2575",0.000575981926628011,0.005266147741942,-0.00384944157991936,"ASV_2575","Metazoa","Arthropoda","Hexanauplia","Poecilostomatoida","Oncaeidae","no_hit","no_hit"
"2514","ASV_2576",-0.00294963838441615,0.00255073422343187,0.00066424964153401,"ASV_2576","no_hit","Dinophyceae","Dinophyceae","Peridiniales","no_hit","no_hit","no_hit"
"2515","ASV_2577",-0.00387809628408336,0.00279262060217829,0.00779711745003002,"ASV_2577","no_hit","Dinophyceae","Dinophyceae","no_hit","no_hit","no_hit","s_"
"2516","ASV_2578",-0.00164286029929878,-0.00793242606266903,0.00276471557257547,"ASV_2578","no_hit","unknown","Polycystinea","no_hit","no_hit","no_hit","no_hit"
"2517","ASV_2579",-0.010242324967867,0.00177438103380555,0.0106582442866017,"ASV_2579","no_hit","Dinophyceae","Dinophyceae","Syndiniales","Amoebophryaceae","Amoebophrya","no_hit"
"2518","ASV_2580",-0.00775935382778791,0.00607937882797344,-0.00112361401261893,"ASV_2580","no_hit","no_hit","no_hit","no_hit","no_hit","g_","s_"
"2519","ASV_2581",-0.000913169009402017,-0.00609130917643325,0.00224160725099101,"ASV_2581","no_hit","no_hit","no_hit","no_hit","no_hit","g_","s_"
"2520","ASV_2582",0.00638053676917933,0.00228012268146863,0.0100368562759555,"ASV_2582","no_hit","Dinophyceae","Dinophyceae","no_hit","no_hit","no_hit","no_hit"
"2521","ASV_2583",-0.00555521750563247,-0.0255080966881212,0.0116490867991932,"ASV_2583","no_hit","no_hit","no_hit","no_hit","no_hit","no_hit","no_hit"
"2522","ASV_2584",-0.00887173608410301,0.00724040028352222,-0.00127080438874022,"ASV_2584","no_hit","no_hit","no_hit","no_hit","no_hit","g_","s_"
"2523","ASV_2586",-0.0160094379566386,0.00457257899965632,0.00341198315740262,"ASV_2586","no_hit","Dinophyceae","Dinophyceae","no_hit","no_hit","no_hit","s_"
"2524","ASV_2587",-0.0097580442821222,-0.00622976463616593,0.0111247459779068,"ASV_2587","no_hit","Dinophyceae","Dinophyceae","Peridiniales","no_hit","g_","s_"
"2525","ASV_2588",-0.0151347611086932,0.0131409403077473,0.00895496238373332,"ASV_2588","no_hit","unknown","unknown","unknown","unknown","g_","s_"
"2526","ASV_2589",-0.0178502336833008,-0.00349614208234557,0.00828537708299928,"ASV_2589","no_hit","unknown","unknown","unknown","unknown","g_","s_"
"2527","ASV_2590",-0.0169510573485576,0.00529281832278438,0.00490208724004649,"ASV_2590","no_hit","Dinophyceae","Dinophyceae","Syndiniales","Amoebophryaceae","g_","s_"
"2528","ASV_2591",0.000886114917962958,-0.000716418640640865,-0.000820656568360978,"ASV_2591","no_hit","unknown","unknown","unknown","unknown","unknown","s_"
"2529","ASV_2592",-0.00085843394434191,-0.00134500792005308,-0.000575001184859652,"ASV_2592","no_hit","Euglenozoa","unknown","Diplonemea","no_hit","g_","s_"
"2530","ASV_2593",0.00483748306133844,0.0103046400632516,0.014450915855669,"ASV_2593","no_hit","no_hit","no_hit","no_hit","no_hit","no_hit","no_hit"
"2531","ASV_2594",-0.00350206503599502,-0.0111684518316842,0.00514314206698128,"ASV_2594","no_hit","Dinophyceae","Dinophyceae","Syndiniales","Amoebophryaceae","g_","s_"
"2532","ASV_2595",0.00389169934792938,0.00232159992672067,0.00487664235321204,"ASV_2595","no_hit","no_hit","no_hit","no_hit","no_hit","g_","s_"
"2533","ASV_2596",-0.0062052409817971,-0.00303638073028646,0.0030637668835855,"ASV_2596","no_hit","Dinophyceae","Dinophyceae","Syndiniales","no_hit","g_","s_"
"2534","ASV_2597",0.0039979654416534,0.00226887807805842,-0.00327853888468685,"ASV_2597","no_hit","unknown","unknown","unknown","unknown","g_","s_"
"2535","ASV_2598",0.00745330236564778,0.0034574231141529,0.00564174137842461,"ASV_2598","no_hit","Bacillariophyta","no_hit","no_hit","no_hit","g_","s_"
"2536","ASV_2599",-0.0126752403275661,-0.00788230192279855,0.00894357897858309,"ASV_2599","no_hit","Dinophyceae","Dinophyceae","no_hit","no_hit","no_hit","no_hit"
"2537","ASV_2601",0.00132363312039704,0.00567465734421278,-0.0040726157542212,"ASV_2601","no_hit","Cercozoa","Thecofilosea","Phaeogromida","Challengeriidae","Challengeron","s_"
"2538","ASV_2602",-0.0127548660334415,0.00954101815071174,0.00230759095805079,"ASV_2602","no_hit","Dinophyceae","Dinophyceae","Syndiniales","Amoebophryaceae","Amoebophrya","s_"
"2539","ASV_2603",-0.000996432321378348,-0.00330918356576042,0.000984389845399592,"ASV_2603","no_hit","unknown","unknown","unknown","unknown","unknown","s_"
"2540","ASV_2604",-0.00420002511076114,-0.000278689805434083,0.00126622715172419,"ASV_2604","no_hit","unknown","unknown","unknown","Colpodellaceae","g_","s_"
"2541","ASV_2605",0.00360657347722471,0.00089886065326501,0.00704522780949806,"ASV_2605","no_hit","Dinophyceae","Dinophyceae","Peridiniales","Protoperidiniaceae","g_","s_"
"2542","ASV_2607",-0.00398738977228051,-0.0136728124806825,0.00601289029230722,"ASV_2607","no_hit","unknown","unknown","unknown","unknown","g_","s_"
"2543","ASV_2608",-0.00338476135179453,-0.00802751177265058,0.00376734069646958,"ASV_2608","no_hit","unknown","Polycystinea","no_hit","no_hit","g_","s_"
"2544","ASV_2609",-0.00744738425826172,0.00771435656702776,-0.000307362417034652,"ASV_2609","no_hit","no_hit","no_hit","no_hit","no_hit","no_hit","s_"
"2545","ASV_2610",0.00546617782837831,0.000936430853080247,0.00489720514256969,"ASV_2610","no_hit","Dinophyceae","Dinophyceae","Peridiniales","Protoperidiniaceae","Protoperidinium","s_"
"2546","ASV_2611",-5.95379329308305e-06,-0.000535480430286496,8.75940520158431e-05,"ASV_2611","no_hit","Ciliophora","Spirotrichea","Tintinnida","Codonellidae","Tintinnopsis","no_hit"
"2547","ASV_2612",-0.0112079331166286,0.00441304929985027,0.00114436583947767,"ASV_2612","no_hit","Dinophyceae","Dinophyceae","Syndiniales","Amoebophryaceae","g_","s_"
"2548","ASV_2613",-0.00929325849738958,0.00894363808045301,0.00251751456805686,"ASV_2613","no_hit","no_hit","no_hit","no_hit","no_hit","g_","s_"
"2549","ASV_2614",-0.00109898000294975,-0.00554526989373155,0.00197196278313682,"ASV_2614","no_hit","unknown","unknown","unknown","unknown","g_","s_"
"2550","ASV_2615",-0.00347024950392178,-0.00275232172972706,0.00143296963504933,"ASV_2615","no_hit","unknown","unknown","unknown","unknown","g_","s_"
"2551","ASV_2616",-0.0134551986311656,-0.00163614197584498,0.00887116591604448,"ASV_2616","no_hit","unknown","Choanoflagellata","Acanthoecida","Stephanoecidae","Calliacantha","Calliacantha natans"
"2552","ASV_2617",-0.00235897221046511,0.0115146700313786,0.00653871219855659,"ASV_2617","Viridiplantae","Chlorophyta","Pyramimonadophyceae","Pyramimonadales","Pyramimonadaceae","Pterosperma","Pterosperma cristatum"
"2553","ASV_2618",-0.00339385601601803,-0.0125628260515936,0.00575878116119934,"ASV_2618","no_hit","Dinophyceae","Dinophyceae","Syndiniales","Amoebophryaceae","Amoebophrya","s_"
"2554","ASV_2619",-0.0170892033596615,0.00582540948846367,0.00236675587217808,"ASV_2619","no_hit","no_hit","no_hit","no_hit","no_hit","no_hit","no_hit"
"2555","ASV_2620",-0.00348599558120448,-0.0131399828715179,0.00621496377954274,"ASV_2620","no_hit","no_hit","no_hit","no_hit","no_hit","no_hit","no_hit"
"2556","ASV_2621",-9.897813107995e-06,-0.00284851519315896,3.39853158450928e-05,"ASV_2621","no_hit","no_hit","no_hit","no_hit","no_hit","no_hit","no_hit"
"2557","ASV_2622",-0.00873249376638164,-0.0194995291217034,0.0096126889076295,"ASV_2622","no_hit","Dinophyceae","Dinophyceae","Gymnodiniales","Gymnodiniaceae","g_","s_"
"2558","ASV_2623",-0.00452493490261313,0.00228158811951709,0.000594267110590492,"ASV_2623","no_hit","no_hit","no_hit","no_hit","no_hit","no_hit","no_hit"
"2559","ASV_2624",0.000299943944303401,-0.00203080410857668,-0.00030526749476225,"ASV_2624","no_hit","unknown","unknown","unknown","unknown","g_","s_"
"2560","ASV_2625",-0.0054382925294421,-0.00249636102175185,0.00554719892692371,"ASV_2625","no_hit","Dinophyceae","Dinophyceae","Gymnodiniales","no_hit","g_","s_"
"2561","ASV_2626",-0.00280254692365133,0.0087671792631591,0.00666255684835929,"ASV_2626","Viridiplantae","Chlorophyta","Mamiellophyceae","Dolichomastigales","Crustomastigaceae","g_","s_"
"2562","ASV_2627",-0.0110199267307536,0.00870813739804177,-0.0013369934728362,"ASV_2627","Viridiplantae","Chlorophyta","Mamiellophyceae","Dolichomastigales","Crustomastigaceae","g_","s_"
"2563","ASV_2628",-0.0056240096763926,-0.0147466612224369,0.00742572469402765,"ASV_2628","no_hit","Euglenozoa","unknown","Diplonemea","no_hit","no_hit","no_hit"
"2564","ASV_2629",-0.0118820850582638,0.00714191410855467,0.00214179636375283,"ASV_2629","no_hit","no_hit","no_hit","no_hit","no_hit","no_hit","no_hit"
"2565","ASV_2630",0.000653693166223773,0.000845675541323336,-0.00183137955932819,"ASV_2630","no_hit","unknown","Polycystinea","Nassellaria","Artostrobiidae","g_","s_"
"2566","ASV_2631",-0.00475842440627037,-0.00454181275453948,0.00287275063940644,"ASV_2631","no_hit","Euglenozoa","unknown","Diplonemea","unknown","g_","s_"
"2567","ASV_2632",-0.000430962351993843,-0.00637370944851797,0.00152764073261025,"ASV_2632","no_hit","Dinophyceae","Dinophyceae","no_hit","no_hit","no_hit","no_hit"
"2568","ASV_2633",-0.0129449966171493,-0.00489024138420617,0.00998168137412292,"ASV_2633","no_hit","Bacillariophyta","Coscinodiscophyceae","Melosirales","Stephanopyxidaceae","g_","s_"
"2569","ASV_2634",-0.0146703585332334,-0.00747142653863415,0.00688910678419943,"ASV_2634","no_hit","Dinophyceae","Dinophyceae","no_hit","no_hit","no_hit","no_hit"
"2570","ASV_2635",0.0110819058424847,0.00451958249438119,0.0121847435749637,"ASV_2635","no_hit","Dinophyceae","Dinophyceae","Peridiniales","Protoperidiniaceae","g_","s_"
"2571","ASV_2636",0.00121141158410237,0.00534779989609907,-0.00410948010025714,"ASV_2636","no_hit","Ciliophora","Oligohymenophorea","Philasterida","Loxocephalidae","g_","s_"
"2572","ASV_2637",0.00892078634948828,0.000211054101606907,0.0111468276659659,"ASV_2637","no_hit","Imbricatea","unknown","Marimonadida","unknown","g_","s_"
"2573","ASV_2638",-0.00801341859542682,-0.00480799727650105,0.00385666188420307,"ASV_2638","no_hit","Dinophyceae","Dinophyceae","Gymnodiniales","Kareniaceae","g_","s_"
"2574","ASV_2640",-0.0116883461222209,0.00796824967242566,0.00379601793017021,"ASV_2640","no_hit","Dinophyceae","Dinophyceae","Syndiniales","Amoebophryaceae","g_","s_"
"2575","ASV_2641",-0.0088542372700424,0.000349435778522403,0.00220600290115814,"ASV_2641","no_hit","no_hit","no_hit","no_hit","no_hit","g_","s_"
"2576","ASV_2643",2.55374588908854e-05,-0.0059819821871069,0.0016410802430233,"ASV_2643","no_hit","Dinophyceae","Dinophyceae","Syndiniales","Amoebophryaceae","g_","s_"
"2577","ASV_2644",-0.00159196857522229,0.00783536621629741,0.0111088865409675,"ASV_2644","no_hit","Dinophyceae","Dinophyceae","no_hit","no_hit","no_hit","s_"
"2578","ASV_2645",-0.00792181578315897,-0.00558920831555271,0.00569963041434479,"ASV_2645","no_hit","Ciliophora","no_hit","no_hit","no_hit","no_hit","no_hit"
"2579","ASV_2646",0.00730765193323656,0.00547830663852358,0.00629413162617504,"ASV_2646","no_hit","unknown","unknown","unknown","unknown","g_","s_"
"2580","ASV_2647",-0.00278722193821081,0.001647525708335,0.00394527401182046,"ASV_2647","no_hit","Bacillariophyta","Coscinodiscophyceae","Chaetocerotales","Attheyaceae","g_","s_"
"2581","ASV_2648",-0.00371511815616746,0.00333990800261496,-0.00163938704905627,"ASV_2648","Metazoa","Annelida","Polychaeta","Terebellida","Terebellidae","Amphitrite","no_hit"
"2582","ASV_2649",0.00324102181680132,0.00200856684277127,0.00219858849134014,"ASV_2649","no_hit","Imbricatea","unknown","Marimonadida","unknown","g_","s_"
"2583","ASV_2650",-0.00232363634572609,0.00601362918235716,0.00266767316649985,"ASV_2650","no_hit","Cercozoa","Thecofilosea","Phaeosphaerida","Aulosphaeridae","g_","s_"
"2584","ASV_2651",-2.07612722442527e-05,0.000830447785512758,-0.00201771791607811,"ASV_2651","no_hit","no_hit","no_hit","no_hit","no_hit","no_hit","s_"
"2585","ASV_2653",0.00705107136354966,0.00379565511254655,0.00712109416556265,"ASV_2653","no_hit","Dinophyceae","Dinophyceae","Gonyaulacales","Gonyaulacaceae","Alexandrium","no_hit"
"2586","ASV_2654",0.00746435438373545,0.00382913805664196,0.00587916213119208,"ASV_2654","no_hit","Ciliophora","Colpodea","Bryophryida","Bryophryidae","g_","s_"
"2587","ASV_2655",0.000574737290750725,0.00502344975481406,-0.00373811026155056,"ASV_2655","no_hit","Dinophyceae","Dinophyceae","no_hit","no_hit","no_hit","no_hit"
"2588","ASV_2656",-0.010100226483523,-0.0113375562702886,0.0116578735349231,"ASV_2656","no_hit","unknown","unknown","Telonemida","unknown","Telonema","s_"
"2589","ASV_2657",-0.000152640891515825,-0.00993875431980201,0.00274656908613595,"ASV_2657","no_hit","unknown","unknown","unknown","unknown","g_","s_"
"2590","ASV_2658",-0.000313152010061345,0.000194394587449513,-0.00112197321273935,"ASV_2658","no_hit","Dinophyceae","Dinophyceae","Gymnodiniales","Kareniaceae","g_","s_"
"2591","ASV_2659",0.00661304343986768,0.00262256410743403,0.0103068083662187,"ASV_2659","no_hit","Imbricatea","unknown","unknown","Metromonadea","g_","s_"
"2592","ASV_2660",0.000462527145242653,0.00224522504090305,-0.00233672790256644,"ASV_2660","no_hit","Dinophyceae","Dinophyceae","no_hit","no_hit","g_","s_"
"2593","ASV_2661",-0.0180044495570229,-0.00196876467740045,0.00728456699921614,"ASV_2661","no_hit","unknown","unknown","unknown","unknown","unknown","uncultured marine eukaryote"
"2594","ASV_2662",-0.0111992064194005,0.00691982453149653,0.000364254669992941,"ASV_2662","no_hit","no_hit","no_hit","no_hit","no_hit","g_","s_"
"2595","ASV_2663",-0.00139112550150455,-0.0151396327158611,0.00563171627984908,"ASV_2663","no_hit","unknown","unknown","unknown","unknown","unknown","uncultured marine eukaryote"
"2596","ASV_2664",0.00106832580894779,0.00206356597433525,-0.00268828046590682,"ASV_2664","no_hit","Dinophyceae","Dinophyceae","no_hit","no_hit","no_hit","s_"
"2597","ASV_2665",0.00981867534628226,0.00685776169713074,0.0117144928905351,"ASV_2665","no_hit","Dinophyceae","Dinophyceae","Syndiniales","no_hit","no_hit","no_hit"
"2598","ASV_2666",-0.00186464160214684,-0.0030905176159197,0.00100810615760935,"ASV_2666","no_hit","Euglenozoa","unknown","Diplonemea","unknown","g_","s_"
"2599","ASV_2667",0.00930611816869695,0.00525263851053319,0.0099379266511493,"ASV_2667","no_hit","Bacillariophyta","Bacillariophyceae","Bacillariales","Bacillariaceae","Pseudo-nitzschia","no_hit"
"2600","ASV_2668",0.012006320107047,0.00683643856509176,0.0125284158955617,"ASV_2668","no_hit","no_hit","no_hit","no_hit","no_hit","no_hit","no_hit"
"2601","ASV_2669",-0.00749628148121025,-0.00635994046335305,0.00478485827596553,"ASV_2669","no_hit","Dinophyceae","Dinophyceae","no_hit","no_hit","no_hit","no_hit"
"2602","ASV_2670",0.00536771801871773,0.00206326097476437,0.00424458078696217,"ASV_2670","no_hit","Dinophyceae","Dinophyceae","Syndiniales","Amoebophryaceae","Amoebophrya","no_hit"
"2603","ASV_2671",-0.00361586284758082,0.0134759003990033,0.0101168459076247,"ASV_2671","no_hit","Dinophyceae","Dinophyceae","Peridiniales","Pfiesteriaceae","Pfiesteria","s_"
"2604","ASV_2672",-0.00236123148976112,0.000470500190318545,-0.000105014880311076,"ASV_2672","no_hit","Euglenozoa","unknown","Diplonemea","unknown","g_","s_"
"2605","ASV_2673",-0.00095277681848619,-0.00541632339719746,0.00127564452148964,"ASV_2673","no_hit","Dinophyceae","Dinophyceae","no_hit","no_hit","no_hit","no_hit"
"2606","ASV_2674",0.0105066223505652,0.00583883774889285,0.0090176369436178,"ASV_2674","no_hit","Euglenozoa","unknown","Diplonemea","Hemistasiidae","g_","s_"
"2607","ASV_2675",-0.00515956529031585,-0.0082607420442267,0.00602269003932645,"ASV_2675","no_hit","Dinophyceae","Dinophyceae","Gymnodiniales","Kareniaceae","g_","s_"
"2608","ASV_2676",0.00145034897272447,0.00017588498153273,-0.00232710067510912,"ASV_2676","no_hit","unknown","unknown","unknown","unknown","unknown","uncultured marine eukaryote"
"2609","ASV_2677",-0.0116956435648406,-0.0122968541429895,0.00878714328487527,"ASV_2677","no_hit","unknown","unknown","unknown","unknown","unknown","s_"
"2610","ASV_2678",0.00957869497257204,0.00586256762756356,0.00854097047387383,"ASV_2678","no_hit","unknown","unknown","unknown","unknown","unknown","uncultured marine eukaryote"
"2611","ASV_2679",-0.0019502452026146,-0.00349847226021675,0.00233311363931807,"ASV_2679","no_hit","no_hit","no_hit","no_hit","no_hit","no_hit","no_hit"
"2612","ASV_2681",0.00756427262073703,0.00316299479322547,0.00594713593106033,"ASV_2681","no_hit","Dinophyceae","Dinophyceae","no_hit","no_hit","no_hit","no_hit"
"2613","ASV_2682",0.00627447264494487,0.00529074768790065,0.00831978007203121,"ASV_2682","no_hit","Dinophyceae","Dinophyceae","no_hit","no_hit","no_hit","no_hit"
"2614","ASV_2683",0.00959978316113152,0.00851502572524867,0.0138004222643663,"ASV_2683","no_hit","Dinophyceae","Dinophyceae","Peridiniales","Peridiniaceae","Scrippsiella","no_hit"
"2615","ASV_2684",-0.0191731961626102,-0.00273282849090157,0.00685623557924343,"ASV_2684","no_hit","Dinophyceae","Dinophyceae","Syndiniales","no_hit","g_","s_"
"2616","ASV_2685",-0.00742984988130444,-0.00045560016793625,0.00192686493607182,"ASV_2685","no_hit","Dinophyceae","Dinophyceae","no_hit","no_hit","no_hit","s_"
"2617","ASV_2686",0.00290214699709498,0.000770365782164531,0.000879387077613367,"ASV_2686","no_hit","Dinophyceae","Dinophyceae","no_hit","no_hit","no_hit","no_hit"
"2618","ASV_2687",0.00580594130923939,-0.000886865059433445,0.00978607915490428,"ASV_2687","no_hit","Bacillariophyta","Coscinodiscophyceae","Coscinodiscales","Hemidiscaceae","Actinocyclus","Actinocyclus curvatulus"
"2619","ASV_2688",0.00131472937776041,0.00310967849984848,-0.00261210676116625,"ASV_2688","Metazoa","Chordata","Appendicularia","Copelata","Fritillariidae","g_","s_"
"2620","ASV_2689",-0.00935525167008058,0.0014792718483494,0.0013536766295866,"ASV_2689","no_hit","unknown","unknown","unknown","unknown","g_","s_"
"2621","ASV_2690",-0.0134707090499387,-0.000974431015193192,0.0097506248258603,"ASV_2690","no_hit","Haptophyta","unknown","Prymnesiales","Chrysochromulinaceae","Chrysochromulina","Chrysochromulina scutellum"
"2622","ASV_2691",-0.0198947017175076,0.00231262495774673,0.00479766217942292,"ASV_2691","no_hit","unknown","unknown","unknown","unknown","unknown","uncultured marine eukaryote"
"2623","ASV_2692",0.00407060245286965,0.00223028532023301,0.00307973818006119,"ASV_2692","no_hit","Dinophyceae","Dinophyceae","Syndiniales","Amoebophryaceae","g_","s_"
"2624","ASV_2693",-0.0022751773480514,0.01176495927344,0.0097051376378506,"ASV_2693","Viridiplantae","Chlorophyta","Pyramimonadophyceae","Pyramimonadales","Pyramimonadaceae","Pterosperma","s_"
"2625","ASV_2694",-0.000918160474019034,0.000805175538388787,-0.00098277587747888,"ASV_2694","no_hit","Dinophyceae","Dinophyceae","Syndiniales","Amoebophryaceae","g_","s_"
"2626","ASV_2695",-0.00194701104188545,-0.000115233741454512,-0.000743774149930888,"ASV_2695","no_hit","Dinophyceae","Dinophyceae","Syndiniales","Amoebophryaceae","g_","s_"
"2627","ASV_2696",-0.000793874643710227,-0.00125635506288645,-0.000533333461058534,"ASV_2696","no_hit","Euglenozoa","unknown","Diplonemea","no_hit","g_","s_"
"2628","ASV_2697",-0.00281114552601185,-0.00584605862708272,0.00253919553980244,"ASV_2697","no_hit","Dinophyceae","Dinophyceae","Gymnodiniales","Kareniaceae","g_","s_"
"2629","ASV_2698",-0.00685469520786672,0.010167626632141,0.00883606764049014,"ASV_2698","Viridiplantae","Chlorophyta","Mamiellophyceae","Dolichomastigales","Crustomastigaceae","g_","s_"
"2630","ASV_2699",0.00040914913207671,0.00110028748784904,-0.0017866757037258,"ASV_2699","Metazoa","Chordata","Appendicularia","Copelata","Oikopleuridae","Oikopleura","Oikopleura gorskyi"
"2631","ASV_2700",-0.00973850705820839,-0.00210799369386021,0.00793313034333679,"ASV_2700","no_hit","unknown","Choanoflagellata","Acanthoecida","Stephanoecidae","g_","s_"
"2632","ASV_2701",-0.0013462088328914,-0.00582283031635638,0.00172361534195186,"ASV_2701","no_hit","Dinophyceae","Dinophyceae","Syndiniales","Amoebophryaceae","g_","s_"
"2633","ASV_2702",-0.0117145483535338,0.00176311352249481,0.00474205560267676,"ASV_2702","no_hit","Dinophyceae","Dinophyceae","Syndiniales","no_hit","g_","s_"
"2634","ASV_2703",-0.00561962995797867,-0.00394805820744378,0.00308640201822,"ASV_2703","no_hit","no_hit","no_hit","no_hit","no_hit","no_hit","no_hit"
"2635","ASV_2704",-0.000227177445302036,-0.000620303345185425,0.000829873076166896,"ASV_2704","no_hit","Ciliophora","Oligohymenophorea","Philasterida","Cinetochilidae","g_","s_"
"2636","ASV_2705",-0.0161050403587329,0.000486826357138243,0.00503444865301596,"ASV_2705","no_hit","unknown","Choanoflagellata","Acanthoecida","Stephanoecidae","g_","s_"
"2637","ASV_2706",-0.0198444154391204,-0.0020606287872636,0.00687363923644069,"ASV_2706","no_hit","Dinophyceae","Dinophyceae","no_hit","no_hit","no_hit","s_"
"2638","ASV_2707",-0.00399164219295729,-0.00852296703736387,0.00361592496324723,"ASV_2707","no_hit","Dinophyceae","Dinophyceae","Syndiniales","Amoebophryaceae","g_","s_"
"2639","ASV_2708",-0.00187172991358848,0.00283720382606474,0.00574750557549768,"ASV_2708","no_hit","no_hit","no_hit","no_hit","no_hit","g_","s_"
"2640","ASV_2709",-0.0103942974026498,0.000669652860798423,0.00537971034928055,"ASV_2709","no_hit","Dinophyceae","Dinophyceae","Peridiniales","Peridiniaceae","g_","s_"
"2641","ASV_2710",-0.000768419578380366,-0.00437082296468626,0.000854529588857982,"ASV_2710","no_hit","Euglenozoa","unknown","Diplonemea","unknown","g_","s_"
"2642","ASV_2711",0.00212076971164544,0.00227198534625734,-0.00245678828466956,"ASV_2711","no_hit","unknown","Polycystinea","Spumellaria","unknown","g_","s_"
"2643","ASV_2712",-0.00123439058616042,-0.00638159449429371,0.00294210200696289,"ASV_2712","no_hit","Ciliophora","Spirotrichea","no_hit","no_hit","no_hit","no_hit"
"2644","ASV_2713",-0.000140506588961488,-0.00191259457909871,0.00529569905131879,"ASV_2713","no_hit","no_hit","no_hit","no_hit","no_hit","no_hit","no_hit"
"2645","ASV_2714",-0.00151509897138857,-0.0110044148104008,0.00413445644417938,"ASV_2714","no_hit","Dinophyceae","Dinophyceae","no_hit","no_hit","no_hit","no_hit"
"2646","ASV_2715",-0.00266343266085453,-0.0044584817896126,0.00230161533622182,"ASV_2715","no_hit","no_hit","no_hit","no_hit","no_hit","no_hit","s_"
"2647","ASV_2716",-0.00672976748385372,-0.0133036798413464,0.00647227806564944,"ASV_2716","no_hit","Euglenozoa","unknown","Diplonemea","unknown","unknown","s_"
"2648","ASV_2717",0.00049732108298129,-0.00513494115594306,0.00102229747318727,"ASV_2717","no_hit","Dinophyceae","Dinophyceae","Syndiniales","Amoebophryaceae","g_","s_"
"2649","ASV_2718",0.00336719003312168,0.00675986431052846,0.010387901488663,"ASV_2718","no_hit","Dinophyceae","Dinophyceae","Syndiniales","Amoebophryaceae","Amoebophrya","no_hit"
"2650","ASV_2719",-0.00218638591466833,-0.00669783899824921,0.00240204674677536,"ASV_2719","no_hit","unknown","Polycystinea","Nassellaria","Plagiacanthidae","g_","s_"
"2651","ASV_2720",-0.00633967939579866,-0.0118236370525923,0.0069258278503281,"ASV_2720","no_hit","unknown","unknown","unknown","unknown","unknown","s_"
"2652","ASV_2721",-0.00483845234558355,-0.0145608667848693,0.00659931468546266,"ASV_2721","no_hit","Dinophyceae","Dinophyceae","no_hit","no_hit","no_hit","no_hit"
"2653","ASV_2722",7.00821052737075e-05,0.00111023149070272,-0.00178546969560962,"ASV_2722","no_hit","Euglenozoa","unknown","Diplonemea","unknown","g_","s_"
"2654","ASV_2723",-0.0151410791611492,0.00982629996236113,-0.00030125868682245,"ASV_2723","no_hit","Dinophyceae","Dinophyceae","Syndiniales","no_hit","g_","s_"
"2655","ASV_2724",-0.00365079745884337,-0.00830330130731304,0.00372476109133808,"ASV_2724","no_hit","unknown","unknown","unknown","unknown","unknown","s_"
"2656","ASV_2725",-0.00246354339549486,-0.00251837060597349,0.00578898566173327,"ASV_2725","no_hit","Bacillariophyta","Bacillariophyceae","Naviculales","Naviculaceae","Haslea","Haslea avium"
"2657","ASV_2726",-0.0126828311588256,0.00139843165777721,0.00474333013083379,"ASV_2726","no_hit","Picozoa","Picomonadea","Picomonadida","Picomonadidae","Picomonas","s_"
"2658","ASV_2727",0.00053023327590535,0.00344904911498901,-0.00293633133601034,"ASV_2727","no_hit","no_hit","no_hit","no_hit","no_hit","g_","s_"
"2659","ASV_2728",-0.000715867236827021,0.00391019573791405,-0.00280280308579116,"ASV_2728","no_hit","Dinophyceae","Dinophyceae","Syndiniales","Ellobiopsidae","g_","s_"
"2660","ASV_2729",-0.0149857600972564,-0.00435799890045827,0.00558890763892962,"ASV_2729","no_hit","Dinophyceae","Dinophyceae","Syndiniales","Amoebophryaceae","Amoebophrya","no_hit"
"2661","ASV_2730",-0.0074737090798487,-0.00609273035880086,0.00598378828032061,"ASV_2730","no_hit","Dinophyceae","Dinophyceae","Syndiniales","Duboscquellidae","Duboscquella","s_"
"2662","ASV_2731",-0.00139625809237248,0.00819795809628486,0.00575711025238811,"ASV_2731","no_hit","Bacillariophyta","Coscinodiscophyceae","Melosirales","Stephanopyxidaceae","g_","s_"
"2663","ASV_2732",0.00595737537430423,0.00503110312485932,0.00850345967704324,"ASV_2732","no_hit","Dinophyceae","Dinophyceae","Syndiniales","Eudubosquellidae","Euduboscquella","no_hit"
"2664","ASV_2733",0.000620861207271001,0.00538432893228582,-0.00388615191610705,"ASV_2733","Metazoa","Arthropoda","Hexanauplia","Poecilostomatoida","Oncaeidae","no_hit","s_"
"2665","ASV_2734",-0.00465035316424246,0.000330614286104132,0.00889798332720406,"ASV_2734","no_hit","no_hit","no_hit","no_hit","no_hit","g_","s_"
"2666","ASV_2735",-0.000681562913244134,-0.00327832540415772,0.00124308703143657,"ASV_2735","no_hit","Dinophyceae","Dinophyceae","no_hit","no_hit","no_hit","no_hit"
"2667","ASV_2736",-0.012045813795748,-0.0115059734654136,0.0100716941319337,"ASV_2736","no_hit","Haptophyta","unknown","Prymnesiales","Prymnesiaceae","no_hit","s_"
"2668","ASV_2737",0.00324345491376508,0.00209683297165714,0.00299903697687368,"ASV_2737","Fungi","Basidiomycota","no_hit","no_hit","no_hit","no_hit","no_hit"
"2669","ASV_2738",0.002799256930415,-0.00416513192969658,0.00567976355364421,"ASV_2738","no_hit","no_hit","no_hit","no_hit","no_hit","g_","s_"
"2670","ASV_2739",-0.00424084951794021,0.000666222561724943,0.0023747902826401,"ASV_2739","no_hit","Euglenozoa","unknown","Diplonemea","unknown","g_","s_"
"2671","ASV_2740",-0.00686812134011548,0.00719745643922142,-0.000469371357917362,"ASV_2740","no_hit","unknown","Cryptophyceae","Pyrenomonadales","Geminigeraceae","g_","s_"
"2672","ASV_2741",0.00998058928514876,0.00436293935395964,0.0120696400395425,"ASV_2741","no_hit","Imbricatea","unknown","Thaumatomonadida","Thaumatomastigidae","g_","s_"
"2673","ASV_2742",-0.00334905154281316,-0.010722461843656,0.0046598514261699,"ASV_2742","no_hit","Dinophyceae","Dinophyceae","Syndiniales","no_hit","no_hit","no_hit"
"2674","ASV_2743",0.00565270107575019,-0.00531529440228119,0.00917707174953173,"ASV_2743","no_hit","no_hit","no_hit","no_hit","no_hit","no_hit","no_hit"
"2675","ASV_2744",-0.00273842011947144,-0.0141722761464387,0.00748294714629314,"ASV_2744","no_hit","no_hit","no_hit","no_hit","no_hit","g_","s_"
"2676","ASV_2745",-0.00485655634685951,-0.00996040907319544,0.00466520970839822,"ASV_2745","no_hit","no_hit","no_hit","no_hit","no_hit","g_","s_"
"2677","ASV_2746",-0.00244079321722618,-0.0058871434415717,0.00196743689386072,"ASV_2746","no_hit","unknown","unknown","unknown","unknown","g_","s_"
"2678","ASV_2747",-0.00544210107829415,-0.000248886638840922,0.0021918303499545,"ASV_2747","no_hit","Dinophyceae","Dinophyceae","Syndiniales","Amoebophryaceae","g_","s_"
"2679","ASV_2748",-0.00165610259068225,-0.00982873729652656,0.00377654165828849,"ASV_2748","no_hit","Dinophyceae","Dinophyceae","Syndiniales","Amoebophryaceae","g_","s_"
"2680","ASV_2749",0.00798933695629481,0.0061162339476874,0.0139706679278977,"ASV_2749","no_hit","Bacillariophyta","Bacillariophyceae","Naviculales","no_hit","no_hit","no_hit"
"2681","ASV_2750",-0.00808859557889014,0.00590919368034196,-0.000804697839938807,"ASV_2750","no_hit","unknown","Choanoflagellata","Acanthoecida","Acanthoecidae","Acanthoeca","Acanthoeca sp. SIOpierAcanth1"
"2682","ASV_2751",-0.00168022774771299,-0.00462168524321139,0.00226453008289533,"ASV_2751","no_hit","Dinophyceae","Dinophyceae","Syndiniales","Amoebophryaceae","g_","s_"
"2683","ASV_2752",0.0064372301059272,0.00293062590462622,0.0060402792810709,"ASV_2752","no_hit","Dinophyceae","Dinophyceae","Syndiniales","no_hit","no_hit","no_hit"
"2684","ASV_2753",-0.00250647816736032,-0.010598029566905,0.00466089200403835,"ASV_2753","no_hit","Euglenozoa","unknown","Diplonemea","no_hit","no_hit","no_hit"
"2685","ASV_2754",-0.00742989938868786,0.00395971074749702,0.000432252702548138,"ASV_2754","no_hit","Dinophyceae","Dinophyceae","Abediniales","Abediniaceae","Abedinium","Abedinium folium"
"2686","ASV_2755",0.00474017866527706,-0.0018385984310556,0.00504358065667142,"ASV_2755","no_hit","unknown","unknown","unknown","unknown","g_","s_"
"2687","ASV_2756",0.00171259730780483,0.0027275029028214,-0.00355788629536883,"ASV_2756","Metazoa","Ctenophora","Tentaculata","Cydippida","Dryodoridae","Dryodora","Dryodora glandiformis"
"2688","ASV_2757",0.00103108579370533,-0.0038762039355908,-0.000347181719689429,"ASV_2757","Metazoa","Arthropoda","Hexanauplia","Poecilostomatoida","Oncaeidae","no_hit","no_hit"
"2689","ASV_2758",-0.0131657060087944,-0.000938330349676373,0.00552804427953097,"ASV_2758","no_hit","Dinophyceae","Dinophyceae","Syndiniales","Amoebophryaceae","Amoebophrya","no_hit"
"2690","ASV_2759",-0.0035663474119932,-0.0106675768870718,0.00450873728638094,"ASV_2759","no_hit","Dinophyceae","Dinophyceae","Syndiniales","no_hit","no_hit","s_"
"2691","ASV_2760",-0.0132068561368047,0.0021394284408629,0.00742538472693549,"ASV_2760","no_hit","Dinophyceae","Dinophyceae","Syndiniales","Amoebophryaceae","g_","s_"
"2692","ASV_2761",0.000215321877565151,-0.000124970282471345,-0.00125062975345741,"ASV_2761","no_hit","unknown","unknown","unknown","unknown","g_","s_"
"2693","ASV_2762",0.00247270218410261,-0.00628158228902423,0.00635597841321425,"ASV_2762","no_hit","Cercozoa","no_hit","no_hit","no_hit","g_","s_"
"2694","ASV_2763",-0.00353229553994241,-0.00411179803685232,0.00408903443378438,"ASV_2763","no_hit","no_hit","no_hit","no_hit","no_hit","no_hit","s_"
"2695","ASV_2764",-0.00359140456815718,0.00708379322391295,0.00913978883836113,"ASV_2764","Viridiplantae","Chlorophyta","Mamiellophyceae","Dolichomastigales","Crustomastigaceae","g_","s_"
"2696","ASV_2765",-0.0116261678059066,0.00628895774193088,0.00106628154436154,"ASV_2765","no_hit","Dinophyceae","Dinophyceae","Gymnodiniales","Kareniaceae","Takayama","s_"
"2697","ASV_2766",-0.000735811743671133,-0.00129595847080607,-0.00291680782958813,"ASV_2766","Metazoa","Chaetognatha","Sagittoidea","Aphragmophora","Sagittidae","Parasagitta","Parasagitta elegans"
"2698","ASV_2767",0.00311092556625716,0.00058878577779239,-0.0025808489141186,"ASV_2767","no_hit","Ciliophora","Oligohymenophorea","Apostomatida","Pseudocolliniidae","g_","s_"
"2699","ASV_2768",0.000204928608467243,-0.00360964559173887,0.000680698202690379,"ASV_2768","no_hit","Dinophyceae","Dinophyceae","Syndiniales","no_hit","g_","s_"
"2700","ASV_2769",0.00823661383584212,0.00346801425903929,0.00703853802784839,"ASV_2769","no_hit","Ciliophora","Prostomatea","Prorodontida","unknown","Hexasterias","s_"
"2701","ASV_2770",-0.00262745219670957,-0.0103882046757838,0.00373489176615979,"ASV_2770","no_hit","Dinophyceae","Dinophyceae","Syndiniales","no_hit","no_hit","no_hit"
"2702","ASV_2771",0.00467441921286059,0.00212820289368153,0.00323880205058397,"ASV_2771","no_hit","Dinophyceae","Dinophyceae","Syndiniales","Amoebophryaceae","g_","s_"
"2703","ASV_2772",-0.00461664132027318,-0.0108469625845222,0.0054267674238703,"ASV_2772","no_hit","unknown","Bigyra","Nanomonadea","unknown","Solenicola","s_"
"2704","ASV_2773",-7.51055809121398e-05,-0.000759515247782095,-0.000862590511520045,"ASV_2773","no_hit","Dinophyceae","Dinophyceae","no_hit","no_hit","g_","s_"
"2705","ASV_2774",-0.00234063741002356,-0.010143741120768,0.0119563846565695,"ASV_2774","no_hit","no_hit","no_hit","no_hit","no_hit","no_hit","no_hit"
"2706","ASV_2775",-0.00159607631875468,-0.0037669985429352,0.00136300370566058,"ASV_2775","no_hit","Euglenozoa","unknown","Diplonemea","no_hit","no_hit","no_hit"
"2707","ASV_2776",0.00138408221773493,-0.00133853775135454,0.0015741620815699,"ASV_2776","no_hit","unknown","Polycystinea","Spumellaria","no_hit","no_hit","no_hit"
"2708","ASV_2777",0.000473577933437204,0.000269385742154383,-0.00145499389980037,"ASV_2777","no_hit","Dinophyceae","Dinophyceae","no_hit","no_hit","no_hit","no_hit"
"2709","ASV_2778",-0.00132708069877751,-0.0052410753623487,0.00202399253854791,"ASV_2778","no_hit","Ciliophora","Spirotrichea","unknown","Strombidiidae","no_hit","no_hit"
"2710","ASV_2779",-0.0117551167766065,-0.000944052459296632,0.0066798820840478,"ASV_2779","no_hit","Dinophyceae","Dinophyceae","Gymnodiniales","Kareniaceae","no_hit","s_"
"2711","ASV_2780",0.000159865766081595,-0.000899468417578787,-0.000679121790848844,"ASV_2780","no_hit","unknown","unknown","Sticholonchida","Sticholonchidae","g_","s_"
"2712","ASV_2781",-0.000804477294135048,-0.0129196878610592,0.00501490272226203,"ASV_2781","no_hit","Euglenozoa","unknown","Diplonemea","Diplonemidae","g_","s_"
"2713","ASV_2782",0.0143571408893367,0.0085028092039436,0.0141790558184117,"ASV_2782","no_hit","Bacillariophyta","Coscinodiscophyceae","Thalassiosirales","Thalassiosiraceae","Thalassiosira","s_"
"2714","ASV_2783",-0.000255970626617865,-0.00922323096627055,0.00598240203625251,"ASV_2783","no_hit","unknown","Phaeophyceae","Ascoseirales","unknown","g_","s_"
"2715","ASV_2784",0.00831397871459475,0.00448987145913409,0.00740500918143204,"ASV_2784","no_hit","Dinophyceae","Dinophyceae","Gymnodiniales","Warnowiaceae","g_","s_"
"2716","ASV_2785",0.00666959640399728,0.00177233630283648,0.00601055578016455,"ASV_2785","no_hit","Dinophyceae","Dinophyceae","Gonyaulacales","Gonyaulacaceae","g_","s_"
"2717","ASV_2786",0.00770914808591977,0.0043180615841587,0.00861477176962684,"ASV_2786","no_hit","no_hit","no_hit","no_hit","no_hit","g_","s_"
"2718","ASV_2787",-0.005792995368459,-0.0188459023658766,0.00924096882567204,"ASV_2787","no_hit","no_hit","no_hit","no_hit","no_hit","no_hit","no_hit"
"2719","ASV_2788",0.000450037465799336,0.00240735099276366,0.00125291429910512,"ASV_2788","no_hit","no_hit","no_hit","no_hit","no_hit","no_hit","no_hit"
"2720","ASV_2789",-0.010078998544607,-0.00593470829728726,0.00533756884703419,"ASV_2789","no_hit","Dinophyceae","Dinophyceae","Peridiniales","Peridiniaceae","g_","s_"
"2721","ASV_2790",0.00582040461307249,0.00394334658502318,0.00627124739157882,"ASV_2790","no_hit","Ciliophora","no_hit","no_hit","no_hit","g_","s_"
"2722","ASV_2791",-0.00734432936281838,0.00588104826652487,0.00372271844397801,"ASV_2791","no_hit","Dinophyceae","Dinophyceae","Syndiniales","Amoebophryaceae","g_","s_"
"2723","ASV_2792",-0.000953913410549647,-0.0038579816925472,0.00154843661590922,"ASV_2792","no_hit","unknown","unknown","unknown","Colpodellaceae","g_","s_"
"2724","ASV_2793",0.00582003056564143,0.0038040374512342,0.00494634715820115,"ASV_2793","no_hit","Bacillariophyta","Coscinodiscophyceae","Chaetocerotales","Chaetocerotaceae","Chaetoceros","s_"
"2725","ASV_2794",0.000458284149095101,0.00220130446258587,-0.00231992224226306,"ASV_2794","Metazoa","Cnidaria","Hydrozoa","Narcomedusae","Cuninidae","Cunina","Cunina frugifera"
"2726","ASV_2795",0.00252423230551191,0.00299118049567677,-0.00310097699371486,"ASV_2795","Metazoa","Chordata","Appendicularia","Copelata","Fritillariidae","Fritillaria <tunicates>","Fritillaria gracilis"
"2727","ASV_2796",-0.00202529017043804,-0.00121971326596124,0.00532808848489937,"ASV_2796","Metazoa","Ctenophora","Nuda","Beroida","Beroidae","Beroe","no_hit"
"2728","ASV_2797",-0.00444667289347783,-0.00191299267147392,0.00391998408263367,"ASV_2797","no_hit","Dinophyceae","Dinophyceae","Syndiniales","Amoebophryaceae","Amoebophrya","no_hit"
"2729","ASV_2798",0.00101467157675491,-0.00540010628023359,0.000952569803701607,"ASV_2798","no_hit","Dinophyceae","Dinophyceae","Blastodiniales","unknown","Blastodinium","Blastodinium mangini"
"2730","ASV_2799",0.00392574403227278,0.00182276524383665,0.00377152498296567,"ASV_2799","no_hit","Dinophyceae","Dinophyceae","Peridiniales","Protoperidiniaceae","Protoperidinium","Protoperidinium divergens"
"2731","ASV_2800",-0.00801898712561701,-0.0111246949003626,0.00790141978377506,"ASV_2800","no_hit","Euglenozoa","unknown","Diplonemea","no_hit","g_","s_"
"2732","ASV_2801",-0.00229885104013877,-0.00880942010864634,0.00615265045333694,"ASV_2801","no_hit","unknown","unknown","unknown","unknown","g_","s_"
"2733","ASV_2802",-0.00390858855953145,0.00957247049308938,0.0108571829834262,"ASV_2802","no_hit","Cercozoa","Thecofilosea","Cryomonadida","Protaspidae","Cryothecomonas","s_"
"2734","ASV_2803",0.00832716875959445,0.00299069032934983,0.00665662284264578,"ASV_2803","no_hit","Dinophyceae","Dinophyceae","Gonyaulacales","Gonyaulacaceae","Alexandrium","no_hit"
"2735","ASV_2804",-0.00326754580548518,-0.00415969922350824,0.00238442950443828,"ASV_2804","no_hit","Dinophyceae","Dinophyceae","Syndiniales","Syndiniaceae","g_","s_"
"2736","ASV_2805",-0.0123897619221364,-0.00235856154982679,0.00498881140344056,"ASV_2805","no_hit","unknown","unknown","unknown","unknown","g_","s_"
"2737","ASV_2806",-0.00757353481251922,-0.00102838752163858,0.00243338117238466,"ASV_2806","no_hit","unknown","unknown","unknown","unknown","g_","s_"
"2738","ASV_2807",0.000925385604403738,-0.000851737953674602,-0.00209141726228252,"ASV_2807","Viridiplantae","Chlorophyta","no_hit","no_hit","no_hit","no_hit","no_hit"
"2739","ASV_2808",-0.00288228982428783,-0.00448587273633357,0.00213387660574643,"ASV_2808","no_hit","no_hit","no_hit","no_hit","no_hit","no_hit","no_hit"
"2740","ASV_2809",-0.0153840047795422,0.00696527966562438,0.00255922006354492,"ASV_2809","no_hit","Ciliophora","Spirotrichea","no_hit","no_hit","no_hit","no_hit"
"2741","ASV_2810",0.00151280578856507,0.00375779422056189,-0.00359712554365385,"ASV_2810","Metazoa","Arthropoda","Ostracoda","Halocyprida","Halocyprididae","g_","s_"
"2742","ASV_2811",-0.0093621299953002,-0.00644437891592529,0.0110652853480999,"ASV_2811","no_hit","unknown","Phaeophyceae","no_hit","no_hit","g_","s_"
"2743","ASV_2812",0.00275228442600228,0.00474879780253535,0.0083696569758553,"ASV_2812","no_hit","Dinophyceae","Dinophyceae","Syndiniales","Amoebophryaceae","Amoebophrya","no_hit"
"2744","ASV_2813",0.000449644896351624,-0.000902468785491139,-0.00084403120315023,"ASV_2813","no_hit","Euglenozoa","unknown","Diplonemea","unknown","unknown","s_"
"2745","ASV_2814",-0.0010603293501386,-0.00226069878788304,0.00192694255173447,"ASV_2814","no_hit","no_hit","no_hit","no_hit","no_hit","no_hit","s_"
"2746","ASV_2816",-0.0117487883343672,0.000488411370848631,0.00268719384696697,"ASV_2816","no_hit","unknown","unknown","unknown","unknown","g_","s_"
"2747","ASV_2817",-0.0063543305826689,-0.00140202727376699,0.00189060516074216,"ASV_2817","Metazoa","Echinodermata","Echinoidea","Spatangoida","Schizasteridae","Abatus","Abatus cavernosus"
"2748","ASV_2818",-0.0184440169670448,0.000990447731909897,0.00604778375002672,"ASV_2818","no_hit","no_hit","no_hit","no_hit","no_hit","no_hit","s_"
"2749","ASV_2819",-0.0112305272543978,0.0111409740853771,-0.000270940787412412,"ASV_2819","no_hit","unknown","unknown","unknown","unknown","unknown","uncultured marine eukaryote"
"2750","ASV_2820",-0.00830506390222056,0.00565748519126339,-0.000277680403796308,"ASV_2820","no_hit","Ciliophora","Spirotrichea","unknown","Tontoniidae","Pseudotontonia","Pseudotontonia sp. JG-2011a"
"2751","ASV_2821",0.000494963804927087,0.0011375270716539,-0.00191811239606183,"ASV_2821","no_hit","Dinophyceae","Dinophyceae","no_hit","no_hit","no_hit","no_hit"
"2752","ASV_2822",-0.00594507380226569,0.00327277173222072,0.00802551776445638,"ASV_2822","no_hit","Dinophyceae","Dinophyceae","no_hit","no_hit","no_hit","no_hit"
"2753","ASV_2823",-0.0167049244622062,0.006121814829602,0.00219804944132425,"ASV_2823","no_hit","Foraminifera","no_hit","no_hit","no_hit","g_","s_"
"2754","ASV_2824",-0.00116509564642163,0.00697448476857962,0.0043185391294496,"ASV_2824","no_hit","no_hit","no_hit","no_hit","no_hit","g_","s_"
"2755","ASV_2825",-0.00217534088252112,-0.00803591182043799,0.00381618634003994,"ASV_2825","no_hit","Ciliophora","Spirotrichea","Tintinnida","Tintinnidae","Salpingella","s_"
"2756","ASV_2826",-0.00201447836894252,-0.000492109155745888,6.24241745881913e-05,"ASV_2826","Metazoa","Cnidaria","Hydrozoa","Siphonophorae","no_hit","no_hit","no_hit"
"2757","ASV_2827",-0.018772034085162,0.0091546112820953,0.00209075950095945,"ASV_2827","no_hit","Dinophyceae","Dinophyceae","Syndiniales","Amoebophryaceae","Amoebophrya","no_hit"
"2758","ASV_2828",-0.00626667285033664,0.00569728035262242,0.012810087737696,"ASV_2828","no_hit","Dinophyceae","Dinophyceae","no_hit","no_hit","no_hit","no_hit"
"2759","ASV_2829",-0.0102903271047142,0.00206438530051424,0.00373444853384083,"ASV_2829","no_hit","Dinophyceae","Dinophyceae","Peridiniales","Peridiniopsidaceae","Palatinus","Palatinus apiculatus"
"2760","ASV_2830",-0.000837236849562272,0.000476607168269455,-0.00193388838771056,"ASV_2830","Metazoa","Annelida","Polychaeta","unknown","Capitellidae","Notomastus","no_hit"
"2761","ASV_2831",0.00590580676069385,0.00114922952837066,0.00507854746981444,"ASV_2831","no_hit","Ciliophora","Spirotrichea","unknown","Strombidiidae","no_hit","no_hit"
"2762","ASV_2832",-0.0156572148800624,-0.0013915487411585,0.00621885552317447,"ASV_2832","no_hit","unknown","unknown","unknown","unknown","unknown","uncultured marine eukaryote"
"2763","ASV_2833",-0.000857896408890283,-0.0046270302742563,0.00146723582071453,"ASV_2833","no_hit","no_hit","no_hit","no_hit","no_hit","no_hit","no_hit"
"2764","ASV_2834",0.000727043795501912,0.00495859106437559,-0.00336869993268329,"ASV_2834","no_hit","no_hit","no_hit","no_hit","no_hit","no_hit","no_hit"
"2765","ASV_2835",-0.00288647043198155,-0.00681820151891043,0.00313150277424697,"ASV_2835","no_hit","Dinophyceae","Dinophyceae","Syndiniales","Amoebophryaceae","Amoebophrya","s_"
"2766","ASV_2836",-0.00193075234038169,-0.0103114280186053,0.011443316786247,"ASV_2836","no_hit","no_hit","no_hit","no_hit","no_hit","g_","s_"
"2767","ASV_2837",-0.0116233339133601,0.00146291804450616,0.00291687171454622,"ASV_2837","no_hit","Dinophyceae","Dinophyceae","no_hit","no_hit","g_","s_"
"2768","ASV_2838",-0.00761505713988197,0.00354144147897923,0.0089509806576377,"ASV_2838","no_hit","no_hit","no_hit","no_hit","no_hit","g_","s_"
"2769","ASV_2839",0.000812468766372216,0.00296091886056148,-0.00251757918382159,"ASV_2839","no_hit","Dinophyceae","Dinophyceae","Gymnodiniales","Gymnodiniaceae","g_","s_"
"2770","ASV_2840",-0.00700465218076011,-0.00119935819541677,0.0022347408699643,"ASV_2840","no_hit","Dinophyceae","Dinophyceae","Syndiniales","Duboscquellidae","Duboscquella","s_"
"2771","ASV_2841",-0.0157884366686235,0.00413693790803415,0.00358664631741579,"ASV_2841","no_hit","unknown","unknown","unknown","unknown","unknown","s_"
"2772","ASV_2842",-0.0012348025098691,0.00271180331064149,0.0055655235954419,"ASV_2842","no_hit","Dinophyceae","Dinophyceae","no_hit","no_hit","no_hit","no_hit"
"2773","ASV_2843",-0.000562635111981581,-0.00642687434827681,0.00190952982618554,"ASV_2843","no_hit","unknown","unknown","unknown","unknown","g_","s_"
"2774","ASV_2844",-0.00410619291734973,0.00526473045227417,-0.0002638005813009,"ASV_2844","no_hit","Dinophyceae","Dinophyceae","Syndiniales","Amoebophryaceae","g_","s_"
"2775","ASV_2845",0.00290723577635819,0.000427354624651932,0.00204528739244183,"ASV_2845","no_hit","Dinophyceae","Dinophyceae","Peridiniales","Protoperidiniaceae","Protoperidinium","Protoperidinium monovelum"
"2776","ASV_2846",0.000443140012439082,0.00124413953221257,-0.00190106597456851,"ASV_2846","no_hit","Dinophyceae","Dinophyceae","Syndiniales","no_hit","no_hit","no_hit"
"2777","ASV_2847",-0.00374891479292241,0.00920104367530258,0.00414859713903086,"ASV_2847","no_hit","unknown","unknown","unknown","unknown","unknown","s_"
"2778","ASV_2848",-7.47535617068238e-05,-0.00183917327174443,-0.00030031930482299,"ASV_2848","no_hit","Dinophyceae","Dinophyceae","Coccidiniales","Chytriodiniaceae","Chytriodinium","Chytriodinium sp. Atlantic"
"2779","ASV_2849",-0.0127651726921981,0.0116766793784838,-0.00159490220390892,"ASV_2849","no_hit","unknown","unknown","unknown","unknown","g_","s_"
"2780","ASV_2851",-0.00706819613157906,0.00516637824602926,-0.000676638839788166,"ASV_2851","Metazoa","Annelida","Polychaeta","Phyllodocida","Polynoidae","no_hit","no_hit"
"2781","ASV_2852",-0.000589264994540872,-0.00428354092491268,0.000976444012862284,"ASV_2852","no_hit","Dinophyceae","Dinophyceae","no_hit","no_hit","no_hit","no_hit"
"2782","ASV_2853",-0.00199006603366802,-0.00712235124782195,0.0031664068375066,"ASV_2853","no_hit","no_hit","no_hit","no_hit","no_hit","no_hit","no_hit"
"2783","ASV_2854",-0.00202800220828934,-0.00332682517384255,0.000960522084168961,"ASV_2854","no_hit","unknown","Cryptophyceae","Cyathomonadacea","Goniomonadaceae","Goniomonas","s_"
"2784","ASV_2855",-0.0154783367665743,0.0027472185396249,0.0058965344529642,"ASV_2855","no_hit","Euglenozoa","unknown","Diplonemea","no_hit","no_hit","no_hit"
"2785","ASV_2856",0.00891437512589674,0.00557398062789138,0.0130623107215698,"ASV_2856","no_hit","Imbricatea","unknown","Thaumatomonadida","Thaumatomastigidae","g_","s_"
"2786","ASV_2857",-0.00252834679387095,-0.00313177435209662,0.00119395112632475,"ASV_2857","no_hit","unknown","Acantharea","Arthracanthida","no_hit","g_","s_"
"2787","ASV_2858",-0.00184636386452002,-0.000306688463195102,0.00373466585802978,"ASV_2858","no_hit","Dinophyceae","Dinophyceae","Syndiniales","Duboscquellidae","g_","s_"
"2788","ASV_2859",0.00288849781565498,0.00439517159235102,0.00975886540994702,"ASV_2859","no_hit","unknown","Cryptophyceae","no_hit","no_hit","g_","s_"
"2789","ASV_2861",-0.00436870350590004,-0.0126543753149937,0.00649063823787953,"ASV_2861","no_hit","Dinophyceae","Dinophyceae","Syndiniales","Amoebophryaceae","g_","s_"
"2790","ASV_2862",0.0053615519002191,0.0095998864136087,0.0123588414062611,"ASV_2862","no_hit","no_hit","no_hit","no_hit","no_hit","g_","s_"
"2791","ASV_2864",-0.00186918691253467,-0.0111036704870332,0.00420263998496986,"ASV_2864","no_hit","Dinophyceae","Dinophyceae","Syndiniales","Amoebophryaceae","g_","s_"
"2792","ASV_2865",-0.00135368930715648,-0.0177360348254286,0.00670897871688957,"ASV_2865","no_hit","Ciliophora","Colpodea","unknown","unknown","g_","s_"
"2793","ASV_2866",-9.67521253859425e-06,-0.00327302237898349,9.58478541634473e-05,"ASV_2866","no_hit","Dinophyceae","Dinophyceae","Syndiniales","no_hit","no_hit","no_hit"
"2794","ASV_2867",-0.0113951687818075,-0.00529776083949469,0.00522839149191755,"ASV_2867","no_hit","unknown","Cryptophyceae","Cyathomonadacea","Goniomonadaceae","g_","s_"
"2795","ASV_2868",-0.0132989864635487,-0.00943179631545786,0.00781476451197843,"ASV_2868","no_hit","Euglenozoa","unknown","Diplonemea","unknown","g_","s_"
"2796","ASV_2869",-0.0112725236504007,-0.0110164848595202,0.0107510238469283,"ASV_2869","no_hit","Dinophyceae","Dinophyceae","Syndiniales","Amoebophryaceae","g_","s_"
"2797","ASV_2870",-0.0156151095385764,0.00731935231024407,0.00352592969840079,"ASV_2870","no_hit","Dinophyceae","Dinophyceae","Syndiniales","Amoebophryaceae","g_","s_"
"2798","ASV_2871",-0.00760042793058986,-0.00921169221513533,0.00688957661293123,"ASV_2871","no_hit","Dinophyceae","Dinophyceae","Gymnodiniales","Gymnodiniaceae","g_","s_"
"2799","ASV_2872",-3.77265291557893e-05,-0.00438381203488955,0.00168160184573442,"ASV_2872","no_hit","unknown","unknown","unknown","unknown","unknown","s_"
"2800","ASV_2873",-0.00695288544783225,0.00810305120741798,0.00400253851857897,"ASV_2873","no_hit","Dinophyceae","Dinophyceae","no_hit","no_hit","no_hit","no_hit"
"2801","ASV_2874",-0.0136259532687535,-0.011178214511312,0.00878667760413216,"ASV_2874","no_hit","Dinophyceae","Dinophyceae","no_hit","no_hit","no_hit","no_hit"
"2802","ASV_2875",-0.0139228655368147,0.00952429401190928,-0.000814421781078804,"ASV_2875","no_hit","no_hit","no_hit","no_hit","no_hit","g_","s_"
"2803","ASV_2876",0.00324096055762154,-0.00482818490133461,0.00524355452527037,"ASV_2876","no_hit","Cercozoa","no_hit","no_hit","no_hit","g_","s_"
"2804","ASV_2877",-0.00348102783071246,-0.00259166783078059,0.00477954326524951,"ASV_2877","Metazoa","Cnidaria","Hydrozoa","Siphonophorae","no_hit","no_hit","no_hit"
"2805","ASV_2878",-0.00438309148052547,-0.0137297353428934,0.00640284926747745,"ASV_2878","no_hit","Euglenozoa","unknown","Diplonemea","unknown","g_","s_"
"2806","ASV_2879",0.000492049613105216,0.00320822893970555,-0.00281934252505417,"ASV_2879","no_hit","Euglenozoa","unknown","Diplonemea","unknown","unknown","s_"
"2807","ASV_2880",-0.00371525993977161,0.0148313592879143,0.0108103761969293,"ASV_2880","no_hit","Bacillariophyta","Coscinodiscophyceae","Stephanodiscales","Stephanodiscaceae","Cyclotella","Cyclotella striata"
"2808","ASV_2881",0.000227287604689111,-0.00217200770813795,0.00414841737554897,"ASV_2881","no_hit","Imbricatea","unknown","Marimonadida","unknown","Abollifer","s_"
"2809","ASV_2882",0.000560900605904298,7.00496491951941e-05,-0.00141051838613199,"ASV_2882","no_hit","no_hit","no_hit","no_hit","no_hit","no_hit","no_hit"
"2810","ASV_2883",-0.0090622683641466,0.00710411552681205,0.00599809763432604,"ASV_2883","no_hit","no_hit","no_hit","no_hit","no_hit","g_","s_"
"2811","ASV_2884",-0.00185215960132713,-0.00884766393190708,0.0035881598272542,"ASV_2884","no_hit","unknown","unknown","unknown","unknown","unknown","s_"
"2812","ASV_2885",-0.000466646595988057,-0.0064841149958493,0.00170229710307645,"ASV_2885","no_hit","Euglenozoa","unknown","Diplonemea","no_hit","no_hit","no_hit"
"2813","ASV_2886",-0.00455968830226329,-0.00289309154101858,0.00187664857345957,"ASV_2886","no_hit","Dinophyceae","Dinophyceae","no_hit","no_hit","g_","s_"
"2814","ASV_2887",-0.00392584568900186,-0.00821627439863449,0.00397103362663721,"ASV_2887","no_hit","Dinophyceae","Dinophyceae","no_hit","no_hit","no_hit","no_hit"
"2815","ASV_2888",-0.00763003087194976,0.00755083859903528,-0.00171134071863829,"ASV_2888","Metazoa","no_hit","no_hit","no_hit","no_hit","g_","s_"
"2816","ASV_2889",0.000303086587642379,0.000907988453390502,-0.00143872465413677,"ASV_2889","no_hit","Ciliophora","Oligohymenophorea","Philasterida","Cinetochilidae","g_","s_"
"2817","ASV_2890",-0.000793372907978169,-0.00894358358016779,0.0108517392928938,"ASV_2890","no_hit","Discosea","Flabellinia","Dactylopodida","Paramoebidae","no_hit","no_hit"
"2818","ASV_2891",-0.0153571997000605,0.00707204469505386,0.00493725896617018,"ASV_2891","no_hit","Dinophyceae","Dinophyceae","Syndiniales","Amoebophryaceae","g_","s_"
"2819","ASV_2892",0.00779030337451549,-0.00115949947278668,0.0116700770545534,"ASV_2892","no_hit","Dinophyceae","Dinophyceae","no_hit","no_hit","no_hit","no_hit"
"2820","ASV_2893",-0.00808386829913914,-0.00349322318932133,0.00374316136933032,"ASV_2893","no_hit","unknown","unknown","unknown","unknown","g_","s_"
"2821","ASV_2894",-0.0087952635579584,-0.00938761107712523,0.00842900257180721,"ASV_2894","no_hit","no_hit","no_hit","no_hit","no_hit","no_hit","s_"
"2822","ASV_2895",0.00417250351686982,0.00131579907439075,0.00317038004987065,"ASV_2895","no_hit","no_hit","no_hit","no_hit","no_hit","no_hit","no_hit"
"2823","ASV_2896",0.00655394699308315,0.00319189134374823,0.00829192183082041,"ASV_2896","Fungi","Chytridiomycota","Chytridiomycetes","Rhizophydiales","no_hit","no_hit","no_hit"
"2824","ASV_2897",-0.00604347992369449,-0.0128522611000297,0.00678090773542917,"ASV_2897","no_hit","Dinophyceae","Dinophyceae","Syndiniales","Amoebophryaceae","Amoebophrya","s_"
"2825","ASV_2898",-0.001506045763147,0.00562647674369248,0.00732472162355484,"ASV_2898","no_hit","Dinophyceae","Dinophyceae","Syndiniales","no_hit","g_","s_"
"2826","ASV_2899",0.00297061393592587,0.000687788821852915,0.00305283786333877,"ASV_2899","no_hit","Dinophyceae","Dinophyceae","no_hit","no_hit","g_","s_"
"2827","ASV_2900",0.000260160256035103,0.0021872909481011,-0.00234213281282091,"ASV_2900","no_hit","Euglenozoa","unknown","Diplonemea","unknown","g_","s_"
"2828","ASV_2901",-0.00793174639781824,0.0136421054447922,0.0083742160920304,"ASV_2901","no_hit","Haptophyta","unknown","Prymnesiales","Chrysochromulinaceae","Chrysochromulina","no_hit"
"2829","ASV_2902",-0.0141443752014127,0.00855494154994598,0.000469396442761472,"ASV_2902","no_hit","no_hit","no_hit","no_hit","no_hit","g_","s_"
"2830","ASV_2903",0.000202822288444845,0.00301678203783334,-0.00223230425092486,"ASV_2903","no_hit","Dinophyceae","Dinophyceae","Peridiniales","Protoperidiniaceae","g_","s_"
"2831","ASV_2904",0.00733544401331149,0.00500799095130341,0.0064932614310758,"ASV_2904","no_hit","no_hit","no_hit","no_hit","no_hit","g_","s_"
"2832","ASV_2905",-0.00243669309428563,0.0173585793543288,0.0114483250358982,"ASV_2905","no_hit","Dinophyceae","Dinophyceae","Syndiniales","no_hit","no_hit","s_"
"2833","ASV_2906",-0.001789700577685,-0.015071046169134,0.00575467930157246,"ASV_2906","no_hit","Ciliophora","Oligohymenophorea","Philasterida","Loxocephalidae","g_","s_"
"2834","ASV_2907",-0.0114671267814752,0.0100670551744895,-0.00191915180848766,"ASV_2907","no_hit","no_hit","no_hit","no_hit","no_hit","g_","s_"
"2835","ASV_2908",-0.0123593379106613,-0.00416452886697363,0.00677097901036631,"ASV_2908","no_hit","no_hit","no_hit","no_hit","no_hit","no_hit","no_hit"
"2836","ASV_2909",-0.0151386687767036,0.00557281709148405,0.00196757219216623,"ASV_2909","no_hit","Dinophyceae","Dinophyceae","Syndiniales","no_hit","g_","s_"
"2837","ASV_2911",-0.0129234997657655,0.00580257811291916,0.000941316029982592,"ASV_2911","no_hit","unknown","unknown","unknown","unknown","g_","s_"
"2838","ASV_2912",0.00474259549811146,0.00143582830979701,0.0138740688825985,"ASV_2912","no_hit","no_hit","no_hit","no_hit","no_hit","no_hit","no_hit"
"2839","ASV_2913",-0.00322320220283916,-0.00184423389971679,0.00264802285964825,"ASV_2913","no_hit","no_hit","no_hit","no_hit","no_hit","no_hit","s_"
"2840","ASV_2915",-0.000495604491521811,-0.000965548352013033,-0.0026932957542021,"ASV_2915","no_hit","unknown","unknown","unknown","unknown","g_","s_"
"2841","ASV_2916",-0.013781727063161,0.00808906632664316,0.00410892610253659,"ASV_2916","no_hit","Dinophyceae","Dinophyceae","Peridiniales","Peridiniaceae","g_","s_"
"2842","ASV_2917",-0.0107075201685465,-0.00489343834880391,0.0079620461330404,"ASV_2917","no_hit","unknown","Cryptophyceae","Cyathomonadacea","Goniomonadaceae","Goniomonas","no_hit"
"2843","ASV_2919",-0.00925424833601134,-0.002763626874357,0.00598129353312886,"ASV_2919","no_hit","no_hit","no_hit","no_hit","no_hit","no_hit","no_hit"
"2844","ASV_2920",0.00329566876970321,-0.00264638552886728,0.00498225966574678,"ASV_2920","no_hit","Dinophyceae","Dinophyceae","Syndiniales","Amoebophryaceae","g_","s_"
"2845","ASV_2921",-0.018607414103147,0.0118159584411419,0.000261899719966299,"ASV_2921","no_hit","unknown","unknown","unknown","unknown","unknown","uncultured marine eukaryote"
"2846","ASV_2922",-0.00290877492727886,-0.00661958256665019,0.00259265792830294,"ASV_2922","no_hit","Dinophyceae","Dinophyceae","no_hit","no_hit","no_hit","no_hit"
"2847","ASV_2923",-0.0032798863998756,-0.00925250706967969,0.00566685774733151,"ASV_2923","no_hit","no_hit","no_hit","no_hit","no_hit","no_hit","no_hit"
"2848","ASV_2924",0.00120050966861453,0.00394169083387045,-0.00327378413474828,"ASV_2924","no_hit","Euglenozoa","unknown","Diplonemea","unknown","g_","s_"
"2849","ASV_2925",-0.00630944477846279,0.00596272477028715,0.00456448630054531,"ASV_2925","no_hit","no_hit","no_hit","no_hit","no_hit","g_","s_"
"2850","ASV_2926",0.000204724548680032,-0.00142258093179278,-0.000774250144669567,"ASV_2926","no_hit","Dinophyceae","Dinophyceae","Syndiniales","no_hit","no_hit","no_hit"
"2851","ASV_2927",-0.000787375726731412,-0.00173240405752716,-1.67530536023249e-05,"ASV_2927","no_hit","unknown","unknown","unknown","unknown","unknown","s_"
"2852","ASV_2928",0.00730285726827103,0.00456229344807223,0.00717269299507975,"ASV_2928","no_hit","Dinophyceae","Dinophyceae","Syndiniales","Amoebophryaceae","g_","s_"
"2853","ASV_2929",0.00137546003184111,-0.00356227900449913,-0.000232788795609727,"ASV_2929","no_hit","Ciliophora","Oligohymenophorea","Philasterida","Cinetochilidae","g_","s_"
"2854","ASV_2930",-0.00147631028783136,-0.00463013882334356,0.00113309209272736,"ASV_2930","no_hit","Euglenozoa","unknown","Diplonemea","unknown","g_","s_"
"2855","ASV_2931",-0.00195606155892901,-0.00136807896902773,0.000925532333845197,"ASV_2931","no_hit","Dinophyceae","Dinophyceae","no_hit","no_hit","no_hit","no_hit"
"2856","ASV_2932",0.00022741256124269,-0.00131816942936177,-0.000814761279783881,"ASV_2932","no_hit","Dinophyceae","Dinophyceae","Syndiniales","no_hit","no_hit","no_hit"
"2857","ASV_2934",-0.0021969110487295,-0.0108493740981817,0.012968931982564,"ASV_2934","no_hit","unknown","unknown","unknown","unknown","g_","s_"
"2858","ASV_2935",-0.000788081944572739,-0.000922032437298039,-0.000327942189761375,"ASV_2935","no_hit","Ciliophora","Oligohymenophorea","Apostomatida","Foettingeriidae","g_","s_"
"2859","ASV_2936",-0.0167071662870993,0.0139256156004213,-0.00175668214501918,"ASV_2936","no_hit","unknown","unknown","Pirsoniales","unknown","g_","s_"
"2860","ASV_2937",0.00234647223558902,0.000311936722284549,-0.00246991972381292,"ASV_2937","no_hit","no_hit","no_hit","no_hit","no_hit","g_","s_"
"2861","ASV_2938",0.00682783267906263,0.00110518468532166,0.00490017009236786,"ASV_2938","no_hit","no_hit","no_hit","no_hit","no_hit","no_hit","no_hit"
"2862","ASV_2939",-0.000567617274964929,-0.0103086503796664,0.00351515474018412,"ASV_2939","no_hit","Dinophyceae","Dinophyceae","Syndiniales","Amoebophryaceae","g_","s_"
"2863","ASV_2941",0.000784951289041296,0.00333487116506366,-0.00298048380087634,"ASV_2941","Metazoa","Chordata","Thaliacea","Doliolida","Doliolidae","Doliolum","s_"
"2864","ASV_2942",-0.00676681870207943,-0.000388271782888286,0.00221601155305035,"ASV_2942","no_hit","Dinophyceae","Dinophyceae","Syndiniales","no_hit","no_hit","no_hit"
"2865","ASV_2943",-0.00204628778440153,-0.00436483948120533,0.00175326457892466,"ASV_2943","Metazoa","Chordata","Appendicularia","Copelata","Fritillariidae","Fritillaria <tunicates>","s_"
"2866","ASV_2944",-0.0072590533317124,-0.016921810939616,0.00832481022457227,"ASV_2944","no_hit","Dinophyceae","Dinophyceae","no_hit","no_hit","no_hit","no_hit"
"2867","ASV_2945",0.0063848542135024,0.00304873011200344,0.00522300846922339,"ASV_2945","no_hit","Dinophyceae","Dinophyceae","Gonyaulacales","Gonyaulacaceae","Alexandrium","no_hit"
"2868","ASV_2946",-0.00296785980031243,0.000234204515247487,0.00531501149603018,"ASV_2946","no_hit","no_hit","no_hit","no_hit","no_hit","no_hit","no_hit"
"2869","ASV_2947",-0.00758130070350991,-0.0042791571518156,0.0035460339742981,"ASV_2947","no_hit","no_hit","no_hit","no_hit","no_hit","g_","s_"
"2870","ASV_2948",0.00304957472063627,-0.00229972818062483,-0.00149418809400195,"ASV_2948","Metazoa","Bryozoa","Gymnolaemata","Ctenostomatida","Triticellidae","Triticella","Triticella pedicellata"
"2871","ASV_2949",0.00885081700979849,0.0039858424607692,0.0126264948561858,"ASV_2949","no_hit","Bacillariophyta","Coscinodiscophyceae","Coscinodiscales","Hemidiscaceae","Actinocyclus","Actinocyclus curvatulus"
"2872","ASV_2950",0.00413706605980847,0.00602391176923113,0.0103601050296243,"ASV_2950","Metazoa","Chordata","Appendicularia","Copelata","Fritillariidae","Fritillaria <tunicates>","Fritillaria borealis"
"2873","ASV_2951",-0.00214162487482599,-0.0135025752035019,0.0053029929675255,"ASV_2951","no_hit","unknown","Polycystinea","no_hit","no_hit","no_hit","no_hit"
"2874","ASV_2952",-0.0106999736652794,0.00166391497004976,0.00224935418675857,"ASV_2952","no_hit","Euglenozoa","unknown","Diplonemea","unknown","unknown","s_"
"2875","ASV_2953",0.00627118466373081,0.00363699678548576,0.0113535522605682,"ASV_2953","no_hit","Cercozoa","unknown","Cercomonadida","Cercomonadidae","g_","s_"
"2876","ASV_2954",-0.00571156884397218,-0.0111026477293561,0.007767960197206,"ASV_2954","no_hit","unknown","unknown","unknown","unknown","g_","s_"
"2877","ASV_2955",0.00546169159482399,-0.000429332224688085,0.0146765468107567,"ASV_2955","no_hit","unknown","unknown","unknown","unknown","g_","s_"
"2878","ASV_2956",-0.00550895310282942,-0.00813701180920549,0.00427635702311614,"ASV_2956","no_hit","Dinophyceae","Dinophyceae","no_hit","no_hit","no_hit","no_hit"
"2879","ASV_2957",0.00188939341973221,0.00174452972086191,-0.00224027730752162,"ASV_2957","no_hit","Dinophyceae","Dinophyceae","Gonyaulacales","Crypthecodiniaceae","g_","s_"
"2880","ASV_2958",-0.0154420524335875,0.00805338609537095,0.00271822130652936,"ASV_2958","no_hit","Dinophyceae","Dinophyceae","Syndiniales","no_hit","no_hit","s_"
"2881","ASV_2959",0.00870315241844096,0.00602584695290856,0.00959506522298743,"ASV_2959","no_hit","Dinophyceae","Dinophyceae","Peridiniales","Protoperidiniaceae","g_","s_"
"2882","ASV_2960",0.00553213265200586,0.00338349241859014,0.00488415373491142,"ASV_2960","no_hit","Imbricatea","unknown","Marimonadida","unknown","g_","s_"
"2883","ASV_2961",0.0010601335910881,-0.000530940607053053,-0.00132513326603302,"ASV_2961","no_hit","Ciliophora","Spirotrichea","no_hit","no_hit","g_","s_"
"2884","ASV_2962",-0.00759064121368094,0.00659128408869089,0.000226024655104448,"ASV_2962","no_hit","Oomycota","unknown","Lagenidiales","Haliphthoraceae","no_hit","no_hit"
"2885","ASV_2963",0.00752148747743125,0.00388054609446869,0.00640114559240567,"ASV_2963","no_hit","Bacillariophyta","Fragilariophyceae","Protoraphidales","Protoraphidaceae","g_","s_"
"2886","ASV_2964",0.00237259291576936,-0.000424346465245619,0.00168594683847066,"ASV_2964","no_hit","unknown","Bigyra","Thraustochytrida","Thraustochytriaceae","Aplanochytrium","Aplanochytrium kerguelense"
"2887","ASV_2965",0.000249952327349821,0.000368495081227807,-0.00149142817968824,"ASV_2965","no_hit","unknown","unknown","unknown","unknown","unknown","uncultured marine picoeukaryote"
"2888","ASV_2966",-0.0166302993630626,0.00104247201580715,0.00630736713908859,"ASV_2966","no_hit","Dinophyceae","Dinophyceae","Syndiniales","Amoebophryaceae","Amoebophrya","s_"
"2889","ASV_2967",-0.0119796609264277,0.00496609498053763,0.00582058430344421,"ASV_2967","no_hit","unknown","unknown","unknown","unknown","g_","s_"
"2890","ASV_2968",-0.011338276694444,-0.0106737729583624,0.00785494312513787,"ASV_2968","no_hit","Haptophyta","unknown","Prymnesiales","Prymnesiaceae","g_","s_"
"2891","ASV_2969",-0.00189402496588845,-0.0118870455220494,0.00516365814458346,"ASV_2969","no_hit","no_hit","no_hit","no_hit","no_hit","no_hit","no_hit"
"2892","ASV_2970",-0.00698323592662636,-0.00934484680474901,0.00531585861152061,"ASV_2970","no_hit","Dinophyceae","Dinophyceae","Suessiales","Suessiaceae","g_","s_"
"2893","ASV_2971",0.000542159173568925,0.00309272047737331,-0.00284517290452517,"ASV_2971","no_hit","Euglenozoa","unknown","Diplonemea","unknown","unknown","s_"
"2894","ASV_2972",-0.00237114051650626,-0.0171729291456366,0.00698995983197291,"ASV_2972","no_hit","Dinophyceae","Dinophyceae","Syndiniales","Amoebophryaceae","g_","s_"
"2895","ASV_2973",-0.0129175250003945,0.00452577453134525,0.00516799023527643,"ASV_2973","no_hit","Dinophyceae","Dinophyceae","Syndiniales","no_hit","no_hit","s_"
"2896","ASV_2974",-0.0008989410839411,-0.0017327500112633,-0.000707138961520221,"ASV_2974","no_hit","no_hit","no_hit","no_hit","no_hit","g_","s_"
"2897","ASV_2975",-0.0017919056602427,-0.00689729398696621,0.00226566698341169,"ASV_2975","no_hit","unknown","Raphidophyceae","Chattonellales","no_hit","no_hit","no_hit"
"2898","ASV_2976",-0.0121897622148863,0.000144196833655339,0.00876860302169271,"ASV_2976","no_hit","no_hit","no_hit","no_hit","no_hit","no_hit","no_hit"
"2899","ASV_2977",-0.0112932228087515,-0.0106799045502587,0.00822846027661539,"ASV_2977","no_hit","no_hit","no_hit","no_hit","no_hit","no_hit","no_hit"
"2900","ASV_2978",-0.00929550091386112,-0.00996562849900813,0.00614569783504334,"ASV_2978","Metazoa","Chordata","Actinopteri","Gadiformes","no_hit","no_hit","no_hit"
"2901","ASV_2979",-0.00371613132803288,0.0078581243233954,0.0029154823287318,"ASV_2979","no_hit","Dinophyceae","Dinophyceae","Syndiniales","Amoebophryaceae","g_","s_"
"2902","ASV_2980",-0.000553485531249109,-0.00681578769174675,0.0019280529612092,"ASV_2980","Metazoa","Chordata","Appendicularia","Copelata","Fritillariidae","Fritillaria <tunicates>","Fritillaria helenae"
"2903","ASV_2981",-0.0134014415195683,0.0161224653168156,0.00243430464339669,"ASV_2981","no_hit","Dinophyceae","Dinophyceae","Syndiniales","Amoebophryaceae","g_","s_"
"2904","ASV_2982",2.2503096518991e-05,0.00016926823267983,-0.000924515364918668,"ASV_2982","no_hit","Ciliophora","Spirotrichea","Choreotrichida","Strobilidiidae","g_","s_"
"2905","ASV_2983",-0.00143152614717631,-0.00162052099397702,0.00114243103983076,"ASV_2983","no_hit","Dinophyceae","Dinophyceae","no_hit","no_hit","no_hit","s_"
"2906","ASV_2984",0.000679633101598914,-0.0016562991135636,0.000431657799010116,"ASV_2984","no_hit","unknown","Polycystinea","no_hit","no_hit","no_hit","no_hit"
"2907","ASV_2985",0.000717700181116273,0.00346711229713219,-0.00293595571658139,"ASV_2985","no_hit","Euglenozoa","unknown","Diplonemea","no_hit","no_hit","no_hit"
"2908","ASV_2986",-0.00228767907991246,-0.00321812432821549,0.00327878859855494,"ASV_2986","no_hit","no_hit","no_hit","no_hit","no_hit","no_hit","s_"
"2909","ASV_2987",-0.00947480627801257,0.00583835611785643,0.00124650518474835,"ASV_2987","no_hit","Dinophyceae","Dinophyceae","Syndiniales","Amoebophryaceae","Amoebophrya","no_hit"
"2910","ASV_2988",0.000469009312216515,0.00416681929477177,-0.00327826823888264,"ASV_2988","Metazoa","Cnidaria","Scyphozoa","Coronatae","Atollidae","Atolla","no_hit"
"2911","ASV_2989",0.00367369705613727,0.00950043085738626,0.0097740278448879,"ASV_2989","no_hit","unknown","Bolidophyceae","Parmales","Triparmaceae","Bolidomonas","no_hit"
"2912","ASV_2990",-0.00848258570816759,0.00732111563478627,-0.00162068005249467,"ASV_2990","Metazoa","Annelida","Polychaeta","unknown","Opheliidae","Travisia","Travisia pupa"
"2913","ASV_2991",0.00433360968193204,0.0072919533213505,0.00888393121132858,"ASV_2991","no_hit","Dinophyceae","Dinophyceae","Syndiniales","Amoebophryaceae","Amoebophrya","s_"
"2914","ASV_2992",-0.0132386559713468,-0.0016273592928691,0.00490678578179812,"ASV_2992","no_hit","Dinophyceae","Dinophyceae","Syndiniales","Amoebophryaceae","g_","s_"
"2915","ASV_2994",-0.00428779290547985,-0.00773021126040765,0.00432466782884918,"ASV_2994","no_hit","unknown","Bigyra","Nanomonadea","unknown","Solenicola","no_hit"
"2916","ASV_2995",0.00859883763159568,0.00505592270958532,0.00896048717956293,"ASV_2995","no_hit","no_hit","no_hit","no_hit","no_hit","no_hit","no_hit"
"2917","ASV_2996",-0.0120573376434739,0.00841533655995784,-0.000760780758816263,"ASV_2996","no_hit","no_hit","no_hit","no_hit","no_hit","no_hit","no_hit"
"2918","ASV_2997",0.00870202938671214,0.00498011786341971,0.00808101934302018,"ASV_2997","Viridiplantae","Chlorophyta","Mamiellophyceae","Dolichomastigales","Crustomastigaceae","Crustomastix","Crustomastix sp. MBIC10709"
"2919","ASV_2998",-0.00246651694674412,-0.00291225608339913,0.00459602489354064,"ASV_2998","no_hit","no_hit","no_hit","no_hit","no_hit","g_","s_"
"2920","ASV_2999",-0.00294540169202377,0.00953075338331926,0.00568535309665167,"ASV_2999","no_hit","Bacillariophyta","Coscinodiscophyceae","Stephanodiscales","Stephanodiscaceae","Cyclotella","Cyclotella striata"
"2921","ASV_3000",-0.000615129300625688,0.0108393546955651,0.012876923956308,"ASV_3000","no_hit","Dinophyceae","Dinophyceae","Gymnodiniales","Gymnodiniaceae","Gymnodinium","no_hit"
"2922","ASV_3001",-0.0154489159466942,0.00699021673821353,0.00139187117459664,"ASV_3001","no_hit","Dinophyceae","Dinophyceae","Syndiniales","Amoebophryaceae","g_","s_"
"2923","ASV_3002",-0.0121385467991082,0.00717265111728772,7.82532565289341e-05,"ASV_3002","no_hit","unknown","Cryptophyceae","Pyrenomonadales","Geminigeraceae","g_","s_"
"2924","ASV_3003",-0.00249392623468759,0.00471318346553246,-0.00194910498981903,"ASV_3003","no_hit","Dinophyceae","Dinophyceae","no_hit","no_hit","g_","s_"
"2925","ASV_3004",-0.00718306141246821,-0.005535995582846,0.00379318920065131,"ASV_3004","no_hit","unknown","Choanoflagellata","no_hit","no_hit","no_hit","no_hit"
"2926","ASV_3005",0.00104747812066546,-0.00779545798796894,0.00178050769963495,"ASV_3005","no_hit","Dinophyceae","Dinophyceae","Syndiniales","Amoebophryaceae","g_","s_"
"2927","ASV_3006",-0.00331508886708667,-0.0101563072991637,0.00553120699212154,"ASV_3006","no_hit","Dinophyceae","Dinophyceae","Syndiniales","Amoebophryaceae","g_","s_"
"2928","ASV_3007",-0.00663411355955769,0.0011953065821174,0.0010161368276076,"ASV_3007","no_hit","Dinophyceae","Dinophyceae","no_hit","no_hit","no_hit","no_hit"
"2929","ASV_3008",-0.00208505210475552,-0.0114623914730769,0.00461094124401222,"ASV_3008","no_hit","unknown","Bigyra","Nanomonadea","unknown","Solenicola","s_"
"2930","ASV_3009",0.000780377594653972,0.00435966031562103,-0.00345558949989409,"ASV_3009","no_hit","no_hit","no_hit","no_hit","no_hit","g_","s_"
"2931","ASV_3010",-0.00262940688056246,0.00196230217796724,0.00285024209234831,"ASV_3010","no_hit","Ciliophora","Oligohymenophorea","Philasterida","Cinetochilidae","g_","s_"
"2932","ASV_3011",-0.00199077408670614,-0.0153383996054144,0.00605608389765139,"ASV_3011","no_hit","no_hit","no_hit","no_hit","no_hit","no_hit","no_hit"
"2933","ASV_3013",-0.0074163319709244,-0.00264459589933546,0.00428803367549502,"ASV_3013","no_hit","Dinophyceae","Dinophyceae","no_hit","no_hit","g_","s_"
"2934","ASV_3014",-0.00123441260830138,-0.0011933603698352,-1.22149211145069e-05,"ASV_3014","no_hit","no_hit","no_hit","no_hit","no_hit","no_hit","no_hit"
"2935","ASV_3015",0.00482116006983788,0.00306892975708722,0.00409100078106856,"ASV_3015","no_hit","Cercozoa","Thecofilosea","Cryomonadida","Protaspidae","Cryothecomonas","Cryothecomonas sp. APCC MC5-1Cryo"
"2936","ASV_3016",-0.00473564525479237,-0.00629080547205637,0.0105516450947292,"ASV_3016","no_hit","unknown","unknown","unknown","unknown","unknown","uncultured marine eukaryote"
"2937","ASV_3017",-0.0150529622532446,0.00494090944265615,0.00267893540191111,"ASV_3017","no_hit","Bacillariophyta","Mediophyceae","Hemiaulales","Hemiaulaceae","g_","s_"
"2938","ASV_3018",-0.00696847608446239,-0.0121032639919601,0.00707280631883559,"ASV_3018","no_hit","Dinophyceae","Dinophyceae","Syndiniales","Amoebophryaceae","Amoebophrya","no_hit"
"2939","ASV_3019",-0.000177262389351069,-0.000591126979378687,0.00264399101704678,"ASV_3019","no_hit","Endomyxa","unknown","Vampyrellida","Vampyrellidae","no_hit","s_"
"2940","ASV_3020",-0.00526729525597869,0.000371417008572136,0.0024512797096348,"ASV_3020","no_hit","Dinophyceae","Dinophyceae","Gymnodiniales","Kareniaceae","Takayama","Takayama cf. pulchellum"
"2941","ASV_3021",-0.00124545128744576,-0.00134769282699325,-9.32788761914572e-05,"ASV_3021","no_hit","Dinophyceae","Dinophyceae","Syndiniales","Amoebophryaceae","g_","s_"
"2942","ASV_3022",0.00918801684736428,0.00313026405757509,0.0126025941949501,"ASV_3022","no_hit","Bacillariophyta","Bacillariophyceae","Naviculales","no_hit","no_hit","no_hit"
"2943","ASV_3023",0.00521801094828328,0.00694545498137018,0.0132113526379725,"ASV_3023","Viridiplantae","Chlorophyta","Pyramimonadophyceae","Pyramimonadales","Pyramimonadaceae","Pterosperma","Pterosperma cristatum"
"2944","ASV_3024",-0.00643141853455504,-0.0125641338008656,0.00798282577969934,"ASV_3024","no_hit","Euglenozoa","unknown","Diplonemea","no_hit","no_hit","no_hit"
"2945","ASV_3025",0.011101380681858,0.00574781569904682,0.0104844183781873,"ASV_3025","unassigned","unassigned","unassigned","unassigned","unassigned","unassigned","unassigned"
"2946","ASV_3026",-0.00694720241539461,-0.0114971512463294,0.00771624726046091,"ASV_3026","no_hit","unknown","unknown","unknown","unknown","unknown","eukaryote clone OLI11261"
"2947","ASV_3027",-0.000432323382077827,-0.00069311654587194,-0.00110843981902035,"ASV_3027","no_hit","Ciliophora","Oligohymenophorea","Philasterida","Cinetochilidae","g_","s_"
"2948","ASV_3028",0.000313831865520644,-0.00889964272110499,0.00261756961784041,"ASV_3028","no_hit","Euglenozoa","unknown","Diplonemea","unknown","g_","s_"
"2949","ASV_3029",-0.00434878713361288,0.0010552235072007,0.000222582381472663,"ASV_3029","no_hit","no_hit","no_hit","no_hit","no_hit","g_","s_"
"2950","ASV_3030",-0.00516574239900419,-0.00667755697198405,0.00439787971694717,"ASV_3030","no_hit","unknown","unknown","unknown","unknown","g_","s_"
"2951","ASV_3031",-0.00139482282498063,-0.00433422274098931,0.00212385654322778,"ASV_3031","no_hit","unknown","Polycystinea","no_hit","no_hit","no_hit","no_hit"
"2952","ASV_3032",-0.0107251740444466,0.00659883995697076,0.00223645134879539,"ASV_3032","no_hit","unknown","unknown","unknown","unknown","g_","s_"
"2953","ASV_3033",-0.00477172014662688,-0.00388510588990538,0.00249853655354584,"ASV_3033","no_hit","unknown","unknown","unknown","unknown","unknown","s_"
"2954","ASV_3034",-0.00254365921298829,-0.0131576074693474,0.00539018503597335,"ASV_3034","no_hit","unknown","unknown","unknown","unknown","unknown","uncultured marine picoeukaryote"
"2955","ASV_3035",0.00212117584924607,0.00266972337262849,0.00109899939311365,"ASV_3035","no_hit","Dinophyceae","Dinophyceae","Prorocentrales","Prorocentraceae","Prorocentrum","Prorocentrum triestinum"
"2956","ASV_3036",-0.00124973946892812,-0.00240869667632967,0.000393965532088757,"ASV_3036","no_hit","no_hit","no_hit","no_hit","no_hit","g_","s_"
"2957","ASV_3037",-0.0123562517780787,0.00747726348761739,0.000577139295754738,"ASV_3037","no_hit","no_hit","no_hit","no_hit","no_hit","g_","s_"
"2958","ASV_3038",0.000413998392502935,0.00303714275171034,-0.00269990926801719,"ASV_3038","no_hit","no_hit","no_hit","no_hit","no_hit","g_","s_"
"2959","ASV_3039",-0.00262475217645799,-0.00382498032893257,0.00424830809918828,"ASV_3039","no_hit","Dinophyceae","Dinophyceae","Syndiniales","Amoebophryaceae","Amoebophrya","no_hit"
"2960","ASV_3040",0.00285873096951241,0.000847887234335641,-0.0027125884840332,"ASV_3040","Metazoa","Platyhelminthes","Cestoda","Trypanorhyncha","Tentaculariidae","Nybelinia","Nybelinia surmenicola"
"2961","ASV_3041",0.00050259685729474,-0.00869106821322707,0.00248120985388359,"ASV_3041","no_hit","Dinophyceae","Dinophyceae","Syndiniales","Amoebophryaceae","g_","s_"
"2962","ASV_3042",0.00122694620781919,0.00347208633692713,0.00588563865407356,"ASV_3042","no_hit","no_hit","no_hit","no_hit","no_hit","g_","s_"
"2963","ASV_3043",0.0080413271598594,0.00447302629989255,0.00719818554011919,"ASV_3043","no_hit","Bacillariophyta","Coscinodiscophyceae","Coscinodiscales","Coscinodiscaceae","Coscinodiscus","Coscinodiscus granii"
"2964","ASV_3044",-0.00659183343820427,0.000862427022254233,0.00111663981824284,"ASV_3044","no_hit","Dinophyceae","Dinophyceae","Syndiniales","Amoebophryaceae","Amoebophrya","s_"
"2965","ASV_3045",0.00046488600000755,-0.0045507462850246,0.0090065724759813,"ASV_3045","no_hit","no_hit","no_hit","no_hit","no_hit","no_hit","no_hit"
"2966","ASV_3046",0.000107238321471908,-0.00435470050253306,0.000768098236184056,"ASV_3046","no_hit","Picozoa","unknown","unknown","unknown","unknown","Picobiliphyte sp. MS584-11"
"2967","ASV_3047",-0.017586883012619,0.00814813697022782,0.00117483892925386,"ASV_3047","no_hit","Dinophyceae","Dinophyceae","Blastodiniales","unknown","g_","s_"
"2968","ASV_3048",-0.00830518710082167,-0.0144468719219536,0.00826431010915995,"ASV_3048","no_hit","Euglenozoa","unknown","Diplonemea","no_hit","no_hit","s_"
"2969","ASV_3049",-0.0103801830271914,-0.0069316655675206,0.00675878758316387,"ASV_3049","no_hit","Dinophyceae","Dinophyceae","no_hit","no_hit","no_hit","no_hit"
"2970","ASV_3050",0.010028206802859,0.0043316687343952,0.0085530591237882,"ASV_3050","no_hit","Dinophyceae","Dinophyceae","Gymnodiniales","Gymnodiniaceae","no_hit","no_hit"
"2971","ASV_3051",0.00223492914736962,0.00292350289159697,-0.000489902767218109,"ASV_3051","no_hit","Ciliophora","Oligohymenophorea","Pleuronematida","Conchophthiridae","g_","s_"
"2972","ASV_3052",-0.0113121354990605,0.0083341233325671,-0.000443728763090169,"ASV_3052","no_hit","Dinophyceae","Dinophyceae","no_hit","no_hit","no_hit","no_hit"
"2973","ASV_3053",-0.00355030599482976,0.00472783399209715,0.00576679566024586,"ASV_3053","no_hit","no_hit","no_hit","no_hit","no_hit","no_hit","no_hit"
"2974","ASV_3054",-0.00596478766326144,-0.00627692198970643,0.00428049677175294,"ASV_3054","no_hit","Ciliophora","no_hit","no_hit","no_hit","no_hit","no_hit"
"2975","ASV_3055",-0.00303183533001726,-0.00543775044453774,0.00246222588504069,"ASV_3055","no_hit","Dinophyceae","Dinophyceae","Gymnodiniales","Kareniaceae","g_","s_"
"2976","ASV_3056",-0.00183631399944231,0.00237303033191224,-0.000248603685070698,"ASV_3056","no_hit","Ciliophora","Oligohymenophorea","Apostomatida","Foettingeriidae","g_","s_"
"2977","ASV_3058",0.00212164006029343,0.00253153021027408,0.00318998822248292,"ASV_3058","no_hit","unknown","Chrysophyceae","Chromulinales","Paraphysomonadaceae","Paraphysomonas","s_"
"2978","ASV_3059",-0.00155195658810244,-0.00311652604297316,0.00258902077726526,"ASV_3059","Metazoa","Cnidaria","Hydrozoa","Leptothecata","Eutimidae","Tima","Tima bairdii"
"2979","ASV_3060",0.000819447320885743,-0.00107160046861886,0.00640774785701687,"ASV_3060","Viridiplantae","Chlorophyta","Mamiellophyceae","Dolichomastigales","Crustomastigaceae","g_","s_"
"2980","ASV_3061",0.00171962145208977,0.00243658649634553,0.00401931115519762,"ASV_3061","no_hit","Dinophyceae","Dinophyceae","Syndiniales","Amoebophryaceae","g_","s_"
"2981","ASV_3062",0.00261375099733028,0.00178421580995269,0.00205810408605211,"ASV_3062","no_hit","Dinophyceae","Dinophyceae","no_hit","no_hit","g_","s_"
"2982","ASV_3063",0.00532785721636787,0.0019284496867119,0.00517316613269843,"ASV_3063","Metazoa","Chaetognatha","Sagittoidea","Aphragmophora","Sagittidae","Sagitta","Sagitta sp. DP-2006"
"2983","ASV_3064",-0.0115801523124235,0.00830033426498512,0.000827785560269745,"ASV_3064","no_hit","Cercozoa","unknown","unknown","unknown","g_","s_"
"2984","ASV_3065",-0.00487450795607628,0.00376237050206427,0.00836970045110786,"ASV_3065","no_hit","unknown","unknown","unknown","unknown","unknown","uncultured marine eukaryote"
"2985","ASV_3066",-0.00188433792297345,-0.0124346762223471,0.00476928414118269,"ASV_3066","no_hit","no_hit","no_hit","no_hit","no_hit","no_hit","no_hit"
"2986","ASV_3067",-0.000127437304342639,-0.00284806071469853,0.000186492848070518,"ASV_3067","no_hit","Dinophyceae","Dinophyceae","no_hit","no_hit","no_hit","s_"
"2987","ASV_3068",0.00295275731171837,0.000764560191103196,0.00231486772692123,"ASV_3068","no_hit","Dinophyceae","Dinophyceae","Peridiniales","Protoperidiniaceae","Protoperidinium","Protoperidinium denticulatum"
"2988","ASV_3069",-0.0169307193785385,0.00152027142426039,0.00439264879577393,"ASV_3069","no_hit","unknown","Choanoflagellata","no_hit","no_hit","no_hit","no_hit"
"2989","ASV_3070",-0.00593360349347547,-0.00737626982894746,0.00484078678988444,"ASV_3070","no_hit","Euglenozoa","unknown","Diplonemea","unknown","g_","s_"
"2990","ASV_3071",-0.00272676394576197,-0.00338854883819132,0.00199741216299768,"ASV_3071","no_hit","Euglenozoa","unknown","Diplonemea","unknown","g_","s_"
"2991","ASV_3072",-0.00740911764581412,-0.0131738585333274,0.00788743481689219,"ASV_3072","no_hit","unknown","unknown","Telonemida","unknown","Telonema","s_"
"2992","ASV_3073",-0.00824756643220967,-0.00662932028581556,0.00946877531853161,"ASV_3073","no_hit","no_hit","no_hit","no_hit","no_hit","g_","s_"
"2993","ASV_3074",-0.000801396570124971,0.000151841254746667,0.000190884755741666,"ASV_3074","no_hit","Haptophyta","unknown","Phaeocystales","Phaeocystaceae","g_","s_"
"2994","ASV_3075",-0.000946390873917846,-0.0066312460884362,0.0017635177692096,"ASV_3075","no_hit","Dinophyceae","Dinophyceae","Syndiniales","no_hit","no_hit","s_"
"2995","ASV_3076",-0.00260273678873714,0.00385740339692639,0.0106098767862811,"ASV_3076","no_hit","Dinophyceae","Dinophyceae","no_hit","no_hit","no_hit","no_hit"
"2996","ASV_3077",-0.0152105246318248,0.0117244504726116,0.00156071870276638,"ASV_3077","no_hit","unknown","Bigyra","Thraustochytrida","Thraustochytriaceae","g_","s_"
"2997","ASV_3078",0.000166529388833816,-0.00170070713287366,-0.00273114909588028,"ASV_3078","Metazoa","Arthropoda","Hexanauplia","Harpacticoida","Ectinosomatidae","Microsetella","s_"
"2998","ASV_3079",-0.00193553870988422,-0.0145222241026839,0.00601532217130293,"ASV_3079","no_hit","Dinophyceae","Dinophyceae","Gymnodiniales","Ceratoperidiniaeceae","g_","s_"
"2999","ASV_3080",-0.00160259936748099,0.00225477672131691,-0.0008732325736817,"ASV_3080","no_hit","no_hit","no_hit","no_hit","no_hit","g_","s_"
"3000","ASV_3081",-0.0024039837996354,-0.0116625167725025,0.00475281639090318,"ASV_3081","no_hit","no_hit","no_hit","no_hit","no_hit","no_hit","no_hit"
"3001","ASV_3083",-0.00562953895233543,0.00288839835474996,0.00255255190565455,"ASV_3083","no_hit","Dinophyceae","Dinophyceae","Peridiniales","no_hit","no_hit","s_"
"3002","ASV_3084",0.00361379959788659,0.00158478859884222,0.00247477850151021,"ASV_3084","no_hit","unknown","unknown","unknown","unknown","g_","s_"
"3003","ASV_3085",-0.00944263199091926,0.000869111325282773,0.00388733258082391,"ASV_3085","no_hit","no_hit","no_hit","no_hit","no_hit","no_hit","no_hit"
"3004","ASV_3086",-0.00160185635067219,-0.00848018993809144,0.00275994246872137,"ASV_3086","no_hit","no_hit","no_hit","no_hit","no_hit","no_hit","no_hit"
"3005","ASV_3087",-0.0152568182667167,0.0101498638287613,-0.000615313943411522,"ASV_3087","no_hit","Dinophyceae","Dinophyceae","Syndiniales","Amoebophryaceae","g_","s_"
"3006","ASV_3090",-0.013208530644935,0.010432465412588,-0.00185960689117526,"ASV_3090","Metazoa","Cnidaria","Scyphozoa","Semaeostomeae","Ulmaridae","Phacellophora","Phacellophora camtschatica"
"3007","ASV_3091",-0.0149006175895349,0.00224269374885495,0.00371877808172162,"ASV_3091","no_hit","unknown","unknown","Telonemida","unknown","g_","s_"
"3008","ASV_3092",-0.00810855285590355,-0.00828240627364931,0.00533314323686841,"ASV_3092","no_hit","unknown","unknown","unknown","unknown","unknown","eukaryote clone OLI11261"
"3009","ASV_3093",-0.000565904517848969,-0.0117170386581613,0.00403640497629867,"ASV_3093","no_hit","Dinophyceae","Dinophyceae","Syndiniales","Duboscquellidae","g_","s_"
"3010","ASV_3094",0.00672475947817374,0.00201902109425528,0.00535832152154662,"ASV_3094","no_hit","Ciliophora","Spirotrichea","unknown","Strombidiidae","no_hit","s_"
"3011","ASV_3095",-0.0168380080077603,-0.00448769811390705,0.00774406144524265,"ASV_3095","no_hit","unknown","unknown","unknown","unknown","g_","s_"
"3012","ASV_3096",-0.00269966783633966,-0.00796505794353588,0.00276697100473699,"ASV_3096","no_hit","Dinophyceae","Dinophyceae","Syndiniales","Amoebophryaceae","g_","s_"
"3013","ASV_3097",-0.00346326354447451,0.00337915751752955,0.00139162709955065,"ASV_3097","no_hit","Dinophyceae","Dinophyceae","no_hit","no_hit","no_hit","no_hit"
"3014","ASV_3098",-0.00325464764812954,-0.0102991416514356,0.00455894297857466,"ASV_3098","no_hit","Dinophyceae","Dinophyceae","Gymnodiniales","Kareniaceae","Karlodinium","no_hit"
"3015","ASV_3099",-0.00127088477034269,-0.0115075741636118,0.00443375370286675,"ASV_3099","no_hit","no_hit","no_hit","no_hit","no_hit","no_hit","no_hit"
"3016","ASV_3100",0.00476227850432388,0.00206054878204287,0.0032749037417086,"ASV_3100","no_hit","Dinophyceae","Dinophyceae","no_hit","no_hit","no_hit","no_hit"
"3017","ASV_3101",0.00444897987064756,0.000117137031259063,0.00344625650017682,"ASV_3101","no_hit","Dinophyceae","Dinophyceae","no_hit","no_hit","no_hit","no_hit"
"3018","ASV_3102",-0.000903025907855568,-0.0113521210331833,0.0038897323292102,"ASV_3102","no_hit","Dinophyceae","Dinophyceae","Syndiniales","Amoebophryaceae","g_","s_"
"3019","ASV_3103",0.00074980303576679,0.00109963411139927,0.00759600391840387,"ASV_3103","no_hit","unknown","unknown","unknown","unknown","g_","s_"
"3020","ASV_3104",-0.00204818646957279,-0.00456401228529097,0.00230149637330452,"ASV_3104","no_hit","unknown","unknown","unknown","unknown","g_","s_"
"3021","ASV_3105",-0.00530033641988559,-0.0162278005487802,0.0121171418348335,"ASV_3105","no_hit","no_hit","no_hit","no_hit","no_hit","g_","s_"
"3022","ASV_3106",0.000603835149961113,0.00177291034403938,0.0077193615085076,"ASV_3106","no_hit","Dinophyceae","Dinophyceae","Syndiniales","Amoebophryaceae","Amoebophrya","s_"
"3023","ASV_3107",0.000791295951132687,-0.00121708420472203,-0.000605413391062933,"ASV_3107","no_hit","Dinophyceae","Dinophyceae","Syndiniales","no_hit","no_hit","no_hit"
"3024","ASV_3108",0.000740254871493728,-0.000785780112575146,-0.000790100342744952,"ASV_3108","no_hit","Euglenozoa","unknown","Diplonemea","unknown","g_","s_"
"3025","ASV_3109",-4.37287667667784e-05,-0.00154253287137344,-0.000667670751704528,"ASV_3109","no_hit","no_hit","no_hit","no_hit","no_hit","g_","s_"
"3026","ASV_3110",0.000277573546818637,0.00196688133860361,-0.00210168381882408,"ASV_3110","no_hit","Dinophyceae","Dinophyceae","no_hit","no_hit","no_hit","no_hit"
"3027","ASV_3111",-0.00591994147140669,-0.00384145249345418,0.00468240462328248,"ASV_3111","no_hit","Euglenozoa","unknown","Diplonemea","no_hit","no_hit","no_hit"
"3028","ASV_3112",-0.00173019704190511,-0.010090609939094,0.00435490313879525,"ASV_3112","no_hit","unknown","Polycystinea","Nassellaria","Artostrobiidae","g_","s_"
"3029","ASV_3113",0.00159673214951091,0.00282803071389928,-0.00311940181903744,"ASV_3113","no_hit","Ciliophora","Oligohymenophorea","Philasterida","Cinetochilidae","g_","s_"
"3030","ASV_3114",-0.00875848735866985,-0.00213871088383493,0.00321452657711856,"ASV_3114","Metazoa","Arthropoda","Malacostraca","Cumacea","Leuconidae","Eudorella","s_"
"3031","ASV_3115",-0.000408951201126779,0.000994307912457832,-0.000575859391274987,"ASV_3115","no_hit","Dinophyceae","Dinophyceae","Syndiniales","Amoebophryaceae","Amoebophrya","s_"
"3032","ASV_3116",-0.000918289704445703,-0.0137179052688964,0.00498089489843765,"ASV_3116","no_hit","Ciliophora","Colpodea","unknown","unknown","g_","s_"
"3033","ASV_3117",-0.00970477016905295,-0.00587087445621098,0.00607478466493052,"ASV_3117","no_hit","unknown","Chrysophyceae","unknown","unknown","g_","s_"
"3034","ASV_3118",-0.0102747227930871,0.00509484692391365,0.000954885093527612,"ASV_3118","no_hit","Cercozoa","Thecofilosea","unknown","unknown","g_","s_"
"3035","ASV_3119",-0.000989807457115591,-0.0168233871641983,0.00644087124101922,"ASV_3119","no_hit","Bacillariophyta","Bacillariophyceae","Mastogloiales","Achnanthaceae","g_","s_"
"3036","ASV_3120",0.000194338388798817,-0.00357182305552508,0.00804224013880781,"ASV_3120","no_hit","Dinophyceae","Dinophyceae","Syndiniales","Amoebophryaceae","Amoebophrya","no_hit"
"3037","ASV_3121",-0.00680732260538917,-0.0134515414776471,0.00805255477608545,"ASV_3121","no_hit","Dinophyceae","Dinophyceae","Syndiniales","Amoebophryaceae","g_","s_"
"3038","ASV_3122",0.00166497939291602,-0.00252114464295377,-0.000273758235383733,"ASV_3122","no_hit","Euglenozoa","unknown","Diplonemea","no_hit","no_hit","s_"
"3039","ASV_3123",0.000625390722845818,0.000275354376393025,-0.00144601194563208,"ASV_3123","Metazoa","Chordata","Appendicularia","Copelata","Oikopleuridae","no_hit","no_hit"
"3040","ASV_3124",0.000186062527021814,-0.00107108684299297,0.00649759383693264,"ASV_3124","no_hit","Bacillariophyta","Bacillariophyceae","Naviculales","Sellaphoraceae","Sellaphora","no_hit"
"3041","ASV_3125",-0.000497833298561064,0.00221693863977674,-0.00158511526699369,"ASV_3125","no_hit","Dinophyceae","Dinophyceae","Peridiniales","no_hit","g_","s_"
"3042","ASV_3126",-0.00637955926903645,-0.00499123466498374,0.00404496880426272,"ASV_3126","no_hit","Dinophyceae","Dinophyceae","Peridiniales","Diplopsaliaceae","g_","s_"
"3043","ASV_3128",0.00117098975204848,0.00290339611521384,-0.00233131978150815,"ASV_3128","no_hit","Dinophyceae","Dinophyceae","Gymnodiniales","Ceratoperidiniaeceae","g_","s_"
"3044","ASV_3129",0.000642947463154546,0.00156473711737106,0.00848174856329287,"ASV_3129","no_hit","no_hit","no_hit","no_hit","no_hit","g_","s_"
"3045","ASV_3130",0.00902836568878136,0.00626980315934342,0.0143857348156409,"ASV_3130","no_hit","unknown","Bigyra","Thraustochytrida","Thraustochytriaceae","g_","s_"
"3046","ASV_3131",-0.00301459447018183,-0.00309109296030859,0.00191436565872437,"ASV_3131","no_hit","unknown","unknown","unknown","unknown","g_","s_"
"3047","ASV_3132",0.00648728610453783,0.00289260625535407,0.00568675008260705,"ASV_3132","no_hit","Dinophyceae","Dinophyceae","Gonyaulacales","Gonyaulacaceae","Alexandrium","no_hit"
"3048","ASV_3133",-0.00982845281022917,0.00943251066862596,0.000256503740223966,"ASV_3133","Viridiplantae","Chlorophyta","Mamiellophyceae","Mamiellales","Bathycoccaceae","Bathycoccus","Bathycoccus prasinos"
"3049","ASV_3134",0.00193418627980662,-0.00179962351783339,0.000916131815384503,"ASV_3134","no_hit","Bacillariophyta","Coscinodiscophyceae","Chaetocerotales","Chaetocerotaceae","Chaetoceros","Chaetoceros sp. UNC1414"
"3050","ASV_3135",-0.00827536909674732,0.0100064946715221,0.00515899963285869,"ASV_3135","no_hit","Dinophyceae","Dinophyceae","Syndiniales","Amoebophryaceae","g_","s_"
"3051","ASV_3136",-0.0106035643495119,0.000422918645214661,0.00328367139831609,"ASV_3136","no_hit","Dinophyceae","Dinophyceae","Syndiniales","Amoebophryaceae","Amoebophrya","s_"
"3052","ASV_3137",-0.00583697081738153,-0.00117417358010677,0.00189379125670541,"ASV_3137","no_hit","no_hit","no_hit","no_hit","no_hit","no_hit","no_hit"
"3053","ASV_3138",0.00686649596020929,0.00544864895555689,0.00753811590518537,"ASV_3138","no_hit","Dinophyceae","Dinophyceae","Gonyaulacales","Gonyaulacaceae","Spiniferites","Spiniferites ramosus"
"3054","ASV_3139",0.00740292545460525,0.00423465533449683,0.00703376719283817,"ASV_3139","no_hit","Dinophyceae","Dinophyceae","Gonyaulacales","Gonyaulacaceae","Spiniferites","Spiniferites ramosus"
"3055","ASV_3140",-0.0017587855880459,0.00263248779989229,-0.00149561360211868,"ASV_3140","no_hit","Dinophyceae","Dinophyceae","Peridiniales","no_hit","no_hit","no_hit"
"3056","ASV_3141",-0.00641123625635872,-0.00740840617930203,0.0058364873053313,"ASV_3141","no_hit","unknown","unknown","unknown","unknown","g_","s_"
"3057","ASV_3142",-0.0136156481416178,0.00953677558605799,0.000777282349888905,"ASV_3142","no_hit","no_hit","no_hit","no_hit","no_hit","no_hit","no_hit"
"3058","ASV_3143",-0.0012475639008945,-0.00219686662225928,0.00679118378673814,"ASV_3143","no_hit","Dinophyceae","Dinophyceae","no_hit","no_hit","no_hit","no_hit"
"3059","ASV_3144",-0.00420412808964872,-0.00238358867733468,0.00508099881460532,"ASV_3144","no_hit","no_hit","no_hit","no_hit","no_hit","no_hit","no_hit"
"3060","ASV_3145",-0.00137571274537433,0.00873461499445097,0.00752703382828812,"ASV_3145","Viridiplantae","Chlorophyta","Pyramimonadophyceae","Pyramimonadales","Pyramimonadaceae","g_","s_"
"3061","ASV_3146",0.000990681718414489,0.0034169764512023,-0.00289940415410237,"ASV_3146","no_hit","Dinophyceae","Dinophyceae","no_hit","no_hit","g_","s_"
"3062","ASV_3147",-0.0054358982705233,-0.00663267424554377,0.0051996547435695,"ASV_3147","no_hit","unknown","unknown","unknown","unknown","g_","s_"
"3063","ASV_3148",-0.00532962148328909,-0.00240341405376619,0.00208883889979162,"ASV_3148","no_hit","unknown","Chrysophyceae","Chromulinales","Dinobryaceae","g_","s_"
"3064","ASV_3149",-0.000519464917490789,-0.00637624706973065,0.0021920210482468,"ASV_3149","no_hit","Dinophyceae","Dinophyceae","Syndiniales","Amoebophryaceae","g_","s_"
"3065","ASV_3150",-0.00575188445429904,0.0023220245848238,0.00136931155738301,"ASV_3150","no_hit","Bacillariophyta","no_hit","no_hit","no_hit","no_hit","no_hit"
"3066","ASV_3151",-0.0100427212104634,0.00741860078662255,-0.00106570533806961,"ASV_3151","no_hit","unknown","unknown","Pirsoniales","unknown","g_","s_"
"3067","ASV_3152",-0.00184126098960853,-0.00661967971116941,0.0024260051909581,"ASV_3152","no_hit","no_hit","no_hit","no_hit","no_hit","no_hit","s_"
"3068","ASV_3153",-0.00601274585217792,-0.0225579304996605,0.0103044895570327,"ASV_3153","no_hit","no_hit","no_hit","no_hit","no_hit","no_hit","no_hit"
"3069","ASV_3154",0.00593752331581195,0.00100977020221266,0.00920159981780584,"ASV_3154","no_hit","unknown","unknown","unknown","unknown","g_","s_"
"3070","ASV_3155",0.00716505858941941,0.00436312846521184,0.00671307725746782,"ASV_3155","no_hit","Dinophyceae","Dinophyceae","Gonyaulacales","Gonyaulacaceae","Spiniferites","Spiniferites ramosus"
"3071","ASV_3156",-0.00920390109039501,-0.0021763506726335,0.00362582306675901,"ASV_3156","no_hit","Dinophyceae","Dinophyceae","Blastodiniales","unknown","Blastodinium","s_"
"3072","ASV_3157",-0.00187917779477163,-0.00743930533869199,0.00278561770287382,"ASV_3157","no_hit","Euglenozoa","unknown","Diplonemea","no_hit","g_","s_"
"3073","ASV_3158",-0.006713895682413,-0.00758523099288583,0.00526121789806784,"ASV_3158","no_hit","no_hit","no_hit","no_hit","no_hit","g_","s_"
"3074","ASV_3159",-8.91906132533533e-06,-0.00487802517732964,0.000853023128331471,"ASV_3159","no_hit","Apicomplexa","Conoidasida","Eucoccidiorida","Dactylosomatidae","no_hit","s_"
"3075","ASV_3160",0.00159922042155883,-0.000299268396028218,-0.00173562520050269,"ASV_3160","no_hit","no_hit","no_hit","no_hit","no_hit","g_","s_"
"3076","ASV_3161",-0.00791116111445783,0.00634903797345897,-0.00153896459554866,"ASV_3161","Metazoa","Annelida","Polychaeta","Terebellida","Terebellidae","no_hit","s_"
"3077","ASV_3162",0.00135711710654184,0.0017461403911375,-0.00297946806832719,"ASV_3162","Metazoa","Arthropoda","Ostracoda","Halocyprida","Halocyprididae","g_","s_"
"3078","ASV_3163",-0.00904685481651573,-0.0046713435798415,0.00514302036732135,"ASV_3163","no_hit","no_hit","no_hit","no_hit","no_hit","g_","s_"
"3079","ASV_3164",-0.00124055664689297,0.000703625616726502,-0.000721309029958157,"ASV_3164","no_hit","Dinophyceae","Dinophyceae","no_hit","no_hit","no_hit","no_hit"
"3080","ASV_3165",-0.00252857559186597,-0.00914313679267231,0.00402529505366905,"ASV_3165","no_hit","Dinophyceae","Dinophyceae","no_hit","no_hit","no_hit","no_hit"
"3081","ASV_3166",-0.0010519019407219,0.0127762844948916,0.00945781427461024,"ASV_3166","no_hit","Dinophyceae","Dinophyceae","Syndiniales","no_hit","g_","s_"
"3082","ASV_3167",-0.0124068391262505,-0.00941616905345612,0.00795385737052416,"ASV_3167","no_hit","Bacillariophyta","Fragilariophyceae","no_hit","no_hit","no_hit","s_"
"3083","ASV_3168",-0.0130775948141677,0.0048256205566223,0.00260582320153735,"ASV_3168","no_hit","no_hit","no_hit","no_hit","no_hit","no_hit","s_"
"3084","ASV_3169",0.00637682822632269,0.00215319627968602,0.00773648057812664,"ASV_3169","no_hit","Dinophyceae","Dinophyceae","no_hit","no_hit","no_hit","no_hit"
"3085","ASV_3170",-0.0016575931136286,0.000240046637401928,0.0068847617002553,"ASV_3170","no_hit","no_hit","no_hit","no_hit","no_hit","no_hit","no_hit"
"3086","ASV_3171",-0.00268224695738996,-0.0123551217645002,0.00452371361922824,"ASV_3171","no_hit","Euglenozoa","unknown","Diplonemea","unknown","g_","s_"
"3087","ASV_3172",-0.00252287663717332,0.000862780598888447,0.000520422490380186,"ASV_3172","no_hit","Euglenozoa","unknown","Diplonemea","unknown","unknown","s_"
"3088","ASV_3173",-0.00121204008611125,-0.00262289370366437,-0.000196986188926742,"ASV_3173","no_hit","no_hit","no_hit","no_hit","no_hit","g_","s_"
"3089","ASV_3174",-0.00620763381549182,0.00424930038908484,-0.000619421533417299,"ASV_3174","no_hit","no_hit","no_hit","no_hit","no_hit","no_hit","no_hit"
"3090","ASV_3175",-0.00520833556315372,0.00258369165595607,0.00617904911049709,"ASV_3175","no_hit","unknown","unknown","unknown","unknown","g_","s_"
"3091","ASV_3176",0.00168019855546911,-0.000105292084273017,4.33018660755702e-05,"ASV_3176","no_hit","Dinophyceae","Dinophyceae","Syndiniales","no_hit","no_hit","no_hit"
"3092","ASV_3177",-0.0018335289557241,-0.012006198287371,0.00472688360017543,"ASV_3177","no_hit","no_hit","no_hit","no_hit","no_hit","no_hit","no_hit"
"3093","ASV_3178",-0.00321272755608195,-0.0109337182297209,0.00531738262673316,"ASV_3178","no_hit","unknown","unknown","unknown","unknown","unknown","uncultured marine eukaryote"
"3094","ASV_3179",0.00231716078509121,-0.00207401354003221,-0.00219230406887134,"ASV_3179","Metazoa","Arthropoda","Malacostraca","Euphausiacea","Euphausiidae","no_hit","no_hit"
"3095","ASV_3180",-0.0144523588246529,0.00340682647343633,0.00257016533544591,"ASV_3180","no_hit","Dinophyceae","Dinophyceae","Syndiniales","Amoebophryaceae","g_","s_"
"3096","ASV_3181",-0.00778547039449965,-0.0053253734872342,0.00586260497605227,"ASV_3181","no_hit","Dinophyceae","Dinophyceae","no_hit","no_hit","no_hit","no_hit"
"3097","ASV_3182",-0.0135941818948807,0.00197847718302188,0.00283132503573429,"ASV_3182","no_hit","no_hit","no_hit","no_hit","no_hit","no_hit","s_"
"3098","ASV_3183",0.000790985030295206,0.000919502133872072,-0.00180638383838726,"ASV_3183","no_hit","Euglenozoa","unknown","Diplonemea","unknown","g_","s_"
"3099","ASV_3184",0.000569811513242619,-0.00543221309743143,0.00106931781654301,"ASV_3184","no_hit","no_hit","no_hit","no_hit","no_hit","g_","s_"
"3100","ASV_3185",0.000308594900181453,-0.00370706997840762,0.000316572977645136,"ASV_3185","no_hit","Euglenozoa","unknown","Diplonemea","no_hit","no_hit","s_"
"3101","ASV_3186",0.000471414224324171,-0.00125299800348756,-0.000753164664332027,"ASV_3186","no_hit","unknown","unknown","unknown","unknown","unknown","s_"
"3102","ASV_3187",-0.0114706244585198,0.00974970620668802,0.000358204885333577,"ASV_3187","no_hit","unknown","Cryptophyceae","Pyrenomonadales","Pyrenomonadaceae","g_","s_"
"3103","ASV_3188",0.0040307337144836,0.000824910142666206,0.00263192954487405,"ASV_3188","no_hit","Ciliophora","Spirotrichea","unknown","Strombidiidae","Strombidium","Strombidium sp. SNB99-2"
"3104","ASV_3189",-0.0115474713864518,0.000248986695287958,0.00260297883973439,"ASV_3189","no_hit","Dinophyceae","Dinophyceae","Gymnodiniales","Tovelliaceae","g_","s_"
"3105","ASV_3190",-0.000656247132065705,0.00430169607981813,0.00666685659984939,"ASV_3190","no_hit","Cercozoa","Chlorarachniophyceae","unknown","unknown","Minorisa","Minorisa sp. SRT710"
"3106","ASV_3191",0.000710722692980046,-0.000336006298661766,-0.00127882014299134,"ASV_3191","Metazoa","Chordata","Thaliacea","Salpida","Salpidae","unknown","Salpidae gen. nov. sp. nov. A AG-2011"
"3107","ASV_3192",0.00231328753027156,0.00835439642396194,0.0113217345966218,"ASV_3192","no_hit","unknown","unknown","unknown","unknown","unknown","uncultured marine eukaryote"
"3108","ASV_3193",-0.00205876576975515,-0.00365861535688925,0.00195228555080522,"ASV_3193","no_hit","Dinophyceae","Dinophyceae","Syndiniales","Amoebophryaceae","g_","s_"
"3109","ASV_3194",-0.00248688760566073,-0.00868437820739499,0.00443112430008433,"ASV_3194","no_hit","Dinophyceae","Dinophyceae","Syndiniales","no_hit","g_","s_"
"3110","ASV_3195",0.000849457296109538,0.00068361162858226,-0.00170559500043824,"ASV_3195","no_hit","unknown","Polycystinea","Spumellaria","Rhizosphaeridae","g_","s_"
"3111","ASV_3196",0.00449426355299854,0.00164239991257327,0.00621045835416598,"ASV_3196","no_hit","Dinophyceae","Dinophyceae","Syndiniales","Amoebophryaceae","g_","s_"
"3112","ASV_3197",0.00798596818549787,0.00570967208708636,0.0100145229034528,"ASV_3197","no_hit","Dinophyceae","Dinophyceae","Gymnodiniales","Gymnodiniaceae","Gyrodinium","s_"
"3113","ASV_3198",0.00109237767556409,-0.00925385169435144,0.00993663021982585,"ASV_3198","no_hit","no_hit","no_hit","no_hit","no_hit","no_hit","no_hit"
"3114","ASV_3199",-0.00589686037827772,-0.00775045651090521,0.00526418219093598,"ASV_3199","no_hit","Euglenozoa","unknown","Diplonemea","unknown","g_","s_"
"3115","ASV_3200",-0.00271827406134577,-0.0179025695192052,0.00747789158619498,"ASV_3200","no_hit","unknown","unknown","unknown","unknown","unknown","s_"
"3116","ASV_3201",0.00019044529220333,-0.000731698417162602,-0.0022032719525902,"ASV_3201","no_hit","Dinophyceae","Dinophyceae","Peridiniales","Protoperidiniaceae","Protoperidinium","Protoperidinium punctulatum"
"3117","ASV_3202",0.00839104754192325,0.00642774045624324,0.0123112346648668,"ASV_3202","no_hit","unknown","Bigyra","Oblongichytrida","unknown","Oblongichytrium","no_hit"
"3118","ASV_3203",-0.00406670777331658,-0.0136242132275939,0.00883790046802486,"ASV_3203","no_hit","Dinophyceae","Dinophyceae","Syndiniales","Amoebophryaceae","g_","s_"
"3119","ASV_3204",-0.0135795367213708,0.00927144074950477,0.00192301198303763,"ASV_3204","no_hit","Dinophyceae","Dinophyceae","Prorocentrales","Prorocentraceae","g_","s_"
"3120","ASV_3205",0.00150226259945266,0.00311415022360936,-0.00347840423203434,"ASV_3205","Metazoa","Arthropoda","Ostracoda","Halocyprida","Halocyprididae","g_","s_"
"3121","ASV_3206",0.00897795834117556,0.00497105832716658,0.0079842716594398,"ASV_3206","no_hit","Haptophyta","no_hit","no_hit","no_hit","no_hit","no_hit"
"3122","ASV_3207",0.00170638065320641,0.00355866202891981,-0.00320792942541689,"ASV_3207","no_hit","no_hit","no_hit","no_hit","no_hit","g_","s_"
"3123","ASV_3208",-0.0120006819716375,-0.0117766335261847,0.00945739317373025,"ASV_3208","no_hit","no_hit","no_hit","no_hit","no_hit","no_hit","no_hit"
"3124","ASV_3209",0.00715037708322985,0.00242613893472428,0.0064424619153681,"ASV_3209","no_hit","unknown","Cryptophyceae","Pyrenomonadales","Geminigeraceae","g_","s_"
"3125","ASV_3210",-0.00305113921082819,-0.00361209189503275,0.00208172599050749,"ASV_3210","no_hit","Euglenozoa","unknown","Diplonemea","unknown","g_","s_"
"3126","ASV_3211",-0.000807615258226601,-0.0107549662753824,0.00374248015936144,"ASV_3211","no_hit","Euglenozoa","unknown","Diplonemea","unknown","g_","s_"
"3127","ASV_3212",-0.00752634484492294,-0.0146456835014351,0.00832278747230003,"ASV_3212","no_hit","unknown","unknown","unknown","unknown","g_","s_"
"3128","ASV_3213",-0.00703876661814976,-0.00354716189570121,0.00302715850543164,"ASV_3213","no_hit","unknown","unknown","unknown","unknown","g_","s_"
"3129","ASV_3214",0.00443160802442049,0.00729196251142748,0.00992165676418664,"ASV_3214","no_hit","Dinophyceae","Dinophyceae","Syndiniales","Amoebophryaceae","Amoebophrya","no_hit"
"3130","ASV_3215",-0.00250453516926333,-0.00695480792442763,0.00364719641777194,"ASV_3215","no_hit","Ciliophora","Oligohymenophorea","Philasterida","Cinetochilidae","g_","s_"
"3131","ASV_3216",-0.000903165479166496,-0.0105273648172768,0.00323974568205101,"ASV_3216","no_hit","Dinophyceae","Dinophyceae","Syndiniales","Syndiniaceae","g_","s_"
"3132","ASV_3217",-0.0015956047889894,-0.00718146588622679,0.00346309826713532,"ASV_3217","no_hit","Dinophyceae","Dinophyceae","Syndiniales","no_hit","no_hit","s_"
"3133","ASV_3218",0.0033289982205262,-0.00392082518363556,0.00795758148229421,"ASV_3218","no_hit","unknown","Pelagophyceae","unknown","unknown","unknown","Coccoid pelagophyte CCMP1395"
"3134","ASV_3219",-0.00402597554944787,-0.00923428713188868,0.00976621318370537,"ASV_3219","no_hit","Bacillariophyta","Coscinodiscophyceae","Thalassiosirales","Skeletonemataceae","Skeletonema","no_hit"
"3135","ASV_3221",0.00099178367863156,-0.000543493619591972,-0.00194299280965417,"ASV_3221","no_hit","Imbricatea","unknown","Thaumatomonadida","Thaumatomastigidae","Protaspis","s_"
"3136","ASV_3222",-0.00681149580090266,-0.0041804250980725,0.00642684767150563,"ASV_3222","no_hit","Dinophyceae","Dinophyceae","Syndiniales","no_hit","g_","s_"
"3137","ASV_3223",-0.00884918771619348,0.00671434210061367,0.00469280601919157,"ASV_3223","no_hit","Dinophyceae","Dinophyceae","Syndiniales","no_hit","g_","s_"
"3138","ASV_3224",0.0119739293383799,0.00567521647872112,0.0122086774261155,"ASV_3224","no_hit","Ciliophora","Spirotrichea","no_hit","no_hit","no_hit","no_hit"
"3139","ASV_3225",0.00256709130991676,0.00218757370546347,0.00418724201931724,"ASV_3225","no_hit","Dinophyceae","Dinophyceae","Syndiniales","Amoebophryaceae","Amoebophrya","no_hit"
"3140","ASV_3226",-0.0130909075858302,0.00130381891799496,0.00282226042150326,"ASV_3226","no_hit","unknown","unknown","unknown","unknown","unknown","Uncultured marine alveolate Group II DH147-EKD6"
"3141","ASV_3227",0.00182309422047913,0.00115266758883795,0.00103462189157451,"ASV_3227","no_hit","Dinophyceae","Dinophyceae","Syndiniales","no_hit","g_","s_"
"3142","ASV_3228",-0.00459981713591941,0.000983866220900564,0.000846639282798295,"ASV_3228","no_hit","no_hit","no_hit","no_hit","no_hit","g_","s_"
"3143","ASV_3229",-0.010540814629721,-0.00245754109049519,0.00430032770095275,"ASV_3229","no_hit","Euglenozoa","unknown","Diplonemea","no_hit","no_hit","no_hit"
"3144","ASV_3230",0.0115790876474404,0.00592052419024575,0.0104477677233121,"ASV_3230","no_hit","Dinophyceae","Dinophyceae","Dinophysiales","Dinophysiaceae","Dinophysis","Dinophysis acuminata"
"3145","ASV_3231",-0.0065154680895579,0.00297331318544697,0.00183772212235813,"ASV_3231","no_hit","no_hit","no_hit","no_hit","no_hit","g_","s_"
"3146","ASV_3232",-0.000391459106314511,-0.00454492349514239,0.00051281127774998,"ASV_3232","no_hit","no_hit","no_hit","no_hit","no_hit","no_hit","s_"
"3147","ASV_3233",0.00106846282648596,0.0025607602641845,-0.00259343170718936,"ASV_3233","no_hit","Euglenozoa","unknown","Diplonemea","unknown","unknown","s_"
"3148","ASV_3234",-0.0140814846197516,-0.0076749981980493,0.00771567077129713,"ASV_3234","no_hit","unknown","unknown","unknown","unknown","g_","s_"
"3149","ASV_3235",0.0062722937013012,0.00404243679854018,0.00728454737136797,"ASV_3235","no_hit","no_hit","no_hit","no_hit","no_hit","no_hit","no_hit"
"3150","ASV_3236",-0.00177607970007332,-0.00695182283165627,0.00291442753391546,"ASV_3236","no_hit","Dinophyceae","Dinophyceae","Gymnodiniales","Gymnodiniaceae","g_","s_"
"3151","ASV_3237",0.00733146268805307,0.00464742732909248,0.00631056547156558,"ASV_3237","no_hit","no_hit","no_hit","no_hit","no_hit","g_","s_"
"3152","ASV_3238",-0.00446488824857722,0.0057458645851458,0.00579993054228396,"ASV_3238","no_hit","Dinophyceae","Dinophyceae","Syndiniales","Amoebophryaceae","g_","s_"
"3153","ASV_3239",-0.0108938288056235,-0.00382421681529038,0.0071931315016595,"ASV_3239","no_hit","Bacillariophyta","Coscinodiscophyceae","Melosirales","Stephanopyxidaceae","g_","s_"
"3154","ASV_3240",0.00322467505888016,0.00383741081051518,0.00501641359428267,"ASV_3240","no_hit","no_hit","no_hit","no_hit","no_hit","no_hit","no_hit"
"3155","ASV_3241",-0.0146868251155354,0.00358736936753471,0.00495991483279408,"ASV_3241","no_hit","no_hit","no_hit","no_hit","no_hit","g_","s_"
"3156","ASV_3242",-0.0115257423613631,0.00998229421604327,-2.89271364005808e-05,"ASV_3242","no_hit","unknown","unknown","unknown","unknown","unknown","s_"
"3157","ASV_3243",-0.0135127611753132,0.00723441799257043,0.000884680098327994,"ASV_3243","no_hit","Ciliophora","Spirotrichea","Urostylida","Holostichidae","g_","s_"
"3158","ASV_3244",-6.23445511110941e-05,-0.0065178139395331,0.00190060610219671,"ASV_3244","no_hit","Dinophyceae","Dinophyceae","Syndiniales","Ellobiopsidae","Ellobiopsis","s_"
"3159","ASV_3245",-0.00511866260220569,-0.00279920743446122,0.00272737856063257,"ASV_3245","no_hit","Dinophyceae","Dinophyceae","Syndiniales","Amoebophryaceae","g_","s_"
"3160","ASV_3246",-0.00850426568392211,-0.00746465401637353,0.00524488480357036,"ASV_3246","no_hit","unknown","unknown","unknown","unknown","g_","s_"
"3161","ASV_3247",-0.00111640788796929,-0.0099258453794338,0.00324673178264142,"ASV_3247","no_hit","Dinophyceae","Dinophyceae","Gymnodiniales","Kareniaceae","g_","s_"
"3162","ASV_3248",0.000472387511117648,0.0018163432165098,-0.00211917070485328,"ASV_3248","Metazoa","Cnidaria","Hydrozoa","Trachymedusae","Halicreatidae","Haliscera","Haliscera conica"
"3163","ASV_3249",0.0059753320586446,0.00154384528916555,0.00665082906367315,"ASV_3249","no_hit","Dinophyceae","Dinophyceae","no_hit","no_hit","g_","s_"
"3164","ASV_3250",0.000655599451704566,-0.0025981896994965,0.00208571949957769,"ASV_3250","no_hit","unknown","unknown","unknown","unknown","unknown","s_"
"3165","ASV_3251",0.00367037553766401,0.00490694501265058,0.00571465593285429,"ASV_3251","no_hit","Bacillariophyta","Coscinodiscophyceae","Coscinodiscales","Coscinodiscaceae","g_","s_"
"3166","ASV_3252",0.00628371361081172,0.00295818923393419,0.00428891345362209,"ASV_3252","no_hit","Dinophyceae","Dinophyceae","Gonyaulacales","Gonyaulacaceae","Spiniferites","Spiniferites ramosus"
"3167","ASV_3253",-0.004814093145226,-0.00662699179511603,0.00347107708818182,"ASV_3253","no_hit","Dinophyceae","Dinophyceae","no_hit","no_hit","no_hit","no_hit"
"3168","ASV_3254",-0.00658714880527057,-0.00881119706081236,0.00571022020317942,"ASV_3254","no_hit","Euglenozoa","unknown","Diplonemea","no_hit","g_","s_"
"3169","ASV_3255",0.00075304572617773,-7.60043929350434e-05,-0.00143337477460229,"ASV_3255","no_hit","unknown","unknown","unknown","unknown","g_","s_"
"3170","ASV_3256",-0.00567710295014084,-0.00094858687100554,0.00277588533401724,"ASV_3256","no_hit","Dinophyceae","Dinophyceae","Gymnodiniales","Gymnodiniaceae","g_","s_"
"3171","ASV_3257",-0.00534257331379091,-0.00401998250341905,0.0052861006165332,"ASV_3257","no_hit","Dinophyceae","Dinophyceae","unknown","unknown","g_","s_"
"3172","ASV_3258",0.000327037803871814,-0.000618963906507995,-0.00189704969552494,"ASV_3258","no_hit","Dinophyceae","Dinophyceae","Peridiniales","Protoperidiniaceae","Protoperidinium","Protoperidinium punctulatum"
"3173","ASV_3259",-0.000525277429534413,-0.00186529268448232,0.00241536759644669,"ASV_3259","no_hit","Dinophyceae","Dinophyceae","Syndiniales","Amoebophryaceae","Amoebophrya","s_"
"3174","ASV_3260",-0.00558896858244224,-0.0130017560420865,0.00809184002429194,"ASV_3260","no_hit","Ciliophora","Oligohymenophorea","Philasterida","Cinetochilidae","g_","s_"
"3175","ASV_3261",0.000967817458292733,-0.00655215883655703,0.00144904220379875,"ASV_3261","no_hit","unknown","unknown","unknown","unknown","unknown","Uncultured marine alveolate Group II DH147-EKD3"
"3176","ASV_3262",0.000593931336972223,-0.0085228275565065,0.00235774495993793,"ASV_3262","no_hit","no_hit","no_hit","no_hit","no_hit","no_hit","no_hit"
"3177","ASV_3263",-0.00462855589036214,-0.0017563041211307,0.00820525548137514,"ASV_3263","unassigned","unassigned","unassigned","unassigned","unassigned","g_","s_"
"3178","ASV_3264",0.0045968909077844,0.000950474974114744,0.00335960837903198,"ASV_3264","no_hit","Bacillariophyta","Fragilariophyceae","Fragilariales","Fragilariaceae","no_hit","no_hit"
"3179","ASV_3265",-0.00607328131106064,-0.0106737167366753,0.00620413300446796,"ASV_3265","no_hit","Dinophyceae","Dinophyceae","Syndiniales","Amoebophryaceae","g_","s_"
"3180","ASV_3266",-0.00100852483374124,-0.00952420450790738,0.0030729945949349,"ASV_3266","unassigned","unassigned","unassigned","unassigned","unassigned","unassigned","unassigned"
"3181","ASV_3267",0.000733369608156825,0.00223838841958976,-0.00244609443828384,"ASV_3267","no_hit","Dinophyceae","Dinophyceae","no_hit","no_hit","no_hit","no_hit"
"3182","ASV_3268",-0.00323221283727795,-0.0129356996149142,0.00585016119933584,"ASV_3268","no_hit","unknown","Choanoflagellata","Acanthoecida","Stephanoecidae","g_","s_"
"3183","ASV_3269",-0.00745950919759794,0.00432999063992056,-0.000414461553457154,"ASV_3269","no_hit","Dinophyceae","Dinophyceae","Syndiniales","no_hit","no_hit","no_hit"
"3184","ASV_3270",-0.000957021050799692,-0.0148691530833459,0.00524139506336949,"ASV_3270","no_hit","unknown","unknown","unknown","unknown","g_","s_"
"3185","ASV_3271",0.00104947150941954,-0.000344189871428686,5.01379315303858e-05,"ASV_3271","no_hit","Dinophyceae","Dinophyceae","no_hit","no_hit","no_hit","no_hit"
"3186","ASV_3272",0.0054747147008334,0.00307964658466788,0.00596064865570194,"ASV_3272","no_hit","Dinophyceae","Dinophyceae","Gonyaulacales","Gonyaulacaceae","Alexandrium","no_hit"
"3187","ASV_3273",0.00667939860437014,0.00415289288136451,0.00637087327440131,"ASV_3273","no_hit","Imbricatea","unknown","unknown","Metromonadea","g_","s_"
"3188","ASV_3274",0.00571017438401559,0.00214327438189271,0.00458751926943012,"ASV_3274","no_hit","Dinophyceae","Dinophyceae","Syndiniales","Amoebophryaceae","Amoebophrya","no_hit"
"3189","ASV_3275",-0.000490273076735952,-0.00841170875433612,0.00273636469888088,"ASV_3275","no_hit","no_hit","no_hit","no_hit","no_hit","g_","s_"
"3190","ASV_3276",-0.00246678951753557,-0.0072793247854464,0.00276461212690259,"ASV_3276","no_hit","no_hit","no_hit","no_hit","no_hit","g_","s_"
"3191","ASV_3277",-0.0115756402427978,0.0104815682542649,3.12944388075936e-05,"ASV_3277","no_hit","Dinophyceae","Dinophyceae","Syndiniales","Amoebophryaceae","g_","s_"
"3192","ASV_3278",-0.0113368295849357,-0.00491696286174607,0.0066068590872556,"ASV_3278","no_hit","unknown","Bigyra","Bicosoecida","no_hit","g_","s_"
"3193","ASV_3279",0.00954111965794443,0.006749751664859,0.0112666263929389,"ASV_3279","no_hit","Bacillariophyta","Bacillariophyceae","Naviculales","Naviculaceae","g_","s_"
"3194","ASV_3280",0.00175960673476202,0.00321138654507072,0.0080652063758672,"ASV_3280","no_hit","Bacillariophyta","Bacillariophyceae","Bacillariales","Bacillariaceae","Pseudo-nitzschia","no_hit"
"3195","ASV_3281",-0.0113139807824826,0.0092490740547131,-0.00152661137899112,"ASV_3281","Viridiplantae","Streptophyta","Magnoliopsida","Liliales","Liliaceae","g_","s_"
"3196","ASV_3282",-0.00262323082499635,-0.00274974854668993,0.00199859175887393,"ASV_3282","no_hit","Ciliophora","Spirotrichea","Tintinnida","Tintinnidae","g_","s_"
"3197","ASV_3283",-0.00152323014453678,-0.0149033929841275,0.00597273248894925,"ASV_3283","no_hit","unknown","Bigyra","Thraustochytrida","Thraustochytriaceae","g_","s_"
"3198","ASV_3284",0.00641586148030905,0.00482296481258199,0.00648143140090035,"ASV_3284","no_hit","Haptophyta","unknown","Isochrysidales","Noelaerhabdaceae","no_hit","no_hit"
"3199","ASV_3285",-0.00286777460363077,-0.00252638630765867,0.00243532210577023,"ASV_3285","no_hit","Dinophyceae","Dinophyceae","Syndiniales","Amoebophryaceae","Amoebophrya","s_"
"3200","ASV_3286",-0.00140189005158901,-0.00303735328664596,0.00102930497975593,"ASV_3286","no_hit","Dinophyceae","Dinophyceae","Syndiniales","Amoebophryaceae","g_","s_"
"3201","ASV_3287",-3.02165132065739e-05,0.00242075167606076,0.00522180160339931,"ASV_3287","no_hit","Dinophyceae","Dinophyceae","no_hit","no_hit","no_hit","no_hit"
"3202","ASV_3288",0.00762306082684574,0.00384756904064237,0.00741736337642943,"ASV_3288","no_hit","Dinophyceae","Dinophyceae","Gonyaulacales","Gonyaulacaceae","Alexandrium","no_hit"
"3203","ASV_3289",-0.00550433534185449,-0.00406184590268434,0.00254607672883499,"ASV_3289","no_hit","unknown","unknown","unknown","unknown","g_","s_"
"3204","ASV_3290",0.00211391057279275,0.00212222496323412,0.00494750238867769,"ASV_3290","no_hit","Dinophyceae","Dinophyceae","Peridiniales","Protoperidiniaceae","g_","s_"
"3205","ASV_3291",-0.00564952899215864,-0.0130074801820929,0.00656559804924378,"ASV_3291","no_hit","Euglenozoa","unknown","Diplonemea","no_hit","no_hit","no_hit"
"3206","ASV_3293",0.00427835813898282,-0.000381011725692291,0.00970282238625659,"ASV_3293","no_hit","unknown","Centroplasthelida","Pterocystida","Pterocystidae","g_","s_"
"3207","ASV_3294",-0.00938142448948324,0.00803017346995726,-1.04377126704621e-05,"ASV_3294","no_hit","no_hit","no_hit","no_hit","no_hit","g_","s_"
"3208","ASV_3295",0.00785147262315773,0.00421699968838725,0.00638854036091749,"ASV_3295","no_hit","no_hit","no_hit","no_hit","no_hit","g_","s_"
"3209","ASV_3296",0.00274313863835988,0.00944094063755753,0.00863045248144208,"ASV_3296","no_hit","no_hit","no_hit","no_hit","no_hit","g_","s_"
"3210","ASV_3298",0.000709583813896592,-0.00257268004681147,-0.000190761482378472,"ASV_3298","no_hit","unknown","unknown","Telonemida","unknown","Telonema","s_"
"3211","ASV_3299",-0.00169437801780518,-0.00474990254918875,0.00127224419751265,"ASV_3299","no_hit","Dinophyceae","Dinophyceae","no_hit","no_hit","no_hit","no_hit"
"3212","ASV_3300",-0.0080471360410201,0.00825419837857069,0.000278938306176093,"ASV_3300","no_hit","Cercozoa","Thecofilosea","unknown","unknown","g_","s_"
"3213","ASV_3301",0.0005400327647829,0.00399597321380851,-0.00320033533490071,"ASV_3301","no_hit","unknown","Polycystinea","no_hit","no_hit","no_hit","no_hit"
"3214","ASV_3302",-0.00428946041828033,-0.00780563981182152,0.00415205528411519,"ASV_3302","no_hit","Dinophyceae","Dinophyceae","no_hit","no_hit","no_hit","s_"
"3215","ASV_3303",-0.0013923480981984,-0.00462071023171873,0.00113106317864162,"ASV_3303","no_hit","unknown","unknown","unknown","unknown","g_","s_"
"3216","ASV_3304",-0.000208244243881644,-0.00731527868788499,0.00214959302734452,"ASV_3304","no_hit","unknown","Polycystinea","no_hit","no_hit","no_hit","no_hit"
"3217","ASV_3305",0.00155024580902352,0.000784547691125522,-0.00073394294458733,"ASV_3305","no_hit","unknown","unknown","unknown","Vitrellaceae","g_","s_"
"3218","ASV_3306",-0.000754527051641268,-0.00703328138734195,0.00242544895851715,"ASV_3306","no_hit","Euglenozoa","unknown","Diplonemea","unknown","g_","s_"
"3219","ASV_3307",-0.000448396701460028,0.000667489485671352,-0.00103089341960073,"ASV_3307","Metazoa","Cnidaria","Hydrozoa","Anthoathecata","no_hit","no_hit","s_"
"3220","ASV_3308",-0.000139148805524873,-0.0059534457729313,0.00125775668317633,"ASV_3308","no_hit","unknown","Polycystinea","no_hit","no_hit","no_hit","no_hit"
"3221","ASV_3309",-0.000776569601770458,0.00853151958611965,0.006684429431819,"ASV_3309","no_hit","Dinophyceae","Dinophyceae","Peridiniales","Protoperidiniaceae","g_","s_"
"3222","ASV_3310",0.006915317264246,0.00391447850952878,0.00592937096025832,"ASV_3310","no_hit","Dinophyceae","Dinophyceae","no_hit","no_hit","g_","s_"
"3223","ASV_3311",-0.00278411420524963,-0.00326455899207255,0.00181917446144871,"ASV_3311","no_hit","no_hit","no_hit","no_hit","no_hit","no_hit","s_"
"3224","ASV_3312",-0.00337751710963729,-0.00768842291974018,0.00358300846641749,"ASV_3312","no_hit","unknown","Polycystinea","Nassellaria","Plagiacanthidae","g_","s_"
"3225","ASV_3313",0.000309972577758887,-0.00731285122615188,0.00215086448587891,"ASV_3313","no_hit","no_hit","no_hit","no_hit","no_hit","no_hit","no_hit"
"3226","ASV_3314",0.000553220567687859,0.00306896980726472,-0.00279898402723815,"ASV_3314","no_hit","unknown","Polycystinea","Spumellaria","Actinommidae","g_","s_"
"3227","ASV_3315",-5.32910943482968e-05,-0.00806969352830612,0.0024899242130469,"ASV_3315","no_hit","no_hit","no_hit","no_hit","no_hit","no_hit","no_hit"
"3228","ASV_3316",-0.00111336932444807,0.00395024148936842,0.0017274406635232,"ASV_3316","no_hit","no_hit","no_hit","no_hit","no_hit","no_hit","no_hit"
"3229","ASV_3317",-0.00039918762895749,-0.013874364045103,0.00496608576103547,"ASV_3317","no_hit","Euglenozoa","unknown","Diplonemea","unknown","g_","s_"
"3230","ASV_3318",4.68150817936127e-05,0.000140891779667243,-0.000378848104231334,"ASV_3318","no_hit","Dinophyceae","Dinophyceae","no_hit","no_hit","g_","s_"
"3231","ASV_3319",0.000694401406691116,-0.0041063672790892,0.00145302854467571,"ASV_3319","no_hit","Ciliophora","Spirotrichea","no_hit","no_hit","no_hit","no_hit"
"3232","ASV_3320",0.00424824795403789,0.00216120075406486,0.00478436517032683,"ASV_3320","no_hit","Dinophyceae","Dinophyceae","Peridiniales","Protoperidiniaceae","Protoperidinium","Protoperidinium pentagonum"
"3233","ASV_3321",-0.0127564030177671,0.0112432671665966,-0.00158063265389396,"ASV_3321","no_hit","Dinophyceae","Dinophyceae","Syndiniales","Amoebophryaceae","Amoebophrya","s_"
"3234","ASV_3322",-0.000537690673350901,-0.00148263527699314,0.00693315793045694,"ASV_3322","no_hit","Dinophyceae","Dinophyceae","Syndiniales","Amoebophryaceae","Amoebophrya","s_"
"3235","ASV_3323",0.00380176170474084,0.00259569320610732,0.00710323294167146,"ASV_3323","no_hit","Dinophyceae","Dinophyceae","Syndiniales","Amoebophryaceae","g_","s_"
"3236","ASV_3324",-0.00011709798644812,-0.0122400243584914,0.00410344336771246,"ASV_3324","no_hit","Dinophyceae","Dinophyceae","Syndiniales","Amoebophryaceae","g_","s_"
"3237","ASV_3325",-3.3640067559625e-05,-0.00637879200624088,0.0018796974274099,"ASV_3325","no_hit","unknown","Bigyra","Oblongichytrida","unknown","g_","s_"
"3238","ASV_3326",-0.015316205633784,0.00485795576851869,0.00333835562458724,"ASV_3326","no_hit","Bacillariophyta","Coscinodiscophyceae","Melosirales","Stephanopyxidaceae","g_","s_"
"3239","ASV_3327",-0.00108086384836291,-0.00311053250192797,0.00488461978974187,"ASV_3327","Viridiplantae","Chlorophyta","Pyramimonadophyceae","Pyramimonadales","Pyramimonadaceae","Pterosperma","s_"
"3240","ASV_3328",-0.000257575443000992,0.000522150660131858,-0.00159860900149859,"ASV_3328","no_hit","no_hit","no_hit","no_hit","no_hit","no_hit","no_hit"
"3241","ASV_3329",0.000485411609543721,0.0021772483840056,-0.00233432830633682,"ASV_3329","no_hit","unknown","Polycystinea","Collodaria","Sphaerozoidae","g_","s_"
"3242","ASV_3330",0.00577982332916281,0.00384838236413016,0.00560140223297092,"ASV_3330","no_hit","Cercozoa","no_hit","no_hit","no_hit","no_hit","no_hit"
"3243","ASV_3331",-0.00659130593614226,0.00243918170986613,0.000173766271583889,"ASV_3331","no_hit","unknown","Polycystinea","Spumellaria","Ethmosphaeridae","g_","s_"
"3244","ASV_3332",-0.00163381095091801,-0.0058947394537661,0.00253641957905386,"ASV_3332","no_hit","Dinophyceae","Dinophyceae","no_hit","no_hit","no_hit","s_"
"3245","ASV_3333",-0.0122456760609223,-0.00545593587527575,0.00544753175560427,"ASV_3333","no_hit","no_hit","no_hit","no_hit","no_hit","g_","s_"
"3246","ASV_3334",-0.0124830793914129,0.0103899287623907,0.00108650782056819,"ASV_3334","no_hit","unknown","Bigyra","Nanomonadea","unknown","g_","s_"
"3247","ASV_3335",-0.000493660851291649,-0.000195256792022776,-0.00104657192395803,"ASV_3335","no_hit","Euglenozoa","unknown","Diplonemea","unknown","unknown","s_"
"3248","ASV_3336",0.00655079015729369,-0.00353807202157859,0.0142681912996129,"ASV_3336","no_hit","Dinophyceae","Dinophyceae","no_hit","no_hit","no_hit","s_"
"3249","ASV_3337",-0.00241797636615322,-0.0080769918577098,0.00320497121851193,"ASV_3337","no_hit","Dinophyceae","Dinophyceae","Syndiniales","Amoebophryaceae","Amoebophrya","s_"
"3250","ASV_3338",-0.000357870154700973,-0.00685825122382951,0.0019888291926429,"ASV_3338","no_hit","Euglenozoa","unknown","Diplonemea","unknown","unknown","s_"
"3251","ASV_3339",0.00300034834556615,-2.62776792964651e-05,0.00811204152786521,"ASV_3339","no_hit","no_hit","no_hit","no_hit","no_hit","g_","s_"
"3252","ASV_3340",-0.00214466540104423,-0.00611785842815937,0.00256571333495279,"ASV_3340","Metazoa","Ctenophora","Tentaculata","no_hit","no_hit","no_hit","no_hit"
"3253","ASV_3341",0.00158805730676963,0.0012974565263342,-0.00272506991236355,"ASV_3341","Metazoa","Arthropoda","Hexanauplia","Cyclopoida","Oithonidae","no_hit","no_hit"
"3254","ASV_3342",-0.00139181084028673,-0.00192643699234365,0.000635469836131078,"ASV_3342","no_hit","Dinophyceae","Dinophyceae","no_hit","no_hit","no_hit","s_"
"3255","ASV_3343",-0.00660871495584437,0.006954556542489,-0.000113822787232977,"ASV_3343","no_hit","Dinophyceae","Dinophyceae","no_hit","no_hit","no_hit","no_hit"
"3256","ASV_3344",-0.00174461292297827,-0.0108099534013453,0.00390891412177474,"ASV_3344","no_hit","no_hit","no_hit","no_hit","no_hit","g_","s_"
"3257","ASV_3345",-0.00231283974528126,-0.0013581197677074,0.00033363164858837,"ASV_3345","no_hit","Euglenozoa","unknown","Diplonemea","unknown","g_","s_"
"3258","ASV_3346",-0.0122065172360433,-0.000271576901041622,0.0044454865204035,"ASV_3346","no_hit","unknown","unknown","unknown","unknown","unknown","s_"
"3259","ASV_3347",-0.0119392668834507,-0.0144671114027516,0.00904422580743735,"ASV_3347","no_hit","Euglenozoa","unknown","Diplonemea","unknown","g_","s_"
"3260","ASV_3348",-0.00431491468974968,-0.00832843624975871,0.00462227783282867,"ASV_3348","no_hit","Dinophyceae","Dinophyceae","unknown","unknown","g_","s_"
"3261","ASV_3349",-0.0143176431575195,0.00332557591607272,0.00212828283572358,"ASV_3349","no_hit","Ciliophora","Spirotrichea","no_hit","no_hit","no_hit","no_hit"
"3262","ASV_3350",-0.0029194215311544,-0.0128443071291759,0.00553642239803038,"ASV_3350","no_hit","no_hit","no_hit","no_hit","no_hit","no_hit","s_"
"3263","ASV_3351",-0.00452141296045378,-0.00933741879214896,0.00474020997435522,"ASV_3351","no_hit","unknown","Cryptophyceae","Cyathomonadacea","Goniomonadaceae","g_","s_"
"3264","ASV_3352",-0.00115846530583985,-0.0121213910407156,0.00440053579374005,"ASV_3352","no_hit","no_hit","no_hit","no_hit","no_hit","no_hit","s_"
"3265","ASV_3353",0.00166749837836196,8.17436732789784e-05,0.00903179223650882,"ASV_3353","no_hit","Dinophyceae","Dinophyceae","Syndiniales","Amoebophryaceae","Amoebophrya","s_"
"3266","ASV_3354",-0.0101978395370949,0.00279906315219386,0.00408160824001186,"ASV_3354","no_hit","no_hit","no_hit","no_hit","no_hit","no_hit","s_"
"3267","ASV_3355",0.00106097981342514,0.00137076216506663,-0.00168560801367596,"ASV_3355","no_hit","Dinophyceae","Dinophyceae","Syndiniales","no_hit","no_hit","no_hit"
"3268","ASV_3356",0.000562162486813396,0.00250345549505828,-0.00253561159686542,"ASV_3356","no_hit","Dinophyceae","Dinophyceae","Syndiniales","Amoebophryaceae","g_","s_"
"3269","ASV_3357",-0.00795150288922092,0.00170061774645434,0.00151717279788847,"ASV_3357","no_hit","no_hit","no_hit","no_hit","no_hit","no_hit","no_hit"
"3270","ASV_3358",0.00653278239703765,0.00503946837025374,0.0081362672482349,"ASV_3358","no_hit","unknown","unknown","unknown","unknown","unknown","uncultured marine picoeukaryote"
"3271","ASV_3359",0.0044366044147882,0.00247155475236589,0.00556247312494776,"ASV_3359","no_hit","no_hit","no_hit","no_hit","no_hit","no_hit","no_hit"
"3272","ASV_3360",-0.00131481870964066,-0.0113986645116458,0.00400352159072475,"ASV_3360","no_hit","Dinophyceae","Dinophyceae","no_hit","no_hit","no_hit","no_hit"
"3273","ASV_3361",-0.0115021167148794,0.00336702526816119,0.00293631472709899,"ASV_3361","no_hit","Dinophyceae","Dinophyceae","Syndiniales","no_hit","g_","s_"
"3274","ASV_3362",-0.00630676775037771,-9.4098782662847e-05,0.00194950269029622,"ASV_3362","no_hit","Euglenozoa","unknown","Diplonemea","no_hit","no_hit","no_hit"
"3275","ASV_3363",-0.00344021908969193,0.00261833437595029,0.000626531934187134,"ASV_3363","no_hit","Dinophyceae","Dinophyceae","no_hit","no_hit","no_hit","no_hit"
"3276","ASV_3364",0.00309573681349063,0.000340314530117586,0.000800207321614724,"ASV_3364","no_hit","Dinophyceae","Dinophyceae","Peridiniales","Protoperidiniaceae","Protoperidinium","Protoperidinium crassipes"
"3277","ASV_3365",0.00315518855923037,0.000897108626838598,0.00511763777629851,"ASV_3365","no_hit","Dinophyceae","Dinophyceae","Gonyaulacales","Gonyaulacaceae","Alexandrium","no_hit"
"3278","ASV_3366",0.000709316717262667,-0.00888566112681515,0.00275503936253427,"ASV_3366","no_hit","Dinophyceae","Dinophyceae","Syndiniales","Amoebophryaceae","g_","s_"
"3279","ASV_3367",-0.00545039516023102,-0.0120611687423079,0.00753355598667041,"ASV_3367","no_hit","Dinophyceae","Dinophyceae","Syndiniales","Amoebophryaceae","Amoebophrya","s_"
"3280","ASV_3368",-0.000137375375279326,-0.000826749399292979,-0.00243156092033668,"ASV_3368","Metazoa","Arthropoda","Hexanauplia","Harpacticoida","Ectinosomatidae","Microsetella","Microsetella norvegica"
"3281","ASV_3369",-0.00254689880427104,-0.0139854526489862,0.00548957183417945,"ASV_3369","no_hit","Bacillariophyta","Bacillariophyceae","Naviculales","no_hit","g_","s_"
"3282","ASV_3370",-0.00346093478400956,-0.00627954201361893,0.00341331634470845,"ASV_3370","no_hit","no_hit","no_hit","no_hit","no_hit","no_hit","no_hit"
"3283","ASV_3371",-0.00082719641955959,0.00243387971603607,-0.00217579682760421,"ASV_3371","no_hit","Dinophyceae","Dinophyceae","no_hit","no_hit","no_hit","no_hit"
"3284","ASV_3372",-0.000515913489695997,-0.000334688703518841,0.00220598045495231,"ASV_3372","no_hit","no_hit","no_hit","no_hit","no_hit","no_hit","no_hit"
"3285","ASV_3373",-0.00163942633207646,-0.0116532842414324,0.00414332136040084,"ASV_3373","no_hit","Euglenozoa","unknown","Diplonemea","no_hit","no_hit","no_hit"
"3286","ASV_3374",-0.00323851873713472,-0.00523041677685251,0.00664095348887658,"ASV_3374","no_hit","unknown","unknown","unknown","unknown","g_","s_"
"3287","ASV_3375",-0.000427120850397083,-0.000815359327658124,-0.00261363564935283,"ASV_3375","no_hit","Dinophyceae","Dinophyceae","Gymnodiniales","Warnowiaceae","g_","s_"
"3288","ASV_3376",-0.00210743703451255,-0.0112264489405726,0.00407538077032185,"ASV_3376","no_hit","Euglenozoa","unknown","Diplonemea","no_hit","no_hit","no_hit"
"3289","ASV_3377",-0.000100212278263061,-0.00717714713962334,0.00182719679213123,"ASV_3377","no_hit","Euglenozoa","unknown","Diplonemea","unknown","g_","s_"
"3290","ASV_3378",-0.00384561554357412,0.000630421505781774,3.52819558091727e-05,"ASV_3378","no_hit","no_hit","no_hit","no_hit","no_hit","no_hit","no_hit"
"3291","ASV_3379",0.0018264136842737,-0.000640895466180692,0.00144212565309254,"ASV_3379","no_hit","Dinophyceae","Dinophyceae","Peridiniales","Heterocapsaceae","g_","s_"
"3292","ASV_3380",-0.0111547205796379,0.0125014681513735,0.00104007536937759,"ASV_3380","Viridiplantae","Chlorophyta","no_hit","no_hit","no_hit","no_hit","no_hit"
"3293","ASV_3381",0.00165196259890554,0.0025097831798392,0.0051560391546384,"ASV_3381","no_hit","unknown","Bigyra","Oblongichytrida","unknown","Oblongichytrium","no_hit"
"3294","ASV_3382",-0.00306200027711105,-0.00795350339071749,0.00400949431150804,"ASV_3382","no_hit","unknown","Bigyra","Nanomonadea","unknown","g_","s_"
"3295","ASV_3383",-0.00188868778451581,-0.0183845387524853,0.00719151793335261,"ASV_3383","no_hit","no_hit","no_hit","no_hit","no_hit","no_hit","no_hit"
"3296","ASV_3384",-0.000686079613881782,-0.00770631078464952,0.00255743832928249,"ASV_3384","no_hit","no_hit","no_hit","no_hit","no_hit","no_hit","no_hit"
"3297","ASV_3385",-0.00935629716086606,0.00457656657323509,0.000813267735400651,"ASV_3385","no_hit","unknown","unknown","unknown","unknown","g_","s_"
"3298","ASV_3386",-0.0033063708493508,0.00316315551632474,-0.000933721643187962,"ASV_3386","no_hit","Euglenozoa","unknown","Diplonemea","unknown","g_","s_"
"3299","ASV_3387",0.00131388193740749,0.0015404801404867,-0.00105746191648842,"ASV_3387","no_hit","Ciliophora","Oligohymenophorea","Philasterida","Loxocephalidae","g_","s_"
"3300","ASV_3388",-0.0097919459959569,0.00424598723252061,0.00211549933557934,"ASV_3388","no_hit","no_hit","no_hit","no_hit","no_hit","g_","s_"
"3301","ASV_3389",0.00246613062502178,-0.00111070444912632,-0.00141744089151366,"ASV_3389","no_hit","Dinophyceae","Dinophyceae","no_hit","no_hit","no_hit","no_hit"
"3302","ASV_3390",0.00264636026209447,0.00338873718043425,0.00823584025699446,"ASV_3390","no_hit","Dinophyceae","Dinophyceae","no_hit","no_hit","no_hit","no_hit"
"3303","ASV_3391",-0.0104786517523063,0.00346493470795505,0.00261622299781935,"ASV_3391","no_hit","Dinophyceae","Dinophyceae","Syndiniales","no_hit","no_hit","no_hit"
"3304","ASV_3392",0.000311026542646413,-0.00965079488366671,0.00292850507130893,"ASV_3392","no_hit","Ciliophora","Colpodea","unknown","unknown","g_","s_"
"3305","ASV_3393",0.00436927895838872,0.0017659410903297,0.00342155789132644,"ASV_3393","no_hit","Cercozoa","Thecofilosea","Cryomonadida","Protaspidae","g_","s_"
"3306","ASV_3394",0.0043133657885637,-2.35080957986069e-06,0.0095732760760532,"ASV_3394","no_hit","Dinophyceae","Dinophyceae","no_hit","no_hit","no_hit","s_"
"3307","ASV_3395",-0.00071703181389026,-0.004192545236799,0.000726416185143604,"ASV_3395","no_hit","Dinophyceae","Dinophyceae","Syndiniales","no_hit","no_hit","no_hit"
"3308","ASV_3396",-0.00128664356683195,-0.00655244714310597,0.00345693262073577,"ASV_3396","no_hit","Dinophyceae","Dinophyceae","Syndiniales","Amoebophryaceae","Amoebophrya","s_"
"3309","ASV_3397",0.00870949516166549,0.0044079822489151,0.00887808098754085,"ASV_3397","no_hit","Dinophyceae","Dinophyceae","no_hit","no_hit","no_hit","no_hit"
"3310","ASV_3398",0.00452289667446655,0.00645594417305141,0.0135449223683449,"ASV_3398","no_hit","Dinophyceae","Dinophyceae","no_hit","no_hit","no_hit","no_hit"
"3311","ASV_3399",0.000494981866055208,-9.91997712306532e-05,-0.00120977009570221,"ASV_3399","no_hit","Dinophyceae","Dinophyceae","Prorocentrales","Prorocentraceae","g_","s_"
"3312","ASV_3400",0.00145232172948616,-0.000509972982652736,-0.00074364400512291,"ASV_3400","no_hit","no_hit","no_hit","no_hit","no_hit","g_","s_"
"3313","ASV_3401",-0.00095500502394323,-0.0039353022159624,-0.000379228998555097,"ASV_3401","no_hit","Bacillariophyta","Coscinodiscophyceae","no_hit","no_hit","no_hit","no_hit"
"3314","ASV_3402",-0.0045267756486752,-0.00183788895520394,0.00453397368858827,"ASV_3402","no_hit","Dinophyceae","Dinophyceae","Syndiniales","Amoebophryaceae","Amoebophrya","no_hit"
"3315","ASV_3403",-0.0145539956615512,-0.00677204478087317,0.00744904526999375,"ASV_3403","no_hit","Dinophyceae","Dinophyceae","Syndiniales","Amoebophryaceae","Amoebophrya","s_"
"3316","ASV_3404",-0.00376924707155364,-0.00707305689940786,0.00430895102418318,"ASV_3404","no_hit","Dinophyceae","Dinophyceae","Syndiniales","Syndiniaceae","g_","s_"
"3317","ASV_3405",-0.00062911534372228,0.00251071183905997,0.00354624648726112,"ASV_3405","no_hit","Dinophyceae","Dinophyceae","Syndiniales","no_hit","no_hit","s_"
"3318","ASV_3406",0.000329845437980439,-0.00345850248913834,0.000275665247803243,"ASV_3406","no_hit","Ciliophora","Oligohymenophorea","Philasterida","Loxocephalidae","g_","s_"
"3319","ASV_3407",0.00077985534313332,-0.00316316636020622,4.97634503194758e-05,"ASV_3407","no_hit","Dinophyceae","Dinophyceae","Peridiniales","Peridiniopsidaceae","g_","s_"
"3320","ASV_3408",-0.0036458708931344,-0.00650861205620053,0.00339769682074583,"ASV_3408","no_hit","Dinophyceae","Dinophyceae","Peridiniales","Peridiniopsidaceae","Palatinus","Palatinus apiculatus"
"3321","ASV_3409",0.00591756146926523,0.00231693400722971,0.00402439218816753,"ASV_3409","no_hit","Dinophyceae","Dinophyceae","no_hit","no_hit","no_hit","no_hit"
"3322","ASV_3410",-0.014143603550154,0.0129562117540369,-1.72890055650521e-05,"ASV_3410","no_hit","Dinophyceae","Dinophyceae","Syndiniales","Amoebophryaceae","g_","s_"
"3323","ASV_3411",0.00115455713726367,0.00151878530397679,-0.00228586674780054,"ASV_3411","no_hit","Dinophyceae","Dinophyceae","no_hit","no_hit","g_","s_"
"3324","ASV_3412",0.00277653662291643,-0.00691496610834587,0.00942012694306923,"ASV_3412","Viridiplantae","Chlorophyta","Trebouxiophyceae","no_hit","no_hit","no_hit","no_hit"
"3325","ASV_3413",-0.00134548807381826,-0.000265194852036143,0.00749778336022541,"ASV_3413","no_hit","no_hit","no_hit","no_hit","no_hit","g_","s_"
"3326","ASV_3414",-0.000806760325573702,-0.0106813762709878,0.00369803771811178,"ASV_3414","no_hit","Dinophyceae","Dinophyceae","Syndiniales","Amoebophryaceae","g_","s_"
"3327","ASV_3415",-0.00597876869421316,0.00189971057834115,0.000153865456495279,"ASV_3415","no_hit","Ciliophora","no_hit","no_hit","no_hit","g_","s_"
"3328","ASV_3416",0.00225251669531308,0.00168018739234249,-0.00275540196919706,"ASV_3416","no_hit","Euglenozoa","unknown","Diplonemea","no_hit","no_hit","s_"
"3329","ASV_3417",-0.000238895575542447,0.00575845338390796,0.00329040494245456,"ASV_3417","Viridiplantae","Chlorophyta","no_hit","no_hit","no_hit","g_","s_"
"3330","ASV_3418",-0.000474528444228097,-0.00785940475349238,0.00224819414887737,"ASV_3418","no_hit","unknown","Polycystinea","Nassellaria","Theoperidae","Cycladophora","Cycladophora cornuta"
"3331","ASV_3419",0.000388049081072145,-0.00262779538815619,-0.000198971388813679,"ASV_3419","no_hit","Dinophyceae","Dinophyceae","Syndiniales","Ellobiopsidae","Thalassomyces","Thalassomyces sp. JDS-2003"
"3332","ASV_3420",3.67072261306375e-05,-0.00561827308355853,0.00129092314207504,"ASV_3420","no_hit","Dinophyceae","Dinophyceae","Syndiniales","Syndiniaceae","Hematodinium","no_hit"
"3333","ASV_3421",-0.00390635940837909,-0.0108233303120326,0.00502454341841692,"ASV_3421","no_hit","no_hit","no_hit","no_hit","no_hit","g_","s_"
"3334","ASV_3422",-0.00791645890285598,0.00435800320503218,0.000179838575573905,"ASV_3422","no_hit","Dinophyceae","Dinophyceae","Gymnodiniales","no_hit","no_hit","no_hit"
"3335","ASV_3423",0.000511357843867272,0.00183654094970045,-0.00218790189914289,"ASV_3423","Metazoa","Cnidaria","Hydrozoa","Siphonophorae","no_hit","no_hit","no_hit"
"3336","ASV_3424",0.00368999651140005,0.00139838186158283,0.00426342507008379,"ASV_3424","no_hit","no_hit","no_hit","no_hit","no_hit","no_hit","no_hit"
"3337","ASV_3425",-0.00299869764120876,-0.0163282003296318,0.00664924749866708,"ASV_3425","no_hit","Euglenozoa","unknown","Diplonemea","unknown","g_","s_"
"3338","ASV_3426",0.00569605026516406,0.00303259969867623,0.00482505965755737,"ASV_3426","no_hit","Euglenozoa","unknown","Diplonemea","Hemistasiidae","g_","s_"
"3339","ASV_3427",-0.000779358780673658,-0.00646833245391275,0.00232052262425293,"ASV_3427","no_hit","Dinophyceae","Dinophyceae","Syndiniales","no_hit","no_hit","no_hit"
"3340","ASV_3428",0.00240501964160623,0.000508113433302489,0.00166382822582916,"ASV_3428","Metazoa","Arthropoda","Hexanauplia","Calanoida","Paracalanidae","Paracalanus","no_hit"
"3341","ASV_3429",0.00511318389559717,0.000308965796310477,0.00922405039257616,"ASV_3429","no_hit","Dinophyceae","Dinophyceae","Syndiniales","Amoebophryaceae","g_","s_"
"3342","ASV_3430",0.00356910941469968,0.00310787359025248,0.010756369897885,"ASV_3430","no_hit","unknown","unknown","unknown","unknown","unknown","s_"
"3343","ASV_3431",0.00100250737011867,0.00256382013908911,-0.00287013778384779,"ASV_3431","no_hit","Dinophyceae","Dinophyceae","Syndiniales","Amoebophryaceae","g_","s_"
"3344","ASV_3432",-0.00260329509421831,-0.00554635628001198,0.00153637312124113,"ASV_3432","no_hit","Dinophyceae","Dinophyceae","Syndiniales","Amoebophryaceae","Amoebophrya","s_"
"3345","ASV_3433",-0.000924782201825611,-0.00149762047062888,0.0036137014029822,"ASV_3433","no_hit","Endomyxa","Ascetosporea","Paradiniida","unknown","g_","s_"
"3346","ASV_3434",-0.00806980142497593,-0.0125557964000192,0.00704584233641459,"ASV_3434","no_hit","Dinophyceae","Dinophyceae","Syndiniales","no_hit","no_hit","s_"
"3347","ASV_3435",-0.00360296101867092,-0.00352483099330802,0.00232738022709695,"ASV_3435","no_hit","no_hit","no_hit","no_hit","no_hit","g_","s_"
"3348","ASV_3436",0.00324291486753273,0.00221528923695163,0.00228037714527872,"ASV_3436","no_hit","Ciliophora","Prostomatea","Prorodontida","no_hit","no_hit","no_hit"
"3349","ASV_3437",-0.0150300841426108,0.00689545236473114,0.00174487215581705,"ASV_3437","no_hit","Apicomplexa","Conoidasida","Eucoccidiorida","Eimeriidae","no_hit","s_"
"3350","ASV_3438",0.00379213983205,-0.00318485367146447,0.0060469455002572,"ASV_3438","no_hit","unknown","Choanoflagellata","unknown","unknown","g_","s_"
"3351","ASV_3439",-0.00996439684033911,-0.00315124991163125,0.0054998970496957,"ASV_3439","no_hit","unknown","Choanoflagellata","no_hit","no_hit","no_hit","no_hit"
"3352","ASV_3440",-0.00808216590493364,-0.00700158954419442,0.00538030803713376,"ASV_3440","no_hit","Endomyxa","Ascetosporea","Paradiniida","unknown","g_","s_"
"3353","ASV_3441",-0.0105579245368216,0.0049993392968186,0.00328950538610467,"ASV_3441","no_hit","Dinophyceae","Dinophyceae","Syndiniales","Amoebophryaceae","Amoebophrya","s_"
"3354","ASV_3442",-0.00127149353884548,-0.00960794674770561,0.00372083134136331,"ASV_3442","no_hit","Dinophyceae","Dinophyceae","Gymnodiniales","Warnowiaceae","Proterythropsis","no_hit"
"3355","ASV_3443",-0.00776379465132761,-0.00468710194239302,0.00622199636690787,"ASV_3443","no_hit","no_hit","no_hit","no_hit","no_hit","g_","s_"
"3356","ASV_3444",-0.00578760144214913,-0.0112154766169382,0.00600587831685828,"ASV_3444","no_hit","unknown","Bigyra","Nanomonadea","unknown","Incisomonas","s_"
"3357","ASV_3445",-0.0131841640596655,0.0109686473768979,-0.00135025201862628,"ASV_3445","Metazoa","Annelida","Polychaeta","Terebellida","Flabelligeridae","Brada","s_"
"3358","ASV_3446",4.82534180385639e-05,-0.000616256753524039,-0.00209379735303442,"ASV_3446","no_hit","Ciliophora","Spirotrichea","Choreotrichida","Strobilidiidae","no_hit","no_hit"
"3359","ASV_3447",0.000551774496020825,0.00258890740067323,-0.00260073820070121,"ASV_3447","no_hit","unknown","unknown","unknown","unknown","g_","s_"
"3360","ASV_3448",0.00100944966264069,0.00027250798258963,-0.00180209841390229,"ASV_3448","no_hit","Dinophyceae","Dinophyceae","Gymnodiniales","Kareniaceae","g_","s_"
"3361","ASV_3449",-0.0017062358313693,-0.0080685802386238,0.00287168020278648,"ASV_3449","no_hit","Dinophyceae","Dinophyceae","Syndiniales","Amoebophryaceae","g_","s_"
"3362","ASV_3450",0.000806827784178611,-0.00498257947122233,0.000882795767565906,"ASV_3450","no_hit","unknown","Polycystinea","no_hit","no_hit","g_","s_"
"3363","ASV_3451",-0.00617760453015174,0.00256138446456603,0.00481872150542625,"ASV_3451","no_hit","Dinophyceae","Dinophyceae","Syndiniales","Amoebophryaceae","Amoebophrya","s_"
"3364","ASV_3452",0.00405549756613267,0.0022872437596121,0.00451873784649108,"ASV_3452","Viridiplantae","Chlorophyta","Mamiellophyceae","Dolichomastigales","Crustomastigaceae","g_","s_"
"3365","ASV_3453",0.00122900880949118,0.0031304638767677,0.0103035142708094,"ASV_3453","no_hit","no_hit","no_hit","no_hit","no_hit","g_","s_"
"3366","ASV_3454",-0.00575093643919507,-0.000335106017491814,0.00793708990929889,"ASV_3454","no_hit","unknown","Bigyra","Thraustochytrida","Thraustochytriaceae","g_","s_"
"3367","ASV_3455",-0.000729577411169316,-0.00114911994175882,-0.000399869963833756,"ASV_3455","no_hit","unknown","unknown","unknown","unknown","g_","s_"
"3368","ASV_3456",-0.00609159758712686,-0.00102385303067358,0.00108265491539234,"ASV_3456","no_hit","unknown","Polycystinea","Spumellaria","no_hit","no_hit","no_hit"
"3369","ASV_3457",-0.00167177303685808,-0.0136751847851927,0.0048585305310535,"ASV_3457","no_hit","Dinophyceae","Dinophyceae","unknown","unknown","g_","s_"
"3370","ASV_3458",0.000164717426764994,-0.000922176263800567,-0.0009831023701838,"ASV_3458","no_hit","Dinophyceae","Dinophyceae","Syndiniales","Amoebophryaceae","g_","s_"
"3371","ASV_3459",-0.006012065852094,0.00329039723054009,0.000499100459129957,"ASV_3459","no_hit","no_hit","no_hit","no_hit","no_hit","g_","s_"
"3372","ASV_3460",-0.00437405870877931,-0.015030693199362,0.00701835652013613,"ASV_3460","no_hit","unknown","unknown","unknown","unknown","unknown","uncultured marine eukaryote"
"3373","ASV_3461",-0.00700556280581551,0.00692794255780811,-0.000278713316593429,"ASV_3461","no_hit","Dinophyceae","Dinophyceae","Gymnodiniales","Kareniaceae","Karlodinium","no_hit"
"3374","ASV_3462",0.00334690213668457,0.00115284571447753,0.00167009841601193,"ASV_3462","no_hit","Dinophyceae","Dinophyceae","Peridiniales","Protoperidiniaceae","Protoperidinium","s_"
"3375","ASV_3463",0.00103569212475292,0.000876293216416671,-0.0017695454667467,"ASV_3463","no_hit","no_hit","no_hit","no_hit","no_hit","g_","s_"
"3376","ASV_3464",-0.0030230552693259,-0.00795927553100114,0.00378934063253973,"ASV_3464","no_hit","Dinophyceae","Dinophyceae","Syndiniales","Amoebophryaceae","g_","s_"
"3377","ASV_3465",0.000479396868243819,0.00201232920956266,-0.00224501921769383,"ASV_3465","no_hit","Dinophyceae","Dinophyceae","Syndiniales","no_hit","no_hit","no_hit"
"3378","ASV_3466",-0.00145364190782605,0.00158422561313264,0.00610731012499688,"ASV_3466","no_hit","no_hit","no_hit","no_hit","no_hit","no_hit","s_"
"3379","ASV_3467",-0.0013330586430415,-0.00828360769854551,0.00296192340356134,"ASV_3467","no_hit","Dinophyceae","Dinophyceae","Syndiniales","Amoebophryaceae","g_","s_"
"3380","ASV_3468",-0.0066507213869676,-0.00766181431819123,0.00497680990586347,"ASV_3468","no_hit","unknown","unknown","unknown","unknown","g_","s_"
"3381","ASV_3469",0.000657833902931329,9.23896993884507e-05,-0.00147571181958022,"ASV_3469","no_hit","no_hit","no_hit","no_hit","no_hit","g_","s_"
"3382","ASV_3470",0.00659369987030974,0.00402106517774208,0.00614516757251398,"ASV_3470","Viridiplantae","Chlorophyta","Mamiellophyceae","Dolichomastigales","Dolichomastigaceae","Dolichomastix","Dolichomastix tenuilepis"
"3383","ASV_3471",-0.00398422957917582,-0.00128182309605575,0.00239107000537994,"ASV_3471","no_hit","Dinophyceae","Dinophyceae","Blastodiniales","unknown","g_","s_"
"3384","ASV_3472",-0.00458165252494196,-0.00506042988342728,0.00590726066169388,"ASV_3472","no_hit","Ciliophora","Spirotrichea","Tintinnida","Tintinnidae","Salpingella","Salpingella acuminata"
"3385","ASV_3473",-0.00394142558728439,-0.00433260547674614,0.00356796811645565,"ASV_3473","unassigned","unassigned","unassigned","unassigned","unassigned","unassigned","unassigned"
"3386","ASV_3474",-0.000349478681263495,-0.0115633607854822,0.00380471728904234,"ASV_3474","no_hit","Dinophyceae","Dinophyceae","Syndiniales","no_hit","no_hit","no_hit"
"3387","ASV_3475",-0.00575678621466951,-0.0116532730686316,0.00607376272495825,"ASV_3475","no_hit","no_hit","no_hit","no_hit","no_hit","no_hit","no_hit"
"3388","ASV_3476",-0.00127278347342484,-0.004980784551044,0.00147815179302879,"ASV_3476","no_hit","Euglenozoa","unknown","Diplonemea","unknown","g_","s_"
"3389","ASV_3477",-0.000136804552804037,-0.00899513719295913,0.00265472413016568,"ASV_3477","no_hit","Dinophyceae","Dinophyceae","Syndiniales","Amoebophryaceae","g_","s_"
"3390","ASV_3478",-0.000745082464889195,-0.00555904683151251,0.00158172413296883,"ASV_3478","no_hit","Euglenozoa","unknown","Diplonemea","unknown","g_","s_"
"3391","ASV_3479",-0.00469193409783344,0.00114882420840999,0.0046998828935769,"ASV_3479","no_hit","no_hit","no_hit","no_hit","no_hit","g_","s_"
"3392","ASV_3480",-0.000572862207021509,-0.00195719827417145,0.000255031330500809,"ASV_3480","no_hit","Ciliophora","no_hit","no_hit","no_hit","no_hit","no_hit"
"3393","ASV_3481",-0.00252421850115566,-0.00025340920615445,0.00583406297280051,"ASV_3481","no_hit","unknown","unknown","Pirsoniales","unknown","Pirsonia","no_hit"
"3394","ASV_3482",0.00851923272235022,0.000883275851456995,0.0100853710478799,"ASV_3482","no_hit","Cercozoa","Thecofilosea","unknown","unknown","g_","s_"
"3395","ASV_3483",-0.00673618189827456,-0.00169939784378252,0.00234353463511388,"ASV_3483","no_hit","Oomycota","no_hit","no_hit","no_hit","g_","s_"
"3396","ASV_3484",0.00169222624715777,0.000258588034809164,-0.00218193169728448,"ASV_3484","Metazoa","Arthropoda","Hexanauplia","Calanoida","Calanidae","no_hit","s_"
"3397","ASV_3485",-0.00893037580396795,0.00700501371750868,-0.000741047457956363,"ASV_3485","no_hit","unknown","Chrysophyceae","no_hit","no_hit","no_hit","no_hit"
"3398","ASV_3486",0.00524933343569463,0.00334006965322644,0.0123942248179254,"ASV_3486","no_hit","no_hit","no_hit","no_hit","no_hit","g_","s_"
"3399","ASV_3487",0.00596906217969729,0.00226206460450707,0.00790223258647506,"ASV_3487","no_hit","no_hit","no_hit","no_hit","no_hit","g_","s_"
"3400","ASV_3488",-0.00669097777815176,-0.00940990641852988,0.0051405806612027,"ASV_3488","no_hit","Dinophyceae","Dinophyceae","Syndiniales","Amoebophryaceae","g_","s_"
"3401","ASV_3489",-0.00167002073634779,-0.0120013896623311,0.00750653832893398,"ASV_3489","no_hit","Dinophyceae","Dinophyceae","Syndiniales","no_hit","no_hit","no_hit"
"3402","ASV_3490",-0.00248358056562645,-0.00274397591185588,0.00507620315605501,"ASV_3490","no_hit","unknown","unknown","unknown","unknown","g_","s_"
"3403","ASV_3491",0.00682614721491494,0.00325012435280758,0.00556853649926899,"ASV_3491","no_hit","no_hit","no_hit","no_hit","no_hit","g_","s_"
"3404","ASV_3492",-0.000638771056110595,-0.0069235403982066,0.00201748500729712,"ASV_3492","no_hit","Euglenozoa","unknown","Diplonemea","unknown","unknown","s_"
"3405","ASV_3493",0.00329151483888685,0.00207608879422472,0.00607660307892347,"ASV_3493","no_hit","Cercozoa","no_hit","no_hit","no_hit","no_hit","no_hit"
"3406","ASV_3494",0.00140286362134305,0.000948955628269958,-0.00205615782329173,"ASV_3494","no_hit","Cercozoa","Thecofilosea","Phaeocalpida","Tuscaroridae","g_","s_"
"3407","ASV_3495",-0.01280615300884,0.0105488678586554,-0.00166575216061415,"ASV_3495","Metazoa","Annelida","Polychaeta","Terebellida","Terebellidae","no_hit","s_"
"3408","ASV_3496",0.00609350281827539,0.00209430831311916,0.00648749198349474,"ASV_3496","no_hit","Haptophyta","no_hit","no_hit","no_hit","g_","s_"
"3409","ASV_3497",0.00437891208687633,0.00158277344931191,0.00240482941130063,"ASV_3497","no_hit","unknown","unknown","unknown","unknown","unknown","uncultured marine eukaryote"
"3410","ASV_3498",-0.000521630340161543,-0.00211889097439837,-0.000151335412390197,"ASV_3498","no_hit","Euglenozoa","unknown","Diplonemea","no_hit","g_","s_"
"3411","ASV_3499",0.000557122926588499,-0.00304241198893277,1.78141115487633e-05,"ASV_3499","no_hit","Euglenozoa","unknown","Diplonemea","unknown","g_","s_"
"3412","ASV_3500",-0.00573094609660033,-0.0111681042766198,0.00572250456612961,"ASV_3500","no_hit","unknown","unknown","unknown","unknown","g_","s_"
"3413","ASV_3501",3.03310029467279e-05,-0.00433631326812917,0.00070294466107498,"ASV_3501","Metazoa","Chordata","Appendicularia","Copelata","Fritillariidae","g_","s_"
"3414","ASV_3502",-0.00388400380683016,-0.00416008955081277,0.00791187129360394,"ASV_3502","no_hit","Dinophyceae","Dinophyceae","Peridiniales","Heterocapsaceae","Heterocapsa","no_hit"
"3415","ASV_3503",-0.00545102901710121,-0.000925796716968233,0.00434922076297494,"ASV_3503","no_hit","unknown","unknown","unknown","unknown","g_","s_"
"3416","ASV_3504",-0.000319889874810652,-0.00104961061802758,-0.000472875164848306,"ASV_3504","no_hit","Ciliophora","Oligohymenophorea","Apostomatida","Colliniidae","g_","s_"
"3417","ASV_3505",0.00165721392323469,0.00201692646918947,-0.00246702529847838,"ASV_3505","no_hit","no_hit","no_hit","no_hit","no_hit","g_","s_"
"3418","ASV_3506",-0.00270930691056159,-0.011407175982759,0.00468146309778794,"ASV_3506","no_hit","unknown","unknown","unknown","unknown","g_","s_"
"3419","ASV_3507",-0.0130198625946855,0.00470662651074152,0.00309304966458169,"ASV_3507","no_hit","unknown","Bigyra","Nanomonadea","unknown","g_","s_"
"3420","ASV_3508",-0.00876656552761896,-0.0066428671305073,0.00547613466054001,"ASV_3508","no_hit","Bacillariophyta","Coscinodiscophyceae","Melosirales","Stephanopyxidaceae","Stephanopyxis","s_"
"3421","ASV_3509",-0.0060521094399893,0.00630815719420497,0.000304299841292139,"ASV_3509","no_hit","Dinophyceae","Dinophyceae","Gymnodiniales","Warnowiaceae","g_","s_"
"3422","ASV_3510",-0.000857699303281747,-0.00773907602854557,0.00228152329145738,"ASV_3510","no_hit","Dinophyceae","Dinophyceae","Syndiniales","Amoebophryaceae","g_","s_"
"3423","ASV_3511",0.000371358105267495,-0.00346858235383058,0.000205510427570762,"ASV_3511","no_hit","no_hit","no_hit","no_hit","no_hit","no_hit","s_"
"3424","ASV_3512",0.000158868783593821,-0.00913375885908519,0.00289094051617345,"ASV_3512","no_hit","unknown","Polycystinea","no_hit","no_hit","no_hit","no_hit"
"3425","ASV_3513",-0.000521042166366727,-0.00951526019321752,0.00477530672987257,"ASV_3513","no_hit","no_hit","no_hit","no_hit","no_hit","no_hit","no_hit"
"3426","ASV_3514",-0.00214612332235591,-0.00430395742066874,0.00122101848599407,"ASV_3514","no_hit","unknown","unknown","unknown","unknown","unknown","s_"
"3427","ASV_3515",-0.003082782413463,0.00624777995129774,0.000831964966539985,"ASV_3515","no_hit","no_hit","no_hit","no_hit","no_hit","no_hit","no_hit"
"3428","ASV_3516",-0.00492034724290219,-0.00595660371069681,0.00419995950082995,"ASV_3516","no_hit","Euglenozoa","unknown","Diplonemea","unknown","unknown","Diplonemida sp. 1sb RG-2016"
"3429","ASV_3517",-0.00289675069307842,0.00365437166959379,0.000145485105076918,"ASV_3517","no_hit","unknown","Bigyra","Nanomonadea","unknown","Solenicola","Solenicola setigera"
"3430","ASV_3518",0.0020427650101481,0.000120301331596229,0.000562204936339956,"ASV_3518","no_hit","Dinophyceae","Dinophyceae","Prorocentrales","Prorocentraceae","g_","s_"
"3431","ASV_3519",0.000376402974585512,0.00221433089201217,-0.00237424726754133,"ASV_3519","no_hit","Dinophyceae","Dinophyceae","Coccidiniales","Chytriodiniaceae","g_","s_"
"3432","ASV_3520",-0.00816062774313366,-0.0077502312038283,0.00627383206379633,"ASV_3520","no_hit","no_hit","no_hit","no_hit","no_hit","g_","s_"
"3433","ASV_3521",-0.0106684402976943,0.00914122514539468,-0.00142743264085986,"ASV_3521","no_hit","no_hit","no_hit","no_hit","no_hit","g_","s_"
"3434","ASV_3522",-0.000333442741307566,-0.000892425092411177,0.000727765451664095,"ASV_3522","no_hit","Dinophyceae","Dinophyceae","no_hit","no_hit","no_hit","no_hit"
"3435","ASV_3523",-0.000971372412782634,-0.00976708761051836,0.00665911195395796,"ASV_3523","no_hit","Dinophyceae","Dinophyceae","Syndiniales","Amoebophryaceae","g_","s_"
"3436","ASV_3524",0.000296382462942649,-0.00339742675297257,0.000166954703821312,"ASV_3524","no_hit","Dinophyceae","Dinophyceae","Syndiniales","no_hit","g_","s_"
"3437","ASV_3526",-0.00469046014615001,-0.013638569040337,0.00798510416949421,"ASV_3526","no_hit","no_hit","no_hit","no_hit","no_hit","no_hit","no_hit"
"3438","ASV_3527",-0.00125581804332997,0.00267986523656174,0.00031964422394713,"ASV_3527","no_hit","Dinophyceae","Dinophyceae","Syndiniales","Amoebophryaceae","Amoebophrya","no_hit"
"3439","ASV_3528",-0.00190649879072226,-0.0145799543866319,0.00597011927897001,"ASV_3528","no_hit","Dinophyceae","Dinophyceae","no_hit","no_hit","no_hit","no_hit"
"3440","ASV_3529",-0.0124757357429627,0.00507313849948148,0.00182116086633776,"ASV_3529","no_hit","no_hit","no_hit","no_hit","no_hit","no_hit","s_"
"3441","ASV_3530",0.000139250997986696,-0.00520849908155905,0.00112669518895805,"ASV_3530","no_hit","Dinophyceae","Dinophyceae","Syndiniales","no_hit","g_","s_"
"3442","ASV_3531",-0.00451113809596367,-0.00206251944521861,0.00296759619954299,"ASV_3531","no_hit","Ciliophora","no_hit","no_hit","no_hit","g_","s_"
"3443","ASV_3532",0.00371642963651609,0.000988312911272983,0.00187510854935083,"ASV_3532","no_hit","Dinophyceae","Dinophyceae","Peridiniales","Protoperidiniaceae","g_","s_"
"3444","ASV_3533",-0.00178166178291345,-0.0130563280561286,0.00530442857777286,"ASV_3533","no_hit","Euglenozoa","unknown","Diplonemea","unknown","unknown","s_"
"3445","ASV_3534",-0.0108625575868272,0.00519113450738541,0.00238051327906283,"ASV_3534","Viridiplantae","Chlorophyta","Nephroselmidophyceae","Nephroselmidales","Nephroselmidaceae","g_","s_"
"3446","ASV_3535",-0.0100212697208773,0.0104898914335006,0.00513207202778782,"ASV_3535","no_hit","unknown","unknown","unknown","unknown","unknown","uncultured marine picoeukaryote"
"3447","ASV_3536",0.0015903059473598,0.000369413500230637,-0.00212003388940404,"ASV_3536","Metazoa","Arthropoda","Hexanauplia","Calanoida","Calanidae","g_","s_"
"3448","ASV_3538",-0.00758082694546944,0.00069227377763285,0.00333926461818543,"ASV_3538","no_hit","no_hit","no_hit","no_hit","no_hit","g_","s_"
"3449","ASV_3539",0.00862279905741049,0.00329214737383458,0.0119498802402873,"ASV_3539","no_hit","Dinophyceae","Dinophyceae","no_hit","no_hit","no_hit","no_hit"
"3450","ASV_3540",-0.00235596294311458,-0.00716835557950238,0.0055317162358527,"ASV_3540","no_hit","no_hit","no_hit","no_hit","no_hit","g_","s_"
"3451","ASV_3541",0.00725152312855954,0.00439788558037798,0.00662624712989456,"ASV_3541","no_hit","Bacillariophyta","Bacillariophyceae","Bacillariales","Bacillariaceae","Pseudo-nitzschia","no_hit"
"3452","ASV_3542",0.000984623423383719,0.00181163183653686,-0.00262900983320964,"ASV_3542","no_hit","Ciliophora","Oligohymenophorea","Philasterida","Loxocephalidae","g_","s_"
"3453","ASV_3543",-0.00315901610552467,-0.0170816379665838,0.00743776079095085,"ASV_3543","no_hit","Euglenozoa","unknown","Diplonemea","unknown","g_","s_"
"3454","ASV_3544",-0.000716426010212902,-0.00608601786819161,0.00188696449298451,"ASV_3544","no_hit","no_hit","no_hit","no_hit","no_hit","g_","s_"
"3455","ASV_3546",-0.00205208387572398,-0.00499539822487542,0.00160497655246553,"ASV_3546","no_hit","unknown","unknown","unknown","unknown","unknown","s_"
"3456","ASV_3547",-0.00234650126434196,-0.00184224814651286,0.00140726432089744,"ASV_3547","no_hit","no_hit","no_hit","no_hit","no_hit","no_hit","no_hit"
"3457","ASV_3548",-0.00323516933103388,0.00577620371967379,0.00136101793170587,"ASV_3548","no_hit","unknown","Acantharea","Arthracanthida","Acanthometridae","g_","s_"
"3458","ASV_3549",-0.000167390528168619,-0.0078385403491805,0.00233952091610673,"ASV_3549","no_hit","unknown","unknown","unknown","unknown","g_","s_"
"3459","ASV_3550",-0.00151168938176217,-0.00411733386224293,0.00177362697638373,"ASV_3550","no_hit","unknown","Polycystinea","Spumellaria","Rhizosphaeridae","g_","s_"
"3460","ASV_3551",0.00253035513167174,-0.00484678696112283,0.00486513681617037,"ASV_3551","no_hit","Dinophyceae","Dinophyceae","Syndiniales","Amoebophryaceae","g_","s_"
"3461","ASV_3552",-0.00772690098451008,0.00752791293846836,-0.000295150594861025,"ASV_3552","no_hit","Dinophyceae","Dinophyceae","Syndiniales","no_hit","g_","s_"
"3462","ASV_3553",-0.0138868057570341,0.00823310811015734,0.00231757869215558,"ASV_3553","no_hit","unknown","unknown","unknown","unknown","g_","s_"
"3463","ASV_3554",-0.00124904497969933,-0.0121920369484274,0.00455843167553978,"ASV_3554","no_hit","no_hit","no_hit","no_hit","no_hit","g_","s_"
"3464","ASV_3555",-0.0129741519072485,0.0105461657347855,-0.00159561882670417,"ASV_3555","no_hit","no_hit","no_hit","no_hit","no_hit","g_","s_"
"3465","ASV_3556",-0.00857477857486585,0.00713070322591843,-0.00147421911624676,"ASV_3556","Metazoa","Hemichordata","Enteropneusta","no_hit","no_hit","g_","s_"
"3466","ASV_3557",0.00144761507189533,0.00280921615606206,-0.00118611202606427,"ASV_3557","no_hit","Ciliophora","Prostomatea","Prorodontida","Colepidae","Tiarina","no_hit"
"3467","ASV_3558",0.000506662715875702,0.00151378066970729,-0.00201708977000582,"ASV_3558","no_hit","Dinophyceae","Dinophyceae","no_hit","no_hit","no_hit","no_hit"
"3468","ASV_3559",0.00205542109926451,0.00868594916477474,0.00655389237310174,"ASV_3559","no_hit","Dinophyceae","Dinophyceae","Peridiniales","Protoperidiniaceae","g_","s_"
"3469","ASV_3560",-0.00741817172907963,0.00664094578368859,-0.00056608511199043,"ASV_3560","no_hit","unknown","unknown","unknown","unknown","g_","s_"
"3470","ASV_3561",-0.00686889843526151,-0.0092064944174949,0.00676244630568369,"ASV_3561","no_hit","Dinophyceae","Dinophyceae","Syndiniales","Amoebophryaceae","g_","s_"
"3471","ASV_3562",-0.0019209168518243,0.00388785160344444,0.00393172010143527,"ASV_3562","no_hit","no_hit","no_hit","no_hit","no_hit","g_","s_"
"3472","ASV_3563",-0.000698387724459279,0.00422813647111113,0.00471202476336955,"ASV_3563","no_hit","Dinophyceae","Dinophyceae","Syndiniales","Amoebophryaceae","Amoebophrya","s_"
"3473","ASV_3564",0.00446039513248993,0.00452759323123522,0.00657044297744416,"ASV_3564","no_hit","Dinophyceae","Dinophyceae","Syndiniales","Amoebophryaceae","g_","s_"
"3474","ASV_3565",-0.0148759241408629,0.0017966533410937,0.00530893419971429,"ASV_3565","no_hit","Haptophyta","no_hit","no_hit","no_hit","no_hit","s_"
"3475","ASV_3566",-0.0106108246956507,0.00610317774307338,-0.000131328568549467,"ASV_3566","no_hit","Cercozoa","no_hit","no_hit","no_hit","no_hit","no_hit"
"3476","ASV_3567",0.000114743446692115,-0.000596715314846755,-0.00108729199457676,"ASV_3567","no_hit","no_hit","no_hit","no_hit","no_hit","no_hit","s_"
"3477","ASV_3568",0.000160544548459972,-0.00463697099978961,0.00061991618562852,"ASV_3568","no_hit","unknown","Polycystinea","no_hit","no_hit","no_hit","no_hit"
"3478","ASV_3569",-0.000162813991352464,-0.00185501297346383,0.00766593533320343,"ASV_3569","no_hit","no_hit","no_hit","no_hit","no_hit","no_hit","no_hit"
"3479","ASV_3570",-0.00675061741104217,0.00209624912366089,0.00332250154532095,"ASV_3570","no_hit","unknown","Bigyra","Thraustochytrida","Thraustochytriaceae","g_","s_"
"3480","ASV_3571",-0.0118960512202683,0.0128989467424511,0.00121765139139033,"ASV_3571","no_hit","Bacillariophyta","Coscinodiscophyceae","Melosirales","Stephanopyxidaceae","g_","s_"
"3481","ASV_3572",-0.00175455997320126,-0.0034706905540888,0.00317095808726838,"ASV_3572","no_hit","unknown","Bigyra","no_hit","no_hit","g_","s_"
"3482","ASV_3573",-0.00864391998295156,-0.00128109313374392,0.00570671747472316,"ASV_3573","no_hit","unknown","Bigyra","Thraustochytrida","Thraustochytriaceae","Labyrinthulochytrium","Labyrinthulochytrium arktikum"
"3483","ASV_3574",-0.00397996887459027,-0.00015463651909432,0.00272995618133148,"ASV_3574","Viridiplantae","Chlorophyta","Pyramimonadophyceae","Pyramimonadales","Pyramimonadaceae","Pterosperma","Pterosperma cristatum"
"3484","ASV_3575",0.000830069636582222,-0.00110543964895891,-0.00121375831463105,"ASV_3575","no_hit","no_hit","no_hit","no_hit","no_hit","g_","s_"
"3485","ASV_3576",0.000535787193729571,-0.00210188579963573,0.00511531132712611,"ASV_3576","no_hit","unknown","unknown","unknown","unknown","g_","s_"
"3486","ASV_3577",-0.00208348325751152,-0.00197086556671302,0.00341104227478234,"ASV_3577","Metazoa","Chordata","Thaliacea","Pyrosomata","Pyrosomatidae","Pyrosoma","Pyrosoma atlanticum"
"3487","ASV_3578",-0.000750001651000016,-0.011124878598487,0.00420886720463129,"ASV_3578","no_hit","unknown","unknown","unknown","unknown","g_","s_"
"3488","ASV_3579",-0.00265044470343653,-0.0157616280401289,0.00638905653634743,"ASV_3579","no_hit","unknown","Synurophyceae","Synurales","Mallomonadaceae","Synura","s_"
"3489","ASV_3580",0.00865030347750707,0.00324405090928396,0.00996059082901689,"ASV_3580","no_hit","unknown","unknown","unknown","unknown","g_","s_"
"3490","ASV_3581",0.000435818893616597,-0.0111792137569117,0.00357408418150307,"ASV_3581","no_hit","Dinophyceae","Dinophyceae","Syndiniales","Amoebophryaceae","g_","s_"
"3491","ASV_3582",0.00404501651363279,0.00248506153490816,0.0053050677135899,"ASV_3582","no_hit","Bacillariophyta","Coscinodiscophyceae","Rhizosoleniales","Rhizosoleniaceae","Neocalyptrella","Neocalyptrella robusta"
"3492","ASV_3583",0.000288269708758574,6.50472129374919e-05,-0.00127213035611937,"ASV_3583","no_hit","Ciliophora","Spirotrichea","Tintinnida","Tintinnidae","g_","s_"
"3493","ASV_3584",0.00459191126111685,0.00530551539834212,0.00706543332874359,"ASV_3584","no_hit","unknown","unknown","unknown","unknown","g_","s_"
"3494","ASV_3585",0.00192844481870879,0.00248289615771207,-0.00263375876971176,"ASV_3585","no_hit","Dinophyceae","Dinophyceae","Gonyaulacales","Goniodomataceae","g_","s_"
"3495","ASV_3586",-0.00297511183138516,-0.0120242301547776,0.00483150571117991,"ASV_3586","no_hit","no_hit","no_hit","no_hit","no_hit","no_hit","no_hit"
"3496","ASV_3587",0.000353185361829553,0.000553874682506269,-0.001489044772439,"ASV_3587","no_hit","Euglenozoa","unknown","Diplonemea","unknown","g_","s_"
"3497","ASV_3588",-0.000291369801906405,-0.00530982834933052,0.00144956902032972,"ASV_3588","no_hit","Dinophyceae","Dinophyceae","Syndiniales","no_hit","no_hit","s_"
"3498","ASV_3589",0.000327382212183432,-0.00954172757472636,0.00283191976698197,"ASV_3589","no_hit","Dinophyceae","Dinophyceae","no_hit","no_hit","no_hit","no_hit"
"3499","ASV_3590",0.0110027607725378,0.00469862456892408,0.00949291687239889,"ASV_3590","no_hit","Dinophyceae","Dinophyceae","Prorocentrales","Prorocentraceae","Prorocentrum","Prorocentrum triestinum"
"3500","ASV_3591",-0.00417246648502989,-0.00644710795238812,0.00485416216592358,"ASV_3591","no_hit","Dinophyceae","Dinophyceae","no_hit","no_hit","no_hit","no_hit"
"3501","ASV_3592",0.000536069235321856,-0.000936790367527625,-0.00115813173046259,"ASV_3592","no_hit","Dinophyceae","Dinophyceae","Syndiniales","Amoebophryaceae","Amoebophrya","s_"
"3502","ASV_3593",-0.00132638735536154,-0.0138059085009304,0.00570257261087981,"ASV_3593","no_hit","Haptophyta","no_hit","no_hit","no_hit","g_","s_"
"3503","ASV_3594",-0.00994059722756711,-0.0151929348170977,0.00899026149504508,"ASV_3594","no_hit","Euglenozoa","unknown","Diplonemea","no_hit","no_hit","s_"
"3504","ASV_3595",0.000790107782566087,-0.00159227446610875,-0.000679110780613691,"ASV_3595","no_hit","unknown","unknown","unknown","unknown","g_","s_"
"3505","ASV_3596",-0.00222306179418137,-0.00313201589184303,0.00123352191049442,"ASV_3596","no_hit","unknown","unknown","unknown","unknown","g_","s_"
"3506","ASV_3597",-0.0011743439938819,-0.000495984543739258,0.00399632520668875,"ASV_3597","no_hit","Dinophyceae","Dinophyceae","Syndiniales","Amoebophryaceae","g_","s_"
"3507","ASV_3598",-0.00684090267161008,-0.0112196143672846,0.00621156156718634,"ASV_3598","no_hit","Dinophyceae","Dinophyceae","Syndiniales","Amoebophryaceae","g_","s_"
"3508","ASV_3599",-0.013413354715315,0.00660923462386378,0.000276601266785705,"ASV_3599","Fungi","Mucoromycota","no_hit","no_hit","no_hit","g_","s_"
"3509","ASV_3600",0.00122404151172163,0.00321830869453725,-0.00305456303876149,"ASV_3600","no_hit","Dinophyceae","Dinophyceae","unknown","unknown","g_","s_"
"3510","ASV_3601",0.004766467954583,5.05895623400765e-05,0.00592795199877637,"ASV_3601","no_hit","Dinophyceae","Dinophyceae","Peridiniales","Protoperidiniaceae","g_","s_"
"3511","ASV_3602",-0.0100250823325187,0.00840979536666594,-0.00128650026600741,"ASV_3602","Metazoa","Cnidaria","Hydrozoa","Leptothecata","no_hit","no_hit","s_"
"3512","ASV_3603",0.000151041487438128,-0.00458473899886364,0.000742479085146198,"ASV_3603","no_hit","no_hit","no_hit","no_hit","no_hit","no_hit","no_hit"
"3513","ASV_3604",0.00129529896375657,0.000774956453867874,-0.00210757504182213,"ASV_3604","no_hit","Dinophyceae","Dinophyceae","Syndiniales","unknown","g_","s_"
"3514","ASV_3605",-0.00487801385309503,0.00161731658091108,-0.000285672035361404,"ASV_3605","no_hit","Ciliophora","Spirotrichea","Tintinnida","no_hit","g_","s_"
"3515","ASV_3606",-0.00268310161820576,-0.00974792110427444,0.00480387936593024,"ASV_3606","no_hit","unknown","unknown","unknown","unknown","g_","s_"
"3516","ASV_3607",0.000662335426676257,-0.00072682981705972,-0.00176603907194782,"ASV_3607","no_hit","Dinophyceae","Dinophyceae","Gymnodiniales","Warnowiaceae","Proterythropsis","no_hit"
"3517","ASV_3608",-0.00144828410062239,-0.00767883057597694,0.00288656844502184,"ASV_3608","no_hit","Dinophyceae","Dinophyceae","Peridiniales","Peridiniaceae","g_","s_"
"3518","ASV_3609",0.00184253572441746,-0.000150282781382577,0.000194663131973023,"ASV_3609","no_hit","Oomycota","unknown","Lagenidiales","Haliphthoraceae","Haliphthoros","s_"
"3519","ASV_3610",-0.00487436312737263,-0.00179761018235515,0.00476638888496707,"ASV_3610","no_hit","Haptophyta","unknown","Prymnesiales","Prymnesiaceae","no_hit","no_hit"
"3520","ASV_3611",-0.00716638570576528,-0.00486667235265064,0.00448374343621054,"ASV_3611","no_hit","unknown","unknown","unknown","unknown","g_","s_"
"3521","ASV_3612",0.000333226901903238,-0.00953835392849808,0.00284402022113942,"ASV_3612","no_hit","unknown","unknown","unknown","unknown","g_","s_"
"3522","ASV_3613",-0.00240453128595083,-0.00275864571820397,0.00354627945700275,"ASV_3613","no_hit","Dinophyceae","Dinophyceae","Syndiniales","Amoebophryaceae","g_","s_"
"3523","ASV_3614",-0.00762344987275717,0.00391580128510004,0.00521746544224372,"ASV_3614","no_hit","Dinophyceae","Dinophyceae","Syndiniales","no_hit","g_","s_"
"3524","ASV_3615",0.00129511433585973,0.00518854524338522,0.00351607898057689,"ASV_3615","no_hit","unknown","unknown","unknown","unknown","unknown","uncultured marine eukaryote"
"3525","ASV_3616",-0.00858406465314462,0.00488614453773321,0.00180416647538918,"ASV_3616","no_hit","Cercozoa","no_hit","no_hit","no_hit","g_","s_"
"3526","ASV_3617",-0.00213210319957425,-0.0120161647485392,0.00464069479950957,"ASV_3617","no_hit","Dinophyceae","Dinophyceae","Syndiniales","Amoebophryaceae","Amoebophrya","s_"
"3527","ASV_3618",0.00182610058538834,0.000884265573245689,0.000522761901036866,"ASV_3618","no_hit","Dinophyceae","Dinophyceae","Thoracosphaerales","Thoracosphaeraceae","Calciodinellum","Calciodinellum operosum"
"3528","ASV_3619",0.00592995890071546,0.0118635977892503,0.0141031594253926,"ASV_3619","no_hit","Dinophyceae","Dinophyceae","no_hit","no_hit","no_hit","no_hit"
"3529","ASV_3620",-0.00142829752166458,-0.0109418994046665,0.00397051593170299,"ASV_3620","no_hit","Dinophyceae","Dinophyceae","Gymnodiniales","Kareniaceae","Takayama","s_"
"3530","ASV_3621",0.00216614261790029,-0.00141491366277388,-0.00145256406355097,"ASV_3621","no_hit","unknown","unknown","unknown","unknown","unknown","uncultured marine picoeukaryote"
"3531","ASV_3622",-0.000842468142806896,-0.00443184779595845,0.00100917500898572,"ASV_3622","no_hit","no_hit","no_hit","no_hit","no_hit","no_hit","no_hit"
"3532","ASV_3623",-0.00618795398399058,-0.00887352786218078,0.0053267240203715,"ASV_3623","no_hit","unknown","unknown","unknown","unknown","unknown","uncultured marine eukaryote"
"3533","ASV_3624",0.000701693661059018,0.0025004150119896,-0.002496150014088,"ASV_3624","no_hit","Dinophyceae","Dinophyceae","no_hit","no_hit","g_","s_"
"3534","ASV_3625",-0.00245115335474423,-0.00541028679849485,0.00191931178361777,"ASV_3625","no_hit","Dinophyceae","Dinophyceae","Gymnodiniales","Kareniaceae","g_","s_"
"3535","ASV_3626",0.000648529043490866,7.04745569721188e-06,-0.00142362328540661,"ASV_3626","no_hit","Dinophyceae","Dinophyceae","Syndiniales","no_hit","no_hit","no_hit"
"3536","ASV_3627",-0.00223521509312095,-0.0106215156462475,0.00386073151107581,"ASV_3627","no_hit","Dinophyceae","Dinophyceae","no_hit","no_hit","no_hit","no_hit"
"3537","ASV_3628",-0.00130676928261456,-0.00870113314426972,0.00287439290269073,"ASV_3628","no_hit","Dinophyceae","Dinophyceae","Suessiales","Suessiaceae","g_","s_"
"3538","ASV_3629",-0.00162366092970355,-0.00256557935858056,0.00102834566790561,"ASV_3629","no_hit","no_hit","no_hit","no_hit","no_hit","g_","s_"
"3539","ASV_3630",-0.0076760537973658,-0.00175347555726977,0.00759440311791651,"ASV_3630","Viridiplantae","Chlorophyta","Nephroselmidophyceae","Nephroselmidales","Nephroselmidaceae","g_","s_"
"3540","ASV_3631",-0.006170773206395,-0.00645443121284426,0.00490133939998481,"ASV_3631","no_hit","Dinophyceae","Dinophyceae","Blastodiniales","unknown","Blastodinium","Blastodinium mangini"
"3541","ASV_3632",0.000629104274038,-0.0014354592443974,-0.000710561725210089,"ASV_3632","no_hit","no_hit","no_hit","no_hit","no_hit","no_hit","no_hit"
"3542","ASV_3633",-0.00187916099085733,-0.00437777779768303,0.00155098249188179,"ASV_3633","no_hit","Dinophyceae","Dinophyceae","Blastodiniales","unknown","Blastodinium","Blastodinium mangini"
"3543","ASV_3634",-0.011546286658726,0.00943849930391982,-0.000699297891830805,"ASV_3634","no_hit","Dinophyceae","Dinophyceae","Syndiniales","Amoebophryaceae","Amoebophrya","s_"
"3544","ASV_3635",-0.00706888514314176,-0.00695767984339982,0.00592172695705661,"ASV_3635","no_hit","Dinophyceae","Dinophyceae","no_hit","no_hit","no_hit","s_"
"3545","ASV_3636",-0.0108803355613879,0.010772609000124,0.000183833227156995,"ASV_3636","no_hit","Dinophyceae","Dinophyceae","Syndiniales","no_hit","g_","s_"
"3546","ASV_3637",-0.00110632226512501,-0.0139916438706462,0.00491005392884879,"ASV_3637","no_hit","no_hit","no_hit","no_hit","no_hit","no_hit","no_hit"
"3547","ASV_3638",0.00289027280556936,0.000331056049435223,0.00669062845805786,"ASV_3638","no_hit","Dinophyceae","Dinophyceae","Syndiniales","no_hit","no_hit","no_hit"
"3548","ASV_3639",7.25375816704226e-05,8.30755472821555e-05,-0.00128809882843505,"ASV_3639","Metazoa","Arthropoda","Hexanauplia","Calanoida","Clausocalanidae","Clausocalanus","no_hit"
"3549","ASV_3640",0.00131647320934425,0.00131277315613808,0.00301913569438938,"ASV_3640","no_hit","unknown","Cryptophyceae","Cryptomonadales","Hemiselmidaceae","Hemiselmis","Hemiselmis cryptochromatica"
"3550","ASV_3641",0.00327201927135726,0.00343350441495616,0.00454462725324781,"ASV_3641","Metazoa","Chordata","Appendicularia","Copelata","Fritillariidae","Fritillaria <tunicates>","Fritillaria borealis"
"3551","ASV_3642",-0.00483881584373579,-0.000729105600882412,0.000606766997237049,"ASV_3642","no_hit","Dinophyceae","Dinophyceae","Syndiniales","Amoebophryaceae","g_","s_"
"3552","ASV_3643",0.00070135225931443,0.00497945121439254,0.00535194308029262,"ASV_3643","no_hit","Dinophyceae","Dinophyceae","Peridiniales","Protoperidiniaceae","g_","s_"
"3553","ASV_3644",-0.000986415480562022,-0.00661860057792411,0.00180436286345436,"ASV_3644","no_hit","Dinophyceae","Dinophyceae","Syndiniales","Amoebophryaceae","g_","s_"
"3554","ASV_3645",-0.00700032528260392,0.00724092561703316,0.00181537598006915,"ASV_3645","no_hit","unknown","unknown","unknown","unknown","unknown","eukaryote clone OLI11261"
"3555","ASV_3646",0.000251619861416979,-0.0101999267548675,0.00320105061744218,"ASV_3646","no_hit","Dinophyceae","Dinophyceae","Syndiniales","Duboscquellidae","Duboscquella","s_"
"3556","ASV_3647",0.00106111496522764,-6.84027091027312e-06,-0.000774170789968755,"ASV_3647","no_hit","Dinophyceae","Dinophyceae","Syndiniales","Amoebophryaceae","Amoebophrya","no_hit"
"3557","ASV_3648",-0.00341845980221838,0.00783462441356496,0.00694091528133943,"ASV_3648","no_hit","Bacillariophyta","Coscinodiscophyceae","Stephanodiscales","Stephanodiscaceae","Cyclotella","Cyclotella striata"
"3558","ASV_3649",0.00544087460270559,0.00419782669515847,0.00525463436574212,"ASV_3649","no_hit","Bacillariophyta","Coscinodiscophyceae","Chaetocerotales","Chaetocerotaceae","Chaetoceros","s_"
"3559","ASV_3650",-0.00300225890474629,0.0049513252542059,0.00101726514952389,"ASV_3650","Viridiplantae","Chlorophyta","Pyramimonadophyceae","Pyramimonadales","Pyramimonadaceae","Pterosperma","Pterosperma cristatum"
"3560","ASV_3651",-0.00437834308870796,-0.0102589984066896,0.00540897652801614,"ASV_3651","no_hit","Dinophyceae","Dinophyceae","Syndiniales","Syndiniaceae","g_","s_"
"3561","ASV_3652",0.00110517640812232,0.000638043604072347,0.00167859450958944,"ASV_3652","no_hit","Dinophyceae","Dinophyceae","Syndiniales","Amoebophryaceae","g_","s_"
"3562","ASV_3653",0.000731991895134494,-0.00212080690959298,-0.000419269494076451,"ASV_3653","no_hit","Dinophyceae","Dinophyceae","Syndiniales","no_hit","no_hit","s_"
"3563","ASV_3654",0.00538027312999347,-0.00227342964378266,0.00824731055356345,"ASV_3654","no_hit","unknown","unknown","unknown","unknown","g_","s_"
"3564","ASV_3655",-0.00882281247155471,0.00811914553093899,0.00314897733654664,"ASV_3655","no_hit","unknown","unknown","unknown","unknown","unknown","uncultured marine eukaryote"
"3565","ASV_3656",-0.00109429526988919,-0.00398619804036956,0.00366427686833336,"ASV_3656","no_hit","unknown","Phaeophyceae","Ascoseirales","unknown","g_","s_"
"3566","ASV_3657",-0.00505905605719706,-0.00306339036238519,0.00245193772453971,"ASV_3657","Metazoa","Chordata","Appendicularia","Copelata","Oikopleuridae","Oikopleura","s_"
"3567","ASV_3658",-0.00284491737402547,-0.00180214819585234,0.000666975110449581,"ASV_3658","no_hit","Dinophyceae","Dinophyceae","Syndiniales","Amoebophryaceae","Amoebophrya","s_"
"3568","ASV_3659",0.00755061643221124,-0.00148207466647422,0.00924384578767343,"ASV_3659","no_hit","Dinophyceae","Dinophyceae","no_hit","no_hit","no_hit","s_"
"3569","ASV_3660",-0.00190951201196805,-0.0175121516315931,0.00670405447786967,"ASV_3660","no_hit","Dinophyceae","Dinophyceae","Syndiniales","no_hit","no_hit","no_hit"
"3570","ASV_3661",0.000645240856130537,-0.000735122199664349,-0.00108645845535226,"ASV_3661","no_hit","no_hit","no_hit","no_hit","no_hit","no_hit","no_hit"
"3571","ASV_3662",0.000701472065066986,-0.000729017534653109,-0.00108676252581777,"ASV_3662","no_hit","Dinophyceae","Dinophyceae","Syndiniales","Amoebophryaceae","g_","s_"
"3572","ASV_3663",-0.00486330999274896,-0.00368769315621955,0.00294377766352646,"ASV_3663","no_hit","Dinophyceae","Dinophyceae","no_hit","no_hit","no_hit","s_"
"3573","ASV_3664",-0.000266518029562568,-0.00893776002392482,0.00429029596467688,"ASV_3664","no_hit","Cercozoa","unknown","Cercomonadida","Cercomonadidae","g_","s_"
"3574","ASV_3665",-0.0014901504864277,-0.00244514594676861,0.00543049934681299,"ASV_3665","Viridiplantae","Chlorophyta","Mamiellophyceae","Dolichomastigales","Crustomastigaceae","g_","s_"
"3575","ASV_3666",0.000189119509647047,-0.0060917287238348,0.00143064611289082,"ASV_3666","Metazoa","Annelida","Polychaeta","Phyllodocida","Typhloscolecidae","Typhloscolex","no_hit"
"3576","ASV_3667",0.000438183408445964,-0.00151764201141695,-0.000578681129519978,"ASV_3667","no_hit","Dinophyceae","Dinophyceae","no_hit","no_hit","g_","s_"
"3577","ASV_3668",0.00048436667252216,0.0034164603068908,-0.00292198475632791,"ASV_3668","no_hit","Dinophyceae","Dinophyceae","no_hit","no_hit","g_","s_"
"3578","ASV_3669",0.000668387657337592,-0.000527936768953702,-0.00114982058441945,"ASV_3669","no_hit","no_hit","no_hit","no_hit","no_hit","no_hit","no_hit"
"3579","ASV_3670",-0.0013845295061509,-0.0090948434466136,0.00340118074858748,"ASV_3670","no_hit","Ciliophora","Spirotrichea","Tintinnida","Tintinnidae","Salpingella","Salpingella acuminata"
"3580","ASV_3671",-0.00167119598089072,-0.00699341725299563,0.00292044381006286,"ASV_3671","no_hit","Euglenozoa","unknown","Diplonemea","unknown","g_","s_"
"3581","ASV_3672",-0.00505240998055649,-0.00990645595944964,0.00675546103929056,"ASV_3672","no_hit","unknown","Bigyra","Nanomonadea","unknown","Solenicola","s_"
"3582","ASV_3673",-0.00775991322603578,0.000723539614628963,0.00141867888363109,"ASV_3673","no_hit","unknown","Bigyra","Thraustochytrida","Thraustochytriaceae","g_","s_"
"3583","ASV_3674",0.00605722199106374,0.00299682768690485,0.00466161834460816,"ASV_3674","no_hit","Dinophyceae","Dinophyceae","Peridiniales","Protoperidiniaceae","g_","s_"
"3584","ASV_3675",-0.00659022159221488,-0.00584530337619057,0.00427782579319052,"ASV_3675","no_hit","unknown","Cryptophyceae","Cyathomonadacea","Goniomonadaceae","Goniomonas","s_"
"3585","ASV_3676",-0.000582203418158589,-0.00953172139819754,0.00304782816195957,"ASV_3676","no_hit","Euglenozoa","unknown","Diplonemea","unknown","g_","s_"
"3586","ASV_3677",-0.00715136624541849,-0.000448874362975061,0.00288949435506576,"ASV_3677","no_hit","Haptophyta","unknown","Prymnesiales","Prymnesiaceae","no_hit","no_hit"
"3587","ASV_3678",0.0054275147430008,0.00265767921456938,0.00359677086121231,"ASV_3678","no_hit","Dinophyceae","Dinophyceae","Dinophysiales","Dinophysiaceae","Dinophysis","Dinophysis acuminata"
"3588","ASV_3679",-0.0124648323932892,0.00162267185222463,0.00284049313280022,"ASV_3679","no_hit","unknown","unknown","unknown","unknown","unknown","s_"
"3589","ASV_3680",0.001527737195565,0.00307961993533463,0.00546879614578805,"ASV_3680","no_hit","Dinophyceae","Dinophyceae","Syndiniales","Amoebophryaceae","Amoebophrya","no_hit"
"3590","ASV_3681",-0.00120091067500563,-0.000541571828139437,0.00195308150632318,"ASV_3681","no_hit","Dinophyceae","Dinophyceae","unknown","unknown","g_","s_"
"3591","ASV_3682",-0.00952556389410071,0.00199781519519462,0.00169201856265652,"ASV_3682","no_hit","unknown","Acantharea","Chaunacanthida","no_hit","g_","s_"
"3592","ASV_3683",-0.000784464304045581,-0.00726725009485724,0.00256821482314816,"ASV_3683","no_hit","no_hit","no_hit","no_hit","no_hit","no_hit","no_hit"
"3593","ASV_3684",-0.00249265387128457,-0.0141919306398121,0.0059394819693632,"ASV_3684","no_hit","unknown","unknown","unknown","unknown","unknown","uncultured marine eukaryote"
"3594","ASV_3685",-0.00832787848604485,0.00786437804780091,0.00098228204847211,"ASV_3685","no_hit","Dinophyceae","Dinophyceae","Syndiniales","Amoebophryaceae","g_","s_"
"3595","ASV_3686",-0.00241343226151817,-0.00751487862034391,0.00295553846763752,"ASV_3686","no_hit","unknown","Polycystinea","Nassellaria","Plagoniidae","g_","s_"
"3596","ASV_3687",-0.00162056810457016,-0.0057405831293537,0.00202901838085476,"ASV_3687","no_hit","Ciliophora","Oligohymenophorea","Philasterida","Loxocephalidae","g_","s_"
"3597","ASV_3688",0.000898468556197635,0.00152204928686725,-0.00227260244902302,"ASV_3688","no_hit","no_hit","no_hit","no_hit","no_hit","g_","s_"
"3598","ASV_3689",-0.00667328145888472,-0.0107388498745106,0.00569490050294013,"ASV_3689","no_hit","Ciliophora","no_hit","no_hit","no_hit","no_hit","s_"
"3599","ASV_3690",-0.00128012106924064,-0.00231026545399217,8.91188403842228e-07,"ASV_3690","Metazoa","Chordata","Appendicularia","Copelata","Fritillariidae","Fritillaria <tunicates>","no_hit"
"3600","ASV_3691",-0.00421141291773903,0.00020843202443484,0.000803594465584839,"ASV_3691","no_hit","Dinophyceae","Dinophyceae","Syndiniales","Amoebophryaceae","Amoebophrya","s_"
"3601","ASV_3692",-0.00544174467214407,-0.00363236942037202,0.00659808799463554,"ASV_3692","no_hit","Dinophyceae","Dinophyceae","no_hit","no_hit","no_hit","no_hit"
"3602","ASV_3693",-0.00991910106315919,0.001597005433287,0.00174990471701809,"ASV_3693","no_hit","Ciliophora","Oligohymenophorea","Philasterida","Cinetochilidae","g_","s_"
"3603","ASV_3694",-0.00328767288674567,0.00939217251451757,0.00712336920493815,"ASV_3694","no_hit","unknown","Bolidophyceae","Parmales","Triparmaceae","g_","s_"
"3604","ASV_3695",0.000101384057373387,-0.00606973504795198,0.00136254401545954,"ASV_3695","no_hit","unknown","unknown","unknown","unknown","g_","s_"
"3605","ASV_3697",-0.00787951872171784,0.0071491891734071,-0.000835663500836441,"ASV_3697","unassigned","unassigned","unassigned","unassigned","unassigned","g_","s_"
"3606","ASV_3698",0.00272997045001191,-0.000979521448569317,0.00343897216065426,"ASV_3698","no_hit","no_hit","no_hit","no_hit","no_hit","g_","s_"
"3607","ASV_3699",0.00186279940710663,0.000380928963625278,-0.0024255984783008,"ASV_3699","no_hit","no_hit","no_hit","no_hit","no_hit","g_","s_"
"3608","ASV_3700",-0.00281735441360584,0.00194446120473787,0.00176291950633802,"ASV_3700","Viridiplantae","Chlorophyta","Trebouxiophyceae","no_hit","no_hit","g_","s_"
"3609","ASV_3701",0.00075887740096104,-0.00377711560142706,0.000304595043498617,"ASV_3701","no_hit","Dinophyceae","Dinophyceae","Syndiniales","Syndiniaceae","g_","s_"
"3610","ASV_3702",-0.000848359830532308,0.0065758249885797,0.00383403313616091,"ASV_3702","no_hit","no_hit","no_hit","no_hit","no_hit","g_","s_"
"3611","ASV_3703",0.000523335998828444,-0.000338531089065456,-0.00148507581040262,"ASV_3703","no_hit","Dinophyceae","Dinophyceae","Syndiniales","Amoebophryaceae","g_","s_"
"3612","ASV_3704",-0.0127119661312953,0.00744687137719824,-2.89625101070653e-05,"ASV_3704","no_hit","Foraminifera","unknown","Rotaliida","Cassidulinidae","g_","s_"
"3613","ASV_3705",-0.00462831039089231,-0.00483642643126729,0.0027531832365101,"ASV_3705","no_hit","Euglenozoa","unknown","Diplonemea","unknown","g_","s_"
"3614","ASV_3706",0.00408988454430694,0.00172135818618882,0.00353373807338433,"ASV_3706","no_hit","unknown","unknown","unknown","unknown","g_","s_"
"3615","ASV_3707",0.00116576359887432,-0.00663764977497318,0.00571452239948996,"ASV_3707","no_hit","Dinophyceae","Dinophyceae","Syndiniales","Eudubosquellidae","g_","s_"
"3616","ASV_3708",0.00668376855788658,0.00302012468956867,0.0067182754950542,"ASV_3708","no_hit","Euglenozoa","unknown","Diplonemea","Diplonemidae","g_","s_"
"3617","ASV_3709",-0.010407987129111,0.00663942588241716,-0.000164327501293709,"ASV_3709","no_hit","Tubulinea","unknown","unknown","unknown","g_","s_"
"3618","ASV_3710",-0.00647009598668436,-0.0100351906496721,0.00552368912873117,"ASV_3710","no_hit","Dinophyceae","Dinophyceae","Peridiniales","Peridiniaceae","g_","s_"
"3619","ASV_3711",-0.00263963884681549,-0.0177356537575383,0.00678019011805696,"ASV_3711","no_hit","Ciliophora","Colpodea","unknown","unknown","g_","s_"
"3620","ASV_3712",0.00863599127257911,0.00490221815257027,0.00734763925838402,"ASV_3712","no_hit","unknown","Cryptophyceae","Pyrenomonadales","Pyrenomonadaceae","g_","s_"
"3621","ASV_3713",-0.00555000792096915,-0.0103089726641952,0.00534585901288181,"ASV_3713","no_hit","no_hit","no_hit","no_hit","no_hit","g_","s_"
"3622","ASV_3714",-0.00444226561595819,-0.013686317616444,0.00714483190699574,"ASV_3714","no_hit","no_hit","no_hit","no_hit","no_hit","no_hit","no_hit"
"3623","ASV_3715",-0.00398171964383444,-0.0164574874842716,0.0074099473866299,"ASV_3715","no_hit","unknown","unknown","unknown","unknown","g_","s_"
"3624","ASV_3716",-0.00631229002668459,-0.0175585421003364,0.00888090301672085,"ASV_3716","no_hit","no_hit","no_hit","no_hit","no_hit","no_hit","no_hit"
"3625","ASV_3717",0.00190573205882138,0.000949780994727505,0.00803721684962991,"ASV_3717","no_hit","Cercozoa","no_hit","no_hit","no_hit","g_","s_"
"3626","ASV_3718",-0.000359679760096574,-0.0107089591933241,0.0034114793124315,"ASV_3718","no_hit","Dinophyceae","Dinophyceae","no_hit","no_hit","g_","s_"
"3627","ASV_3719",-0.00242514307730078,-0.0026684005746558,0.00653761687031837,"ASV_3719","no_hit","Dinophyceae","Dinophyceae","Gymnodiniales","Kareniaceae","Karlodinium","no_hit"
"3628","ASV_3720",0.000951129772131795,0.00235097393265124,-0.00252074036533375,"ASV_3720","no_hit","Euglenozoa","unknown","Diplonemea","unknown","unknown","s_"
"3629","ASV_3721",0.000716558158517959,-0.000652570405567723,0.00385217278889886,"ASV_3721","no_hit","no_hit","no_hit","no_hit","no_hit","g_","s_"
"3630","ASV_3722",-0.0020349938198886,-0.0144642173969964,0.00584459874514971,"ASV_3722","no_hit","Dinophyceae","Dinophyceae","Syndiniales","Amoebophryaceae","Amoebophrya","s_"
"3631","ASV_3723",-0.00971480175582815,0.00639711841993406,-5.67823766648968e-05,"ASV_3723","no_hit","Dinophyceae","Dinophyceae","no_hit","no_hit","no_hit","s_"
"3632","ASV_3724",-0.00187437652045098,-0.00607702878123215,0.00227516192906559,"ASV_3724","no_hit","no_hit","no_hit","no_hit","no_hit","g_","s_"
"3633","ASV_3725",-0.00220555021677515,-0.00555111646820435,0.00278769671230082,"ASV_3725","no_hit","unknown","unknown","unknown","unknown","unknown","eukaryote clone OLI11012"
"3634","ASV_3726",-0.00425755727146682,0.00701670252581276,0.00851098515544167,"ASV_3726","no_hit","Dinophyceae","Dinophyceae","Gymnodiniales","Warnowiaceae","no_hit","no_hit"
"3635","ASV_3727",-0.00640034615777337,0.00314160790417456,0.00224558135283401,"ASV_3727","no_hit","Dinophyceae","Dinophyceae","no_hit","no_hit","no_hit","no_hit"
"3636","ASV_3728",2.48333920179862e-05,-0.00299344306628347,0.000310905882011048,"ASV_3728","no_hit","Dinophyceae","Dinophyceae","no_hit","no_hit","no_hit","s_"
"3637","ASV_3729",0.000298836452904762,-0.000447937570000252,-0.000681737381146045,"ASV_3729","no_hit","unknown","Polycystinea","no_hit","no_hit","no_hit","no_hit"
"3638","ASV_3730",0.00238134024709286,0.00124886003750663,0.0046361277855531,"ASV_3730","no_hit","Dinophyceae","Dinophyceae","Peridiniales","Protoperidiniaceae","Protoperidinium","s_"
"3639","ASV_3732",-0.00156475130864485,0.00173438935727988,-0.00144984448210791,"ASV_3732","no_hit","Euglenozoa","unknown","Diplonemea","unknown","unknown","s_"
"3640","ASV_3733",-0.0118143387451333,0.0100984430871443,-0.00152273311922916,"ASV_3733","no_hit","Dinophyceae","Dinophyceae","Syndiniales","no_hit","no_hit","no_hit"
"3641","ASV_3734",-0.000126539535266706,-0.00591156627545294,0.00137101407333986,"ASV_3734","no_hit","unknown","unknown","unknown","unknown","g_","s_"
"3642","ASV_3735",-0.00524310734679617,0.0021872678348108,0.00105099190299155,"ASV_3735","no_hit","Dinophyceae","Dinophyceae","Syndiniales","Amoebophryaceae","g_","s_"
"3643","ASV_3736",0.00545728763944703,0.00247235964229724,0.00448502846773755,"ASV_3736","no_hit","Dinophyceae","Dinophyceae","Gonyaulacales","Gonyaulacaceae","Alexandrium","no_hit"
"3644","ASV_3737",0.0038580666901905,0.00134527739357571,0.00221031392916016,"ASV_3737","no_hit","Dinophyceae","Dinophyceae","Gonyaulacales","Gonyaulacaceae","Alexandrium","no_hit"
"3645","ASV_3738",-0.00357675813899208,-0.0152405174530117,0.00620583460070066,"ASV_3738","no_hit","Ciliophora","Colpodea","unknown","unknown","g_","s_"
"3646","ASV_3739",0.000951765875735778,0.00367010359008136,0.00540900406835958,"ASV_3739","no_hit","no_hit","no_hit","no_hit","no_hit","g_","s_"
"3647","ASV_3740",-0.00359991852348805,-0.00263619134411989,0.00420104826201818,"ASV_3740","no_hit","unknown","unknown","unknown","unknown","g_","s_"
"3648","ASV_3741",0.0115527344834126,0.00601999377456692,0.0110471050371215,"ASV_3741","no_hit","Cercozoa","Chlorarachniophyceae","unknown","unknown","Norrisiella","Norrisiella sphaerica"
"3649","ASV_3742",-0.00298340217484873,-0.00898384420267356,0.00410904421723767,"ASV_3742","no_hit","Bacillariophyta","Coscinodiscophyceae","Thalassiosirales","Thalassiosiraceae","no_hit","no_hit"
"3650","ASV_3743",-0.00229463645355213,-0.00511000017190471,0.00192550283541408,"ASV_3743","no_hit","Dinophyceae","Dinophyceae","no_hit","no_hit","no_hit","s_"
"3651","ASV_3744",0.000524717189157766,-0.00988098805414535,0.00308515715890251,"ASV_3744","no_hit","Euglenozoa","unknown","Diplonemea","unknown","unknown","s_"
"3652","ASV_3746",0.000380017617433804,-0.00234427018391539,-0.00052458527550327,"ASV_3746","no_hit","unknown","unknown","unknown","unknown","g_","s_"
"3653","ASV_3747",0.000196621325870816,-0.00770258722684914,0.00242053189278084,"ASV_3747","no_hit","Dinophyceae","Dinophyceae","Gymnodiniales","Kareniaceae","Karlodinium","s_"
"3654","ASV_3748",-0.0111826637143013,0.00602014321797067,0.00100542825322681,"ASV_3748","no_hit","Dinophyceae","Dinophyceae","Blastodiniales","unknown","g_","s_"
"3655","ASV_3749",-3.71660528131031e-05,-0.00312299168476021,0.000399989782625107,"ASV_3749","no_hit","unknown","unknown","unknown","unknown","unknown","uncultured marine picoeukaryote"
"3656","ASV_3750",0.000516533498422521,0.00223423522602603,-0.00238886602597654,"ASV_3750","no_hit","no_hit","no_hit","no_hit","no_hit","no_hit","no_hit"
"3657","ASV_3751",0.00290120030062851,-0.00156568538402539,0.0057396953944268,"ASV_3751","no_hit","no_hit","no_hit","no_hit","no_hit","no_hit","s_"
"3658","ASV_3752",0.000986909483885596,-0.000216573169443164,-0.00193821316209203,"ASV_3752","Metazoa","Arthropoda","Ostracoda","Halocyprida","Halocyprididae","g_","s_"
"3659","ASV_3753",-0.0134244694595873,0.0118503151117719,-0.00112645449662347,"ASV_3753","Viridiplantae","Chlorophyta","Mamiellophyceae","Mamiellales","Bathycoccaceae","Bathycoccus","Bathycoccus prasinos"
"3660","ASV_3754",-0.00537867148739166,0.00227269521157797,0.000677782885601398,"ASV_3754","no_hit","unknown","Chrysophyceae","no_hit","no_hit","no_hit","no_hit"
"3661","ASV_3755",0.00070938212514242,-0.000397380892728021,-0.00128464646830843,"ASV_3755","no_hit","no_hit","no_hit","no_hit","no_hit","g_","s_"
"3662","ASV_3756",-0.00264655384346935,-0.012448478629169,0.00607406958387535,"ASV_3756","no_hit","Dinophyceae","Dinophyceae","Syndiniales","Amoebophryaceae","Amoebophrya","s_"
"3663","ASV_3757",0.0044694980550647,0.0010371343973982,0.00442689785936507,"ASV_3757","no_hit","Dinophyceae","Dinophyceae","Peridiniales","Diplopsaliaceae","g_","s_"
"3664","ASV_3758",0.000232545489950022,-0.00822753011058652,0.00240964817125921,"ASV_3758","no_hit","Dinophyceae","Dinophyceae","Syndiniales","Amoebophryaceae","g_","s_"
"3665","ASV_3759",0.000971449291269402,8.19617094740197e-05,-0.000310130440714063,"ASV_3759","no_hit","Dinophyceae","Dinophyceae","Gonyaulacales","Gonyaulacaceae","Alexandrium","no_hit"
"3666","ASV_3760",0.00057007814615625,-0.00235978856022261,-0.000362498873651247,"ASV_3760","no_hit","unknown","unknown","unknown","unknown","unknown","s_"
"3667","ASV_3761",0.000604187095941947,-0.00251484178937894,-0.000258169737500455,"ASV_3761","no_hit","unknown","Acantharea","no_hit","no_hit","no_hit","no_hit"
"3668","ASV_3763",-0.000370314593501525,-0.000959431740952645,-0.00237604042114075,"ASV_3763","Metazoa","Arthropoda","Hexanauplia","Poecilostomatoida","Clausidiidae","g_","s_"
"3669","ASV_3764",-0.00453548913149933,-0.0144153726607059,0.00689067626128365,"ASV_3764","no_hit","Dinophyceae","Dinophyceae","Syndiniales","no_hit","no_hit","s_"
"3670","ASV_3765",0.00196043887511947,3.25561321668898e-05,0.000291591275585447,"ASV_3765","no_hit","Oomycota","no_hit","no_hit","no_hit","no_hit","no_hit"
"3671","ASV_3766",-0.0062542782376119,-0.00191489572123508,0.00323055427127034,"ASV_3766","no_hit","Dinophyceae","Dinophyceae","Syndiniales","no_hit","no_hit","s_"
"3672","ASV_3767",-0.00155413593973995,-0.0028094536207882,0.00128805683468294,"ASV_3767","no_hit","unknown","unknown","unknown","unknown","g_","s_"
"3673","ASV_3768",-0.000276917020966901,-0.00581386122042259,0.0021085720201697,"ASV_3768","no_hit","Dinophyceae","Dinophyceae","Syndiniales","Amoebophryaceae","g_","s_"
"3674","ASV_3769",0.00104938957524848,0.00133170833506082,-0.00200092523945107,"ASV_3769","no_hit","unknown","unknown","unknown","unknown","g_","s_"
"3675","ASV_3770",-0.00703176855624395,-0.0141045614767973,0.00827317179299595,"ASV_3770","no_hit","Dinophyceae","Dinophyceae","Syndiniales","Amoebophryaceae","Amoebophrya","s_"
"3676","ASV_3771",0.00380766082827659,0.0023443777576944,0.002852854391967,"ASV_3771","no_hit","Dinophyceae","Dinophyceae","Peridiniales","Peridiniaceae","Scrippsiella","Scrippsiella lachrymosa"
"3677","ASV_3772",-0.00179541542993271,-0.00970550748554798,0.00320569603849212,"ASV_3772","no_hit","Dinophyceae","Dinophyceae","Syndiniales","no_hit","g_","s_"
"3678","ASV_3773",-0.00957319865225023,-0.00224368034827146,0.00346220623250099,"ASV_3773","no_hit","Dinophyceae","Dinophyceae","Syndiniales","Amoebophryaceae","Amoebophrya","s_"
"3679","ASV_3774",0.000698626252200956,0.000438327286531052,0.00434665696007207,"ASV_3774","no_hit","Dinophyceae","Dinophyceae","Syndiniales","Amoebophryaceae","Amoebophrya","no_hit"
"3680","ASV_3775",-0.00356553604694951,-0.00943719171274646,0.00542980565246801,"ASV_3775","no_hit","unknown","unknown","unknown","unknown","unknown","s_"
"3681","ASV_3776",0.00364769559803666,0.00140141633064881,0.00258337138619622,"ASV_3776","no_hit","Bacillariophyta","Coscinodiscophyceae","Thalassiosirales","Skeletonemataceae","g_","s_"
"3682","ASV_3777",-0.00533349684273557,0.00951795650248796,0.00321835553767994,"ASV_3777","no_hit","Dinophyceae","Dinophyceae","Syndiniales","Amoebophryaceae","g_","s_"
"3683","ASV_3778",0.000487980427588569,0.00214351649850951,-0.00231983129716195,"ASV_3778","no_hit","Euglenozoa","unknown","Diplonemea","unknown","unknown","s_"
"3684","ASV_3779",0.00413550865242962,0.00269013464236904,0.00511438570058354,"ASV_3779","no_hit","Dinophyceae","Dinophyceae","Peridiniales","Protoperidiniaceae","g_","s_"
"3685","ASV_3780",0.000409524622431301,-0.0136263793969263,0.00459854999564545,"ASV_3780","no_hit","unknown","Polycystinea","no_hit","no_hit","g_","s_"
"3686","ASV_3781",-0.00994968680807228,-0.00628896814196681,0.00540753657031549,"ASV_3781","no_hit","unknown","unknown","unknown","unknown","g_","s_"
"3687","ASV_3782",-0.00256525115853851,-0.010696814586398,0.00453646126079505,"ASV_3782","no_hit","Dinophyceae","Dinophyceae","Blastodiniales","unknown","g_","s_"
"3688","ASV_3783",-0.00266488276028256,-0.000511859949367539,0.000761388181797568,"ASV_3783","no_hit","Dinophyceae","Dinophyceae","Syndiniales","Amoebophryaceae","Amoebophrya","s_"
"3689","ASV_3785",-0.0107242179808945,0.00277608415406456,0.00155458160530901,"ASV_3785","no_hit","Bacillariophyta","Bacillariophyceae","Naviculales","Naviculaceae","g_","s_"
"3690","ASV_3786",-0.0138008800434261,0.00997332638323716,-0.000582737163534926,"ASV_3786","Metazoa","Arthropoda","Pycnogonida","Pantopoda","Phoxichilidiidae","Phoxichilidium","Phoxichilidium femoratum"
"3691","ASV_3787",0.000991188729545248,0.00116754282112572,-0.00193214630980986,"ASV_3787","no_hit","Dinophyceae","Dinophyceae","Syndiniales","Ellobiopsidae","Ellobiopsis","s_"
"3692","ASV_3788",-0.0110972724659251,0.00909984212495871,0.0022261576901615,"ASV_3788","no_hit","Dinophyceae","Dinophyceae","Syndiniales","Amoebophryaceae","g_","s_"
"3693","ASV_3789",0.00406366674797638,0.0015881216663743,0.00407843839695564,"ASV_3789","no_hit","Dinophyceae","Dinophyceae","no_hit","no_hit","g_","s_"
"3694","ASV_3790",-0.0011376874864109,-0.00591201879786644,0.00187158271760681,"ASV_3790","no_hit","Dinophyceae","Dinophyceae","Syndiniales","Amoebophryaceae","g_","s_"
"3695","ASV_3791",-0.000257399448252608,-0.01361160186802,0.00513951047634327,"ASV_3791","no_hit","unknown","unknown","unknown","unknown","g_","s_"
"3696","ASV_3792",1.1796603399956e-05,0.00730410250875381,0.0061256631363529,"ASV_3792","no_hit","Ciliophora","no_hit","no_hit","no_hit","no_hit","no_hit"
"3697","ASV_3793",0.000556304169237753,-0.00170030350186799,-0.000606826859553385,"ASV_3793","no_hit","no_hit","no_hit","no_hit","no_hit","g_","s_"
"3698","ASV_3794",-0.000137688377740801,-0.00944245237685828,0.00302047867812644,"ASV_3794","no_hit","Dinophyceae","Dinophyceae","Syndiniales","Amoebophryaceae","Amoebophrya","no_hit"
"3699","ASV_3795",-0.00279352041551986,0.00343092029569656,0.000539677456696498,"ASV_3795","no_hit","no_hit","no_hit","no_hit","no_hit","no_hit","no_hit"
"3700","ASV_3796",0.000178162739043579,-0.000731492560653202,-0.00133619505674903,"ASV_3796","no_hit","Imbricatea","unknown","Thaumatomonadida","unknown","g_","s_"
"3701","ASV_3797",-0.00305531571607125,-0.00100433405735254,0.00226128500151961,"ASV_3797","no_hit","unknown","unknown","unknown","unknown","unknown","uncultured marine eukaryote"
"3702","ASV_3799",0.0035406001052716,0.00323571200743385,0.00429296074950031,"ASV_3799","no_hit","Dinophyceae","Dinophyceae","Syndiniales","no_hit","no_hit","no_hit"
"3703","ASV_3800",-0.00342351830781424,-0.00481058148715453,0.00280897548206074,"ASV_3800","no_hit","Dinophyceae","Dinophyceae","Gonyaulacales","Amphidomataceae","g_","s_"
"3704","ASV_3803",-0.000115589248775335,-0.0103015362937145,0.00331388122243955,"ASV_3803","no_hit","no_hit","no_hit","no_hit","no_hit","g_","s_"
"3705","ASV_3804",-0.00946814243509903,0.00305479691090549,0.003964445630132,"ASV_3804","no_hit","no_hit","no_hit","no_hit","no_hit","no_hit","no_hit"
"3706","ASV_3805",-0.00490988597932897,-0.00488626605274671,0.0057497457171683,"ASV_3805","no_hit","Dinophyceae","Dinophyceae","Syndiniales","Amoebophryaceae","g_","s_"
"3707","ASV_3806",-0.00227998559193326,-0.000482855938989025,0.000653309137715671,"ASV_3806","no_hit","Ciliophora","no_hit","no_hit","no_hit","g_","s_"
"3708","ASV_3807",0.00076435182988261,-0.00571716611339216,0.00122204186219678,"ASV_3807","no_hit","no_hit","no_hit","no_hit","no_hit","no_hit","no_hit"
"3709","ASV_3808",0.00476501251987664,0.00930533051193778,0.00921269864551448,"ASV_3808","no_hit","Ciliophora","Spirotrichea","no_hit","no_hit","no_hit","s_"
"3710","ASV_3809",0.000547986519598843,0.00145465468716884,-0.00202907591794951,"ASV_3809","no_hit","Dinophyceae","Dinophyceae","Syndiniales","no_hit","no_hit","no_hit"
"3711","ASV_3810",0.00426577467732613,0.00333926414799759,0.00432196221103138,"ASV_3810","no_hit","unknown","Centroplasthelida","Pterocystida","Pterocystidae","g_","s_"
"3712","ASV_3811",-0.0102972703667758,-0.00487009215301579,0.0047840444912997,"ASV_3811","no_hit","unknown","unknown","unknown","unknown","unknown","s_"
"3713","ASV_3812",-0.00754423099137636,0.00660683693069597,-0.000920061494806856,"ASV_3812","Metazoa","Hemichordata","Enteropneusta","no_hit","no_hit","g_","s_"
"3714","ASV_3813",0.00119247384062303,0.00389805982982886,-0.00316442194245348,"ASV_3813","no_hit","unknown","unknown","unknown","unknown","g_","s_"
"3715","ASV_3814",-0.00686101734105773,0.00452312253678885,0.00103653977322052,"ASV_3814","no_hit","unknown","Cryptophyceae","no_hit","no_hit","g_","s_"
"3716","ASV_3815",-0.00636128604200805,-0.00560082188114769,0.0046187263629988,"ASV_3815","no_hit","Dinophyceae","Dinophyceae","Syndiniales","Amoebophryaceae","g_","s_"
"3717","ASV_3816",0.00296895790590014,0.00034883431876134,0.00216331586933859,"ASV_3816","no_hit","Dinophyceae","Dinophyceae","Dinophysiales","Dinophysiaceae","Ornithocercus","no_hit"
"3718","ASV_3817",-0.000256735228769428,-0.0103851620183643,0.00361894499611832,"ASV_3817","no_hit","no_hit","no_hit","no_hit","no_hit","no_hit","no_hit"
"3719","ASV_3818",-0.0106064536837544,0.00605743311063964,4.6405919032509e-07,"ASV_3818","Metazoa","Nemertea","Enopla","Monostilifera","Oerstediidae","g_","s_"
"3720","ASV_3819",-0.00229498983035732,-0.00200642837774089,0.00346776921767889,"ASV_3819","no_hit","Dinophyceae","Dinophyceae","Peridiniales","no_hit","g_","s_"
"3721","ASV_3820",-0.0111632940689078,0.00599792824689823,0.000443408072118911,"ASV_3820","no_hit","Ciliophora","Spirotrichea","Choreotrichida","Strobilidiidae","g_","s_"
"3722","ASV_3821",0.00884439873807751,0.00539313091786472,0.0102637762819286,"ASV_3821","no_hit","Dinophyceae","Dinophyceae","Gonyaulacales","Amphidomataceae","Azadinium","Azadinium cuneatum"
"3723","ASV_3822",-0.00190685605156133,-0.00145444601533147,0.00205010377349768,"ASV_3822","no_hit","no_hit","no_hit","no_hit","no_hit","g_","s_"
"3724","ASV_3823",0.00238952715328742,-0.00407213184156187,0.00460069455672035,"ASV_3823","no_hit","Dinophyceae","Dinophyceae","Gymnodiniales","no_hit","no_hit","s_"
"3725","ASV_3825",-0.00332624895390228,-0.000397215324440551,0.00383600463090523,"ASV_3825","no_hit","unknown","unknown","unknown","unknown","g_","s_"
"3726","ASV_3826",-0.00301410888772581,0.00628806795850078,0.00251296330612992,"ASV_3826","no_hit","Dinophyceae","Dinophyceae","Peridiniales","Protoperidiniaceae","g_","s_"
"3727","ASV_3827",0.000819416584100697,-0.00621251460047806,0.00135057745066744,"ASV_3827","no_hit","unknown","Bigyra","Bicosoecida","unknown","g_","s_"
"3728","ASV_3828",0.00279690957310797,0.00377822204243652,0.00390557029599433,"ASV_3828","no_hit","no_hit","no_hit","no_hit","no_hit","no_hit","s_"
"3729","ASV_3829",-0.00303217600416145,0.000363604002426064,0.0012262509226463,"ASV_3829","no_hit","Dinophyceae","Dinophyceae","Syndiniales","no_hit","no_hit","s_"
"3730","ASV_3830",0.00268237841781147,-0.00165718217770536,0.00631384077017753,"ASV_3830","no_hit","Dinophyceae","Dinophyceae","Syndiniales","Amoebophryaceae","g_","s_"
"3731","ASV_3831",0.000722656873980503,0.000616440474348199,-0.00172111915090478,"ASV_3831","no_hit","no_hit","no_hit","no_hit","no_hit","no_hit","no_hit"
"3732","ASV_3832",0.000375822489695482,-0.00458938442604524,0.000683123830410071,"ASV_3832","no_hit","unknown","Polycystinea","Nassellaria","Pterocorythidae","Pterocorys","Pterocorys zancleus"
"3733","ASV_3833",4.2581276995892e-05,-0.000897914904853366,-0.000723623000872683,"ASV_3833","no_hit","unknown","unknown","unknown","unknown","g_","s_"
"3734","ASV_3834",0.000229073010911353,-0.00507637739705663,0.000934741744305844,"ASV_3834","no_hit","unknown","unknown","Sticholonchida","Sticholonchidae","g_","s_"
"3735","ASV_3835",0.000648619657070572,0.000650805837660147,-0.00178134959505502,"ASV_3835","no_hit","Dinophyceae","Dinophyceae","Syndiniales","Amoebophryaceae","Amoebophrya","no_hit"
"3736","ASV_3836",0.000837163382276383,0.00240216546552679,-0.00252639604108604,"ASV_3836","no_hit","unknown","Polycystinea","Spumellaria","no_hit","no_hit","s_"
"3737","ASV_3837",0.000582699640227953,0.000203240046751175,-0.00100623900293557,"ASV_3837","no_hit","no_hit","no_hit","no_hit","no_hit","g_","s_"
"3738","ASV_3838",-0.000544855628538402,-0.0105320185743195,0.00442635009697487,"ASV_3838","no_hit","unknown","unknown","unknown","unknown","g_","s_"
"3739","ASV_3839",0.000671960528087308,0.000443742253687652,-0.00162770694477142,"ASV_3839","no_hit","unknown","Polycystinea","Nassellaria","Artostrobiidae","Botryostrobus","Botryostrobus auritus-australis"
"3740","ASV_3840",0.00734614671680018,0.00291832429197426,0.00752639905483867,"ASV_3840","no_hit","Dinophyceae","Dinophyceae","Syndiniales","Amoebophryaceae","Amoebophrya","no_hit"
"3741","ASV_3841",0.000549095496659189,0.0024850845330552,-0.00254632928706983,"ASV_3841","no_hit","Ciliophora","Oligohymenophorea","Philasterida","Loxocephalidae","g_","s_"
"3742","ASV_3842",0.000125160030298946,-0.000519656343959658,-0.00197301547369008,"ASV_3842","Metazoa","Arthropoda","Hexanauplia","Poecilostomatoida","Oncaeidae","Oncaea","no_hit"
"3743","ASV_3843",0.00452892252087577,0.000404235828390779,0.00447695655886276,"ASV_3843","Viridiplantae","Chlorophyta","Chlorodendrophyceae","Chlorodendrales","Chlorodendraceae","Tetraselmis","no_hit"
"3744","ASV_3844",0.00413148423604056,0.000949144905884305,0.00298915826065984,"ASV_3844","no_hit","Ciliophora","Spirotrichea","Choreotrichida","Strombidinopsidae","Strombidinopsis","Strombidinopsis sp. NSMS0601"
"3745","ASV_3845",-0.00145556438839384,-0.00928181095399448,0.00338141710489483,"ASV_3845","no_hit","Dinophyceae","Dinophyceae","Gymnodiniales","Warnowiaceae","no_hit","s_"
"3746","ASV_3846",0.00105900353728048,-1.31331673293265e-06,-0.00137360426763704,"ASV_3846","no_hit","Dinophyceae","Dinophyceae","Syndiniales","no_hit","g_","s_"
"3747","ASV_3847",0.005314849446781,0.0022329293685029,0.00693518909954678,"ASV_3847","no_hit","unknown","unknown","unknown","unknown","g_","s_"
"3748","ASV_3848",0.000286330105636179,-0.00396424674716995,0.000397442285147146,"ASV_3848","no_hit","unknown","unknown","unknown","unknown","unknown","uncultured marine picoeukaryote"
"3749","ASV_3849",-0.00888359376228932,0.00207723543884691,0.00134338066037775,"ASV_3849","no_hit","unknown","Phaeophyceae","Laminariales","no_hit","no_hit","no_hit"
"3750","ASV_3850",-0.00259236621070945,-0.00720774963287403,0.002739345895069,"ASV_3850","no_hit","unknown","Bigyra","Nanomonadea","unknown","g_","s_"
"3751","ASV_3851",0.00390791299406403,0.000792058100010169,0.00242252188955464,"ASV_3851","no_hit","Bacillariophyta","Coscinodiscophyceae","Rhizosoleniales","Rhizosoleniaceae","Guinardia","Guinardia striata"
"3752","ASV_3852",0.00657175373858708,0.0045220852341742,0.00726905680674211,"ASV_3852","no_hit","Bacillariophyta","Bacillariophyceae","Naviculales","Naviculaceae","Haslea","Haslea spicula"
"3753","ASV_3853",0.00266159093807279,-0.000110813143369107,0.00427395623198014,"ASV_3853","no_hit","Dinophyceae","Dinophyceae","Syndiniales","Amoebophryaceae","Amoebophrya","no_hit"
"3754","ASV_3854",-0.00240351213114464,0.00053386934978693,-0.000166836249608914,"ASV_3854","no_hit","Dinophyceae","Dinophyceae","no_hit","no_hit","g_","s_"
"3755","ASV_3855",-0.00320995792969108,-0.00374357909650594,0.00191097239720529,"ASV_3855","no_hit","Euglenozoa","unknown","Diplonemea","unknown","unknown","Diplonemida sp. 37 RG-2016"
"3756","ASV_3856",-0.00147429053105666,0.00270550094475838,0.00152625851676368,"ASV_3856","no_hit","unknown","unknown","unknown","unknown","g_","s_"
"3757","ASV_3857",-0.00257420538699758,0.00394260568847673,0.00582436181582546,"ASV_3857","no_hit","no_hit","no_hit","no_hit","no_hit","g_","s_"
"3758","ASV_3858",-0.00157071208474608,-0.0103959675913895,0.00413398026146977,"ASV_3858","no_hit","Cercozoa","Thecofilosea","Tectofilosida","Chlamydophryidae","g_","s_"
"3759","ASV_3859",0.00031498758401471,-0.00296515599778554,7.77784007300502e-05,"ASV_3859","no_hit","Dinophyceae","Dinophyceae","no_hit","no_hit","no_hit","no_hit"
"3760","ASV_3860",-0.00248643567104511,-0.0113737588651658,0.0046756823841424,"ASV_3860","no_hit","Dinophyceae","Dinophyceae","Syndiniales","Amoebophryaceae","g_","s_"
"3761","ASV_3861",-0.00464465819048758,0.00444977055662412,0.00301924383922097,"ASV_3861","no_hit","Dinophyceae","Dinophyceae","Gymnodiniales","no_hit","no_hit","no_hit"
"3762","ASV_3862",0.00112346182820385,0.00173177566701781,-0.00223612223221377,"ASV_3862","no_hit","Euglenozoa","unknown","Diplonemea","no_hit","no_hit","s_"
"3763","ASV_3863",-9.13656876783529e-05,0.00558895788576412,0.00376734739761956,"ASV_3863","no_hit","Dinophyceae","Dinophyceae","Syndiniales","Amoebophryaceae","g_","s_"
"3764","ASV_3864",0.00394797967615958,0.000735545264137718,0.00528960311595132,"ASV_3864","no_hit","Bacillariophyta","Coscinodiscophyceae","Coscinodiscales","Hemidiscaceae","Actinocyclus","no_hit"
"3765","ASV_3866",0.000700648721793261,-0.00378085042810931,0.000310249433720863,"ASV_3866","no_hit","Dinophyceae","Dinophyceae","no_hit","no_hit","no_hit","no_hit"
"3766","ASV_3867",-0.00979045426162913,0.0015820454821409,0.00278903217804701,"ASV_3867","no_hit","unknown","Choanoflagellata","Acanthoecida","Stephanoecidae","Calliacantha","Calliacantha natans"
"3767","ASV_3868",-0.0128927077837514,0.00995755427237746,-0.00091165442296655,"ASV_3868","no_hit","Dinophyceae","Dinophyceae","Syndiniales","no_hit","g_","s_"
"3768","ASV_3869",-0.00034269907541353,-0.0126202481271765,0.00448618093244773,"ASV_3869","no_hit","unknown","Polycystinea","no_hit","no_hit","no_hit","no_hit"
"3769","ASV_3870",8.06655735994322e-05,-0.000626131001624178,-0.00207918365646938,"ASV_3870","no_hit","no_hit","no_hit","no_hit","no_hit","no_hit","s_"
"3770","ASV_3871",-0.00186535938764338,-0.018857560771963,0.00745711690453717,"ASV_3871","no_hit","unknown","unknown","unknown","unknown","unknown","uncultured marine eukaryote"
"3771","ASV_3872",0.000259458599351293,-0.008044582644549,0.0022919914131141,"ASV_3872","no_hit","Dinophyceae","Dinophyceae","Syndiniales","Amoebophryaceae","g_","s_"
"3772","ASV_3873",0.00553509582661685,0.00371904014739626,0.00453981293772675,"ASV_3873","no_hit","Dinophyceae","Dinophyceae","Syndiniales","Eudubosquellidae","Euduboscquella","Euduboscquella sp. ex Favella arcuata"
"3773","ASV_3874",-0.000579536787277683,-0.00244145325999349,0.00052561241534845,"ASV_3874","no_hit","unknown","unknown","unknown","unknown","g_","s_"
"3774","ASV_3875",-0.00954960256005632,0.00671839317191421,0.00166531973333832,"ASV_3875","no_hit","Dinophyceae","Dinophyceae","no_hit","no_hit","no_hit","no_hit"
"3775","ASV_3876",-0.00020783357634099,-0.00906919443703632,0.00310175255285116,"ASV_3876","no_hit","Dinophyceae","Dinophyceae","Syndiniales","Amoebophryaceae","g_","s_"
"3776","ASV_3877",-0.00149710377559088,0.00600398773719954,0.00299304257113222,"ASV_3877","no_hit","Dinophyceae","Dinophyceae","Syndiniales","Amoebophryaceae","g_","s_"
"3777","ASV_3878",-0.000381744090517447,0.000959967267777126,-0.00121734744629375,"ASV_3878","no_hit","unknown","Polycystinea","no_hit","no_hit","no_hit","no_hit"
"3778","ASV_3879",0.00128583901680517,-0.00167602667950707,5.37527733154008e-05,"ASV_3879","no_hit","Cercozoa","no_hit","no_hit","no_hit","no_hit","no_hit"
"3779","ASV_3880",0.000517193645730363,-0.00128413052576125,-0.00083260322077069,"ASV_3880","no_hit","no_hit","no_hit","no_hit","no_hit","no_hit","no_hit"
"3780","ASV_3881",0.000883460955250383,0.0014627060732073,-0.00224205450938588,"ASV_3881","no_hit","Dinophyceae","Dinophyceae","unknown","unknown","g_","s_"
"3781","ASV_3882",-0.00445663292547899,-0.00883678160911535,0.00427147905859927,"ASV_3882","no_hit","Dinophyceae","Dinophyceae","Syndiniales","Amoebophryaceae","g_","s_"
"3782","ASV_3883",-0.00129674763454701,-0.00548193709452249,0.00131859348271367,"ASV_3883","no_hit","no_hit","no_hit","no_hit","no_hit","no_hit","s_"
"3783","ASV_3884",-0.00454075521318715,-0.0122367529805119,0.00565165605225385,"ASV_3884","no_hit","Dinophyceae","Dinophyceae","Syndiniales","Amoebophryaceae","g_","s_"
"3784","ASV_3885",-0.00109512551537542,0.000977198232793352,-0.000832761977577447,"ASV_3885","no_hit","Dinophyceae","Dinophyceae","Peridiniales","Protoperidiniaceae","Protoperidinium","s_"
"3785","ASV_3886",0.003970382933785,-0.000278141514193194,0.00456280765256818,"ASV_3886","no_hit","Euglenozoa","Euglenida","unknown","unknown","Rapaza","Rapaza viridis"
"3786","ASV_3887",0.000212114087110873,-0.000770459659465588,-0.00122940832807081,"ASV_3887","no_hit","no_hit","no_hit","no_hit","no_hit","no_hit","no_hit"
"3787","ASV_3888",-0.0131077404467059,0.011391989653848,-0.001281602739335,"ASV_3888","Metazoa","Annelida","Polychaeta","Eunicida","Lumbrineridae","no_hit","no_hit"
"3788","ASV_3889",-0.00264979449350462,-0.00825433817074088,0.00325661766722564,"ASV_3889","no_hit","no_hit","no_hit","no_hit","no_hit","g_","s_"
"3789","ASV_3890",-0.0019276289803077,-0.00391362066949668,0.00429357686174552,"ASV_3890","no_hit","no_hit","no_hit","no_hit","no_hit","g_","s_"
"3790","ASV_3891",-0.00169329198717362,-0.00267063370230829,0.00055102035432409,"ASV_3891","no_hit","Dinophyceae","Dinophyceae","Syndiniales","no_hit","no_hit","no_hit"
"3791","ASV_3892",-0.000981889689723264,-0.000735093623756777,0.00076972741072017,"ASV_3892","no_hit","Bacillariophyta","Coscinodiscophyceae","Melosirales","Stephanopyxidaceae","g_","s_"
"3792","ASV_3893",-0.00100578591774659,-0.000638730754339456,0.00403505212979048,"ASV_3893","no_hit","unknown","Bigyra","Nanomonadea","unknown","g_","s_"
"3793","ASV_3894",0.00196940228342029,0.00107912331469621,0.00436416026632284,"ASV_3894","no_hit","Haptophyta","unknown","Prymnesiales","Prymnesiaceae","Prymnesium","no_hit"
"3794","ASV_3895",0.0070715758597604,0.00789507012825533,0.00979781254899947,"ASV_3895","no_hit","unknown","Cryptophyceae","Kathablepharidacea","Katablepharidaceae","g_","s_"
"3795","ASV_3896",-0.00301752994429558,-0.0027678577563925,0.00203217838407215,"ASV_3896","no_hit","Dinophyceae","Dinophyceae","Syndiniales","Amoebophryaceae","Amoebophrya","s_"
"3796","ASV_3897",0.000930879950488439,0.00102560265368872,-0.00197470801086932,"ASV_3897","no_hit","unknown","unknown","unknown","unknown","unknown","s_"
"3797","ASV_3898",-0.00184949886777251,-0.0195708623125439,0.00811947457387267,"ASV_3898","no_hit","no_hit","no_hit","no_hit","no_hit","no_hit","s_"
"3798","ASV_3899",0.000833657718179719,-0.00117971045058138,-0.000778178629850036,"ASV_3899","no_hit","Ciliophora","Spirotrichea","Choreotrichida","Strobilidiidae","g_","s_"
"3799","ASV_3900",-0.00115600515155122,-0.0126793518358017,0.00445524904566983,"ASV_3900","no_hit","Euglenozoa","unknown","Diplonemea","unknown","unknown","s_"
"3800","ASV_3901",0.000171101477240306,-0.00708219727271569,0.00367911522185264,"ASV_3901","no_hit","Dinophyceae","Dinophyceae","Syndiniales","unknown","g_","s_"
"3801","ASV_3902",-0.00432408063296568,-0.00353368383514568,0.00271559106793626,"ASV_3902","no_hit","Euglenozoa","unknown","Diplonemea","Hemistasiidae","g_","s_"
"3802","ASV_3903",-0.00368309814676882,-0.0138097815578214,0.00571605451855883,"ASV_3903","no_hit","Ciliophora","Oligohymenophorea","Philasterida","Loxocephalidae","g_","s_"
"3803","ASV_3904",-0.00502857427046658,0.000796068111202338,0.00099243947979579,"ASV_3904","no_hit","Ciliophora","Oligohymenophorea","Philasterida","Loxocephalidae","g_","s_"
"3804","ASV_3905",-0.00386844045435649,-0.0145524989784322,0.00690355682569104,"ASV_3905","no_hit","unknown","Cryptophyceae","Cyathomonadacea","Goniomonadaceae","g_","s_"
"3805","ASV_3906",0.00432143269347644,0.00206087686047006,0.00501071495925755,"ASV_3906","no_hit","Cercozoa","Thecofilosea","Cryomonadida","Protaspidae","g_","s_"
"3806","ASV_3907",-0.00835723144674796,0.00684026833921862,-0.00133029233577209,"ASV_3907","no_hit","unknown","unknown","unknown","unknown","unknown","uncultured marine picoeukaryote"
"3807","ASV_3908",-0.000723171918717803,-0.0121518360389537,0.00460234203805542,"ASV_3908","no_hit","unknown","unknown","unknown","unknown","g_","s_"
"3808","ASV_3909",0.00256826151282539,-0.00076594975415175,0.0028832026325858,"ASV_3909","no_hit","Dinophyceae","Dinophyceae","no_hit","no_hit","no_hit","s_"
"3809","ASV_3910",0.0135006666918746,0.00743763668851699,0.0126672430597205,"ASV_3910","no_hit","Dinophyceae","Dinophyceae","Gonyaulacales","Pyrophacaceae","Fragilidium","s_"
"3810","ASV_3911",0.00299775244227396,0.00151120982140747,0.00340471940080248,"ASV_3911","no_hit","Dinophyceae","Dinophyceae","Peridiniales","Protoperidiniaceae","Protoperidinium","s_"
"3811","ASV_3912",0.00087643462675601,-0.000422597286872167,-0.00127895860960146,"ASV_3912","no_hit","no_hit","no_hit","no_hit","no_hit","g_","s_"
"3812","ASV_3913",-0.0072119839910058,-0.0119855146967079,0.00660044630004002,"ASV_3913","no_hit","Euglenozoa","unknown","Diplonemea","unknown","g_","s_"
"3813","ASV_3914",0.000647031787098083,0.000542022058126779,-0.00165623942048273,"ASV_3914","no_hit","Euglenozoa","unknown","Diplonemea","unknown","g_","s_"
"3814","ASV_3915",-0.0052678686497275,0.003940096624659,0.000520008866203505,"ASV_3915","no_hit","no_hit","no_hit","no_hit","no_hit","no_hit","s_"
"3815","ASV_3916",-0.00293080337364046,-0.0139685302536617,0.00653234026541933,"ASV_3916","no_hit","Dinophyceae","Dinophyceae","Syndiniales","no_hit","g_","s_"
"3816","ASV_3917",-0.00429804723771767,-0.0135397370472624,0.00595358052714433,"ASV_3917","no_hit","unknown","unknown","unknown","unknown","unknown","s_"
"3817","ASV_3918",4.26370344605124e-06,-0.00665283107027529,0.00157793682491232,"ASV_3918","no_hit","no_hit","no_hit","no_hit","no_hit","g_","s_"
"3818","ASV_3919",0.0010014186266577,0.00264268910829422,-0.00266236947254002,"ASV_3919","no_hit","no_hit","no_hit","no_hit","no_hit","g_","s_"
"3819","ASV_3920",-0.00166680802912298,-0.00803066524837051,0.00320720098734885,"ASV_3920","no_hit","Ciliophora","unknown","unknown","unknown","g_","s_"
"3820","ASV_3921",-0.0104897619053606,0.00110603945654971,0.00303284931114183,"ASV_3921","no_hit","Dinophyceae","Dinophyceae","Blastodiniales","unknown","g_","s_"
"3821","ASV_3922",-0.000404929192536412,0.00649826437867535,0.00397800773032927,"ASV_3922","no_hit","Dinophyceae","Dinophyceae","Syndiniales","Amoebophryaceae","g_","s_"
"3822","ASV_3925",-0.0122299354889244,0.00931226440239379,-0.000760416056987508,"ASV_3925","no_hit","no_hit","no_hit","no_hit","no_hit","g_","s_"
"3823","ASV_3926",-0.0119185837891559,0.00944953191010728,-0.00164442760666329,"ASV_3926","no_hit","unknown","unknown","unknown","unknown","unknown","uncultured marine picoeukaryote"
"3824","ASV_3927",-0.00697029373992129,0.00566898088209126,-0.00112217939596676,"ASV_3927","no_hit","Bacillariophyta","Bacillariophyceae","Naviculales","Naviculaceae","Navicula","s_"
"3825","ASV_3928",0.000465463594399656,-0.000303984762243444,-0.000877089960720614,"ASV_3928","no_hit","unknown","Pelagophyceae","Pelagomonadales","unknown","Aureococcus","Aureococcus anophagefferens"
"3826","ASV_3929",0.00371138189198088,-0.00505779791599391,0.00606353575567675,"ASV_3929","no_hit","Imbricatea","unknown","Thaumatomonadida","Thaumatomastigidae","g_","s_"
"3827","ASV_3931",-0.000247631666109941,-0.000729946779365618,-0.00244409883085477,"ASV_3931","no_hit","Dinophyceae","Dinophyceae","Peridiniales","Peridiniaceae","Scrippsiella","no_hit"
"3828","ASV_3932",-0.000869169437128007,-0.0055102021468153,0.00176491866007725,"ASV_3932","no_hit","unknown","unknown","unknown","unknown","g_","s_"
"3829","ASV_3933",-0.00247991558705224,-0.00691681300423554,0.00253976269540731,"ASV_3933","no_hit","Ciliophora","Spirotrichea","Choreotrichida","Strobilidiidae","g_","s_"
"3830","ASV_3934",-0.00632744312480432,-0.0041342584750937,0.00301830431894655,"ASV_3934","no_hit","unknown","unknown","unknown","unknown","unknown","uncultured marine eukaryote"
"3831","ASV_3935",0.00054739249127028,-0.000340885641001318,-0.00169233117296136,"ASV_3935","no_hit","Dinophyceae","Dinophyceae","no_hit","no_hit","no_hit","s_"
"3832","ASV_3936",-0.00380601735450183,-0.00187767506435388,0.00256392686865133,"ASV_3936","no_hit","no_hit","no_hit","no_hit","no_hit","g_","s_"
"3833","ASV_3937",0.00210963969416981,0.00048669535690187,-2.04841177056003e-05,"ASV_3937","no_hit","Dinophyceae","Dinophyceae","Gymnodiniales","Warnowiaceae","Erythropsidinium","no_hit"
"3834","ASV_3938",-0.00380299476109568,0.00582958801136569,0.00356479970506391,"ASV_3938","no_hit","no_hit","no_hit","no_hit","no_hit","g_","s_"
"3835","ASV_3941",-0.00158873975590625,-0.00808952995834912,0.00291176382259072,"ASV_3941","no_hit","no_hit","no_hit","no_hit","no_hit","no_hit","no_hit"
"3836","ASV_3942",-0.00200243758334206,-0.00255647568128259,0.00115602206729212,"ASV_3942","no_hit","Dinophyceae","Dinophyceae","no_hit","no_hit","no_hit","s_"
"3837","ASV_3943",-0.00718658562237612,0.00378232779012828,0.0015331623965968,"ASV_3943","no_hit","Euglenozoa","unknown","Diplonemea","no_hit","g_","s_"
"3838","ASV_3944",-0.00415371193064731,-0.0138140074245662,0.0068254249489603,"ASV_3944","no_hit","Cercozoa","unknown","unknown","unknown","g_","s_"
"3839","ASV_3945",0.000531920112676242,0.00250945000955928,-0.00251321896837123,"ASV_3945","no_hit","unknown","Polycystinea","no_hit","no_hit","no_hit","no_hit"
"3840","ASV_3946",0.00122939199243777,0.000130700773824284,-0.000710477733550974,"ASV_3946","Viridiplantae","Chlorophyta","no_hit","no_hit","no_hit","no_hit","no_hit"
"3841","ASV_3948",0.00332832002264204,0.00198657507780515,0.00472771238921289,"ASV_3948","no_hit","no_hit","no_hit","no_hit","no_hit","no_hit","no_hit"
"3842","ASV_3949",0.00118699786400361,0.00067693755907862,-0.00164506981891141,"ASV_3949","no_hit","Dinophyceae","Dinophyceae","no_hit","no_hit","no_hit","no_hit"
"3843","ASV_3950",-0.0042733483835443,-0.00739001515071237,0.00464020342790021,"ASV_3950","no_hit","Euglenozoa","unknown","Diplonemea","Diplonemidae","g_","s_"
"3844","ASV_3951",-0.00210408619688593,-0.0131275358065733,0.00538520102449061,"ASV_3951","no_hit","Dinophyceae","Dinophyceae","Gonyaulacales","Amphidomataceae","g_","s_"
"3845","ASV_3952",0.000981879315590684,0.00258165618887784,-0.00274168825546502,"ASV_3952","no_hit","Ciliophora","Oligohymenophorea","Philasterida","no_hit","no_hit","no_hit"
"3846","ASV_3953",-0.00130160922403291,-0.00334932579178807,0.00141573850510507,"ASV_3953","no_hit","Bacillariophyta","no_hit","no_hit","no_hit","g_","s_"
"3847","ASV_3954",0.000616034618081817,-0.00105017936006641,0.000783894564175808,"ASV_3954","no_hit","Dinophyceae","Dinophyceae","no_hit","no_hit","no_hit","no_hit"
"3848","ASV_3955",0.000892600230247678,0.00030849796283204,-0.00153706901704895,"ASV_3955","Fungi","Ascomycota","Eurotiomycetes","Eurotiales","Aspergillaceae","Penicillium","no_hit"
"3849","ASV_3956",0.00107986306675726,0.00346984510220467,-0.00303663794868219,"ASV_3956","no_hit","unknown","unknown","unknown","unknown","g_","s_"
"3850","ASV_3957",0.00217336147021756,-0.00130133074050042,-0.00135356944189711,"ASV_3957","no_hit","Dinophyceae","Dinophyceae","Peridiniales","no_hit","g_","s_"
"3851","ASV_3958",0.000823028583615744,-0.00227263314006244,-0.000371906937094336,"ASV_3958","no_hit","Dinophyceae","Dinophyceae","no_hit","no_hit","g_","s_"
"3852","ASV_3959",-0.00224454327993198,0.000701581817019625,0.00445982929484515,"ASV_3959","no_hit","no_hit","no_hit","no_hit","no_hit","g_","s_"
"3853","ASV_3960",0.000488675103935738,0.00121905057714744,-0.00189754812206788,"ASV_3960","no_hit","Euglenozoa","unknown","Diplonemea","no_hit","no_hit","s_"
"3854","ASV_3961",0.00741919488923021,0.00463620237628108,0.00667754601716428,"ASV_3961","no_hit","Dinophyceae","Dinophyceae","Syndiniales","Amoebophryaceae","Amoebophrya","no_hit"
"3855","ASV_3962",0.000610332047554933,-0.00203177490324648,-0.00045372714092187,"ASV_3962","no_hit","unknown","Polycystinea","no_hit","no_hit","g_","s_"
"3856","ASV_3963",0.00224747427688652,0.00248279095775151,0.00178487010218216,"ASV_3963","no_hit","no_hit","no_hit","no_hit","no_hit","g_","s_"
"3857","ASV_3964",-0.00456119669526625,-0.0117098089430644,0.00556551517868238,"ASV_3964","no_hit","unknown","unknown","unknown","unknown","g_","s_"
"3858","ASV_3965",-0.0053124444166969,-0.00370158180766412,0.00288136763441661,"ASV_3965","unassigned","unassigned","unassigned","unassigned","unassigned","unassigned","unassigned"
"3859","ASV_3966",0.00201221316757084,-0.00127065451737792,-0.00144267911729298,"ASV_3966","Metazoa","Annelida","Polychaeta","Terebellida","Cirratulidae","Caulleriella","s_"
"3860","ASV_3967",-0.00610018993337199,0.00605742101945253,0.0032439821849453,"ASV_3967","no_hit","unknown","unknown","unknown","unknown","unknown","s_"
"3861","ASV_3968",-0.00292654702976474,-0.0110364808746593,0.00431349665266775,"ASV_3968","no_hit","unknown","unknown","unknown","unknown","unknown","s_"
"3862","ASV_3969",0.000546630832326874,0.00137336123550825,-0.00198884037419379,"ASV_3969","Metazoa","Mollusca","Bivalvia","Nuculanida","no_hit","no_hit","no_hit"
"3863","ASV_3970",0.000828175736421889,-0.0045235993040784,0.000647408518725285,"ASV_3970","no_hit","Dinophyceae","Dinophyceae","Syndiniales","no_hit","no_hit","no_hit"
"3864","ASV_3971",-0.00610243033930319,-0.0147516000647424,0.00702777004359175,"ASV_3971","Viridiplantae","Streptophyta","Magnoliopsida","Poales","Poaceae","g_","s_"
"3865","ASV_3972",0.000750449148021163,-0.00093448623970209,-0.0010233728072878,"ASV_3972","no_hit","Dinophyceae","Dinophyceae","Syndiniales","no_hit","no_hit","s_"
"3866","ASV_3973",-0.00464265387866537,-0.000270689892116425,0.00127158827921821,"ASV_3973","no_hit","Dinophyceae","Dinophyceae","Syndiniales","Amoebophryaceae","Amoebophrya","no_hit"
"3867","ASV_3975",-0.0050509153355398,0.00408663302874217,-0.00106729278684923,"ASV_3975","no_hit","no_hit","no_hit","no_hit","no_hit","g_","s_"
"3868","ASV_3976",-0.00377557346071394,0.00186486115467748,0.00396527774839353,"ASV_3976","no_hit","Dinophyceae","Dinophyceae","no_hit","no_hit","g_","s_"
"3869","ASV_3977",0.00138707017438621,-0.00204821464828552,-0.000633296122156465,"ASV_3977","no_hit","unknown","unknown","unknown","unknown","unknown","Acantharian sp. 6201"
"3870","ASV_3978",-0.00483716235966614,-0.0172756740669621,0.00860400669113104,"ASV_3978","no_hit","Dinophyceae","Dinophyceae","Syndiniales","Amoebophryaceae","g_","s_"
"3871","ASV_3979",-6.28199382359167e-05,-0.00596035366382088,0.00171980374575132,"ASV_3979","no_hit","Euglenozoa","unknown","Diplonemea","unknown","g_","s_"
"3872","ASV_3980",0.000726206852276276,-0.00204761959117888,-0.000499702877405324,"ASV_3980","no_hit","Dinophyceae","Dinophyceae","Syndiniales","no_hit","g_","s_"
"3873","ASV_3981",-0.00448825688024653,-0.0107435696880198,0.0049955288538852,"ASV_3981","no_hit","unknown","unknown","unknown","unknown","g_","s_"
"3874","ASV_3982",0.000783523037964764,0.00329078736896897,-0.00295970312204652,"ASV_3982","Metazoa","Chordata","Thaliacea","Doliolida","Doliolidae","Doliolum","Doliolum nationalis"
"3875","ASV_3983",-0.00317180068086099,-0.0136915795415155,0.00652884615743931,"ASV_3983","no_hit","unknown","Bigyra","Oblongichytrida","unknown","g_","s_"
"3876","ASV_3984",0.00908199430606574,0.0054275431385803,0.00800944731975289,"ASV_3984","no_hit","Bacillariophyta","Coscinodiscophyceae","Thalassiosirales","Thalassiosiraceae","g_","s_"
"3877","ASV_3985",-0.00534730348467768,0.00397366403352197,-0.000558276669444039,"ASV_3985","no_hit","Dinophyceae","Dinophyceae","Syndiniales","Amoebophryaceae","g_","s_"
"3878","ASV_3986",0.000430151263794521,-0.00438150168957334,0.000549731500386575,"ASV_3986","no_hit","no_hit","no_hit","no_hit","no_hit","no_hit","s_"
"3879","ASV_3987",-0.00143481309086931,-0.00852679027705823,0.00325706975629705,"ASV_3987","no_hit","Dinophyceae","Dinophyceae","Syndiniales","Amoebophryaceae","g_","s_"
"3880","ASV_3988",0.000894916151134091,0.00150223297776675,-0.002275666592139,"ASV_3988","no_hit","Dinophyceae","Dinophyceae","Blastodiniales","unknown","Blastodinium","s_"
"3881","ASV_3989",0.000328685602975524,-0.0114173213710246,0.00376560168734934,"ASV_3989","no_hit","unknown","Polycystinea","no_hit","no_hit","no_hit","no_hit"
"3882","ASV_3990",-0.00105868453625111,0.00572595418317962,0.00370037002805229,"ASV_3990","no_hit","unknown","unknown","unknown","unknown","g_","s_"
"3883","ASV_3991",0.00065912169106368,0.00569813244924844,0.00372342559938349,"ASV_3991","no_hit","unknown","Cryptophyceae","Cryptomonadales","Hemiselmidaceae","Hemiselmis","Hemiselmis rufescens"
"3884","ASV_3992",-0.000177166080307071,-0.0104829785892189,0.00353023201545767,"ASV_3992","no_hit","Euglenozoa","unknown","Diplonemea","unknown","unknown","s_"
"3885","ASV_3993",-0.00528886653503127,-0.00106686328659145,0.00260772814566526,"ASV_3993","no_hit","Dinophyceae","Dinophyceae","Peridiniales","Peridiniaceae","g_","s_"
"3886","ASV_3994",0.00110096115609937,-0.000854380025264446,-0.000976026698000689,"ASV_3994","no_hit","Ciliophora","no_hit","no_hit","no_hit","g_","s_"
"3887","ASV_3995",2.68333796627769e-05,-0.00973020667001548,0.00295719967284143,"ASV_3995","no_hit","unknown","Polycystinea","no_hit","no_hit","no_hit","no_hit"
"3888","ASV_3996",0.00492122051926658,0.000150458132190166,0.00529300278712222,"ASV_3996","no_hit","Dinophyceae","Dinophyceae","no_hit","no_hit","no_hit","no_hit"
"3889","ASV_3997",-0.00247031669150071,-0.00144996170495605,0.00208309237615826,"ASV_3997","Metazoa","Chordata","Appendicularia","Copelata","Fritillariidae","Fritillaria <tunicates>","s_"
"3890","ASV_3998",0.00372220291942768,0.00362377513374142,0.0037251587352055,"ASV_3998","no_hit","Bacillariophyta","Mediophyceae","Cymatosirales","Cymatosiraceae","g_","s_"
"3891","ASV_3999",0.00505391607724421,0.00424238354602253,0.00645256864007186,"ASV_3999","no_hit","Bacillariophyta","Coscinodiscophyceae","Rhizosoleniales","Rhizosoleniaceae","no_hit","no_hit"
"3892","ASV_4000",-0.00401543486412357,-0.00557515987999716,0.00304247432245787,"ASV_4000","no_hit","Imbricatea","unknown","Thaumatomonadida","no_hit","g_","s_"
"3893","ASV_4002",-0.000322635415753158,-0.00357893483305018,0.00062880960730251,"ASV_4002","no_hit","unknown","unknown","unknown","unknown","g_","s_"
"3894","ASV_4003",0.0108808398478227,0.00564956527067584,0.00974061619050576,"ASV_4003","no_hit","Dinophyceae","Dinophyceae","Gonyaulacales","Pyrophacaceae","Fragilidium","s_"
"3895","ASV_4004",0.000440140721931211,-0.000331680215765946,-0.00125374557863253,"ASV_4004","no_hit","Dinophyceae","Dinophyceae","no_hit","no_hit","g_","s_"
"3896","ASV_4005",-0.00486611252182178,0.00228943540431011,0.000832939442048293,"ASV_4005","no_hit","Dinophyceae","Dinophyceae","no_hit","no_hit","no_hit","no_hit"
"3897","ASV_4007",-0.00123089772690639,-0.00656053120815717,0.00197452966292289,"ASV_4007","no_hit","Dinophyceae","Dinophyceae","Gonyaulacales","Gonyaulacaceae","g_","s_"
"3898","ASV_4008",-0.000821094767923246,-0.000796184207872131,-0.000111985663986484,"ASV_4008","Viridiplantae","Chlorophyta","Mamiellophyceae","Dolichomastigales","Crustomastigaceae","g_","s_"
"3899","ASV_4009",0.000571339148740787,-0.000226867808707596,-0.000790657276451454,"ASV_4009","no_hit","no_hit","no_hit","no_hit","no_hit","no_hit","no_hit"
"3900","ASV_4011",-0.00771287535644674,0.00279268544157846,0.000167440139719214,"ASV_4011","Metazoa","Arthropoda","Hexanauplia","Poecilostomatoida","Oncaeidae","no_hit","s_"
"3901","ASV_4012",-0.00923986053135929,0.00269329195443727,0.00218169860785058,"ASV_4012","no_hit","Oomycota","unknown","Myzocytiopsidales","Myzocytiopsidaceae","g_","s_"
"3902","ASV_4013",0.00790577913211689,0.0064541676711543,0.00911570938765906,"ASV_4013","no_hit","Bacillariophyta","Bacillariophyceae","Bacillariales","Bacillariaceae","no_hit","no_hit"
"3903","ASV_4014",-0.00556988032149681,-0.00658360569719687,0.0031603554984177,"ASV_4014","no_hit","no_hit","no_hit","no_hit","no_hit","no_hit","no_hit"
"3904","ASV_4015",0.00448711581204124,0.00487865796006309,0.00655807045794074,"ASV_4015","no_hit","Dinophyceae","Dinophyceae","Syndiniales","Amoebophryaceae","Amoebophrya","no_hit"
"3905","ASV_4016",6.02525990648372e-05,-0.00765115388773673,0.00445964377445344,"ASV_4016","no_hit","no_hit","no_hit","no_hit","no_hit","g_","s_"
"3906","ASV_4017",-0.0010551253757523,-0.00629139026226358,0.00187520102752017,"ASV_4017","no_hit","unknown","unknown","unknown","unknown","g_","s_"
"3907","ASV_4018",0.00083119766565168,-0.00708601015003437,0.00171822398947151,"ASV_4018","no_hit","no_hit","no_hit","no_hit","no_hit","no_hit","s_"
"3908","ASV_4019",-0.000118464440327941,-0.00356115755416335,0.000574707499543002,"ASV_4019","no_hit","no_hit","no_hit","no_hit","no_hit","g_","s_"
"3909","ASV_4020",-0.00182332901051339,-0.00183122869623439,0.000736862396189455,"ASV_4020","Viridiplantae","Chlorophyta","Trebouxiophyceae","no_hit","no_hit","g_","s_"
"3910","ASV_4021",0.0014873353867118,9.25276033908301e-05,0.00314806160839427,"ASV_4021","no_hit","unknown","Bigyra","Oblongichytrida","unknown","Oblongichytrium","Oblongichytrium sp. BAFCcult 3519"
"3911","ASV_4022",-0.00538945739731228,-0.0133158994534035,0.00674638272137846,"ASV_4022","no_hit","no_hit","no_hit","no_hit","no_hit","g_","s_"
"3912","ASV_4023",-0.00239559343016974,-0.0028115728019516,0.00605665973199348,"ASV_4023","no_hit","no_hit","no_hit","no_hit","no_hit","no_hit","no_hit"
"3913","ASV_4024",0.00387731627012792,0.00196121835498232,0.00363187184899275,"ASV_4024","Viridiplantae","Chlorophyta","Mamiellophyceae","Dolichomastigales","Crustomastigaceae","g_","s_"
"3914","ASV_4025",8.91561414485657e-05,-0.011485765795042,0.00367939601072248,"ASV_4025","no_hit","no_hit","no_hit","no_hit","no_hit","g_","s_"
"3915","ASV_4026",-0.00324946564081656,-0.0145689323317397,0.00549036334143491,"ASV_4026","no_hit","no_hit","no_hit","no_hit","no_hit","g_","s_"
"3916","ASV_4027",-0.00275691782076702,0.00242829940652038,0.00270213830364823,"ASV_4027","no_hit","Dinophyceae","Dinophyceae","no_hit","no_hit","no_hit","no_hit"
"3917","ASV_4028",-0.000911745278503923,-0.00695552576821212,0.002224346611095,"ASV_4028","no_hit","Dinophyceae","Dinophyceae","Syndiniales","Amoebophryaceae","Amoebophrya","no_hit"
"3918","ASV_4029",-0.000894902833780407,0.00550181831617517,0.00615346894210783,"ASV_4029","no_hit","unknown","unknown","unknown","unknown","unknown","eukaryote clone OLI11261"
"3919","ASV_4031",-0.00816329645654758,-0.00109000371146009,0.0040529708083432,"ASV_4031","no_hit","unknown","Cryptophyceae","Cyathomonadacea","Goniomonadaceae","Goniomonas","s_"
"3920","ASV_4032",-0.00530171777427302,-0.00280082780633352,0.00218830788264366,"ASV_4032","no_hit","Dinophyceae","Dinophyceae","Gymnodiniales","no_hit","no_hit","no_hit"
"3921","ASV_4033",-0.0082742300494705,0.00738661070410864,0.0049185874886019,"ASV_4033","no_hit","Dinophyceae","Dinophyceae","Gymnodiniales","Ceratoperidiniaeceae","g_","s_"
"3922","ASV_4034",-0.0123270029877691,0.00867078453964512,-0.000534888490279898,"ASV_4034","no_hit","unknown","unknown","unknown","unknown","g_","s_"
"3923","ASV_4035",-0.00214735787662959,-0.0111957215427368,0.00437218784864744,"ASV_4035","no_hit","no_hit","no_hit","no_hit","no_hit","no_hit","no_hit"
"3924","ASV_4036",-0.00836988510155796,0.00421261947834489,0.00230837761429738,"ASV_4036","no_hit","Euglenozoa","unknown","Diplonemea","no_hit","g_","s_"
"3925","ASV_4037",-0.00379380429165856,-0.0026102876900787,0.00255306513578913,"ASV_4037","no_hit","Dinophyceae","Dinophyceae","Gymnodiniales","Kareniaceae","g_","s_"
"3926","ASV_4038",-0.00163017477530743,-0.012844829343339,0.00437552995642021,"ASV_4038","no_hit","Euglenozoa","unknown","Diplonemea","unknown","g_","s_"
"3927","ASV_4039",-0.00245256445223624,-0.00608811091473439,0.00256967812389993,"ASV_4039","no_hit","unknown","Cryptophyceae","Cyathomonadacea","Goniomonadaceae","Goniomonas","no_hit"
"3928","ASV_4041",0.000232210211986271,-0.00329543417303052,0.000752487818293065,"ASV_4041","no_hit","unknown","unknown","unknown","unknown","g_","s_"
"3929","ASV_4042",0.00540905740826531,0.00111671581753634,0.0067419592943959,"ASV_4042","no_hit","Dinophyceae","Dinophyceae","Syndiniales","Amoebophryaceae","g_","s_"
"3930","ASV_4043",-0.00692434983452915,0.00262138230396398,0.00201659101423106,"ASV_4043","no_hit","Dinophyceae","Dinophyceae","Syndiniales","Amoebophryaceae","g_","s_"
"3931","ASV_4044",0.00169203854574152,0.00645893509677807,0.00546563618665124,"ASV_4044","no_hit","Dinophyceae","Dinophyceae","unknown","unknown","g_","s_"
"3932","ASV_4045",-0.000127937201628234,-0.00639191522375558,0.0014790111317021,"ASV_4045","no_hit","Euglenozoa","unknown","Diplonemea","unknown","unknown","s_"
"3933","ASV_4046",0.00984555401246726,0.00530205488778472,0.00895060558642036,"ASV_4046","no_hit","Dinophyceae","Dinophyceae","Gymnodiniales","Gymnodiniaceae","g_","s_"
"3934","ASV_4047",-0.000812260653572211,-0.0128924576894541,0.00462062068560552,"ASV_4047","no_hit","unknown","unknown","Telonemida","no_hit","no_hit","no_hit"
"3935","ASV_4049",-6.59432457613499e-05,-0.0109932823508052,0.00351444836787946,"ASV_4049","no_hit","unknown","unknown","unknown","unknown","unknown","s_"
"3936","ASV_4050",0.000356218001370751,-0.00497928996689962,0.000872488035310762,"ASV_4050","no_hit","no_hit","no_hit","no_hit","no_hit","no_hit","s_"
"3937","ASV_4051",-0.000582592579048129,-0.00638579074543516,0.0017313493366617,"ASV_4051","no_hit","Dinophyceae","Dinophyceae","no_hit","no_hit","g_","s_"
"3938","ASV_4052",-0.000916909929021061,0.000803300210829535,-0.000765877212816778,"ASV_4052","no_hit","Dinophyceae","Dinophyceae","no_hit","no_hit","no_hit","no_hit"
"3939","ASV_4053",0.000609108699250957,-0.00487854245037092,0.000782892916120707,"ASV_4053","no_hit","unknown","unknown","unknown","unknown","g_","s_"
"3940","ASV_4054",0.000555897558285035,-0.00111438005112024,-0.000885308699956918,"ASV_4054","no_hit","no_hit","no_hit","no_hit","no_hit","g_","s_"
"3941","ASV_4055",-0.00060686715549,-0.00779306708808719,0.00223949522452572,"ASV_4055","no_hit","Dinophyceae","Dinophyceae","Gonyaulacales","no_hit","g_","s_"
"3942","ASV_4056",-0.00316475488619641,-0.00213125951123872,0.00101802759232167,"ASV_4056","no_hit","no_hit","no_hit","no_hit","no_hit","no_hit","s_"
"3943","ASV_4057",-0.00764721879450212,0.00152805227209039,0.00133826388363108,"ASV_4057","no_hit","unknown","Bigyra","Nanomonadea","unknown","g_","s_"
"3944","ASV_4058",0.00327684952600419,0.00217503526555444,0.00240448516789037,"ASV_4058","no_hit","unknown","Dictyochophyceae","Pedinellales","unknown","Pedinella","Pedinella sp. squamata"
"3945","ASV_4059",-0.00280571937031166,0.00665893242803317,0.00334468996628242,"ASV_4059","no_hit","no_hit","no_hit","no_hit","no_hit","no_hit","no_hit"
"3946","ASV_4060",-0.00105663869935326,-0.00155237001229965,0.001456631014814,"ASV_4060","no_hit","no_hit","no_hit","no_hit","no_hit","g_","s_"
"3947","ASV_4061",0.000935621839448657,0.00367525283083249,0.00555988711354728,"ASV_4061","no_hit","Dinophyceae","Dinophyceae","Blastodiniales","unknown","Blastodinium","s_"
"3948","ASV_4062",-0.00022835007347728,-0.0096139392814015,0.00355324533445428,"ASV_4062","no_hit","unknown","Polycystinea","no_hit","no_hit","g_","s_"
"3949","ASV_4063",0.00052177735977679,0.00169971930198214,-0.00212909982943576,"ASV_4063","no_hit","Euglenozoa","unknown","Diplonemea","unknown","g_","s_"
"3950","ASV_4064",-0.00364690718110951,-0.0183295066258195,0.00805583443988986,"ASV_4064","no_hit","Dinophyceae","Dinophyceae","Syndiniales","Amoebophryaceae","g_","s_"
"3951","ASV_4065",-0.00292280688250959,0.000834694161133614,0.00348473031726851,"ASV_4065","no_hit","Ciliophora","Spirotrichea","Tintinnida","Ptychocylididae","g_","s_"
"3952","ASV_4066",-0.00184407403425733,-0.00694215863039358,0.00208771712900422,"ASV_4066","no_hit","unknown","Polycystinea","no_hit","no_hit","no_hit","no_hit"
"3953","ASV_4067",-0.011203740986038,0.00861094632856534,-0.000746521821219936,"ASV_4067","no_hit","Dinophyceae","Dinophyceae","no_hit","no_hit","no_hit","no_hit"
"3954","ASV_4068",0.0082912346003386,0.00418781318155496,0.00915075787289927,"ASV_4068","no_hit","Haptophyta","unknown","Isochrysidales","Noelaerhabdaceae","no_hit","no_hit"
"3955","ASV_4069",-0.00855183165659736,-0.00324752625715285,0.00372408549679031,"ASV_4069","no_hit","Dinophyceae","Dinophyceae","no_hit","no_hit","no_hit","s_"
"3956","ASV_4070",-0.011427591348442,0.00946807442853548,-0.00146546141475741,"ASV_4070","no_hit","unknown","Centroplasthelida","Pterocystida","no_hit","g_","s_"
"3957","ASV_4071",0.00217097147334633,0.000237317069365994,0.0037256291359597,"ASV_4071","no_hit","no_hit","no_hit","no_hit","no_hit","no_hit","no_hit"
"3958","ASV_4072",0.000538569076509808,-0.00780459439952393,0.00222414896654398,"ASV_4072","no_hit","Dinophyceae","Dinophyceae","Syndiniales","Amoebophryaceae","Amoebophrya","s_"
"3959","ASV_4073",0.000728617714842979,-0.000256310043622601,-0.00119315219779156,"ASV_4073","no_hit","Ciliophora","Spirotrichea","unknown","Strombidiidae","Laboea","s_"
"3960","ASV_4074",0.00059260571956013,-0.00170950166997303,-0.000601872593999042,"ASV_4074","no_hit","unknown","Polycystinea","no_hit","no_hit","g_","s_"
"3961","ASV_4075",-0.00227618923594095,0.00360357138233568,0.00377931279406614,"ASV_4075","no_hit","Dinophyceae","Dinophyceae","Syndiniales","Amoebophryaceae","g_","s_"
"3962","ASV_4076",-0.000718168573633268,0.00109112218761506,-0.00125645094917264,"ASV_4076","no_hit","Dinophyceae","Dinophyceae","no_hit","no_hit","g_","s_"
"3963","ASV_4077",-0.00459450160069056,-0.00289941212580809,0.00187275653992827,"ASV_4077","no_hit","Dinophyceae","Dinophyceae","Suessiales","unknown","g_","s_"
"3964","ASV_4078",-0.00119325505428398,-0.00778070462014369,0.00290579412010004,"ASV_4078","no_hit","no_hit","no_hit","no_hit","no_hit","g_","s_"
"3965","ASV_4079",0.000642860640991127,-0.00232061639828982,-0.000327874340696429,"ASV_4079","no_hit","unknown","Polycystinea","no_hit","no_hit","no_hit","no_hit"
"3966","ASV_4080",-0.00535106553193279,0.000739892693671003,0.00244227887956552,"ASV_4080","no_hit","no_hit","no_hit","no_hit","no_hit","no_hit","no_hit"
"3967","ASV_4082",0.00188391479522619,0.00190273163248034,-0.00153936284571703,"ASV_4082","no_hit","Dinophyceae","Dinophyceae","no_hit","no_hit","no_hit","no_hit"
"3968","ASV_4083",-0.00424556096733623,0.00214430949284182,-0.000718358269529701,"ASV_4083","no_hit","Imbricatea","unknown","Thaumatomonadida","Thaumatomastigidae","Thaumatomastix","Thaumatomastix sp. 4 JMS-2012"
"3969","ASV_4084",0.000264245892124843,-0.005006040707846,0.000811525283773526,"ASV_4084","no_hit","no_hit","no_hit","no_hit","no_hit","g_","s_"
"3970","ASV_4085",-1.13215505264208e-05,-0.0138914875269925,0.00728799770614628,"ASV_4085","no_hit","Haptophyta","unknown","Prymnesiales","Chrysochromulinaceae","Chrysochromulina","Chrysochromulina andersonii"
"3971","ASV_4086",-0.00415638581040967,-0.00637545917003333,0.00306830314631115,"ASV_4086","no_hit","Ciliophora","Colpodea","unknown","unknown","g_","s_"
"3972","ASV_4087",0.00453745903166537,0.0018662131918972,0.00267169363228454,"ASV_4087","no_hit","Dinophyceae","Dinophyceae","Syndiniales","no_hit","no_hit","no_hit"
"3973","ASV_4088",0.000351748060671465,-0.000396271720560629,-0.00121931089943617,"ASV_4088","no_hit","unknown","Polycystinea","no_hit","no_hit","no_hit","no_hit"
"3974","ASV_4089",-0.00138789232771498,0.00133144299018288,0.00723627942798588,"ASV_4089","no_hit","Dinophyceae","Dinophyceae","no_hit","no_hit","no_hit","no_hit"
"3975","ASV_4090",0.00309625840319843,0.00355433233447416,0.00371933646435904,"ASV_4090","no_hit","Dinophyceae","Dinophyceae","Syndiniales","Amoebophryaceae","g_","s_"
"3976","ASV_4091",-0.00561917562067359,-0.0107798175607405,0.00535707191112496,"ASV_4091","no_hit","Euglenozoa","unknown","Diplonemea","no_hit","g_","s_"
"3977","ASV_4092",-0.0030111086623189,-0.000656204704262659,0.000338709967542009,"ASV_4092","no_hit","unknown","unknown","unknown","unknown","g_","s_"
"3978","ASV_4093",-0.00250238063804439,-0.00945124146741061,0.00443771240170747,"ASV_4093","no_hit","Dinophyceae","Dinophyceae","no_hit","no_hit","g_","s_"
"3979","ASV_4094",0.0031553924625881,0.00145560274030355,0.00163313821778955,"ASV_4094","no_hit","Cercozoa","no_hit","no_hit","no_hit","no_hit","no_hit"
"3980","ASV_4095",0.0040424260483195,0.00357767790317978,0.00433731984565034,"ASV_4095","no_hit","no_hit","no_hit","no_hit","no_hit","no_hit","no_hit"
"3981","ASV_4096",0.000734658973087411,-0.00080537428341806,-0.0010276123818262,"ASV_4096","no_hit","no_hit","no_hit","no_hit","no_hit","g_","s_"
"3982","ASV_4097",-0.00456108342462721,-0.0061605493133728,0.00324853494741146,"ASV_4097","no_hit","Perkinsozoa","unknown","Perkinsida","Xcellidae","Gadixcellia","no_hit"
"3983","ASV_4098",-0.00103493326262329,-0.0079594979902248,0.0025259161948071,"ASV_4098","no_hit","Dinophyceae","Dinophyceae","Syndiniales","Amoebophryaceae","Amoebophrya","no_hit"
"3984","ASV_4099",0.0017162779558744,0.00132760894721366,0.00130223678070763,"ASV_4099","no_hit","no_hit","no_hit","no_hit","no_hit","g_","s_"
"3985","ASV_4100",-0.00924622678675237,-0.00519405677843698,0.00465125449316193,"ASV_4100","no_hit","Euglenozoa","unknown","Diplonemea","unknown","unknown","Diplonemida sp. 1sb RG-2016"
"3986","ASV_4101",-0.00365019259685785,0.000516162091549658,0.00187777933235996,"ASV_4101","no_hit","Dinophyceae","Dinophyceae","Syndiniales","Amoebophryaceae","Amoebophrya","s_"
"3987","ASV_4103",0.000657661433087524,4.03674934811182e-05,-0.00136256230431721,"ASV_4103","no_hit","no_hit","no_hit","no_hit","no_hit","no_hit","s_"
"3988","ASV_4104",-0.00480539229335257,-0.0011112298212713,0.00200272597296109,"ASV_4104","no_hit","Dinophyceae","Dinophyceae","Syndiniales","Eudubosquellidae","g_","s_"
"3989","ASV_4105",-0.0086182259658821,-0.00118160911365236,0.00272627849052073,"ASV_4105","no_hit","Haptophyta","unknown","Prymnesiales","Chrysochromulinaceae","g_","s_"
"3990","ASV_4107",-0.0142689524295791,0.0116634090333646,-0.00167513356707901,"ASV_4107","no_hit","unknown","unknown","unknown","unknown","g_","s_"
"3991","ASV_4108",0.000721567579243916,-0.000532654792545434,-0.00118549515874754,"ASV_4108","no_hit","unknown","Bolidophyceae","Parmales","Triparmaceae","g_","s_"
"3992","ASV_4109",0.00260658260075451,0.000685723621153022,0.00298591239670001,"ASV_4109","Metazoa","Arthropoda","Hexanauplia","Calanoida","no_hit","no_hit","no_hit"
"3993","ASV_4110",0.0070059131505738,3.55400169961362e-05,0.00966402582350374,"ASV_4110","no_hit","Cercozoa","no_hit","no_hit","no_hit","g_","s_"
"3994","ASV_4111",-0.0035833681886658,-0.000832844637773474,0.00291139945667468,"ASV_4111","no_hit","unknown","Choanoflagellata","no_hit","no_hit","g_","s_"
"3995","ASV_4112",-0.000241166516360087,-0.0131703204417466,0.00473632670207892,"ASV_4112","no_hit","no_hit","no_hit","no_hit","no_hit","no_hit","s_"
"3996","ASV_4113",0.0014249592017472,0.00171616949428313,0.00244183406058484,"ASV_4113","no_hit","Dinophyceae","Dinophyceae","Syndiniales","Amoebophryaceae","Amoebophrya","s_"
"3997","ASV_4114",-0.00111220683818029,-0.00474286297362788,0.00218635343618255,"ASV_4114","no_hit","Dinophyceae","Dinophyceae","Syndiniales","Amoebophryaceae","g_","s_"
"3998","ASV_4115",0.00321440045931603,0.00103884857743066,0.00193225469083596,"ASV_4115","no_hit","Dinophyceae","Dinophyceae","Syndiniales","Amoebophryaceae","g_","s_"
"3999","ASV_4116",-0.0083581860248477,0.00674153035586673,7.14465878487252e-05,"ASV_4116","no_hit","no_hit","no_hit","no_hit","no_hit","no_hit","no_hit"
"4000","ASV_4117",-0.000305470273051012,-0.0109780284898599,0.00400759347296109,"ASV_4117","no_hit","Dinophyceae","Dinophyceae","Syndiniales","Amoebophryaceae","g_","s_"
"4001","ASV_4118",-0.0107816647495289,0.00744116141026263,0.00019442433732221,"ASV_4118","no_hit","no_hit","no_hit","no_hit","no_hit","g_","s_"
"4002","ASV_4119",0.000330031115920265,0.000191174505679811,-0.00126524445927128,"ASV_4119","no_hit","Ciliophora","Oligohymenophorea","Apostomatida","Foettingeriidae","no_hit","no_hit"
"4003","ASV_4120",0.00106831411761381,0.00103601600043544,-0.00182165545455574,"ASV_4120","no_hit","Ciliophora","Spirotrichea","unknown","Tontoniidae","Pseudotontonia","s_"
"4004","ASV_4121",-0.00120674481281063,0.00142582746054966,0.000490168969094592,"ASV_4121","Viridiplantae","Chlorophyta","Pyramimonadophyceae","Pyramimonadales","Pyramimonadaceae","g_","s_"
"4005","ASV_4122",-0.00077300263347426,-0.0121234509780938,0.00435618407367344,"ASV_4122","no_hit","Ciliophora","Spirotrichea","Stichotrichida","Amphisiellidae","g_","s_"
"4006","ASV_4123",0.00372855361306553,0.00236987897142088,0.00587945725412818,"ASV_4123","no_hit","Cercozoa","Thecofilosea","unknown","unknown","g_","s_"
"4007","ASV_4124",-0.00245589664377611,-0.00532967257167761,0.00466682715720898,"ASV_4124","no_hit","no_hit","no_hit","no_hit","no_hit","no_hit","no_hit"
"4008","ASV_4125",-0.000332498706758954,-0.00897431729456076,0.00319568414949414,"ASV_4125","no_hit","no_hit","no_hit","no_hit","no_hit","no_hit","no_hit"
"4009","ASV_4126",0.000265997983562699,-0.00528442579384103,0.001028632490439,"ASV_4126","no_hit","no_hit","no_hit","no_hit","no_hit","no_hit","s_"
"4010","ASV_4127",0.00253220375511149,0.00287636238573258,0.00467753057941521,"ASV_4127","no_hit","unknown","unknown","unknown","unknown","unknown","s_"
"4011","ASV_4128",-0.00506914459846579,-0.00770957901220307,0.00396726536426454,"ASV_4128","no_hit","Dinophyceae","Dinophyceae","Syndiniales","Amoebophryaceae","Amoebophrya","s_"
"4012","ASV_4129",-0.0030607425272606,-0.00804000804542149,0.00363547960344938,"ASV_4129","no_hit","Dinophyceae","Dinophyceae","Suessiales","Suessiaceae","g_","s_"
"4013","ASV_4130",0.000248542197573854,-0.00540458468864355,0.00105019711666859,"ASV_4130","no_hit","unknown","unknown","unknown","unknown","g_","s_"
"4014","ASV_4131",0.00404595729208293,0.00313483815901174,0.00414767276802878,"ASV_4131","no_hit","Dinophyceae","Dinophyceae","Gymnodiniales","no_hit","no_hit","no_hit"
"4015","ASV_4132",0.00625694621809948,0.00337319568601903,0.00497775322500442,"ASV_4132","no_hit","no_hit","no_hit","no_hit","no_hit","no_hit","no_hit"
"4016","ASV_4133",0.00104444081853407,0.00342889431905766,0.00296514733515197,"ASV_4133","no_hit","Dinophyceae","Dinophyceae","Syndiniales","Amoebophryaceae","g_","s_"
"4017","ASV_4134",-0.00090079997420413,-0.00128309294123784,-0.000303896929485942,"ASV_4134","no_hit","unknown","Polycystinea","Nassellaria","Theoperidae","Pterocanium","s_"
"4018","ASV_4135",-0.00264667718936685,-0.00545620490350553,0.00247328351310892,"ASV_4135","no_hit","Ciliophora","Spirotrichea","unknown","Tontoniidae","Pseudotontonia","s_"
"4019","ASV_4136",-0.00371692108606171,-0.0146233404308839,0.00644259069338637,"ASV_4136","no_hit","no_hit","no_hit","no_hit","no_hit","no_hit","no_hit"
"4020","ASV_4137",0.000385725134494327,-0.000711624100343261,-0.000921010763693792,"ASV_4137","Metazoa","Cnidaria","Hydrozoa","Trachymedusae","Rhopalonematidae","Crossota","Crossota millsae"
"4021","ASV_4138",-0.00173132291853711,-0.000421033333551871,0.00491880922926491,"ASV_4138","Metazoa","Arthropoda","Hexanauplia","Poecilostomatoida","Oncaeidae","g_","s_"
"4022","ASV_4140",0.00469508925904268,0.00271047539414388,0.00449626703932622,"ASV_4140","Viridiplantae","Chlorophyta","Mamiellophyceae","Dolichomastigales","Crustomastigaceae","g_","s_"
"4023","ASV_4142",-0.0110552904154978,0.00776132096703989,-0.000975494839104876,"ASV_4142","no_hit","Dinophyceae","Dinophyceae","Syndiniales","Amoebophryaceae","Amoebophrya","no_hit"
"4024","ASV_4143",0.000462006720468718,-0.00758780760378649,0.00204740989859157,"ASV_4143","no_hit","Dinophyceae","Dinophyceae","Syndiniales","Amoebophryaceae","g_","s_"
"4025","ASV_4144",-0.00802693240993128,-0.000101446037935982,0.00256656879914501,"ASV_4144","no_hit","Dinophyceae","Dinophyceae","no_hit","no_hit","no_hit","no_hit"
"4026","ASV_4145",-0.00225709720279484,-0.00714019896313748,0.00390218907619983,"ASV_4145","no_hit","Dinophyceae","Dinophyceae","Syndiniales","no_hit","g_","s_"
"4027","ASV_4146",-0.000505234706644609,-0.00162348356247282,-4.58954584117504e-05,"ASV_4146","no_hit","no_hit","no_hit","no_hit","no_hit","g_","s_"
"4028","ASV_4147",0.000648389510762897,0.00267335966506396,-0.00264173138283944,"ASV_4147","no_hit","Euglenozoa","unknown","Diplonemea","no_hit","no_hit","no_hit"
"4029","ASV_4148",-0.00479570936365534,-0.013091084101934,0.00646784058582587,"ASV_4148","no_hit","Euglenozoa","unknown","Diplonemea","no_hit","no_hit","s_"
"4030","ASV_4149",-0.00921193031359451,0.0053387742636736,0.0024972668939537,"ASV_4149","no_hit","Dinophyceae","Dinophyceae","Syndiniales","Amoebophryaceae","Amoebophrya","no_hit"
"4031","ASV_4150",0.000391203398618545,-0.00212958154206618,-0.000443715259477402,"ASV_4150","unassigned","unassigned","unassigned","unassigned","unassigned","unassigned","unassigned"
"4032","ASV_4151",-0.000919617343417291,-0.00769439668656082,0.00225678069885901,"ASV_4151","no_hit","Dinophyceae","Dinophyceae","no_hit","no_hit","g_","s_"
"4033","ASV_4152",-0.0101029594342896,0.00418558930960544,0.00182730762686779,"ASV_4152","no_hit","Euglenozoa","unknown","Diplonemea","no_hit","g_","s_"
"4034","ASV_4153",-0.00961723022988704,0.00779717525123472,-0.00124632346812914,"ASV_4153","no_hit","no_hit","no_hit","no_hit","no_hit","no_hit","s_"
"4035","ASV_4155",-0.00139640762367775,-0.00264601051468701,0.000443672440409891,"ASV_4155","no_hit","Dinophyceae","Dinophyceae","no_hit","no_hit","no_hit","s_"
"4036","ASV_4156",-0.0102605986932254,-0.00290924641274049,0.00416202655198516,"ASV_4156","no_hit","Dinophyceae","Dinophyceae","no_hit","no_hit","g_","s_"
"4037","ASV_4157",0.00161469160154233,-0.000691760845456467,0.000475083794763299,"ASV_4157","Metazoa","Arthropoda","Hexanauplia","Calanoida","Calanidae","no_hit","no_hit"
"4038","ASV_4158",-0.0021603742488483,-0.0119935080106233,0.00425123290211379,"ASV_4158","no_hit","no_hit","no_hit","no_hit","no_hit","g_","s_"
"4039","ASV_4159",-0.00012253299084839,-0.00299081040439716,0.000371126170902435,"ASV_4159","no_hit","unknown","unknown","unknown","unknown","g_","s_"
"4040","ASV_4160",-0.00328509949807915,-0.00894570225132444,0.00395277187731797,"ASV_4160","no_hit","Dinophyceae","Dinophyceae","Syndiniales","Amoebophryaceae","Amoebophrya","no_hit"
"4041","ASV_4161",-0.000145837043091064,-0.0112110604625623,0.00392466343041789,"ASV_4161","no_hit","Dinophyceae","Dinophyceae","Peridiniales","Thecadiniaceae","g_","s_"
"4042","ASV_4162",0.000657924308244247,-0.00109918459297419,-0.000904278599359173,"ASV_4162","no_hit","no_hit","no_hit","no_hit","no_hit","g_","s_"
"4043","ASV_4163",-0.011950926088845,0.00794671272101651,0.000279299344048227,"ASV_4163","no_hit","no_hit","no_hit","no_hit","no_hit","no_hit","no_hit"
"4044","ASV_4164",-0.0126859710405383,0.0103673727625723,-0.00141164637122576,"ASV_4164","no_hit","unknown","unknown","unknown","unknown","unknown","s_"
"4045","ASV_4165",0.000121191703354171,0.00111772995146245,-0.000435059192528148,"ASV_4165","no_hit","unknown","Acantharea","Chaunacanthida","no_hit","no_hit","no_hit"
"4046","ASV_4166",-0.000581553308490019,-0.0110539245853619,0.00365760499815581,"ASV_4166","no_hit","Euglenozoa","unknown","Diplonemea","Hemistasiidae","g_","s_"
"4047","ASV_4167",-0.000393520596207773,-0.00213379324301555,-0.000448099871251009,"ASV_4167","no_hit","no_hit","no_hit","no_hit","no_hit","no_hit","no_hit"
"4048","ASV_4168",-0.00143600272450839,-0.00922388942428314,0.00316275658851123,"ASV_4168","no_hit","Cercozoa","unknown","unknown","Massisteriidae","Massisteria","Massisteria marina"
"4049","ASV_4169",0.000653102044707883,-0.00258444358530779,-0.000205842198818498,"ASV_4169","no_hit","unknown","unknown","unknown","unknown","unknown","uncultured marine picoeukaryote"
"4050","ASV_4170",-0.00397462875871065,0.000595099607286931,0.00179178417098532,"ASV_4170","no_hit","unknown","unknown","Telonemida","unknown","Telonema","no_hit"
"4051","ASV_4171",-0.00024442588415674,-0.0104530355773399,0.0032925239069991,"ASV_4171","no_hit","no_hit","no_hit","no_hit","no_hit","no_hit","no_hit"
"4052","ASV_4172",-0.00437067946618347,-0.00553231161476222,0.00354172927256197,"ASV_4172","no_hit","Dinophyceae","Dinophyceae","no_hit","no_hit","no_hit","s_"
"4053","ASV_4173",-0.00604610396694378,-0.0150548454777951,0.00768548753580061,"ASV_4173","no_hit","unknown","Polycystinea","no_hit","no_hit","no_hit","no_hit"
"4054","ASV_4174",-0.00242522704613041,0.00220849563257608,-0.000612248458731789,"ASV_4174","no_hit","unknown","unknown","unknown","unknown","g_","s_"
"4055","ASV_4175",-0.00209553008768917,-8.4869441749106e-05,-0.000220761340734085,"ASV_4175","Metazoa","Annelida","Polychaeta","Phyllodocida","Polynoidae","no_hit","no_hit"
"4056","ASV_4176",-0.00172782271970588,-0.0079833120075737,0.00249498787561979,"ASV_4176","no_hit","Dinophyceae","Dinophyceae","Syndiniales","Amoebophryaceae","g_","s_"
"4057","ASV_4177",-0.00317692256605172,-0.00744617826656101,0.00354456769309527,"ASV_4177","no_hit","Haptophyta","unknown","Prymnesiales","Chrysochromulinaceae","g_","s_"
"4058","ASV_4178",-0.00207344497656227,-0.00973326940189221,0.00369989335436817,"ASV_4178","no_hit","unknown","Ichthyosporea","Ichthyophonida","Ichthyophonidae","g_","s_"
"4059","ASV_4179",-0.000512616344475371,-0.00186605748078818,0.000133356127058258,"ASV_4179","Metazoa","Chordata","Appendicularia","Copelata","Oikopleuridae","Oikopleura","Oikopleura fusiformis"
"4060","ASV_4181",-0.00305940296368714,-0.00396216688931271,0.00201565421852945,"ASV_4181","no_hit","Dinophyceae","Dinophyceae","Syndiniales","Amoebophryaceae","g_","s_"
"4061","ASV_4182",-0.0048643694157193,-0.000528174740075221,0.00123661885730671,"ASV_4182","no_hit","Dinophyceae","Dinophyceae","Syndiniales","Amoebophryaceae","g_","s_"
"4062","ASV_4183",-0.00220185119895151,-0.00944503160497918,0.00355670063858584,"ASV_4183","no_hit","Ciliophora","Oligohymenophorea","Philasterida","Cinetochilidae","g_","s_"
"4063","ASV_4184",-0.00644247477583546,-0.00343788142081761,0.00318887567422003,"ASV_4184","no_hit","Dinophyceae","Dinophyceae","no_hit","no_hit","no_hit","no_hit"
"4064","ASV_4185",-0.0062865807537805,0.00254825584157411,0.000244337327533189,"ASV_4185","no_hit","unknown","Polycystinea","Collodaria","Sphaerozoidae","Collozoum","no_hit"
"4065","ASV_4186",-0.000471806257349562,-0.00962952154234305,0.0032966061971187,"ASV_4186","no_hit","Apicomplexa","Conoidasida","Corallicolida","Corallicolidae","g_","s_"
"4066","ASV_4187",-0.00315080326198175,-0.00676794196862702,0.0030300375499176,"ASV_4187","no_hit","no_hit","no_hit","no_hit","no_hit","no_hit","no_hit"
"4067","ASV_4188",-0.000166677986214468,0.00230941377226445,0.000254100988736626,"ASV_4188","no_hit","Dinophyceae","Dinophyceae","Prorocentrales","Prorocentraceae","g_","s_"
"4068","ASV_4189",-0.00247908335416099,-0.00132998332610133,0.00293366686994822,"ASV_4189","no_hit","no_hit","no_hit","no_hit","no_hit","g_","s_"
"4069","ASV_4190",-0.00118556050688181,-0.00500377730966485,0.00215640450926099,"ASV_4190","no_hit","Dinophyceae","Dinophyceae","Syndiniales","Amoebophryaceae","g_","s_"
"4070","ASV_4191",0.000723403888078866,-0.00169991398602055,-0.000643636840131335,"ASV_4191","no_hit","Dinophyceae","Dinophyceae","Syndiniales","no_hit","no_hit","no_hit"
"4071","ASV_4192",0.000999000590937486,0.00224533053865668,-0.00270766447667404,"ASV_4192","no_hit","no_hit","no_hit","no_hit","no_hit","no_hit","s_"
"4072","ASV_4193",-0.0116616811796718,0.00818213415592912,-0.000338047926818281,"ASV_4193","no_hit","Dinophyceae","Dinophyceae","Syndiniales","no_hit","no_hit","s_"
"4073","ASV_4195",0.000673007626330493,-0.012974591435258,0.00427347698849947,"ASV_4195","no_hit","Dinophyceae","Dinophyceae","Syndiniales","no_hit","no_hit","no_hit"
"4074","ASV_4196",-0.000472637042532098,-0.010856017061463,0.00410290473121967,"ASV_4196","no_hit","Dinophyceae","Dinophyceae","Syndiniales","no_hit","no_hit","s_"
"4075","ASV_4198",-0.000396615832879733,-0.00857066035631882,0.00270277937917064,"ASV_4198","no_hit","no_hit","no_hit","no_hit","no_hit","g_","s_"
"4076","ASV_4199",-0.00905571249114907,0.00102072574097817,0.00161769320782039,"ASV_4199","no_hit","unknown","Polycystinea","Spumellaria","Actinommidae","Hexacontium","s_"
"4077","ASV_4201",-0.00375704167474381,-0.00562841366804437,0.00302659313803868,"ASV_4201","no_hit","Haptophyta","unknown","Prymnesiales","Chrysochromulinaceae","Chrysochromulina","Chrysochromulina strobilus"
"4078","ASV_4202",-0.00646599227742604,0.00622323564197284,-0.000111521131204413,"ASV_4202","no_hit","Dinophyceae","Dinophyceae","Syndiniales","Amoebophryaceae","Amoebophrya","s_"
"4079","ASV_4203",0.000789375112863545,-0.00184511395481797,-0.000619584792452667,"ASV_4203","no_hit","no_hit","no_hit","no_hit","no_hit","no_hit","s_"
"4080","ASV_4204",-0.00330531554854335,0.000396150015576973,0.000152591599100131,"ASV_4204","no_hit","Dinophyceae","Dinophyceae","no_hit","no_hit","no_hit","no_hit"
"4081","ASV_4205",-0.000118272892752264,-0.00211701221133846,-5.67493563220823e-05,"ASV_4205","no_hit","unknown","unknown","unknown","unknown","g_","s_"
"4082","ASV_4206",-0.00366192247984977,-0.0116156552042801,0.00532059096779425,"ASV_4206","no_hit","Dinophyceae","Dinophyceae","Syndiniales","no_hit","no_hit","no_hit"
"4083","ASV_4208",0.00125540808883408,0.000174740809255049,-0.00084526562925899,"ASV_4208","no_hit","unknown","Polycystinea","no_hit","no_hit","no_hit","no_hit"
"4084","ASV_4209",-0.00344065468149483,-0.0105510256529029,0.00498100018858912,"ASV_4209","no_hit","unknown","unknown","unknown","unknown","g_","s_"
"4085","ASV_4210",-0.00358955938246383,-0.00130219428044766,0.00228025620243071,"ASV_4210","no_hit","Dinophyceae","Dinophyceae","no_hit","no_hit","no_hit","s_"
"4086","ASV_4211",0.00022890235833124,-0.00343567878369532,0.000347342942241925,"ASV_4211","no_hit","Dinophyceae","Dinophyceae","Blastodiniales","unknown","Blastodinium","Blastodinium oviforme"
"4087","ASV_4212",-0.00131395611771111,-0.00160583323465972,0.000211420011224423,"ASV_4212","no_hit","Dinophyceae","Dinophyceae","no_hit","no_hit","g_","s_"
"4088","ASV_4214",-0.00799989436042567,0.00294700463472049,0.00089757843202987,"ASV_4214","no_hit","Endomyxa","Ascetosporea","Paradiniida","unknown","g_","s_"
"4089","ASV_4215",-0.00783873079720808,-0.00157986818624916,0.00241024342300762,"ASV_4215","no_hit","Dinophyceae","Dinophyceae","no_hit","no_hit","no_hit","s_"
"4090","ASV_4216",-0.0118253325600687,0.00935099745706698,-0.00159208003587038,"ASV_4216","Fungi","Chytridiomycota","Chytridiomycetes","no_hit","no_hit","g_","s_"
"4091","ASV_4217",0.00693953686306194,0.00526483501856095,0.00752498569097339,"ASV_4217","no_hit","no_hit","no_hit","no_hit","no_hit","no_hit","no_hit"
"4092","ASV_4218",0.00382963441302403,0.00168528322042436,0.00574130310105682,"ASV_4218","no_hit","Oomycota","unknown","Lagenidiales","Haliphthoraceae","Haliphthoros","no_hit"
"4093","ASV_4219",-0.00133954367881698,-0.00478661602890474,0.00155827734227314,"ASV_4219","no_hit","Dinophyceae","Dinophyceae","Blastodiniales","unknown","g_","s_"
"4094","ASV_4220",-0.00212500882210846,-0.00547072135694793,0.00202896912489786,"ASV_4220","no_hit","Dinophyceae","Dinophyceae","Syndiniales","no_hit","g_","s_"
"4095","ASV_4221",0.00064650363989922,0.000713094140858213,-0.00173556661151478,"ASV_4221","no_hit","no_hit","no_hit","no_hit","no_hit","no_hit","no_hit"
"4096","ASV_4223",-0.00632486946769997,-0.0101828354652219,0.00576093475212218,"ASV_4223","no_hit","Euglenozoa","unknown","Diplonemea","unknown","unknown","s_"
"4097","ASV_4224",0.000809918251783477,0.00089084982237672,-0.00178167940470233,"ASV_4224","no_hit","Euglenozoa","unknown","Diplonemea","unknown","unknown","s_"
"4098","ASV_4225",-0.00198434023532135,-0.00051653257894008,1.59226704746753e-05,"ASV_4225","no_hit","unknown","unknown","unknown","unknown","g_","s_"
"4099","ASV_4226",-0.00251705103761137,-0.00184655813828194,0.00147673210603177,"ASV_4226","no_hit","Dinophyceae","Dinophyceae","no_hit","no_hit","g_","s_"
"4100","ASV_4227",0.00499869177696544,0.00178851671704097,0.00352471713000664,"ASV_4227","Metazoa","Rotifera","Eurotatoria","Ploima","Synchaetidae","Synchaeta","Synchaeta tremuloida"
"4101","ASV_4229",-0.000155290712049144,-0.0113502080211365,0.0037291200969692,"ASV_4229","no_hit","unknown","Cryptophyceae","Pyrenomonadales","Geminigeraceae","Proteomonas","s_"
"4102","ASV_4230",0.000143080052410747,-0.0137074178372495,0.00464480058963695,"ASV_4230","no_hit","no_hit","no_hit","no_hit","no_hit","g_","s_"
"4103","ASV_4231",-0.00379127330533258,-0.00568934052876394,0.00459173379799604,"ASV_4231","no_hit","Dinophyceae","Dinophyceae","no_hit","no_hit","no_hit","no_hit"
"4104","ASV_4232",-0.000447134309533462,-0.0088081530454135,0.00274715733972096,"ASV_4232","no_hit","Dinophyceae","Dinophyceae","Gymnodiniales","Kareniaceae","g_","s_"
"4105","ASV_4233",-0.00513829261732288,-0.00196673188129872,0.00284170928729319,"ASV_4233","no_hit","Dinophyceae","Dinophyceae","Gymnodiniales","Gymnodiniaceae","g_","s_"
"4106","ASV_4235",0.00340468387443583,0.00074105140075266,0.00298270880870972,"ASV_4235","no_hit","Dinophyceae","Dinophyceae","Peridiniales","Protoperidiniaceae","g_","s_"
"4107","ASV_4236",-0.000316519400854334,-0.00127212043807952,0.000152532890514536,"ASV_4236","no_hit","no_hit","no_hit","no_hit","no_hit","no_hit","s_"
"4108","ASV_4237",-0.0103451402894188,0.00659769221044371,-0.000469783610727383,"ASV_4237","no_hit","Foraminifera","unknown","Rotaliida","Catapsydracidae","g_","s_"
"4109","ASV_4238",-0.000203466028335237,-0.0127805186156105,0.00466247980395421,"ASV_4238","no_hit","unknown","Polycystinea","no_hit","no_hit","no_hit","s_"
"4110","ASV_4239",-0.00702784231501339,-0.00059319327611185,0.00536009238068942,"ASV_4239","no_hit","unknown","Cryptophyceae","Cyathomonadacea","Goniomonadaceae","g_","s_"
"4111","ASV_4240",-0.000259552261908506,-0.00502189678399967,0.00102897153427392,"ASV_4240","no_hit","no_hit","no_hit","no_hit","no_hit","no_hit","s_"
"4112","ASV_4241",-0.0132426378681146,0.00977920664421186,-0.000843624710290941,"ASV_4241","no_hit","unknown","unknown","unknown","unknown","g_","s_"
"4113","ASV_4242",-0.00462284884083683,-0.0122461193263883,0.00631794514040791,"ASV_4242","no_hit","no_hit","no_hit","no_hit","no_hit","g_","s_"
"4114","ASV_4243",-0.000352835082812305,-0.00412781036835462,0.00243261395294864,"ASV_4243","no_hit","Oomycota","unknown","Lagenidiales","Haliphthoraceae","g_","s_"
"4115","ASV_4244",-0.00178444761459816,-0.0160158925729461,0.00672083439394068,"ASV_4244","no_hit","Imbricatea","unknown","Thaumatomonadida","no_hit","g_","s_"
"4116","ASV_4245",-0.00309844938913824,-0.00530212453672883,0.00323230802535314,"ASV_4245","no_hit","Dinophyceae","Dinophyceae","Syndiniales","Amoebophryaceae","g_","s_"
"4117","ASV_4246",-0.00140903146680373,-0.00827673539483775,0.00270222397135577,"ASV_4246","no_hit","Dinophyceae","Dinophyceae","Syndiniales","Amoebophryaceae","Amoebophrya","no_hit"
"4118","ASV_4247",-0.010813726679747,0.00565604351814549,0.000131838896326529,"ASV_4247","no_hit","Dinophyceae","Dinophyceae","no_hit","no_hit","no_hit","no_hit"
"4119","ASV_4248",0.00756215926706922,0.00451736754754431,0.00713212990222465,"ASV_4248","no_hit","Dinophyceae","Dinophyceae","no_hit","no_hit","no_hit","no_hit"
"4120","ASV_4249",-0.00654024546366495,0.00446997316094377,0.000610224753342587,"ASV_4249","no_hit","no_hit","no_hit","no_hit","no_hit","g_","s_"
"4121","ASV_4250",0.00102260699364658,-6.50171656202942e-05,-0.000851260089363319,"ASV_4250","no_hit","unknown","unknown","unknown","unknown","unknown","eukaryote clone OLI11007"
"4122","ASV_4251",-0.00201371176055897,-0.0126233209771181,0.00482482370633608,"ASV_4251","no_hit","no_hit","no_hit","no_hit","no_hit","g_","s_"
"4123","ASV_4252",-0.0102237485376608,0.00693628193668855,-0.00080908130837829,"ASV_4252","no_hit","unknown","Acantharea","Chaunacanthida","no_hit","no_hit","no_hit"
"4124","ASV_4253",-0.00167179077584564,-0.0160912331078415,0.00674832279094353,"ASV_4253","no_hit","Euglenozoa","unknown","Diplonemea","no_hit","no_hit","s_"
"4125","ASV_4254",-0.00246308485351436,-0.00617681272883817,0.00369772556775925,"ASV_4254","no_hit","Dinophyceae","Dinophyceae","no_hit","no_hit","no_hit","no_hit"
"4126","ASV_4255",-0.0133556227440634,0.0116030672414002,-0.000440624403711928,"ASV_4255","no_hit","unknown","unknown","unknown","unknown","g_","s_"
"4127","ASV_4256",0.00183778557103828,0.000273405230867586,-0.000356139845247917,"ASV_4256","Metazoa","Arthropoda","Hexanauplia","Calanoida","Eucalanidae","Eucalanus","Eucalanus hyalinus"
"4128","ASV_4257",-0.00133142194119577,0.00335490997556095,0.000680766239302723,"ASV_4257","no_hit","unknown","unknown","unknown","unknown","unknown","uncultured marine eukaryote"
"4129","ASV_4258",2.71877094904233e-05,-0.0132812502086337,0.00448438558209721,"ASV_4258","no_hit","unknown","Polycystinea","no_hit","no_hit","no_hit","s_"
"4130","ASV_4259",0.00020126521307501,-0.0104042626966676,0.00340724959287742,"ASV_4259","no_hit","unknown","unknown","unknown","unknown","g_","s_"
"4131","ASV_4260",0.00506025189846042,0.00376854941421529,0.00572027798897769,"ASV_4260","no_hit","unknown","unknown","Pirsoniales","unknown","g_","s_"
"4132","ASV_4261",0.00058628342049793,0.00102164872494551,-0.00185297202134504,"ASV_4261","no_hit","unknown","Polycystinea","no_hit","no_hit","no_hit","no_hit"
"4133","ASV_4262",-0.00532929887602658,-0.00256878405045843,0.00310567173170128,"ASV_4262","no_hit","no_hit","no_hit","no_hit","no_hit","no_hit","s_"
"4134","ASV_4264",0.000496908286845033,-0.00208802369116518,-0.000482188578998735,"ASV_4264","no_hit","Dinophyceae","Dinophyceae","Syndiniales","no_hit","g_","s_"
"4135","ASV_4265",-0.00896720635346099,-0.0105769612012105,0.00663963369701997,"ASV_4265","no_hit","no_hit","no_hit","no_hit","no_hit","no_hit","no_hit"
"4136","ASV_4267",-0.00870018970499433,-0.000627418246517221,0.00266761840972727,"ASV_4267","no_hit","unknown","Bolidophyceae","Parmales","Triparmaceae","g_","s_"
"4137","ASV_4268",-0.00136769709666238,-0.00659720954970621,0.00227191343840988,"ASV_4268","no_hit","Ciliophora","Colpodea","unknown","unknown","g_","s_"
"4138","ASV_4271",-0.000998399449988358,-0.00939236551337376,0.00317392841419655,"ASV_4271","no_hit","Dinophyceae","Dinophyceae","Syndiniales","Amoebophryaceae","g_","s_"
"4139","ASV_4272",0.000859368087607634,-0.00538647022247926,0.000982756664736554,"ASV_4272","no_hit","no_hit","no_hit","no_hit","no_hit","g_","s_"
"4140","ASV_4273",-0.00819550399649859,0.00499103079024382,0.000360315459677213,"ASV_4273","no_hit","no_hit","no_hit","no_hit","no_hit","no_hit","s_"
"4141","ASV_4274",0.00308251587062602,0.00318978821021786,0.00319986464624236,"ASV_4274","Metazoa","Cnidaria","Hydrozoa","Leptothecata","Mitrocomidae","g_","s_"
"4142","ASV_4275",-0.000660889143578447,-0.00309660473757584,0.000579383854194804,"ASV_4275","Metazoa","Cnidaria","Hydrozoa","Narcomedusae","Tetraplatiidae","Tetraplatia","Tetraplatia volitans"
"4143","ASV_4276",-0.00127013412417601,-0.0107324878709519,0.00381868577972162,"ASV_4276","no_hit","Dinophyceae","Dinophyceae","Syndiniales","no_hit","no_hit","no_hit"
"4144","ASV_4277",-0.000270621266336358,-0.00426600014822945,0.000844652714966856,"ASV_4277","no_hit","Euglenozoa","unknown","Diplonemea","unknown","g_","s_"
"4145","ASV_4278",-0.00217621285240949,-0.00252272297808589,0.00393906588775951,"ASV_4278","no_hit","Dinophyceae","Dinophyceae","no_hit","no_hit","no_hit","s_"
"4146","ASV_4279",-0.000688479917612879,-0.00489016664296778,0.00158970756748272,"ASV_4279","no_hit","Euglenozoa","unknown","Diplonemea","no_hit","g_","s_"
"4147","ASV_4280",0.000138470033487998,-0.00505276240335685,0.000870886578595344,"ASV_4280","no_hit","unknown","Polycystinea","Nassellaria","Theoperidae","Eucyrtidium","s_"
"4148","ASV_4281",-0.000654390024438878,-0.00441154039749614,0.000730334446252334,"ASV_4281","no_hit","no_hit","no_hit","no_hit","no_hit","no_hit","no_hit"
"4149","ASV_4282",0.000662160337176827,-0.00468840482114122,0.000722082606436355,"ASV_4282","no_hit","Dinophyceae","Dinophyceae","Syndiniales","Duboscquellidae","Duboscquella","s_"
"4150","ASV_4283",-0.00144293303755269,-0.00425757599026487,0.00143927325548014,"ASV_4283","Metazoa","Cnidaria","Hydrozoa","Siphonophorae","no_hit","no_hit","no_hit"
"4151","ASV_4284",-0.00216363761775829,0.00288636392988492,0.00241207380206648,"ASV_4284","no_hit","Dinophyceae","Dinophyceae","Syndiniales","Amoebophryaceae","Amoebophrya","no_hit"
"4152","ASV_4285",0.00148127757209926,0.000597217888675571,0.000160304992582262,"ASV_4285","no_hit","no_hit","no_hit","no_hit","no_hit","g_","s_"
"4153","ASV_4287",-0.0124060666508464,0.00350689528783005,0.00215422181411423,"ASV_4287","no_hit","no_hit","no_hit","no_hit","no_hit","no_hit","no_hit"
"4154","ASV_4288",0.00160592969502591,-0.011651732944808,0.00871612576332639,"ASV_4288","no_hit","Dinophyceae","Dinophyceae","Syndiniales","Eudubosquellidae","Euduboscquella","no_hit"
"4155","ASV_4289",-5.45765553742978e-05,-0.00940987045018313,0.00303871371366825,"ASV_4289","no_hit","Euglenozoa","unknown","Diplonemea","unknown","g_","s_"
"4156","ASV_4290",-0.00745675707957782,0.00444610697480666,0.000859937070596426,"ASV_4290","no_hit","no_hit","no_hit","no_hit","no_hit","no_hit","no_hit"
"4157","ASV_4291",0.00191671914324678,0.000661933940514018,-0.00057893637202071,"ASV_4291","no_hit","Ciliophora","Spirotrichea","Choreotrichida","Strobilidiidae","Pelagostrobilidium","s_"
"4158","ASV_4292",0.000343885857894654,0.00342431616106655,0.0029247044535191,"ASV_4292","no_hit","unknown","Cryptophyceae","Pyrenomonadales","Chroomonadaceae","Falcomonas","Falcomonas daucoides"
"4159","ASV_4294",-0.00284384601451686,-0.0153377305161562,0.00623871741953115,"ASV_4294","no_hit","Dinophyceae","Dinophyceae","Syndiniales","Amoebophryaceae","Amoebophrya","s_"
"4160","ASV_4295",-0.00614846253141399,-0.0109643821552617,0.00592284611616959,"ASV_4295","no_hit","Haptophyta","unknown","Zygodiscales","Braarudosphaeraceae","g_","s_"
"4161","ASV_4296",-0.000203925228616671,0.00195761954779939,0.00324474584416731,"ASV_4296","no_hit","no_hit","no_hit","no_hit","no_hit","g_","s_"
"4162","ASV_4298",-0.0020253095411121,-0.01696730583052,0.00703678726780756,"ASV_4298","no_hit","unknown","Bigyra","no_hit","no_hit","g_","s_"
"4163","ASV_4299",0.000237054610445264,-0.0002764397740174,-0.000975343326262357,"ASV_4299","no_hit","unknown","unknown","unknown","unknown","unknown","uncultured marine eukaryote"
"4164","ASV_4301",-0.00245599934403473,-0.0061056295041139,0.0032395532721929,"ASV_4301","no_hit","Dinophyceae","Dinophyceae","no_hit","no_hit","no_hit","no_hit"
"4165","ASV_4302",0.000576618420009567,-0.00105074758404034,-0.00091679576139906,"ASV_4302","no_hit","Dinophyceae","Dinophyceae","Syndiniales","Amoebophryaceae","g_","s_"
"4166","ASV_4303",-0.00293958604851891,-0.00170970368131005,0.00201386531866279,"ASV_4303","no_hit","no_hit","no_hit","no_hit","no_hit","no_hit","no_hit"
"4167","ASV_4304",0.00528958224074158,0.00261312789510144,0.00423829362569375,"ASV_4304","no_hit","Dinophyceae","Dinophyceae","Syndiniales","no_hit","no_hit","no_hit"
"4168","ASV_4305",0.00116509175748927,0.000299761187300082,-0.00245377843841635,"ASV_4305","no_hit","Ciliophora","Spirotrichea","unknown","Strombidiidae","Strombidium","s_"
"4169","ASV_4306",-0.000514872503244873,-0.00536431383499998,0.00120964277320837,"ASV_4306","no_hit","Dinophyceae","Dinophyceae","no_hit","no_hit","no_hit","s_"
"4170","ASV_4307",-0.00328102938835629,-0.00205475650566428,0.00183474932908254,"ASV_4307","no_hit","Dinophyceae","Dinophyceae","no_hit","no_hit","g_","s_"
"4171","ASV_4308",-0.000347838156314482,-0.00921675945334627,0.00285387165948936,"ASV_4308","no_hit","unknown","unknown","unknown","Apusomonadidae","g_","s_"
"4172","ASV_4309",0.000711640989526545,-0.00324851210514896,7.5836113196669e-06,"ASV_4309","no_hit","unknown","Polycystinea","Spumellaria","no_hit","no_hit","no_hit"
"4173","ASV_4310",-0.00317010146334281,-0.0139754605289584,0.00568834430516718,"ASV_4310","no_hit","unknown","unknown","unknown","unknown","g_","s_"
"4174","ASV_4311",0.0031104924336048,0.000721217987159835,0.0021442054564162,"ASV_4311","no_hit","no_hit","no_hit","no_hit","no_hit","g_","s_"
"4175","ASV_4312",-0.00239188002437731,-0.00912758885327318,0.00347124885526121,"ASV_4312","no_hit","Picozoa","unknown","unknown","unknown","unknown","Picobiliphyte sp. MS584-11"
"4176","ASV_4313",0.000535702916616659,0.00150378586654602,-0.00204410271243682,"ASV_4313","no_hit","Dinophyceae","Dinophyceae","Syndiniales","Amoebophryaceae","g_","s_"
"4177","ASV_4314",7.2923165878555e-05,-0.0068660103810965,0.00186970793779946,"ASV_4314","no_hit","Dinophyceae","Dinophyceae","Syndiniales","Amoebophryaceae","g_","s_"
"4178","ASV_4315",-0.000212656795010085,-0.0133865948566838,0.00476288146305199,"ASV_4315","no_hit","Dinophyceae","Dinophyceae","Syndiniales","no_hit","no_hit","s_"
"4179","ASV_4316",-0.00124739087244461,-0.00789495474134749,0.00288417873015342,"ASV_4316","no_hit","Dinophyceae","Dinophyceae","no_hit","no_hit","g_","s_"
"4180","ASV_4317",-0.00380135520187658,-0.0087334810592177,0.00398076439299419,"ASV_4317","no_hit","Dinophyceae","Dinophyceae","no_hit","no_hit","no_hit","s_"
"4181","ASV_4318",0.000676883558197655,-0.000994010937299943,-0.000937103400957246,"ASV_4318","no_hit","Euglenozoa","unknown","Diplonemea","unknown","g_","s_"
"4182","ASV_4319",-0.000529627246515459,-0.00461159033975984,0.000913954797238628,"ASV_4319","no_hit","Ciliophora","Oligohymenophorea","Philasterida","Cinetochilidae","g_","s_"
"4183","ASV_4320",-0.000199896395844615,-0.00374900060819707,0.000526755701139054,"ASV_4320","no_hit","unknown","Polycystinea","no_hit","no_hit","g_","s_"
"4184","ASV_4321",0.000769449536594024,0.00160761591965624,-0.000492786802972792,"ASV_4321","no_hit","no_hit","no_hit","no_hit","no_hit","no_hit","no_hit"
"4185","ASV_4322",0.000647352123577742,-0.00154801048539929,-0.000712838438362249,"ASV_4322","no_hit","Dinophyceae","Dinophyceae","Syndiniales","Amoebophryaceae","g_","s_"
"4186","ASV_4323",0.000387027866660476,-0.00928930654643957,0.0028313917324196,"ASV_4323","no_hit","Dinophyceae","Dinophyceae","Syndiniales","no_hit","no_hit","no_hit"
"4187","ASV_4325",-0.00533286556129491,0.00295700468852649,0.00249376568202286,"ASV_4325","no_hit","unknown","unknown","unknown","unknown","g_","s_"
"4188","ASV_4328",0.00341992500074732,0.000133590197063411,0.00409046450513869,"ASV_4328","no_hit","Oomycota","unknown","Lagenidiales","Haliphthoraceae","Haliphthoros","no_hit"
"4189","ASV_4329",-0.00779991061377298,0.00636440347467596,-0.00111127050871578,"ASV_4329","no_hit","no_hit","no_hit","no_hit","no_hit","g_","s_"
"4190","ASV_4330",-0.00357578174862346,0.00115979315917391,-5.69107240525821e-05,"ASV_4330","no_hit","unknown","unknown","unknown","unknown","unknown","uncultured marine eukaryote"
"4191","ASV_4331",0.000527742511537797,-0.00116104917897298,-0.00087523125709925,"ASV_4331","no_hit","unknown","unknown","unknown","unknown","g_","s_"
"4192","ASV_4332",-0.00358740722073985,0.000600918540346539,0.000646253825865528,"ASV_4332","no_hit","unknown","unknown","unknown","unknown","unknown","s_"
"4193","ASV_4333",-0.000917639653311939,-0.0152708747015466,0.00592486523005776,"ASV_4333","no_hit","Euglenozoa","unknown","Diplonemea","unknown","unknown","s_"
"4194","ASV_4334",-0.000205902605839394,-0.000268288000038534,-0.0011890617628676,"ASV_4334","no_hit","Dinophyceae","Dinophyceae","Peridiniales","no_hit","no_hit","s_"
"4195","ASV_4335",0.000700301117405298,-0.00209361026250343,-0.000427055109761562,"ASV_4335","no_hit","unknown","unknown","unknown","unknown","g_","s_"
"4196","ASV_4336",-0.00276734688173552,-0.0047581373551762,0.00482478582637112,"ASV_4336","no_hit","Dinophyceae","Dinophyceae","Syndiniales","no_hit","no_hit","no_hit"
"4197","ASV_4337",0.000366848335849812,-0.00092527132077697,-0.00213797002943507,"ASV_4337","no_hit","Dinophyceae","Dinophyceae","Lophodiniales","Lophodiniaceae","g_","s_"
"4198","ASV_4338",-0.00183708805030584,-0.00293450014055578,0.00184467040079734,"ASV_4338","no_hit","Dinophyceae","Dinophyceae","Gymnodiniales","Gymnodiniaceae","Lepidodinium","Lepidodinium viride"
"4199","ASV_4339",0.00360187300279547,0.00214537818749092,0.00368538420482645,"ASV_4339","no_hit","Dinophyceae","Dinophyceae","Syndiniales","Amoebophryaceae","g_","s_"
"4200","ASV_4340",0.000161549875062681,-0.00370684504450855,0.000584077784143175,"ASV_4340","no_hit","no_hit","no_hit","no_hit","no_hit","g_","s_"
"4201","ASV_4341",-0.00855576508105295,0.00592161011526501,-0.00072092284935353,"ASV_4341","no_hit","no_hit","no_hit","no_hit","no_hit","no_hit","no_hit"
"4202","ASV_4342",-0.0116040615107481,0.00349878728174192,0.00359177478069028,"ASV_4342","Metazoa","Arthropoda","Hexanauplia","Cyclopoida","Oithonidae","Oithona","Oithona similis"
"4203","ASV_4343",-0.00410179003755071,0.00163534880979406,-5.93429900887397e-05,"ASV_4343","no_hit","unknown","Polycystinea","Spumellaria","Actinommidae","Hexacontium","s_"
"4204","ASV_4344",0.00147060169440486,0.00211353357694722,0.00145209104743392,"ASV_4344","Viridiplantae","Chlorophyta","Pyramimonadophyceae","Pyramimonadales","Pyramimonadaceae","Pterosperma","s_"
"4205","ASV_4345",-0.00407716466487229,-0.0145975814458256,0.00744689879983325,"ASV_4345","no_hit","Dinophyceae","Dinophyceae","no_hit","no_hit","no_hit","s_"
"4206","ASV_4346",-0.0022846486622044,-0.0153572859938756,0.00600513139070847,"ASV_4346","no_hit","unknown","unknown","unknown","unknown","g_","s_"
"4207","ASV_4347",0.000590490024004204,0.000438112731107458,-0.00156030565281641,"ASV_4347","no_hit","Dinophyceae","Dinophyceae","Peridiniales","Peridiniaceae","g_","s_"
"4208","ASV_4348",0.000135041946622859,-0.00789045588076546,0.00224978397139746,"ASV_4348","no_hit","no_hit","no_hit","no_hit","no_hit","no_hit","no_hit"
"4209","ASV_4349",-0.000412721654347622,-0.0064403611402462,0.00188565517903437,"ASV_4349","no_hit","Dinophyceae","Dinophyceae","Syndiniales","no_hit","no_hit","no_hit"
"4210","ASV_4350",0.000147544875927918,-0.0150327010910305,0.00541391404081794,"ASV_4350","no_hit","Euglenozoa","unknown","Diplonemea","no_hit","no_hit","no_hit"
"4211","ASV_4351",-0.00109694669294622,-0.0118000088932842,0.00406453765829353,"ASV_4351","no_hit","Ciliophora","Spirotrichea","unknown","Tontoniidae","Pseudotontonia","Pseudotontonia simplicidens"
"4212","ASV_4354",-0.00267823952963925,-0.0119794958501517,0.00489139761107397,"ASV_4354","no_hit","Dinophyceae","Dinophyceae","Peridiniales","Peridiniaceae","Pentapharsodinium","s_"
"4213","ASV_4355",-0.0063282347995009,-0.000577384296633357,0.00166744681802508,"ASV_4355","no_hit","no_hit","no_hit","no_hit","no_hit","g_","s_"
"4214","ASV_4356",0.000563967924574233,-0.00492467530145078,0.000878859841986498,"ASV_4356","no_hit","unknown","unknown","unknown","unknown","g_","s_"
"4215","ASV_4357",-0.0120661133035263,0.00851789796255041,-0.000746743635612637,"ASV_4357","Metazoa","Cnidaria","Anthozoa","Pennatulacea","Virgulariidae","g_","s_"
"4216","ASV_4358",0.00165479790239325,0.00194445438572288,0.00439229764101323,"ASV_4358","no_hit","no_hit","no_hit","no_hit","no_hit","no_hit","no_hit"
"4217","ASV_4359",0.0045253038960858,0.00163630423596763,0.00327903970692453,"ASV_4359","no_hit","Dinophyceae","Dinophyceae","no_hit","no_hit","no_hit","no_hit"
"4218","ASV_4360",-0.00435214261042897,-0.0133057106103713,0.00606443775665687,"ASV_4360","no_hit","no_hit","no_hit","no_hit","no_hit","no_hit","s_"
"4219","ASV_4361",0.00235963630954393,0.00231764924613068,0.00184015966626924,"ASV_4361","no_hit","Dinophyceae","Dinophyceae","Gonyaulacales","Amphidomataceae","g_","s_"
"4220","ASV_4362",-0.00195326420850801,-0.00902017057709773,0.00351143330721885,"ASV_4362","no_hit","Ciliophora","Oligohymenophorea","Philasterida","Loxocephalidae","g_","s_"
"4221","ASV_4366",0.000836864430859713,0.00220752170796612,-0.0024546281024144,"ASV_4366","no_hit","no_hit","no_hit","no_hit","no_hit","g_","s_"
"4222","ASV_4367",0.00721305652385192,0.0039022167333996,0.00665810143416405,"ASV_4367","no_hit","Bacillariophyta","Bacillariophyceae","Naviculales","Naviculaceae","Navicula","no_hit"
"4223","ASV_4368",-0.000781500106074791,-0.00333620847838587,0.000746229181315559,"ASV_4368","no_hit","no_hit","no_hit","no_hit","no_hit","g_","s_"
"4224","ASV_4370",-0.0129570624063595,0.0106060004628323,-0.00159221221760327,"ASV_4370","no_hit","Dinophyceae","Dinophyceae","Syndiniales","no_hit","no_hit","no_hit"
"4225","ASV_4372",-0.00052729997194894,-0.000777514673219931,-0.000180813904075861,"ASV_4372","no_hit","no_hit","no_hit","no_hit","no_hit","g_","s_"
"4226","ASV_4373",-0.000110679258273552,-0.000735560442713036,-0.000482165156969577,"ASV_4373","no_hit","unknown","Polycystinea","no_hit","no_hit","g_","s_"
"4227","ASV_4374",0.00732908151196396,0.00441170353905819,0.00658519127518829,"ASV_4374","no_hit","Dinophyceae","Dinophyceae","Peridiniales","Protoperidiniaceae","Protoperidinium","s_"
"4228","ASV_4377",-0.00299240126380061,-0.00842330791291467,0.0035294939000761,"ASV_4377","no_hit","Dinophyceae","Dinophyceae","no_hit","no_hit","no_hit","no_hit"
"4229","ASV_4378",-0.00123679593362718,-0.00501401357425476,0.00131228057018222,"ASV_4378","no_hit","Dinophyceae","Dinophyceae","Syndiniales","Amoebophryaceae","g_","s_"
"4230","ASV_4379",-0.00483349345026083,-0.00536476632804397,0.00316096379527339,"ASV_4379","no_hit","Dinophyceae","Dinophyceae","Syndiniales","Amoebophryaceae","Amoebophrya","s_"
"4231","ASV_4380",0.0007073356020703,-0.0022185751712405,-0.000371793574091692,"ASV_4380","no_hit","Euglenozoa","unknown","Diplonemea","unknown","g_","s_"
"4232","ASV_4382",0.000765997666048513,-0.000999593416977134,-0.00192366701000517,"ASV_4382","Metazoa","Arthropoda","Hexanauplia","Poecilostomatoida","Oncaeidae","no_hit","no_hit"
"4233","ASV_4383",0.000750600109068244,-0.000526827640013802,-0.00121625758623945,"ASV_4383","no_hit","Dinophyceae","Dinophyceae","Peridiniales","Peridiniaceae","g_","s_"
"4234","ASV_4384",0.00176004717356533,0.00132238543004212,0.000636111364789526,"ASV_4384","no_hit","unknown","Bigyra","Nanomonadea","unknown","Solenicola","s_"
"4235","ASV_4385",0.00311128643278115,0.00222613841216934,0.0026417452447751,"ASV_4385","no_hit","Dinophyceae","Dinophyceae","Gonyaulacales","Amphidomataceae","Azadinium","Azadinium polongum"
"4236","ASV_4386",-0.00232783743427544,-0.0066538333515733,0.00324381238128958,"ASV_4386","Metazoa","Arthropoda","Hexanauplia","Poecilostomatoida","Oncaeidae","Triconia","Triconia conifera"
"4237","ASV_4388",-0.00645101293489748,0.00416305926053224,-0.000297955300002887,"ASV_4388","no_hit","unknown","Bolidophyceae","Parmales","Triparmaceae","g_","s_"
"4238","ASV_4389",0.0055434216899136,0.00485324461563785,0.00686342522751378,"ASV_4389","no_hit","Haptophyta","unknown","Prymnesiales","Chrysochromulinaceae","Chrysochromulina","no_hit"
"4239","ASV_4390",-0.00392794757688943,-0.00297537839001608,0.00371354105667054,"ASV_4390","no_hit","unknown","unknown","unknown","unknown","unknown","uncultured marine eukaryote"
"4240","ASV_4391",0.000692644182886095,-0.00245079710295721,-0.000308909500919614,"ASV_4391","no_hit","no_hit","no_hit","no_hit","no_hit","g_","s_"
"4241","ASV_4392",0.00199606279270991,0.00212995471858301,0.00211162370133427,"ASV_4392","no_hit","Dinophyceae","Dinophyceae","Syndiniales","Amoebophryaceae","g_","s_"
"4242","ASV_4393",0.000187866382558847,-0.00502494491700344,0.00086397421249639,"ASV_4393","no_hit","Dinophyceae","Dinophyceae","Syndiniales","Duboscquellidae","g_","s_"
"4243","ASV_4394",0.000667878605547935,0.000792741693364166,-0.00186333435267726,"ASV_4394","no_hit","no_hit","no_hit","no_hit","no_hit","no_hit","no_hit"
"4244","ASV_4395",-0.00314473980617476,0.00381343874550733,3.71271083232658e-06,"ASV_4395","no_hit","Dinophyceae","Dinophyceae","Syndiniales","no_hit","no_hit","no_hit"
"4245","ASV_4396",0.00064918579170091,0.00256222279911935,-0.00259037072479411,"ASV_4396","no_hit","Euglenozoa","unknown","Diplonemea","unknown","g_","s_"
"4246","ASV_4397",0.00101205179239319,-0.000785000973749375,-9.15702947781054e-05,"ASV_4397","no_hit","Ciliophora","Phyllopharyngea","Dysteriida","Plesiotrichopidae","g_","s_"
"4247","ASV_4398",0.000329173413852635,-0.00702930824885247,0.00222196639504823,"ASV_4398","no_hit","unknown","unknown","unknown","unknown","g_","s_"
"4248","ASV_4399",-0.00523820775034802,-0.00281351207825802,0.0034417178964338,"ASV_4399","Viridiplantae","Chlorophyta","Mamiellophyceae","Dolichomastigales","Crustomastigaceae","g_","s_"
"4249","ASV_4400",0.000649999776246135,-0.000737207074393364,-0.00189860803914871,"ASV_4400","no_hit","unknown","unknown","unknown","unknown","unknown","uncultured marine picoeukaryote"
"4250","ASV_4401",-0.00673793411981925,0.00748709734706143,0.000632660947164834,"ASV_4401","no_hit","no_hit","no_hit","no_hit","no_hit","g_","s_"
"4251","ASV_4402",0.00444903193848079,-0.00418800494051298,0.0072097940171517,"ASV_4402","no_hit","Dinophyceae","Dinophyceae","no_hit","no_hit","no_hit","no_hit"
"4252","ASV_4403",-0.00625918702601771,0.00405272826699327,0.0010105456952325,"ASV_4403","no_hit","unknown","unknown","unknown","unknown","g_","s_"
"4253","ASV_4404",-0.00276644690375482,-0.00527126859569594,0.00452861393325429,"ASV_4404","no_hit","no_hit","no_hit","no_hit","no_hit","no_hit","no_hit"
"4254","ASV_4405",0.00232897999314648,-0.00316529044378435,0.00279258908729843,"ASV_4405","no_hit","Dinophyceae","Dinophyceae","no_hit","no_hit","no_hit","no_hit"
"4255","ASV_4406",0.000601334436118374,0.0015423907006046,-0.00212421710675129,"ASV_4406","no_hit","Euglenozoa","unknown","Diplonemea","unknown","g_","s_"
"4256","ASV_4407",-0.00413344256935143,-0.00809366602136996,0.00395813823737473,"ASV_4407","no_hit","Euglenozoa","unknown","Diplonemea","no_hit","no_hit","no_hit"
"4257","ASV_4408",-0.000382143521507767,-0.0117414582107883,0.00398218821886455,"ASV_4408","no_hit","Dinophyceae","Dinophyceae","Syndiniales","Amoebophryaceae","Amoebophrya","no_hit"
"4258","ASV_4409",-0.000316289411771251,-0.00438681000210896,0.00131960608590168,"ASV_4409","no_hit","unknown","unknown","unknown","unknown","g_","s_"
"4259","ASV_4410",0.000915601114296435,0.00160386140504767,-0.00234633575658515,"ASV_4410","no_hit","Dinophyceae","Dinophyceae","Gonyaulacales","Goniodomataceae","g_","s_"
"4260","ASV_4411",0.00295710437777869,0.00121803996067494,0.0013867970656778,"ASV_4411","no_hit","no_hit","no_hit","no_hit","no_hit","no_hit","no_hit"
"4261","ASV_4412",-0.00291879448965846,-0.00457685835150855,0.00279826498706498,"ASV_4412","no_hit","Haptophyta","no_hit","no_hit","no_hit","g_","s_"
"4262","ASV_4413",-0.000163698741042422,-0.00660528870049804,0.00152291640224538,"ASV_4413","no_hit","no_hit","no_hit","no_hit","no_hit","g_","s_"
"4263","ASV_4415",-0.0016260951115329,-0.00278891072815951,0.00123422390874177,"ASV_4415","no_hit","Dinophyceae","Dinophyceae","Peridiniales","Peridiniaceae","g_","s_"
"4264","ASV_4416",0.00078867533964161,-0.00190855508397913,-0.000613927031470734,"ASV_4416","no_hit","unknown","Polycystinea","Spumellaria","no_hit","g_","s_"
"4265","ASV_4417",0.00193794598298319,0.00380696385789536,0.00336454770351578,"ASV_4417","no_hit","Dinophyceae","Dinophyceae","Syndiniales","Amoebophryaceae","g_","s_"
"4266","ASV_4418",-0.00176144729894209,0.000798853109390835,0.00125922661769632,"ASV_4418","no_hit","Dinophyceae","Dinophyceae","Syndiniales","Amoebophryaceae","g_","s_"
"4267","ASV_4419",0.000725019177956194,0.000311046129942496,-0.00155159992476367,"ASV_4419","no_hit","unknown","unknown","unknown","unknown","unknown","s_"
"4268","ASV_4420",0.000962674108879303,0.0017643959514816,-0.00217845613217815,"ASV_4420","no_hit","no_hit","no_hit","no_hit","no_hit","no_hit","no_hit"
"4269","ASV_4421",-0.000516576194038937,-0.0040845262578038,0.000840878618729808,"ASV_4421","no_hit","no_hit","no_hit","no_hit","no_hit","no_hit","no_hit"
"4270","ASV_4422",-0.000160453748043045,-0.00202585913009729,-9.67586675696668e-05,"ASV_4422","no_hit","Euglenozoa","unknown","Diplonemea","unknown","unknown","s_"
"4271","ASV_4423",-0.000338508448686061,-0.00444639569708096,0.00151971919749874,"ASV_4423","no_hit","no_hit","no_hit","no_hit","no_hit","no_hit","no_hit"
"4272","ASV_4424",0.00324880559319963,0.000179443602680238,0.00148034758135964,"ASV_4424","no_hit","Dinophyceae","Dinophyceae","no_hit","no_hit","no_hit","s_"
"4273","ASV_4425",-0.00531816708676772,-0.00903201010377537,0.00455477898455206,"ASV_4425","no_hit","unknown","unknown","unknown","unknown","g_","s_"
"4274","ASV_4426",-0.00373234289841829,-0.00182730179308434,0.00112283538775967,"ASV_4426","no_hit","unknown","unknown","unknown","unknown","g_","s_"
"4275","ASV_4427",-0.000895996530704601,-0.00751224955612468,0.00256529181269982,"ASV_4427","no_hit","Dinophyceae","Dinophyceae","Syndiniales","Amoebophryaceae","g_","s_"
"4276","ASV_4428",-0.00609099383913024,0.00335684375792353,-0.000212253848454532,"ASV_4428","no_hit","Dinophyceae","Dinophyceae","Syndiniales","Amoebophryaceae","g_","s_"
"4277","ASV_4429",-0.00511597698804327,-0.00367560407277811,0.00374201176394219,"ASV_4429","no_hit","Cercozoa","no_hit","no_hit","no_hit","no_hit","s_"
"4278","ASV_4430",-0.00117166003339037,-0.00709247114511361,0.00204193699200575,"ASV_4430","no_hit","Dinophyceae","Dinophyceae","Syndiniales","Amoebophryaceae","g_","s_"
"4279","ASV_4431",0.00286783608941509,0.00217225294345033,0.00297687208239767,"ASV_4431","no_hit","Dinophyceae","Dinophyceae","Syndiniales","Amoebophryaceae","Amoebophrya","no_hit"
"4280","ASV_4432",-0.00152531058261782,-0.0056967968314578,0.00205527607511225,"ASV_4432","no_hit","Dinophyceae","Dinophyceae","Syndiniales","Amoebophryaceae","g_","s_"
"4281","ASV_4433",0.000631837602565742,-0.00159330100563381,-0.000620952554664336,"ASV_4433","no_hit","Dinophyceae","Dinophyceae","Syndiniales","no_hit","no_hit","s_"
"4282","ASV_4434",-0.000195053408199761,-0.00135474030031515,-0.000142715263590211,"ASV_4434","no_hit","Dinophyceae","Dinophyceae","Syndiniales","Amoebophryaceae","g_","s_"
"4283","ASV_4435",0.00409873264114403,0.00237860918174039,0.00331931761771544,"ASV_4435","no_hit","Ciliophora","Spirotrichea","unknown","Tontoniidae","Pseudotontonia","Pseudotontonia simplicidens"
"4284","ASV_4436",0.000330204100472605,-8.88638876475009e-05,-0.00108614564883057,"ASV_4436","Metazoa","Chordata","Appendicularia","Copelata","Fritillariidae","Fritillaria <tunicates>","s_"
"4285","ASV_4437",-0.00350477272046353,-0.00631269150937776,0.00299147740809532,"ASV_4437","no_hit","Ciliophora","Spirotrichea","Tintinnida","Tintinnidae","Salpingella","no_hit"
"4286","ASV_4438",-0.00128912798255443,-0.00702266680284043,0.00197181597064053,"ASV_4438","no_hit","Dinophyceae","Dinophyceae","Syndiniales","Duboscquellidae","g_","s_"
"4287","ASV_4439",-0.000872059095402321,-0.00599414267197281,0.00627267272151052,"ASV_4439","no_hit","unknown","Centroplasthelida","unknown","unknown","Meringosphaera","Meringosphaera mediterranea"
"4288","ASV_4440",-0.00111132556752498,-0.00556238484104795,0.00201125116081279,"ASV_4440","no_hit","Dinophyceae","Dinophyceae","Syndiniales","Amoebophryaceae","g_","s_"
"4289","ASV_4441",0.00700937401630472,0.00423828284946065,0.00673740834084592,"ASV_4441","no_hit","Imbricatea","unknown","Thaumatomonadida","no_hit","no_hit","no_hit"
"4290","ASV_4442",-0.00343402663771036,0.0027217708788075,0.00371438663304219,"ASV_4442","no_hit","Bacillariophyta","Coscinodiscophyceae","Coscinodiscales","Hemidiscaceae","no_hit","no_hit"
"4291","ASV_4444",-0.00649076463584291,-0.00231826424108578,0.00272294541478632,"ASV_4444","no_hit","Dinophyceae","Dinophyceae","Syndiniales","no_hit","g_","s_"
"4292","ASV_4445",-0.00446522868403476,-0.0026894165644862,0.00240627538438415,"ASV_4445","no_hit","Dinophyceae","Dinophyceae","no_hit","no_hit","no_hit","no_hit"
"4293","ASV_4446",-0.00125390318586643,-0.0093815211583124,0.00303064609992469,"ASV_4446","no_hit","Euglenozoa","unknown","Diplonemea","unknown","unknown","s_"
"4294","ASV_4447",-0.00423115000766706,-0.00874741923531731,0.00425260752391317,"ASV_4447","no_hit","Dinophyceae","Dinophyceae","Syndiniales","Amoebophryaceae","g_","s_"
"4295","ASV_4449",-0.000151390226967608,-0.0128838774155126,0.00483512787309173,"ASV_4449","no_hit","Dinophyceae","Dinophyceae","Syndiniales","Amoebophryaceae","g_","s_"
"4296","ASV_4450",-0.00190447092809581,-0.00737550879744826,0.00316265808221593,"ASV_4450","no_hit","no_hit","no_hit","no_hit","no_hit","no_hit","s_"
"4297","ASV_4451",0.00159654622558605,0.00133730142717053,0.000794461512774606,"ASV_4451","no_hit","Dinophyceae","Dinophyceae","Syndiniales","Amoebophryaceae","g_","s_"
"4298","ASV_4452",-0.00146387628467456,-0.00281891864964902,0.000882798877079143,"ASV_4452","no_hit","Dinophyceae","Dinophyceae","Syndiniales","Amoebophryaceae","g_","s_"
"4299","ASV_4453",8.30741154768048e-05,-0.00494929779642823,0.000954332217362142,"ASV_4453","no_hit","no_hit","no_hit","no_hit","no_hit","no_hit","no_hit"
"4300","ASV_4454",0.000433482107573393,-0.00172223498412575,-0.000611290782226644,"ASV_4454","no_hit","no_hit","no_hit","no_hit","no_hit","g_","s_"
"4301","ASV_4456",0.00152139414233861,0.00144581117893461,0.00245099209547605,"ASV_4456","no_hit","no_hit","no_hit","no_hit","no_hit","no_hit","no_hit"
"4302","ASV_4457",-0.0035713825826645,0.00413006236851955,0.000127280583566408,"ASV_4457","no_hit","unknown","unknown","unknown","unknown","unknown","uncultured marine eukaryote"
"4303","ASV_4458",0.000663199314114284,0.00114228228736411,-0.00193255576690621,"ASV_4458","no_hit","no_hit","no_hit","no_hit","no_hit","g_","s_"
"4304","ASV_4459",0.00596913783536733,0.00238434533758133,0.00560211587107831,"ASV_4459","no_hit","Dinophyceae","Dinophyceae","Peridiniales","Protoperidiniaceae","Protoperidinium","Protoperidinium leonis"
"4305","ASV_4460",-0.00629936868526734,-0.00804561388786849,0.0042449112058935,"ASV_4460","no_hit","no_hit","no_hit","no_hit","no_hit","g_","s_"
"4306","ASV_4461",-0.00352259180056996,0.00255428833560379,0.00126319024268148,"ASV_4461","no_hit","Dinophyceae","Dinophyceae","Gymnodiniales","Gymnodiniaceae","g_","s_"
"4307","ASV_4462",0.00071710606890025,-0.00143147815356762,-0.000771471694883381,"ASV_4462","no_hit","Dinophyceae","Dinophyceae","no_hit","no_hit","no_hit","no_hit"
"4308","ASV_4463",-0.00121019576994347,-0.00571453126772106,0.00195261617484078,"ASV_4463","no_hit","unknown","unknown","unknown","unknown","g_","s_"
"4309","ASV_4465",-0.00134930125792867,-0.0144304882672971,0.00535193157896384,"ASV_4465","no_hit","Dinophyceae","Dinophyceae","Syndiniales","Amoebophryaceae","g_","s_"
"4310","ASV_4466",0.000871267441374181,-0.00423269097986458,0.000455375804437716,"ASV_4466","no_hit","no_hit","no_hit","no_hit","no_hit","no_hit","s_"
"4311","ASV_4467",0.00399439356729822,0.0017568763202504,0.00264103084116544,"ASV_4467","no_hit","Dinophyceae","Dinophyceae","Gymnodiniales","Warnowiaceae","Erythropsidinium","no_hit"
"4312","ASV_4468",0.00341242976041742,-3.4695025736345e-05,0.00396236465829251,"ASV_4468","no_hit","Imbricatea","unknown","Thaumatomonadida","Thaumatomastigidae","Protaspis","s_"
"4313","ASV_4469",-0.00320617029130452,-0.00223369805301555,0.00209611525740961,"ASV_4469","no_hit","unknown","unknown","unknown","unknown","g_","s_"
"4314","ASV_4470",0.00062532894040834,0.0008872622292302,-0.00181813921906006,"ASV_4470","no_hit","Euglenozoa","unknown","Diplonemea","unknown","g_","s_"
"4315","ASV_4471",-0.00114321811560371,-0.0169703135047349,0.00668336587809105,"ASV_4471","no_hit","Dinophyceae","Dinophyceae","Peridiniales","Peridiniaceae","g_","s_"
"4316","ASV_4472",0.000861790936720489,0.00171856210605737,-0.00220583959466831,"ASV_4472","no_hit","unknown","Polycystinea","Collodaria","Sphaerozoidae","no_hit","no_hit"
"4317","ASV_4473",-0.00044627725246409,-0.00328166510808261,0.000823439695961765,"ASV_4473","no_hit","no_hit","no_hit","no_hit","no_hit","g_","s_"
"4318","ASV_4474",-0.000159088433663944,-0.00232367751182868,2.76771567694069e-05,"ASV_4474","no_hit","Dinophyceae","Dinophyceae","Syndiniales","Amoebophryaceae","g_","s_"
"4319","ASV_4475",-0.00100820465063633,-0.00655443632580204,0.00227027119272033,"ASV_4475","no_hit","Dinophyceae","Dinophyceae","no_hit","no_hit","no_hit","no_hit"
"4320","ASV_4477",-0.00368127897146748,-0.00678493427480871,0.0035479999597945,"ASV_4477","no_hit","Dinophyceae","Dinophyceae","no_hit","no_hit","g_","s_"
"4321","ASV_4478",-0.0049765818599115,-0.00672827545072117,0.00487059078184298,"ASV_4478","no_hit","Dinophyceae","Dinophyceae","Syndiniales","no_hit","no_hit","no_hit"
"4322","ASV_4480",0.000103339904381638,-0.00818476230936091,0.00229317586848939,"ASV_4480","no_hit","Euglenozoa","unknown","Diplonemea","unknown","g_","s_"
"4323","ASV_4481",-0.00211711147667673,-0.00426737386092286,0.00196223011582765,"ASV_4481","no_hit","Ciliophora","Oligohymenophorea","Philasterida","Loxocephalidae","g_","s_"
"4324","ASV_4483",-0.00102712337874776,-0.0125033250143247,0.0041821294661273,"ASV_4483","no_hit","unknown","unknown","unknown","unknown","g_","s_"
"4325","ASV_4485",0.00103988544070605,-0.00713640833286035,0.00176779308886539,"ASV_4485","no_hit","unknown","Polycystinea","no_hit","no_hit","no_hit","no_hit"
"4326","ASV_4486",-0.00146298571393961,-0.013709665532076,0.00482846756265754,"ASV_4486","no_hit","no_hit","no_hit","no_hit","no_hit","no_hit","no_hit"
"4327","ASV_4487",-0.00263751967790267,-0.00511846629710168,0.00252307709851321,"ASV_4487","no_hit","no_hit","no_hit","no_hit","no_hit","g_","s_"
"4328","ASV_4489",-0.00201427990959862,-0.00904324331548344,0.00324248416657037,"ASV_4489","no_hit","Imbricatea","unknown","Marimonadida","unknown","g_","s_"
"4329","ASV_4490",0.000400555560561312,-0.00595181381979129,0.00134131677392518,"ASV_4490","no_hit","Dinophyceae","Dinophyceae","Syndiniales","Amoebophryaceae","Amoebophrya","s_"
"4330","ASV_4491",0.000320670916719943,-0.00458805509069287,0.000625419858665649,"ASV_4491","no_hit","Dinophyceae","Dinophyceae","Syndiniales","Amoebophryaceae","g_","s_"
"4331","ASV_4492",0.00101016467771886,-0.000758003032659763,-0.0011515083658869,"ASV_4492","no_hit","Dinophyceae","Dinophyceae","Syndiniales","Duboscquellidae","Duboscquella","s_"
"4332","ASV_4493",0.00342163355390101,-0.0021122100231775,0.00417008549290025,"ASV_4493","no_hit","Ciliophora","no_hit","no_hit","no_hit","g_","s_"
"4333","ASV_4494",0.00547487086264235,0.00219446009526661,0.00491669202343248,"ASV_4494","no_hit","Dinophyceae","Dinophyceae","Peridiniales","Protoperidiniaceae","g_","s_"
"4334","ASV_4495",0.000491608496582151,-0.00553271457081634,0.00102741550669522,"ASV_4495","no_hit","Euglenozoa","unknown","Diplonemea","unknown","unknown","Diplonemida sp. 9sb RG-2016"
"4335","ASV_4496",-0.00214393583522055,0.00130885897620904,0.00308855876028195,"ASV_4496","no_hit","Dinophyceae","Dinophyceae","Syndiniales","Amoebophryaceae","g_","s_"
"4336","ASV_4497",-0.00273374654952661,-0.00235786937384909,0.00245153213358809,"ASV_4497","no_hit","no_hit","no_hit","no_hit","no_hit","no_hit","no_hit"
"4337","ASV_4498",-0.00647117577311058,0.00456239963805766,-0.000372109069399276,"ASV_4498","no_hit","Dinophyceae","Dinophyceae","no_hit","no_hit","no_hit","no_hit"
"4338","ASV_4499",-0.00287817572004518,-0.00311095423460277,0.0016580351929065,"ASV_4499","no_hit","Dinophyceae","Dinophyceae","Syndiniales","Duboscquellidae","g_","s_"
"4339","ASV_4500",-0.00455401462601975,0.00259667570200351,-0.00053704300027527,"ASV_4500","no_hit","Dinophyceae","Dinophyceae","no_hit","no_hit","no_hit","no_hit"
"4340","ASV_4501",-0.00131739396291067,-0.0109215055983645,0.00504218715481753,"ASV_4501","no_hit","unknown","unknown","unknown","unknown","unknown","s_"
"4341","ASV_4502",-0.000463844303175979,-0.00869789366902862,0.00293078004624154,"ASV_4502","no_hit","Dinophyceae","Dinophyceae","Syndiniales","no_hit","no_hit","no_hit"
"4342","ASV_4503",-0.00140744760185605,0.000905530586155544,-0.000803173977147793,"ASV_4503","no_hit","Dinophyceae","Dinophyceae","Syndiniales","Amoebophryaceae","g_","s_"
"4343","ASV_4504",0.00100564511810699,0.00138140953862177,-0.00221801532499093,"ASV_4504","Metazoa","Arthropoda","Ostracoda","Halocyprida","Halocyprididae","g_","s_"
"4344","ASV_4506",-0.00182846164100154,-0.00174922607207444,0.000531017531830925,"ASV_4506","no_hit","Dinophyceae","Dinophyceae","Gymnodiniales","no_hit","no_hit","no_hit"
"4345","ASV_4508",-0.000773855375996476,-0.00428531441222999,0.000934437640395764,"ASV_4508","no_hit","Ciliophora","Oligohymenophorea","Apostomatida","Colliniidae","g_","s_"
"4346","ASV_4509",0.00434701148623832,0.0018668260238003,0.00301762703338043,"ASV_4509","no_hit","Dinophyceae","Dinophyceae","Syndiniales","no_hit","no_hit","s_"
"4347","ASV_4510",0.000712062913272251,-0.00042080423649356,-0.00122309316921949,"ASV_4510","no_hit","Dinophyceae","Dinophyceae","Blastodiniales","unknown","Blastodinium","no_hit"
"4348","ASV_4511",-0.00292881385064897,0.00254007750374169,-0.00113143811551122,"ASV_4511","no_hit","Dinophyceae","Dinophyceae","Peridiniales","no_hit","g_","s_"
"4349","ASV_4512",-0.00108829571753225,-0.00652621031040075,0.00197588699631184,"ASV_4512","no_hit","Dinophyceae","Dinophyceae","no_hit","no_hit","no_hit","s_"
"4350","ASV_4513",0.000274318945233611,-0.00293979437122672,-8.46571614822526e-05,"ASV_4513","no_hit","unknown","unknown","unknown","unknown","g_","s_"
"4351","ASV_4514",-0.000217460305339385,0.00339817189574308,0.00312683899987829,"ASV_4514","no_hit","unknown","Cryptophyceae","no_hit","no_hit","no_hit","no_hit"
"4352","ASV_4515",0.00161548617879031,0.00314506351942757,0.003699157274957,"ASV_4515","no_hit","Haptophyta","unknown","Phaeocystales","Phaeocystaceae","Phaeocystis","no_hit"
"4353","ASV_4516",-0.00181893064043583,0.00143456382791376,-0.00125254914364161,"ASV_4516","Metazoa","Annelida","Polychaeta","Terebellida","Terebellidae","Lysilla","Lysilla sp. THS-2012"
"4354","ASV_4517",0.00139549498551693,-0.000412998874383834,-0.000833450662003965,"ASV_4517","Metazoa","Arthropoda","Malacostraca","Euphausiacea","Euphausiidae","no_hit","no_hit"
"4355","ASV_4518",-0.000417019066686814,-0.00147329037627813,0.00101481260089442,"ASV_4518","Metazoa","Annelida","Polychaeta","Spionida","Spionidae","g_","s_"
"4356","ASV_4519",-0.000937472680414282,-0.00885294304018378,0.00292850856908725,"ASV_4519","Metazoa","Cnidaria","Scyphozoa","Coronatae","Linuchidae","g_","s_"
"4357","ASV_4520",-0.00309019719980512,-0.00346683321705009,0.00145701048473324,"ASV_4520","no_hit","unknown","unknown","unknown","unknown","g_","s_"
"4358","ASV_4521",-0.00172778494087482,-0.0056180278531496,0.00230007500467342,"ASV_4521","no_hit","Dinophyceae","Dinophyceae","Syndiniales","Amoebophryaceae","Amoebophrya","s_"
"4359","ASV_4522",0.000158503003181576,-0.00623471644329995,0.00157240458087582,"ASV_4522","no_hit","unknown","Acantharea","no_hit","no_hit","no_hit","no_hit"
"4360","ASV_4523",0.00066134968088074,-0.000455586257246828,-0.00120459363144355,"ASV_4523","no_hit","no_hit","no_hit","no_hit","no_hit","no_hit","no_hit"
"4361","ASV_4524",0.00053973611516628,-0.00652115327583323,0.00154521252336085,"ASV_4524","no_hit","no_hit","no_hit","no_hit","no_hit","no_hit","no_hit"
"4362","ASV_4525",-0.0023217257361998,-0.0100080819231726,0.00383878747431755,"ASV_4525","no_hit","unknown","Cryptophyceae","Pyrenomonadales","Geminigeraceae","g_","s_"
"4363","ASV_4527",0.0048030666995647,0.00240110119840556,0.00436017008618821,"ASV_4527","no_hit","Dinophyceae","Dinophyceae","Syndiniales","Amoebophryaceae","Amoebophrya","no_hit"
"4364","ASV_4528",-0.0020918975811254,-0.00785475163931274,0.00311098625058178,"ASV_4528","no_hit","Euglenozoa","unknown","Diplonemea","unknown","g_","s_"
"4365","ASV_4530",0.00108910838983216,0.00163511163933112,-0.00231131400937692,"ASV_4530","no_hit","no_hit","no_hit","no_hit","no_hit","g_","s_"
"4366","ASV_4531",-0.000811602351177713,-0.00769383944566117,0.00232355510502271,"ASV_4531","no_hit","no_hit","no_hit","no_hit","no_hit","no_hit","no_hit"
"4367","ASV_4532",-0.00351271995720201,-0.00609667260782324,0.00316597184079564,"ASV_4532","no_hit","no_hit","no_hit","no_hit","no_hit","g_","s_"
"4368","ASV_4533",0.00629012193034561,0.00249874777120304,0.00464367273735174,"ASV_4533","no_hit","unknown","unknown","unknown","unknown","unknown","uncultured marine eukaryote"
"4369","ASV_4534",-0.00671871269882122,0.00359997243110206,0.00135801920864876,"ASV_4534","no_hit","Dinophyceae","Dinophyceae","Syndiniales","no_hit","no_hit","s_"
"4370","ASV_4535",-0.00273067949950861,-0.00220519410897209,0.00107288548938791,"ASV_4535","no_hit","no_hit","no_hit","no_hit","no_hit","no_hit","no_hit"
"4371","ASV_4536",0.0042659970655285,0.00177187116765748,0.00277839679683557,"ASV_4536","no_hit","Cercozoa","no_hit","no_hit","no_hit","no_hit","s_"
"4372","ASV_4537",-0.00642925128765993,0.00427853441343329,-0.00059122485519282,"ASV_4537","no_hit","unknown","Bigyra","Nanomonadea","unknown","g_","s_"
"4373","ASV_4538",0.00168503222837505,-0.000283846963500228,0.00362565476368418,"ASV_4538","no_hit","Oomycota","no_hit","no_hit","no_hit","no_hit","s_"
"4374","ASV_4539",0.00338946561333608,0.00187495488623339,0.00395305375333404,"ASV_4539","no_hit","Dinophyceae","Dinophyceae","Syndiniales","Amoebophryaceae","g_","s_"
"4375","ASV_4540",0.000334354593676776,-0.00863418257482998,0.00257130565578745,"ASV_4540","no_hit","no_hit","no_hit","no_hit","no_hit","g_","s_"
"4376","ASV_4541",0.00022429960623433,-0.000788256162509762,-0.000617463063331638,"ASV_4541","no_hit","no_hit","no_hit","no_hit","no_hit","no_hit","s_"
"4377","ASV_4542",-0.00558163060138905,-0.0123525869027302,0.0068328414158655,"ASV_4542","no_hit","Dinophyceae","Dinophyceae","Syndiniales","no_hit","no_hit","no_hit"
"4378","ASV_4543",-0.00118081445836438,-0.0021377842273609,0.000512006232051325,"ASV_4543","no_hit","unknown","unknown","unknown","unknown","unknown","s_"
"4379","ASV_4544",-0.00719062661160762,0.00600367155805949,9.79897211770268e-05,"ASV_4544","no_hit","Dinophyceae","Dinophyceae","no_hit","no_hit","no_hit","s_"
"4380","ASV_4545",-0.000947254645183918,-0.00626282078877776,0.00223063438826472,"ASV_4545","Metazoa","Annelida","Polychaeta","Phyllodocida","Alciopidae","Vanadis","no_hit"
"4381","ASV_4546",0.00329188138061184,9.59900473623609e-05,0.0032137405410438,"ASV_4546","no_hit","unknown","Choanoflagellata","unknown","unknown","g_","s_"
"4382","ASV_4549",-0.00277918570403919,-0.00512260146913528,0.00351599343902898,"ASV_4549","no_hit","no_hit","no_hit","no_hit","no_hit","no_hit","no_hit"
"4383","ASV_4550",0.000480340122309596,-0.010879992745931,0.00349963272929566,"ASV_4550","no_hit","Dinophyceae","Dinophyceae","Syndiniales","no_hit","no_hit","no_hit"
"4384","ASV_4551",-0.0027967102764698,0.00251358647063006,-0.00102488013709238,"ASV_4551","no_hit","Dinophyceae","Dinophyceae","Peridiniales","Protoperidiniaceae","g_","s_"
"4385","ASV_4552",-0.00298070249811035,-0.00330130352762407,0.00349139531882135,"ASV_4552","no_hit","Dinophyceae","Dinophyceae","Syndiniales","Duboscquellidae","Duboscquella","s_"
"4386","ASV_4553",-0.00508117514034486,-0.017095242025443,0.0079369113282141,"ASV_4553","no_hit","Euglenozoa","unknown","Diplonemea","no_hit","no_hit","no_hit"
"4387","ASV_4555",-0.0065513826003845,-0.00261591683238585,0.00321735985898756,"ASV_4555","no_hit","unknown","Choanoflagellata","no_hit","no_hit","no_hit","no_hit"
"4388","ASV_4556",0.00236479702549909,-0.00268686218317686,0.00574963710549107,"ASV_4556","no_hit","Cercozoa","Thecofilosea","Cryomonadida","Protaspidae","Cryothecomonas","s_"
"4389","ASV_4557",-0.00393129126557275,-0.0121037098938282,0.006199046792793,"ASV_4557","no_hit","Bacillariophyta","Coscinodiscophyceae","Chaetocerotales","Chaetocerotaceae","Chaetoceros","Chaetoceros curvisetus"
"4390","ASV_4558",-0.00503027940693924,-0.00303143600737922,0.00391834959336128,"ASV_4558","no_hit","Haptophyta","no_hit","no_hit","no_hit","g_","s_"
"4391","ASV_4559",-0.000728600784612531,-0.00948054539757638,0.00334199546072246,"ASV_4559","no_hit","unknown","unknown","unknown","unknown","g_","s_"
"4392","ASV_4560",-0.00248420754524385,-0.00184140176710636,0.00410789257313044,"ASV_4560","no_hit","no_hit","no_hit","no_hit","no_hit","g_","s_"
"4393","ASV_4561",-0.00148591878893047,-0.00715865820017409,0.00278528200389507,"ASV_4561","no_hit","Ciliophora","Oligohymenophorea","Philasterida","Cinetochilidae","g_","s_"
"4394","ASV_4562",-0.00299696840122766,-0.0153513949499428,0.00695493590896936,"ASV_4562","no_hit","Dinophyceae","Dinophyceae","no_hit","no_hit","g_","s_"
"4395","ASV_4563",0.00110511143113284,-6.50199915651208e-05,-0.00156470910390521,"ASV_4563","no_hit","Dinophyceae","Dinophyceae","Blastodiniales","unknown","Blastodinium","s_"
"4396","ASV_4564",0.000553039673459921,0.0012584844065163,-0.00193787920847996,"ASV_4564","no_hit","unknown","Acantharea","Chaunacanthida","unknown","g_","s_"
"4397","ASV_4566",-0.00199920346044242,-0.00691818223409784,0.0032303480821791,"ASV_4566","no_hit","unknown","Polycystinea","no_hit","no_hit","no_hit","s_"
"4398","ASV_4567",-0.00530331002939008,-0.00310984617581475,0.00231035790174076,"ASV_4567","no_hit","Euglenozoa","unknown","Diplonemea","unknown","g_","s_"
"4399","ASV_4570",0.00030322843953432,-0.00305708450570374,0.00199806288490753,"ASV_4570","no_hit","unknown","unknown","unknown","unknown","unknown","s_"
"4400","ASV_4571",-0.00370363528119743,-0.0135498212919942,0.00520509687317587,"ASV_4571","no_hit","unknown","Polycystinea","Nassellaria","Artostrobiidae","Botryostrobus","Botryostrobus auritus-australis"
"4401","ASV_4572",-0.00169359142342552,0.00329880046134571,0.000712560221193086,"ASV_4572","no_hit","no_hit","no_hit","no_hit","no_hit","no_hit","s_"
"4402","ASV_4573",0.00140159787016212,0.000161912206212936,-0.00192162722099134,"ASV_4573","no_hit","Dinophyceae","Dinophyceae","Syndiniales","Amoebophryaceae","Amoebophrya","s_"
"4403","ASV_4575",0.00443605250992966,0.003742209929382,0.00385142388952207,"ASV_4575","no_hit","Dinophyceae","Dinophyceae","Gymnodiniales","Warnowiaceae","g_","s_"
"4404","ASV_4576",-0.000488202274221857,-0.0113262744569671,0.0042243802364805,"ASV_4576","no_hit","unknown","unknown","unknown","unknown","g_","s_"
"4405","ASV_4577",-0.000825784655221693,-0.0105705349637538,0.00375047235857598,"ASV_4577","no_hit","unknown","Bigyra","Bicosoecida","no_hit","g_","s_"
"4406","ASV_4578",-0.000366648760250704,-0.0053118553356141,0.00118035204375733,"ASV_4578","no_hit","Euglenozoa","unknown","Diplonemea","unknown","unknown","s_"
"4407","ASV_4579",0.000491978575831982,-0.000545282398779358,-0.00114592407707011,"ASV_4579","no_hit","Euglenozoa","unknown","Diplonemea","unknown","g_","s_"
"4408","ASV_4580",0.000177091956492274,-0.00689639008946556,0.00199260717924726,"ASV_4580","no_hit","unknown","Polycystinea","no_hit","no_hit","no_hit","no_hit"
"4409","ASV_4581",-0.000895961327775781,-0.00149399829700923,-0.000329648510400852,"ASV_4581","no_hit","Dinophyceae","Dinophyceae","Syndiniales","no_hit","no_hit","no_hit"
"4410","ASV_4582",-0.00110854234721191,-0.00247924592661765,0.000546859816000111,"ASV_4582","no_hit","Dinophyceae","Dinophyceae","no_hit","no_hit","no_hit","s_"
"4411","ASV_4583",0.00152391262790458,0.00117352312795951,0.000708711506423134,"ASV_4583","no_hit","Dinophyceae","Dinophyceae","Syndiniales","no_hit","no_hit","s_"
"4412","ASV_4584",0.000204233975560757,-0.00281796709137877,0.000105019222583798,"ASV_4584","no_hit","Dinophyceae","Dinophyceae","Gymnodiniales","Gymnodiniaceae","g_","s_"
"4413","ASV_4585",-0.000916403340470052,-0.0074178148430094,0.0024868456225635,"ASV_4585","no_hit","Dinophyceae","Dinophyceae","Syndiniales","Amoebophryaceae","g_","s_"
"4414","ASV_4586",-0.0106066674700133,0.00671604236988586,-9.83628348860344e-05,"ASV_4586","no_hit","unknown","Centroplasthelida","Pterocystida","Pterocystidae","g_","s_"
"4415","ASV_4587",0.00066739776575139,-0.00416256741429674,0.000500964359801091,"ASV_4587","no_hit","no_hit","no_hit","no_hit","no_hit","no_hit","no_hit"
"4416","ASV_4588",-0.00595265820315735,-0.00485055580497519,0.00299294164551083,"ASV_4588","no_hit","unknown","Chrysophyceae","Chromulinales","Paraphysomonadaceae","Paraphysomonas","no_hit"
"4417","ASV_4590",-0.00103004405451101,-0.00496168692933186,0.00266207016208308,"ASV_4590","no_hit","unknown","unknown","unknown","unknown","g_","s_"
"4418","ASV_4591",-0.00933252232665782,0.00784787854439291,-0.000757378079525606,"ASV_4591","no_hit","Foraminifera","unknown","Rotaliida","Pseudoparrellidae","Epistominella","s_"
"4419","ASV_4592",0.00384627387976413,0.000534734376010293,0.00273895938723935,"ASV_4592","no_hit","Dinophyceae","Dinophyceae","no_hit","no_hit","no_hit","no_hit"
"4420","ASV_4595",-0.0018863911672961,-0.00838761586539385,0.00323953671815829,"ASV_4595","no_hit","Dinophyceae","Dinophyceae","Syndiniales","Amoebophryaceae","Amoebophrya","no_hit"
"4421","ASV_4597",-0.00645445577853567,0.00121345861523509,0.000988340247621571,"ASV_4597","Metazoa","Chordata","Actinopteri","no_hit","no_hit","no_hit","no_hit"
"4422","ASV_4599",0.000198728010639419,-0.00337224135093325,0.00427352086141306,"ASV_4599","Viridiplantae","Chlorophyta","Mamiellophyceae","Dolichomastigales","Crustomastigaceae","g_","s_"
"4423","ASV_4600",-6.03932720904168e-05,-0.00361779501099405,0.000515675437131289,"ASV_4600","no_hit","Euglenozoa","unknown","Diplonemea","unknown","unknown","s_"
"4424","ASV_4601",0.0050965404677772,0.00211062872309999,0.00365137148680262,"ASV_4601","no_hit","no_hit","no_hit","no_hit","no_hit","g_","s_"
"4425","ASV_4602",-0.000926491791561168,-0.00832542986135365,0.00312510453480244,"ASV_4602","no_hit","Dinophyceae","Dinophyceae","no_hit","no_hit","g_","s_"
"4426","ASV_4604",0.0022798060698264,0.00150225284600227,0.00115926488553644,"ASV_4604","Viridiplantae","Chlorophyta","Chlorophyceae","Chlamydomonadales","no_hit","no_hit","s_"
"4427","ASV_4605",0.00257325062371922,0.00140297677177785,0.0010080551033924,"ASV_4605","no_hit","unknown","Bigyra","Thraustochytrida","Thraustochytriaceae","g_","s_"
"4428","ASV_4606",0.000850175606847692,0.000670465560549413,-0.00184695850251423,"ASV_4606","no_hit","Cercozoa","Thecofilosea","Phaeocalpida","Tuscaroridae","g_","s_"
"4429","ASV_4607",-0.00523712880445836,-0.00582261734571226,0.00436050995412384,"ASV_4607","no_hit","unknown","Choanoflagellata","no_hit","no_hit","g_","s_"
"4430","ASV_4608",0.000538980687367544,-0.00208871314363933,-0.000440964724008985,"ASV_4608","Metazoa","Cnidaria","Hydrozoa","Leptothecata","Mitrocomidae","Earleria","s_"
"4431","ASV_4609",0.00528921328546922,0.00217226784603432,0.00435239749041403,"ASV_4609","no_hit","Cercozoa","Thecofilosea","unknown","unknown","g_","s_"
"4432","ASV_4611",-0.00175231371054987,-0.0163278686737463,0.0060278382783067,"ASV_4611","no_hit","Ciliophora","Spirotrichea","unknown","Tontoniidae","Pseudotontonia","Pseudotontonia simplicidens"
"4433","ASV_4612",0.000481473006682065,-0.00347710900564058,0.000239724360558858,"ASV_4612","no_hit","Dinophyceae","Dinophyceae","Peridiniales","Pfiesteriaceae","no_hit","no_hit"
"4434","ASV_4613",0.000259439841688416,-0.00015846014728272,-0.00138763327363511,"ASV_4613","no_hit","Dinophyceae","Dinophyceae","Gymnodiniales","Kareniaceae","g_","s_"
"4435","ASV_4614",5.40874112677216e-06,-0.00564117498695525,0.00110538079988768,"ASV_4614","no_hit","unknown","unknown","unknown","unknown","unknown","Uncultured marine alveolate Group I DH145-EKD10"
"4436","ASV_4615",0.000988060419841267,-0.00418818271686594,0.000481078147344842,"ASV_4615","no_hit","Dinophyceae","Dinophyceae","Syndiniales","Amoebophryaceae","g_","s_"
"4437","ASV_4617",-0.00695425621622067,0.00561538729583353,-0.00119409782731605,"ASV_4617","Metazoa","Annelida","Polychaeta","Eunicida","no_hit","no_hit","no_hit"
"4438","ASV_4618",-0.00383234383155071,-0.011655603439328,0.00509542558662504,"ASV_4618","no_hit","Dinophyceae","Dinophyceae","no_hit","no_hit","no_hit","no_hit"
"4439","ASV_4620",0.00556391349649417,0.00222138395110584,0.0042574750431258,"ASV_4620","no_hit","Bacillariophyta","Coscinodiscophyceae","Thalassiosirales","Thalassiosiraceae","Thalassiosira","Thalassiosira hendeyi"
"4440","ASV_4621",-0.0043855770085148,0.0014239564114765,3.85465634613508e-05,"ASV_4621","Metazoa","Annelida","Polychaeta","unknown","Maldanidae","no_hit","no_hit"
"4441","ASV_4622",0.000215404550151705,-0.00703532423099797,0.00194154712190887,"ASV_4622","no_hit","no_hit","no_hit","no_hit","no_hit","g_","s_"
"4442","ASV_4623",0.00816699056736966,0.00471682637436918,0.00738089493891533,"ASV_4623","no_hit","Dinophyceae","Dinophyceae","Peridiniales","Protoperidiniaceae","g_","s_"
"4443","ASV_4626",-0.000889100874493386,-0.00325555469211241,0.000378376692978859,"ASV_4626","no_hit","no_hit","no_hit","no_hit","no_hit","g_","s_"
"4444","ASV_4627",3.61718073898378e-05,-0.00389111576555993,0.000564839530696718,"ASV_4627","no_hit","Euglenozoa","unknown","Diplonemea","unknown","unknown","s_"
"4445","ASV_4628",-0.00125387128823284,-0.0071961592531611,0.00246310520752237,"ASV_4628","no_hit","unknown","Polycystinea","Nassellaria","Plagiacanthidae","g_","s_"
"4446","ASV_4629",0.000225290713061737,-0.00896193562427387,0.00289647490807246,"ASV_4629","no_hit","Dinophyceae","Dinophyceae","Syndiniales","Amoebophryaceae","g_","s_"
"4447","ASV_4630",0.00117238849504176,0.00089776046032259,-0.00175909662495144,"ASV_4630","no_hit","Dinophyceae","Dinophyceae","no_hit","no_hit","g_","s_"
"4448","ASV_4631",-0.000666200986151696,-0.00446694663015925,0.00103561818344039,"ASV_4631","no_hit","no_hit","no_hit","no_hit","no_hit","g_","s_"
"4449","ASV_4632",0.00081595987138567,-0.00546762226592153,0.00104828939259896,"ASV_4632","no_hit","Dinophyceae","Dinophyceae","Syndiniales","no_hit","no_hit","s_"
"4450","ASV_4634",-0.00354002242554524,0.00153923900687396,-0.000538245646370234,"ASV_4634","no_hit","unknown","unknown","unknown","unknown","g_","s_"
"4451","ASV_4639",0.00332675424988242,0.000680268716257935,0.00380153761365415,"ASV_4639","no_hit","Bacillariophyta","Coscinodiscophyceae","Rhizosoleniales","Rhizosoleniaceae","g_","s_"
"4452","ASV_4640",-0.0125368359654809,0.00451004388385305,0.00152038992922325,"ASV_4640","no_hit","Bacillariophyta","Coscinodiscophyceae","Melosirales","Stephanopyxidaceae","g_","s_"
"4453","ASV_4641",0.00126310537294792,-0.00174136761094047,0.00470974486221263,"ASV_4641","no_hit","Dinophyceae","Dinophyceae","Syndiniales","Amoebophryaceae","g_","s_"
"4454","ASV_4642",-0.000722385052623235,-0.00591689189422276,0.00159087690538551,"ASV_4642","no_hit","no_hit","no_hit","no_hit","no_hit","no_hit","no_hit"
"4455","ASV_4643",-0.00207906484996028,-0.00913231129840044,0.00355795541687257,"ASV_4643","no_hit","Dinophyceae","Dinophyceae","no_hit","no_hit","no_hit","s_"
"4456","ASV_4644",-0.000407490971182813,-0.0105728426794852,0.00347942334090552,"ASV_4644","no_hit","Euglenozoa","unknown","Diplonemea","unknown","unknown","s_"
"4457","ASV_4650",0.000747124539451122,0.000399201144689278,-0.00164647340471982,"ASV_4650","no_hit","Dinophyceae","Dinophyceae","Syndiniales","Amoebophryaceae","g_","s_"
"4458","ASV_4651",-0.00105879864057024,-0.0106193142179055,0.00362482965930884,"ASV_4651","no_hit","no_hit","no_hit","no_hit","no_hit","no_hit","s_"
"4459","ASV_4652",0.00659293208566194,0.00357607106092399,0.00566721069821331,"ASV_4652","no_hit","Dinophyceae","Dinophyceae","Peridiniales","Peridiniaceae","Scrippsiella","Scrippsiella lachrymosa"
"4460","ASV_4653",-0.00945173636049913,0.00806240371752016,-0.00113489067496252,"ASV_4653","no_hit","unknown","unknown","Telonemida","no_hit","g_","s_"
"4461","ASV_4654",-0.0062317120687325,0.00591134538858316,9.22681473880046e-05,"ASV_4654","no_hit","no_hit","no_hit","no_hit","no_hit","g_","s_"
"4462","ASV_4655",-0.00233837985081301,-0.00958244351108094,0.00333103179334503,"ASV_4655","no_hit","Dinophyceae","Dinophyceae","Peridiniales","Peridiniaceae","g_","s_"
"4463","ASV_4656",-0.00839217834868439,0.00441244032495789,0.00208764397170292,"ASV_4656","no_hit","unknown","unknown","unknown","unknown","g_","s_"
"4464","ASV_4658",0.000748028311813989,-0.00418424617261476,0.000474245304478792,"ASV_4658","no_hit","unknown","unknown","Pirsoniales","unknown","g_","s_"
"4465","ASV_4660",0.00238296116991772,0.00351532724737772,0.00350874370906422,"ASV_4660","no_hit","Dinophyceae","Dinophyceae","no_hit","no_hit","no_hit","no_hit"
"4466","ASV_4661",0.0014240009360432,0.00105668970185731,-0.00206453674579429,"ASV_4661","no_hit","Dinophyceae","Dinophyceae","no_hit","no_hit","no_hit","s_"
"4467","ASV_4662",-0.000497427192838839,-0.00158175446818433,0.00054045176698892,"ASV_4662","no_hit","Ciliophora","Spirotrichea","no_hit","no_hit","no_hit","s_"
"4468","ASV_4663",-0.00296894311950977,-0.00762297420942459,0.00374812487052067,"ASV_4663","no_hit","no_hit","no_hit","no_hit","no_hit","no_hit","no_hit"
"4469","ASV_4664",0.000816728254711062,-0.00405736700618888,0.000439030109198081,"ASV_4664","no_hit","Dinophyceae","Dinophyceae","Syndiniales","Amoebophryaceae","g_","s_"
"4470","ASV_4667",-0.00810745507467108,0.00762005285203945,-2.52754927570947e-05,"ASV_4667","no_hit","Dinophyceae","Dinophyceae","Peridiniales","Peridiniaceae","g_","s_"
"4471","ASV_4668",-0.0100093649040691,0.00659738498847947,-0.000216327717238121,"ASV_4668","Metazoa","Nemertea","Enopla","Monostilifera","no_hit","no_hit","no_hit"
"4472","ASV_4669",-0.00131034290469759,-0.00180648368974964,0.00341014828215591,"ASV_4669","no_hit","unknown","unknown","unknown","unknown","g_","s_"
"4473","ASV_4670",-0.00137970564191217,-0.00866200607979104,0.00296598091159743,"ASV_4670","no_hit","Dinophyceae","Dinophyceae","Syndiniales","no_hit","no_hit","no_hit"
"4474","ASV_4671",-0.00118880901170222,-0.00299580423665102,0.00103007877661853,"ASV_4671","no_hit","Euglenozoa","unknown","Diplonemea","no_hit","no_hit","s_"
"4475","ASV_4672",-0.0016725717521855,-0.0107209599915645,0.00420614517117482,"ASV_4672","no_hit","unknown","Polycystinea","no_hit","no_hit","g_","s_"
"4476","ASV_4673",-0.00105977132701294,-0.00670256507404706,0.0022999661594312,"ASV_4673","no_hit","Dinophyceae","Dinophyceae","no_hit","no_hit","no_hit","no_hit"
"4477","ASV_4674",1.17929255147992e-05,-0.00377198568566836,0.000620528323562825,"ASV_4674","no_hit","Dinophyceae","Dinophyceae","no_hit","no_hit","no_hit","s_"
"4478","ASV_4675",0.000815593911510605,0.00099519705165597,-0.00185302341141924,"ASV_4675","no_hit","Dinophyceae","Dinophyceae","Syndiniales","Amoebophryaceae","Amoebophrya","s_"
"4479","ASV_4676",0.00224294656567413,0.00197667749591097,0.00368695389304777,"ASV_4676","no_hit","Dinophyceae","Dinophyceae","Syndiniales","Amoebophryaceae","g_","s_"
"4480","ASV_4677",-0.00161800362432461,-0.000766880579750408,0.000425118308918215,"ASV_4677","no_hit","Dinophyceae","Dinophyceae","Syndiniales","Amoebophryaceae","g_","s_"
"4481","ASV_4678",-0.00160531838582431,0.00136249540263907,-0.00127205773758311,"ASV_4678","Metazoa","Annelida","Polychaeta","Terebellida","Terebellidae","Lysilla","Lysilla sp. THS-2012"
"4482","ASV_4679",-0.00318208315497153,-0.00348918170554789,0.00289979226421499,"ASV_4679","no_hit","unknown","Chrysophyceae","Chromulinales","Paraphysomonadaceae","Paraphysomonas","no_hit"
"4483","ASV_4681",-0.00393016554521541,4.06111950989666e-05,0.000633960074451632,"ASV_4681","Metazoa","Annelida","Polychaeta","Terebellida","Trichobranchidae","Terebellides","Terebellides californica"
"4484","ASV_4682",-0.0041111646017048,-0.0114486927943707,0.00512724280981196,"ASV_4682","no_hit","unknown","unknown","unknown","unknown","g_","s_"
"4485","ASV_4683",-0.00041333199398091,0.000843550222261824,0.00271199897495631,"ASV_4683","no_hit","Dinophyceae","Dinophyceae","Thoracosphaerales","Thoracosphaeraceae","g_","s_"
"4486","ASV_4684",7.61720501646975e-05,-0.0140089128784187,0.00491488675706436,"ASV_4684","no_hit","Dinophyceae","Dinophyceae","Peridiniales","Podolampaceae","g_","s_"
"4487","ASV_4685",0.000853781982812637,-0.00638466793260933,0.0014641544357988,"ASV_4685","no_hit","Dinophyceae","Dinophyceae","Syndiniales","Amoebophryaceae","g_","s_"
"4488","ASV_4688",-0.000898017018994581,-0.0135267416809394,0.00479319117485048,"ASV_4688","no_hit","Euglenozoa","unknown","Diplonemea","unknown","g_","s_"
"4489","ASV_4690",-0.000765859945409511,-0.000257362906113044,-0.00058704292039092,"ASV_4690","no_hit","Dinophyceae","Dinophyceae","no_hit","no_hit","no_hit","s_"
"4490","ASV_4691",-0.000903114934664611,-0.0159055108723974,0.00608862566740029,"ASV_4691","no_hit","no_hit","no_hit","no_hit","no_hit","no_hit","no_hit"
"4491","ASV_4692",0.000329473885991813,0.00081475215441024,-0.00159598995575171,"ASV_4692","no_hit","no_hit","no_hit","no_hit","no_hit","no_hit","no_hit"
"4492","ASV_4693",-0.000802024577355802,-0.0132824133536659,0.00480453239174797,"ASV_4693","no_hit","Cercozoa","Chlorarachniophyceae","unknown","unknown","Minorisa","Minorisa sp. SRT710"
"4493","ASV_4694",-0.00115541802460855,-0.00916306348506783,0.00310280385432239,"ASV_4694","no_hit","no_hit","no_hit","no_hit","no_hit","g_","s_"
"4494","ASV_4695",0.000231401467127922,-0.00446244974094868,0.000566588677618474,"ASV_4695","no_hit","unknown","Cryptophyceae","Pyrenomonadales","Geminigeraceae","g_","s_"
"4495","ASV_4697",-0.00260422939952166,-0.0159606229789098,0.00642787233437654,"ASV_4697","no_hit","unknown","Acantharea","Arthracanthida","Phyllostauridae","Acanthostaurus","Acanthostaurus nordgaardi"
"4496","ASV_4698",-0.00100465605890858,-0.0097144212991203,0.00353343653839162,"ASV_4698","no_hit","Dinophyceae","Dinophyceae","Syndiniales","Amoebophryaceae","g_","s_"
"4497","ASV_4699",-0.000899737323836727,-0.00507961820960012,0.0013879691827369,"ASV_4699","no_hit","Dinophyceae","Dinophyceae","Syndiniales","Amoebophryaceae","g_","s_"
"4498","ASV_4701",0.000770245549533479,-0.00139232282080255,-0.000885579454846432,"ASV_4701","Metazoa","Cnidaria","Hydrozoa","Anthoathecata","Pandeidae","Leuckartiara","Leuckartiara octona"
"4499","ASV_4702",-0.000835849187001862,-0.00922782634571755,0.00348371633426687,"ASV_4702","no_hit","unknown","Bigyra","Thraustochytrida","Thraustochytriaceae","g_","s_"
"4500","ASV_4704",0.00323489268491082,0.00120084737404209,0.00239289463507464,"ASV_4704","no_hit","unknown","unknown","unknown","unknown","g_","s_"
"4501","ASV_4705",0.00032731479129138,-0.0123369880788821,0.00417103455842424,"ASV_4705","no_hit","unknown","Polycystinea","no_hit","no_hit","no_hit","no_hit"
"4502","ASV_4707",0.000249894964399639,-0.0065204004123,0.00155386042458795,"ASV_4707","no_hit","Haptophyta","unknown","Prymnesiales","Chrysochromulinaceae","g_","s_"
"4503","ASV_4708",-0.000489948788313936,-0.00126393894750562,0.00169275154996682,"ASV_4708","no_hit","Ciliophora","Spirotrichea","Tintinnida","Tintinnidae","Eutintinnus","Eutintinnus cf. apertus"
"4504","ASV_4710",-0.00941593644255847,0.00671684699162489,-0.000767658452884196,"ASV_4710","Metazoa","Porifera","Demospongiae","Suberitida","Halichondriidae","g_","s_"
"4505","ASV_4711",-0.00130291494588823,-0.00600747142850588,0.00235274145620695,"ASV_4711","no_hit","no_hit","no_hit","no_hit","no_hit","g_","s_"
"4506","ASV_4712",-0.0048392987889082,-0.00343405490659586,0.00226063254120465,"ASV_4712","no_hit","Bacillariophyta","Coscinodiscophyceae","Melosirales","Stephanopyxidaceae","g_","s_"
"4507","ASV_4714",-0.00154434913863173,-0.009449665661303,0.00384146794527022,"ASV_4714","no_hit","Dinophyceae","Dinophyceae","Syndiniales","no_hit","no_hit","no_hit"
"4508","ASV_4715",-0.00297920822792134,7.07108821950094e-05,0.000903201806835978,"ASV_4715","no_hit","Euglenozoa","unknown","Diplonemea","no_hit","g_","s_"
"4509","ASV_4717",-0.000141625341888832,-0.00583903139342882,0.00141575555009445,"ASV_4717","no_hit","Ciliophora","Oligohymenophorea","Apostomatida","Pseudocolliniidae","Fusiforma","Fusiforma themisticola"
"4510","ASV_4718",-0.00239234474445891,-0.00236592831048944,0.00135566764606962,"ASV_4718","no_hit","Ciliophora","Spirotrichea","no_hit","no_hit","no_hit","no_hit"
"4511","ASV_4721",0.00283133249342665,0.000369651050013369,0.00146182178525843,"ASV_4721","no_hit","Bacillariophyta","Coscinodiscophyceae","Rhizosoleniales","Rhizosoleniaceae","g_","s_"
"4512","ASV_4723",-0.00143939940047639,-0.0028632525097493,0.00122533138238423,"ASV_4723","no_hit","Euglenozoa","unknown","Diplonemea","no_hit","g_","s_"
"4513","ASV_4724",0.0010112249398256,0.000848439552799651,-0.00174135651864853,"ASV_4724","no_hit","Dinophyceae","Dinophyceae","Peridiniales","Peridiniaceae","no_hit","s_"
"4514","ASV_4725",-0.00342099335607679,-0.0103827417243156,0.00493156345015474,"ASV_4725","no_hit","Dinophyceae","Dinophyceae","Syndiniales","no_hit","no_hit","no_hit"
"4515","ASV_4726",-0.00101902483179546,0.00169048360732881,-0.0015518968313897,"ASV_4726","no_hit","Dinophyceae","Dinophyceae","Peridiniales","Pfiesteriaceae","g_","s_"
"4516","ASV_4727",0.000390748361762446,-0.000636276033644628,-0.000952373909565364,"ASV_4727","no_hit","unknown","Polycystinea","no_hit","no_hit","g_","s_"
"4517","ASV_4729",-0.000672692932234337,-0.0148211250875621,0.0054259603492999,"ASV_4729","no_hit","no_hit","no_hit","no_hit","no_hit","g_","s_"
"4518","ASV_4730",-0.00184290043882367,0.00193966181306558,0.00122046006215229,"ASV_4730","no_hit","unknown","unknown","unknown","unknown","g_","s_"
"4519","ASV_4731",0.00110521502648646,0.000232257629028898,-0.0014239071059377,"ASV_4731","no_hit","Cercozoa","Thecofilosea","Phaeogromida","Medusettidae","Medusetta","Medusetta parthenopaea"
"4520","ASV_4732",-0.000634177042067337,-0.00864717034024829,0.00255299988917127,"ASV_4732","no_hit","Dinophyceae","Dinophyceae","Syndiniales","Amoebophryaceae","Amoebophrya","s_"
"4521","ASV_4733",0.000464621903140269,-0.00335599499022176,0.000136864110377786,"ASV_4733","no_hit","Euglenozoa","unknown","Diplonemea","no_hit","no_hit","no_hit"
"4522","ASV_4735",-0.000576508700273871,-0.012128556909757,0.00427375227201977,"ASV_4735","no_hit","no_hit","no_hit","no_hit","no_hit","no_hit","no_hit"
"4523","ASV_4736",-0.00180715745196948,-0.0119817199030546,0.00436502590586578,"ASV_4736","no_hit","Dinophyceae","Dinophyceae","Syndiniales","Amoebophryaceae","g_","s_"
"4524","ASV_4737",0.000115827255876179,-0.0129015407387763,0.00469009591509634,"ASV_4737","no_hit","Dinophyceae","Dinophyceae","Syndiniales","Duboscquellidae","g_","s_"
"4525","ASV_4738",0.000647850119371617,-0.00578497558682865,0.0012640198721221,"ASV_4738","no_hit","Dinophyceae","Dinophyceae","Syndiniales","Amoebophryaceae","Amoebophrya","no_hit"
"4526","ASV_4740",0.000735714927004053,-0.000163314468701552,-0.00137069741571579,"ASV_4740","no_hit","Dinophyceae","Dinophyceae","Gonyaulacales","Gonyaulacaceae","g_","s_"
"4527","ASV_4743",0.000464476776319052,-0.00458624702154534,0.000717286997329958,"ASV_4743","no_hit","Dinophyceae","Dinophyceae","Gymnodiniales","Gymnodiniaceae","g_","s_"
"4528","ASV_4744",0.000744287874663983,-0.000210517877889796,-0.00122243934366578,"ASV_4744","Metazoa","Annelida","Polychaeta","Sabellida","Sabellariidae","no_hit","no_hit"
"4529","ASV_4745",0.000742590818868282,-0.000927855659309094,-0.000101009023300403,"ASV_4745","no_hit","Bacillariophyta","Coscinodiscophyceae","Chaetocerotales","Chaetocerotaceae","Chaetoceros","no_hit"
"4530","ASV_4749",-0.00336903410865615,-0.0124075631980109,0.00524591304779606,"ASV_4749","no_hit","Dinophyceae","Dinophyceae","no_hit","no_hit","no_hit","no_hit"
"4531","ASV_4751",-0.000978337922471902,-0.0123767506960633,0.00459631319251303,"ASV_4751","no_hit","Ciliophora","Prostomatea","Prorodontida","Urotrichidae","g_","s_"
"4532","ASV_4752",0.00050740529713087,-0.00224813468724338,-0.00032019018936005,"ASV_4752","no_hit","Ciliophora","Phyllopharyngea","Dysteriida","Plesiotrichopidae","g_","s_"
"4533","ASV_4753",-0.00283770386377081,-0.00114437200665942,0.00127984345421066,"ASV_4753","no_hit","no_hit","no_hit","no_hit","no_hit","g_","s_"
"4534","ASV_4754",-0.00261218726205932,-0.00359041079018056,0.00154177131020389,"ASV_4754","no_hit","no_hit","no_hit","no_hit","no_hit","g_","s_"
"4535","ASV_4755",0.000434109933318024,-0.0083700133133772,0.00263788553052488,"ASV_4755","Metazoa","Ctenophora","Tentaculata","Lobata","Bathocyroidae","Bathocyroe","no_hit"
"4536","ASV_4756",0.000182853836038147,-0.00598371685939578,0.0015556568252301,"ASV_4756","no_hit","Dinophyceae","Dinophyceae","Syndiniales","Amoebophryaceae","Amoebophrya","no_hit"
"4537","ASV_4759",0.00158626065719729,0.0028652750681878,0.00269037478343603,"ASV_4759","no_hit","no_hit","no_hit","no_hit","no_hit","g_","s_"
"4538","ASV_4760",0.000392099603412924,-0.00683165375359242,0.00160233657270188,"ASV_4760","no_hit","Dinophyceae","Dinophyceae","Syndiniales","Amoebophryaceae","g_","s_"
"4539","ASV_4761",-0.000162049874747623,-0.000840952870605624,-0.000289902606447365,"ASV_4761","no_hit","unknown","unknown","Jakobida","no_hit","g_","s_"
"4540","ASV_4763",-0.00585025629181946,-0.000842063440858153,0.00315058026719999,"ASV_4763","no_hit","no_hit","no_hit","no_hit","no_hit","g_","s_"
"4541","ASV_4764",-0.00149640319632096,-0.00568281467900409,0.00429026046673324,"ASV_4764","no_hit","unknown","Bigyra","Oblongichytrida","unknown","g_","s_"
"4542","ASV_4765",-0.00276327408115213,0.00121923884978782,0.00202196203948415,"ASV_4765","no_hit","unknown","Bigyra","Oblongichytrida","unknown","g_","s_"
"4543","ASV_4766",-0.00012751650765012,-0.0106257694444567,0.00343143243452121,"ASV_4766","no_hit","Dinophyceae","Dinophyceae","Syndiniales","no_hit","g_","s_"
"4544","ASV_4767",-0.000596783599560893,-0.00915336464801452,0.00317797092629586,"ASV_4767","no_hit","Euglenozoa","unknown","Diplonemea","no_hit","no_hit","s_"
"4545","ASV_4768",-0.00325974660303273,-0.0143825225862948,0.00618228867172302,"ASV_4768","no_hit","Euglenozoa","unknown","Diplonemea","Hemistasiidae","g_","s_"
"4546","ASV_4769",0.0009273826124854,-0.000168729556202114,-0.00150714158532901,"ASV_4769","no_hit","Ciliophora","Spirotrichea","Choreotrichida","Strombidinopsidae","Strombidinopsis","s_"
"4547","ASV_4770",-0.000381352722126317,-0.00407565830838858,0.000883569839230332,"ASV_4770","no_hit","Dinophyceae","Dinophyceae","Syndiniales","Amoebophryaceae","g_","s_"
"4548","ASV_4771",-0.00133558255241128,0.00123168749607827,0.000630426679220671,"ASV_4771","no_hit","Ciliophora","Spirotrichea","Tintinnida","no_hit","no_hit","no_hit"
"4549","ASV_4772",-0.000564703951977784,-0.00381633461915852,0.00126747099693081,"ASV_4772","no_hit","no_hit","no_hit","no_hit","no_hit","no_hit","s_"
"4550","ASV_4773",0.00741837094390001,0.00228968847293268,0.00611103013893356,"ASV_4773","no_hit","Dinophyceae","Dinophyceae","Gymnodiniales","Gymnodiniaceae","no_hit","no_hit"
"4551","ASV_4774",-0.000830503739664991,-0.00304218776339409,0.00040805308821165,"ASV_4774","no_hit","no_hit","no_hit","no_hit","no_hit","g_","s_"
"4552","ASV_4775",-0.00227938405920254,-0.00284908086602877,0.00126411536805635,"ASV_4775","no_hit","Dinophyceae","Dinophyceae","no_hit","no_hit","no_hit","no_hit"
"4553","ASV_4777",0.00227783023753334,1.29921236199475e-06,0.000672438609953393,"ASV_4777","no_hit","Ciliophora","Spirotrichea","Choreotrichida","Strobilidiidae","Pelagostrobilidium","s_"
"4554","ASV_4778",0.00080040370396141,-0.0067155528307772,0.00161489873442951,"ASV_4778","no_hit","Dinophyceae","Dinophyceae","no_hit","no_hit","g_","s_"
"4555","ASV_4779",0.000219402686462233,0.000181909947638379,-0.00116346563595298,"ASV_4779","no_hit","no_hit","no_hit","no_hit","no_hit","no_hit","no_hit"
"4556","ASV_4780",-0.000705252708510922,-0.00821449367618473,0.0027453887404227,"ASV_4780","no_hit","no_hit","no_hit","no_hit","no_hit","g_","s_"
"4557","ASV_4781",0.00577623946272104,0.00294180088875099,0.00411588648075517,"ASV_4781","no_hit","Dinophyceae","Dinophyceae","Peridiniales","Protoperidiniaceae","g_","s_"
"4558","ASV_4782",0.00070931920116934,0.000246490006707385,-0.0015354686242531,"ASV_4782","no_hit","Imbricatea","unknown","Thaumatomonadida","unknown","g_","s_"
"4559","ASV_4783",0.00074860123840096,0.0022129058140202,-0.00245160009113099,"ASV_4783","Metazoa","Chordata","Thaliacea","Doliolida","Doliolidae","Doliolum","s_"
"4560","ASV_4786",0.0001188545666035,-0.00232293769231951,-0.000208821362128238,"ASV_4786","no_hit","Ciliophora","Colpodea","unknown","unknown","g_","s_"
"4561","ASV_4787",-0.000737334631864847,-0.0194026369360066,0.00762225630346245,"ASV_4787","no_hit","no_hit","no_hit","no_hit","no_hit","no_hit","no_hit"
"4562","ASV_4788",0.000160463698577417,-0.00911411685899974,0.00271778587946747,"ASV_4788","no_hit","Dinophyceae","Dinophyceae","no_hit","no_hit","no_hit","no_hit"
"4563","ASV_4789",0.000481641583099336,-0.00242841072770981,-0.000189077900860361,"ASV_4789","no_hit","Dinophyceae","Dinophyceae","Syndiniales","no_hit","no_hit","no_hit"
"4564","ASV_4790",0.000705850767792175,-0.00893708977999461,0.0025652448354347,"ASV_4790","no_hit","Dinophyceae","Dinophyceae","Syndiniales","Amoebophryaceae","g_","s_"
"4565","ASV_4793",0.00073750437413776,-0.0109737304800671,0.00345501344444511,"ASV_4793","no_hit","Apicomplexa","Conoidasida","no_hit","no_hit","g_","s_"
"4566","ASV_4794",-0.00173302630641486,-0.0140846193461845,0.00540756281557956,"ASV_4794","no_hit","Dinophyceae","Dinophyceae","Syndiniales","Amoebophryaceae","Amoebophrya","s_"
"4567","ASV_4796",0.00332328942248421,0.000683140660428622,0.00197179544013175,"ASV_4796","no_hit","Dinophyceae","Dinophyceae","Gymnodiniales","Warnowiaceae","no_hit","no_hit"
"4568","ASV_4798",0.000678923816480069,-0.00179622231828997,-0.000601085082819509,"ASV_4798","no_hit","no_hit","no_hit","no_hit","no_hit","no_hit","s_"
"4569","ASV_4799",0.00336830873824077,-0.00166780032737627,0.0034596602306162,"ASV_4799","no_hit","Dinophyceae","Dinophyceae","Peridiniales","Protoperidiniaceae","Protoperidinium","Protoperidinium monovelum"
"4570","ASV_4801",-0.000382445310046356,-0.0156232543532622,0.00576663462065039,"ASV_4801","no_hit","unknown","unknown","unknown","unknown","unknown","uncultured marine picoeukaryote"
"4571","ASV_4802",-0.00122909243464816,-0.00444314593013697,0.00168894281733617,"ASV_4802","no_hit","Dinophyceae","Dinophyceae","Gymnodiniales","Kareniaceae","g_","s_"
"4572","ASV_4803",-0.00114548022066953,-0.00530287924617286,0.00165321282262033,"ASV_4803","no_hit","Dinophyceae","Dinophyceae","Syndiniales","Amoebophryaceae","Amoebophrya","s_"
"4573","ASV_4807",-0.000386608218979507,-0.000852444554240456,-0.000677547785480476,"ASV_4807","no_hit","Euglenozoa","unknown","Diplonemea","unknown","g_","s_"
"4574","ASV_4809",-0.000271993440674104,-0.0029004120971671,0.00024228740559943,"ASV_4809","no_hit","no_hit","no_hit","no_hit","no_hit","g_","s_"
"4575","ASV_4810",0.00115701262472028,0.00128877549357834,4.33127371149254e-05,"ASV_4810","no_hit","Ciliophora","Oligohymenophorea","Philasterida","Loxocephalidae","g_","s_"
"4576","ASV_4811",-0.000450368071965234,-0.00158746007699852,1.81388709295099e-05,"ASV_4811","no_hit","no_hit","no_hit","no_hit","no_hit","no_hit","no_hit"
"4577","ASV_4812",-0.000366841595917476,-0.00454593798308916,0.000827101064770287,"ASV_4812","no_hit","unknown","Polycystinea","no_hit","no_hit","no_hit","no_hit"
"4578","ASV_4813",-0.000549216113139525,-0.00488538001022807,0.00124109416580476,"ASV_4813","no_hit","Dinophyceae","Dinophyceae","Syndiniales","Amoebophryaceae","g_","s_"
"4579","ASV_4814",7.6930057968846e-05,-0.000912466359472759,-0.000946170409497016,"ASV_4814","no_hit","Dinophyceae","Dinophyceae","no_hit","no_hit","g_","s_"
"4580","ASV_4815",-0.00295315051764382,-0.004910145233176,0.0020009250587383,"ASV_4815","no_hit","Dinophyceae","Dinophyceae","Syndiniales","Amoebophryaceae","g_","s_"
"4581","ASV_4816",-0.00210930854972443,-0.00385172562051005,0.0020198017331287,"ASV_4816","no_hit","unknown","unknown","unknown","unknown","unknown","s_"
"4582","ASV_4817",-0.00255576957210641,-0.00266816975193579,0.00100674371822476,"ASV_4817","no_hit","unknown","unknown","unknown","unknown","g_","s_"
"4583","ASV_4819",-0.00590764001257583,0.00899205486658219,0.0021137053354086,"ASV_4819","no_hit","Dinophyceae","Dinophyceae","Syndiniales","no_hit","g_","s_"
"4584","ASV_4820",0.000765502387501302,-0.00167807291670167,-0.000670610130314918,"ASV_4820","no_hit","unknown","Polycystinea","no_hit","no_hit","g_","s_"
"4585","ASV_4822",0.0081137924129595,0.000671514115961662,0.0099271508681449,"ASV_4822","no_hit","Dinophyceae","Dinophyceae","Peridiniales","Pfiesteriaceae","Cryptoperidiniopsis","s_"
"4586","ASV_4823",-0.000568715755889714,-0.0061970207979014,0.00214984082605438,"ASV_4823","no_hit","unknown","unknown","unknown","unknown","g_","s_"
"4587","ASV_4825",-0.00314337832899897,-0.00277369155795826,0.00186355615564095,"ASV_4825","no_hit","Dinophyceae","Dinophyceae","Syndiniales","Amoebophryaceae","g_","s_"
"4588","ASV_4826",0.000345597048676902,-0.00765608038963617,0.00248391154072479,"ASV_4826","no_hit","Dinophyceae","Dinophyceae","no_hit","no_hit","no_hit","s_"
"4589","ASV_4827",-1.28844936931741e-05,-0.0120838513518743,0.00437420741059746,"ASV_4827","no_hit","unknown","unknown","unknown","unknown","unknown","Uncultured marine alveolate Group II DH148-EKD27"
"4590","ASV_4830",0.000333185846176062,-0.000578937703317843,-0.000858081407449398,"ASV_4830","no_hit","Dinophyceae","Dinophyceae","Gonyaulacales","Gonyaulacaceae","Alexandrium","no_hit"
"4591","ASV_4831",0.000641254930178888,-0.000341024855388955,-0.00121221517702744,"ASV_4831","no_hit","Dinophyceae","Dinophyceae","Syndiniales","no_hit","g_","s_"
"4592","ASV_4833",-0.0023899492283128,-0.00320327017365374,0.0018311828466706,"ASV_4833","no_hit","Ciliophora","Oligohymenophorea","Philasterida","Loxocephalidae","g_","s_"
"4593","ASV_4836",0.00303912583193154,0.00272143628328045,0.0031798755392363,"ASV_4836","no_hit","unknown","Cryptophyceae","Pyrenomonadales","Geminigeraceae","g_","s_"
"4594","ASV_4837",-0.00393771930584494,-0.00855079304815639,0.00432031019461597,"ASV_4837","no_hit","unknown","Polycystinea","Nassellaria","Plagiacanthidae","Lithomelissa","Lithomelissa sp. 2003"
"4595","ASV_4838",0.000456825766650603,-0.00279567276556398,-0.000152107316616797,"ASV_4838","no_hit","Apicomplexa","Conoidasida","Eucoccidiorida","Sarcocystidae","g_","s_"
"4596","ASV_4839",0.000357241004771916,-0.000404761734534046,-0.000983737558467494,"ASV_4839","no_hit","Dinophyceae","Dinophyceae","Prorocentrales","Prorocentraceae","g_","s_"
"4597","ASV_4840",-0.00121299764285122,-0.00114077844196605,0.00293410114439568,"ASV_4840","no_hit","Dinophyceae","Dinophyceae","Dinophysiales","Dinophysiaceae","no_hit","no_hit"
"4598","ASV_4842",-0.000546001874932261,-0.0109146446489983,0.00361722561179363,"ASV_4842","no_hit","Dinophyceae","Dinophyceae","Syndiniales","no_hit","no_hit","no_hit"
"4599","ASV_4843",0.000327622245660453,-0.00197033418214063,0.00366678316316238,"ASV_4843","no_hit","unknown","Bigyra","Thraustochytrida","Thraustochytriaceae","g_","s_"
"4600","ASV_4844",0.000521894669012167,-0.00929257108319373,0.00278016715147987,"ASV_4844","no_hit","unknown","unknown","unknown","unknown","g_","s_"
"4601","ASV_4846",-0.000520156505550335,-0.0042790236849841,0.0035842499349933,"ASV_4846","no_hit","Dinophyceae","Dinophyceae","Syndiniales","Amoebophryaceae","Amoebophrya","s_"
"4602","ASV_4849",-0.0023620610070461,-0.00324864128372007,0.00350893333792009,"ASV_4849","no_hit","Imbricatea","unknown","Thaumatomonadida","Thaumatomastigidae","Protaspis","s_"
"4603","ASV_4850",-8.29854706704472e-05,-0.00459380660146639,0.00227124704007977,"ASV_4850","no_hit","no_hit","no_hit","no_hit","no_hit","no_hit","no_hit"
"4604","ASV_4852",-0.001370561892545,0.000869044984597679,-0.000136750126646444,"ASV_4852","no_hit","Dinophyceae","Dinophyceae","Peridiniales","Kryptoperidiniaceae","g_","s_"
"4605","ASV_4853",-0.00322589621838494,-0.00792137031999509,0.00344524265052334,"ASV_4853","no_hit","Dinophyceae","Dinophyceae","no_hit","no_hit","no_hit","s_"
"4606","ASV_4854",-0.00555555450108855,-0.00229180331906238,0.00318669424724847,"ASV_4854","no_hit","Euglenozoa","unknown","Diplonemea","Hemistasiidae","g_","s_"
"4607","ASV_4855",8.76613467394286e-05,-0.00395822019152278,0.000635999046277613,"ASV_4855","no_hit","Ciliophora","Oligohymenophorea","Apostomatida","Pseudocolliniidae","Fusiforma","s_"
"4608","ASV_4857",0.000842582487200803,0.0017500671957902,-0.00220494382442997,"ASV_4857","Metazoa","Arthropoda","Malacostraca","Cumacea","Leuconidae","g_","s_"
"4609","ASV_4860",0.00477825819282779,0.001478300390123,0.00346497074274148,"ASV_4860","no_hit","Dinophyceae","Dinophyceae","Syndiniales","Amoebophryaceae","g_","s_"
"4610","ASV_4861",-0.00157144891193383,-0.0117122263056064,0.00466011015650875,"ASV_4861","no_hit","Dinophyceae","Dinophyceae","Peridiniales","Peridiniaceae","Pentapharsodinium","s_"
"4611","ASV_4863",-0.00210753709273674,-0.00429788089038026,0.00219351805437735,"ASV_4863","no_hit","unknown","unknown","unknown","unknown","g_","s_"
"4612","ASV_4864",0.000592478085966626,-0.00888611268351867,0.00255365227874865,"ASV_4864","no_hit","unknown","unknown","unknown","unknown","g_","s_"
"4613","ASV_4865",0.000509954013005474,-0.00662872037906624,0.00162335653866794,"ASV_4865","no_hit","Euglenozoa","unknown","Diplonemea","no_hit","no_hit","s_"
"4614","ASV_4866",-0.00239062463543278,-0.00727937456381357,0.00267092131027916,"ASV_4866","no_hit","Ciliophora","Oligohymenophorea","Peniculida","Parameciidae","g_","s_"
"4615","ASV_4869",-0.00151373769185416,-0.00975195006069644,0.00345143183767882,"ASV_4869","no_hit","unknown","unknown","unknown","unknown","g_","s_"
"4616","ASV_4870",0.00146068669941498,-0.00232385974304533,0.00130376944238421,"ASV_4870","no_hit","Dinophyceae","Dinophyceae","no_hit","no_hit","g_","s_"
"4617","ASV_4871",-0.00418765961632552,-0.00782077511103669,0.00390960745383667,"ASV_4871","no_hit","Dinophyceae","Dinophyceae","Peridiniales","Peridiniaceae","Pentapharsodinium","s_"
"4618","ASV_4873",-0.000885645102295532,-0.000764392864242187,0.000842472163025352,"ASV_4873","no_hit","Dinophyceae","Dinophyceae","Syndiniales","Amoebophryaceae","g_","s_"
"4619","ASV_4874",0.00139501181584469,0.000166427526519443,0.000232124031669916,"ASV_4874","no_hit","Haptophyta","no_hit","no_hit","no_hit","no_hit","s_"
"4620","ASV_4875",-8.1158423773261e-06,-0.000661313286823161,-0.000733858937600108,"ASV_4875","no_hit","unknown","Choanoflagellata","unknown","unknown","g_","s_"
"4621","ASV_4876",0.00066425092338411,-0.00979317232993022,0.00295951525091212,"ASV_4876","no_hit","unknown","Chrysophyceae","unknown","unknown","g_","s_"
"4622","ASV_4877",2.93162300021426e-05,-0.0124904208314276,0.00441725000599172,"ASV_4877","no_hit","unknown","unknown","unknown","unknown","unknown","s_"
"4623","ASV_4878",0.000794678268452215,0.000753038631012668,-0.00184856902380132,"ASV_4878","no_hit","no_hit","no_hit","no_hit","no_hit","no_hit","no_hit"
"4624","ASV_4880",-0.000971057690847218,-0.000139775490059757,0.00218774882956336,"ASV_4880","no_hit","Ciliophora","Spirotrichea","Choreotrichida","Strobilidiidae","g_","s_"
"4625","ASV_4882",0.00437204753247235,0.00207447064660652,0.0026960978469199,"ASV_4882","no_hit","Dinophyceae","Dinophyceae","Peridiniales","Protoperidiniaceae","Protoperidinium","no_hit"
"4626","ASV_4884",-0.000896305153416052,-0.0100505970566587,0.0036042120566071,"ASV_4884","no_hit","unknown","Cryptophyceae","Cyathomonadacea","Goniomonadaceae","g_","s_"
"4627","ASV_4885",0.000333601893644482,-0.00456354125626721,0.000904174427915867,"ASV_4885","no_hit","Perkinsozoa","unknown","Perkinsida","Xcellidae","g_","s_"
"4628","ASV_4886",-0.00669265506756912,0.00542147201190331,-0.00107534520384818,"ASV_4886","Metazoa","Nemertea","Palaeonemertea","unknown","Carinomidae","g_","s_"
"4629","ASV_4888",0.000773841730584936,-0.00120322437907153,-0.000908921649145446,"ASV_4888","no_hit","no_hit","no_hit","no_hit","no_hit","no_hit","s_"
"4630","ASV_4889",-0.000783198684489119,-0.00750177917215363,0.00205907606259447,"ASV_4889","no_hit","unknown","Polycystinea","Nassellaria","Pterocorythidae","g_","s_"
"4631","ASV_4891",-0.00245795073190725,-0.00464633353097696,0.00218769740204145,"ASV_4891","no_hit","Dinophyceae","Dinophyceae","Syndiniales","no_hit","g_","s_"
"4632","ASV_4896",-0.00111896046699617,-0.00763003787183786,0.00322037880307498,"ASV_4896","no_hit","unknown","Bigyra","Nanomonadea","unknown","Solenicola","s_"
"4633","ASV_4897",0.000756265644198756,0.000569834856684794,-0.00166827793796017,"ASV_4897","no_hit","Dinophyceae","Dinophyceae","Syndiniales","Amoebophryaceae","g_","s_"
"4634","ASV_4898",0.000504867014147882,-0.000507009441218737,0.000340928941719873,"ASV_4898","no_hit","Ciliophora","Spirotrichea","no_hit","no_hit","no_hit","s_"
"4635","ASV_4899",0.000610578336668485,0.000533648240444752,-0.00162795550770426,"ASV_4899","no_hit","no_hit","no_hit","no_hit","no_hit","no_hit","no_hit"
"4636","ASV_4901",0.000504002710070911,-0.00313025756974791,2.52083020877057e-05,"ASV_4901","no_hit","unknown","unknown","unknown","unknown","unknown","s_"
"4637","ASV_4902",-0.0105847910468334,0.00838104951351212,-0.00119516013123299,"ASV_4902","Metazoa","Annelida","Polychaeta","Terebellida","Terebellidae","Lysilla","Lysilla sp. THS-2012"
"4638","ASV_4905",-0.000866173841149097,-0.00698811040580533,0.00187509674936806,"ASV_4905","no_hit","Dinophyceae","Dinophyceae","Syndiniales","no_hit","g_","s_"
"4639","ASV_4906",0.000862353234258136,0.00183746843957482,0.000977406487428486,"ASV_4906","no_hit","no_hit","no_hit","no_hit","no_hit","g_","s_"
"4640","ASV_4907",-0.000778197220261198,-0.00505018061393431,0.0014160396833261,"ASV_4907","no_hit","unknown","Bigyra","Nanomonadea","unknown","Solenicola","s_"
"4641","ASV_4908",0.00103881045313064,0.000814726487922153,-9.38157967701152e-05,"ASV_4908","no_hit","Dinophyceae","Dinophyceae","Syndiniales","no_hit","no_hit","s_"
"4642","ASV_4910",0.000254901207459214,-0.000396760960140024,-0.000975910811634292,"ASV_4910","no_hit","Dinophyceae","Dinophyceae","no_hit","no_hit","g_","s_"
"4643","ASV_4912",-0.000482855881379835,-0.000782381891395946,-0.000192040411721359,"ASV_4912","no_hit","Ciliophora","Spirotrichea","unknown","Strombidiidae","Spirostrombidium","s_"
"4644","ASV_4915",-0.0030862940196698,-0.00368732164016115,0.00437907635278886,"ASV_4915","no_hit","Dinophyceae","Dinophyceae","Syndiniales","Amoebophryaceae","Amoebophrya","s_"
"4645","ASV_4916",0.000405148853792503,-5.54544763039732e-05,-0.00141445524295182,"ASV_4916","no_hit","no_hit","no_hit","no_hit","no_hit","no_hit","no_hit"
"4646","ASV_4918",0.00453608945026393,0.00328221758215135,0.00395926761067428,"ASV_4918","no_hit","Dinophyceae","Dinophyceae","Gymnodiniales","Warnowiaceae","g_","s_"
"4647","ASV_4919",-0.00796638844864717,0.00329427614206726,0.000348067430948313,"ASV_4919","Metazoa","Cnidaria","Anthozoa","Actiniaria","Halcampoididae","Halcampoides","no_hit"
"4648","ASV_4920",0.000729619862348348,0.00162703465645636,-0.00217542604443962,"ASV_4920","Metazoa","Chordata","Thaliacea","Doliolida","Doliolidae","Doliolum","Doliolum nationalis"
"4649","ASV_4924",6.94298937013711e-05,-0.000386243536099172,-0.00204967165645969,"ASV_4924","no_hit","Dinophyceae","Dinophyceae","Syndiniales","Amoebophryaceae","Amoebophrya","no_hit"
"4650","ASV_4925",0.000737276204207871,-0.00477618086681418,0.000791166564582182,"ASV_4925","no_hit","Dinophyceae","Dinophyceae","Syndiniales","Amoebophryaceae","g_","s_"
"4651","ASV_4926",0.000497762248000141,0.00104604855818363,-0.00186673426646561,"ASV_4926","no_hit","Dinophyceae","Dinophyceae","Gymnodiniales","Gymnodiniaceae","g_","s_"
"4652","ASV_4927",6.05602403725339e-05,-0.0140392893230786,0.00501981652105736,"ASV_4927","no_hit","unknown","unknown","unknown","unknown","g_","s_"
"4653","ASV_4928",0.000850208276211086,-0.00463090781849796,0.000648110579804801,"ASV_4928","no_hit","no_hit","no_hit","no_hit","no_hit","no_hit","no_hit"
"4654","ASV_4929",-0.00133379105086414,-0.00862158093616186,0.0030568123831073,"ASV_4929","no_hit","Dinophyceae","Dinophyceae","Gymnodiniales","Kareniaceae","Takayama","Takayama cf. pulchellum"
"4655","ASV_4930",-0.000492043319513021,-0.01156736432072,0.00381529773165676,"ASV_4930","no_hit","Ciliophora","Oligohymenophorea","Philasterida","no_hit","g_","s_"
"4656","ASV_4931",0.000272629541123175,-0.0103140910804428,0.00319645887750434,"ASV_4931","no_hit","Ciliophora","no_hit","no_hit","no_hit","g_","s_"
"4657","ASV_4932",-0.00056589420374303,0.000408645977579569,-0.000435486344891782,"ASV_4932","no_hit","Ciliophora","Spirotrichea","no_hit","no_hit","g_","s_"
"4658","ASV_4935",0.000580946575974497,0.000950496567607824,-0.00180828014354854,"ASV_4935","no_hit","no_hit","no_hit","no_hit","no_hit","no_hit","s_"
"4659","ASV_4936",-0.00376275141089494,-0.00700779136721213,0.00324593333972951,"ASV_4936","no_hit","unknown","unknown","unknown","unknown","g_","s_"
"4660","ASV_4937",-0.00110007892321508,-0.00749159138331577,0.00227841496705358,"ASV_4937","no_hit","Dinophyceae","Dinophyceae","Syndiniales","no_hit","no_hit","no_hit"
"4661","ASV_4939",-0.0033362287868384,-0.00783890208334664,0.00380018198618605,"ASV_4939","no_hit","Dinophyceae","Dinophyceae","Syndiniales","Amoebophryaceae","g_","s_"
"4662","ASV_4943",-5.31152175078078e-05,-0.0105093068064531,0.00369969517129617,"ASV_4943","no_hit","unknown","unknown","unknown","unknown","unknown","uncultured marine eukaryote"
"4663","ASV_4945",0.0003327134046748,-0.00901693134734653,0.00261081183332501,"ASV_4945","no_hit","Euglenozoa","unknown","Diplonemea","unknown","unknown","s_"
"4664","ASV_4946",-9.59512990989012e-05,-0.00412275789657644,0.000897608924932965,"ASV_4946","no_hit","Euglenozoa","unknown","Diplonemea","unknown","g_","s_"
"4665","ASV_4947",0.00409104025467002,0.00130870843078272,0.00243079355062548,"ASV_4947","no_hit","Bacillariophyta","Coscinodiscophyceae","Thalassiosirales","Thalassiosiraceae","g_","s_"
"4666","ASV_4948",-0.0017894901045549,-0.00753255169392134,0.00266987234458626,"ASV_4948","no_hit","Ciliophora","Oligohymenophorea","Philasterida","Cinetochilidae","g_","s_"
"4667","ASV_4949",-0.00572794761028036,0.0046685178555469,-0.00117444664300527,"ASV_4949","no_hit","Ciliophora","Prostomatea","Prorodontida","Urotrichidae","Urotricha","s_"
"4668","ASV_4950",-0.00175440935726687,-0.0150164776583156,0.00662916745382716,"ASV_4950","no_hit","no_hit","no_hit","no_hit","no_hit","no_hit","no_hit"
"4669","ASV_4951",0.000607971023568562,0.000581297335239363,-0.00164897659960123,"ASV_4951","no_hit","Dinophyceae","Dinophyceae","no_hit","no_hit","g_","s_"
"4670","ASV_4952",0.00075738902481523,-0.00282903124295361,-0.000110239949086299,"ASV_4952","no_hit","unknown","unknown","unknown","unknown","g_","s_"
"4671","ASV_4953",-0.00198417031353008,-0.0110084016060953,0.00449281074559094,"ASV_4953","no_hit","Dinophyceae","Dinophyceae","Gymnodiniales","Gymnodiniaceae","Gyrodinium","s_"
"4672","ASV_4954",0.00294277822240779,0.00292738472864146,0.0038514410613611,"ASV_4954","no_hit","Dinophyceae","Dinophyceae","no_hit","no_hit","no_hit","no_hit"
"4673","ASV_4955",-0.0104391231111009,0.00718710092668466,0.000351699412580301,"ASV_4955","no_hit","unknown","Ichthyosporea","Ichthyophonida","unknown","g_","s_"
"4674","ASV_4957",-0.0030073075920184,-0.012774785365752,0.00516911696450501,"ASV_4957","no_hit","unknown","Bigyra","Nanomonadea","unknown","g_","s_"
"4675","ASV_4959",0.00073990515086652,0.00194449603930432,-0.00232507429668321,"ASV_4959","Metazoa","Chordata","Thaliacea","Doliolida","Doliolidae","Doliolum","Doliolum nationalis"
"4676","ASV_4960",0.000381178161539068,-0.00563253715076688,0.00134597795791737,"ASV_4960","no_hit","Dinophyceae","Dinophyceae","Blastodiniales","unknown","g_","s_"
"4677","ASV_4963",0.000168198281863765,0.000252041408379079,-0.00120037646604526,"ASV_4963","no_hit","no_hit","no_hit","no_hit","no_hit","no_hit","no_hit"
"4678","ASV_4964",0.000612352482269387,0.0013523915125248,-0.00203868044178127,"ASV_4964","no_hit","Dinophyceae","Dinophyceae","Peridiniales","Peridiniaceae","g_","s_"
"4679","ASV_4965",-0.0025912153465704,-0.00618446315494061,0.0022229699410465,"ASV_4965","no_hit","Dinophyceae","Dinophyceae","no_hit","no_hit","no_hit","no_hit"
"4680","ASV_4967",-0.00124912082855386,-0.00861351362382606,0.00305380835392748,"ASV_4967","no_hit","Dinophyceae","Dinophyceae","Gonyaulacales","Amphidomataceae","g_","s_"
"4681","ASV_4972",-0.00319981388990423,-0.00192647247905749,0.00134741490092137,"ASV_4972","no_hit","Oomycota","unknown","Myzocytiopsidales","Myzocytiopsidaceae","g_","s_"
"4682","ASV_4975",-0.00284414558161234,-0.00427810891609654,0.00227536433832382,"ASV_4975","no_hit","Dinophyceae","Dinophyceae","Syndiniales","Amoebophryaceae","g_","s_"
"4683","ASV_4977",-0.00307590125060481,-0.00948595514943288,0.00458876139990886,"ASV_4977","no_hit","Dinophyceae","Dinophyceae","no_hit","no_hit","g_","s_"
"4684","ASV_4978",-0.000126628386208568,-0.0105496403204451,0.00342296714626415,"ASV_4978","no_hit","Dinophyceae","Dinophyceae","Peridiniales","Peridiniaceae","Pentapharsodinium","s_"
"4685","ASV_4979",0.000883393960113694,-0.00129526186564228,-0.000921306264485095,"ASV_4979","no_hit","Dinophyceae","Dinophyceae","Thoracosphaerales","Thoracosphaeraceae","g_","s_"
"4686","ASV_4985",0.00354740467505795,0.00172500790721971,0.00168376527147374,"ASV_4985","no_hit","Dinophyceae","Dinophyceae","no_hit","no_hit","no_hit","s_"
"4687","ASV_4986",0.000885375766442392,-0.00247582992302881,-0.000362393728918064,"ASV_4986","Metazoa","Chordata","Appendicularia","Copelata","Fritillariidae","Fritillaria <tunicates>","Fritillaria charybdae"
"4688","ASV_4987",-0.000517972710003608,-0.00199343849065628,0.00100126932942343,"ASV_4987","Metazoa","Cnidaria","Hydrozoa","Anthoathecata","Corymorphidae","Euphysa","no_hit"
"4689","ASV_4988",-5.05146710696222e-05,-0.0120631691834427,0.00463303761646905,"ASV_4988","no_hit","unknown","unknown","unknown","unknown","g_","s_"
"4690","ASV_4989",0.000389384708484142,-0.00536867369386534,0.00104420059891152,"ASV_4989","no_hit","unknown","Chrysophyceae","no_hit","no_hit","no_hit","no_hit"
"4691","ASV_4990",0.00204490910580877,0.00150562816815048,0.00105661060714468,"ASV_4990","no_hit","Dinophyceae","Dinophyceae","Syndiniales","no_hit","no_hit","no_hit"
"4692","ASV_4991",-0.00202578177557019,-0.00377697656849478,0.00108525974892837,"ASV_4991","no_hit","no_hit","no_hit","no_hit","no_hit","no_hit","no_hit"
"4693","ASV_4992",0.000588636173792699,-0.00577164592122785,0.00121849734025225,"ASV_4992","no_hit","Euglenozoa","unknown","Diplonemea","unknown","unknown","s_"
"4694","ASV_4993",0.000720113892510064,-0.00240648252871278,-0.00030882371887322,"ASV_4993","no_hit","unknown","Polycystinea","no_hit","no_hit","no_hit","no_hit"
"4695","ASV_4994",-0.00404029944478189,-0.00550077373707123,0.00249513986218337,"ASV_4994","no_hit","Dinophyceae","Dinophyceae","no_hit","no_hit","no_hit","no_hit"
"4696","ASV_4996",0.000132467504502523,-0.0126638814266934,0.0043060735092019,"ASV_4996","no_hit","no_hit","no_hit","no_hit","no_hit","no_hit","no_hit"
"4697","ASV_4997",7.84718974729523e-05,-0.000677656361392313,-0.000513503434266705,"ASV_4997","no_hit","no_hit","no_hit","no_hit","no_hit","no_hit","no_hit"
"4698","ASV_4999",-0.0021751627585079,-0.00103530282279898,0.000566488737144164,"ASV_4999","no_hit","Cercozoa","Thecofilosea","Cryomonadida","Protaspidae","g_","s_"
"4699","ASV_5002",-0.00599060636035191,-0.00499444693776681,0.00377642594435876,"ASV_5002","no_hit","Bacillariophyta","Coscinodiscophyceae","Melosirales","Stephanopyxidaceae","g_","s_"
"4700","ASV_5004",-0.000483387418300115,-0.00353702448633772,0.000612336550925852,"ASV_5004","no_hit","unknown","Polycystinea","no_hit","no_hit","no_hit","no_hit"
"4701","ASV_5007",-0.00109383344725751,-0.00250892590466735,0.00151292722894496,"ASV_5007","no_hit","Dinophyceae","Dinophyceae","Syndiniales","Eudubosquellidae","g_","s_"
"4702","ASV_5008",-0.00076478525336455,-0.00344653405075106,0.000124514946157079,"ASV_5008","no_hit","Dinophyceae","Dinophyceae","no_hit","no_hit","no_hit","s_"
"4703","ASV_5010",-0.000211023369862575,-0.00407933814849254,0.000682523548275159,"ASV_5010","no_hit","Dinophyceae","Dinophyceae","Syndiniales","no_hit","no_hit","no_hit"
"4704","ASV_5011",-0.00297895027499984,-0.0047354646603456,0.00411866274928537,"ASV_5011","no_hit","Dinophyceae","Dinophyceae","Syndiniales","Amoebophryaceae","g_","s_"
"4705","ASV_5012",-0.000237441070417593,-0.00664422318979139,0.00162813010873,"ASV_5012","no_hit","unknown","Acantharea","Chaunacanthida","unknown","g_","s_"
"4706","ASV_5013",0.00401253892768513,0.00208601773978812,0.00258420538949107,"ASV_5013","no_hit","Haptophyta","unknown","Zygodiscales","Braarudosphaeraceae","Braarudosphaera","Braarudosphaera bigelowii"
"4707","ASV_5014",-0.00061196965800284,-0.00679136875677211,0.00225685058500275,"ASV_5014","no_hit","Dinophyceae","Dinophyceae","no_hit","no_hit","g_","s_"
"4708","ASV_5018",0.000655367931492723,0.00159266315734261,-0.00214146455671518,"ASV_5018","no_hit","Ciliophora","Oligohymenophorea","Apostomatida","Colliniidae","g_","s_"
"4709","ASV_5022",-0.000121357124042609,-0.00497138053472475,0.000970737497408821,"ASV_5022","no_hit","unknown","unknown","unknown","unknown","g_","s_"
"4710","ASV_5023",0.000433250677066486,-0.000449211970056736,-0.00159338579542224,"ASV_5023","no_hit","Dinophyceae","Dinophyceae","Gymnodiniales","Warnowiaceae","g_","s_"
"4711","ASV_5024",0.000689049931395485,-5.56845038305573e-05,-0.00138297575907935,"ASV_5024","Metazoa","Cnidaria","Hydrozoa","Siphonophorae","Diphyidae","no_hit","no_hit"
"4712","ASV_5027",0.000323547250646976,0.000180417899390847,0.00216529732416675,"ASV_5027","no_hit","Ciliophora","Spirotrichea","Sporadotrichida","Oxytrichidae","g_","s_"
"4713","ASV_5028",-0.00336339523521171,-0.00772930000468372,0.00318816091504779,"ASV_5028","no_hit","unknown","unknown","unknown","unknown","g_","s_"
"4714","ASV_5029",0.000301848320683962,-0.000421337907070651,-0.00175283587549959,"ASV_5029","no_hit","Ciliophora","no_hit","no_hit","no_hit","no_hit","no_hit"
"4715","ASV_5030",-0.00118828670438668,-0.004415800610981,0.00166749615984155,"ASV_5030","Viridiplantae","Chlorophyta","no_hit","no_hit","no_hit","g_","s_"
"4716","ASV_5031",0.000684729930066308,-0.0040119913594209,0.000398700222960293,"ASV_5031","no_hit","Dinophyceae","Dinophyceae","Syndiniales","Amoebophryaceae","Amoebophrya","s_"
"4717","ASV_5034",0.000508379880360135,-0.00198681343289297,-0.000515034810310027,"ASV_5034","no_hit","unknown","unknown","unknown","unknown","unknown","s_"
"4718","ASV_5036",-0.000164515264676412,-0.00922005955286687,0.00287277657229382,"ASV_5036","no_hit","no_hit","no_hit","no_hit","no_hit","no_hit","no_hit"
"4719","ASV_5039",-2.40038748904594e-05,-0.0148724204203073,0.00531970521512025,"ASV_5039","no_hit","Dinophyceae","Dinophyceae","Syndiniales","Duboscquellidae","g_","s_"
"4720","ASV_5041",-0.000540825544969703,-0.0022639435710735,-9.39237189467339e-05,"ASV_5041","no_hit","unknown","unknown","Pirsoniales","unknown","Pirsonia","Pirsonia punctigera"
"4721","ASV_5042",-0.000448745895339195,-0.00366018316164449,0.00203169933456113,"ASV_5042","no_hit","unknown","unknown","Pirsoniales","unknown","g_","s_"
"4722","ASV_5043",0.00115038868990321,-9.21645514506571e-05,-0.00162283081109658,"ASV_5043","Metazoa","Chordata","Appendicularia","Copelata","Fritillariidae","Fritillaria <tunicates>","s_"
"4723","ASV_5044",-0.000172308895847045,-0.00541426685255868,0.00110619312698608,"ASV_5044","no_hit","unknown","Polycystinea","Spumellaria","Actinommidae","Actinomma","Actinomma boreale"
"4724","ASV_5046",-0.00131492380743846,-0.0116735488470148,0.00434804054199635,"ASV_5046","no_hit","Dinophyceae","Dinophyceae","no_hit","no_hit","no_hit","no_hit"
"4725","ASV_5047",0.00067056789454016,-0.000902042388036253,-0.000965828604690094,"ASV_5047","no_hit","Dinophyceae","Dinophyceae","Syndiniales","no_hit","no_hit","no_hit"
"4726","ASV_5051",-0.00271010686047739,-0.00464702401817563,0.00258004791188972,"ASV_5051","no_hit","Rhodophyta","Bangiophyceae","Porphyridiales","Porphyridiaceae","g_","s_"
"4727","ASV_5052",-0.00130549758363136,-0.00669530910681573,0.00220136482480157,"ASV_5052","no_hit","unknown","Polycystinea","Nassellaria","Theoperidae","g_","s_"
"4728","ASV_5053",0.000176929536347778,-0.00530020820623078,0.00100803107519597,"ASV_5053","no_hit","Dinophyceae","Dinophyceae","Gymnodiniales","Kareniaceae","g_","s_"
"4729","ASV_5054",-0.00100470584390758,-0.00537494273508295,0.0017504895537393,"ASV_5054","no_hit","Dinophyceae","Dinophyceae","no_hit","no_hit","g_","s_"
"4730","ASV_5056",0.00515069157665774,0.00133120773826564,0.00529349932061648,"ASV_5056","no_hit","Dinophyceae","Dinophyceae","Peridiniales","Peridiniaceae","Scrippsiella","no_hit"
"4731","ASV_5060",-0.000767202072105917,-0.00834440839137483,0.00271639610985342,"ASV_5060","no_hit","Imbricatea","unknown","Thaumatomonadida","Thaumatomastigidae","g_","s_"
"4732","ASV_5062",0.00417386173935485,0.00218761716673581,0.00779954952973041,"ASV_5062","no_hit","unknown","unknown","unknown","unknown","g_","s_"
"4733","ASV_5066",-0.00104504203862436,-0.00447927033080137,0.00137242077768302,"ASV_5066","no_hit","unknown","Polycystinea","no_hit","no_hit","no_hit","s_"
"4734","ASV_5068",0.00178590261968165,0.00145272001514193,0.00190878533254857,"ASV_5068","no_hit","Dinophyceae","Dinophyceae","no_hit","no_hit","no_hit","no_hit"
"4735","ASV_5069",0.000604845006502377,0.000697085959733104,-0.00170222195422925,"ASV_5069","no_hit","no_hit","no_hit","no_hit","no_hit","g_","s_"
"4736","ASV_5070",0.000127968727142711,-0.00666789783941317,0.00185690834703419,"ASV_5070","no_hit","unknown","unknown","unknown","unknown","g_","s_"
"4737","ASV_5073",0.000567528019945448,0.00109895427961117,-0.00187090803513879,"ASV_5073","no_hit","unknown","Polycystinea","Spumellaria","Actinommidae","Hexacontium","no_hit"
"4738","ASV_5074",-0.0018956913556043,-0.00855877448380668,0.00363444502465852,"ASV_5074","no_hit","Dinophyceae","Dinophyceae","Syndiniales","Amoebophryaceae","g_","s_"
"4739","ASV_5078",-0.00346980530733618,-0.00892245822430289,0.00435643049246013,"ASV_5078","no_hit","Euglenozoa","unknown","Diplonemea","no_hit","g_","s_"
"4740","ASV_5081",0.000419075305632048,-0.0121623877060101,0.00403741298264929,"ASV_5081","no_hit","unknown","Bigyra","Oblongichytrida","unknown","g_","s_"
"4741","ASV_5082",0.000362847499087324,-0.00434103226733012,0.000781072488277738,"ASV_5082","no_hit","unknown","unknown","unknown","unknown","g_","s_"
"4742","ASV_5083",-0.000894943563049825,0.00110689110660962,-0.00114931280972319,"ASV_5083","Fungi","Mucoromycota","no_hit","no_hit","no_hit","no_hit","s_"
"4743","ASV_5085",-0.0032538008081428,-0.000535436327997857,0.000536290788038446,"ASV_5085","no_hit","Haptophyta","no_hit","no_hit","no_hit","g_","s_"
"4744","ASV_5087",0.000546630832326874,0.00137336123550825,-0.00198884037419379,"ASV_5087","no_hit","Euglenozoa","unknown","Diplonemea","unknown","g_","s_"
"4745","ASV_5088",0.000905246966772913,0.000856773352150242,-0.000605537860819116,"ASV_5088","no_hit","no_hit","no_hit","no_hit","no_hit","no_hit","s_"
"4746","ASV_5090",-0.00139399086458515,-0.0115265682564276,0.00442037203772906,"ASV_5090","no_hit","no_hit","no_hit","no_hit","no_hit","g_","s_"
"4747","ASV_5091",-0.0023136460091019,-0.0138853804919223,0.00544508607960214,"ASV_5091","no_hit","Dinophyceae","Dinophyceae","Peridiniales","Peridiniaceae","g_","s_"
"4748","ASV_5092",0.000658027448865451,-0.00292047413605159,-2.99440134928803e-05,"ASV_5092","unassigned","unassigned","unassigned","unassigned","unassigned","unassigned","s_"
"4749","ASV_5093",0.000750585908384695,-0.00394716702867304,0.00039069062044196,"ASV_5093","no_hit","Dinophyceae","Dinophyceae","no_hit","no_hit","no_hit","no_hit"
"4750","ASV_5094",-0.00131436851561854,-0.0105474565098121,0.00398331028741679,"ASV_5094","no_hit","Dinophyceae","Dinophyceae","Syndiniales","Amoebophryaceae","g_","s_"
"4751","ASV_5095",0.000542615471004277,-0.0109116853317478,0.00344261510295476,"ASV_5095","Viridiplantae","Chlorophyta","no_hit","no_hit","no_hit","no_hit","s_"
"4752","ASV_5099",-0.000899314109910912,-0.0130496043914954,0.00507690920304324,"ASV_5099","no_hit","unknown","unknown","unknown","unknown","g_","s_"
"4753","ASV_5100",-0.000625521770348013,-0.00193658678852586,0.00128899487074302,"ASV_5100","no_hit","Bacillariophyta","Mediophyceae","Eupodiscales","Odontellaceae","Odontella","Odontella aurita"
"4754","ASV_5101",-0.000278735139147953,-0.0108468474553048,0.0035146100109231,"ASV_5101","no_hit","no_hit","no_hit","no_hit","no_hit","no_hit","no_hit"
"4755","ASV_5102",0.000988003017027585,-0.0047554213101895,0.000625714664325329,"ASV_5102","no_hit","no_hit","no_hit","no_hit","no_hit","no_hit","no_hit"
"4756","ASV_5103",-5.11346347896101e-05,0.00205916527902295,0.00206078479598991,"ASV_5103","no_hit","Dinophyceae","Dinophyceae","Peridiniales","Protoperidiniaceae","g_","s_"
"4757","ASV_5106",-0.00358556654753067,-0.00363571584723536,0.00217733847511744,"ASV_5106","no_hit","Dinophyceae","Dinophyceae","no_hit","no_hit","no_hit","no_hit"
"4758","ASV_5107",-0.00172743239564442,-0.0112181376506798,0.00458013959704417,"ASV_5107","no_hit","Dinophyceae","Dinophyceae","no_hit","no_hit","no_hit","no_hit"
"4759","ASV_5109",-0.00075848503465989,-0.00270865400782228,0.00134132327531789,"ASV_5109","no_hit","unknown","unknown","unknown","unknown","g_","s_"
"4760","ASV_5110",0.000135874626435245,-0.0125305942693782,0.00435052638860119,"ASV_5110","no_hit","Dinophyceae","Dinophyceae","no_hit","no_hit","g_","s_"
"4761","ASV_5111",0.000182991150104225,-0.00923603137321884,0.00283714714773354,"ASV_5111","no_hit","no_hit","no_hit","no_hit","no_hit","g_","s_"
"4762","ASV_5112",0.000772752827790119,-0.00196962890648805,-0.000549039859359988,"ASV_5112","no_hit","Cercozoa","Thecofilosea","Phaeogromida","Medusettidae","Medusetta","Medusetta parthenopaea"
"4763","ASV_5113",-0.00621905475721825,0.00354247577969154,0.000117185828950746,"ASV_5113","no_hit","no_hit","no_hit","no_hit","no_hit","g_","s_"
"4764","ASV_5117",-0.003354464640183,-0.0088125733255074,0.00410367099549358,"ASV_5117","no_hit","no_hit","no_hit","no_hit","no_hit","g_","s_"
"4765","ASV_5118",-0.000661034116633514,-0.0132836534546949,0.00469705470049843,"ASV_5118","no_hit","unknown","unknown","unknown","unknown","g_","s_"
"4766","ASV_5119",0.000634107614704424,-0.0014335224181813,-0.000726753547543884,"ASV_5119","no_hit","Euglenozoa","unknown","Diplonemea","unknown","unknown","Diplonemida sp. 1sb RG-2016"
"4767","ASV_5120",-0.00114212016382114,-0.003078363498524,0.000500463327669357,"ASV_5120","no_hit","Ciliophora","Oligohymenophorea","Apostomatida","Pseudocolliniidae","Fusiforma","s_"
"4768","ASV_5122",0.000322165790582331,-0.000338484365926713,-0.00100590005908541,"ASV_5122","no_hit","unknown","Polycystinea","no_hit","no_hit","no_hit","no_hit"
"4769","ASV_5123",0.000876040161454181,0.00171840653117431,-0.00219857554269782,"ASV_5123","no_hit","unknown","Polycystinea","Collodaria","Sphaerozoidae","no_hit","no_hit"
"4770","ASV_5125",0.000806674288537905,-0.000210353786792168,-0.00115006123324204,"ASV_5125","no_hit","no_hit","no_hit","no_hit","no_hit","no_hit","s_"
"4771","ASV_5126",0.000261619282723166,-0.00427773925543387,0.000723839692519964,"ASV_5126","no_hit","Dinophyceae","Dinophyceae","no_hit","no_hit","no_hit","no_hit"
"4772","ASV_5129",0.000504252217655615,-0.00403428619084317,0.000505692400755046,"ASV_5129","no_hit","unknown","unknown","unknown","unknown","g_","s_"
"4773","ASV_5130",-0.00063379725047185,-0.00771938886067426,0.00242583332556911,"ASV_5130","no_hit","Ciliophora","Colpodea","unknown","unknown","g_","s_"
"4774","ASV_5133",0.000650017253738411,0.00208051602335045,0.000591803134614104,"ASV_5133","no_hit","Bacillariophyta","Coscinodiscophyceae","Leptocylindrales","Leptocylindraceae","Leptocylindrus","no_hit"
"4775","ASV_5136",0.000833449723623984,-0.00919775999669329,0.00266950172320717,"ASV_5136","no_hit","Dinophyceae","Dinophyceae","Syndiniales","Amoebophryaceae","g_","s_"
"4776","ASV_5137",0.000679674904978901,-0.00304727263950675,-1.11220674144751e-05,"ASV_5137","no_hit","Dinophyceae","Dinophyceae","Coccidiniales","Chytriodiniaceae","g_","s_"
"4777","ASV_5138",0.000218815315558231,-0.00936156577274003,0.00277203866327451,"ASV_5138","no_hit","unknown","unknown","unknown","unknown","g_","s_"
"4778","ASV_5139",0.00101981705935251,0.000536203355573508,-0.001683933510729,"ASV_5139","no_hit","Dinophyceae","Dinophyceae","Gymnodiniales","Gymnodiniaceae","g_","s_"
"4779","ASV_5141",-0.00131120585024217,0.000661397708250898,-0.000333827571052025,"ASV_5141","no_hit","Dinophyceae","Dinophyceae","no_hit","no_hit","g_","s_"
"4780","ASV_5144",-0.00184556634089396,-0.00184335353632739,0.000728070914151889,"ASV_5144","no_hit","unknown","unknown","unknown","unknown","g_","s_"
"4781","ASV_5146",0.000613935163530443,0.000894207825548544,-0.00179380682330605,"ASV_5146","no_hit","Dinophyceae","Dinophyceae","Syndiniales","no_hit","g_","s_"
"4782","ASV_5147",-0.003461470893559,-0.0112182333638104,0.00522426342340953,"ASV_5147","no_hit","Dinophyceae","Dinophyceae","Syndiniales","Duboscquellidae","g_","s_"
"4783","ASV_5148",-0.00039349783041774,-0.0103003063039249,0.00337605196696992,"ASV_5148","no_hit","no_hit","no_hit","no_hit","no_hit","no_hit","s_"
"4784","ASV_5149",-0.00139051551025188,-0.00019741204084568,-0.000505092568835246,"ASV_5149","no_hit","unknown","unknown","unknown","unknown","g_","s_"
"4785","ASV_5151",-0.00298295369359486,-0.0121575202659455,0.00550650817119111,"ASV_5151","no_hit","Dinophyceae","Dinophyceae","Syndiniales","Amoebophryaceae","g_","s_"
"4786","ASV_5153",-0.000191126611422184,-0.00202713421132504,-0.000381083053857122,"ASV_5153","no_hit","unknown","Bigyra","Nanomonadea","unknown","g_","s_"
"4787","ASV_5155",-0.00175242460397528,-0.000319491974333546,-0.000847972833122302,"ASV_5155","no_hit","Ciliophora","Spirotrichea","no_hit","no_hit","no_hit","no_hit"
"4788","ASV_5156",-0.000306103239356297,-0.00077542948575157,-0.00252574876544941,"ASV_5156","no_hit","unknown","Polycystinea","no_hit","no_hit","no_hit","no_hit"
"4789","ASV_5157",-0.000710923421797846,-0.00438738968197921,0.000893300647673866,"ASV_5157","no_hit","Dinophyceae","Dinophyceae","Peridiniales","Heterocapsaceae","g_","s_"
"4790","ASV_5158",-0.00067258743188943,-0.00676379554359195,0.00199953896811604,"ASV_5158","no_hit","Dinophyceae","Dinophyceae","Syndiniales","no_hit","no_hit","no_hit"
"4791","ASV_5159",0.00295120270490825,0.00151360539752486,0.00184374859335233,"ASV_5159","no_hit","unknown","unknown","unknown","unknown","g_","s_"
"4792","ASV_5160",-8.92975779101335e-05,-0.00112011506629408,0.000107228232536509,"ASV_5160","no_hit","Imbricatea","unknown","Thaumatomonadida","Thaumatomastigidae","Protaspis","no_hit"
"4793","ASV_5161",0.00231464359164353,0.00115682083847527,0.00457665652443894,"ASV_5161","no_hit","Dinophyceae","Dinophyceae","Syndiniales","Amoebophryaceae","Amoebophrya","s_"
"4794","ASV_5164",0.00422043262334615,0.00135702365041153,0.00243682810986449,"ASV_5164","no_hit","Ciliophora","Spirotrichea","Tintinnida","Codonellidae","Tintinnopsis","Tintinnopsis sp. JG-2011a"
"4795","ASV_5165",0.000865555915662255,-2.2520656236069e-05,-0.000869701756601991,"ASV_5165","no_hit","Bacillariophyta","Bacillariophyceae","Bacillariales","Bacillariaceae","Pseudo-nitzschia","no_hit"
"4796","ASV_5169",0.000126605085740237,-0.00572624736316205,0.00160200948435103,"ASV_5169","no_hit","unknown","unknown","unknown","unknown","unknown","Uncultured marine alveolate Group II DH147-EKD3"
"4797","ASV_5170",0.000336814073099348,-0.000296182710514917,0.000333440678526623,"ASV_5170","no_hit","Dinophyceae","Dinophyceae","unknown","unknown","g_","s_"
"4798","ASV_5171",0.000250977837281613,-0.00726351871559989,0.00189800188499187,"ASV_5171","no_hit","Dinophyceae","Dinophyceae","Syndiniales","no_hit","g_","s_"
"4799","ASV_5173",0.000676003073698536,-0.00341091146232607,0.00024711774837779,"ASV_5173","no_hit","Dinophyceae","Dinophyceae","Syndiniales","Amoebophryaceae","g_","s_"
"4800","ASV_5174",0.00121480867494957,-0.000737479738263462,-0.00141508630141951,"ASV_5174","Metazoa","Arthropoda","Malacostraca","Euphausiacea","Euphausiidae","no_hit","no_hit"
"4801","ASV_5175",-0.00187523849425506,-0.0111158007889242,0.00440832563683953,"ASV_5175","no_hit","unknown","Bigyra","Nanomonadea","unknown","g_","s_"
"4802","ASV_5177",0.000675438363813377,-0.00113073856687393,-0.000881900905394104,"ASV_5177","no_hit","unknown","Acantharea","Chaunacanthida","unknown","g_","s_"
"4803","ASV_5178",-0.00162467395931104,0.000266810905080701,-0.000429217429601347,"ASV_5178","no_hit","Euglenozoa","unknown","Diplonemea","unknown","g_","s_"
"4804","ASV_5180",-0.00820000167861348,0.00575961261837154,-0.000426884568305463,"ASV_5180","no_hit","no_hit","no_hit","no_hit","no_hit","g_","s_"
"4805","ASV_5181",0.000663686492649069,0.00159272241741775,-0.00213894143356023,"ASV_5181","no_hit","Dinophyceae","Dinophyceae","no_hit","no_hit","no_hit","no_hit"
"4806","ASV_5186",0.000188398720126949,-0.0162527975301214,0.00574382280276814,"ASV_5186","no_hit","unknown","unknown","unknown","unknown","unknown","uncultured marine eukaryote"
"4807","ASV_5187",0.000751317011298545,-0.00593206722188804,0.00127949705735054,"ASV_5187","no_hit","unknown","Cryptophyceae","Pyrenomonadales","Geminigeraceae","g_","s_"
"4808","ASV_5190",-0.00900675641996222,0.00479826759729606,0.00101128287673709,"ASV_5190","Viridiplantae","Chlorophyta","Nephroselmidophyceae","Nephroselmidales","Nephroselmidaceae","g_","s_"
"4809","ASV_5191",-0.00343434060596019,0.00392659641760722,-0.0002991469230999,"ASV_5191","no_hit","Dinophyceae","Dinophyceae","Syndiniales","Amoebophryaceae","g_","s_"
"4810","ASV_5194",0.000309250273554012,0.000320723711121391,-0.000981341297412036,"ASV_5194","no_hit","unknown","unknown","unknown","unknown","g_","s_"
"4811","ASV_5198",-0.000626398482049683,-0.00137378218781778,-0.000189953885813411,"ASV_5198","no_hit","no_hit","no_hit","no_hit","no_hit","no_hit","no_hit"
"4812","ASV_5201",-0.000292281919185796,-0.00923283118113195,0.00310964397954305,"ASV_5201","no_hit","Dinophyceae","Dinophyceae","no_hit","no_hit","no_hit","no_hit"
"4813","ASV_5202",0.000596955159034089,-0.0033240361626867,0.000131253096717826,"ASV_5202","no_hit","Euglenozoa","unknown","Diplonemea","unknown","g_","s_"
"4814","ASV_5203",0.000136965023169557,-0.00168754066122503,-0.000607799702280769,"ASV_5203","no_hit","Euglenozoa","unknown","Diplonemea","no_hit","no_hit","no_hit"
"4815","ASV_5206",0.000675354189624305,-0.00759910204590851,0.00195506013494762,"ASV_5206","no_hit","Dinophyceae","Dinophyceae","Syndiniales","Eudubosquellidae","g_","s_"
"4816","ASV_5207",-0.0010421231662182,-0.0138932097424727,0.00561922131133639,"ASV_5207","no_hit","no_hit","no_hit","no_hit","no_hit","g_","s_"
"4817","ASV_5208",0.000783428877506161,-0.00299980970867073,-5.7025954670412e-05,"ASV_5208","no_hit","unknown","Acantharea","Chaunacanthida","unknown","g_","s_"
"4818","ASV_5209",0.000773445840442975,-0.00119085181245271,-0.000871245905981467,"ASV_5209","no_hit","unknown","Polycystinea","Spumellaria","Actinommidae","Hexacontium","no_hit"
"4819","ASV_5212",0.00486635458200397,0.0014837471444347,0.00416114129804473,"ASV_5212","Metazoa","Arthropoda","Hexanauplia","Calanoida","Paracalanidae","Paracalanus","s_"
"4820","ASV_5215",0.000409083368053213,-0.00178581289274999,-0.00039538383714747,"ASV_5215","no_hit","Dinophyceae","Dinophyceae","Syndiniales","Syndiniaceae","g_","s_"
"4821","ASV_5216",0.00641153809965759,0.00342954678369501,0.00549901332635294,"ASV_5216","no_hit","no_hit","no_hit","no_hit","no_hit","no_hit","no_hit"
"4822","ASV_5217",0.000255695768033802,-0.00649469487535547,0.00151395674739128,"ASV_5217","no_hit","no_hit","no_hit","no_hit","no_hit","g_","s_"
"4823","ASV_5218",0.00013291206751952,0.000512133682976878,0.000392653600933465,"ASV_5218","no_hit","unknown","Cryptophyceae","Cyathomonadacea","Goniomonadaceae","g_","s_"
"4824","ASV_5221",8.05134568569536e-05,-0.00411910723789299,0.000720544560726781,"ASV_5221","no_hit","Dinophyceae","Dinophyceae","no_hit","no_hit","g_","s_"
"4825","ASV_5222",0.0006966642881741,-0.00218074516469046,-0.000401221823854134,"ASV_5222","no_hit","no_hit","no_hit","no_hit","no_hit","no_hit","s_"
"4826","ASV_5230",0.000669536192400718,-0.000863490231914204,-0.00096698460105566,"ASV_5230","no_hit","no_hit","no_hit","no_hit","no_hit","no_hit","s_"
"4827","ASV_5231",-0.000814096974762357,-0.00066731745523356,-8.78132678095539e-05,"ASV_5231","no_hit","Ciliophora","no_hit","no_hit","no_hit","no_hit","s_"
"4828","ASV_5233",0.00122044129299883,-0.00071236478070805,-0.00134157355919093,"ASV_5233","no_hit","Dinophyceae","Dinophyceae","no_hit","no_hit","g_","s_"
"4829","ASV_5234",-0.00147850499770958,-0.00183140726278646,0.000749534413197934,"ASV_5234","no_hit","Dinophyceae","Dinophyceae","no_hit","no_hit","no_hit","no_hit"
"4830","ASV_5235",-0.000232471955091478,-0.00754149075027417,0.00202036307977957,"ASV_5235","no_hit","Dinophyceae","Dinophyceae","Syndiniales","Amoebophryaceae","g_","s_"
"4831","ASV_5237",0.000625006394646248,-0.000443798810665827,-0.00123724061840053,"ASV_5237","no_hit","unknown","Polycystinea","Spumellaria","Actinommidae","Hexacontium","s_"
"4832","ASV_5238",0.000608218138411104,0.000983649610506626,-0.00183740408284653,"ASV_5238","no_hit","unknown","Polycystinea","Spumellaria","Rhizosphaeridae","g_","s_"
"4833","ASV_5247",0.000730716848723887,-0.00166557460507936,-0.000650772485192799,"ASV_5247","no_hit","Euglenozoa","unknown","Diplonemea","no_hit","no_hit","no_hit"
"4834","ASV_5249",-0.00228514071445005,0.00281251625085652,-0.000260620943578268,"ASV_5249","no_hit","unknown","unknown","unknown","unknown","g_","s_"
"4835","ASV_5255",9.82956420783768e-05,-0.00486893211881368,0.000855917238395246,"ASV_5255","Metazoa","Cnidaria","Hydrozoa","Trachymedusae","Rhopalonematidae","Pantachogon","Pantachogon haeckeli"
"4836","ASV_5256",-0.000922319529199405,0.00115817200011033,-0.00112370471080125,"ASV_5256","no_hit","Cercozoa","no_hit","no_hit","no_hit","g_","s_"
"4837","ASV_5259",0.00124858756154735,0.00106275397027431,-0.00193090831109414,"ASV_5259","no_hit","unknown","Polycystinea","no_hit","no_hit","no_hit","no_hit"
"4838","ASV_5260",-0.000617739384409882,-0.00567665116913499,0.00131120693636063,"ASV_5260","no_hit","unknown","unknown","unknown","unknown","g_","s_"
"4839","ASV_5261",-0.00270560122774246,-0.00253575320285774,0.000749390503089622,"ASV_5261","no_hit","Euglenozoa","unknown","Diplonemea","unknown","unknown","s_"
"4840","ASV_5265",-0.000955799212528991,-0.00156082181371715,0.000908980537347644,"ASV_5265","no_hit","Dinophyceae","Dinophyceae","Peridiniales","Peridiniaceae","g_","s_"
"4841","ASV_5266",0.00040328414719242,0.000683105216543225,-0.000256846289243389,"ASV_5266","no_hit","Dinophyceae","Dinophyceae","no_hit","no_hit","no_hit","no_hit"
"4842","ASV_5267",-0.000809362245261099,-0.0036067483670955,0.000853718362109426,"ASV_5267","no_hit","Dinophyceae","Dinophyceae","no_hit","no_hit","no_hit","no_hit"
"4843","ASV_5268",0.000718192955305994,-0.00987779444245149,0.00302614021301472,"ASV_5268","no_hit","Dinophyceae","Dinophyceae","Syndiniales","Syndiniaceae","g_","s_"
"4844","ASV_5269",-0.00318409118564536,0.00124755740970535,-0.000345049735854938,"ASV_5269","no_hit","Dinophyceae","Dinophyceae","no_hit","no_hit","g_","s_"
"4845","ASV_5271",-0.00153194457826866,-0.00579687987510822,0.00318294080003642,"ASV_5271","no_hit","no_hit","no_hit","no_hit","no_hit","g_","s_"
"4846","ASV_5273",0.000785470899394092,-0.000143248152803212,-0.00136300571103162,"ASV_5273","Metazoa","Chordata","Appendicularia","Copelata","Fritillariidae","Fritillaria <tunicates>","Fritillaria formica"
"4847","ASV_5274",-0.00712796191734206,0.00686339295604438,-0.000324362699223542,"ASV_5274","no_hit","no_hit","no_hit","no_hit","no_hit","g_","s_"
"4848","ASV_5279",0.000347391289554647,-0.0107528647114917,0.00340947189402385,"ASV_5279","no_hit","unknown","Bigyra","Bicosoecida","unknown","g_","s_"
"4849","ASV_5281",0.000965951619422003,-0.00600529204499302,0.00128558234912429,"ASV_5281","no_hit","unknown","unknown","unknown","unknown","g_","s_"
"4850","ASV_5282",0.000454569467793641,-0.00447982511098609,0.000849412605084686,"ASV_5282","no_hit","Dinophyceae","Dinophyceae","Syndiniales","Amoebophryaceae","g_","s_"
"4851","ASV_5284",-0.00106350878528527,-0.00788262579709209,0.00234158321923612,"ASV_5284","no_hit","Dinophyceae","Dinophyceae","no_hit","no_hit","no_hit","no_hit"
"4852","ASV_5285",-0.000219706589664823,-0.0105351846791169,0.00355877958718461,"ASV_5285","no_hit","Dinophyceae","Dinophyceae","Peridiniales","Protoperidiniaceae","g_","s_"
"4853","ASV_5288",-0.00183330024776312,-0.00678209780517345,0.00268088313089948,"ASV_5288","no_hit","unknown","unknown","unknown","unknown","g_","s_"
"4854","ASV_5289",-0.000164880847585822,-0.000501575832742038,-0.000874951083232075,"ASV_5289","no_hit","Dinophyceae","Dinophyceae","Syndiniales","Amoebophryaceae","g_","s_"
"4855","ASV_5290",-0.00146774921715005,-0.00659801381633664,0.00228382332334012,"ASV_5290","no_hit","Dinophyceae","Dinophyceae","Syndiniales","Amoebophryaceae","g_","s_"
"4856","ASV_5292",0.000626606852571775,0.000440520519602932,-0.00159145822729463,"ASV_5292","no_hit","unknown","unknown","unknown","unknown","g_","s_"
"4857","ASV_5295",-0.00195274829734336,-0.000576399302731187,0.000473298214230925,"ASV_5295","no_hit","unknown","Bolidophyceae","Parmales","Triparmaceae","g_","s_"
"4858","ASV_5297",0.00320519401122936,0.00153606791705416,0.00226690387503656,"ASV_5297","no_hit","Bacillariophyta","Coscinodiscophyceae","Melosirales","Stephanopyxidaceae","Stephanopyxis","Stephanopyxis turris"
"4859","ASV_5300",0.000898271502999326,-0.00914927347897034,0.00266172443384121,"ASV_5300","no_hit","unknown","Dictyochophyceae","Pedinellales","unknown","g_","s_"
"4860","ASV_5303",-0.00373319719176835,-0.0034205726799296,0.00298222321988357,"ASV_5303","no_hit","unknown","unknown","unknown","unknown","g_","s_"
"4861","ASV_5304",0.000229043347453838,-0.00515010334743077,0.00096387257754566,"ASV_5304","no_hit","unknown","unknown","unknown","unknown","g_","s_"
"4862","ASV_5305",0.000378132654945076,-0.00717367249470347,0.001859679605541,"ASV_5305","no_hit","no_hit","no_hit","no_hit","no_hit","no_hit","no_hit"
"4863","ASV_5310",0.000550694151913602,-0.00162640446131011,-0.000914360489692488,"ASV_5310","no_hit","Dinophyceae","Dinophyceae","Syndiniales","Amoebophryaceae","g_","s_"
"4864","ASV_5311",-0.000683464286876552,-0.00559517956655332,0.00124687558982854,"ASV_5311","Metazoa","Cnidaria","Hydrozoa","Trachymedusae","Halicreatidae","no_hit","no_hit"
"4865","ASV_5313",0.00133969039826138,-0.000356579727044071,0.00361390297488233,"ASV_5313","no_hit","Dinophyceae","Dinophyceae","Syndiniales","Amoebophryaceae","Amoebophrya","s_"
"4866","ASV_5315",0.000385346021865435,-0.00121682301010604,-0.000622818875110897,"ASV_5315","Viridiplantae","Chlorophyta","no_hit","no_hit","no_hit","g_","s_"
"4867","ASV_5316",-0.000130737961946332,-0.0034370191642382,0.000370125878589016,"ASV_5316","no_hit","Ciliophora","Spirotrichea","Tintinnida","Tintinnidae","Salpingella","Salpingella acuminata"
"4868","ASV_5318",-0.000207555008033529,-0.00542639163506663,0.00149877337782344,"ASV_5318","no_hit","unknown","Polycystinea","Nassellaria","Plagiacanthidae","g_","s_"
"4869","ASV_5320",0.000934984965443142,0.00179832866928194,-0.00221912829813344,"ASV_5320","no_hit","Dinophyceae","Dinophyceae","Blastodiniales","unknown","Blastodinium","s_"
"4870","ASV_5321",-0.000184537106428346,-0.00140570619746971,-0.000530527621109011,"ASV_5321","no_hit","Dinophyceae","Dinophyceae","Syndiniales","Amoebophryaceae","g_","s_"
"4871","ASV_5325",9.83624533403672e-05,-0.000844575990476013,-0.000880179687650451,"ASV_5325","no_hit","unknown","unknown","unknown","unknown","g_","s_"
"4872","ASV_5327",-0.000276588786901272,-0.0127102967089213,0.00448988841235918,"ASV_5327","no_hit","unknown","unknown","unknown","unknown","g_","s_"
"4873","ASV_5330",0.000718738810934537,-0.00202855545297261,-0.000448467820839397,"ASV_5330","no_hit","unknown","Polycystinea","no_hit","no_hit","no_hit","no_hit"
"4874","ASV_5332",0.000534322711849982,-0.00525908732253575,0.00108406939266766,"ASV_5332","no_hit","Dinophyceae","Dinophyceae","no_hit","no_hit","no_hit","no_hit"
"4875","ASV_5333",-0.00273900573905456,-0.000676283859954918,0.00017309554732353,"ASV_5333","no_hit","no_hit","no_hit","no_hit","no_hit","no_hit","no_hit"
"4876","ASV_5334",-0.00139174529103116,-9.37472806480606e-06,-3.51150110567943e-05,"ASV_5334","no_hit","no_hit","no_hit","no_hit","no_hit","g_","s_"
"4877","ASV_5335",0.000583558641230209,-0.00617270817611837,0.0014473927173519,"ASV_5335","no_hit","unknown","unknown","Pirsoniales","unknown","g_","s_"
"4878","ASV_5338",0.00044307206150924,-0.00728903305162923,0.00189968524494427,"ASV_5338","no_hit","no_hit","no_hit","no_hit","no_hit","g_","s_"
"4879","ASV_5339",0.000782273882187993,-0.00212824047095437,-0.000452461755184867,"ASV_5339","no_hit","unknown","Choanoflagellata","no_hit","no_hit","g_","s_"
"4880","ASV_5342",0.00060724799662818,0.000603503630130451,-0.00165911232352356,"ASV_5342","no_hit","unknown","Polycystinea","Collodaria","Sphaerozoidae","g_","s_"
"4881","ASV_5344",0.000273856394022842,0.00114317740260837,0.000294685892911748,"ASV_5344","no_hit","Ciliophora","Oligohymenophorea","Philasterida","Loxocephalidae","g_","s_"
"4882","ASV_5347",0.000643525783713541,0.000175441556009494,-0.00147744636003477,"ASV_5347","no_hit","unknown","Polycystinea","Nassellaria","Plagiacanthidae","g_","s_"
"4883","ASV_5348",-0.00142191298856235,-0.0032548559150676,0.00109296955878662,"ASV_5348","no_hit","Dinophyceae","Dinophyceae","Syndiniales","no_hit","no_hit","no_hit"
"4884","ASV_5349",-0.000824966309496443,-0.00964419747818647,0.00307032977748737,"ASV_5349","no_hit","unknown","unknown","unknown","unknown","g_","s_"
"4885","ASV_5354",3.95201596293965e-05,-0.00940170921814013,0.00277420851932505,"ASV_5354","no_hit","no_hit","no_hit","no_hit","no_hit","g_","s_"
"4886","ASV_5356",0.000117690577431831,-0.011666797203087,0.00396180016995318,"ASV_5356","no_hit","Dinophyceae","Dinophyceae","Syndiniales","no_hit","g_","s_"
"4887","ASV_5361",0.000659401947440186,5.60684605491292e-05,-0.00141882639849635,"ASV_5361","no_hit","Dinophyceae","Dinophyceae","Syndiniales","no_hit","no_hit","no_hit"
"4888","ASV_5363",-0.00170090117883036,-0.00414288568805136,0.00168448613796363,"ASV_5363","no_hit","unknown","Polycystinea","Nassellaria","Theoperidae","g_","s_"
"4889","ASV_5372",0.000912284028234567,0.000976174134238949,-0.000713349446272967,"ASV_5372","no_hit","no_hit","no_hit","no_hit","no_hit","no_hit","no_hit"
"4890","ASV_5373",-0.000740581245186668,0.000133882479282921,0.000859055232916815,"ASV_5373","no_hit","Dinophyceae","Dinophyceae","no_hit","no_hit","no_hit","no_hit"
"4891","ASV_5374",0.00132057276874648,-0.00131151312809385,0.00436432722780516,"ASV_5374","no_hit","no_hit","no_hit","no_hit","no_hit","g_","s_"
"4892","ASV_5378",0.00103100767443457,0.000144303211109758,-0.00207941629865982,"ASV_5378","Metazoa","Arthropoda","Ostracoda","Halocyprida","Halocyprididae","g_","s_"
"4893","ASV_5387",-0.00102765059298882,-0.00848512308489354,0.00267028451730979,"ASV_5387","no_hit","Dinophyceae","Dinophyceae","Syndiniales","Amoebophryaceae","Amoebophrya","s_"
"4894","ASV_5390",-0.000112395476579617,-0.0125216246721671,0.00424229301131229,"ASV_5390","no_hit","no_hit","no_hit","no_hit","no_hit","g_","s_"
"4895","ASV_5391",0.00361253658464933,0.000410943120155699,0.00220526735832588,"ASV_5391","Metazoa","Annelida","Polychaeta","unknown","Opheliidae","no_hit","no_hit"
"4896","ASV_5392",-0.00933387386525225,0.0076059341493938,-0.00101905122730477,"ASV_5392","no_hit","no_hit","no_hit","no_hit","no_hit","no_hit","no_hit"
"4897","ASV_5393",0.000681085072275952,-0.0077931952855535,0.00212636098639873,"ASV_5393","no_hit","unknown","Cryptophyceae","Pyrenomonadales","Geminigeraceae","Proteomonas","s_"
"4898","ASV_5396",-0.00225283847512774,0.000661164903412914,-0.000554809902433186,"ASV_5396","no_hit","no_hit","no_hit","no_hit","no_hit","no_hit","s_"
"4899","ASV_5402",-0.000279244712279189,-0.00626309272991813,0.00153262594926834,"ASV_5402","no_hit","no_hit","no_hit","no_hit","no_hit","no_hit","no_hit"
"4900","ASV_5403",-0.0005063049923223,-0.0101606284272842,0.003561733357165,"ASV_5403","no_hit","Dinophyceae","Dinophyceae","no_hit","no_hit","no_hit","no_hit"
"4901","ASV_5405",0.000811283283583018,0.0012056972146494,-0.00196741959384311,"ASV_5405","no_hit","Dinophyceae","Dinophyceae","no_hit","no_hit","no_hit","no_hit"
"4902","ASV_5407",0.000328624076772533,-0.00435366358492059,0.000612319942431928,"ASV_5407","no_hit","no_hit","no_hit","no_hit","no_hit","no_hit","s_"
"4903","ASV_5411",0.000579905895577055,0.000936416849477607,-0.00180105405036288,"ASV_5411","no_hit","no_hit","no_hit","no_hit","no_hit","no_hit","no_hit"
"4904","ASV_5414",-0.00801844050283064,0.00546847676304607,-0.000311347833840007,"ASV_5414","no_hit","Bacillariophyta","no_hit","no_hit","no_hit","no_hit","s_"
"4905","ASV_5416",-0.000564912773886115,-0.00472612995711276,0.000921379458360424,"ASV_5416","no_hit","Dinophyceae","Dinophyceae","Syndiniales","Amoebophryaceae","g_","s_"
"4906","ASV_5417",0.000796392528766453,-0.00629529486897012,0.00141031783885799,"ASV_5417","no_hit","unknown","Acantharea","unknown","unknown","unknown","Uncultured marine acantharean DH147-EKD17"
"4907","ASV_5422",-0.0016130309318182,-8.62889772396402e-05,-0.000245420208489964,"ASV_5422","no_hit","unknown","unknown","unknown","unknown","g_","s_"
"4908","ASV_5423",-0.00240129787663313,-0.00856492283424774,0.00347598891062022,"ASV_5423","no_hit","Ciliophora","Spirotrichea","no_hit","no_hit","g_","s_"
"4909","ASV_5424",0.00012018500085716,-0.00088863801086503,-0.000907271184760461,"ASV_5424","no_hit","Ciliophora","Spirotrichea","unknown","Strombidiidae","Strombidium","Strombidium biarmatum"
"4910","ASV_5425",0.000398824490601981,-0.00735381691390815,0.00197166359138741,"ASV_5425","no_hit","Dinophyceae","Dinophyceae","Syndiniales","no_hit","g_","s_"
"4911","ASV_5426",0.000589034425291002,-0.00255630788262481,-0.000216106174875662,"ASV_5426","no_hit","Dinophyceae","Dinophyceae","Syndiniales","Duboscquellidae","g_","s_"
"4912","ASV_5430",-0.000209828197819186,-0.0106069732193845,0.00358654506888585,"ASV_5430","no_hit","no_hit","no_hit","no_hit","no_hit","g_","s_"
"4913","ASV_5432",0.000579130316392281,4.98716794262793e-05,-0.00126548253339668,"ASV_5432","no_hit","no_hit","no_hit","no_hit","no_hit","g_","s_"
"4914","ASV_5438",0.000604100702083552,-0.000187011556698554,-0.00124026698460538,"ASV_5438","no_hit","Euglenozoa","Euglenida","Petalomonadida","Scytomonadidae","g_","s_"
"4915","ASV_5444",-0.000368586968158167,-0.00301379003588325,0.000185492603233261,"ASV_5444","no_hit","Dinophyceae","Dinophyceae","Syndiniales","no_hit","no_hit","s_"
"4916","ASV_5445",-0.000248091649226716,-0.00309858664913764,0.000370168604985983,"ASV_5445","no_hit","Dinophyceae","Dinophyceae","Syndiniales","Amoebophryaceae","Amoebophrya","no_hit"
"4917","ASV_5446",-0.00242754619620796,9.9771904834639e-05,0.0021853233290971,"ASV_5446","no_hit","Ciliophora","no_hit","no_hit","no_hit","g_","s_"
"4918","ASV_5447",0.00079259622681517,6.24686577319443e-05,-0.00144757494695355,"ASV_5447","Metazoa","Platyhelminthes","Trematoda","Azygiida","Didymozoidae","no_hit","no_hit"
"4919","ASV_5449",0.000695271903356388,-0.000423148472200748,-0.00122478113876557,"ASV_5449","no_hit","no_hit","no_hit","no_hit","no_hit","no_hit","no_hit"
"4920","ASV_5450",0.00133688177491476,-0.000723271902862474,-0.00127802604029202,"ASV_5450","no_hit","Dinophyceae","Dinophyceae","no_hit","no_hit","g_","s_"
"4921","ASV_5451",0.00143164513309056,-0.00544604294769403,0.00526725920963643,"ASV_5451","no_hit","no_hit","no_hit","no_hit","no_hit","g_","s_"
"4922","ASV_5453",-5.77492146214679e-05,-0.00624076761629331,0.00142077010999103,"ASV_5453","no_hit","Dinophyceae","Dinophyceae","Gymnodiniales","Gymnodiniaceae","g_","s_"
"4923","ASV_5454",-0.00143767326689707,-0.00140230064511658,0.000853024188456303,"ASV_5454","no_hit","Dinophyceae","Dinophyceae","no_hit","no_hit","no_hit","no_hit"
"4924","ASV_5457",0.000274631650550669,-0.00826472923930847,0.0023290140860961,"ASV_5457","no_hit","no_hit","no_hit","no_hit","no_hit","no_hit","s_"
"4925","ASV_5459",0.000674390456334756,-0.00284578541699434,-8.83822249487315e-05,"ASV_5459","no_hit","no_hit","no_hit","no_hit","no_hit","g_","s_"
"4926","ASV_5461",0.000784246164603031,-0.00461948136256961,0.000716144171575501,"ASV_5461","Metazoa","Chordata","Appendicularia","Copelata","Fritillariidae","g_","s_"
"4927","ASV_5464",-0.00141008097929979,-0.00312169829211719,0.000839056601001589,"ASV_5464","Fungi","Mucoromycota","no_hit","no_hit","no_hit","g_","s_"
"4928","ASV_5468",0.00065328314406291,-0.00214728032178321,-0.000419407028368682,"ASV_5468","no_hit","unknown","Polycystinea","no_hit","no_hit","no_hit","no_hit"
"4929","ASV_5470",-0.000179608060019453,-0.00189812866060492,7.70628007351348e-05,"ASV_5470","no_hit","Dinophyceae","Dinophyceae","Syndiniales","Amoebophryaceae","g_","s_"
"4930","ASV_5476",0.00357682653453319,0.00232840428940317,0.00238865097634972,"ASV_5476","no_hit","Cercozoa","unknown","unknown","unknown","g_","s_"
"4931","ASV_5478",0.000725727774098232,0.00150690310002361,-0.00211879718048714,"ASV_5478","Metazoa","Chordata","Thaliacea","Doliolida","Doliolidae","Doliolum","Doliolum nationalis"
"4932","ASV_5481",0.000533960668153433,-0.0006950662155497,-0.000918934992901179,"ASV_5481","no_hit","no_hit","no_hit","no_hit","no_hit","g_","s_"
"4933","ASV_5482",0.000568164374199303,-0.00386890700784385,0.000330472285527213,"ASV_5482","no_hit","unknown","unknown","unknown","unknown","g_","s_"
"4934","ASV_5484",0.000795684519883124,-0.00450953258367609,0.000626938645700682,"ASV_5484","no_hit","Dinophyceae","Dinophyceae","Peridiniales","no_hit","no_hit","no_hit"
"4935","ASV_5486",0.000704438090678127,-0.00020414339937639,-0.0013452327800403,"ASV_5486","no_hit","Euglenozoa","unknown","Diplonemea","unknown","g_","s_"
"4936","ASV_5487",-0.000664421074197255,-0.00429903896281717,0.00095210256230999,"ASV_5487","no_hit","Ciliophora","Spirotrichea","no_hit","no_hit","no_hit","s_"
"4937","ASV_5488",-0.00106454062008152,-0.00336435565584687,0.000688452500163447,"ASV_5488","no_hit","Ciliophora","Spirotrichea","no_hit","no_hit","no_hit","no_hit"
"4938","ASV_5501",-0.000539274529671175,-0.00866636807165456,0.00298183140037301,"ASV_5501","no_hit","Ciliophora","Spirotrichea","unknown","Tontoniidae","Pseudotontonia","Pseudotontonia sp. JG-2011a"
"4939","ASV_5505",0.000314951649252676,-0.000126083137258233,-0.000932458259402605,"ASV_5505","no_hit","Apicomplexa","Conoidasida","Eucoccidiorida","Sarcocystidae","g_","s_"
"4940","ASV_5507",0.000239634990375598,-0.00469448805461834,0.000917589551683732,"ASV_5507","no_hit","unknown","unknown","unknown","Apusomonadidae","g_","s_"
"4941","ASV_5516",-0.000913526274922112,-0.0108855748044672,0.00381816731732245,"ASV_5516","no_hit","Dinophyceae","Dinophyceae","Peridiniales","no_hit","no_hit","s_"
"4942","ASV_5517",0.000605029175320838,-0.000806148821710037,-0.00103116960161123,"ASV_5517","no_hit","no_hit","no_hit","no_hit","no_hit","g_","s_"
"4943","ASV_5520",3.13737659427137e-05,-0.00270965382902032,0.000146067819589219,"ASV_5520","no_hit","Dinophyceae","Dinophyceae","no_hit","no_hit","no_hit","s_"
"4944","ASV_5521",-0.00171835600556028,-0.00263314132735328,0.00144864513428181,"ASV_5521","no_hit","Dinophyceae","Dinophyceae","Syndiniales","no_hit","no_hit","no_hit"
"4945","ASV_5522",0.000790007766798526,-0.00329535159825278,8.74159169639544e-05,"ASV_5522","no_hit","unknown","unknown","unknown","unknown","unknown","s_"
"4946","ASV_5524",-0.000664109459891527,-0.0112639716469382,0.00404718294113377,"ASV_5524","no_hit","unknown","Centroplasthelida","Pterocystida","Pterocystidae","g_","s_"
"4947","ASV_5528",0.000685909341802314,-0.00245940692842289,-0.000271141023440332,"ASV_5528","no_hit","no_hit","no_hit","no_hit","no_hit","g_","s_"
"4948","ASV_5531",0.00164100120538845,-0.00298521369024981,0.00227626173577845,"ASV_5531","no_hit","Dinophyceae","Dinophyceae","Coccidiniales","Chytriodiniaceae","g_","s_"
"4949","ASV_5532",0.000618557823878192,-0.00050503489194828,-0.00114190739840036,"ASV_5532","no_hit","Dinophyceae","Dinophyceae","no_hit","no_hit","g_","s_"
"4950","ASV_5535",0.00065702356431766,2.13650767245656e-05,-0.00141232772244028,"ASV_5535","no_hit","Dinophyceae","Dinophyceae","Syndiniales","Amoebophryaceae","g_","s_"
"4951","ASV_5539",-0.000113652641599265,-0.00912863466475482,0.0030150657598548,"ASV_5539","no_hit","Euglenozoa","unknown","Diplonemea","no_hit","g_","s_"
"4952","ASV_5541",-0.00114762571195582,-0.00512300152156041,0.00142392796052087,"ASV_5541","no_hit","Ciliophora","Spirotrichea","no_hit","no_hit","no_hit","no_hit"
"4953","ASV_5542",0.000239225032631912,-0.00202935462509646,0.00155597506098978,"ASV_5542","no_hit","unknown","unknown","unknown","unknown","g_","s_"
"4954","ASV_5547",-4.06752905343265e-05,-0.00255490381274016,-1.70565983751838e-05,"ASV_5547","Viridiplantae","Streptophyta","no_hit","no_hit","no_hit","g_","s_"
"4955","ASV_5548",0.000610128708748396,0.000541499716774202,-0.00163134076757477,"ASV_5548","no_hit","no_hit","no_hit","no_hit","no_hit","no_hit","s_"
"4956","ASV_5549",0.00119778122748667,0.000917381108684665,-0.00186447094435238,"ASV_5549","no_hit","no_hit","no_hit","no_hit","no_hit","g_","s_"
"4957","ASV_5557",0.000501680937160314,-0.00708626537297718,0.00202530440511231,"ASV_5557","no_hit","unknown","unknown","unknown","unknown","g_","s_"
"4958","ASV_5559",5.79636314306608e-06,-0.000296411142240659,0.000903788753946894,"ASV_5559","no_hit","unknown","unknown","unknown","unknown","unknown","s_"
"4959","ASV_5562",0.000639468130232093,0.00120671888818485,-0.00194754245997711,"ASV_5562","no_hit","Cercozoa","unknown","unknown","unknown","g_","s_"
"4960","ASV_5565",0.000202323470842493,-0.00288380298025765,2.5877564018799e-05,"ASV_5565","no_hit","Euglenozoa","unknown","Diplonemea","unknown","g_","s_"
"4961","ASV_5566",0.000816591171864749,-0.00394108766441651,0.00321658590914339,"ASV_5566","no_hit","Foraminifera","unknown","Rotaliida","Globorotaliidae","Neogloboquadrina","no_hit"
"4962","ASV_5567",0.000619959352929945,0.000429283413292892,-0.00158391384795338,"ASV_5567","no_hit","Dinophyceae","Dinophyceae","Gonyaulacales","Amphidomataceae","g_","s_"
"4963","ASV_5568",0.000670867588110767,-0.00274373588206291,-0.000134629641248348,"ASV_5568","no_hit","unknown","Polycystinea","no_hit","no_hit","no_hit","no_hit"
"4964","ASV_5569",0.000528422996766845,-0.00105528839897957,-0.00101692288557312,"ASV_5569","no_hit","Dinophyceae","Dinophyceae","Syndiniales","Amoebophryaceae","Amoebophrya","s_"
"4965","ASV_5572",0.000847779646524877,-0.00240963186847439,-0.000339911156540898,"ASV_5572","no_hit","Dinophyceae","Dinophyceae","Peridiniales","Glenodiniaceae","g_","s_"
"4966","ASV_5573",0.000903723071817026,-0.000140608228108112,-0.00101382599090742,"ASV_5573","no_hit","Dinophyceae","Dinophyceae","Syndiniales","Amoebophryaceae","Amoebophrya","no_hit"
"4967","ASV_5575",-0.000475485991393705,-0.000416511544477565,-0.00066779776861702,"ASV_5575","no_hit","no_hit","no_hit","no_hit","no_hit","g_","s_"
"4968","ASV_5576",-0.00108821244529333,-0.00689696397647688,0.00221284698929627,"ASV_5576","no_hit","Dinophyceae","Dinophyceae","Syndiniales","Amoebophryaceae","Amoebophrya","s_"
"4969","ASV_5580",-0.000489137693511111,-0.0026097288120024,0.000139183716608356,"ASV_5580","no_hit","no_hit","no_hit","no_hit","no_hit","no_hit","no_hit"
"4970","ASV_5585",0.000668572720884692,-0.00114530612764348,-0.000874546392450696,"ASV_5585","no_hit","unknown","Polycystinea","no_hit","no_hit","no_hit","s_"
"4971","ASV_5588",-0.000117053063360878,-0.00818664454482355,0.00220842023472058,"ASV_5588","no_hit","Dinophyceae","Dinophyceae","no_hit","no_hit","no_hit","no_hit"
"4972","ASV_5589",0.000807188276181606,-0.00080136793819821,-6.04134722775835e-05,"ASV_5589","no_hit","Dinophyceae","Dinophyceae","Syndiniales","Eudubosquellidae","g_","s_"
"4973","ASV_5590",0.00143453159680539,0.000166599166233511,-0.00029701101100588,"ASV_5590","no_hit","unknown","unknown","Telonemida","unknown","g_","s_"
"4974","ASV_5593",0.000376581539152059,-0.00368820707780503,0.00026074025801211,"ASV_5593","Metazoa","Cnidaria","Hydrozoa","Anthoathecata","no_hit","no_hit","no_hit"
"4975","ASV_5596",0.000676055068053896,-0.000570135116494832,-0.00114445773445891,"ASV_5596","no_hit","Euglenozoa","unknown","Diplonemea","unknown","unknown","s_"
"4976","ASV_5599",0.000986966529264156,0.000427184474141872,-0.00164577478612832,"ASV_5599","no_hit","Dinophyceae","Dinophyceae","no_hit","no_hit","g_","s_"
"4977","ASV_5604",6.64789465650716e-05,-0.002187705435913,-3.88623281270113e-05,"ASV_5604","no_hit","Dinophyceae","Dinophyceae","Syndiniales","Amoebophryaceae","g_","s_"
"4978","ASV_5608",0.000254368477370141,-0.000528481086657635,-0.000922695928073022,"ASV_5608","no_hit","no_hit","no_hit","no_hit","no_hit","g_","s_"
"4979","ASV_5609",0.000670967478269189,-0.000189147234882621,-0.00134222963272102,"ASV_5609","Metazoa","Chordata","Appendicularia","Copelata","Oikopleuridae","Oikopleura","Oikopleura albicans"
"4980","ASV_5612",0.00066761025300187,-1.12506326409025e-05,-0.00140810584487388,"ASV_5612","no_hit","Dinophyceae","Dinophyceae","no_hit","no_hit","g_","s_"
"4981","ASV_5616",-0.00325396663002937,-0.00557611780043532,0.00233976823819033,"ASV_5616","no_hit","unknown","unknown","unknown","unknown","g_","s_"
"4982","ASV_5617",-0.00126064310198162,0.00420942232579031,0.00246148435269359,"ASV_5617","no_hit","Dinophyceae","Dinophyceae","no_hit","no_hit","no_hit","no_hit"
"4983","ASV_5619",-0.00194978077672746,-0.00573131987987143,0.00191797026573197,"ASV_5619","no_hit","Dinophyceae","Dinophyceae","Syndiniales","no_hit","g_","s_"
"4984","ASV_5622",0.00551062717018864,0.00226711513821896,0.00418247728373839,"ASV_5622","no_hit","Dinophyceae","Dinophyceae","Syndiniales","Amoebophryaceae","Amoebophrya","no_hit"
"4985","ASV_5626",0.00138591466990003,0.000280322137590299,-0.000294884779959328,"ASV_5626","no_hit","unknown","Dictyochophyceae","Florenciellales","no_hit","no_hit","s_"
"4986","ASV_5630",0.00106405608379531,-0.00985681426195698,0.00299211239688743,"ASV_5630","no_hit","no_hit","no_hit","no_hit","no_hit","no_hit","s_"
"4987","ASV_5631",5.79450799834983e-05,-0.00438517779791781,0.000727245610694486,"ASV_5631","no_hit","no_hit","no_hit","no_hit","no_hit","g_","s_"
"4988","ASV_5634",-0.000100887758635713,-0.000738569533005173,-0.000483209896940775,"ASV_5634","no_hit","Dinophyceae","Dinophyceae","Syndiniales","Amoebophryaceae","g_","s_"
"4989","ASV_5636",0.000681501141507175,-0.00600787009293625,0.00137809340714715,"ASV_5636","no_hit","no_hit","no_hit","no_hit","no_hit","no_hit","s_"
"4990","ASV_5641",0.0017135150676066,-0.000983593736740127,-0.00135733765198057,"ASV_5641","no_hit","Dinophyceae","Dinophyceae","Peridiniales","no_hit","g_","s_"
"4991","ASV_5642",0.00128403344655777,0.000242796384531306,0.00106397158589294,"ASV_5642","no_hit","no_hit","no_hit","no_hit","no_hit","g_","s_"
"4992","ASV_5645",0.000359035704970002,-0.00405626029865249,0.000515735072921707,"ASV_5645","no_hit","unknown","Polycystinea","Nassellaria","Plagiacanthidae","g_","s_"
"4993","ASV_5646",0.000672250331628548,-0.000223128042883247,-0.00130519384646856,"ASV_5646","no_hit","Dinophyceae","Dinophyceae","Gymnodiniales","Gymnodiniaceae","g_","s_"
"4994","ASV_5649",-0.000676924242904264,-0.00802392732778257,0.00251345803317296,"ASV_5649","no_hit","Dinophyceae","Dinophyceae","Dinophysiales","Dinophysiaceae","Ornithocercus","s_"
"4995","ASV_5650",0.000422295563610214,-0.00604021820837014,0.00136869719119508,"ASV_5650","no_hit","Dinophyceae","Dinophyceae","Syndiniales","no_hit","no_hit","s_"
"4996","ASV_5652",0.000145325820365825,-0.00930234004668268,0.00275077261288927,"ASV_5652","no_hit","Dinophyceae","Dinophyceae","Syndiniales","Amoebophryaceae","g_","s_"
"4997","ASV_5657",0.000415777372315645,-0.00474993485150712,0.000782456681803135,"ASV_5657","no_hit","no_hit","no_hit","no_hit","no_hit","no_hit","no_hit"
"4998","ASV_5658",0.00139180570174065,0.000209067291575611,-0.000562713843882393,"ASV_5658","Metazoa","Mollusca","Bivalvia","Mytiloida","Mytilidae","Modiolus","no_hit"
"4999","ASV_5662",0.000517235547391314,-0.000970048680578082,-0.000923322346613648,"ASV_5662","no_hit","Euglenozoa","unknown","Diplonemea","unknown","g_","s_"
"5000","ASV_5663",0.000603892889059493,9.89850398414815e-05,-0.0014436563656052,"ASV_5663","no_hit","Ciliophora","Oligohymenophorea","Philasterida","Loxocephalidae","g_","s_"
"5001","ASV_5666",0.000629912913201275,0.000344784759873852,-0.00154976779261732,"ASV_5666","no_hit","Dinophyceae","Dinophyceae","no_hit","no_hit","g_","s_"
"5002","ASV_5670",-0.000506876271425605,-0.00359352718154735,0.000843702039820808,"ASV_5670","no_hit","Dinophyceae","Dinophyceae","Syndiniales","Amoebophryaceae","g_","s_"
"5003","ASV_5672",-0.000520300561383316,-6.54230319762114e-06,0.000645042164918839,"ASV_5672","unassigned","unassigned","unassigned","unassigned","unassigned","unassigned","unassigned"
"5004","ASV_5677",0.000414973658747608,-0.000356675321934255,-0.00160705480971622,"ASV_5677","no_hit","Ciliophora","Spirotrichea","Tintinnida","Tintinnidae","Eutintinnus","Eutintinnus tenuis"
"5005","ASV_5682",0.00171573195447234,0.000130323043409594,0.000653742393400543,"ASV_5682","no_hit","Dinophyceae","Dinophyceae","Syndiniales","Amoebophryaceae","g_","s_"
"5006","ASV_5691",0.000373241269637788,-0.00136677452570952,-0.000763562820795919,"ASV_5691","no_hit","Euglenozoa","unknown","Diplonemea","unknown","g_","s_"
"5007","ASV_5706",0.000789983635664636,0.000211775266704687,-0.00160745948613625,"ASV_5706","Metazoa","Arthropoda","Ostracoda","Halocyprida","Halocyprididae","g_","s_"
"5008","ASV_5710",-0.000100145536205073,0.000110874966791205,-0.000758403136181739,"ASV_5710","no_hit","unknown","Polycystinea","no_hit","no_hit","no_hit","no_hit"
"5009","ASV_5712",-0.00185140526252793,-0.00247967753673758,0.000714572444053939,"ASV_5712","no_hit","Dinophyceae","Dinophyceae","Gymnodiniales","Gymnodiniaceae","g_","s_"
"5010","ASV_5713",-0.000133880690256425,-0.0102709724997324,0.00350446270742772,"ASV_5713","no_hit","Dinophyceae","Dinophyceae","no_hit","no_hit","no_hit","no_hit"
"5011","ASV_5721",0.00105250955678111,0.000441510120328345,-0.00168468407721098,"ASV_5721","no_hit","Ciliophora","no_hit","no_hit","no_hit","g_","s_"
"5012","ASV_5727",0.000694777713263639,-0.00149654446697482,-0.000732642287260348,"ASV_5727","no_hit","Ciliophora","Phyllopharyngea","Dysteriida","Plesiotrichopidae","g_","s_"
"5013","ASV_5730",0.000727270093370933,-0.000874452908430937,-0.0010286669358363,"ASV_5730","no_hit","no_hit","no_hit","no_hit","no_hit","no_hit","s_"
"5014","ASV_5734",0.000690878290177869,-0.000445327473449605,-0.00121265706170211,"ASV_5734","no_hit","Dinophyceae","Dinophyceae","no_hit","no_hit","no_hit","s_"
"5015","ASV_5738",0.000833483826436542,3.6949559894775e-05,-0.00146134691301621,"ASV_5738","no_hit","Discosea","Flabellinia","Dactylopodida","Paramoebidae","no_hit","no_hit"
"5016","ASV_5739",0.000763389805269023,-0.00173409873615618,-0.000642120211113944,"ASV_5739","no_hit","no_hit","no_hit","no_hit","no_hit","no_hit","no_hit"
"5017","ASV_5744",0.000631459209899887,0.000394256645506193,-0.00157506475082444,"ASV_5744","no_hit","Dinophyceae","Dinophyceae","Syndiniales","Amoebophryaceae","Amoebophrya","s_"
"5018","ASV_5746",0.000734363613729792,0.000106025279635308,-0.00154401838710076,"ASV_5746","no_hit","Dinophyceae","Dinophyceae","Syndiniales","no_hit","no_hit","s_"
"5019","ASV_5749",-0.000758485768003582,-0.00504827860092075,0.00124344353859269,"ASV_5749","no_hit","Dinophyceae","Dinophyceae","no_hit","no_hit","no_hit","no_hit"
"5020","ASV_5757",0.00121493124480292,0.000810744693714327,-0.00214318912492692,"ASV_5757","no_hit","Dinophyceae","Dinophyceae","no_hit","no_hit","no_hit","no_hit"
"5021","ASV_5760",0.000698457795372924,-0.00138998402324341,-0.000747455235899157,"ASV_5760","no_hit","no_hit","no_hit","no_hit","no_hit","no_hit","no_hit"
"5022","ASV_5763",0.000435720387495033,-0.000709194968264196,-0.00189999289449912,"ASV_5763","Metazoa","Arthropoda","Hexanauplia","Cyclopoida","Cyclopidae","g_","s_"
"5023","ASV_5769",0.00076667911909728,4.2364218242468e-05,-0.00138539403614792,"ASV_5769","no_hit","no_hit","no_hit","no_hit","no_hit","g_","s_"
"5024","ASV_5772",0.000192922020377089,-0.00652652180259662,0.00170842420262156,"ASV_5772","no_hit","unknown","Polycystinea","Nassellaria","Trissocyclidae","Ceratospyris","Ceratospyris hyperborea"
"5025","ASV_5774",-0.000802530824188484,-0.00413298789558618,0.00074141140402893,"ASV_5774","no_hit","Dinophyceae","Dinophyceae","Peridiniales","no_hit","no_hit","s_"
"5026","ASV_5775",0.000702604955585266,-0.008590217956483,0.0024671605895178,"ASV_5775","no_hit","Dinophyceae","Dinophyceae","Gymnodiniales","Gymnodiniaceae","g_","s_"
"5027","ASV_5777",0.000612542169044516,0.000555989362089843,-0.00163972581501582,"ASV_5777","no_hit","Dinophyceae","Dinophyceae","Syndiniales","Amoebophryaceae","g_","s_"
"5028","ASV_5789",-0.00104533352847286,-0.00465458641868553,0.00145508051848189,"ASV_5789","no_hit","unknown","unknown","unknown","unknown","g_","s_"
"5029","ASV_5791",-0.00129557500081838,-0.005242660655093,0.0021158492967915,"ASV_5791","no_hit","Dinophyceae","Dinophyceae","no_hit","no_hit","no_hit","no_hit"
"5030","ASV_5794",0.00014580499858252,-0.00460887503972573,0.000699229322277581,"ASV_5794","no_hit","unknown","unknown","unknown","unknown","g_","s_"
"5031","ASV_5804",0.000690830537077267,-0.00590425789845108,0.00131811210744414,"ASV_5804","no_hit","Euglenozoa","unknown","Diplonemea","no_hit","no_hit","s_"
"5032","ASV_5808",0.00169675846707068,-0.000757314087506951,-0.0010733849615584,"ASV_5808","no_hit","Dinophyceae","Dinophyceae","no_hit","no_hit","no_hit","no_hit"
"5033","ASV_5809",-0.00126143945764483,-0.0119893144994809,0.00439534352135907,"ASV_5809","no_hit","Dinophyceae","Dinophyceae","Syndiniales","Amoebophryaceae","g_","s_"
"5034","ASV_5811",0.000556248002149904,-0.00708818959002235,0.00177349516631109,"ASV_5811","no_hit","Dinophyceae","Dinophyceae","no_hit","no_hit","no_hit","no_hit"
"5035","ASV_5813",-0.000504786775927723,-0.00164659355715326,-0.000402132079613563,"ASV_5813","no_hit","unknown","Polycystinea","Spumellaria","Actinommidae","g_","s_"
"5036","ASV_5815",0.00304435608350757,0.002079471036164,0.00317955956398561,"ASV_5815","no_hit","no_hit","no_hit","no_hit","no_hit","g_","s_"
"5037","ASV_5825",0.000562751316561944,-0.00476918853670972,0.000771155164320089,"ASV_5825","no_hit","no_hit","no_hit","no_hit","no_hit","no_hit","no_hit"
"5038","ASV_5827",-2.83087182424326e-05,-0.00372481488559744,0.000685568439224063,"ASV_5827","no_hit","no_hit","no_hit","no_hit","no_hit","g_","s_"
"5039","ASV_5828",-0.00193065298647471,-0.00434577045707957,0.00190322196768185,"ASV_5828","no_hit","Dinophyceae","Dinophyceae","no_hit","no_hit","no_hit","no_hit"
"5040","ASV_5830",0.000583437397336319,-0.000829130098798551,-0.000947410901574516,"ASV_5830","no_hit","Dinophyceae","Dinophyceae","Peridiniales","Peridiniaceae","g_","s_"
"5041","ASV_5835",0.00172941617267379,-0.0011507968589013,-0.00142017769811377,"ASV_5835","Metazoa","Arthropoda","Hexanauplia","Calanoida","no_hit","no_hit","s_"
"5042","ASV_5841",0.000834430453224359,0.00118887764055864,-0.00194978467324157,"ASV_5841","Metazoa","Arthropoda","Hexanauplia","Poecilostomatoida","Oncaeidae","g_","s_"
"5043","ASV_5844",-0.00229999091193072,-0.00214420835782379,0.000719072684229238,"ASV_5844","no_hit","no_hit","no_hit","no_hit","no_hit","no_hit","no_hit"
"5044","ASV_5845",0.000909186880706511,0.00239214825568777,-0.00250474891146927,"ASV_5845","Metazoa","Arthropoda","Hexanauplia","Poecilostomatoida","no_hit","g_","s_"
"5045","ASV_5846",-0.00627208183589104,0.00321485793900296,-0.000341598916783279,"ASV_5846","no_hit","Ciliophora","Oligohymenophorea","Apostomatida","Foettingeriidae","g_","s_"
"5046","ASV_5852",0.000405528479349515,-0.0103912980472983,0.0032483430554782,"ASV_5852","no_hit","no_hit","no_hit","no_hit","no_hit","g_","s_"
"5047","ASV_5854",0.000198193777168559,-0.00180083536358519,-0.000383786645621988,"ASV_5854","no_hit","unknown","unknown","unknown","unknown","g_","s_"
"5048","ASV_5856",0.000564394345336962,9.10051931148675e-06,-0.00127542648916591,"ASV_5856","no_hit","Dinophyceae","Dinophyceae","Dinophysiales","Dinophysiaceae","g_","s_"
"5049","ASV_5858",-0.00242707732261927,-0.00681997134753399,0.00247167646447753,"ASV_5858","no_hit","unknown","Acantharea","Chaunacanthida","unknown","g_","s_"
"5050","ASV_5861",0.000208687508992182,0.000988688294483949,-0.00160682576532561,"ASV_5861","no_hit","unknown","unknown","unknown","unknown","g_","s_"
"5051","ASV_5862",0.000790042840720766,0.000845295043518502,-0.00179376510582626,"ASV_5862","no_hit","no_hit","no_hit","no_hit","no_hit","no_hit","no_hit"
"5052","ASV_5863",0.000323439557615165,-0.00757737540004561,0.00201056149172648,"ASV_5863","no_hit","Dinophyceae","Dinophyceae","Peridiniales","Peridiniaceae","g_","s_"
"5053","ASV_5873",0.000875254765457033,-0.00590860363725526,0.00125969187348456,"ASV_5873","no_hit","unknown","Polycystinea","no_hit","no_hit","no_hit","no_hit"
"5054","ASV_5876",-0.000189479091302591,-0.00444734940289295,0.000998250389650321,"ASV_5876","no_hit","no_hit","no_hit","no_hit","no_hit","no_hit","no_hit"
"5055","ASV_5878",0.000209326594332441,-0.00532624727652197,0.00104633207292634,"ASV_5878","no_hit","Dinophyceae","Dinophyceae","Syndiniales","no_hit","no_hit","no_hit"
"5056","ASV_5879",0.000760449448158373,0.000730573221483176,-0.00174670712353768,"ASV_5879","no_hit","Dinophyceae","Dinophyceae","Dinophysiales","Dinophysiaceae","g_","s_"
"5057","ASV_5880",0.000660962406538535,-0.000215784162108454,-0.00120213990801954,"ASV_5880","no_hit","Dinophyceae","Dinophyceae","Suessiales","no_hit","no_hit","s_"
"5058","ASV_5882",0.0037257856324502,0.00167389161808324,0.0027875425266259,"ASV_5882","no_hit","Imbricatea","unknown","Thaumatomonadida","Thaumatomastigidae","Protaspis","s_"
"5059","ASV_5885",0.000139525199834197,-0.00979337042807402,0.00290354193497408,"ASV_5885","no_hit","no_hit","no_hit","no_hit","no_hit","g_","s_"
"5060","ASV_5886",-0.00178306532626212,0.00195517178439743,-0.000390367850645154,"ASV_5886","Metazoa","Arthropoda","Hexanauplia","Cyclopoida","Oithonidae","Oithona","Oithona similis"
"5061","ASV_5888",0.00137516008654924,0.000118215614164873,-0.000812882431142937,"ASV_5888","no_hit","unknown","unknown","unknown","unknown","unknown","uncultured marine eukaryote"
"5062","ASV_5895",0.000669719993234195,-0.000191677763188535,-0.00130809251211135,"ASV_5895","no_hit","no_hit","no_hit","no_hit","no_hit","g_","s_"
"5063","ASV_5898",0.000871892154663885,-0.00409422456016932,0.000432059040132799,"ASV_5898","no_hit","unknown","Polycystinea","no_hit","no_hit","no_hit","s_"
"5064","ASV_5901",0.00100494718593385,-0.00541221722265284,0.000961562004550154,"ASV_5901","no_hit","Foraminifera","unknown","Rotaliida","no_hit","g_","s_"
"5065","ASV_5902",0.000197175678566694,-0.0068555973024751,0.00171325525916741,"ASV_5902","no_hit","Foraminifera","unknown","Rotaliida","Globorotaliidae","Neogloboquadrina","Neogloboquadrina pachyderma"
"5066","ASV_5906",-0.00105396410230917,-0.00114785152519457,0.00043275819553141,"ASV_5906","no_hit","unknown","unknown","unknown","unknown","g_","s_"
"5067","ASV_5910",0.0009334663372201,-0.00519344806297247,0.000911933130872109,"ASV_5910","no_hit","Bacillariophyta","Coscinodiscophyceae","Chaetocerotales","Chaetocerotaceae","g_","s_"
"5068","ASV_5911",0.000676297151729937,-0.00104186118039013,-0.000922406529498171,"ASV_5911","no_hit","no_hit","no_hit","no_hit","no_hit","no_hit","no_hit"
"5069","ASV_5916",0.000550157115852991,-0.00189260332457955,-0.000540684037341048,"ASV_5916","no_hit","unknown","Polycystinea","Spumellaria","no_hit","g_","s_"
"5070","ASV_5923",0.00158553228459463,0.00225671637127304,0.00124069226246774,"ASV_5923","no_hit","Dinophyceae","Dinophyceae","Syndiniales","no_hit","g_","s_"
"5071","ASV_5925",0.000386416948047127,-0.00379754436307712,0.000482890938858949,"ASV_5925","no_hit","Dinophyceae","Dinophyceae","no_hit","no_hit","no_hit","no_hit"
"5072","ASV_5936",6.87256438481983e-05,-0.00434158802108581,0.000590192139719017,"ASV_5936","no_hit","unknown","Bigyra","no_hit","no_hit","no_hit","s_"
"5073","ASV_5939",0.000324057589961725,-0.00400852627049008,0.000475737425776703,"ASV_5939","Metazoa","Cnidaria","Hydrozoa","Narcomedusae","Aeginidae","Aegina","s_"
"5074","ASV_5941",0.000700455560731886,-0.000595237801806818,-0.00114522862656472,"ASV_5941","no_hit","no_hit","no_hit","no_hit","no_hit","g_","s_"
"5075","ASV_5944",0.000242009873119982,-0.00297865120690378,0.000618928659505582,"ASV_5944","no_hit","Euglenozoa","unknown","Diplonemea","no_hit","g_","s_"
"5076","ASV_5945",-0.0015484943531623,-0.00182535166855731,0.00104930442590139,"ASV_5945","no_hit","unknown","Polycystinea","Spumellaria","Pyloniidae","Tetrapyle","Tetrapyle octacantha"
"5077","ASV_5947",0.00067580717418325,-0.000227916477494929,-0.00130737371274351,"ASV_5947","no_hit","unknown","unknown","unknown","unknown","g_","s_"
"5078","ASV_5955",0.000447365960676773,-0.00469075422916194,0.000790779865995047,"ASV_5955","Metazoa","Chordata","Appendicularia","Copelata","Fritillariidae","Fritillaria <tunicates>","Fritillaria fagei"
"5079","ASV_5957",-0.000497622883364004,-0.00621970120918227,0.00160564362848241,"ASV_5957","no_hit","Dinophyceae","Dinophyceae","Syndiniales","Amoebophryaceae","g_","s_"
"5080","ASV_5962",0.000782683793942702,-0.00168945950663363,-0.000681873756693956,"ASV_5962","no_hit","Dinophyceae","Dinophyceae","Syndiniales","Amoebophryaceae","g_","s_"
"5081","ASV_5963",0.00490928799805544,0.0020138094814561,0.00298472183232928,"ASV_5963","no_hit","Dinophyceae","Dinophyceae","Gymnodiniales","Gymnodiniaceae","Akashiwo","Akashiwo sanguinea"
"5082","ASV_5966",-0.00044390090329413,-0.00195722746676289,6.34202157709596e-07,"ASV_5966","no_hit","Dinophyceae","Dinophyceae","Blastodiniales","unknown","g_","s_"
"5083","ASV_5973",-0.000101793876918963,-0.00315749415333354,0.000623587876290421,"ASV_5973","no_hit","unknown","unknown","unknown","unknown","g_","s_"
"5084","ASV_5975",0.00154246891912857,0.000199377016481788,-0.00025381875149104,"ASV_5975","no_hit","Ciliophora","Phyllopharyngea","Dysteriida","Plesiotrichopidae","g_","s_"
"5085","ASV_5982",-0.000541456444994325,-0.00424681046189172,0.000628508133146876,"ASV_5982","no_hit","no_hit","no_hit","no_hit","no_hit","no_hit","no_hit"
"5086","ASV_5984",0.000493593218479877,0.00268906146684631,0.00162341890966569,"ASV_5984","Metazoa","Arthropoda","Malacostraca","Euphausiacea","Bentheuphausiidae","Bentheuphausia","s_"
"5087","ASV_5985",0.00181131587755517,0.000484125462090357,0.00189556306305716,"ASV_5985","no_hit","unknown","unknown","Pirsoniales","unknown","g_","s_"
"5088","ASV_5987",0.00026232937743447,-0.00523254746262397,0.000956392792889592,"ASV_5987","no_hit","unknown","Bigyra","Thraustochytrida","Thraustochytriaceae","g_","s_"
"5089","ASV_5989",0.000703626404211355,-0.00121884616867344,-0.00086856278533613,"ASV_5989","no_hit","no_hit","no_hit","no_hit","no_hit","no_hit","no_hit"
"5090","ASV_5991",0.000721437507867707,-0.00173929694247705,-0.000595939225090431,"ASV_5991","no_hit","no_hit","no_hit","no_hit","no_hit","no_hit","no_hit"
"5091","ASV_6019",0.000692913749422881,-0.000908014108783785,-0.000988443520746206,"ASV_6019","no_hit","Dinophyceae","Dinophyceae","Syndiniales","no_hit","g_","s_"
"5092","ASV_6023",0.000960124194666157,-0.00515245547180758,0.000886924944326301,"ASV_6023","no_hit","no_hit","no_hit","no_hit","no_hit","g_","s_"
"5093","ASV_6025",-0.00245392087884775,-0.00333194365427584,0.00173281023129926,"ASV_6025","no_hit","Dinophyceae","Dinophyceae","Syndiniales","Amoebophryaceae","g_","s_"
"5094","ASV_6026",0.00057161491443351,-0.00150923693700918,-0.000889139958186024,"ASV_6026","Metazoa","Arthropoda","Ostracoda","Halocyprida","Halocyprididae","g_","s_"
"5095","ASV_6029",-0.000560846389248638,0.00123196918139133,-0.00151351797572272,"ASV_6029","no_hit","Bacillariophyta","Fragilariophyceae","Rhaponeidales","Rhaphoneidaceae","Rhaphoneis","Rhaphoneis sp. s0366"
"5096","ASV_6032",0.000472575896558049,-0.00062964768535694,-0.0010679951962555,"ASV_6032","no_hit","Ciliophora","Colpodea","unknown","unknown","g_","s_"
"5097","ASV_6035",-0.000735684609189838,-0.000359579162183086,-0.000773399822131743,"ASV_6035","no_hit","Dinophyceae","Dinophyceae","Syndiniales","Amoebophryaceae","g_","s_"
"5098","ASV_6040",0.000675941567291535,-0.00425505938010426,0.000458156144303589,"ASV_6040","no_hit","Dinophyceae","Dinophyceae","no_hit","no_hit","no_hit","no_hit"
"5099","ASV_6042",-0.000533570814464527,-0.00988136544550342,0.0032238587523929,"ASV_6042","no_hit","unknown","unknown","unknown","unknown","g_","s_"
"5100","ASV_6044",0.000850555687159638,0.00160447711718879,-0.00215280390516046,"ASV_6044","no_hit","Ciliophora","Spirotrichea","Tintinnida","Codonellidae","Tintinnopsis","no_hit"
"5101","ASV_6058",0.000511344061513831,-0.00147988869821109,-0.000753270360779355,"ASV_6058","no_hit","Apicomplexa","Conoidasida","Eugregarinorida","Lecudinidae","g_","s_"
"5102","ASV_6059",-0.00187678227878582,-0.00271176699490726,0.00112019717937403,"ASV_6059","Fungi","Mucoromycota","Mortierellomycetes","Mortierellales","Mortierellaceae","g_","s_"
"5103","ASV_6067",0.000486583326461262,-0.00126063424764539,-0.00056747121760132,"ASV_6067","no_hit","Dinophyceae","Dinophyceae","Syndiniales","Amoebophryaceae","g_","s_"
"5104","ASV_6073",0.000175918231684228,-0.00491543422641582,0.000827725719196362,"ASV_6073","no_hit","unknown","unknown","Sticholonchida","Sticholonchidae","Sticholonche","Sticholonche sp. JB-2011"
"5105","ASV_6079",0.000825239536398644,-0.00211811565033448,-0.000492367939744009,"ASV_6079","no_hit","unknown","Polycystinea","Spumellaria","Actinommidae","Hexacontium","s_"
"5106","ASV_6088",0.000527404415043845,-0.00328409585963751,0.000255417373285219,"ASV_6088","no_hit","Dinophyceae","Dinophyceae","Syndiniales","no_hit","no_hit","s_"
"5107","ASV_6093",0.000610578336668485,0.000533648240444752,-0.00162795550770426,"ASV_6093","no_hit","unknown","Polycystinea","Spumellaria","no_hit","no_hit","no_hit"
"5108","ASV_6094",0.000369855355985594,-0.00906767790029902,0.0028623957703675,"ASV_6094","Metazoa","Cnidaria","Hydrozoa","Trachymedusae","Rhopalonematidae","Pantachogon","Pantachogon haeckeli"
"5109","ASV_6099",0.000346564590819442,-0.00168747758750392,-0.000460679626809079,"ASV_6099","no_hit","no_hit","no_hit","no_hit","no_hit","no_hit","s_"
"5110","ASV_6107",0.000159989373904071,-0.00512318331312214,0.000908385144201978,"ASV_6107","no_hit","Dinophyceae","Dinophyceae","Syndiniales","no_hit","no_hit","no_hit"
"5111","ASV_6127",0.000731800615484711,-0.00522292588643299,0.000945848203529322,"ASV_6127","no_hit","unknown","unknown","unknown","unknown","g_","s_"
"5112","ASV_6128",-0.000791177909640861,-0.00249982153670893,0.000852072439795866,"ASV_6128","no_hit","Dinophyceae","Dinophyceae","Peridiniales","Amphidiniopsidaceae","Herdmania <dinoflagellates>","Herdmania litoralis"
"5113","ASV_6130",-0.00125985801408534,-0.00662346340738636,0.00224873331388651,"ASV_6130","no_hit","no_hit","no_hit","no_hit","no_hit","no_hit","s_"
"5114","ASV_6148",0.000774334362085682,-0.00274779136762596,-0.000190431766304868,"ASV_6148","no_hit","unknown","Polycystinea","no_hit","no_hit","no_hit","no_hit"
"5115","ASV_6165",0.00036793027542596,-0.00211888720084568,-0.000392988545755913,"ASV_6165","no_hit","no_hit","no_hit","no_hit","no_hit","g_","s_"
"5116","ASV_6166",-0.00119138828301302,-0.00283646511712563,0.000819540654028729,"ASV_6166","no_hit","unknown","Cryptophyceae","Pyrenomonadales","Geminigeraceae","g_","s_"
"5117","ASV_6171",0.00074895342165468,-0.00319700617963492,3.76061944024429e-05,"ASV_6171","no_hit","unknown","Polycystinea","Spumellaria","Actinommidae","Hexacontium","no_hit"
"5118","ASV_6173",0.000763129313722845,-0.00208503384093143,-0.000478308722746113,"ASV_6173","no_hit","Euglenozoa","unknown","Diplonemea","no_hit","no_hit","no_hit"
"5119","ASV_6177",0.000466805034491254,-0.000516207417513502,-0.00174002588794663,"ASV_6177","no_hit","Dinophyceae","Dinophyceae","Peridiniales","Protoperidiniaceae","Protoperidinium","Protoperidinium divergens"
"5120","ASV_6193",0.000707645009107237,6.21173750952525e-05,-0.00143571924848781,"ASV_6193","no_hit","unknown","Polycystinea","Spumellaria","Litheliidae","Larcopyle","Larcopyle butschlii"
"5121","ASV_6198",-6.10965326511335e-05,-0.00500941709260739,0.00102436473876095,"ASV_6198","Viridiplantae","Chlorophyta","no_hit","no_hit","no_hit","no_hit","no_hit"
"5122","ASV_6204",0.000677706567100285,-0.000295229918678078,-0.00126497077115392,"ASV_6204","no_hit","no_hit","no_hit","no_hit","no_hit","no_hit","s_"
"5123","ASV_6207",0.000628137168546609,-0.000505924241596076,-0.00117712071066596,"ASV_6207","no_hit","Ciliophora","Colpodea","unknown","unknown","g_","s_"
"5124","ASV_6218",0.000932432313320333,-0.00723283547647953,0.00185370207097247,"ASV_6218","no_hit","unknown","Polycystinea","Nassellaria","Plagiacanthidae","Lithomelissa","s_"
"5125","ASV_6221",0.000791794492854213,-0.00212691506285773,-0.000464959527048994,"ASV_6221","no_hit","Dinophyceae","Dinophyceae","Peridiniales","Peridiniaceae","g_","s_"
"5126","ASV_6234",0.000674098504329905,-0.0012525471149761,-0.000809080038890987,"ASV_6234","no_hit","Dinophyceae","Dinophyceae","Syndiniales","Amoebophryaceae","g_","s_"
"5127","ASV_6239",0.00056164235676686,-0.00612776238363981,0.00142930120435053,"ASV_6239","no_hit","unknown","Polycystinea","no_hit","no_hit","no_hit","s_"
"5128","ASV_6255",-0.00109344147228721,-0.000368804597388247,-0.000356035221109618,"ASV_6255","no_hit","Dinophyceae","Dinophyceae","Peridiniales","Peridiniaceae","Pentapharsodinium","Pentapharsodinium tyrrhenicum"
"5129","ASV_6264",0.000899117540321563,0.00126861210451915,-0.00198654125199324,"ASV_6264","no_hit","Ciliophora","Oligohymenophorea","Apostomatida","Colliniidae","g_","s_"
"5130","ASV_6268",0.000676983017655491,-0.000268589190009129,-0.00127784823882347,"ASV_6268","no_hit","no_hit","no_hit","no_hit","no_hit","no_hit","no_hit"
"5131","ASV_6280",0.000518817432983594,-0.00149239468932701,-0.000639173331096865,"ASV_6280","no_hit","Dinophyceae","Dinophyceae","Suessiales","Suessiaceae","no_hit","no_hit"
"5132","ASV_6286",0.000656773386697431,-0.000781568499793791,-0.00104106078168834,"ASV_6286","no_hit","no_hit","no_hit","no_hit","no_hit","g_","s_"
"5133","ASV_6297",-0.000467450995872334,-0.0121123278130047,0.00435862082127768,"ASV_6297","no_hit","no_hit","no_hit","no_hit","no_hit","g_","s_"
"5134","ASV_6299",0.000660110736793132,-0.00118790600612269,-0.000835710912660488,"ASV_6299","Metazoa","Chordata","Appendicularia","Copelata","Oikopleuridae","g_","s_"
"5135","ASV_6300",-0.000267507409349573,-0.00119415156103353,-0.000456223097944933,"ASV_6300","Metazoa","Annelida","Polychaeta","Terebellida","Cirratulidae","Caulleriella","s_"
"5136","ASV_6307",0.000772222612304718,2.39771158482154e-05,-0.0014835003663645,"ASV_6307","no_hit","Dinophyceae","Dinophyceae","Syndiniales","Amoebophryaceae","g_","s_"
"5137","ASV_6311",0.000840249344922587,-0.0036250460185439,0.000218367740291923,"ASV_6311","no_hit","no_hit","no_hit","no_hit","no_hit","no_hit","no_hit"
"5138","ASV_6312",-0.000886276827320341,-0.00260611793579992,0.00035825943723209,"ASV_6312","no_hit","unknown","unknown","unknown","unknown","g_","s_"
"5139","ASV_6324",0.000648396510286795,0.00119062477022338,-0.00196505689701267,"ASV_6324","Metazoa","Chordata","Thaliacea","Doliolida","Doliolidae","Doliolum","Doliolum nationalis"
"5140","ASV_6340",0.000204111493591014,-0.00175260531235874,-0.000404071344162017,"ASV_6340","no_hit","unknown","unknown","unknown","unknown","g_","s_"
"5141","ASV_6343",0.000733059041632095,-0.000967404878519021,-0.00098793652652778,"ASV_6343","no_hit","no_hit","no_hit","no_hit","no_hit","g_","s_"
"5142","ASV_6344",0.00104449991906689,-0.00211150147846583,-0.000714359033577186,"ASV_6344","no_hit","no_hit","no_hit","no_hit","no_hit","g_","s_"
"5143","ASV_6347",0.000419652434928624,-0.00576087666767158,0.00126522519894661,"ASV_6347","no_hit","Dinophyceae","Dinophyceae","Gymnodiniales","Kareniaceae","g_","s_"
"5144","ASV_6355",0.000676244945811185,-0.000137215373620443,-0.00134086643306164,"ASV_6355","no_hit","no_hit","no_hit","no_hit","no_hit","g_","s_"
"5145","ASV_6366",-9.17483145191876e-05,-0.00929357104069003,0.00294461519815486,"ASV_6366","no_hit","unknown","Polycystinea","no_hit","no_hit","no_hit","s_"
"5146","ASV_6380",0.000680220089403905,-0.00435734028886516,0.000559359847459399,"ASV_6380","no_hit","unknown","Polycystinea","Spumellaria","no_hit","g_","s_"
"5147","ASV_6395",3.71596575470316e-06,-0.00404883200826774,0.00059236076727345,"ASV_6395","no_hit","Dinophyceae","Dinophyceae","Syndiniales","Amoebophryaceae","g_","s_"
"5148","ASV_6403",-0.00141794466229114,-0.0030847281781006,0.000819831860368465,"ASV_6403","no_hit","Dinophyceae","Dinophyceae","Syndiniales","no_hit","no_hit","no_hit"
"5149","ASV_6404",0.000629912913201275,0.000344784759873852,-0.00154976779261732,"ASV_6404","no_hit","unknown","unknown","unknown","unknown","unknown","s_"
"5150","ASV_6408",0.000712123122088812,0.00108698764189668,-0.00192085305942578,"ASV_6408","no_hit","Euglenozoa","unknown","Diplonemea","unknown","g_","s_"
"5151","ASV_6412",-0.000474203666617532,-0.00244784297395971,-9.26386167124592e-05,"ASV_6412","no_hit","Ciliophora","Oligohymenophorea","Apostomatida","Colliniidae","g_","s_"
"5152","ASV_6426",0.000699918145829916,-0.00145343045683205,-0.000743705684686613,"ASV_6426","no_hit","Dinophyceae","Dinophyceae","Syndiniales","Amoebophryaceae","g_","s_"
"5153","ASV_6439",-0.00026955126159577,-2.80138820424233e-05,-0.000849732012162582,"ASV_6439","no_hit","Dinophyceae","Dinophyceae","no_hit","no_hit","no_hit","no_hit"
"5154","ASV_6449",0.000696600169976113,-0.00109899012421537,-0.000897483723817734,"ASV_6449","no_hit","Cercozoa","Thecofilosea","Phaeogromida","Challengeriidae","g_","s_"
"5155","ASV_6456",0.000228114673154005,-0.00650399385630514,0.00156719690372825,"ASV_6456","no_hit","no_hit","no_hit","no_hit","no_hit","no_hit","no_hit"
"5156","ASV_6467",0.000579581968441065,-0.000885494909266522,-0.000845988289162058,"ASV_6467","no_hit","Dinophyceae","Dinophyceae","Dinophysiales","Dinophysiaceae","g_","s_"
"5157","ASV_6471",0.000124883928525092,-0.00458527400650616,0.000674084451275988,"ASV_6471","no_hit","Euglenozoa","unknown","Diplonemea","unknown","g_","s_"
"5158","ASV_6472",0.000346948455556244,-0.00156479842823131,-0.000382922769037329,"ASV_6472","no_hit","Dinophyceae","Dinophyceae","Syndiniales","Amoebophryaceae","g_","s_"
"5159","ASV_6473",0.00068073162201043,-8.59448995571553e-05,-0.0013635399818358,"ASV_6473","no_hit","no_hit","no_hit","no_hit","no_hit","no_hit","s_"
"5160","ASV_6494",0.000882701544190118,0.000227373810412738,-0.00150470224649767,"ASV_6494","no_hit","Dinophyceae","Dinophyceae","unknown","unknown","g_","s_"
"5161","ASV_6495",0.000721547128164197,0.00137786504367042,-0.00205796987786239,"ASV_6495","no_hit","Ciliophora","Spirotrichea","no_hit","no_hit","no_hit","s_"
"5162","ASV_6498",0.000276178130658351,-0.00546604081052082,0.00108501097421588,"ASV_6498","no_hit","unknown","unknown","Telonemida","no_hit","no_hit","s_"
"5163","ASV_6509",-4.28550443692168e-05,-0.0129319839030178,0.0045675881934763,"ASV_6509","no_hit","unknown","unknown","unknown","unknown","g_","s_"
"5164","ASV_6525",0.000588057536011128,-0.00099897700189419,-0.000879620902996626,"ASV_6525","no_hit","unknown","Polycystinea","Nassellaria","Trissocyclidae","g_","s_"
"5165","ASV_6527",7.92059582268781e-05,0.000254691508383401,-0.00124362323722657,"ASV_6527","no_hit","no_hit","no_hit","no_hit","no_hit","g_","s_"
"5166","ASV_6549",0.000727757035294438,-0.00877153454334424,0.00250286422421167,"ASV_6549","no_hit","no_hit","no_hit","no_hit","no_hit","no_hit","no_hit"
"5167","ASV_6552",0.000766693589995385,-0.00232305647011149,-0.000350664665662568,"ASV_6552","no_hit","no_hit","no_hit","no_hit","no_hit","no_hit","s_"
"5168","ASV_6562",0.000307624764780342,-0.000560129757555342,-0.000979771585327211,"ASV_6562","no_hit","Ciliophora","Spirotrichea","no_hit","no_hit","g_","s_"
"5169","ASV_6563",0.000690060434575111,-0.000549935198378175,-0.00115958519995445,"ASV_6563","no_hit","no_hit","no_hit","no_hit","no_hit","g_","s_"
"5170","ASV_6615",4.03962680776454e-05,-0.000867572414113517,-0.000476904843099315,"ASV_6615","no_hit","no_hit","no_hit","no_hit","no_hit","g_","s_"
"5171","ASV_6620",-0.000218788144939968,-0.00289142446131517,0.000215616874171201,"ASV_6620","no_hit","Dinophyceae","Dinophyceae","no_hit","no_hit","no_hit","no_hit"
"5172","ASV_6623",0.000910511553242667,-0.00689878796284556,0.00172327693159432,"ASV_6623","no_hit","no_hit","no_hit","no_hit","no_hit","g_","s_"
"5173","ASV_6626",0.000853031854681141,-0.0029676483995933,-9.8467474633658e-05,"ASV_6626","no_hit","unknown","unknown","unknown","unknown","g_","s_"
"5174","ASV_6638",0.000483210644788397,-2.77412111535808e-05,-0.00126415220082176,"ASV_6638","no_hit","Cercozoa","no_hit","no_hit","no_hit","no_hit","s_"
"5175","ASV_6652",0.00094728683743849,0.000419029060524657,-0.00163191093204344,"ASV_6652","no_hit","Dinophyceae","Dinophyceae","no_hit","no_hit","g_","s_"
"5176","ASV_6662",0.000668773783171319,-0.000638420253526007,-0.00109751766502112,"ASV_6662","no_hit","no_hit","no_hit","no_hit","no_hit","g_","s_"
"5177","ASV_6665",-0.000879547086010412,-0.0032625276163479,0.000226049350531304,"ASV_6665","no_hit","Dinophyceae","Dinophyceae","Gymnodiniales","Gymnodiniaceae","g_","s_"
"5178","ASV_6669",0.000820901361308109,-0.000516154374757994,-0.00122920252916568,"ASV_6669","no_hit","Dinophyceae","Dinophyceae","Syndiniales","Syndiniaceae","g_","s_"
"5179","ASV_6699",0.000704044174542726,-0.000635254220308291,-0.00112991411980697,"ASV_6699","no_hit","no_hit","no_hit","no_hit","no_hit","g_","s_"
"5180","ASV_6701",0.000662321383535525,-5.78441400689116e-05,-0.00136962955332779,"ASV_6701","no_hit","Dinophyceae","Dinophyceae","Syndiniales","Amoebophryaceae","g_","s_"
"5181","ASV_6713",0.000429038490927483,-0.00302702275702396,-1.07704842301891e-05,"ASV_6713","no_hit","unknown","unknown","unknown","unknown","g_","s_"
"5182","ASV_6747",0.000235111954637789,-0.0012980720489508,-0.000460665182492916,"ASV_6747","no_hit","Dinophyceae","Dinophyceae","Peridiniales","Protoperidiniaceae","g_","s_"
"5183","ASV_6751",0.000554323136650009,-0.00201189588358703,-0.000480485436720989,"ASV_6751","no_hit","unknown","unknown","unknown","unknown","unknown","s_"
"5184","ASV_6775",0.000528471784191878,-0.00298942370283826,-2.87493223673325e-05,"ASV_6775","no_hit","Dinophyceae","Dinophyceae","no_hit","no_hit","g_","s_"
"5185","ASV_6789",0.000493550015948614,-0.000782041155157551,-0.000863221062987046,"ASV_6789","no_hit","Dinophyceae","Dinophyceae","Syndiniales","Amoebophryaceae","g_","s_"
"5186","ASV_6797",0.000859286097312635,-0.00381449214333587,0.000314491957111323,"ASV_6797","no_hit","Bacillariophyta","Bacillariophyceae","Naviculales","Naviculaceae","g_","s_"
"5187","ASV_6808",0.000388905416837617,8.7701060033772e-05,-0.00123722622266053,"ASV_6808","no_hit","Apicomplexa","Conoidasida","Eugregarinorida","Lecudinidae","g_","s_"
"5188","ASV_6817",-0.000733634119620386,-0.00221079568780437,0.000420228889570577,"ASV_6817","no_hit","Ciliophora","Spirotrichea","Tintinnida","Tintinnidae","Salpingella","Salpingella acuminata"
"5189","ASV_6823",0.00093268042634221,-0.00497491539007657,0.000810436281674256,"ASV_6823","no_hit","Euglenozoa","unknown","Diplonemea","no_hit","no_hit","s_"
"5190","ASV_6829",0.000533960668153433,-0.0006950662155497,-0.000918934992901179,"ASV_6829","no_hit","Oomycota","unknown","Peronosporales","Peronosporaceae","g_","s_"
"5191","ASV_6846",0.000707494496769667,-0.00140684540717582,-0.000749805646917172,"ASV_6846","no_hit","unknown","Polycystinea","Nassellaria","Plagiacanthidae","Cladoscenium","s_"
"5192","ASV_6848",-0.000866160292468899,-0.00208512177581237,0.000554203740017903,"ASV_6848","no_hit","Dinophyceae","Dinophyceae","no_hit","no_hit","no_hit","no_hit"
"5193","ASV_6849",0.000669437955141046,-0.000395026739026982,-0.00122298690925284,"ASV_6849","no_hit","unknown","unknown","unknown","unknown","g_","s_"
"5194","ASV_6885",0.000411568908360813,-0.000331055054197187,-0.00114825933608668,"ASV_6885","no_hit","no_hit","no_hit","no_hit","no_hit","g_","s_"
"5195","ASV_6892",-0.000677783059700462,0.0009158548967844,-0.00110572822229468,"ASV_6892","no_hit","no_hit","no_hit","no_hit","no_hit","no_hit","no_hit"
"5196","ASV_6917",0.000831871546193346,0.000269549479348683,-0.000582848771561579,"ASV_6917","Metazoa","Nemertea","Enopla","Monostilifera","Poseidonemertidae","Poseidonemertes","Poseidonemertes maslakovae"
"5197","ASV_6921",0.000844932233345716,-0.00398838292121215,0.000365849805011946,"ASV_6921","no_hit","Dinophyceae","Dinophyceae","Gymnodiniales","no_hit","g_","s_"
"5198","ASV_6933",0.00062786101479011,0.000847422177968535,-0.00180103323118313,"ASV_6933","no_hit","Euglenozoa","unknown","Diplonemea","unknown","g_","s_"
"5199","ASV_6966",0.000669447504435536,-0.000625497985275442,-0.00110331184918153,"ASV_6966","no_hit","Dinophyceae","Dinophyceae","Suessiales","Suessiaceae","g_","s_"
"5200","ASV_6967",-0.00212196688756584,0.00426472372271398,0.000730457620097983,"ASV_6967","no_hit","Dinophyceae","Dinophyceae","no_hit","no_hit","no_hit","no_hit"
"5201","ASV_6981",0.000749957411951688,0.000426566310217055,-0.0015604289628091,"ASV_6981","no_hit","no_hit","no_hit","no_hit","no_hit","g_","s_"
"5202","ASV_6989",0.000742383496871917,-0.0010738430609683,-0.000942951662768569,"ASV_6989","no_hit","no_hit","no_hit","no_hit","no_hit","g_","s_"
"5203","ASV_6990",0.000355111254333164,-0.00311869702781093,7.35223522430807e-05,"ASV_6990","no_hit","unknown","Polycystinea","Nassellaria","Theoperidae","g_","s_"
"5204","ASV_6994",0.000340097259123636,-0.00262173874590754,-9.7750453980841e-05,"ASV_6994","no_hit","no_hit","no_hit","no_hit","no_hit","no_hit","no_hit"
"5205","ASV_7009",0.000122903812077691,-0.00182632228745951,-0.000200127854541059,"ASV_7009","no_hit","no_hit","no_hit","no_hit","no_hit","g_","s_"
"5206","ASV_7013",0.000610578336668485,0.000533648240444752,-0.00162795550770426,"ASV_7013","no_hit","unknown","Acantharea","Symphyacanthida","Amphilithiidae","g_","s_"
"5207","ASV_7025",0.000735812650240038,-0.00290355719532414,-7.62469615668814e-05,"ASV_7025","no_hit","unknown","unknown","unknown","unknown","unknown","s_"
"5208","ASV_7049",1.27002757183525e-05,-0.00208422264914824,0.000105648958348477,"ASV_7049","no_hit","unknown","unknown","unknown","unknown","g_","s_"
"5209","ASV_7063",0.000252925254556938,0.00015131681761375,-0.00123875945207428,"ASV_7063","no_hit","no_hit","no_hit","no_hit","no_hit","no_hit","no_hit"
"5210","ASV_7130",0.000758444809972015,0.00065355664346043,-0.00170912836940597,"ASV_7130","no_hit","no_hit","no_hit","no_hit","no_hit","g_","s_"
"5211","ASV_7131",0.000682397519077395,-5.57824456706254e-05,-0.00138642865373088,"ASV_7131","no_hit","Dinophyceae","Dinophyceae","no_hit","no_hit","g_","s_"
"5212","ASV_7191",0.000430851100804705,-0.00237612486446295,-0.00024008285364005,"ASV_7191","no_hit","Dinophyceae","Dinophyceae","Gymnodiniales","Kareniaceae","Takayama","Takayama cf. pulchellum"
"5213","ASV_7199",0.000719058233794978,0.000164173267734871,-0.00145410204427081,"ASV_7199","no_hit","Cercozoa","Thecofilosea","Cryomonadida","Protaspidae","g_","s_"
"5214","ASV_7235",0.000751312162916601,-0.0026687637304932,-0.000200587340895003,"ASV_7235","no_hit","no_hit","no_hit","no_hit","no_hit","g_","s_"
"5215","ASV_7253",0.000530256081077082,-0.000395921772556581,-0.00115515960348492,"ASV_7253","no_hit","Apicomplexa","Conoidasida","Eucoccidiorida","no_hit","g_","s_"
"5216","ASV_7270",0.000184047800438718,-0.00463049466068354,0.000720579757510736,"ASV_7270","no_hit","no_hit","no_hit","no_hit","no_hit","g_","s_"
"5217","ASV_7275",0.000755080961463305,-0.000191743166251739,-0.00136529320226086,"ASV_7275","no_hit","no_hit","no_hit","no_hit","no_hit","no_hit","no_hit"
"5218","ASV_7353",0.000380438077233614,-0.00210334911763036,-0.000154370794984066,"ASV_7353","no_hit","no_hit","no_hit","no_hit","no_hit","g_","s_"
"5219","ASV_7369",0.00050280377596652,-0.00134778123106335,-0.000765993001518127,"ASV_7369","no_hit","Dinophyceae","Dinophyceae","Syndiniales","Amoebophryaceae","g_","s_"
"5220","ASV_7393",-0.00108968579666152,-0.00136186557385998,-0.000184869090277957,"ASV_7393","no_hit","Apicomplexa","Conoidasida","Eugregarinorida","Lecudinidae","g_","s_"
"5221","ASV_7397",0.000778799351887031,0.000644206735988558,-0.00164221378798038,"ASV_7397","Metazoa","Chordata","Appendicularia","Copelata","Fritillariidae","g_","s_"
"5222","ASV_7417",0.000753067183180984,-0.00203443050543241,-0.000482457085394518,"ASV_7417","no_hit","Dinophyceae","Dinophyceae","Prorocentrales","Prorocentraceae","g_","s_"
"5223","ASV_7460",0.000316086800127036,-0.00329100493295342,0.000401662953141501,"ASV_7460","no_hit","no_hit","no_hit","no_hit","no_hit","no_hit","s_"
"5224","ASV_7466",0.000226356485361863,-0.001750006639407,-0.000277459764619613,"ASV_7466","no_hit","Dinophyceae","Dinophyceae","no_hit","no_hit","no_hit","no_hit"
"5225","ASV_7491",0.000826774528147934,-0.00296728250779458,-0.000103004110517858,"ASV_7491","no_hit","Dinophyceae","Dinophyceae","Syndiniales","Amoebophryaceae","g_","s_"
"5226","ASV_7537",0.000824655919419039,-0.0042525390946065,0.000531039595599488,"ASV_7537","no_hit","unknown","Polycystinea","no_hit","no_hit","no_hit","no_hit"
"5227","ASV_7599",0.000622005013016916,-0.00153887765929861,-0.000656305330642123,"ASV_7599","no_hit","unknown","Acantharea","no_hit","no_hit","no_hit","no_hit"
"5228","ASV_7605",0.000597115371876137,-0.000906512184515006,-0.000977824888864343,"ASV_7605","no_hit","no_hit","no_hit","no_hit","no_hit","g_","s_"
"5229","ASV_7635",0.000785815493286143,-0.00169044593949968,-0.000675852566893012,"ASV_7635","no_hit","no_hit","no_hit","no_hit","no_hit","no_hit","no_hit"
"5230","ASV_7641",0.000610578336668485,0.000533648240444752,-0.00162795550770426,"ASV_7641","no_hit","no_hit","no_hit","no_hit","no_hit","no_hit","s_"
"5231","ASV_7676",0.000327749728623284,-0.00283471492397886,-9.40037790371266e-05,"ASV_7676","no_hit","unknown","unknown","unknown","unknown","g_","s_"
"5232","ASV_7855",0.000282015393511226,-0.00455943868164317,0.000650055428893508,"ASV_7855","no_hit","Dinophyceae","Dinophyceae","Peridiniales","Peridiniaceae","g_","s_"
"5233","ASV_7871",0.000812057775002481,-0.00321731682863558,5.91550826160243e-05,"ASV_7871","no_hit","unknown","Polycystinea","Nassellaria","Pterocorythidae","g_","s_"
"5234","ASV_7990",0.000109291958164964,-0.000529391771411431,-0.000777818915005932,"ASV_7990","no_hit","Ciliophora","Phyllopharyngea","Dysteriida","Plesiotrichopidae","g_","s_"
"5235","ASV_8146",0.00142551856915934,-6.70634200590126e-05,-0.00075800878913424,"ASV_8146","Metazoa","Arthropoda","Malacostraca","Euphausiacea","Euphausiidae","Euphausia","Euphausia pacifica"
"5236","ASV_8147",0.000709324098218127,-0.000956015584869815,-0.000965124598311945,"ASV_8147","Metazoa","Cnidaria","Hydrozoa","Narcomedusae","Solmarisidae","g_","s_"
"5237","ASV_8223",0.000710779468277455,-0.00188437485429811,-0.000529416963223504,"ASV_8223","no_hit","Dinophyceae","Dinophyceae","no_hit","no_hit","no_hit","s_"
"5238","ASV_8408",0.000493052746298228,-0.00260528701065131,-0.000137346415783412,"ASV_8408","no_hit","no_hit","no_hit","no_hit","no_hit","no_hit","no_hit"
"5239","ASV_8461",0.000785815493286143,-0.00169044593949968,-0.000675852566893012,"ASV_8461","no_hit","no_hit","no_hit","no_hit","no_hit","g_","s_"
"5240","ASV_8717",0.000757610264182805,-0.00131833618057611,-0.000835817786796858,"ASV_8717","no_hit","Dinophyceae","Dinophyceae","unknown","unknown","g_","s_"
"5241","ASV_8893",0.000881388382802489,-0.00297291480660211,-0.000123531237409883,"ASV_8893","no_hit","Dinophyceae","Dinophyceae","Syndiniales","Amoebophryaceae","g_","s_"
"5242","ASV_9438",3.87848852317156e-05,-0.00115111540523554,-0.000688298525341832,"ASV_9438","no_hit","Dinophyceae","Dinophyceae","Syndiniales","no_hit","g_","s_"
