"","sample_name","PC1","PC2","PC3","ESP","PlateID","R1","R2","SAMPLING_PI","SAMPLING_bottle","SAMPLING_cruise","SAMPLING_institute","SAMPLING_platform","SAMPLING_platform_type","SAMPLING_rdepth","SAMPLING_station","SAMPLING_station_number","SC","chlorophyll","decimalLatitude","decimalLongitude","density","depth","diss_oxygen","env_broad_scale","env_local_scale","env_medium","eventDate","fluor","geo_loc_name","library","nitrate","order","original_name","pressure","primer_sequence_forward","primer_sequence_reverse","project_name","replicate","salinity","samp_filter_ext_type","samp_filter_size_ext","samp_store_temp","sample_type","seqID","seq_meth","sequencing_facility","tag_sequence","target_gene","temp","year","month","day","sample_source","depth_round","sequencer","source_depth"
"1","14223c01_05c_eDNA_FD",0.0140826127048902,0.171917358838067,-0.0265870200655882,NA,"FD","14223c01_05c_eDNA_S1_L001_R1_001.fastq.gz","14223c01_05c_eDNA_S1_L001_R2_001.fastq.gz","Francisco Chavez",5,14223,"MBARI","Rachel Carson","ship",301.012,"MARS",1,NA,-0.0994,36.711,-122.196,26.6553,300,1.0366,"marine biome  (ENVO:00000447)","coastal water (ENVO:00001250)","waterborne particulate matter (ENVO:01000436)",2023-05-22 17:53:00,0.1247,"USA:California:Monterey Bay","FD1",37.857,1,"14223c01_05c_eDNA",303.469,"GTACACACCGCCCGTC","TGATCCTTCTGCAGGTTCACCTAC","Cannon","c",34.1852,"Poretics","0.22um",-80,"environmental","14223c01_05c_eDNA_FD","NGS Illumina Miseq","MSU","GATTCACGAC",18,7.8849,2023,5,22,"CN23S MARS",300,"MiSeq","CN23S MARS 300"
"2","14223c01_07c_eDNA_FD",-0.0205100463226329,0.161288707058511,0.0171844604479201,NA,"FD","14223c01_07c_eDNA_S2_L001_R1_001.fastq.gz","14223c01_07c_eDNA_S2_L001_R2_001.fastq.gz","Francisco Chavez",7,14223,"MBARI","Rachel Carson","ship",202.055,"MARS",1,NA,-0.0468,36.711,-122.196,26.5257,200,1.3929,"marine biome  (ENVO:00000447)","coastal water (ENVO:00001250)","waterborne particulate matter (ENVO:01000436)",2023-05-22 17:53:00,0.1296,"USA:California:Monterey Bay","FD2",27.967,2,"14223c01_07c_eDNA",203.656,"GTACACACCGCCCGTC","TGATCCTTCTGCAGGTTCACCTAC","Cannon","c",34.1371,"Poretics","0.22um",-80,"environmental","14223c01_07c_eDNA_FD","NGS Illumina Miseq","MSU","AGAACCTCGC",18,8.4879,2023,5,22,"CN23S MARS",200,"MiSeq","CN23S MARS 200"
"3","14223c01_06c_eDNA_FD",-0.0164023352439727,0.159778755642672,-0.021600220096674,NA,"FD","14223c01_06c_eDNA_S3_L001_R1_001.fastq.gz","14223c01_06c_eDNA_S3_L001_R2_001.fastq.gz","Francisco Chavez",6,14223,"MBARI","Rachel Carson","ship",251.868,"MARS",1,NA,-0.0791,36.711,-122.196,26.5679,250,1.2635,"marine biome  (ENVO:00000447)","coastal water (ENVO:00001250)","waterborne particulate matter (ENVO:01000436)",2023-05-22 17:53:00,0.1266,"USA:California:Monterey Bay","FD3",31.056,3,"14223c01_06c_eDNA",253.894,"GTACACACCGCCCGTC","TGATCCTTCTGCAGGTTCACCTAC","Cannon","c",34.1584,"Poretics","0.22um",-80,"environmental","14223c01_06c_eDNA_FD","NGS Illumina Miseq","MSU","ATCCGATCTT",18,8.3253,2023,5,22,"CN23S MARS",250,"MiSeq","CN23S MARS 250"
"4","14223c01_10c_eDNA_FD",0.0632153993114228,-0.0351577214421392,-0.0870112706461433,NA,"FD","14223c01_10c_eDNA_S4_L001_R1_001.fastq.gz","14223c01_10c_eDNA_S4_L001_R2_001.fastq.gz","Francisco Chavez",10,14223,"MBARI","Rachel Carson","ship",21.024,"MARS",1,NA,1.7658,36.711,-122.196,25.1101,20,6.0492,"marine biome  (ENVO:00000447)","coastal water (ENVO:00001250)","waterborne particulate matter (ENVO:01000436)",2023-05-22 17:53:00,0.2989,"USA:California:Monterey Bay","FD4",7.481,4,"14223c01_10c_eDNA",21.181,"GTACACACCGCCCGTC","TGATCCTTCTGCAGGTTCACCTAC","Cannon","c",33.2522,"Poretics","0.22um",-80,"environmental","14223c01_10c_eDNA_FD","NGS Illumina Miseq","MSU","AGAGAGACCG",18,12.6401,2023,5,22,"CN23S MARS",20,"MiSeq","CN23S MARS 20"
"5","14223c01_04c_eDNA_FD",0.0313820401008494,0.164979255847327,-0.0717445575290343,NA,"FD","14223c01_04c_eDNA_S5_L001_R1_001.fastq.gz","14223c01_04c_eDNA_S5_L001_R2_001.fastq.gz","Francisco Chavez",4,14223,"MBARI","Rachel Carson","ship",401.441,"MARS",1,NA,-0.1082,36.711,-122.196,26.7393,400,0.8192,"marine biome  (ENVO:00000447)","coastal water (ENVO:00001250)","waterborne particulate matter (ENVO:01000436)",2023-05-22 17:53:00,0.1239,"USA:California:Monterey Bay","FD5",39.831,5,"14223c01_04c_eDNA",404.817,"GTACACACCGCCCGTC","TGATCCTTCTGCAGGTTCACCTAC","Cannon","c",34.1991,"Poretics","0.22um",-80,"environmental","14223c01_04c_eDNA_FD","NGS Illumina Miseq","MSU","CTTGAAGAGG",18,7.3874,2023,5,22,"CN23S MARS",400,"MiSeq","CN23S MARS 400"
"6","14223c01_09c_eDNA_FD",-0.0532282319194241,0.0167394835706839,-0.00421249029865333,NA,"FD","14223c01_09c_eDNA_S6_L001_R1_001.fastq.gz","14223c01_09c_eDNA_S6_L001_R2_001.fastq.gz","Francisco Chavez",9,14223,"MBARI","Rachel Carson","ship",61.34,"MARS",1,NA,0.0674,36.711,-122.196,26.0385,60,3.4987,"marine biome  (ENVO:00000447)","coastal water (ENVO:00001250)","waterborne particulate matter (ENVO:01000436)",2023-05-22 17:53:00,0.1403,"USA:California:Monterey Bay","FD6",25.001,6,"14223c01_09c_eDNA",61.805,"GTACACACCGCCCGTC","TGATCCTTCTGCAGGTTCACCTAC","Cannon","c",33.8392,"Poretics","0.22um",-80,"environmental","14223c01_09c_eDNA_FD","NGS Illumina Miseq","MSU","GAGAAGCCGT",18,10.0487,2023,5,22,"CN23S MARS",60,"MiSeq","CN23S MARS 60"
"7","14223c01_02c_eDNA_FD",0.0396850542793303,0.150809670548827,-0.122604035858477,NA,"FD","14223c01_02c_eDNA_S7_L001_R1_001.fastq.gz","14223c01_02c_eDNA_S7_L001_R2_001.fastq.gz","Francisco Chavez",2,14223,"MBARI","Rachel Carson","ship",601.895,"MARS",1,NA,-0.1048,36.711,-122.196,26.9458,600,0.3844,"marine biome  (ENVO:00000447)","coastal water (ENVO:00001250)","waterborne particulate matter (ENVO:01000436)",2023-05-22 17:53:00,0.1242,"USA:California:Monterey Bay","FD7",43.736,7,"14223c01_02c_eDNA",607.252,"GTACACACCGCCCGTC","TGATCCTTCTGCAGGTTCACCTAC","Cannon","c",34.2505,"Poretics","0.22um",-80,"environmental","14223c01_02c_eDNA_FD","NGS Illumina Miseq","MSU","GAAGACTCGG",18,6.1689,2023,5,22,"CN23S MARS",600,"MiSeq","CN23S MARS 600"
"8","14223c01_01c_eDNA_FD",0.0519847968726431,0.1558594062401,-0.170500264650543,NA,"FD","14223c01_01c_eDNA_S8_L001_R1_001.fastq.gz","14223c01_01c_eDNA_S8_L001_R2_001.fastq.gz","Francisco Chavez",1,14223,"MBARI","Rachel Carson","ship",699.856,"MARS",1,NA,-0.0637,36.711,-122.196,27.1194,700,0.2595,"marine biome  (ENVO:00000447)","coastal water (ENVO:00001250)","waterborne particulate matter (ENVO:01000436)",2023-05-22 17:53:00,0.128,"USA:California:Monterey Bay","FD8",46.121,8,"14223c01_01c_eDNA",706.253,"GTACACACCGCCCGTC","TGATCCTTCTGCAGGTTCACCTAC","Cannon","c",34.3191,"Poretics","0.22um",-80,"environmental","14223c01_01c_eDNA_FD","NGS Illumina Miseq","MSU","AACGTGAACG",18,5.1966,2023,5,22,"CN23S MARS",700,"MiSeq","CN23S MARS 700"
"9","14223c01_03c_eDNA_FD",0.0499619754785614,0.160686519570823,-0.104445637355624,NA,"FD","14223c01_03c_eDNA_S9_L001_R1_001.fastq.gz","14223c01_03c_eDNA_S9_L001_R2_001.fastq.gz","Francisco Chavez",3,14223,"MBARI","Rachel Carson","ship",500.926,"MARS",1,NA,-0.112,36.711,-122.196,26.8855,500,0.504,"marine biome  (ENVO:00000447)","coastal water (ENVO:00001250)","waterborne particulate matter (ENVO:01000436)",2023-05-22 17:53:00,0.1235,"USA:California:Monterey Bay","FD9",35.907,9,"14223c01_03c_eDNA",505.26,"GTACACACCGCCCGTC","TGATCCTTCTGCAGGTTCACCTAC","Cannon","c",34.2243,"Poretics","0.22um",-80,"environmental","14223c01_03c_eDNA_FD","NGS Illumina Miseq","MSU","CGTAGAACAG",18,6.4669,2023,5,22,"CN23S MARS",500,"MiSeq","CN23S MARS 500"
"10","14223c01_12c_eDNA_FD",0.0729551598509048,-0.0175917154049036,-0.130219382237126,NA,"FD","14223c01_12c_eDNA_S10_L001_R1_001.fastq.gz","14223c01_12c_eDNA_S10_L001_R2_001.fastq.gz","Francisco Chavez",12,14223,"MBARI","Rachel Carson","ship",3.112,"MARS",1,NA,1.1456,36.711,-122.196,25.0996,0,6.0942,"marine biome  (ENVO:00000447)","coastal water (ENVO:00001250)","waterborne particulate matter (ENVO:01000436)",2023-05-22 17:53:00,0.241,"USA:California:Monterey Bay","FD10",6.645,10,"14223c01_12c_eDNA",3.135,"GTACACACCGCCCGTC","TGATCCTTCTGCAGGTTCACCTAC","Cannon","c",33.2531,"Poretics","0.22um",-80,"environmental","14223c01_12c_eDNA_FD","NGS Illumina Miseq","MSU","CCTACGGACA",18,12.6957,2023,5,22,"CN23S MARS",0,"MiSeq","CN23S MARS 0"
"11","14223c01_08c_eDNA_FD",-0.0388847977575029,0.0531479586659527,-0.00571728909472132,NA,"FD","14223c01_08c_eDNA_S11_L001_R1_001.fastq.gz","14223c01_08c_eDNA_S11_L001_R2_001.fastq.gz","Francisco Chavez",8,14223,"MBARI","Rachel Carson","ship",101.114,"MARS",1,NA,-0.0212,36.711,-122.196,26.2686,100,2.4491,"marine biome  (ENVO:00000447)","coastal water (ENVO:00001250)","waterborne particulate matter (ENVO:01000436)",2023-05-22 17:53:00,0.132,"USA:California:Monterey Bay","FD11",23.505,11,"14223c01_08c_eDNA",101.89,"GTACACACCGCCCGTC","TGATCCTTCTGCAGGTTCACCTAC","Cannon","c",33.9602,"Poretics","0.22um",-80,"environmental","14223c01_08c_eDNA_FD","NGS Illumina Miseq","MSU","CGGACGTTAA",18,9.2321,2023,5,22,"CN23S MARS",100,"MiSeq","CN23S MARS 100"
"12","25424c01_12c_eDNA_FD",0.0908043157786808,-0.00438719637787245,-0.0302756631499712,NA,"FD","25424c01_12c_eDNA_S12_L001_R1_001.fastq.gz","25424c01_12c_eDNA_S12_L001_R2_001.fastq.gz","Francisco Chavez",12,25424,"MBARI","Rachel Carson","ship",3.072,"c1",1,NA,3.3251,36.7975,-121.8475,25.0484,0,5.8805,"marine biome  (ENVO:00000447)","coastal water (ENVO:00001250)","waterborne particulate matter (ENVO:01000436)",2024-09-10 14:48:00,0.4445,"USA:California:Monterey Bay","FD12",NA,12,"25424c01_12c_eDNA",3.094,"GTACACACCGCCCGTC","TGATCCTTCTGCAGGTTCACCTAC","PTLO","c",33.8047,"Poretics","0.22um",-80,"environmental","25424c01_12c_eDNA_FD","NGS Illumina Miseq","MSU","CATTGCTGTT",18,15.01,2024,9,10,"MBTS 25424",0,"MiSeq","MBTS 25424 0"
"13","25424c01_10c_eDNA_FD",0.0339225718662964,-0.069857228376289,0.0206094567694622,NA,"FD","25424c01_10c_eDNA_S13_L001_R1_001.fastq.gz","25424c01_10c_eDNA_S13_L001_R2_001.fastq.gz","Francisco Chavez",10,25424,"MBARI","Rachel Carson","ship",10.238,"c1",1,NA,0.7041,36.7975,-121.8475,25.6966,10,3.9941,"marine biome  (ENVO:00000447)","coastal water (ENVO:00001250)","waterborne particulate matter (ENVO:01000436)",2024-09-10 14:48:00,0.1997,"USA:California:Monterey Bay","FD13",NA,13,"25424c01_10c_eDNA",10.314,"GTACACACCGCCCGTC","TGATCCTTCTGCAGGTTCACCTAC","PTLO","c",33.8077,"Poretics","0.22um",-80,"environmental","25424c01_10c_eDNA_FD","NGS Illumina Miseq","MSU","AGATGCGACG",18,11.8235,2024,9,10,"MBTS 25424",10,"MiSeq","MBTS 25424 10"
"14","25424c01_09c_eDNA_FD",0.0188019659437493,-0.0628930935413555,-0.0541493188082664,NA,"FD","25424c01_09c_eDNA_S14_L001_R1_001.fastq.gz","25424c01_09c_eDNA_S14_L001_R2_001.fastq.gz","Francisco Chavez",9,25424,"MBARI","Rachel Carson","ship",20.421,"c1",1,NA,0.4298,36.7975,-121.8475,25.8362,20,3.4435,"marine biome  (ENVO:00000447)","coastal water (ENVO:00001250)","waterborne particulate matter (ENVO:01000436)",2024-09-10 14:48:00,0.1741,"USA:California:Monterey Bay","FD14",NA,14,"25424c01_09c_eDNA",20.574,"GTACACACCGCCCGTC","TGATCCTTCTGCAGGTTCACCTAC","PTLO","c",33.8352,"Poretics","0.22um",-80,"environmental","25424c01_09c_eDNA_FD","NGS Illumina Miseq","MSU","ATACATCGCA",18,11.1818,2024,9,10,"MBTS 25424",20,"MiSeq","MBTS 25424 20"
"15","25424c01_06c_eDNA_FD",-0.0474193055199369,-0.0179298414357595,0.038590004972011,NA,"FD","25424c01_06c_eDNA_S15_L001_R1_001.fastq.gz","25424c01_06c_eDNA_S15_L001_R2_001.fastq.gz","Francisco Chavez",6,25424,"MBARI","Rachel Carson","ship",59.967,"c1",1,NA,0.0431,36.7975,-121.8475,26.0666,60,2.0678,"marine biome  (ENVO:00000447)","coastal water (ENVO:00001250)","waterborne particulate matter (ENVO:01000436)",2024-09-10 14:48:00,0.138,"USA:California:Monterey Bay","FD15",NA,15,"25424c01_06c_eDNA",60.422,"GTACACACCGCCCGTC","TGATCCTTCTGCAGGTTCACCTAC","PTLO","c",33.918,"Poretics","0.22um",-80,"environmental","25424c01_06c_eDNA_FD","NGS Illumina Miseq","MSU","TAGCGCAATA",18,10.2451,2024,9,10,"MBTS 25424",60,"MiSeq","MBTS 25424 60"
"16","25424c01_03c_eDNA_FD",-0.0695414519827588,0.0151942529852143,0.0390462276956917,NA,"FD","25424c01_03c_eDNA_S16_L001_R1_001.fastq.gz","25424c01_03c_eDNA_S16_L001_R2_001.fastq.gz","Francisco Chavez",3,25424,"MBARI","Rachel Carson","ship",149.061,"c1",1,NA,0.0169,36.7975,-121.8475,26.3645,150,1.1609,"marine biome  (ENVO:00000447)","coastal water (ENVO:00001250)","waterborne particulate matter (ENVO:01000436)",2024-09-10 14:48:00,0.1356,"USA:California:Monterey Bay","FD16",NA,16,"25424c01_03c_eDNA",150.223,"GTACACACCGCCCGTC","TGATCCTTCTGCAGGTTCACCTAC","PTLO","c",34.047,"Poretics","0.22um",-80,"environmental","25424c01_03c_eDNA_FD","NGS Illumina Miseq","MSU","TAACGCAGTC",18,9.062,2024,9,10,"MBTS 25424",150,"MiSeq","MBTS 25424 150"
"17","25424c02_12c_eDNA_FD",0.0997966121206742,-0.0356403852951044,-0.0616814752867657,NA,"FD","25424c02_12c_eDNA_S17_L001_R1_001.fastq.gz","25424c02_12c_eDNA_S17_L001_R2_001.fastq.gz","Francisco Chavez",12,25424,"MBARI","Rachel Carson","ship",3.087,"Mooring1",2,NA,3.2152,36.7465,-122.0202,25.1026,0,5.9011,"marine biome  (ENVO:00000447)","coastal water (ENVO:00001250)","waterborne particulate matter (ENVO:01000436)",2024-09-10 16:26:00,0.4342,"USA:California:Monterey Bay","FD17",NA,17,"25424c02_12c_eDNA",3.11,"GTACACACCGCCCGTC","TGATCCTTCTGCAGGTTCACCTAC","PTLO","c",33.7859,"Poretics","0.22um",-80,"environmental","25424c02_12c_eDNA_FD","NGS Illumina Miseq","MSU","ACCTAAGAGC",18,14.6922,2024,9,10,"MBTS 25424",0,"MiSeq","MBTS 25424 0"
"18","25424c02_10c_eDNA_FD",0.082756723742753,-0.0399394069234538,-0.00257631271124606,NA,"FD","25424c02_10c_eDNA_S18_L001_R1_001.fastq.gz","25424c02_10c_eDNA_S18_L001_R2_001.fastq.gz","Francisco Chavez",10,25424,"MBARI","Rachel Carson","ship",10.18,"Mooring1",2,NA,4.1594,36.7465,-122.0202,25.22,10,5.6191,"marine biome  (ENVO:00000447)","coastal water (ENVO:00001250)","waterborne particulate matter (ENVO:01000436)",2024-09-10 16:26:00,0.5224,"USA:California:Monterey Bay","FD18",NA,18,"25424c02_10c_eDNA",10.255,"GTACACACCGCCCGTC","TGATCCTTCTGCAGGTTCACCTAC","PTLO","c",33.7692,"Poretics","0.22um",-80,"environmental","25424c02_10c_eDNA_FD","NGS Illumina Miseq","MSU","AGGCATAATG",18,14.0783,2024,9,10,"MBTS 25424",10,"MiSeq","MBTS 25424 10"
"19","25424c02_09c_eDNA_FD",0.0539319653910991,-0.0579533918457786,0.00249449021836589,NA,"FD","25424c02_09c_eDNA_S19_L001_R1_001.fastq.gz","25424c02_09c_eDNA_S19_L001_R2_001.fastq.gz","Francisco Chavez",9,25424,"MBARI","Rachel Carson","ship",20.181,"Mooring1",2,NA,1.6478,36.7465,-122.0202,25.6007,20,4.0424,"marine biome  (ENVO:00000447)","coastal water (ENVO:00001250)","waterborne particulate matter (ENVO:01000436)",2024-09-10 16:26:00,0.2879,"USA:California:Monterey Bay","FD19",NA,19,"25424c02_09c_eDNA",20.332,"GTACACACCGCCCGTC","TGATCCTTCTGCAGGTTCACCTAC","PTLO","c",33.758,"Poretics","0.22um",-80,"environmental","25424c02_09c_eDNA_FD","NGS Illumina Miseq","MSU","GATCGGTAAT",18,12.1278,2024,9,10,"MBTS 25424",20,"MiSeq","MBTS 25424 20"
"20","25424c02_06c_eDNA_FD",-0.0706256995369825,0.000860571127262454,-0.0120251749266331,NA,"FD","25424c02_06c_eDNA_S20_L001_R1_001.fastq.gz","25424c02_06c_eDNA_S20_L001_R2_001.fastq.gz","Francisco Chavez",6,25424,"MBARI","Rachel Carson","ship",60.456,"Mooring1",2,NA,-0.0074,36.7465,-122.0202,26.0483,60,2.187,"marine biome  (ENVO:00000447)","coastal water (ENVO:00001250)","waterborne particulate matter (ENVO:01000436)",2024-09-10 16:26:00,0.1333,"USA:California:Monterey Bay","FD20",NA,20,"25424c02_06c_eDNA",60.914,"GTACACACCGCCCGTC","TGATCCTTCTGCAGGTTCACCTAC","PTLO","c",33.8969,"Poretics","0.22um",-80,"environmental","25424c02_06c_eDNA_FD","NGS Illumina Miseq","MSU","GCAACACGGA",18,10.2553,2024,9,10,"MBTS 25424",60,"MiSeq","MBTS 25424 60"
"21","25424c02_03c_eDNA_FD",-0.0700847375408038,0.0951930649248846,0.0214293209578365,NA,"FD","25424c02_03c_eDNA_S21_L001_R1_001.fastq.gz","25424c02_03c_eDNA_S21_L001_R2_001.fastq.gz","Francisco Chavez",3,25424,"MBARI","Rachel Carson","ship",150.486,"Mooring1",2,NA,-0.0498,36.7465,-122.0202,26.2959,150,1.4903,"marine biome  (ENVO:00000447)","coastal water (ENVO:00001250)","waterborne particulate matter (ENVO:01000436)",2024-09-10 16:26:00,0.1293,"USA:California:Monterey Bay","FD21",NA,21,"25424c02_03c_eDNA",151.659,"GTACACACCGCCCGTC","TGATCCTTCTGCAGGTTCACCTAC","PTLO","c",34.0379,"Poretics","0.22um",-80,"environmental","25424c02_03c_eDNA_FD","NGS Illumina Miseq","MSU","GAACGTTCGG",18,9.4442,2024,9,10,"MBTS 25424",150,"MiSeq","MBTS 25424 150"
"22","25424c03_12c_eDNA_FD",0.114454682731614,-0.0446214827584378,-0.0448710009505474,NA,"FD","25424c03_12c_eDNA_S22_L001_R1_001.fastq.gz","25424c03_12c_eDNA_S22_L001_R2_001.fastq.gz","Francisco Chavez",12,25424,"MBARI","Rachel Carson","ship",2.626,"Mooring2",3,NA,4.8098,36.695,-122.3813,25.1923,0,6.5254,"marine biome  (ENVO:00000447)","coastal water (ENVO:00001250)","waterborne particulate matter (ENVO:01000436)",2024-09-10 19:04:00,0.5831,"USA:California:Monterey Bay","FD22",NA,22,"25424c03_12c_eDNA",2.646,"GTACACACCGCCCGTC","TGATCCTTCTGCAGGTTCACCTAC","PTLO","c",33.6627,"Poretics","0.22um",-80,"environmental","25424c03_12c_eDNA_FD","NGS Illumina Miseq","MSU","TGCTGAACGC",18,13.8142,2024,9,10,"MBTS 25424",0,"MiSeq","MBTS 25424 0"
"23","25424c03_10c_eDNA_FD",0.0403965755595462,-0.0466242782835353,0.0911014363796605,NA,"FD","25424c03_10c_eDNA_S23_L001_R1_001.fastq.gz","25424c03_10c_eDNA_S23_L001_R2_001.fastq.gz","Francisco Chavez",10,25424,"MBARI","Rachel Carson","ship",10.316,"Mooring2",3,NA,6.4959,36.695,-122.3813,25.4318,10,5.4528,"marine biome  (ENVO:00000447)","coastal water (ENVO:00001250)","waterborne particulate matter (ENVO:01000436)",2024-09-10 19:04:00,0.7405,"USA:California:Monterey Bay","FD23",NA,23,"25424c03_10c_eDNA",10.392,"GTACACACCGCCCGTC","TGATCCTTCTGCAGGTTCACCTAC","PTLO","c",33.7459,"Poretics","0.22um",-80,"environmental","25424c03_10c_eDNA_FD","NGS Illumina Miseq","MSU","TTAGACCACA",18,12.9488,2024,9,10,"MBTS 25424",10,"MiSeq","MBTS 25424 10"
"24","25424c03_09c_eDNA_FD",0.0122940334521072,-0.0634141256812857,0.0449580221543558,NA,"FD","25424c03_09c_eDNA_S24_L001_R1_001.fastq.gz","25424c03_09c_eDNA_S24_L001_R2_001.fastq.gz","Francisco Chavez",9,25424,"MBARI","Rachel Carson","ship",20.289,"Mooring2",3,NA,0.6123,36.695,-122.3813,25.56,20,4.4551,"marine biome  (ENVO:00000447)","coastal water (ENVO:00001250)","waterborne particulate matter (ENVO:01000436)",2024-09-10 19:04:00,0.1912,"USA:California:Monterey Bay","FD24",NA,24,"25424c03_09c_eDNA",20.441,"GTACACACCGCCCGTC","TGATCCTTCTGCAGGTTCACCTAC","PTLO","c",33.6052,"Poretics","0.22um",-80,"environmental","25424c03_09c_eDNA_FD","NGS Illumina Miseq","MSU","CCATAAGCCA",18,11.7133,2024,9,10,"MBTS 25424",20,"MiSeq","MBTS 25424 20"
"25","25424c03_06c_eDNA_FD",-0.0611619786419164,0.0227106728603788,0.0428541738469872,NA,"FD","25424c03_06c_eDNA_S25_L001_R1_001.fastq.gz","25424c03_06c_eDNA_S25_L001_R2_001.fastq.gz","Francisco Chavez",6,25424,"MBARI","Rachel Carson","ship",60.038,"Mooring2",3,NA,-0.0354,36.695,-122.3813,26.0261,60,2.0215,"marine biome  (ENVO:00000447)","coastal water (ENVO:00001250)","waterborne particulate matter (ENVO:01000436)",2024-09-10 19:04:00,0.1307,"USA:California:Monterey Bay","FD25",NA,25,"25424c03_06c_eDNA",60.493,"GTACACACCGCCCGTC","TGATCCTTCTGCAGGTTCACCTAC","PTLO","c",33.8599,"Poretics","0.22um",-80,"environmental","25424c03_06c_eDNA_FD","NGS Illumina Miseq","MSU","ATGGCTTCTA",18,10.2163,2024,9,10,"MBTS 25424",60,"MiSeq","MBTS 25424 60"
"26","25424c03_03c_eDNA_FD",-0.0348457726021828,0.0513243826874717,0.0176772180103927,NA,"FD","25424c03_03c_eDNA_S26_L001_R1_001.fastq.gz","25424c03_03c_eDNA_S26_L001_R2_001.fastq.gz","Francisco Chavez",3,25424,"MBARI","Rachel Carson","ship",149.85,"Mooring2",3,NA,-0.0634,36.695,-122.3813,26.2385,150,1.5513,"marine biome  (ENVO:00000447)","coastal water (ENVO:00001250)","waterborne particulate matter (ENVO:01000436)",2024-09-10 19:04:00,0.1281,"USA:California:Monterey Bay","FD26",NA,26,"25424c03_03c_eDNA",151.017,"GTACACACCGCCCGTC","TGATCCTTCTGCAGGTTCACCTAC","PTLO","c",34.0117,"Poretics","0.22um",-80,"environmental","25424c03_03c_eDNA_FD","NGS Illumina Miseq","MSU","CAACAGTGGA",18,9.6688,2024,9,10,"MBTS 25424",150,"MiSeq","MBTS 25424 150"
"27","22624c01_12c_eDNA_FD",0.105717770771262,-0.0346894094079106,-0.09740422211219,NA,"FD","22624c01_12c_eDNA_S27_L001_R1_001.fastq.gz","22624c01_12c_eDNA_S27_L001_R2_001.fastq.gz","Francisco Chavez",12,22624,"MBARI","RACHEL CARSON","ship",3.164,"C1",1,NA,8.941,36.7973,-121.847,25.6757,0,5.5359,"marine biome  (ENVO:00000447)","coastal water (ENVO:00001250)","waterborne particulate matter (ENVO:01000436)",2024-08-13 15:53:00,0.9688,"USA:California:Monterey Bay","FD27",NA,27,"22624c01_12c_eDNA",3.187,"GTACACACCGCCCGTC","TGATCCTTCTGCAGGTTCACCTAC","PTLO","c",33.8171,"Poretics","0.22um",-80,"environmental","22624c01_12c_eDNA_FD","NGS Illumina Miseq","MSU","ACGATGCAAC",18,11.9723,2024,8,13,"MBTS 22624",0,"MiSeq","MBTS 22624 0"
"28","22624c01_10c_eDNA_FD",0.0132263602095068,-0.0439627616095175,0.164115990108464,NA,"FD","22624c01_10c_eDNA_S28_L001_R1_001.fastq.gz","22624c01_10c_eDNA_S28_L001_R2_001.fastq.gz","Francisco Chavez",10,22624,"MBARI","RACHEL CARSON","ship",11.021,"C1",1,NA,5.9354,36.7973,-121.847,25.7897,10,4.1396,"marine biome  (ENVO:00000447)","coastal water (ENVO:00001250)","waterborne particulate matter (ENVO:01000436)",2024-08-13 15:53:00,0.6882,"USA:California:Monterey Bay","FD28",NA,28,"22624c01_10c_eDNA",11.103,"GTACACACCGCCCGTC","TGATCCTTCTGCAGGTTCACCTAC","PTLO","c",33.8282,"Poretics","0.22um",-80,"environmental","22624c01_10c_eDNA_FD","NGS Illumina Miseq","MSU","TCACTTCGCA",18,11.4065,2024,8,13,"MBTS 22624",10,"MiSeq","MBTS 22624 10"
"29","22624c01_09c_eDNA_FD",-0.0378723127755028,-0.025258876628688,0.180651828773812,NA,"FD","22624c01_09c_eDNA_S29_L001_R1_001.fastq.gz","22624c01_09c_eDNA_S29_L001_R2_001.fastq.gz","Francisco Chavez",9,22624,"MBARI","RACHEL CARSON","ship",20.8,"C1",1,NA,0.1589,36.7973,-121.847,26.0656,20,2.1549,"marine biome  (ENVO:00000447)","coastal water (ENVO:00001250)","waterborne particulate matter (ENVO:01000436)",2024-08-13 15:53:00,0.1488,"USA:California:Monterey Bay","FD29",NA,29,"22624c01_09c_eDNA",20.955,"GTACACACCGCCCGTC","TGATCCTTCTGCAGGTTCACCTAC","PTLO","c",33.8705,"Poretics","0.22um",-80,"environmental","22624c01_09c_eDNA_FD","NGS Illumina Miseq","MSU","AACGCCATTC",18,10.0285,2024,8,13,"MBTS 22624",20,"MiSeq","MBTS 22624 20"
"30","22624c01_06c_eDNA_FD",-0.06397277920963,0.055664866593086,0.0955267887338001,NA,"FD","22624c01_06c_eDNA_S30_L001_R1_001.fastq.gz","22624c01_06c_eDNA_S30_L001_R2_001.fastq.gz","Francisco Chavez",6,22624,"MBARI","RACHEL CARSON","ship",61.245,"C1",1,NA,-0.0148,36.7973,-121.847,26.2464,60,1.5823,"marine biome  (ENVO:00000447)","coastal water (ENVO:00001250)","waterborne particulate matter (ENVO:01000436)",2024-08-13 15:53:00,0.1326,"USA:California:Monterey Bay","FD30",NA,30,"22624c01_06c_eDNA",61.709,"GTACACACCGCCCGTC","TGATCCTTCTGCAGGTTCACCTAC","PTLO","c",33.9986,"Poretics","0.22um",-80,"environmental","22624c01_06c_eDNA_FD","NGS Illumina Miseq","MSU","CTTCCTAGGC",18,9.5484,2024,8,13,"MBTS 22624",60,"MiSeq","MBTS 22624 60"
"31","22624c01_03c_eDNA_FD",-0.05644551851993,0.0627913349182976,0.0564612205836906,NA,"FD","22624c01_03c_eDNA_S31_L001_R1_001.fastq.gz","22624c01_03c_eDNA_S31_L001_R2_001.fastq.gz","Francisco Chavez",3,22624,"MBARI","RACHEL CARSON","ship",150.604,"C1",1,NA,-0.037,36.7973,-121.847,26.437,150,1.3372,"marine biome  (ENVO:00000447)","coastal water (ENVO:00001250)","waterborne particulate matter (ENVO:01000436)",2024-08-13 15:53:00,0.1305,"USA:California:Monterey Bay","FD31",NA,31,"22624c01_03c_eDNA",151.779,"GTACACACCGCCCGTC","TGATCCTTCTGCAGGTTCACCTAC","PTLO","c",34.0616,"Poretics","0.22um",-80,"environmental","22624c01_03c_eDNA_FD","NGS Illumina Miseq","MSU","CGTAGACGTG",18,8.674,2024,8,13,"MBTS 22624",150,"MiSeq","MBTS 22624 150"
"32","22624c02_12c_eDNA_FD",0.119808685903102,-0.028360019910055,-0.0691233562226753,NA,"FD","22624c02_12c_eDNA_S32_L001_R1_001.fastq.gz","22624c02_12c_eDNA_S32_L001_R2_001.fastq.gz","Francisco Chavez",12,22624,"MBARI","RACHEL CARSON","ship",2.958,"MOORING1",2,NA,1.4298,36.7472,-122.0217,25.4541,0,5.5156,"marine biome  (ENVO:00000447)","coastal water (ENVO:00001250)","waterborne particulate matter (ENVO:01000436)",2024-08-13 17:36:00,0.2675,"USA:California:Monterey Bay","FD32",NA,32,"22624c02_12c_eDNA",2.979,"GTACACACCGCCCGTC","TGATCCTTCTGCAGGTTCACCTAC","PTLO","c",33.7542,"Poretics","0.22um",-80,"environmental","22624c02_12c_eDNA_FD","NGS Illumina Miseq","MSU","GTGCCTCTGA",18,12.8679,2024,8,13,"MBTS 22624",0,"MiSeq","MBTS 22624 0"
"33","22624c02_10c_eDNA_FD",0.11546441840646,-0.0340960455715949,0.0315194039865323,NA,"FD","22624c02_10c_eDNA_S33_L001_R1_001.fastq.gz","22624c02_10c_eDNA_S33_L001_R2_001.fastq.gz","Francisco Chavez",10,22624,"MBARI","RACHEL CARSON","ship",10.591,"MOORING1",2,NA,5.1999,36.7472,-122.0217,25.5357,10,5.446,"marine biome  (ENVO:00000447)","coastal water (ENVO:00001250)","waterborne particulate matter (ENVO:01000436)",2024-08-13 17:36:00,0.6195,"USA:California:Monterey Bay","FD33",NA,33,"22624c02_10c_eDNA",10.67,"GTACACACCGCCCGTC","TGATCCTTCTGCAGGTTCACCTAC","PTLO","c",33.7655,"Poretics","0.22um",-80,"environmental","22624c02_10c_eDNA_FD","NGS Illumina Miseq","MSU","TACCTAAGTG",18,12.4964,2024,8,13,"MBTS 22624",10,"MiSeq","MBTS 22624 10"
"34","22624c02_09c_eDNA_FD",0.0991339098854564,-0.0423354993928273,0.0553252124300898,NA,"FD","22624c02_09c_eDNA_S34_L001_R1_001.fastq.gz","22624c02_09c_eDNA_S34_L001_R2_001.fastq.gz","Francisco Chavez",9,22624,"MBARI","RACHEL CARSON","ship",20.485,"MOORING1",2,NA,7.9923,36.7472,-122.0217,25.6475,20,5.0903,"marine biome  (ENVO:00000447)","coastal water (ENVO:00001250)","waterborne particulate matter (ENVO:01000436)",2024-08-13 17:36:00,0.8802,"USA:California:Monterey Bay","FD34",NA,34,"22624c02_09c_eDNA",20.638,"GTACACACCGCCCGTC","TGATCCTTCTGCAGGTTCACCTAC","PTLO","c",33.8058,"Poretics","0.22um",-80,"environmental","22624c02_09c_eDNA_FD","NGS Illumina Miseq","MSU","TGTCGTTAAG",18,12.0772,2024,8,13,"MBTS 22624",20,"MiSeq","MBTS 22624 20"
"35","22624c02_06c_eDNA_FD",-0.0267602250917744,-0.00139865820258467,0.0998104473541258,NA,"FD","22624c02_06c_eDNA_S35_L001_R1_001.fastq.gz","22624c02_06c_eDNA_S35_L001_R2_001.fastq.gz","Francisco Chavez",6,22624,"MBARI","RACHEL CARSON","ship",60.306,"MOORING1",2,NA,0.0775,36.7472,-122.0217,26.0722,60,2.2572,"marine biome  (ENVO:00000447)","coastal water (ENVO:00001250)","waterborne particulate matter (ENVO:01000436)",2024-08-13 17:36:00,0.1412,"USA:California:Monterey Bay","FD35",NA,35,"22624c02_06c_eDNA",60.763,"GTACACACCGCCCGTC","TGATCCTTCTGCAGGTTCACCTAC","PTLO","c",33.8953,"Poretics","0.22um",-80,"environmental","22624c02_06c_eDNA_FD","NGS Illumina Miseq","MSU","AACGTCCAGT",18,10.1082,2024,8,13,"MBTS 22624",60,"MiSeq","MBTS 22624 60"
"36","22624c02_03c_eDNA_FD",-0.022033972918545,0.0929010586960986,-0.0468855853134065,NA,"FD","22624c02_03c_eDNA_S36_L001_R1_001.fastq.gz","22624c02_03c_eDNA_S36_L001_R2_001.fastq.gz","Francisco Chavez",3,22624,"MBARI","RACHEL CARSON","ship",150.696,"MOORING1",2,NA,-0.0698,36.7472,-122.0217,26.3675,150,1.588,"marine biome  (ENVO:00000447)","coastal water (ENVO:00001250)","waterborne particulate matter (ENVO:01000436)",2024-08-13 17:36:00,0.1275,"USA:California:Monterey Bay","FD36",NA,36,"22624c02_03c_eDNA",151.871,"GTACACACCGCCCGTC","TGATCCTTCTGCAGGTTCACCTAC","PTLO","c",34.1,"Poretics","0.22um",-80,"environmental","22624c02_03c_eDNA_FD","NGS Illumina Miseq","MSU","AATAGCTGTG",18,9.3023,2024,8,13,"MBTS 22624",150,"MiSeq","MBTS 22624 150"
"37","22624c03_12c_eDNA_FD",0.116279040721985,-0.0291639613853395,0.0614872404272465,NA,"FD","22624c03_12c_eDNA_S37_L001_R1_001.fastq.gz","22624c03_12c_eDNA_S37_L001_R2_001.fastq.gz","Francisco Chavez",12,22624,"MBARI","RACHEL CARSON","ship",3.292,"MOORING2",3,NA,1.125,36.6968,-122.3775,25.3035,0,5.7844,"marine biome  (ENVO:00000447)","coastal water (ENVO:00001250)","waterborne particulate matter (ENVO:01000436)",2024-08-13 20:07:00,0.239,"USA:California:Monterey Bay","FD37",NA,37,"22624c03_12c_eDNA",3.316,"GTACACACCGCCCGTC","TGATCCTTCTGCAGGTTCACCTAC","PTLO","c",33.72,"Poretics","0.22um",-80,"environmental","22624c03_12c_eDNA_FD","NGS Illumina Miseq","MSU","TCCTGAACTT",18,13.4873,2024,8,13,"MBTS 22624",0,"MiSeq","MBTS 22624 0"
"38","22624c03_10c_eDNA_FD",0.0928149971090849,-0.0321947005261361,0.0815810555850446,NA,"FD","22624c03_10c_eDNA_S38_L001_R1_001.fastq.gz","22624c03_10c_eDNA_S38_L001_R2_001.fastq.gz","Francisco Chavez",10,22624,"MBARI","RACHEL CARSON","ship",10.795,"MOORING2",3,NA,4.4473,36.6968,-122.3775,25.4209,10,5.9201,"marine biome  (ENVO:00000447)","coastal water (ENVO:00001250)","waterborne particulate matter (ENVO:01000436)",2024-08-13 20:07:00,0.5493,"USA:California:Monterey Bay","FD38",NA,38,"22624c03_10c_eDNA",10.875,"GTACACACCGCCCGTC","TGATCCTTCTGCAGGTTCACCTAC","PTLO","c",33.7393,"Poretics","0.22um",-80,"environmental","22624c03_10c_eDNA_FD","NGS Illumina Miseq","MSU","CGTTGGTAAC",18,12.9779,2024,8,13,"MBTS 22624",10,"MiSeq","MBTS 22624 10"
"39","22624c03_09c_eDNA_FD",0.0899040097230762,-0.0322311202795139,0.110811151831144,NA,"FD","22624c03_09c_eDNA_S39_L001_R1_001.fastq.gz","22624c03_09c_eDNA_S39_L001_R2_001.fastq.gz","Francisco Chavez",9,22624,"MBARI","RACHEL CARSON","ship",20.375,"MOORING2",3,NA,4.0849,36.6968,-122.3775,25.4515,20,5.5692,"marine biome  (ENVO:00000447)","coastal water (ENVO:00001250)","waterborne particulate matter (ENVO:01000436)",2024-08-13 20:07:00,0.5154,"USA:California:Monterey Bay","FD39",NA,39,"22624c03_09c_eDNA",20.527,"GTACACACCGCCCGTC","TGATCCTTCTGCAGGTTCACCTAC","PTLO","c",33.7369,"Poretics","0.22um",-80,"environmental","22624c03_09c_eDNA_FD","NGS Illumina Miseq","MSU","TCACTGGACT",18,12.8153,2024,8,13,"MBTS 22624",20,"MiSeq","MBTS 22624 20"
"40","22624c03_06c_eDNA_FD",-0.00623939695447556,0.0216416685574158,0.0264094959918948,NA,"FD","22624c03_06c_eDNA_S40_L001_R1_001.fastq.gz","22624c03_06c_eDNA_S40_L001_R2_001.fastq.gz","Francisco Chavez",6,22624,"MBARI","RACHEL CARSON","ship",60.383,"MOORING2",3,NA,0.0159,36.6968,-122.3775,26.0543,60,2.3923,"marine biome  (ENVO:00000447)","coastal water (ENVO:00001250)","waterborne particulate matter (ENVO:01000436)",2024-08-13 20:07:00,0.1355,"USA:California:Monterey Bay","FD40",NA,40,"22624c03_06c_eDNA",60.84,"GTACACACCGCCCGTC","TGATCCTTCTGCAGGTTCACCTAC","PTLO","c",33.8559,"Poretics","0.22um",-80,"environmental","22624c03_06c_eDNA_FD","NGS Illumina Miseq","MSU","TAGCCTAGCG",18,10.0319,2024,8,13,"MBTS 22624",60,"MiSeq","MBTS 22624 60"
"41","22624c03_03c_eDNA_FD",-0.0166368761398963,0.12646255398187,0.0541903102515334,NA,"FD","22624c03_03c_eDNA_S41_L001_R1_001.fastq.gz","22624c03_03c_eDNA_S41_L001_R2_001.fastq.gz","Francisco Chavez",3,22624,"MBARI","RACHEL CARSON","ship",150.793,"MOORING2",3,NA,-0.0733,36.6968,-122.3775,26.411,150,1.5728,"marine biome  (ENVO:00000447)","coastal water (ENVO:00001250)","waterborne particulate matter (ENVO:01000436)",2024-08-13 20:07:00,0.1272,"USA:California:Monterey Bay","FD41",NA,41,"22624c03_03c_eDNA",151.969,"GTACACACCGCCCGTC","TGATCCTTCTGCAGGTTCACCTAC","PTLO","c",34.1293,"Poretics","0.22um",-80,"environmental","22624c03_03c_eDNA_FD","NGS Illumina Miseq","MSU","CCTTACCTAT",18,9.1746,2024,8,13,"MBTS 22624",150,"MiSeq","MBTS 22624 150"
"42","20524c02_12c_eDNA_FD",0.11221129162727,-0.0524128843679741,-0.0487750537084112,NA,"FD","20524c02_12c_eDNA_S42_L001_R1_001.fastq.gz","20524c02_12c_eDNA_S42_L001_R2_001.fastq.gz","Francisco Chavez",12,20524,"MBARI","RACHEL CARSON","ship",2.817,"MOORING 1",2,NA,3.7425,36.7477,-122.0225,25.2873,0,6.8747,"marine biome  (ENVO:00000447)","coastal water (ENVO:00001250)","waterborne particulate matter (ENVO:01000436)",2024-07-23 17:30:00,0.4834,"USA:California:Monterey Bay","FD42",NA,42,"20524c02_12c_eDNA",2.838,"GTACACACCGCCCGTC","TGATCCTTCTGCAGGTTCACCTAC","PTLO","c",33.6997,"Poretics","0.22um",-80,"environmental","20524c02_12c_eDNA_FD","NGS Illumina Miseq","MSU","AGCTCGAGGA",18,13.4898,2024,7,23,"MBTS 20524",0,"MiSeq","MBTS 20524 0"
"43","20524c02_10c_eDNA_FD",0.065688962876765,-0.055413253412606,0.0814904743212005,NA,"FD","20524c02_10c_eDNA_S43_L001_R1_001.fastq.gz","20524c02_10c_eDNA_S43_L001_R2_001.fastq.gz","Francisco Chavez",10,20524,"MBARI","RACHEL CARSON","ship",10.958,"MOORING 1",2,NA,4.9072,36.7477,-122.0225,25.4425,10,5.3319,"marine biome  (ENVO:00000447)","coastal water (ENVO:00001250)","waterborne particulate matter (ENVO:01000436)",2024-07-23 17:30:00,0.5922,"USA:California:Monterey Bay","FD43",NA,43,"20524c02_10c_eDNA",11.04,"GTACACACCGCCCGTC","TGATCCTTCTGCAGGTTCACCTAC","PTLO","c",33.6948,"Poretics","0.22um",-80,"environmental","20524c02_10c_eDNA_FD","NGS Illumina Miseq","MSU","ACACGAACAA",18,12.6933,2024,7,23,"MBTS 20524",10,"MiSeq","MBTS 20524 10"
"44","20524c02_09c_eDNA_FD",0.0186314996127747,-0.0538807609319017,0.117897832462724,NA,"FD","20524c02_09c_eDNA_S44_L001_R1_001.fastq.gz","20524c02_09c_eDNA_S44_L001_R2_001.fastq.gz","Francisco Chavez",9,20524,"MBARI","RACHEL CARSON","ship",20.77,"MOORING 1",2,NA,0.5323,36.7477,-122.0225,25.8104,20,3.7582,"marine biome  (ENVO:00000447)","coastal water (ENVO:00001250)","waterborne particulate matter (ENVO:01000436)",2024-07-23 17:30:00,0.1837,"USA:California:Monterey Bay","FD44",NA,44,"20524c02_09c_eDNA",20.925,"GTACACACCGCCCGTC","TGATCCTTCTGCAGGTTCACCTAC","PTLO","c",33.7688,"Poretics","0.22um",-80,"environmental","20524c02_09c_eDNA_FD","NGS Illumina Miseq","MSU","GAACACTATC",18,11.0379,2024,7,23,"MBTS 20524",20,"MiSeq","MBTS 20524 20"
"45","20524c02_06c_eDNA_FD",-0.0380000992806753,-0.00798292961959637,0.0515752925479291,NA,"FD","20524c02_06c_eDNA_S45_L001_R1_001.fastq.gz","20524c02_06c_eDNA_S45_L001_R2_001.fastq.gz","Francisco Chavez",6,20524,"MBARI","RACHEL CARSON","ship",60.98,"MOORING 1",2,NA,-0.0533,36.7477,-122.0225,26.1549,60,2.2115,"marine biome  (ENVO:00000447)","coastal water (ENVO:00001250)","waterborne particulate matter (ENVO:01000436)",2024-07-23 17:30:00,0.129,"USA:California:Monterey Bay","FD45",NA,45,"20524c02_06c_eDNA",61.442,"GTACACACCGCCCGTC","TGATCCTTCTGCAGGTTCACCTAC","PTLO","c",33.8968,"Poretics","0.22um",-80,"environmental","20524c02_06c_eDNA_FD","NGS Illumina Miseq","MSU","ACAATTGGTC",18,9.6213,2024,7,23,"MBTS 20524",60,"MiSeq","MBTS 20524 60"
"46","20524c02_03c_eDNA_FD",-0.0813640639520801,0.0246857027174471,0.0904662554782591,NA,"FD","20524c02_03c_eDNA_S46_L001_R1_001.fastq.gz","20524c02_03c_eDNA_S46_L001_R2_001.fastq.gz","Francisco Chavez",3,20524,"MBARI","RACHEL CARSON","ship",151.117,"MOORING 1",2,NA,-0.0525,36.7477,-122.0225,26.3877,150,1.5514,"marine biome  (ENVO:00000447)","coastal water (ENVO:00001250)","waterborne particulate matter (ENVO:01000436)",2024-07-23 17:30:00,0.1291,"USA:California:Monterey Bay","FD46",NA,46,"20524c02_03c_eDNA",152.295,"GTACACACCGCCCGTC","TGATCCTTCTGCAGGTTCACCTAC","PTLO","c",34.057,"Poretics","0.22um",-80,"environmental","20524c02_03c_eDNA_FD","NGS Illumina Miseq","MSU","CTTGGTTCGT",18,8.9659,2024,7,23,"MBTS 20524",150,"MiSeq","MBTS 20524 150"
"47","20524c01_12c_eDNA_FD",0.13046897863291,-0.0465711744703675,-0.14413514445366,NA,"FD","20524c01_12c_eDNA_S47_L001_R1_001.fastq.gz","20524c01_12c_eDNA_S47_L001_R2_001.fastq.gz","Francisco Chavez",12,20524,"MBARI","RACHEL CARSON","ship",2.94,"C1",1,NA,2.8909,36.7985,-121.847,25.228,0,5.5433,"marine biome  (ENVO:00000447)","coastal water (ENVO:00001250)","waterborne particulate matter (ENVO:01000436)",2024-07-23 15:56:00,0.4039,"USA:California:Monterey Bay","FD47",NA,47,"20524c01_12c_eDNA",2.961,"GTACACACCGCCCGTC","TGATCCTTCTGCAGGTTCACCTAC","PTLO","c",33.7075,"Poretics","0.22um",-80,"environmental","20524c01_12c_eDNA_FD","NGS Illumina Miseq","MSU","GACCAAGCAT",18,13.8092,2024,7,23,"MBTS 20524",0,"MiSeq","MBTS 20524 0"
"48","20524c01_10c_eDNA_FD",0.0916467842038381,-0.0668635906797249,-0.0688212212061315,NA,"FD","20524c01_10c_eDNA_S48_L001_R1_001.fastq.gz","20524c01_10c_eDNA_S48_L001_R2_001.fastq.gz","Francisco Chavez",10,20524,"MBARI","RACHEL CARSON","ship",10.743,"C1",1,NA,2.4874,36.7985,-121.847,25.4306,10,4.9831,"marine biome  (ENVO:00000447)","coastal water (ENVO:00001250)","waterborne particulate matter (ENVO:01000436)",2024-07-23 15:56:00,0.3663,"USA:California:Monterey Bay","FD48",NA,48,"20524c01_10c_eDNA",10.823,"GTACACACCGCCCGTC","TGATCCTTCTGCAGGTTCACCTAC","PTLO","c",33.7481,"Poretics","0.22um",-80,"environmental","20524c01_10c_eDNA_FD","NGS Illumina Miseq","MSU","TGTTACGGTT",18,12.9636,2024,7,23,"MBTS 20524",10,"MiSeq","MBTS 20524 10"
"49","20524c01_09c_eDNA_FD",0.0340165766016179,-0.0631558580881118,0.0609660274534725,NA,"FD","20524c01_09c_eDNA_S49_L001_R1_001.fastq.gz","20524c01_09c_eDNA_S49_L001_R2_001.fastq.gz","Francisco Chavez",9,20524,"MBARI","RACHEL CARSON","ship",21.056,"C1",1,NA,0.5195,36.7985,-121.847,25.908,20,3.6565,"marine biome  (ENVO:00000447)","coastal water (ENVO:00001250)","waterborne particulate matter (ENVO:01000436)",2024-07-23 15:56:00,0.1825,"USA:California:Monterey Bay","FD49",NA,49,"20524c01_09c_eDNA",21.214,"GTACACACCGCCCGTC","TGATCCTTCTGCAGGTTCACCTAC","PTLO","c",33.8585,"Poretics","0.22um",-80,"environmental","20524c01_09c_eDNA_FD","NGS Illumina Miseq","MSU","ATATAAGGCG",18,10.8825,2024,7,23,"MBTS 20524",20,"MiSeq","MBTS 20524 20"
"50","20524c01_06c_eDNA_FD",-0.0650692364031631,0.070989292722139,0.0612846944142597,NA,"FD","20524c01_06c_eDNA_S50_L001_R1_001.fastq.gz","20524c01_06c_eDNA_S50_L001_R2_001.fastq.gz","Francisco Chavez",6,20524,"MBARI","RACHEL CARSON","ship",60.315,"C1",1,NA,0.0885,36.7985,-121.847,26.1061,60,2.5892,"marine biome  (ENVO:00000447)","coastal water (ENVO:00001250)","waterborne particulate matter (ENVO:01000436)",2024-07-23 15:56:00,0.1423,"USA:California:Monterey Bay","FD50",NA,50,"20524c01_06c_eDNA",60.772,"GTACACACCGCCCGTC","TGATCCTTCTGCAGGTTCACCTAC","PTLO","c",33.9089,"Poretics","0.22um",-80,"environmental","20524c01_06c_eDNA_FD","NGS Illumina Miseq","MSU","ACATTACTCG",18,9.971,2024,7,23,"MBTS 20524",60,"MiSeq","MBTS 20524 60"
"51","20524c01_03c_eDNA_FD",-0.0368747982799542,0.0676897800985973,-0.109082572969094,NA,"FD","20524c01_03c_eDNA_S51_L001_R1_001.fastq.gz","20524c01_03c_eDNA_S51_L001_R2_001.fastq.gz","Francisco Chavez",3,20524,"MBARI","RACHEL CARSON","ship",150.809,"C1",1,NA,0.0375,36.7985,-121.847,26.3209,150,1.9228,"marine biome  (ENVO:00000447)","coastal water (ENVO:00001250)","waterborne particulate matter (ENVO:01000436)",2024-07-23 15:56:00,0.1375,"USA:California:Monterey Bay","FD51",NA,51,"20524c01_03c_eDNA",151.985,"GTACACACCGCCCGTC","TGATCCTTCTGCAGGTTCACCTAC","PTLO","c",34.0013,"Poretics","0.22um",-80,"environmental","20524c01_03c_eDNA_FD","NGS Illumina Miseq","MSU","CTCAGTCCGT",18,9.1118,2024,7,23,"MBTS 20524",150,"MiSeq","MBTS 20524 150"
"52","20524c03_12c_eDNA_FD",0.106867113640443,-0.0452294946473424,-0.183742470373216,NA,"FD","20524c03_12c_eDNA_S52_L001_R1_001.fastq.gz","20524c03_12c_eDNA_S52_L001_R2_001.fastq.gz","Francisco Chavez",12,20524,"MBARI","RACHEL CARSON","ship",2.759,"MOORING 2",3,NA,10.9805,36.6982,-122.378,25.0906,0,9.0136,"marine biome  (ENVO:00000447)","coastal water (ENVO:00001250)","waterborne particulate matter (ENVO:01000436)",2024-07-23 20:06:00,1.1592,"USA:California:Monterey Bay","FD52",NA,52,"20524c03_12c_eDNA",2.779,"GTACACACCGCCCGTC","TGATCCTTCTGCAGGTTCACCTAC","PTLO","c",33.7366,"Poretics","0.22um",-80,"environmental","20524c03_12c_eDNA_FD","NGS Illumina Miseq","MSU","CTGGTAGCTA",18,14.571,2024,7,23,"MBTS 20524",0,"MiSeq","MBTS 20524 0"
"53","20524c03_10c_eDNA_FD",0.10825979653036,-0.0659745992130808,-0.0470680880221227,NA,"FD","20524c03_10c_eDNA_S53_L001_R1_001.fastq.gz","20524c03_10c_eDNA_S53_L001_R2_001.fastq.gz","Francisco Chavez",10,20524,"MBARI","RACHEL CARSON","ship",10.778,"MOORING 2",3,NA,3.3014,36.6982,-122.378,25.3853,10,5.9974,"marine biome  (ENVO:00000447)","coastal water (ENVO:00001250)","waterborne particulate matter (ENVO:01000436)",2024-07-23 20:06:00,0.4423,"USA:California:Monterey Bay","FD53",NA,53,"20524c03_10c_eDNA",10.859,"GTACACACCGCCCGTC","TGATCCTTCTGCAGGTTCACCTAC","PTLO","c",33.7419,"Poretics","0.22um",-80,"environmental","20524c03_10c_eDNA_FD","NGS Illumina Miseq","MSU","GTCACAGACA",18,13.167,2024,7,23,"MBTS 20524",10,"MiSeq","MBTS 20524 10"
"54","20524c03_09c_eDNA_FD",0.0745760716168555,-0.0800584214508681,-0.0237653093401146,NA,"FD","20524c03_09c_eDNA_S54_L001_R1_001.fastq.gz","20524c03_09c_eDNA_S54_L001_R2_001.fastq.gz","Francisco Chavez",9,20524,"MBARI","RACHEL CARSON","ship",21.702,"MOORING 2",3,NA,1.5942,36.6982,-122.378,25.5046,20,5.0864,"marine biome  (ENVO:00000447)","coastal water (ENVO:00001250)","waterborne particulate matter (ENVO:01000436)",2024-07-23 20:06:00,0.2828,"USA:California:Monterey Bay","FD54",NA,54,"20524c03_09c_eDNA",21.864,"GTACACACCGCCCGTC","TGATCCTTCTGCAGGTTCACCTAC","PTLO","c",33.7287,"Poretics","0.22um",-80,"environmental","20524c03_09c_eDNA_FD","NGS Illumina Miseq","MSU","GACTTGCGTG",18,12.5109,2024,7,23,"MBTS 20524",20,"MiSeq","MBTS 20524 20"
"55","20524c03_06c_eDNA_FD",-0.0498158438762549,0.0216799845817759,0.0837567801712898,NA,"FD","20524c03_06c_eDNA_S55_L001_R1_001.fastq.gz","20524c03_06c_eDNA_S55_L001_R2_001.fastq.gz","Francisco Chavez",6,20524,"MBARI","RACHEL CARSON","ship",60.883,"MOORING 2",3,NA,-0.002,36.6982,-122.378,26.02,60,2.6047,"marine biome  (ENVO:00000447)","coastal water (ENVO:00001250)","waterborne particulate matter (ENVO:01000436)",2024-07-23 20:06:00,0.1338,"USA:California:Monterey Bay","FD55",NA,55,"20524c03_06c_eDNA",61.345,"GTACACACCGCCCGTC","TGATCCTTCTGCAGGTTCACCTAC","PTLO","c",33.813,"Poretics","0.22um",-80,"environmental","20524c03_06c_eDNA_FD","NGS Illumina Miseq","MSU","GCGAGTATCA",18,10.0372,2024,7,23,"MBTS 20524",60,"MiSeq","MBTS 20524 60"
"56","20524c03_03c_eDNA_FD",-0.0683734603478844,0.112237888089124,-0.0288285792514661,NA,"FD","20524c03_03c_eDNA_S56_L001_R1_001.fastq.gz","20524c03_03c_eDNA_S56_L001_R2_001.fastq.gz","Francisco Chavez",3,20524,"MBARI","RACHEL CARSON","ship",150.594,"MOORING 2",3,NA,-0.0631,36.6982,-122.378,26.3322,150,1.635,"marine biome  (ENVO:00000447)","coastal water (ENVO:00001250)","waterborne particulate matter (ENVO:01000436)",2024-07-23 20:06:00,0.1281,"USA:California:Monterey Bay","FD56",NA,56,"20524c03_03c_eDNA",151.768,"GTACACACCGCCCGTC","TGATCCTTCTGCAGGTTCACCTAC","PTLO","c",34.0385,"Poretics","0.22um",-80,"environmental","20524c03_03c_eDNA_FD","NGS Illumina Miseq","MSU","TCATACCAAG",18,9.2232,2024,7,23,"MBTS 20524",150,"MiSeq","MBTS 20524 150"
"57","17024c03_03c_eDNA_FD",0.0108783899283959,0.147964374104722,-0.0389885999824625,NA,"FD","17024c03_03c_eDNA_S57_L001_R1_001.fastq.gz","17024c03_03c_eDNA_S57_L001_R2_001.fastq.gz","Francisco Chavez",3,17024,"MBARI","RACHEL CARSON","ship",151.154,"MOORING 2",3,NA,-0.0711,36.6942,-122.3785,26.4364,150,2.0085,"marine biome  (ENVO:00000447)","coastal water (ENVO:00001250)","waterborne particulate matter (ENVO:01000436)",2024-06-18 19:25:00,0.1274,"USA:California:Monterey Bay","FD57",NA,57,"17024c03_03c_eDNA",152.332,"GTACACACCGCCCGTC","TGATCCTTCTGCAGGTTCACCTAC","PTLO","c",34.0072,"Poretics","0.22um",-80,"environmental","17024c03_03c_eDNA_FD","NGS Illumina Miseq","MSU","AGCATCGTGC",18,8.4001,2024,6,18,"MBTS 17024",150,"MiSeq","MBTS 17024 150"
"58","17024c03_06c_eDNA_FD",-0.0309691234577717,0.0853454523929541,0.0616194559642392,NA,"FD","17024c03_06c_eDNA_S58_L001_R1_001.fastq.gz","17024c03_06c_eDNA_S58_L001_R2_001.fastq.gz","Francisco Chavez",6,17024,"MBARI","RACHEL CARSON","ship",61.079,"MOORING 2",3,NA,-0.0199,36.6942,-122.3785,26.0472,60,2.6978,"marine biome  (ENVO:00000447)","coastal water (ENVO:00001250)","waterborne particulate matter (ENVO:01000436)",2024-06-18 19:25:00,0.1321,"USA:California:Monterey Bay","FD58",NA,58,"17024c03_06c_eDNA",61.542,"GTACACACCGCCCGTC","TGATCCTTCTGCAGGTTCACCTAC","PTLO","c",33.7522,"Poretics","0.22um",-80,"environmental","17024c03_06c_eDNA_FD","NGS Illumina Miseq","MSU","CATACCGCTG",18,9.5887,2024,6,18,"MBTS 17024",60,"MiSeq","MBTS 17024 60"
"59","17024c03_09c_eDNA_FD",0.0804218874548964,0.016555942369793,0.0401077473296058,NA,"FD","17024c03_09c_eDNA_S59_L001_R1_001.fastq.gz","17024c03_09c_eDNA_S59_L001_R2_001.fastq.gz","Francisco Chavez",9,17024,"MBARI","RACHEL CARSON","ship",22.058,"MOORING 2",3,NA,4.1052,36.6942,-122.3785,25.6959,20,5.3583,"marine biome  (ENVO:00000447)","coastal water (ENVO:00001250)","waterborne particulate matter (ENVO:01000436)",2024-06-18 19:25:00,0.5173,"USA:California:Monterey Bay","FD59",NA,59,"17024c03_09c_eDNA",22.223,"GTACACACCGCCCGTC","TGATCCTTCTGCAGGTTCACCTAC","PTLO","c",33.7405,"Poretics","0.22um",-80,"environmental","17024c03_09c_eDNA_FD","NGS Illumina Miseq","MSU","TATGACGGTG",18,11.5474,2024,6,18,"MBTS 17024",20,"MiSeq","MBTS 17024 20"
"60","17024c03_10c_eDNA_FD",0.0905173472255881,0.0122820626978184,0.0720728016194288,NA,"FD","17024c03_10c_eDNA_S60_L001_R1_001.fastq.gz","17024c03_10c_eDNA_S60_L001_R2_001.fastq.gz","Francisco Chavez",10,17024,"MBARI","RACHEL CARSON","ship",12.107,"MOORING 2",3,NA,4.3958,36.6942,-122.3785,25.6825,10,5.476,"marine biome  (ENVO:00000447)","coastal water (ENVO:00001250)","waterborne particulate matter (ENVO:01000436)",2024-06-18 19:25:00,0.5444,"USA:California:Monterey Bay","FD60",NA,60,"17024c03_10c_eDNA",12.197,"GTACACACCGCCCGTC","TGATCCTTCTGCAGGTTCACCTAC","PTLO","c",33.7404,"Poretics","0.22um",-80,"environmental","17024c03_10c_eDNA_FD","NGS Illumina Miseq","MSU","TGCGTGAGCA",18,11.6184,2024,6,18,"MBTS 17024",10,"MiSeq","MBTS 17024 10"
"61","17024c03_12c_eDNA_FD",0.0835107657216919,0.0265280765351913,0.102842781072936,NA,"FD","17024c03_12c_eDNA_S61_L001_R1_001.fastq.gz","17024c03_12c_eDNA_S61_L001_R2_001.fastq.gz","Francisco Chavez",12,17024,"MBARI","RACHEL CARSON","ship",3.253,"MOORING 2",3,NA,1.5232,36.6942,-122.3785,25.6768,0,5.529,"marine biome  (ENVO:00000447)","coastal water (ENVO:00001250)","waterborne particulate matter (ENVO:01000436)",2024-06-18 19:25:00,0.2762,"USA:California:Monterey Bay","FD61",NA,61,"17024c03_12c_eDNA",3.277,"GTACACACCGCCCGTC","TGATCCTTCTGCAGGTTCACCTAC","PTLO","c",33.7401,"Poretics","0.22um",-80,"environmental","17024c03_12c_eDNA_FD","NGS Illumina Miseq","MSU","GCCAATGTTC",18,11.6465,2024,6,18,"MBTS 17024",0,"MiSeq","MBTS 17024 0"
"62","17024c02_03c_eDNA_FD",-0.00239925082562594,0.139621415986033,-0.0760950405483226,NA,"FD","17024c02_03c_eDNA_S62_L001_R1_001.fastq.gz","17024c02_03c_eDNA_S62_L001_R2_001.fastq.gz","Francisco Chavez",3,17024,"MBARI","RACHEL CARSON","ship",151.895,"MOORING 1",2,NA,-0.0586,36.746,-122.0202,26.5569,150,1.3839,"marine biome  (ENVO:00000447)","coastal water (ENVO:00001250)","waterborne particulate matter (ENVO:01000436)",2024-06-18 16:32:00,0.1285,"USA:California:Monterey Bay","FD62",NA,62,"17024c02_03c_eDNA",153.079,"GTACACACCGCCCGTC","TGATCCTTCTGCAGGTTCACCTAC","PTLO","c",34.1188,"Poretics","0.22um",-80,"environmental","17024c02_03c_eDNA_FD","NGS Illumina Miseq","MSU","CTTCTCCAGC",18,8.1818,2024,6,18,"MBTS 17024",150,"MiSeq","MBTS 17024 150"
"63","17024c02_06c_eDNA_FD",-0.0319370965188262,0.0561166471678582,0.0546792022466959,NA,"FD","17024c02_06c_eDNA_S63_L001_R1_001.fastq.gz","17024c02_06c_eDNA_S63_L001_R2_001.fastq.gz","Francisco Chavez",6,17024,"MBARI","RACHEL CARSON","ship",60.941,"MOORING 1",2,NA,0.0506,36.746,-122.0202,26.2623,60,2.1372,"marine biome  (ENVO:00000447)","coastal water (ENVO:00001250)","waterborne particulate matter (ENVO:01000436)",2024-06-18 16:32:00,0.1387,"USA:California:Monterey Bay","FD63",NA,63,"17024c02_06c_eDNA",61.403,"GTACACACCGCCCGTC","TGATCCTTCTGCAGGTTCACCTAC","PTLO","c",33.9574,"Poretics","0.22um",-80,"environmental","17024c02_06c_eDNA_FD","NGS Illumina Miseq","MSU","CTCTCGATAA",18,9.253,2024,6,18,"MBTS 17024",60,"MiSeq","MBTS 17024 60"
"64","17024c02_09c_eDNA_FD",0.0471169325158688,-0.00671096791152184,0.0190231637292859,NA,"FD","17024c02_09c_eDNA_S64_L001_R1_001.fastq.gz","17024c02_09c_eDNA_S64_L001_R2_001.fastq.gz","Francisco Chavez",9,17024,"MBARI","RACHEL CARSON","ship",20.614,"MOORING 1",2,NA,0.9414,36.746,-122.0202,26.0365,20,3.612,"marine biome  (ENVO:00000447)","coastal water (ENVO:00001250)","waterborne particulate matter (ENVO:01000436)",2024-06-18 16:32:00,0.2219,"USA:California:Monterey Bay","FD64",NA,64,"17024c02_09c_eDNA",20.767,"GTACACACCGCCCGTC","TGATCCTTCTGCAGGTTCACCTAC","PTLO","c",33.8423,"Poretics","0.22um",-80,"environmental","17024c02_09c_eDNA_FD","NGS Illumina Miseq","MSU","CGGATCTACA",18,10.07,2024,6,18,"MBTS 17024",20,"MiSeq","MBTS 17024 20"
"65","17024c02_10c_eDNA_FD",0.0732398633668131,0.0092630232459275,0.048524580237662,NA,"FD","17024c02_10c_eDNA_S65_L001_R1_001.fastq.gz","17024c02_10c_eDNA_S65_L001_R2_001.fastq.gz","Francisco Chavez",10,17024,"MBARI","RACHEL CARSON","ship",10.885,"MOORING 1",2,NA,0.8851,36.746,-122.0202,26.0181,10,3.7566,"marine biome  (ENVO:00000447)","coastal water (ENVO:00001250)","waterborne particulate matter (ENVO:01000436)",2024-06-18 16:32:00,0.2166,"USA:California:Monterey Bay","FD65",NA,65,"17024c02_10c_eDNA",10.966,"GTACACACCGCCCGTC","TGATCCTTCTGCAGGTTCACCTAC","PTLO","c",33.8387,"Poretics","0.22um",-80,"environmental","17024c02_10c_eDNA_FD","NGS Illumina Miseq","MSU","CTGGCATATT",18,10.1609,2024,6,18,"MBTS 17024",10,"MiSeq","MBTS 17024 10"
"66","17024c02_12c_eDNA_FD",0.0873923407567474,-0.0289985805537168,0.076045196486544,NA,"FD","17024c02_12c_eDNA_S66_L001_R1_001.fastq.gz","17024c02_12c_eDNA_S66_L001_R2_001.fastq.gz","Francisco Chavez",12,17024,"MBARI","RACHEL CARSON","ship",3.006,"MOORING 1",2,NA,0.3006,36.746,-122.0202,25.7693,0,4.6399,"marine biome  (ENVO:00000447)","coastal water (ENVO:00001250)","waterborne particulate matter (ENVO:01000436)",2024-06-18 16:32:00,0.1621,"USA:California:Monterey Bay","FD66",NA,66,"17024c02_12c_eDNA",3.029,"GTACACACCGCCCGTC","TGATCCTTCTGCAGGTTCACCTAC","PTLO","c",33.7954,"Poretics","0.22um",-80,"environmental","17024c02_12c_eDNA_FD","NGS Illumina Miseq","MSU","TGCAAGTAGC",18,11.3775,2024,6,18,"MBTS 17024",0,"MiSeq","MBTS 17024 0"
"67","17024c01_03c_eDNA_FD",-0.0699081423165004,0.0837229552491346,0.0608252302913438,NA,"FD","17024c01_03c_eDNA_S67_L001_R1_001.fastq.gz","17024c01_03c_eDNA_S67_L001_R2_001.fastq.gz","Francisco Chavez",3,17024,"MBARI","RACHEL CARSON","ship",150.653,"C1",1,NA,0.0127,36.7982,-121.8468,26.5255,150,1.4072,"marine biome  (ENVO:00000447)","coastal water (ENVO:00001250)","waterborne particulate matter (ENVO:01000436)",2024-06-18 14:54:00,0.1352,"USA:California:Monterey Bay","FD67",32.027,67,"17024c01_03c_eDNA",151.829,"GTACACACCGCCCGTC","TGATCCTTCTGCAGGTTCACCTAC","PTLO","c",34.0735,"Poretics","0.22um",-80,"environmental","17024c01_03c_eDNA_FD","NGS Illumina Miseq","MSU","ACACAACTAC",18,8.1545,2024,6,18,"MBTS 17024",150,"MiSeq","MBTS 17024 150"
"68","17024c01_06c_eDNA_FD",-0.0685786763752767,0.0612817897474514,0.0304548087455105,NA,"FD","17024c01_06c_eDNA_S68_L001_R1_001.fastq.gz","17024c01_06c_eDNA_S68_L001_R2_001.fastq.gz","Francisco Chavez",6,17024,"MBARI","RACHEL CARSON","ship",59.956,"C1",1,NA,0.0823,36.7982,-121.8468,26.3147,60,1.8801,"marine biome  (ENVO:00000447)","coastal water (ENVO:00001250)","waterborne particulate matter (ENVO:01000436)",2024-06-18 14:54:00,0.1417,"USA:California:Monterey Bay","FD68",28.146,68,"17024c01_06c_eDNA",60.41,"GTACACACCGCCCGTC","TGATCCTTCTGCAGGTTCACCTAC","PTLO","c",33.9718,"Poretics","0.22um",-80,"environmental","17024c01_06c_eDNA_FD","NGS Illumina Miseq","MSU","TAGCACACTT",18,8.9956,2024,6,18,"MBTS 17024",60,"MiSeq","MBTS 17024 60"
"69","17024c01_09c_eDNA_FD",0.0288351733112491,-0.00068500639531368,0.0307589292550338,NA,"FD","17024c01_09c_eDNA_S69_L001_R1_001.fastq.gz","17024c01_09c_eDNA_S69_L001_R2_001.fastq.gz","Francisco Chavez",9,17024,"MBARI","RACHEL CARSON","ship",21.251,"C1",1,NA,0.4341,36.7982,-121.8468,26.0151,20,3.2835,"marine biome  (ENVO:00000447)","coastal water (ENVO:00001250)","waterborne particulate matter (ENVO:01000436)",2024-06-18 14:54:00,0.1745,"USA:California:Monterey Bay","FD69",23.958,69,"17024c01_09c_eDNA",21.41,"GTACACACCGCCCGTC","TGATCCTTCTGCAGGTTCACCTAC","PTLO","c",33.8335,"Poretics","0.22um",-80,"environmental","17024c01_09c_eDNA_FD","NGS Illumina Miseq","MSU","TAGTGTTACG",18,10.1561,2024,6,18,"MBTS 17024",20,"MiSeq","MBTS 17024 20"
"70","17024c01_10c_eDNA_FD",0.0558340374695633,-0.0100239384051285,0.1146531770563,NA,"FD","17024c01_10c_eDNA_S70_L001_R1_001.fastq.gz","17024c01_10c_eDNA_S70_L001_R2_001.fastq.gz","Francisco Chavez",10,17024,"MBARI","RACHEL CARSON","ship",10.605,"C1",1,NA,0.6625,36.7982,-121.8468,25.8107,10,4.1077,"marine biome  (ENVO:00000447)","coastal water (ENVO:00001250)","waterborne particulate matter (ENVO:01000436)",2024-06-18 14:54:00,0.1959,"USA:California:Monterey Bay","FD70",22.198,70,"17024c01_10c_eDNA",10.684,"GTACACACCGCCCGTC","TGATCCTTCTGCAGGTTCACCTAC","PTLO","c",33.7882,"Poretics","0.22um",-80,"environmental","17024c01_10c_eDNA_FD","NGS Illumina Miseq","MSU","CGTACACTGG",18,11.1195,2024,6,18,"MBTS 17024",10,"MiSeq","MBTS 17024 10"
"71","17024c01_12c_eDNA_FD",0.0853784822112278,-0.0368441106030881,-0.048926604467578,NA,"FD","17024c01_12c_eDNA_S71_L001_R1_001.fastq.gz","17024c01_12c_eDNA_S71_L001_R2_001.fastq.gz","Francisco Chavez",12,17024,"MBARI","RACHEL CARSON","ship",2.744,"C1",1,NA,0.8344,36.7982,-121.8468,25.3231,0,6.3169,"marine biome  (ENVO:00000447)","coastal water (ENVO:00001250)","waterborne particulate matter (ENVO:01000436)",2024-06-18 14:54:00,0.2119,"USA:California:Monterey Bay","FD71",4.796,71,"17024c01_12c_eDNA",2.764,"GTACACACCGCCCGTC","TGATCCTTCTGCAGGTTCACCTAC","PTLO","c",33.7722,"Poretics","0.22um",-80,"environmental","17024c01_12c_eDNA_FD","NGS Illumina Miseq","MSU","AATACTGGCA",18,13.5893,2024,6,18,"MBTS 17024",0,"MiSeq","MBTS 17024 0"
"72","CN24F150mMV2_SC42_FD",-0.0858538686351307,-0.0734865781944451,-0.0323678569703778,NA,"FD","CN24F150mMV2_SC42_S72_L001_R1_001.fastq.gz","CN24F150mMV2_SC42_S72_L001_R2_001.fastq.gz","Francisco Chavez",NA,NA,"MBARI",NA,NA,NA,NA,NA,NA,NA,NA,NA,NA,150,NA,"marine biome  (ENVO:00000447)","coastal water (ENVO:00001250)","waterborne particulate matter (ENVO:01000436)",NA,NA,"USA:California:Monterey Bay","FD72",NA,72,"CN24F150mMV2_SC42",NA,"GTACACACCGCCCGTC","TGATCCTTCTGCAGGTTCACCTAC",NA,NA,NA,"Poretics","0.22um",-80,"environmental","CN24F150mMV2_SC42_FD","NGS Illumina Miseq","MSU","CGGTAGAGTT",18,NA,NA,NA,NA,"CN24F 150m exp",150,"MiSeq","CN24F 150m exp 150"
"73","CN24F150mMV2_SC43_FD",-0.0915210536889171,-0.0814680065611574,-0.0423168969731066,NA,"FD","CN24F150mMV2_SC43_S73_L001_R1_001.fastq.gz","CN24F150mMV2_SC43_S73_L001_R2_001.fastq.gz","Francisco Chavez",NA,NA,"MBARI",NA,NA,NA,NA,NA,NA,NA,NA,NA,NA,150,NA,"marine biome  (ENVO:00000447)","coastal water (ENVO:00001250)","waterborne particulate matter (ENVO:01000436)",NA,NA,"USA:California:Monterey Bay","FD73",NA,73,"CN24F150mMV2_SC43",NA,"GTACACACCGCCCGTC","TGATCCTTCTGCAGGTTCACCTAC",NA,NA,NA,"Poretics","0.22um",-80,"environmental","CN24F150mMV2_SC43_FD","NGS Illumina Miseq","MSU","CGTGACTCTA",18,NA,NA,NA,NA,"CN24F 150m exp",150,"MiSeq","CN24F 150m exp 150"
"74","CN24F150mMV2_SC44_FD",-0.0946026574366834,-0.0791739769244602,-0.0784667991042866,NA,"FD","CN24F150mMV2_SC44_S74_L001_R1_001.fastq.gz","CN24F150mMV2_SC44_S74_L001_R2_001.fastq.gz","Francisco Chavez",NA,NA,"MBARI",NA,NA,NA,NA,NA,NA,NA,NA,NA,NA,150,NA,"marine biome  (ENVO:00000447)","coastal water (ENVO:00001250)","waterborne particulate matter (ENVO:01000436)",NA,NA,"USA:California:Monterey Bay","FD74",NA,74,"CN24F150mMV2_SC44",NA,"GTACACACCGCCCGTC","TGATCCTTCTGCAGGTTCACCTAC",NA,NA,NA,"Poretics","0.22um",-80,"environmental","CN24F150mMV2_SC44_FD","NGS Illumina Miseq","MSU","CTTCAATAGC",18,NA,NA,NA,NA,"CN24F 150m exp",150,"MiSeq","CN24F 150m exp 150"
"75","CN24F150mMV2_SC45_FD",-0.105942986376125,-0.070787215751685,-0.0592837099007048,NA,"FD","CN24F150mMV2_SC45_S75_L001_R1_001.fastq.gz","CN24F150mMV2_SC45_S75_L001_R2_001.fastq.gz","Francisco Chavez",NA,NA,"MBARI",NA,NA,NA,NA,NA,NA,NA,NA,NA,NA,150,NA,"marine biome  (ENVO:00000447)","coastal water (ENVO:00001250)","waterborne particulate matter (ENVO:01000436)",NA,NA,"USA:California:Monterey Bay","FD75",NA,75,"CN24F150mMV2_SC45",NA,"GTACACACCGCCCGTC","TGATCCTTCTGCAGGTTCACCTAC",NA,NA,NA,"Poretics","0.22um",-80,"environmental","CN24F150mMV2_SC45_FD","NGS Illumina Miseq","MSU","AAGGACTCAG",18,NA,NA,NA,NA,"CN24F 150m exp",150,"MiSeq","CN24F 150m exp 150"
"76","CN24F150mMV2_SC46_FD",-0.0994070465263817,-0.0727836346339391,-0.0789546095759144,NA,"FD","CN24F150mMV2_SC46_S76_L001_R1_001.fastq.gz","CN24F150mMV2_SC46_S76_L001_R2_001.fastq.gz","Francisco Chavez",NA,NA,"MBARI",NA,NA,NA,NA,NA,NA,NA,NA,NA,NA,150,NA,"marine biome  (ENVO:00000447)","coastal water (ENVO:00001250)","waterborne particulate matter (ENVO:01000436)",NA,NA,"USA:California:Monterey Bay","FD76",NA,76,"CN24F150mMV2_SC46",NA,"GTACACACCGCCCGTC","TGATCCTTCTGCAGGTTCACCTAC",NA,NA,NA,"Poretics","0.22um",-80,"environmental","CN24F150mMV2_SC46_FD","NGS Illumina Miseq","MSU","CAGACGATGA",18,NA,NA,NA,NA,"CN24F 150m exp",150,"MiSeq","CN24F 150m exp 150"
"77","CN24F150mMV2_SC47_FD",-0.0831556082246041,-0.0647982155030285,-0.0715860444202394,NA,"FD","CN24F150mMV2_SC47_S77_L001_R1_001.fastq.gz","CN24F150mMV2_SC47_S77_L001_R2_001.fastq.gz","Francisco Chavez",NA,NA,"MBARI",NA,NA,NA,NA,NA,NA,NA,NA,NA,NA,150,NA,"marine biome  (ENVO:00000447)","coastal water (ENVO:00001250)","waterborne particulate matter (ENVO:01000436)",NA,NA,"USA:California:Monterey Bay","FD77",NA,77,"CN24F150mMV2_SC47",NA,"GTACACACCGCCCGTC","TGATCCTTCTGCAGGTTCACCTAC",NA,NA,NA,"Poretics","0.22um",-80,"environmental","CN24F150mMV2_SC47_FD","NGS Illumina Miseq","MSU","TTGGAAGTAC",18,NA,NA,NA,NA,"CN24F 150m exp",150,"MiSeq","CN24F 150m exp 150"
"78","CN24F150mMV2_SC48_FD",-0.0933034491533102,-0.0786506132236814,-0.0315805557330929,NA,"FD","CN24F150mMV2_SC48_S78_L001_R1_001.fastq.gz","CN24F150mMV2_SC48_S78_L001_R2_001.fastq.gz","Francisco Chavez",NA,NA,"MBARI",NA,NA,NA,NA,NA,NA,NA,NA,NA,NA,150,NA,"marine biome  (ENVO:00000447)","coastal water (ENVO:00001250)","waterborne particulate matter (ENVO:01000436)",NA,NA,"USA:California:Monterey Bay","FD78",NA,78,"CN24F150mMV2_SC48",NA,"GTACACACCGCCCGTC","TGATCCTTCTGCAGGTTCACCTAC",NA,NA,NA,"Poretics","0.22um",-80,"environmental","CN24F150mMV2_SC48_FD","NGS Illumina Miseq","MSU","TCGCATCAAC",18,NA,NA,NA,NA,"CN24F 150m exp",150,"MiSeq","CN24F 150m exp 150"
"79","CN24F150mMV2_SC49_FD",-0.0995179563658248,-0.0716147888904892,-0.05939954424972,NA,"FD","CN24F150mMV2_SC49_S79_L001_R1_001.fastq.gz","CN24F150mMV2_SC49_S79_L001_R2_001.fastq.gz","Francisco Chavez",NA,NA,"MBARI",NA,NA,NA,NA,NA,NA,NA,NA,NA,NA,150,NA,"marine biome  (ENVO:00000447)","coastal water (ENVO:00001250)","waterborne particulate matter (ENVO:01000436)",NA,NA,"USA:California:Monterey Bay","FD79",NA,79,"CN24F150mMV2_SC49",NA,"GTACACACCGCCCGTC","TGATCCTTCTGCAGGTTCACCTAC",NA,NA,NA,"Poretics","0.22um",-80,"environmental","CN24F150mMV2_SC49_FD","NGS Illumina Miseq","MSU","TATGCAACTC",18,NA,NA,NA,NA,"CN24F 150m exp",150,"MiSeq","CN24F 150m exp 150"
"80","CN24F150mMV2_SC50_FD",-0.0917520174201567,-0.0802549908267928,-0.0750384311479001,NA,"FD","CN24F150mMV2_SC50_S80_L001_R1_001.fastq.gz","CN24F150mMV2_SC50_S80_L001_R2_001.fastq.gz","Francisco Chavez",NA,NA,"MBARI",NA,NA,NA,NA,NA,NA,NA,NA,NA,NA,150,NA,"marine biome  (ENVO:00000447)","coastal water (ENVO:00001250)","waterborne particulate matter (ENVO:01000436)",NA,NA,"USA:California:Monterey Bay","FD80",NA,80,"CN24F150mMV2_SC50",NA,"GTACACACCGCCCGTC","TGATCCTTCTGCAGGTTCACCTAC",NA,NA,NA,"Poretics","0.22um",-80,"environmental","CN24F150mMV2_SC50_FD","NGS Illumina Miseq","MSU","GAATGTCACG",18,NA,NA,NA,NA,"CN24F 150m exp",150,"MiSeq","CN24F 150m exp 150"
"81","CN24F150mMV2_SC51_FD",-0.104729835544547,-0.0740407136291661,-0.0545571661047917,NA,"FD","CN24F150mMV2_SC51_S81_L001_R1_001.fastq.gz","CN24F150mMV2_SC51_S81_L001_R2_001.fastq.gz","Francisco Chavez",NA,NA,"MBARI",NA,NA,NA,NA,NA,NA,NA,NA,NA,NA,150,NA,"marine biome  (ENVO:00000447)","coastal water (ENVO:00001250)","waterborne particulate matter (ENVO:01000436)",NA,NA,"USA:California:Monterey Bay","FD81",NA,81,"CN24F150mMV2_SC51",NA,"GTACACACCGCCCGTC","TGATCCTTCTGCAGGTTCACCTAC",NA,NA,NA,"Poretics","0.22um",-80,"environmental","CN24F150mMV2_SC51_FD","NGS Illumina Miseq","MSU","GACCTGTTAA",18,NA,NA,NA,NA,"CN24F 150m exp",150,"MiSeq","CN24F 150m exp 150"
"82","CN24F150mMV2_SC52_FD",-0.0775754933978315,-0.0645522925609071,-0.0418909941086071,NA,"FD","CN24F150mMV2_SC52_S82_L001_R1_001.fastq.gz","CN24F150mMV2_SC52_S82_L001_R2_001.fastq.gz","Francisco Chavez",NA,NA,"MBARI",NA,NA,NA,NA,NA,NA,NA,NA,NA,NA,150,NA,"marine biome  (ENVO:00000447)","coastal water (ENVO:00001250)","waterborne particulate matter (ENVO:01000436)",NA,NA,"USA:California:Monterey Bay","FD82",NA,82,"CN24F150mMV2_SC52",NA,"GTACACACCGCCCGTC","TGATCCTTCTGCAGGTTCACCTAC",NA,NA,NA,"Poretics","0.22um",-80,"environmental","CN24F150mMV2_SC52_FD","NGS Illumina Miseq","MSU","CGGATGCTGA",18,NA,NA,NA,NA,"CN24F 150m exp",150,"MiSeq","CN24F 150m exp 150"
"83","CN24F150mMV2_SC53_FD",-0.0885680087019518,-0.0679015865021851,-0.0424062424114927,NA,"FD","CN24F150mMV2_SC53_S83_L001_R1_001.fastq.gz","CN24F150mMV2_SC53_S83_L001_R2_001.fastq.gz","Francisco Chavez",NA,NA,"MBARI",NA,NA,NA,NA,NA,NA,NA,NA,NA,NA,150,NA,"marine biome  (ENVO:00000447)","coastal water (ENVO:00001250)","waterborne particulate matter (ENVO:01000436)",NA,NA,"USA:California:Monterey Bay","FD83",NA,83,"CN24F150mMV2_SC53",NA,"GTACACACCGCCCGTC","TGATCCTTCTGCAGGTTCACCTAC",NA,NA,NA,"Poretics","0.22um",-80,"environmental","CN24F150mMV2_SC53_FD","NGS Illumina Miseq","MSU","GCAACTGTGA",18,NA,NA,NA,NA,"CN24F 150m exp",150,"MiSeq","CN24F 150m exp 150"
"84","CN24F150mMV2_SC54_FD",-0.0858268279547561,-0.0760382971932011,-0.067411292017867,NA,"FD","CN24F150mMV2_SC54_S84_L001_R1_001.fastq.gz","CN24F150mMV2_SC54_S84_L001_R2_001.fastq.gz","Francisco Chavez",NA,NA,"MBARI",NA,NA,NA,NA,NA,NA,NA,NA,NA,NA,150,NA,"marine biome  (ENVO:00000447)","coastal water (ENVO:00001250)","waterborne particulate matter (ENVO:01000436)",NA,NA,"USA:California:Monterey Bay","FD84",NA,84,"CN24F150mMV2_SC54",NA,"GTACACACCGCCCGTC","TGATCCTTCTGCAGGTTCACCTAC",NA,NA,NA,"Poretics","0.22um",-80,"environmental","CN24F150mMV2_SC54_FD","NGS Illumina Miseq","MSU","CGGAGCATCT",18,NA,NA,NA,NA,"CN24F 150m exp",150,"MiSeq","CN24F 150m exp 150"
"85","CN24F150mMV2_SC55_FD",-0.109833690382675,-0.0674939124811495,-0.0688228070454124,NA,"FD","CN24F150mMV2_SC55_S85_L001_R1_001.fastq.gz","CN24F150mMV2_SC55_S85_L001_R2_001.fastq.gz","Francisco Chavez",NA,NA,"MBARI",NA,NA,NA,NA,NA,NA,NA,NA,NA,NA,150,NA,"marine biome  (ENVO:00000447)","coastal water (ENVO:00001250)","waterborne particulate matter (ENVO:01000436)",NA,NA,"USA:California:Monterey Bay","FD85",NA,85,"CN24F150mMV2_SC55",NA,"GTACACACCGCCCGTC","TGATCCTTCTGCAGGTTCACCTAC",NA,NA,NA,"Poretics","0.22um",-80,"environmental","CN24F150mMV2_SC55_FD","NGS Illumina Miseq","MSU","AAGACGCTAA",18,NA,NA,NA,NA,"CN24F 150m exp",150,"MiSeq","CN24F 150m exp 150"
"86","CN24F150mMV2_SC56_FD",-0.103440526806948,-0.0752129761617475,-0.0236009847687306,NA,"FD","CN24F150mMV2_SC56_S86_L001_R1_001.fastq.gz","CN24F150mMV2_SC56_S86_L001_R2_001.fastq.gz","Francisco Chavez",NA,NA,"MBARI",NA,NA,NA,NA,NA,NA,NA,NA,NA,NA,150,NA,"marine biome  (ENVO:00000447)","coastal water (ENVO:00001250)","waterborne particulate matter (ENVO:01000436)",NA,NA,"USA:California:Monterey Bay","FD86",NA,86,"CN24F150mMV2_SC56",NA,"GTACACACCGCCCGTC","TGATCCTTCTGCAGGTTCACCTAC",NA,NA,NA,"Poretics","0.22um",-80,"environmental","CN24F150mMV2_SC56_FD","NGS Illumina Miseq","MSU","ATAACAAGCG",18,NA,NA,NA,NA,"CN24F 150m exp",150,"MiSeq","CN24F 150m exp 150"
"87","CN24F150mMV2_SC57_FD",-0.0992366448091396,-0.0707179794591957,-0.0521456345323479,NA,"FD","CN24F150mMV2_SC57_S87_L001_R1_001.fastq.gz","CN24F150mMV2_SC57_S87_L001_R2_001.fastq.gz","Francisco Chavez",NA,NA,"MBARI",NA,NA,NA,NA,NA,NA,NA,NA,NA,NA,150,NA,"marine biome  (ENVO:00000447)","coastal water (ENVO:00001250)","waterborne particulate matter (ENVO:01000436)",NA,NA,"USA:California:Monterey Bay","FD87",NA,87,"CN24F150mMV2_SC57",NA,"GTACACACCGCCCGTC","TGATCCTTCTGCAGGTTCACCTAC",NA,NA,NA,"Poretics","0.22um",-80,"environmental","CN24F150mMV2_SC57_FD","NGS Illumina Miseq","MSU","ATGCTAGTGT",18,NA,NA,NA,NA,"CN24F 150m exp",150,"MiSeq","CN24F 150m exp 150"
"88","CN24F150mMV2_SC58_FD",-0.0960455655342287,-0.0749187440137353,-0.0402856258324302,NA,"FD","CN24F150mMV2_SC58_S88_L001_R1_001.fastq.gz","CN24F150mMV2_SC58_S88_L001_R2_001.fastq.gz","Francisco Chavez",NA,NA,"MBARI",NA,NA,NA,NA,NA,NA,NA,NA,NA,NA,150,NA,"marine biome  (ENVO:00000447)","coastal water (ENVO:00001250)","waterborne particulate matter (ENVO:01000436)",NA,NA,"USA:California:Monterey Bay","FD88",NA,88,"CN24F150mMV2_SC58",NA,"GTACACACCGCCCGTC","TGATCCTTCTGCAGGTTCACCTAC",NA,NA,NA,"Poretics","0.22um",-80,"environmental","CN24F150mMV2_SC58_FD","NGS Illumina Miseq","MSU","CCTGGTACAG",18,NA,NA,NA,NA,"CN24F 150m exp",150,"MiSeq","CN24F 150m exp 150"
"89","CN24F150mMV2_SC59_FD",-0.107163808060776,-0.0687509998752923,-0.0514458783145278,NA,"FD","CN24F150mMV2_SC59_S89_L001_R1_001.fastq.gz","CN24F150mMV2_SC59_S89_L001_R2_001.fastq.gz","Francisco Chavez",NA,NA,"MBARI",NA,NA,NA,NA,NA,NA,NA,NA,NA,NA,150,NA,"marine biome  (ENVO:00000447)","coastal water (ENVO:00001250)","waterborne particulate matter (ENVO:01000436)",NA,NA,"USA:California:Monterey Bay","FD89",NA,89,"CN24F150mMV2_SC59",NA,"GTACACACCGCCCGTC","TGATCCTTCTGCAGGTTCACCTAC",NA,NA,NA,"Poretics","0.22um",-80,"environmental","CN24F150mMV2_SC59_FD","NGS Illumina Miseq","MSU","TGGCTCATGT",18,NA,NA,NA,NA,"CN24F 150m exp",150,"MiSeq","CN24F 150m exp 150"
"90","14223c01_10c_eDNA_FK",0.0598627883600189,-0.0428917363056201,-0.0894271409156953,NA,"FK","14223c01_10c_eDNA_L1_R1.fastq.gz","14223c01_10c_eDNA_L1_R2.fastq.gz","Francisco Chavez",10,14223,"MBARI","Rachel Carson","ship",21.024,"MARS",1,NA,1.7658,36.711,-122.196,25.1101,20,6.0492,"marine biome  (ENVO:00000447)","coastal water (ENVO:00001250)","waterborne particulate matter (ENVO:01000436)",2023-05-22 17:53:00,0.2989,"USA:California:Monterey Bay","FK4",7.481,4,"14223c01_10c_eDNA",21.181,"GTACACACCGCCCGTC","TGATCCTTCTGCAGGTTCACCTAC","Cannon","c",33.2522,"Poretics","0.22um",-80,"environmental","14223c01_10c_eDNA_FK","AVITI 2x150 bp low output flow cell","MSU",NA,18,12.6401,2023,5,22,"CN23S MARS",20,"AVITI","CN23S MARS 20"
"91","14223c01_09c_eDNA_FK",-0.0534151635970056,0.0128743784634667,0.00968176146763036,NA,"FK","14223c01_09c_eDNA_L1_R1.fastq.gz","14223c01_09c_eDNA_L1_R2.fastq.gz","Francisco Chavez",9,14223,"MBARI","Rachel Carson","ship",61.34,"MARS",1,NA,0.0674,36.711,-122.196,26.0385,60,3.4987,"marine biome  (ENVO:00000447)","coastal water (ENVO:00001250)","waterborne particulate matter (ENVO:01000436)",2023-05-22 17:53:00,0.1403,"USA:California:Monterey Bay","FK6",25.001,6,"14223c01_09c_eDNA",61.805,"GTACACACCGCCCGTC","TGATCCTTCTGCAGGTTCACCTAC","Cannon","c",33.8392,"Poretics","0.22um",-80,"environmental","14223c01_09c_eDNA_FK","AVITI 2x150 bp low output flow cell","MSU",NA,18,10.0487,2023,5,22,"CN23S MARS",60,"AVITI","CN23S MARS 60"
"92","14223c01_12c_eDNA_FK",0.0736967021771615,-0.0200719328856483,-0.122864085208944,NA,"FK","14223c01_12c_eDNA_L1_R1.fastq.gz","14223c01_12c_eDNA_L1_R2.fastq.gz","Francisco Chavez",12,14223,"MBARI","Rachel Carson","ship",3.112,"MARS",1,NA,1.1456,36.711,-122.196,25.0996,0,6.0942,"marine biome  (ENVO:00000447)","coastal water (ENVO:00001250)","waterborne particulate matter (ENVO:01000436)",2023-05-22 17:53:00,0.241,"USA:California:Monterey Bay","FK10",6.645,10,"14223c01_12c_eDNA",3.135,"GTACACACCGCCCGTC","TGATCCTTCTGCAGGTTCACCTAC","Cannon","c",33.2531,"Poretics","0.22um",-80,"environmental","14223c01_12c_eDNA_FK","AVITI 2x150 bp low output flow cell","MSU",NA,18,12.6957,2023,5,22,"CN23S MARS",0,"AVITI","CN23S MARS 0"
"93","14223c01_08c_eDNA_FK",-0.0317554762453077,0.0600738624015416,0.0500905799612423,NA,"FK","14223c01_08c_eDNA_L1_R1.fastq.gz","14223c01_08c_eDNA_L1_R2.fastq.gz","Francisco Chavez",8,14223,"MBARI","Rachel Carson","ship",101.114,"MARS",1,NA,-0.0212,36.711,-122.196,26.2686,100,2.4491,"marine biome  (ENVO:00000447)","coastal water (ENVO:00001250)","waterborne particulate matter (ENVO:01000436)",2023-05-22 17:53:00,0.132,"USA:California:Monterey Bay","FK11",23.505,11,"14223c01_08c_eDNA",101.89,"GTACACACCGCCCGTC","TGATCCTTCTGCAGGTTCACCTAC","Cannon","c",33.9602,"Poretics","0.22um",-80,"environmental","14223c01_08c_eDNA_FK","AVITI 2x150 bp low output flow cell","MSU",NA,18,9.2321,2023,5,22,"CN23S MARS",100,"AVITI","CN23S MARS 100"
"94","25424c01_12c_eDNA_FK",0.0888454688701598,-0.0138190101980083,-0.0354987001190049,NA,"FK","25424c01_12c_eDNA_L1_R1.fastq.gz","25424c01_12c_eDNA_L1_R2.fastq.gz","Francisco Chavez",12,25424,"MBARI","Rachel Carson","ship",3.072,"c1",1,NA,3.3251,36.7975,-121.8475,25.0484,0,5.8805,"marine biome  (ENVO:00000447)","coastal water (ENVO:00001250)","waterborne particulate matter (ENVO:01000436)",2024-09-10 14:48:00,0.4445,"USA:California:Monterey Bay","FK12",NA,12,"25424c01_12c_eDNA",3.094,"GTACACACCGCCCGTC","TGATCCTTCTGCAGGTTCACCTAC","PTLO","c",33.8047,"Poretics","0.22um",-80,"environmental","25424c01_12c_eDNA_FK","AVITI 2x150 bp low output flow cell","MSU",NA,18,15.01,2024,9,10,"MBTS 25424",0,"AVITI","MBTS 25424 0"
"95","25424c01_10c_eDNA_FK",0.0319174604885623,-0.0748564547462257,0.0250450071687801,NA,"FK","25424c01_10c_eDNA_L1_R1.fastq.gz","25424c01_10c_eDNA_L1_R2.fastq.gz","Francisco Chavez",10,25424,"MBARI","Rachel Carson","ship",10.238,"c1",1,NA,0.7041,36.7975,-121.8475,25.6966,10,3.9941,"marine biome  (ENVO:00000447)","coastal water (ENVO:00001250)","waterborne particulate matter (ENVO:01000436)",2024-09-10 14:48:00,0.1997,"USA:California:Monterey Bay","FK13",NA,13,"25424c01_10c_eDNA",10.314,"GTACACACCGCCCGTC","TGATCCTTCTGCAGGTTCACCTAC","PTLO","c",33.8077,"Poretics","0.22um",-80,"environmental","25424c01_10c_eDNA_FK","AVITI 2x150 bp low output flow cell","MSU",NA,18,11.8235,2024,9,10,"MBTS 25424",10,"AVITI","MBTS 25424 10"
"96","25424c01_09c_eDNA_FK",0.0112668499437083,-0.0610824371412942,-0.0460819347690874,NA,"FK","25424c01_09c_eDNA_L1_R1.fastq.gz","25424c01_09c_eDNA_L1_R2.fastq.gz","Francisco Chavez",9,25424,"MBARI","Rachel Carson","ship",20.421,"c1",1,NA,0.4298,36.7975,-121.8475,25.8362,20,3.4435,"marine biome  (ENVO:00000447)","coastal water (ENVO:00001250)","waterborne particulate matter (ENVO:01000436)",2024-09-10 14:48:00,0.1741,"USA:California:Monterey Bay","FK14",NA,14,"25424c01_09c_eDNA",20.574,"GTACACACCGCCCGTC","TGATCCTTCTGCAGGTTCACCTAC","PTLO","c",33.8352,"Poretics","0.22um",-80,"environmental","25424c01_09c_eDNA_FK","AVITI 2x150 bp low output flow cell","MSU",NA,18,11.1818,2024,9,10,"MBTS 25424",20,"AVITI","MBTS 25424 20"
"97","25424c01_06c_eDNA_FK",-0.0527806042136177,-0.0210560368419687,0.0192420069767401,NA,"FK","25424c01_06c_eDNA_L1_R1.fastq.gz","25424c01_06c_eDNA_L1_R2.fastq.gz","Francisco Chavez",6,25424,"MBARI","Rachel Carson","ship",59.967,"c1",1,NA,0.0431,36.7975,-121.8475,26.0666,60,2.0678,"marine biome  (ENVO:00000447)","coastal water (ENVO:00001250)","waterborne particulate matter (ENVO:01000436)",2024-09-10 14:48:00,0.138,"USA:California:Monterey Bay","FK15",NA,15,"25424c01_06c_eDNA",60.422,"GTACACACCGCCCGTC","TGATCCTTCTGCAGGTTCACCTAC","PTLO","c",33.918,"Poretics","0.22um",-80,"environmental","25424c01_06c_eDNA_FK","AVITI 2x150 bp low output flow cell","MSU",NA,18,10.2451,2024,9,10,"MBTS 25424",60,"AVITI","MBTS 25424 60"
"98","25424c01_03c_eDNA_FK",-0.0759316999053505,0.0105442900592015,0.0715448336583933,NA,"FK","25424c01_03c_eDNA_L1_R1.fastq.gz","25424c01_03c_eDNA_L1_R2.fastq.gz","Francisco Chavez",3,25424,"MBARI","Rachel Carson","ship",149.061,"c1",1,NA,0.0169,36.7975,-121.8475,26.3645,150,1.1609,"marine biome  (ENVO:00000447)","coastal water (ENVO:00001250)","waterborne particulate matter (ENVO:01000436)",2024-09-10 14:48:00,0.1356,"USA:California:Monterey Bay","FK16",NA,16,"25424c01_03c_eDNA",150.223,"GTACACACCGCCCGTC","TGATCCTTCTGCAGGTTCACCTAC","PTLO","c",34.047,"Poretics","0.22um",-80,"environmental","25424c01_03c_eDNA_FK","AVITI 2x150 bp low output flow cell","MSU",NA,18,9.062,2024,9,10,"MBTS 25424",150,"AVITI","MBTS 25424 150"
"99","25424c02_12c_eDNA_FK",0.0969986161204341,-0.0355394327820215,-0.0674189823629461,NA,"FK","25424c02_12c_eDNA_L1_R1.fastq.gz","25424c02_12c_eDNA_L1_R2.fastq.gz","Francisco Chavez",12,25424,"MBARI","Rachel Carson","ship",3.087,"Mooring1",2,NA,3.2152,36.7465,-122.0202,25.1026,0,5.9011,"marine biome  (ENVO:00000447)","coastal water (ENVO:00001250)","waterborne particulate matter (ENVO:01000436)",2024-09-10 16:26:00,0.4342,"USA:California:Monterey Bay","FK17",NA,17,"25424c02_12c_eDNA",3.11,"GTACACACCGCCCGTC","TGATCCTTCTGCAGGTTCACCTAC","PTLO","c",33.7859,"Poretics","0.22um",-80,"environmental","25424c02_12c_eDNA_FK","AVITI 2x150 bp low output flow cell","MSU",NA,18,14.6922,2024,9,10,"MBTS 25424",0,"AVITI","MBTS 25424 0"
"100","25424c02_10c_eDNA_FK",0.0868715004410145,-0.0490298464950536,-0.0300026386936035,NA,"FK","25424c02_10c_eDNA_L1_R1.fastq.gz","25424c02_10c_eDNA_L1_R2.fastq.gz","Francisco Chavez",10,25424,"MBARI","Rachel Carson","ship",10.18,"Mooring1",2,NA,4.1594,36.7465,-122.0202,25.22,10,5.6191,"marine biome  (ENVO:00000447)","coastal water (ENVO:00001250)","waterborne particulate matter (ENVO:01000436)",2024-09-10 16:26:00,0.5224,"USA:California:Monterey Bay","FK18",NA,18,"25424c02_10c_eDNA",10.255,"GTACACACCGCCCGTC","TGATCCTTCTGCAGGTTCACCTAC","PTLO","c",33.7692,"Poretics","0.22um",-80,"environmental","25424c02_10c_eDNA_FK","AVITI 2x150 bp low output flow cell","MSU",NA,18,14.0783,2024,9,10,"MBTS 25424",10,"AVITI","MBTS 25424 10"
"101","25424c02_09c_eDNA_FK",0.0526115258818584,-0.0590537464534861,0.0281163257033595,NA,"FK","25424c02_09c_eDNA_L1_R1.fastq.gz","25424c02_09c_eDNA_L1_R2.fastq.gz","Francisco Chavez",9,25424,"MBARI","Rachel Carson","ship",20.181,"Mooring1",2,NA,1.6478,36.7465,-122.0202,25.6007,20,4.0424,"marine biome  (ENVO:00000447)","coastal water (ENVO:00001250)","waterborne particulate matter (ENVO:01000436)",2024-09-10 16:26:00,0.2879,"USA:California:Monterey Bay","FK19",NA,19,"25424c02_09c_eDNA",20.332,"GTACACACCGCCCGTC","TGATCCTTCTGCAGGTTCACCTAC","PTLO","c",33.758,"Poretics","0.22um",-80,"environmental","25424c02_09c_eDNA_FK","AVITI 2x150 bp low output flow cell","MSU",NA,18,12.1278,2024,9,10,"MBTS 25424",20,"AVITI","MBTS 25424 20"
"102","25424c02_06c_eDNA_FK",-0.0718910028849345,0.00133849640832227,0.0058876342508153,NA,"FK","25424c02_06c_eDNA_L1_R1.fastq.gz","25424c02_06c_eDNA_L1_R2.fastq.gz","Francisco Chavez",6,25424,"MBARI","Rachel Carson","ship",60.456,"Mooring1",2,NA,-0.0074,36.7465,-122.0202,26.0483,60,2.187,"marine biome  (ENVO:00000447)","coastal water (ENVO:00001250)","waterborne particulate matter (ENVO:01000436)",2024-09-10 16:26:00,0.1333,"USA:California:Monterey Bay","FK20",NA,20,"25424c02_06c_eDNA",60.914,"GTACACACCGCCCGTC","TGATCCTTCTGCAGGTTCACCTAC","PTLO","c",33.8969,"Poretics","0.22um",-80,"environmental","25424c02_06c_eDNA_FK","AVITI 2x150 bp low output flow cell","MSU",NA,18,10.2553,2024,9,10,"MBTS 25424",60,"AVITI","MBTS 25424 60"
"103","25424c02_03c_eDNA_FK",-0.0716338657679511,0.10417499767397,0.00355604489331068,NA,"FK","25424c02_03c_eDNA_L1_R1.fastq.gz","25424c02_03c_eDNA_L1_R2.fastq.gz","Francisco Chavez",3,25424,"MBARI","Rachel Carson","ship",150.486,"Mooring1",2,NA,-0.0498,36.7465,-122.0202,26.2959,150,1.4903,"marine biome  (ENVO:00000447)","coastal water (ENVO:00001250)","waterborne particulate matter (ENVO:01000436)",2024-09-10 16:26:00,0.1293,"USA:California:Monterey Bay","FK21",NA,21,"25424c02_03c_eDNA",151.659,"GTACACACCGCCCGTC","TGATCCTTCTGCAGGTTCACCTAC","PTLO","c",34.0379,"Poretics","0.22um",-80,"environmental","25424c02_03c_eDNA_FK","AVITI 2x150 bp low output flow cell","MSU",NA,18,9.4442,2024,9,10,"MBTS 25424",150,"AVITI","MBTS 25424 150"
"104","25424c03_12c_eDNA_FK",0.107551865332888,-0.047087325367148,-0.0326838126335804,NA,"FK","25424c03_12c_eDNA_L1_R1.fastq.gz","25424c03_12c_eDNA_L1_R2.fastq.gz","Francisco Chavez",12,25424,"MBARI","Rachel Carson","ship",2.626,"Mooring2",3,NA,4.8098,36.695,-122.3813,25.1923,0,6.5254,"marine biome  (ENVO:00000447)","coastal water (ENVO:00001250)","waterborne particulate matter (ENVO:01000436)",2024-09-10 19:04:00,0.5831,"USA:California:Monterey Bay","FK22",NA,22,"25424c03_12c_eDNA",2.646,"GTACACACCGCCCGTC","TGATCCTTCTGCAGGTTCACCTAC","PTLO","c",33.6627,"Poretics","0.22um",-80,"environmental","25424c03_12c_eDNA_FK","AVITI 2x150 bp low output flow cell","MSU",NA,18,13.8142,2024,9,10,"MBTS 25424",0,"AVITI","MBTS 25424 0"
"105","25424c03_10c_eDNA_FK",0.0459577436633641,-0.0503376289979367,0.0988248672636152,NA,"FK","25424c03_10c_eDNA_L1_R1.fastq.gz","25424c03_10c_eDNA_L1_R2.fastq.gz","Francisco Chavez",10,25424,"MBARI","Rachel Carson","ship",10.316,"Mooring2",3,NA,6.4959,36.695,-122.3813,25.4318,10,5.4528,"marine biome  (ENVO:00000447)","coastal water (ENVO:00001250)","waterborne particulate matter (ENVO:01000436)",2024-09-10 19:04:00,0.7405,"USA:California:Monterey Bay","FK23",NA,23,"25424c03_10c_eDNA",10.392,"GTACACACCGCCCGTC","TGATCCTTCTGCAGGTTCACCTAC","PTLO","c",33.7459,"Poretics","0.22um",-80,"environmental","25424c03_10c_eDNA_FK","AVITI 2x150 bp low output flow cell","MSU",NA,18,12.9488,2024,9,10,"MBTS 25424",10,"AVITI","MBTS 25424 10"
"106","25424c03_09c_eDNA_FK",0.00792322772623251,-0.0660151543573949,0.0483796315977384,NA,"FK","25424c03_09c_eDNA_L1_R1.fastq.gz","25424c03_09c_eDNA_L1_R2.fastq.gz","Francisco Chavez",9,25424,"MBARI","Rachel Carson","ship",20.289,"Mooring2",3,NA,0.6123,36.695,-122.3813,25.56,20,4.4551,"marine biome  (ENVO:00000447)","coastal water (ENVO:00001250)","waterborne particulate matter (ENVO:01000436)",2024-09-10 19:04:00,0.1912,"USA:California:Monterey Bay","FK24",NA,24,"25424c03_09c_eDNA",20.441,"GTACACACCGCCCGTC","TGATCCTTCTGCAGGTTCACCTAC","PTLO","c",33.6052,"Poretics","0.22um",-80,"environmental","25424c03_09c_eDNA_FK","AVITI 2x150 bp low output flow cell","MSU",NA,18,11.7133,2024,9,10,"MBTS 25424",20,"AVITI","MBTS 25424 20"
"107","25424c03_06c_eDNA_FK",-0.0638129312581208,0.0221179354481644,0.072076464080206,NA,"FK","25424c03_06c_eDNA_L1_R1.fastq.gz","25424c03_06c_eDNA_L1_R2.fastq.gz","Francisco Chavez",6,25424,"MBARI","Rachel Carson","ship",60.038,"Mooring2",3,NA,-0.0354,36.695,-122.3813,26.0261,60,2.0215,"marine biome  (ENVO:00000447)","coastal water (ENVO:00001250)","waterborne particulate matter (ENVO:01000436)",2024-09-10 19:04:00,0.1307,"USA:California:Monterey Bay","FK25",NA,25,"25424c03_06c_eDNA",60.493,"GTACACACCGCCCGTC","TGATCCTTCTGCAGGTTCACCTAC","PTLO","c",33.8599,"Poretics","0.22um",-80,"environmental","25424c03_06c_eDNA_FK","AVITI 2x150 bp low output flow cell","MSU",NA,18,10.2163,2024,9,10,"MBTS 25424",60,"AVITI","MBTS 25424 60"
"108","25424c03_03c_eDNA_FK",-0.0278385949230772,0.0617421951513153,0.0138392534341469,NA,"FK","25424c03_03c_eDNA_L1_R1.fastq.gz","25424c03_03c_eDNA_L1_R2.fastq.gz","Francisco Chavez",3,25424,"MBARI","Rachel Carson","ship",149.85,"Mooring2",3,NA,-0.0634,36.695,-122.3813,26.2385,150,1.5513,"marine biome  (ENVO:00000447)","coastal water (ENVO:00001250)","waterborne particulate matter (ENVO:01000436)",2024-09-10 19:04:00,0.1281,"USA:California:Monterey Bay","FK26",NA,26,"25424c03_03c_eDNA",151.017,"GTACACACCGCCCGTC","TGATCCTTCTGCAGGTTCACCTAC","PTLO","c",34.0117,"Poretics","0.22um",-80,"environmental","25424c03_03c_eDNA_FK","AVITI 2x150 bp low output flow cell","MSU",NA,18,9.6688,2024,9,10,"MBTS 25424",150,"AVITI","MBTS 25424 150"
"109","22624c01_12c_eDNA_FK",0.10273523806227,-0.0303842174596738,-0.0905064163693294,NA,"FK","22624c01_12c_eDNA_L1_R1.fastq.gz","22624c01_12c_eDNA_L1_R2.fastq.gz","Francisco Chavez",12,22624,"MBARI","RACHEL CARSON","ship",3.164,"C1",1,NA,8.941,36.7973,-121.847,25.6757,0,5.5359,"marine biome  (ENVO:00000447)","coastal water (ENVO:00001250)","waterborne particulate matter (ENVO:01000436)",2024-08-13 15:53:00,0.9688,"USA:California:Monterey Bay","FK27",NA,27,"22624c01_12c_eDNA",3.187,"GTACACACCGCCCGTC","TGATCCTTCTGCAGGTTCACCTAC","PTLO","c",33.8171,"Poretics","0.22um",-80,"environmental","22624c01_12c_eDNA_FK","AVITI 2x150 bp low output flow cell","MSU",NA,18,11.9723,2024,8,13,"MBTS 22624",0,"AVITI","MBTS 22624 0"
"110","22624c01_10c_eDNA_FK",0.0119633402340645,-0.0424775501373503,0.153225717006689,NA,"FK","22624c01_10c_eDNA_L1_R1.fastq.gz","22624c01_10c_eDNA_L1_R2.fastq.gz","Francisco Chavez",10,22624,"MBARI","RACHEL CARSON","ship",11.021,"C1",1,NA,5.9354,36.7973,-121.847,25.7897,10,4.1396,"marine biome  (ENVO:00000447)","coastal water (ENVO:00001250)","waterborne particulate matter (ENVO:01000436)",2024-08-13 15:53:00,0.6882,"USA:California:Monterey Bay","FK28",NA,28,"22624c01_10c_eDNA",11.103,"GTACACACCGCCCGTC","TGATCCTTCTGCAGGTTCACCTAC","PTLO","c",33.8282,"Poretics","0.22um",-80,"environmental","22624c01_10c_eDNA_FK","AVITI 2x150 bp low output flow cell","MSU",NA,18,11.4065,2024,8,13,"MBTS 22624",10,"AVITI","MBTS 22624 10"
"111","22624c01_09c_eDNA_FK",-0.0366227797114882,-0.0235844639046513,0.1762144742157,NA,"FK","22624c01_09c_eDNA_L1_R1.fastq.gz","22624c01_09c_eDNA_L1_R2.fastq.gz","Francisco Chavez",9,22624,"MBARI","RACHEL CARSON","ship",20.8,"C1",1,NA,0.1589,36.7973,-121.847,26.0656,20,2.1549,"marine biome  (ENVO:00000447)","coastal water (ENVO:00001250)","waterborne particulate matter (ENVO:01000436)",2024-08-13 15:53:00,0.1488,"USA:California:Monterey Bay","FK29",NA,29,"22624c01_09c_eDNA",20.955,"GTACACACCGCCCGTC","TGATCCTTCTGCAGGTTCACCTAC","PTLO","c",33.8705,"Poretics","0.22um",-80,"environmental","22624c01_09c_eDNA_FK","AVITI 2x150 bp low output flow cell","MSU",NA,18,10.0285,2024,8,13,"MBTS 22624",20,"AVITI","MBTS 22624 20"
"112","22624c01_06c_eDNA_FK",-0.063790995454228,0.0655600621220046,0.144201459652085,NA,"FK","22624c01_06c_eDNA_L1_R1.fastq.gz","22624c01_06c_eDNA_L1_R2.fastq.gz","Francisco Chavez",6,22624,"MBARI","RACHEL CARSON","ship",61.245,"C1",1,NA,-0.0148,36.7973,-121.847,26.2464,60,1.5823,"marine biome  (ENVO:00000447)","coastal water (ENVO:00001250)","waterborne particulate matter (ENVO:01000436)",2024-08-13 15:53:00,0.1326,"USA:California:Monterey Bay","FK30",NA,30,"22624c01_06c_eDNA",61.709,"GTACACACCGCCCGTC","TGATCCTTCTGCAGGTTCACCTAC","PTLO","c",33.9986,"Poretics","0.22um",-80,"environmental","22624c01_06c_eDNA_FK","AVITI 2x150 bp low output flow cell","MSU",NA,18,9.5484,2024,8,13,"MBTS 22624",60,"AVITI","MBTS 22624 60"
"113","22624c01_03c_eDNA_FK",-0.0569665846522527,0.062317002898401,0.0768832204967012,NA,"FK","22624c01_03c_eDNA_L1_R1.fastq.gz","22624c01_03c_eDNA_L1_R2.fastq.gz","Francisco Chavez",3,22624,"MBARI","RACHEL CARSON","ship",150.604,"C1",1,NA,-0.037,36.7973,-121.847,26.437,150,1.3372,"marine biome  (ENVO:00000447)","coastal water (ENVO:00001250)","waterborne particulate matter (ENVO:01000436)",2024-08-13 15:53:00,0.1305,"USA:California:Monterey Bay","FK31",NA,31,"22624c01_03c_eDNA",151.779,"GTACACACCGCCCGTC","TGATCCTTCTGCAGGTTCACCTAC","PTLO","c",34.0616,"Poretics","0.22um",-80,"environmental","22624c01_03c_eDNA_FK","AVITI 2x150 bp low output flow cell","MSU",NA,18,8.674,2024,8,13,"MBTS 22624",150,"AVITI","MBTS 22624 150"
"114","22624c02_12c_eDNA_FK",0.120537083539026,-0.0166614824578939,-0.0276434244988725,NA,"FK","22624c02_12c_eDNA_L1_R1.fastq.gz","22624c02_12c_eDNA_L1_R2.fastq.gz","Francisco Chavez",12,22624,"MBARI","RACHEL CARSON","ship",2.958,"MOORING1",2,NA,1.4298,36.7472,-122.0217,25.4541,0,5.5156,"marine biome  (ENVO:00000447)","coastal water (ENVO:00001250)","waterborne particulate matter (ENVO:01000436)",2024-08-13 17:36:00,0.2675,"USA:California:Monterey Bay","FK32",NA,32,"22624c02_12c_eDNA",2.979,"GTACACACCGCCCGTC","TGATCCTTCTGCAGGTTCACCTAC","PTLO","c",33.7542,"Poretics","0.22um",-80,"environmental","22624c02_12c_eDNA_FK","AVITI 2x150 bp low output flow cell","MSU",NA,18,12.8679,2024,8,13,"MBTS 22624",0,"AVITI","MBTS 22624 0"
"115","22624c02_10c_eDNA_FK",0.114860572672647,-0.0388158835362732,0.0488714415268365,NA,"FK","22624c02_10c_eDNA_L1_R1.fastq.gz","22624c02_10c_eDNA_L1_R2.fastq.gz","Francisco Chavez",10,22624,"MBARI","RACHEL CARSON","ship",10.591,"MOORING1",2,NA,5.1999,36.7472,-122.0217,25.5357,10,5.446,"marine biome  (ENVO:00000447)","coastal water (ENVO:00001250)","waterborne particulate matter (ENVO:01000436)",2024-08-13 17:36:00,0.6195,"USA:California:Monterey Bay","FK33",NA,33,"22624c02_10c_eDNA",10.67,"GTACACACCGCCCGTC","TGATCCTTCTGCAGGTTCACCTAC","PTLO","c",33.7655,"Poretics","0.22um",-80,"environmental","22624c02_10c_eDNA_FK","AVITI 2x150 bp low output flow cell","MSU",NA,18,12.4964,2024,8,13,"MBTS 22624",10,"AVITI","MBTS 22624 10"
"116","22624c02_09c_eDNA_FK",0.105188179874429,-0.0465847253743549,0.0861475671443184,NA,"FK","22624c02_09c_eDNA_L1_R1.fastq.gz","22624c02_09c_eDNA_L1_R2.fastq.gz","Francisco Chavez",9,22624,"MBARI","RACHEL CARSON","ship",20.485,"MOORING1",2,NA,7.9923,36.7472,-122.0217,25.6475,20,5.0903,"marine biome  (ENVO:00000447)","coastal water (ENVO:00001250)","waterborne particulate matter (ENVO:01000436)",2024-08-13 17:36:00,0.8802,"USA:California:Monterey Bay","FK34",NA,34,"22624c02_09c_eDNA",20.638,"GTACACACCGCCCGTC","TGATCCTTCTGCAGGTTCACCTAC","PTLO","c",33.8058,"Poretics","0.22um",-80,"environmental","22624c02_09c_eDNA_FK","AVITI 2x150 bp low output flow cell","MSU",NA,18,12.0772,2024,8,13,"MBTS 22624",20,"AVITI","MBTS 22624 20"
"117","22624c02_06c_eDNA_FK",-0.0294676148835395,-0.00056300222560858,0.101863442549076,NA,"FK","22624c02_06c_eDNA_L1_R1.fastq.gz","22624c02_06c_eDNA_L1_R2.fastq.gz","Francisco Chavez",6,22624,"MBARI","RACHEL CARSON","ship",60.306,"MOORING1",2,NA,0.0775,36.7472,-122.0217,26.0722,60,2.2572,"marine biome  (ENVO:00000447)","coastal water (ENVO:00001250)","waterborne particulate matter (ENVO:01000436)",2024-08-13 17:36:00,0.1412,"USA:California:Monterey Bay","FK35",NA,35,"22624c02_06c_eDNA",60.763,"GTACACACCGCCCGTC","TGATCCTTCTGCAGGTTCACCTAC","PTLO","c",33.8953,"Poretics","0.22um",-80,"environmental","22624c02_06c_eDNA_FK","AVITI 2x150 bp low output flow cell","MSU",NA,18,10.1082,2024,8,13,"MBTS 22624",60,"AVITI","MBTS 22624 60"
"118","22624c03_10c_eDNA_FK",0.103357843148571,-0.0294617467387245,0.0670674965888257,NA,"FK","22624c03_10c_eDNA_L1_R1.fastq.gz","22624c03_10c_eDNA_L1_R2.fastq.gz","Francisco Chavez",10,22624,"MBARI","RACHEL CARSON","ship",10.795,"MOORING2",3,NA,4.4473,36.6968,-122.3775,25.4209,10,5.9201,"marine biome  (ENVO:00000447)","coastal water (ENVO:00001250)","waterborne particulate matter (ENVO:01000436)",2024-08-13 20:07:00,0.5493,"USA:California:Monterey Bay","FK38",NA,38,"22624c03_10c_eDNA",10.875,"GTACACACCGCCCGTC","TGATCCTTCTGCAGGTTCACCTAC","PTLO","c",33.7393,"Poretics","0.22um",-80,"environmental","22624c03_10c_eDNA_FK","AVITI 2x150 bp low output flow cell","MSU",NA,18,12.9779,2024,8,13,"MBTS 22624",10,"AVITI","MBTS 22624 10"
"119","22624c03_09c_eDNA_FK",0.0962867771003828,-0.024581016146563,0.114378810295039,NA,"FK","22624c03_09c_eDNA_L1_R1.fastq.gz","22624c03_09c_eDNA_L1_R2.fastq.gz","Francisco Chavez",9,22624,"MBARI","RACHEL CARSON","ship",20.375,"MOORING2",3,NA,4.0849,36.6968,-122.3775,25.4515,20,5.5692,"marine biome  (ENVO:00000447)","coastal water (ENVO:00001250)","waterborne particulate matter (ENVO:01000436)",2024-08-13 20:07:00,0.5154,"USA:California:Monterey Bay","FK39",NA,39,"22624c03_09c_eDNA",20.527,"GTACACACCGCCCGTC","TGATCCTTCTGCAGGTTCACCTAC","PTLO","c",33.7369,"Poretics","0.22um",-80,"environmental","22624c03_09c_eDNA_FK","AVITI 2x150 bp low output flow cell","MSU",NA,18,12.8153,2024,8,13,"MBTS 22624",20,"AVITI","MBTS 22624 20"
"120","20524c02_12c_eDNA_FK",0.105951079937162,-0.0610719830265583,-0.0669270799898507,NA,"FK","20524c02_12c_eDNA_L1_R1.fastq.gz","20524c02_12c_eDNA_L1_R2.fastq.gz","Francisco Chavez",12,20524,"MBARI","RACHEL CARSON","ship",2.817,"MOORING 1",2,NA,3.7425,36.7477,-122.0225,25.2873,0,6.8747,"marine biome  (ENVO:00000447)","coastal water (ENVO:00001250)","waterborne particulate matter (ENVO:01000436)",2024-07-23 17:30:00,0.4834,"USA:California:Monterey Bay","FK42",NA,42,"20524c02_12c_eDNA",2.838,"GTACACACCGCCCGTC","TGATCCTTCTGCAGGTTCACCTAC","PTLO","c",33.6997,"Poretics","0.22um",-80,"environmental","20524c02_12c_eDNA_FK","AVITI 2x150 bp low output flow cell","MSU",NA,18,13.4898,2024,7,23,"MBTS 20524",0,"AVITI","MBTS 20524 0"
"121","20524c02_10c_eDNA_FK",0.0639833375694419,-0.0545046163929304,0.0928157883221843,NA,"FK","20524c02_10c_eDNA_L1_R1.fastq.gz","20524c02_10c_eDNA_L1_R2.fastq.gz","Francisco Chavez",10,20524,"MBARI","RACHEL CARSON","ship",10.958,"MOORING 1",2,NA,4.9072,36.7477,-122.0225,25.4425,10,5.3319,"marine biome  (ENVO:00000447)","coastal water (ENVO:00001250)","waterborne particulate matter (ENVO:01000436)",2024-07-23 17:30:00,0.5922,"USA:California:Monterey Bay","FK43",NA,43,"20524c02_10c_eDNA",11.04,"GTACACACCGCCCGTC","TGATCCTTCTGCAGGTTCACCTAC","PTLO","c",33.6948,"Poretics","0.22um",-80,"environmental","20524c02_10c_eDNA_FK","AVITI 2x150 bp low output flow cell","MSU",NA,18,12.6933,2024,7,23,"MBTS 20524",10,"AVITI","MBTS 20524 10"
"122","20524c02_09c_eDNA_FK",0.019811123022617,-0.0439122215622427,0.139366428594949,NA,"FK","20524c02_09c_eDNA_L1_R1.fastq.gz","20524c02_09c_eDNA_L1_R2.fastq.gz","Francisco Chavez",9,20524,"MBARI","RACHEL CARSON","ship",20.77,"MOORING 1",2,NA,0.5323,36.7477,-122.0225,25.8104,20,3.7582,"marine biome  (ENVO:00000447)","coastal water (ENVO:00001250)","waterborne particulate matter (ENVO:01000436)",2024-07-23 17:30:00,0.1837,"USA:California:Monterey Bay","FK44",NA,44,"20524c02_09c_eDNA",20.925,"GTACACACCGCCCGTC","TGATCCTTCTGCAGGTTCACCTAC","PTLO","c",33.7688,"Poretics","0.22um",-80,"environmental","20524c02_09c_eDNA_FK","AVITI 2x150 bp low output flow cell","MSU",NA,18,11.0379,2024,7,23,"MBTS 20524",20,"AVITI","MBTS 20524 20"
"123","20524c02_06c_eDNA_FK",-0.0384433535983662,-0.0042380017432613,0.0565648459162068,NA,"FK","20524c02_06c_eDNA_L1_R1.fastq.gz","20524c02_06c_eDNA_L1_R2.fastq.gz","Francisco Chavez",6,20524,"MBARI","RACHEL CARSON","ship",60.98,"MOORING 1",2,NA,-0.0533,36.7477,-122.0225,26.1549,60,2.2115,"marine biome  (ENVO:00000447)","coastal water (ENVO:00001250)","waterborne particulate matter (ENVO:01000436)",2024-07-23 17:30:00,0.129,"USA:California:Monterey Bay","FK45",NA,45,"20524c02_06c_eDNA",61.442,"GTACACACCGCCCGTC","TGATCCTTCTGCAGGTTCACCTAC","PTLO","c",33.8968,"Poretics","0.22um",-80,"environmental","20524c02_06c_eDNA_FK","AVITI 2x150 bp low output flow cell","MSU",NA,18,9.6213,2024,7,23,"MBTS 20524",60,"AVITI","MBTS 20524 60"
"124","20524c02_03c_eDNA_FK",-0.0863664761104054,0.0285162724029199,0.109662994031477,NA,"FK","20524c02_03c_eDNA_L1_R1.fastq.gz","20524c02_03c_eDNA_L1_R2.fastq.gz","Francisco Chavez",3,20524,"MBARI","RACHEL CARSON","ship",151.117,"MOORING 1",2,NA,-0.0525,36.7477,-122.0225,26.3877,150,1.5514,"marine biome  (ENVO:00000447)","coastal water (ENVO:00001250)","waterborne particulate matter (ENVO:01000436)",2024-07-23 17:30:00,0.1291,"USA:California:Monterey Bay","FK46",NA,46,"20524c02_03c_eDNA",152.295,"GTACACACCGCCCGTC","TGATCCTTCTGCAGGTTCACCTAC","PTLO","c",34.057,"Poretics","0.22um",-80,"environmental","20524c02_03c_eDNA_FK","AVITI 2x150 bp low output flow cell","MSU",NA,18,8.9659,2024,7,23,"MBTS 20524",150,"AVITI","MBTS 20524 150"
"125","20524c01_12c_eDNA_FK",0.123152353932841,-0.0475113518457061,-0.117603934119094,NA,"FK","20524c01_12c_eDNA_L1_R1.fastq.gz","20524c01_12c_eDNA_L1_R2.fastq.gz","Francisco Chavez",12,20524,"MBARI","RACHEL CARSON","ship",2.94,"C1",1,NA,2.8909,36.7985,-121.847,25.228,0,5.5433,"marine biome  (ENVO:00000447)","coastal water (ENVO:00001250)","waterborne particulate matter (ENVO:01000436)",2024-07-23 15:56:00,0.4039,"USA:California:Monterey Bay","FK47",NA,47,"20524c01_12c_eDNA",2.961,"GTACACACCGCCCGTC","TGATCCTTCTGCAGGTTCACCTAC","PTLO","c",33.7075,"Poretics","0.22um",-80,"environmental","20524c01_12c_eDNA_FK","AVITI 2x150 bp low output flow cell","MSU",NA,18,13.8092,2024,7,23,"MBTS 20524",0,"AVITI","MBTS 20524 0"
"126","20524c01_10c_eDNA_FK",0.0938065353897762,-0.0678976431977675,-0.0611739141576916,NA,"FK","20524c01_10c_eDNA_L1_R1.fastq.gz","20524c01_10c_eDNA_L1_R2.fastq.gz","Francisco Chavez",10,20524,"MBARI","RACHEL CARSON","ship",10.743,"C1",1,NA,2.4874,36.7985,-121.847,25.4306,10,4.9831,"marine biome  (ENVO:00000447)","coastal water (ENVO:00001250)","waterborne particulate matter (ENVO:01000436)",2024-07-23 15:56:00,0.3663,"USA:California:Monterey Bay","FK48",NA,48,"20524c01_10c_eDNA",10.823,"GTACACACCGCCCGTC","TGATCCTTCTGCAGGTTCACCTAC","PTLO","c",33.7481,"Poretics","0.22um",-80,"environmental","20524c01_10c_eDNA_FK","AVITI 2x150 bp low output flow cell","MSU",NA,18,12.9636,2024,7,23,"MBTS 20524",10,"AVITI","MBTS 20524 10"
"127","20524c01_09c_eDNA_FK",0.0308408583323582,-0.0623206140626444,0.109391591358264,NA,"FK","20524c01_09c_eDNA_L1_R1.fastq.gz","20524c01_09c_eDNA_L1_R2.fastq.gz","Francisco Chavez",9,20524,"MBARI","RACHEL CARSON","ship",21.056,"C1",1,NA,0.5195,36.7985,-121.847,25.908,20,3.6565,"marine biome  (ENVO:00000447)","coastal water (ENVO:00001250)","waterborne particulate matter (ENVO:01000436)",2024-07-23 15:56:00,0.1825,"USA:California:Monterey Bay","FK49",NA,49,"20524c01_09c_eDNA",21.214,"GTACACACCGCCCGTC","TGATCCTTCTGCAGGTTCACCTAC","PTLO","c",33.8585,"Poretics","0.22um",-80,"environmental","20524c01_09c_eDNA_FK","AVITI 2x150 bp low output flow cell","MSU",NA,18,10.8825,2024,7,23,"MBTS 20524",20,"AVITI","MBTS 20524 20"
"128","20524c01_06c_eDNA_FK",-0.0637928353176802,0.0840317241444378,0.0256886690422946,NA,"FK","20524c01_06c_eDNA_L1_R1.fastq.gz","20524c01_06c_eDNA_L1_R2.fastq.gz","Francisco Chavez",6,20524,"MBARI","RACHEL CARSON","ship",60.315,"C1",1,NA,0.0885,36.7985,-121.847,26.1061,60,2.5892,"marine biome  (ENVO:00000447)","coastal water (ENVO:00001250)","waterborne particulate matter (ENVO:01000436)",2024-07-23 15:56:00,0.1423,"USA:California:Monterey Bay","FK50",NA,50,"20524c01_06c_eDNA",60.772,"GTACACACCGCCCGTC","TGATCCTTCTGCAGGTTCACCTAC","PTLO","c",33.9089,"Poretics","0.22um",-80,"environmental","20524c01_06c_eDNA_FK","AVITI 2x150 bp low output flow cell","MSU",NA,18,9.971,2024,7,23,"MBTS 20524",60,"AVITI","MBTS 20524 60"
"129","20524c03_10c_eDNA_FK",0.106767282289348,-0.0636316992477972,-0.0360154463909314,NA,"FK","20524c03_10c_eDNA_L1_R1.fastq.gz","20524c03_10c_eDNA_L1_R2.fastq.gz","Francisco Chavez",10,20524,"MBARI","RACHEL CARSON","ship",10.778,"MOORING 2",3,NA,3.3014,36.6982,-122.378,25.3853,10,5.9974,"marine biome  (ENVO:00000447)","coastal water (ENVO:00001250)","waterborne particulate matter (ENVO:01000436)",2024-07-23 20:06:00,0.4423,"USA:California:Monterey Bay","FK53",NA,53,"20524c03_10c_eDNA",10.859,"GTACACACCGCCCGTC","TGATCCTTCTGCAGGTTCACCTAC","PTLO","c",33.7419,"Poretics","0.22um",-80,"environmental","20524c03_10c_eDNA_FK","AVITI 2x150 bp low output flow cell","MSU",NA,18,13.167,2024,7,23,"MBTS 20524",10,"AVITI","MBTS 20524 10"
"130","20524c03_09c_eDNA_FK",0.0833427669341449,-0.0651156443511867,0.00225966457385428,NA,"FK","20524c03_09c_eDNA_L1_R1.fastq.gz","20524c03_09c_eDNA_L1_R2.fastq.gz","Francisco Chavez",9,20524,"MBARI","RACHEL CARSON","ship",21.702,"MOORING 2",3,NA,1.5942,36.6982,-122.378,25.5046,20,5.0864,"marine biome  (ENVO:00000447)","coastal water (ENVO:00001250)","waterborne particulate matter (ENVO:01000436)",2024-07-23 20:06:00,0.2828,"USA:California:Monterey Bay","FK54",NA,54,"20524c03_09c_eDNA",21.864,"GTACACACCGCCCGTC","TGATCCTTCTGCAGGTTCACCTAC","PTLO","c",33.7287,"Poretics","0.22um",-80,"environmental","20524c03_09c_eDNA_FK","AVITI 2x150 bp low output flow cell","MSU",NA,18,12.5109,2024,7,23,"MBTS 20524",20,"AVITI","MBTS 20524 20"
"131","20524c03_06c_eDNA_FK",-0.0497078056598335,0.0246553276834562,0.0691082150456963,NA,"FK","20524c03_06c_eDNA_L1_R1.fastq.gz","20524c03_06c_eDNA_L1_R2.fastq.gz","Francisco Chavez",6,20524,"MBARI","RACHEL CARSON","ship",60.883,"MOORING 2",3,NA,-0.002,36.6982,-122.378,26.02,60,2.6047,"marine biome  (ENVO:00000447)","coastal water (ENVO:00001250)","waterborne particulate matter (ENVO:01000436)",2024-07-23 20:06:00,0.1338,"USA:California:Monterey Bay","FK55",NA,55,"20524c03_06c_eDNA",61.345,"GTACACACCGCCCGTC","TGATCCTTCTGCAGGTTCACCTAC","PTLO","c",33.813,"Poretics","0.22um",-80,"environmental","20524c03_06c_eDNA_FK","AVITI 2x150 bp low output flow cell","MSU",NA,18,10.0372,2024,7,23,"MBTS 20524",60,"AVITI","MBTS 20524 60"
"132","20524c03_03c_eDNA_FK",-0.0653207897731728,0.114710048040155,-0.0218408878786022,NA,"FK","20524c03_03c_eDNA_L1_R1.fastq.gz","20524c03_03c_eDNA_L1_R2.fastq.gz","Francisco Chavez",3,20524,"MBARI","RACHEL CARSON","ship",150.594,"MOORING 2",3,NA,-0.0631,36.6982,-122.378,26.3322,150,1.635,"marine biome  (ENVO:00000447)","coastal water (ENVO:00001250)","waterborne particulate matter (ENVO:01000436)",2024-07-23 20:06:00,0.1281,"USA:California:Monterey Bay","FK56",NA,56,"20524c03_03c_eDNA",151.768,"GTACACACCGCCCGTC","TGATCCTTCTGCAGGTTCACCTAC","PTLO","c",34.0385,"Poretics","0.22um",-80,"environmental","20524c03_03c_eDNA_FK","AVITI 2x150 bp low output flow cell","MSU",NA,18,9.2232,2024,7,23,"MBTS 20524",150,"AVITI","MBTS 20524 150"
"133","17024c03_09c_eDNA_FK",0.0797000159163412,0.0236341535641378,0.0695284510685119,NA,"FK","17024c03_09c_eDNA_L1_R1.fastq.gz","17024c03_09c_eDNA_L1_R2.fastq.gz","Francisco Chavez",9,17024,"MBARI","RACHEL CARSON","ship",22.058,"MOORING 2",3,NA,4.1052,36.6942,-122.3785,25.6959,20,5.3583,"marine biome  (ENVO:00000447)","coastal water (ENVO:00001250)","waterborne particulate matter (ENVO:01000436)",2024-06-18 19:25:00,0.5173,"USA:California:Monterey Bay","FK59",NA,59,"17024c03_09c_eDNA",22.223,"GTACACACCGCCCGTC","TGATCCTTCTGCAGGTTCACCTAC","PTLO","c",33.7405,"Poretics","0.22um",-80,"environmental","17024c03_09c_eDNA_FK","AVITI 2x150 bp low output flow cell","MSU",NA,18,11.5474,2024,6,18,"MBTS 17024",20,"AVITI","MBTS 17024 20"
"134","17024c03_10c_eDNA_FK",0.0833253028861558,0.0234145117566232,0.102373064235088,NA,"FK","17024c03_10c_eDNA_L1_R1.fastq.gz","17024c03_10c_eDNA_L1_R2.fastq.gz","Francisco Chavez",10,17024,"MBARI","RACHEL CARSON","ship",12.107,"MOORING 2",3,NA,4.3958,36.6942,-122.3785,25.6825,10,5.476,"marine biome  (ENVO:00000447)","coastal water (ENVO:00001250)","waterborne particulate matter (ENVO:01000436)",2024-06-18 19:25:00,0.5444,"USA:California:Monterey Bay","FK60",NA,60,"17024c03_10c_eDNA",12.197,"GTACACACCGCCCGTC","TGATCCTTCTGCAGGTTCACCTAC","PTLO","c",33.7404,"Poretics","0.22um",-80,"environmental","17024c03_10c_eDNA_FK","AVITI 2x150 bp low output flow cell","MSU",NA,18,11.6184,2024,6,18,"MBTS 17024",10,"AVITI","MBTS 17024 10"
"135","17024c03_12c_eDNA_FK",0.0941946990501307,0.00984759897275791,0.0517730744939544,NA,"FK","17024c03_12c_eDNA_L1_R1.fastq.gz","17024c03_12c_eDNA_L1_R2.fastq.gz","Francisco Chavez",12,17024,"MBARI","RACHEL CARSON","ship",3.253,"MOORING 2",3,NA,1.5232,36.6942,-122.3785,25.6768,0,5.529,"marine biome  (ENVO:00000447)","coastal water (ENVO:00001250)","waterborne particulate matter (ENVO:01000436)",2024-06-18 19:25:00,0.2762,"USA:California:Monterey Bay","FK61",NA,61,"17024c03_12c_eDNA",3.277,"GTACACACCGCCCGTC","TGATCCTTCTGCAGGTTCACCTAC","PTLO","c",33.7401,"Poretics","0.22um",-80,"environmental","17024c03_12c_eDNA_FK","AVITI 2x150 bp low output flow cell","MSU",NA,18,11.6465,2024,6,18,"MBTS 17024",0,"AVITI","MBTS 17024 0"
"136","17024c02_03c_eDNA_FK",0.000384624893190789,0.144252501966653,-0.066892097797694,NA,"FK","17024c02_03c_eDNA_L1_R1.fastq.gz","17024c02_03c_eDNA_L1_R2.fastq.gz","Francisco Chavez",3,17024,"MBARI","RACHEL CARSON","ship",151.895,"MOORING 1",2,NA,-0.0586,36.746,-122.0202,26.5569,150,1.3839,"marine biome  (ENVO:00000447)","coastal water (ENVO:00001250)","waterborne particulate matter (ENVO:01000436)",2024-06-18 16:32:00,0.1285,"USA:California:Monterey Bay","FK62",NA,62,"17024c02_03c_eDNA",153.079,"GTACACACCGCCCGTC","TGATCCTTCTGCAGGTTCACCTAC","PTLO","c",34.1188,"Poretics","0.22um",-80,"environmental","17024c02_03c_eDNA_FK","AVITI 2x150 bp low output flow cell","MSU",NA,18,8.1818,2024,6,18,"MBTS 17024",150,"AVITI","MBTS 17024 150"
"137","17024c02_06c_eDNA_FK",-0.0362635243641034,0.0590018370656677,0.0737885207896609,NA,"FK","17024c02_06c_eDNA_L1_R1.fastq.gz","17024c02_06c_eDNA_L1_R2.fastq.gz","Francisco Chavez",6,17024,"MBARI","RACHEL CARSON","ship",60.941,"MOORING 1",2,NA,0.0506,36.746,-122.0202,26.2623,60,2.1372,"marine biome  (ENVO:00000447)","coastal water (ENVO:00001250)","waterborne particulate matter (ENVO:01000436)",2024-06-18 16:32:00,0.1387,"USA:California:Monterey Bay","FK63",NA,63,"17024c02_06c_eDNA",61.403,"GTACACACCGCCCGTC","TGATCCTTCTGCAGGTTCACCTAC","PTLO","c",33.9574,"Poretics","0.22um",-80,"environmental","17024c02_06c_eDNA_FK","AVITI 2x150 bp low output flow cell","MSU",NA,18,9.253,2024,6,18,"MBTS 17024",60,"AVITI","MBTS 17024 60"
"138","17024c02_09c_eDNA_FK",0.0539308555047571,-0.00249582789031248,0.0163773124557568,NA,"FK","17024c02_09c_eDNA_L1_R1.fastq.gz","17024c02_09c_eDNA_L1_R2.fastq.gz","Francisco Chavez",9,17024,"MBARI","RACHEL CARSON","ship",20.614,"MOORING 1",2,NA,0.9414,36.746,-122.0202,26.0365,20,3.612,"marine biome  (ENVO:00000447)","coastal water (ENVO:00001250)","waterborne particulate matter (ENVO:01000436)",2024-06-18 16:32:00,0.2219,"USA:California:Monterey Bay","FK64",NA,64,"17024c02_09c_eDNA",20.767,"GTACACACCGCCCGTC","TGATCCTTCTGCAGGTTCACCTAC","PTLO","c",33.8423,"Poretics","0.22um",-80,"environmental","17024c02_09c_eDNA_FK","AVITI 2x150 bp low output flow cell","MSU",NA,18,10.07,2024,6,18,"MBTS 17024",20,"AVITI","MBTS 17024 20"
"139","17024c02_10c_eDNA_FK",0.0659412287324237,0.00639676909046796,0.0378670540771131,NA,"FK","17024c02_10c_eDNA_L1_R1.fastq.gz","17024c02_10c_eDNA_L1_R2.fastq.gz","Francisco Chavez",10,17024,"MBARI","RACHEL CARSON","ship",10.885,"MOORING 1",2,NA,0.8851,36.746,-122.0202,26.0181,10,3.7566,"marine biome  (ENVO:00000447)","coastal water (ENVO:00001250)","waterborne particulate matter (ENVO:01000436)",2024-06-18 16:32:00,0.2166,"USA:California:Monterey Bay","FK65",NA,65,"17024c02_10c_eDNA",10.966,"GTACACACCGCCCGTC","TGATCCTTCTGCAGGTTCACCTAC","PTLO","c",33.8387,"Poretics","0.22um",-80,"environmental","17024c02_10c_eDNA_FK","AVITI 2x150 bp low output flow cell","MSU",NA,18,10.1609,2024,6,18,"MBTS 17024",10,"AVITI","MBTS 17024 10"
"140","17024c02_12c_eDNA_FK",0.0868836211910762,-0.0264983340821576,0.0454652897985408,NA,"FK","17024c02_12c_eDNA_L1_R1.fastq.gz","17024c02_12c_eDNA_L1_R2.fastq.gz","Francisco Chavez",12,17024,"MBARI","RACHEL CARSON","ship",3.006,"MOORING 1",2,NA,0.3006,36.746,-122.0202,25.7693,0,4.6399,"marine biome  (ENVO:00000447)","coastal water (ENVO:00001250)","waterborne particulate matter (ENVO:01000436)",2024-06-18 16:32:00,0.1621,"USA:California:Monterey Bay","FK66",NA,66,"17024c02_12c_eDNA",3.029,"GTACACACCGCCCGTC","TGATCCTTCTGCAGGTTCACCTAC","PTLO","c",33.7954,"Poretics","0.22um",-80,"environmental","17024c02_12c_eDNA_FK","AVITI 2x150 bp low output flow cell","MSU",NA,18,11.3775,2024,6,18,"MBTS 17024",0,"AVITI","MBTS 17024 0"
"141","17024c01_09c_eDNA_FK",0.0258227097956469,0.0119243698481863,0.0735845064603583,NA,"FK","17024c01_09c_eDNA_L1_R1.fastq.gz","17024c01_09c_eDNA_L1_R2.fastq.gz","Francisco Chavez",9,17024,"MBARI","RACHEL CARSON","ship",21.251,"C1",1,NA,0.4341,36.7982,-121.8468,26.0151,20,3.2835,"marine biome  (ENVO:00000447)","coastal water (ENVO:00001250)","waterborne particulate matter (ENVO:01000436)",2024-06-18 14:54:00,0.1745,"USA:California:Monterey Bay","FK69",23.958,69,"17024c01_09c_eDNA",21.41,"GTACACACCGCCCGTC","TGATCCTTCTGCAGGTTCACCTAC","PTLO","c",33.8335,"Poretics","0.22um",-80,"environmental","17024c01_09c_eDNA_FK","AVITI 2x150 bp low output flow cell","MSU",NA,18,10.1561,2024,6,18,"MBTS 17024",20,"AVITI","MBTS 17024 20"
"142","17024c01_10c_eDNA_FK",0.0520449229130323,-0.0078334510692175,0.11180906077716,NA,"FK","17024c01_10c_eDNA_L1_R1.fastq.gz","17024c01_10c_eDNA_L1_R2.fastq.gz","Francisco Chavez",10,17024,"MBARI","RACHEL CARSON","ship",10.605,"C1",1,NA,0.6625,36.7982,-121.8468,25.8107,10,4.1077,"marine biome  (ENVO:00000447)","coastal water (ENVO:00001250)","waterborne particulate matter (ENVO:01000436)",2024-06-18 14:54:00,0.1959,"USA:California:Monterey Bay","FK70",22.198,70,"17024c01_10c_eDNA",10.684,"GTACACACCGCCCGTC","TGATCCTTCTGCAGGTTCACCTAC","PTLO","c",33.7882,"Poretics","0.22um",-80,"environmental","17024c01_10c_eDNA_FK","AVITI 2x150 bp low output flow cell","MSU",NA,18,11.1195,2024,6,18,"MBTS 17024",10,"AVITI","MBTS 17024 10"
"143","17024c01_12c_eDNA_FK",0.0904741572506659,-0.0320318972295212,-0.0259735905508608,NA,"FK","17024c01_12c_eDNA_L1_R1.fastq.gz","17024c01_12c_eDNA_L1_R2.fastq.gz","Francisco Chavez",12,17024,"MBARI","RACHEL CARSON","ship",2.744,"C1",1,NA,0.8344,36.7982,-121.8468,25.3231,0,6.3169,"marine biome  (ENVO:00000447)","coastal water (ENVO:00001250)","waterborne particulate matter (ENVO:01000436)",2024-06-18 14:54:00,0.2119,"USA:California:Monterey Bay","FK71",4.796,71,"17024c01_12c_eDNA",2.764,"GTACACACCGCCCGTC","TGATCCTTCTGCAGGTTCACCTAC","PTLO","c",33.7722,"Poretics","0.22um",-80,"environmental","17024c01_12c_eDNA_FK","AVITI 2x150 bp low output flow cell","MSU",NA,18,13.5893,2024,6,18,"MBTS 17024",0,"AVITI","MBTS 17024 0"
"144","CN24F150mMV2_SC42_FK",-0.0878805425575138,-0.077983633059342,-0.033590594724125,"MV2","FK","CN24F150mMV2_SC42_L1_R1.fastq.gz","CN24F150mMV2_SC42_L1_R2.fastq.gz","Francisco Chavez",NA,NA,"MBARI",NA,"ESP",NA,NA,NA,42,NA,NA,NA,NA,150,NA,"marine biome  (ENVO:00000447)","coastal water (ENVO:00001250)","waterborne particulate matter (ENVO:01000436)",NA,NA,"USA:California:Monterey Bay","FK72",NA,72,"CN24F150mMV2_SC42",NA,"GTACACACCGCCCGTC","TGATCCTTCTGCAGGTTCACCTAC",NA,NA,NA,"Poretics","0.22um",-80,"environmental","CN24F150mMV2_SC42_FK","AVITI 2x150 bp low output flow cell","MSU",NA,18,NA,NA,NA,NA,"CN24F 150m exp",150,"AVITI","CN24F 150m exp 150"
"145","CN24F150mMV2_SC43_FK",-0.0959181020714442,-0.0805132046453842,-0.0648728712870203,"MV2","FK","CN24F150mMV2_SC43_L1_R1.fastq.gz","CN24F150mMV2_SC43_L1_R2.fastq.gz","Francisco Chavez",NA,NA,"MBARI",NA,"ESP",NA,NA,NA,43,NA,NA,NA,NA,150,NA,"marine biome  (ENVO:00000447)","coastal water (ENVO:00001250)","waterborne particulate matter (ENVO:01000436)",NA,NA,"USA:California:Monterey Bay","FK73",NA,73,"CN24F150mMV2_SC43",NA,"GTACACACCGCCCGTC","TGATCCTTCTGCAGGTTCACCTAC",NA,NA,NA,"Poretics","0.22um",-80,"environmental","CN24F150mMV2_SC43_FK","AVITI 2x150 bp low output flow cell","MSU",NA,18,NA,NA,NA,NA,"CN24F 150m exp",150,"AVITI","CN24F 150m exp 150"
"146","CN24F150mMV2_SC44_FK",-0.0984792118223913,-0.0816978803647006,-0.0609776981759219,"MV2","FK","CN24F150mMV2_SC44_L1_R1.fastq.gz","CN24F150mMV2_SC44_L1_R2.fastq.gz","Francisco Chavez",NA,NA,"MBARI",NA,"ESP",NA,NA,NA,44,NA,NA,NA,NA,150,NA,"marine biome  (ENVO:00000447)","coastal water (ENVO:00001250)","waterborne particulate matter (ENVO:01000436)",NA,NA,"USA:California:Monterey Bay","FK74",NA,74,"CN24F150mMV2_SC44",NA,"GTACACACCGCCCGTC","TGATCCTTCTGCAGGTTCACCTAC",NA,NA,NA,"Poretics","0.22um",-80,"environmental","CN24F150mMV2_SC44_FK","AVITI 2x150 bp low output flow cell","MSU",NA,18,NA,NA,NA,NA,"CN24F 150m exp",150,"AVITI","CN24F 150m exp 150"
"147","CN24F150mMV2_SC45_FK",-0.107024603812091,-0.0720113571999664,-0.0523033883945024,"MV2","FK","CN24F150mMV2_SC45_L1_R1.fastq.gz","CN24F150mMV2_SC45_L1_R2.fastq.gz","Francisco Chavez",NA,NA,"MBARI",NA,"ESP",NA,NA,NA,45,NA,NA,NA,NA,150,NA,"marine biome  (ENVO:00000447)","coastal water (ENVO:00001250)","waterborne particulate matter (ENVO:01000436)",NA,NA,"USA:California:Monterey Bay","FK75",NA,75,"CN24F150mMV2_SC45",NA,"GTACACACCGCCCGTC","TGATCCTTCTGCAGGTTCACCTAC",NA,NA,NA,"Poretics","0.22um",-80,"environmental","CN24F150mMV2_SC45_FK","AVITI 2x150 bp low output flow cell","MSU",NA,18,NA,NA,NA,NA,"CN24F 150m exp",150,"AVITI","CN24F 150m exp 150"
"148","CN24F150mMV2_SC46_FK",-0.10232378086876,-0.0735516000749504,-0.0774026578247406,"MV2","FK","CN24F150mMV2_SC46_L1_R1.fastq.gz","CN24F150mMV2_SC46_L1_R2.fastq.gz","Francisco Chavez",NA,NA,"MBARI",NA,"ESP",NA,NA,NA,46,NA,NA,NA,NA,150,NA,"marine biome  (ENVO:00000447)","coastal water (ENVO:00001250)","waterborne particulate matter (ENVO:01000436)",NA,NA,"USA:California:Monterey Bay","FK76",NA,76,"CN24F150mMV2_SC46",NA,"GTACACACCGCCCGTC","TGATCCTTCTGCAGGTTCACCTAC",NA,NA,NA,"Poretics","0.22um",-80,"environmental","CN24F150mMV2_SC46_FK","AVITI 2x150 bp low output flow cell","MSU",NA,18,NA,NA,NA,NA,"CN24F 150m exp",150,"AVITI","CN24F 150m exp 150"
"149","CN24F150mMV2_SC47_FK",-0.082780759377277,-0.061574984410932,-0.0633623044673859,"MV2","FK","CN24F150mMV2_SC47_L1_R1.fastq.gz","CN24F150mMV2_SC47_L1_R2.fastq.gz","Francisco Chavez",NA,NA,"MBARI",NA,"ESP",NA,NA,NA,47,NA,NA,NA,NA,150,NA,"marine biome  (ENVO:00000447)","coastal water (ENVO:00001250)","waterborne particulate matter (ENVO:01000436)",NA,NA,"USA:California:Monterey Bay","FK77",NA,77,"CN24F150mMV2_SC47",NA,"GTACACACCGCCCGTC","TGATCCTTCTGCAGGTTCACCTAC",NA,NA,NA,"Poretics","0.22um",-80,"environmental","CN24F150mMV2_SC47_FK","AVITI 2x150 bp low output flow cell","MSU",NA,18,NA,NA,NA,NA,"CN24F 150m exp",150,"AVITI","CN24F 150m exp 150"
"150","CN24F150mMV2_SC48_FK",-0.0969209317272133,-0.0804100632533663,-0.0426375918793426,"MV2","FK","CN24F150mMV2_SC48_L1_R1.fastq.gz","CN24F150mMV2_SC48_L1_R2.fastq.gz","Francisco Chavez",NA,NA,"MBARI",NA,"ESP",NA,NA,NA,48,NA,NA,NA,NA,150,NA,"marine biome  (ENVO:00000447)","coastal water (ENVO:00001250)","waterborne particulate matter (ENVO:01000436)",NA,NA,"USA:California:Monterey Bay","FK78",NA,78,"CN24F150mMV2_SC48",NA,"GTACACACCGCCCGTC","TGATCCTTCTGCAGGTTCACCTAC",NA,NA,NA,"Poretics","0.22um",-80,"environmental","CN24F150mMV2_SC48_FK","AVITI 2x150 bp low output flow cell","MSU",NA,18,NA,NA,NA,NA,"CN24F 150m exp",150,"AVITI","CN24F 150m exp 150"
"151","CN24F150mMV2_SC49_FK",-0.101055378123284,-0.079288187468115,-0.045877725068788,"MV2","FK","CN24F150mMV2_SC49_L1_R1.fastq.gz","CN24F150mMV2_SC49_L1_R2.fastq.gz","Francisco Chavez",NA,NA,"MBARI",NA,"ESP",NA,NA,NA,49,NA,NA,NA,NA,150,NA,"marine biome  (ENVO:00000447)","coastal water (ENVO:00001250)","waterborne particulate matter (ENVO:01000436)",NA,NA,"USA:California:Monterey Bay","FK79",NA,79,"CN24F150mMV2_SC49",NA,"GTACACACCGCCCGTC","TGATCCTTCTGCAGGTTCACCTAC",NA,NA,NA,"Poretics","0.22um",-80,"environmental","CN24F150mMV2_SC49_FK","AVITI 2x150 bp low output flow cell","MSU",NA,18,NA,NA,NA,NA,"CN24F 150m exp",150,"AVITI","CN24F 150m exp 150"
"152","CN24F150mMV2_SC50_FK",-0.0925648894995665,-0.0783901333290439,-0.0619585689608029,"MV2","FK","CN24F150mMV2_SC50_L1_R1.fastq.gz","CN24F150mMV2_SC50_L1_R2.fastq.gz","Francisco Chavez",NA,NA,"MBARI",NA,"ESP",NA,NA,NA,50,NA,NA,NA,NA,150,NA,"marine biome  (ENVO:00000447)","coastal water (ENVO:00001250)","waterborne particulate matter (ENVO:01000436)",NA,NA,"USA:California:Monterey Bay","FK80",NA,80,"CN24F150mMV2_SC50",NA,"GTACACACCGCCCGTC","TGATCCTTCTGCAGGTTCACCTAC",NA,NA,NA,"Poretics","0.22um",-80,"environmental","CN24F150mMV2_SC50_FK","AVITI 2x150 bp low output flow cell","MSU",NA,18,NA,NA,NA,NA,"CN24F 150m exp",150,"AVITI","CN24F 150m exp 150"
"153","CN24F150mMV2_SC51_FK",-0.104603092505889,-0.0794385189334387,-0.0385873143882762,"MV2","FK","CN24F150mMV2_SC51_L1_R1.fastq.gz","CN24F150mMV2_SC51_L1_R2.fastq.gz","Francisco Chavez",NA,NA,"MBARI",NA,"ESP",NA,NA,NA,51,NA,NA,NA,NA,150,NA,"marine biome  (ENVO:00000447)","coastal water (ENVO:00001250)","waterborne particulate matter (ENVO:01000436)",NA,NA,"USA:California:Monterey Bay","FK81",NA,81,"CN24F150mMV2_SC51",NA,"GTACACACCGCCCGTC","TGATCCTTCTGCAGGTTCACCTAC",NA,NA,NA,"Poretics","0.22um",-80,"environmental","CN24F150mMV2_SC51_FK","AVITI 2x150 bp low output flow cell","MSU",NA,18,NA,NA,NA,NA,"CN24F 150m exp",150,"AVITI","CN24F 150m exp 150"
"154","CN24F150mMV2_SC52_FK",-0.0786093741924026,-0.0673607778320326,-0.0456484085938547,"MV2","FK","CN24F150mMV2_SC52_L1_R1.fastq.gz","CN24F150mMV2_SC52_L1_R2.fastq.gz","Francisco Chavez",NA,NA,"MBARI",NA,"ESP",NA,NA,NA,52,NA,NA,NA,NA,150,NA,"marine biome  (ENVO:00000447)","coastal water (ENVO:00001250)","waterborne particulate matter (ENVO:01000436)",NA,NA,"USA:California:Monterey Bay","FK82",NA,82,"CN24F150mMV2_SC52",NA,"GTACACACCGCCCGTC","TGATCCTTCTGCAGGTTCACCTAC",NA,NA,NA,"Poretics","0.22um",-80,"environmental","CN24F150mMV2_SC52_FK","AVITI 2x150 bp low output flow cell","MSU",NA,18,NA,NA,NA,NA,"CN24F 150m exp",150,"AVITI","CN24F 150m exp 150"
"155","CN24F150mMV2_SC53_FK",-0.0879942827125275,-0.0656591418720139,-0.0318912985979227,"MV2","FK","CN24F150mMV2_SC53_L1_R1.fastq.gz","CN24F150mMV2_SC53_L1_R2.fastq.gz","Francisco Chavez",NA,NA,"MBARI",NA,"ESP",NA,NA,NA,53,NA,NA,NA,NA,150,NA,"marine biome  (ENVO:00000447)","coastal water (ENVO:00001250)","waterborne particulate matter (ENVO:01000436)",NA,NA,"USA:California:Monterey Bay","FK83",NA,83,"CN24F150mMV2_SC53",NA,"GTACACACCGCCCGTC","TGATCCTTCTGCAGGTTCACCTAC",NA,NA,NA,"Poretics","0.22um",-80,"environmental","CN24F150mMV2_SC53_FK","AVITI 2x150 bp low output flow cell","MSU",NA,18,NA,NA,NA,NA,"CN24F 150m exp",150,"AVITI","CN24F 150m exp 150"
"156","CN24F150mMV2_SC54_FK",-0.0838298124324107,-0.0790604018514033,-0.038516673483396,"MV2","FK","CN24F150mMV2_SC54_L1_R1.fastq.gz","CN24F150mMV2_SC54_L1_R2.fastq.gz","Francisco Chavez",NA,NA,"MBARI",NA,"ESP",NA,NA,NA,54,NA,NA,NA,NA,150,NA,"marine biome  (ENVO:00000447)","coastal water (ENVO:00001250)","waterborne particulate matter (ENVO:01000436)",NA,NA,"USA:California:Monterey Bay","FK84",NA,84,"CN24F150mMV2_SC54",NA,"GTACACACCGCCCGTC","TGATCCTTCTGCAGGTTCACCTAC",NA,NA,NA,"Poretics","0.22um",-80,"environmental","CN24F150mMV2_SC54_FK","AVITI 2x150 bp low output flow cell","MSU",NA,18,NA,NA,NA,NA,"CN24F 150m exp",150,"AVITI","CN24F 150m exp 150"
"157","CN24F150mMV2_SC55_FK",-0.113385693166298,-0.0701754578648728,-0.0693924180317063,"MV2","FK","CN24F150mMV2_SC55_L1_R1.fastq.gz","CN24F150mMV2_SC55_L1_R2.fastq.gz","Francisco Chavez",NA,NA,"MBARI",NA,"ESP",NA,NA,NA,55,NA,NA,NA,NA,150,NA,"marine biome  (ENVO:00000447)","coastal water (ENVO:00001250)","waterborne particulate matter (ENVO:01000436)",NA,NA,"USA:California:Monterey Bay","FK85",NA,85,"CN24F150mMV2_SC55",NA,"GTACACACCGCCCGTC","TGATCCTTCTGCAGGTTCACCTAC",NA,NA,NA,"Poretics","0.22um",-80,"environmental","CN24F150mMV2_SC55_FK","AVITI 2x150 bp low output flow cell","MSU",NA,18,NA,NA,NA,NA,"CN24F 150m exp",150,"AVITI","CN24F 150m exp 150"
"158","CN24F150mMV2_SC56_FK",-0.103829589753754,-0.0731796479496026,-0.0172565360683413,"MV2","FK","CN24F150mMV2_SC56_L1_R1.fastq.gz","CN24F150mMV2_SC56_L1_R2.fastq.gz","Francisco Chavez",NA,NA,"MBARI",NA,"ESP",NA,NA,NA,56,NA,NA,NA,NA,150,NA,"marine biome  (ENVO:00000447)","coastal water (ENVO:00001250)","waterborne particulate matter (ENVO:01000436)",NA,NA,"USA:California:Monterey Bay","FK86",NA,86,"CN24F150mMV2_SC56",NA,"GTACACACCGCCCGTC","TGATCCTTCTGCAGGTTCACCTAC",NA,NA,NA,"Poretics","0.22um",-80,"environmental","CN24F150mMV2_SC56_FK","AVITI 2x150 bp low output flow cell","MSU",NA,18,NA,NA,NA,NA,"CN24F 150m exp",150,"AVITI","CN24F 150m exp 150"
"159","CN24F150mMV2_SC57_FK",-0.100653178329071,-0.0711604335592237,-0.0439010289965389,"MV2","FK","CN24F150mMV2_SC57_L1_R1.fastq.gz","CN24F150mMV2_SC57_L1_R2.fastq.gz","Francisco Chavez",NA,NA,"MBARI",NA,"ESP",NA,NA,NA,57,NA,NA,NA,NA,150,NA,"marine biome  (ENVO:00000447)","coastal water (ENVO:00001250)","waterborne particulate matter (ENVO:01000436)",NA,NA,"USA:California:Monterey Bay","FK87",NA,87,"CN24F150mMV2_SC57",NA,"GTACACACCGCCCGTC","TGATCCTTCTGCAGGTTCACCTAC",NA,NA,NA,"Poretics","0.22um",-80,"environmental","CN24F150mMV2_SC57_FK","AVITI 2x150 bp low output flow cell","MSU",NA,18,NA,NA,NA,NA,"CN24F 150m exp",150,"AVITI","CN24F 150m exp 150"
"160","CN24F150mMV2_SC58_FK",-0.1027904266879,-0.0777844238539255,-0.0284082982077697,"MV2","FK","CN24F150mMV2_SC58_L1_R1.fastq.gz","CN24F150mMV2_SC58_L1_R2.fastq.gz","Francisco Chavez",NA,NA,"MBARI",NA,"ESP",NA,NA,NA,58,NA,NA,NA,NA,150,NA,"marine biome  (ENVO:00000447)","coastal water (ENVO:00001250)","waterborne particulate matter (ENVO:01000436)",NA,NA,"USA:California:Monterey Bay","FK88",NA,88,"CN24F150mMV2_SC58",NA,"GTACACACCGCCCGTC","TGATCCTTCTGCAGGTTCACCTAC",NA,NA,NA,"Poretics","0.22um",-80,"environmental","CN24F150mMV2_SC58_FK","AVITI 2x150 bp low output flow cell","MSU",NA,18,NA,NA,NA,NA,"CN24F 150m exp",150,"AVITI","CN24F 150m exp 150"
"161","CN24F150mMV2_SC59_FK",-0.108287605122517,-0.0726230544927107,-0.0459697757154455,"MV2","FK","CN24F150mMV2_SC59_L1_R1.fastq.gz","CN24F150mMV2_SC59_L1_R2.fastq.gz","Francisco Chavez",NA,NA,"MBARI",NA,"ESP",NA,NA,NA,59,NA,NA,NA,NA,150,NA,"marine biome  (ENVO:00000447)","coastal water (ENVO:00001250)","waterborne particulate matter (ENVO:01000436)",NA,NA,"USA:California:Monterey Bay","FK89",NA,89,"CN24F150mMV2_SC59",NA,"GTACACACCGCCCGTC","TGATCCTTCTGCAGGTTCACCTAC",NA,NA,NA,"Poretics","0.22um",-80,"environmental","CN24F150mMV2_SC59_FK","AVITI 2x150 bp low output flow cell","MSU",NA,18,NA,NA,NA,NA,"CN24F 150m exp",150,"AVITI","CN24F 150m exp 150"
"162","14223c01_05c_eDNA_FK",0.00994900882322066,0.170216269236149,-0.0293685579727371,NA,"FK","14223c01_05c_eDNA_L1_R1.fastq.gz","14223c01_05c_eDNA_L1_R2.fastq.gz","Francisco Chavez",5,14223,"MBARI","Rachel Carson","ship",301.012,"MARS",1,NA,-0.0994,36.711,-122.196,26.6553,300,1.0366,"marine biome  (ENVO:00000447)","coastal water (ENVO:00001250)","waterborne particulate matter (ENVO:01000436)",2023-05-22 17:53:00,0.1247,"USA:California:Monterey Bay","FK1",37.857,1,"14223c01_05c_eDNA",303.469,"GTACACACCGCCCGTC","TGATCCTTCTGCAGGTTCACCTAC","Cannon","c",34.1852,"Poretics","0.22um",-80,"environmental","14223c01_05c_eDNA_FK","AVITI 2x150 bp low output flow cell","MSU",NA,18,7.8849,2023,5,22,"CN23S MARS",300,"AVITI","CN23S MARS 300"
"163","14223c01_07c_eDNA_FK",-0.0195363492838524,0.165616369472591,0.0122754180177671,NA,"FK","14223c01_07c_eDNA_L1_R1.fastq.gz","14223c01_07c_eDNA_L1_R2.fastq.gz","Francisco Chavez",7,14223,"MBARI","Rachel Carson","ship",202.055,"MARS",1,NA,-0.0468,36.711,-122.196,26.5257,200,1.3929,"marine biome  (ENVO:00000447)","coastal water (ENVO:00001250)","waterborne particulate matter (ENVO:01000436)",2023-05-22 17:53:00,0.1296,"USA:California:Monterey Bay","FK2",27.967,2,"14223c01_07c_eDNA",203.656,"GTACACACCGCCCGTC","TGATCCTTCTGCAGGTTCACCTAC","Cannon","c",34.1371,"Poretics","0.22um",-80,"environmental","14223c01_07c_eDNA_FK","AVITI 2x150 bp low output flow cell","MSU",NA,18,8.4879,2023,5,22,"CN23S MARS",200,"AVITI","CN23S MARS 200"
"164","14223c01_06c_eDNA_FK",-0.0168060565686899,0.166985538313155,-0.0382826198668644,NA,"FK","14223c01_06c_eDNA_L1_R1.fastq.gz","14223c01_06c_eDNA_L1_R2.fastq.gz","Francisco Chavez",6,14223,"MBARI","Rachel Carson","ship",251.868,"MARS",1,NA,-0.0791,36.711,-122.196,26.5679,250,1.2635,"marine biome  (ENVO:00000447)","coastal water (ENVO:00001250)","waterborne particulate matter (ENVO:01000436)",2023-05-22 17:53:00,0.1266,"USA:California:Monterey Bay","FK3",31.056,3,"14223c01_06c_eDNA",253.894,"GTACACACCGCCCGTC","TGATCCTTCTGCAGGTTCACCTAC","Cannon","c",34.1584,"Poretics","0.22um",-80,"environmental","14223c01_06c_eDNA_FK","AVITI 2x150 bp low output flow cell","MSU",NA,18,8.3253,2023,5,22,"CN23S MARS",250,"AVITI","CN23S MARS 250"
"165","14223c01_04c_eDNA_FK",0.0305325014933668,0.173469369779528,-0.0668523885412709,NA,"FK","14223c01_04c_eDNA_L1_R1.fastq.gz","14223c01_04c_eDNA_L1_R2.fastq.gz","Francisco Chavez",4,14223,"MBARI","Rachel Carson","ship",401.441,"MARS",1,NA,-0.1082,36.711,-122.196,26.7393,400,0.8192,"marine biome  (ENVO:00000447)","coastal water (ENVO:00001250)","waterborne particulate matter (ENVO:01000436)",2023-05-22 17:53:00,0.1239,"USA:California:Monterey Bay","FK5",39.831,5,"14223c01_04c_eDNA",404.817,"GTACACACCGCCCGTC","TGATCCTTCTGCAGGTTCACCTAC","Cannon","c",34.1991,"Poretics","0.22um",-80,"environmental","14223c01_04c_eDNA_FK","AVITI 2x150 bp low output flow cell","MSU",NA,18,7.3874,2023,5,22,"CN23S MARS",400,"AVITI","CN23S MARS 400"
"166","14223c01_02c_eDNA_FK",0.0337703045226382,0.161100738529679,-0.165352576278781,NA,"FK","14223c01_02c_eDNA_L1_R1.fastq.gz","14223c01_02c_eDNA_L1_R2.fastq.gz","Francisco Chavez",2,14223,"MBARI","Rachel Carson","ship",601.895,"MARS",1,NA,-0.1048,36.711,-122.196,26.9458,600,0.3844,"marine biome  (ENVO:00000447)","coastal water (ENVO:00001250)","waterborne particulate matter (ENVO:01000436)",2023-05-22 17:53:00,0.1242,"USA:California:Monterey Bay","FK7",43.736,7,"14223c01_02c_eDNA",607.252,"GTACACACCGCCCGTC","TGATCCTTCTGCAGGTTCACCTAC","Cannon","c",34.2505,"Poretics","0.22um",-80,"environmental","14223c01_02c_eDNA_FK","AVITI 2x150 bp low output flow cell","MSU",NA,18,6.1689,2023,5,22,"CN23S MARS",600,"AVITI","CN23S MARS 600"
"167","14223c01_01c_eDNA_FK",0.0567919889940571,0.16769110451204,-0.191990635181669,NA,"FK","14223c01_01c_eDNA_L1_R1.fastq.gz","14223c01_01c_eDNA_L1_R2.fastq.gz","Francisco Chavez",1,14223,"MBARI","Rachel Carson","ship",699.856,"MARS",1,NA,-0.0637,36.711,-122.196,27.1194,700,0.2595,"marine biome  (ENVO:00000447)","coastal water (ENVO:00001250)","waterborne particulate matter (ENVO:01000436)",2023-05-22 17:53:00,0.128,"USA:California:Monterey Bay","FK8",46.121,8,"14223c01_01c_eDNA",706.253,"GTACACACCGCCCGTC","TGATCCTTCTGCAGGTTCACCTAC","Cannon","c",34.3191,"Poretics","0.22um",-80,"environmental","14223c01_01c_eDNA_FK","AVITI 2x150 bp low output flow cell","MSU",NA,18,5.1966,2023,5,22,"CN23S MARS",700,"AVITI","CN23S MARS 700"
"168","14223c01_03c_eDNA_FK",0.0420777012874387,0.168175350525593,-0.107151791816484,NA,"FK","14223c01_03c_eDNA_L1_R1.fastq.gz","14223c01_03c_eDNA_L1_R2.fastq.gz","Francisco Chavez",3,14223,"MBARI","Rachel Carson","ship",500.926,"MARS",1,NA,-0.112,36.711,-122.196,26.8855,500,0.504,"marine biome  (ENVO:00000447)","coastal water (ENVO:00001250)","waterborne particulate matter (ENVO:01000436)",2023-05-22 17:53:00,0.1235,"USA:California:Monterey Bay","FK9",35.907,9,"14223c01_03c_eDNA",505.26,"GTACACACCGCCCGTC","TGATCCTTCTGCAGGTTCACCTAC","Cannon","c",34.2243,"Poretics","0.22um",-80,"environmental","14223c01_03c_eDNA_FK","AVITI 2x150 bp low output flow cell","MSU",NA,18,6.4669,2023,5,22,"CN23S MARS",500,"AVITI","CN23S MARS 500"
"169","22624c02_03c_eDNA_FK",-0.0206710421740409,0.104331503809488,-0.0241677416663621,NA,"FK","22624c02_03c_eDNA_L1_R1.fastq.gz","22624c02_03c_eDNA_L1_R2.fastq.gz","Francisco Chavez",3,22624,"MBARI","RACHEL CARSON","ship",150.696,"MOORING1",2,NA,-0.0698,36.7472,-122.0217,26.3675,150,1.588,"marine biome  (ENVO:00000447)","coastal water (ENVO:00001250)","waterborne particulate matter (ENVO:01000436)",2024-08-13 17:36:00,0.1275,"USA:California:Monterey Bay","FK36",NA,36,"22624c02_03c_eDNA",151.871,"GTACACACCGCCCGTC","TGATCCTTCTGCAGGTTCACCTAC","PTLO","c",34.1,"Poretics","0.22um",-80,"environmental","22624c02_03c_eDNA_FK","AVITI 2x150 bp low output flow cell","MSU",NA,18,9.3023,2024,8,13,"MBTS 22624",150,"AVITI","MBTS 22624 150"
"170","22624c03_12c_eDNA_FK",0.115886378116007,-0.0353273335312985,0.073763074271105,NA,"FK","22624c03_12c_eDNA_L1_R1.fastq.gz","22624c03_12c_eDNA_L1_R2.fastq.gz","Francisco Chavez",12,22624,"MBARI","RACHEL CARSON","ship",3.292,"MOORING2",3,NA,1.125,36.6968,-122.3775,25.3035,0,5.7844,"marine biome  (ENVO:00000447)","coastal water (ENVO:00001250)","waterborne particulate matter (ENVO:01000436)",2024-08-13 20:07:00,0.239,"USA:California:Monterey Bay","FK37",NA,37,"22624c03_12c_eDNA",3.316,"GTACACACCGCCCGTC","TGATCCTTCTGCAGGTTCACCTAC","PTLO","c",33.72,"Poretics","0.22um",-80,"environmental","22624c03_12c_eDNA_FK","AVITI 2x150 bp low output flow cell","MSU",NA,18,13.4873,2024,8,13,"MBTS 22624",0,"AVITI","MBTS 22624 0"
"171","22624c03_06c_eDNA_FK",-0.00532196632876609,0.0219295323471726,0.0340524619630086,NA,"FK","22624c03_06c_eDNA_L1_R1.fastq.gz","22624c03_06c_eDNA_L1_R2.fastq.gz","Francisco Chavez",6,22624,"MBARI","RACHEL CARSON","ship",60.383,"MOORING2",3,NA,0.0159,36.6968,-122.3775,26.0543,60,2.3923,"marine biome  (ENVO:00000447)","coastal water (ENVO:00001250)","waterborne particulate matter (ENVO:01000436)",2024-08-13 20:07:00,0.1355,"USA:California:Monterey Bay","FK40",NA,40,"22624c03_06c_eDNA",60.84,"GTACACACCGCCCGTC","TGATCCTTCTGCAGGTTCACCTAC","PTLO","c",33.8559,"Poretics","0.22um",-80,"environmental","22624c03_06c_eDNA_FK","AVITI 2x150 bp low output flow cell","MSU",NA,18,10.0319,2024,8,13,"MBTS 22624",60,"AVITI","MBTS 22624 60"
"172","22624c03_03c_eDNA_FK",-0.0133990301825923,0.129701404764488,0.0970211478763218,NA,"FK","22624c03_03c_eDNA_L1_R1.fastq.gz","22624c03_03c_eDNA_L1_R2.fastq.gz","Francisco Chavez",3,22624,"MBARI","RACHEL CARSON","ship",150.793,"MOORING2",3,NA,-0.0733,36.6968,-122.3775,26.411,150,1.5728,"marine biome  (ENVO:00000447)","coastal water (ENVO:00001250)","waterborne particulate matter (ENVO:01000436)",2024-08-13 20:07:00,0.1272,"USA:California:Monterey Bay","FK41",NA,41,"22624c03_03c_eDNA",151.969,"GTACACACCGCCCGTC","TGATCCTTCTGCAGGTTCACCTAC","PTLO","c",34.1293,"Poretics","0.22um",-80,"environmental","22624c03_03c_eDNA_FK","AVITI 2x150 bp low output flow cell","MSU",NA,18,9.1746,2024,8,13,"MBTS 22624",150,"AVITI","MBTS 22624 150"
"173","20524c01_03c_eDNA_FK",-0.0415938611758291,0.0811531873245265,-0.0811912650929878,NA,"FK","20524c01_03c_eDNA_L1_R1.fastq.gz","20524c01_03c_eDNA_L1_R2.fastq.gz","Francisco Chavez",3,20524,"MBARI","RACHEL CARSON","ship",150.809,"C1",1,NA,0.0375,36.7985,-121.847,26.3209,150,1.9228,"marine biome  (ENVO:00000447)","coastal water (ENVO:00001250)","waterborne particulate matter (ENVO:01000436)",2024-07-23 15:56:00,0.1375,"USA:California:Monterey Bay","FK51",NA,51,"20524c01_03c_eDNA",151.985,"GTACACACCGCCCGTC","TGATCCTTCTGCAGGTTCACCTAC","PTLO","c",34.0013,"Poretics","0.22um",-80,"environmental","20524c01_03c_eDNA_FK","AVITI 2x150 bp low output flow cell","MSU",NA,18,9.1118,2024,7,23,"MBTS 20524",150,"AVITI","MBTS 20524 150"
"174","20524c03_12c_eDNA_FK",0.1077630483951,-0.0563994044862167,-0.151119864997474,NA,"FK","20524c03_12c_eDNA_L1_R1.fastq.gz","20524c03_12c_eDNA_L1_R2.fastq.gz","Francisco Chavez",12,20524,"MBARI","RACHEL CARSON","ship",2.759,"MOORING 2",3,NA,10.9805,36.6982,-122.378,25.0906,0,9.0136,"marine biome  (ENVO:00000447)","coastal water (ENVO:00001250)","waterborne particulate matter (ENVO:01000436)",2024-07-23 20:06:00,1.1592,"USA:California:Monterey Bay","FK52",NA,52,"20524c03_12c_eDNA",2.779,"GTACACACCGCCCGTC","TGATCCTTCTGCAGGTTCACCTAC","PTLO","c",33.7366,"Poretics","0.22um",-80,"environmental","20524c03_12c_eDNA_FK","AVITI 2x150 bp low output flow cell","MSU",NA,18,14.571,2024,7,23,"MBTS 20524",0,"AVITI","MBTS 20524 0"
"175","17024c03_03c_eDNA_FK",0.000304178671681983,0.143886366595802,-0.0478854633265861,NA,"FK","17024c03_03c_eDNA_L1_R1.fastq.gz","17024c03_03c_eDNA_L1_R2.fastq.gz","Francisco Chavez",3,17024,"MBARI","RACHEL CARSON","ship",151.154,"MOORING 2",3,NA,-0.0711,36.6942,-122.3785,26.4364,150,2.0085,"marine biome  (ENVO:00000447)","coastal water (ENVO:00001250)","waterborne particulate matter (ENVO:01000436)",2024-06-18 19:25:00,0.1274,"USA:California:Monterey Bay","FK57",NA,57,"17024c03_03c_eDNA",152.332,"GTACACACCGCCCGTC","TGATCCTTCTGCAGGTTCACCTAC","PTLO","c",34.0072,"Poretics","0.22um",-80,"environmental","17024c03_03c_eDNA_FK","AVITI 2x150 bp low output flow cell","MSU",NA,18,8.4001,2024,6,18,"MBTS 17024",150,"AVITI","MBTS 17024 150"
"176","17024c03_06c_eDNA_FK",-0.0326213323851761,0.0812439144896413,0.1025071316397,NA,"FK","17024c03_06c_eDNA_L1_R1.fastq.gz","17024c03_06c_eDNA_L1_R2.fastq.gz","Francisco Chavez",6,17024,"MBARI","RACHEL CARSON","ship",61.079,"MOORING 2",3,NA,-0.0199,36.6942,-122.3785,26.0472,60,2.6978,"marine biome  (ENVO:00000447)","coastal water (ENVO:00001250)","waterborne particulate matter (ENVO:01000436)",2024-06-18 19:25:00,0.1321,"USA:California:Monterey Bay","FK58",NA,58,"17024c03_06c_eDNA",61.542,"GTACACACCGCCCGTC","TGATCCTTCTGCAGGTTCACCTAC","PTLO","c",33.7522,"Poretics","0.22um",-80,"environmental","17024c03_06c_eDNA_FK","AVITI 2x150 bp low output flow cell","MSU",NA,18,9.5887,2024,6,18,"MBTS 17024",60,"AVITI","MBTS 17024 60"
"177","17024c01_03c_eDNA_FK",-0.0679978076945525,0.0911975869232923,0.0580860044583324,NA,"FK","17024c01_03c_eDNA_L1_R1.fastq.gz","17024c01_03c_eDNA_L1_R2.fastq.gz","Francisco Chavez",3,17024,"MBARI","RACHEL CARSON","ship",150.653,"C1",1,NA,0.0127,36.7982,-121.8468,26.5255,150,1.4072,"marine biome  (ENVO:00000447)","coastal water (ENVO:00001250)","waterborne particulate matter (ENVO:01000436)",2024-06-18 14:54:00,0.1352,"USA:California:Monterey Bay","FK67",32.027,67,"17024c01_03c_eDNA",151.829,"GTACACACCGCCCGTC","TGATCCTTCTGCAGGTTCACCTAC","PTLO","c",34.0735,"Poretics","0.22um",-80,"environmental","17024c01_03c_eDNA_FK","AVITI 2x150 bp low output flow cell","MSU",NA,18,8.1545,2024,6,18,"MBTS 17024",150,"AVITI","MBTS 17024 150"
"178","17024c01_06c_eDNA_FK",-0.0680202684932326,0.0660172668975197,0.0647489813189645,NA,"FK","17024c01_06c_eDNA_L1_R1.fastq.gz","17024c01_06c_eDNA_L1_R2.fastq.gz","Francisco Chavez",6,17024,"MBARI","RACHEL CARSON","ship",59.956,"C1",1,NA,0.0823,36.7982,-121.8468,26.3147,60,1.8801,"marine biome  (ENVO:00000447)","coastal water (ENVO:00001250)","waterborne particulate matter (ENVO:01000436)",2024-06-18 14:54:00,0.1417,"USA:California:Monterey Bay","FK68",28.146,68,"17024c01_06c_eDNA",60.41,"GTACACACCGCCCGTC","TGATCCTTCTGCAGGTTCACCTAC","PTLO","c",33.9718,"Poretics","0.22um",-80,"environmental","17024c01_06c_eDNA_FK","AVITI 2x150 bp low output flow cell","MSU",NA,18,8.9956,2024,6,18,"MBTS 17024",60,"AVITI","MBTS 17024 60"
