"","sample_name","PC1","PC2","PC3","ESP","PlateID","R1","R2","SAMPLING_PI","SAMPLING_bottle","SAMPLING_cruise","SAMPLING_institute","SAMPLING_platform","SAMPLING_platform_type","SAMPLING_rdepth","SAMPLING_station","SAMPLING_station_number","SC","chlorophyll","decimalLatitude","decimalLongitude","density","depth","diss_oxygen","env_broad_scale","env_local_scale","env_medium","eventDate","fluor","geo_loc_name","library","nitrate","order","original_name","pressure","primer_sequence_forward","primer_sequence_reverse","project_name","replicate","salinity","samp_filter_ext_type","samp_filter_size_ext","samp_store_temp","sample_type","seqID","seq_meth","sequencing_facility","tag_sequence","target_gene","temp","year","month","day","sample_source","depth_round","sequencer","source_depth"
"1","14223c01_05c_eDNA_FD",0.00828774269285225,0.159488856196558,-0.0219715681412399,NA,"FD","14223c01_05c_eDNA_S1_L001_R1_001.fastq.gz","14223c01_05c_eDNA_S1_L001_R2_001.fastq.gz","Francisco Chavez",5,14223,"MBARI","Rachel Carson","ship",301.012,"MARS",1,NA,-0.0994,36.711,-122.196,26.6553,300,1.0366,"marine biome  (ENVO:00000447)","coastal water (ENVO:00001250)","waterborne particulate matter (ENVO:01000436)",2023-05-22 17:53:00,0.1247,"USA:California:Monterey Bay","FD1",37.857,1,"14223c01_05c_eDNA",303.469,"GTACACACCGCCCGTC","TGATCCTTCTGCAGGTTCACCTAC","Cannon","c",34.1852,"Poretics","0.22um",-80,"environmental","14223c01_05c_eDNA_FD","NGS Illumina Miseq","MSU","GATTCACGAC",18,7.8849,2023,5,22,"CN23S MARS",300,"MiSeq","CN23S MARS 300"
"2","14223c01_07c_eDNA_FD",-0.0328884221648339,0.148499214609311,-0.0938579917643296,NA,"FD","14223c01_07c_eDNA_S2_L001_R1_001.fastq.gz","14223c01_07c_eDNA_S2_L001_R2_001.fastq.gz","Francisco Chavez",7,14223,"MBARI","Rachel Carson","ship",202.055,"MARS",1,NA,-0.0468,36.711,-122.196,26.5257,200,1.3929,"marine biome  (ENVO:00000447)","coastal water (ENVO:00001250)","waterborne particulate matter (ENVO:01000436)",2023-05-22 17:53:00,0.1296,"USA:California:Monterey Bay","FD2",27.967,2,"14223c01_07c_eDNA",203.656,"GTACACACCGCCCGTC","TGATCCTTCTGCAGGTTCACCTAC","Cannon","c",34.1371,"Poretics","0.22um",-80,"environmental","14223c01_07c_eDNA_FD","NGS Illumina Miseq","MSU","AGAACCTCGC",18,8.4879,2023,5,22,"CN23S MARS",200,"MiSeq","CN23S MARS 200"
"3","14223c01_06c_eDNA_FD",-0.0209912190906796,0.151785116142796,-0.03355485113174,NA,"FD","14223c01_06c_eDNA_S3_L001_R1_001.fastq.gz","14223c01_06c_eDNA_S3_L001_R2_001.fastq.gz","Francisco Chavez",6,14223,"MBARI","Rachel Carson","ship",251.868,"MARS",1,NA,-0.0791,36.711,-122.196,26.5679,250,1.2635,"marine biome  (ENVO:00000447)","coastal water (ENVO:00001250)","waterborne particulate matter (ENVO:01000436)",2023-05-22 17:53:00,0.1266,"USA:California:Monterey Bay","FD3",31.056,3,"14223c01_06c_eDNA",253.894,"GTACACACCGCCCGTC","TGATCCTTCTGCAGGTTCACCTAC","Cannon","c",34.1584,"Poretics","0.22um",-80,"environmental","14223c01_06c_eDNA_FD","NGS Illumina Miseq","MSU","ATCCGATCTT",18,8.3253,2023,5,22,"CN23S MARS",250,"MiSeq","CN23S MARS 250"
"4","14223c01_10c_eDNA_FD",0.0663756567441892,-0.0318978127334702,0.102843243454357,NA,"FD","14223c01_10c_eDNA_S4_L001_R1_001.fastq.gz","14223c01_10c_eDNA_S4_L001_R2_001.fastq.gz","Francisco Chavez",10,14223,"MBARI","Rachel Carson","ship",21.024,"MARS",1,NA,1.7658,36.711,-122.196,25.1101,20,6.0492,"marine biome  (ENVO:00000447)","coastal water (ENVO:00001250)","waterborne particulate matter (ENVO:01000436)",2023-05-22 17:53:00,0.2989,"USA:California:Monterey Bay","FD4",7.481,4,"14223c01_10c_eDNA",21.181,"GTACACACCGCCCGTC","TGATCCTTCTGCAGGTTCACCTAC","Cannon","c",33.2522,"Poretics","0.22um",-80,"environmental","14223c01_10c_eDNA_FD","NGS Illumina Miseq","MSU","AGAGAGACCG",18,12.6401,2023,5,22,"CN23S MARS",20,"MiSeq","CN23S MARS 20"
"5","14223c01_04c_eDNA_FD",0.0225608642897813,0.156691400977745,0.0454748606438359,NA,"FD","14223c01_04c_eDNA_S5_L001_R1_001.fastq.gz","14223c01_04c_eDNA_S5_L001_R2_001.fastq.gz","Francisco Chavez",4,14223,"MBARI","Rachel Carson","ship",401.441,"MARS",1,NA,-0.1082,36.711,-122.196,26.7393,400,0.8192,"marine biome  (ENVO:00000447)","coastal water (ENVO:00001250)","waterborne particulate matter (ENVO:01000436)",2023-05-22 17:53:00,0.1239,"USA:California:Monterey Bay","FD5",39.831,5,"14223c01_04c_eDNA",404.817,"GTACACACCGCCCGTC","TGATCCTTCTGCAGGTTCACCTAC","Cannon","c",34.1991,"Poretics","0.22um",-80,"environmental","14223c01_04c_eDNA_FD","NGS Illumina Miseq","MSU","CTTGAAGAGG",18,7.3874,2023,5,22,"CN23S MARS",400,"MiSeq","CN23S MARS 400"
"6","14223c01_09c_eDNA_FD",-0.0320179701016136,0.019021492420369,0.119920073275882,NA,"FD","14223c01_09c_eDNA_S6_L001_R1_001.fastq.gz","14223c01_09c_eDNA_S6_L001_R2_001.fastq.gz","Francisco Chavez",9,14223,"MBARI","Rachel Carson","ship",61.34,"MARS",1,NA,0.0674,36.711,-122.196,26.0385,60,3.4987,"marine biome  (ENVO:00000447)","coastal water (ENVO:00001250)","waterborne particulate matter (ENVO:01000436)",2023-05-22 17:53:00,0.1403,"USA:California:Monterey Bay","FD6",25.001,6,"14223c01_09c_eDNA",61.805,"GTACACACCGCCCGTC","TGATCCTTCTGCAGGTTCACCTAC","Cannon","c",33.8392,"Poretics","0.22um",-80,"environmental","14223c01_09c_eDNA_FD","NGS Illumina Miseq","MSU","GAGAAGCCGT",18,10.0487,2023,5,22,"CN23S MARS",60,"MiSeq","CN23S MARS 60"
"7","14223c01_02c_eDNA_FD",0.0251324329827223,0.149959635241146,0.126049419581836,NA,"FD","14223c01_02c_eDNA_S7_L001_R1_001.fastq.gz","14223c01_02c_eDNA_S7_L001_R2_001.fastq.gz","Francisco Chavez",2,14223,"MBARI","Rachel Carson","ship",601.895,"MARS",1,NA,-0.1048,36.711,-122.196,26.9458,600,0.3844,"marine biome  (ENVO:00000447)","coastal water (ENVO:00001250)","waterborne particulate matter (ENVO:01000436)",2023-05-22 17:53:00,0.1242,"USA:California:Monterey Bay","FD7",43.736,7,"14223c01_02c_eDNA",607.252,"GTACACACCGCCCGTC","TGATCCTTCTGCAGGTTCACCTAC","Cannon","c",34.2505,"Poretics","0.22um",-80,"environmental","14223c01_02c_eDNA_FD","NGS Illumina Miseq","MSU","GAAGACTCGG",18,6.1689,2023,5,22,"CN23S MARS",600,"MiSeq","CN23S MARS 600"
"8","14223c01_01c_eDNA_FD",0.041884555440188,0.159814983455345,0.181146140588516,NA,"FD","14223c01_01c_eDNA_S8_L001_R1_001.fastq.gz","14223c01_01c_eDNA_S8_L001_R2_001.fastq.gz","Francisco Chavez",1,14223,"MBARI","Rachel Carson","ship",699.856,"MARS",1,NA,-0.0637,36.711,-122.196,27.1194,700,0.2595,"marine biome  (ENVO:00000447)","coastal water (ENVO:00001250)","waterborne particulate matter (ENVO:01000436)",2023-05-22 17:53:00,0.128,"USA:California:Monterey Bay","FD8",46.121,8,"14223c01_01c_eDNA",706.253,"GTACACACCGCCCGTC","TGATCCTTCTGCAGGTTCACCTAC","Cannon","c",34.3191,"Poretics","0.22um",-80,"environmental","14223c01_01c_eDNA_FD","NGS Illumina Miseq","MSU","AACGTGAACG",18,5.1966,2023,5,22,"CN23S MARS",700,"MiSeq","CN23S MARS 700"
"9","14223c01_03c_eDNA_FD",0.0435034029803357,0.15877322254301,0.0878098288037324,NA,"FD","14223c01_03c_eDNA_S9_L001_R1_001.fastq.gz","14223c01_03c_eDNA_S9_L001_R2_001.fastq.gz","Francisco Chavez",3,14223,"MBARI","Rachel Carson","ship",500.926,"MARS",1,NA,-0.112,36.711,-122.196,26.8855,500,0.504,"marine biome  (ENVO:00000447)","coastal water (ENVO:00001250)","waterborne particulate matter (ENVO:01000436)",2023-05-22 17:53:00,0.1235,"USA:California:Monterey Bay","FD9",35.907,9,"14223c01_03c_eDNA",505.26,"GTACACACCGCCCGTC","TGATCCTTCTGCAGGTTCACCTAC","Cannon","c",34.2243,"Poretics","0.22um",-80,"environmental","14223c01_03c_eDNA_FD","NGS Illumina Miseq","MSU","CGTAGAACAG",18,6.4669,2023,5,22,"CN23S MARS",500,"MiSeq","CN23S MARS 500"
"10","14223c01_12c_eDNA_FD",0.0737503556549922,-0.0176745029310193,0.143509618179702,NA,"FD","14223c01_12c_eDNA_S10_L001_R1_001.fastq.gz","14223c01_12c_eDNA_S10_L001_R2_001.fastq.gz","Francisco Chavez",12,14223,"MBARI","Rachel Carson","ship",3.112,"MARS",1,NA,1.1456,36.711,-122.196,25.0996,0,6.0942,"marine biome  (ENVO:00000447)","coastal water (ENVO:00001250)","waterborne particulate matter (ENVO:01000436)",2023-05-22 17:53:00,0.241,"USA:California:Monterey Bay","FD10",6.645,10,"14223c01_12c_eDNA",3.135,"GTACACACCGCCCGTC","TGATCCTTCTGCAGGTTCACCTAC","Cannon","c",33.2531,"Poretics","0.22um",-80,"environmental","14223c01_12c_eDNA_FD","NGS Illumina Miseq","MSU","CCTACGGACA",18,12.6957,2023,5,22,"CN23S MARS",0,"MiSeq","CN23S MARS 0"
"11","14223c01_08c_eDNA_FD",-0.0235936354744942,0.0542190029014984,0.0782556905257809,NA,"FD","14223c01_08c_eDNA_S11_L001_R1_001.fastq.gz","14223c01_08c_eDNA_S11_L001_R2_001.fastq.gz","Francisco Chavez",8,14223,"MBARI","Rachel Carson","ship",101.114,"MARS",1,NA,-0.0212,36.711,-122.196,26.2686,100,2.4491,"marine biome  (ENVO:00000447)","coastal water (ENVO:00001250)","waterborne particulate matter (ENVO:01000436)",2023-05-22 17:53:00,0.132,"USA:California:Monterey Bay","FD11",23.505,11,"14223c01_08c_eDNA",101.89,"GTACACACCGCCCGTC","TGATCCTTCTGCAGGTTCACCTAC","Cannon","c",33.9602,"Poretics","0.22um",-80,"environmental","14223c01_08c_eDNA_FD","NGS Illumina Miseq","MSU","CGGACGTTAA",18,9.2321,2023,5,22,"CN23S MARS",100,"MiSeq","CN23S MARS 100"
"12","25424c01_12c_eDNA_FD",0.105745725631103,0.00549825113513614,0.0591302738844241,NA,"FD","25424c01_12c_eDNA_S12_L001_R1_001.fastq.gz","25424c01_12c_eDNA_S12_L001_R2_001.fastq.gz","Francisco Chavez",12,25424,"MBARI","Rachel Carson","ship",3.072,"c1",1,NA,3.3251,36.7975,-121.8475,25.0484,0,5.8805,"marine biome  (ENVO:00000447)","coastal water (ENVO:00001250)","waterborne particulate matter (ENVO:01000436)",2024-09-10 14:48:00,0.4445,"USA:California:Monterey Bay","FD12",NA,12,"25424c01_12c_eDNA",3.094,"GTACACACCGCCCGTC","TGATCCTTCTGCAGGTTCACCTAC","PTLO","c",33.8047,"Poretics","0.22um",-80,"environmental","25424c01_12c_eDNA_FD","NGS Illumina Miseq","MSU","CATTGCTGTT",18,15.01,2024,9,10,"MBTS 25424",0,"MiSeq","MBTS 25424 0"
"13","25424c01_10c_eDNA_FD",0.0359446488758547,-0.0720964147855315,0.12657081898282,NA,"FD","25424c01_10c_eDNA_S13_L001_R1_001.fastq.gz","25424c01_10c_eDNA_S13_L001_R2_001.fastq.gz","Francisco Chavez",10,25424,"MBARI","Rachel Carson","ship",10.238,"c1",1,NA,0.7041,36.7975,-121.8475,25.6966,10,3.9941,"marine biome  (ENVO:00000447)","coastal water (ENVO:00001250)","waterborne particulate matter (ENVO:01000436)",2024-09-10 14:48:00,0.1997,"USA:California:Monterey Bay","FD13",NA,13,"25424c01_10c_eDNA",10.314,"GTACACACCGCCCGTC","TGATCCTTCTGCAGGTTCACCTAC","PTLO","c",33.8077,"Poretics","0.22um",-80,"environmental","25424c01_10c_eDNA_FD","NGS Illumina Miseq","MSU","AGATGCGACG",18,11.8235,2024,9,10,"MBTS 25424",10,"MiSeq","MBTS 25424 10"
"14","25424c01_09c_eDNA_FD",0.0249518734477668,-0.055783079719147,0.197688311362552,NA,"FD","25424c01_09c_eDNA_S14_L001_R1_001.fastq.gz","25424c01_09c_eDNA_S14_L001_R2_001.fastq.gz","Francisco Chavez",9,25424,"MBARI","Rachel Carson","ship",20.421,"c1",1,NA,0.4298,36.7975,-121.8475,25.8362,20,3.4435,"marine biome  (ENVO:00000447)","coastal water (ENVO:00001250)","waterborne particulate matter (ENVO:01000436)",2024-09-10 14:48:00,0.1741,"USA:California:Monterey Bay","FD14",NA,14,"25424c01_09c_eDNA",20.574,"GTACACACCGCCCGTC","TGATCCTTCTGCAGGTTCACCTAC","PTLO","c",33.8352,"Poretics","0.22um",-80,"environmental","25424c01_09c_eDNA_FD","NGS Illumina Miseq","MSU","ATACATCGCA",18,11.1818,2024,9,10,"MBTS 25424",20,"MiSeq","MBTS 25424 20"
"15","25424c01_06c_eDNA_FD",-0.0444442954988737,-0.0147709134664225,0.0700163794984113,NA,"FD","25424c01_06c_eDNA_S15_L001_R1_001.fastq.gz","25424c01_06c_eDNA_S15_L001_R2_001.fastq.gz","Francisco Chavez",6,25424,"MBARI","Rachel Carson","ship",59.967,"c1",1,NA,0.0431,36.7975,-121.8475,26.0666,60,2.0678,"marine biome  (ENVO:00000447)","coastal water (ENVO:00001250)","waterborne particulate matter (ENVO:01000436)",2024-09-10 14:48:00,0.138,"USA:California:Monterey Bay","FD15",NA,15,"25424c01_06c_eDNA",60.422,"GTACACACCGCCCGTC","TGATCCTTCTGCAGGTTCACCTAC","PTLO","c",33.918,"Poretics","0.22um",-80,"environmental","25424c01_06c_eDNA_FD","NGS Illumina Miseq","MSU","TAGCGCAATA",18,10.2451,2024,9,10,"MBTS 25424",60,"MiSeq","MBTS 25424 60"
"16","25424c01_03c_eDNA_FD",-0.067122221976502,0.0159736606144158,0.018002161259405,NA,"FD","25424c01_03c_eDNA_S16_L001_R1_001.fastq.gz","25424c01_03c_eDNA_S16_L001_R2_001.fastq.gz","Francisco Chavez",3,25424,"MBARI","Rachel Carson","ship",149.061,"c1",1,NA,0.0169,36.7975,-121.8475,26.3645,150,1.1609,"marine biome  (ENVO:00000447)","coastal water (ENVO:00001250)","waterborne particulate matter (ENVO:01000436)",2024-09-10 14:48:00,0.1356,"USA:California:Monterey Bay","FD16",NA,16,"25424c01_03c_eDNA",150.223,"GTACACACCGCCCGTC","TGATCCTTCTGCAGGTTCACCTAC","PTLO","c",34.047,"Poretics","0.22um",-80,"environmental","25424c01_03c_eDNA_FD","NGS Illumina Miseq","MSU","TAACGCAGTC",18,9.062,2024,9,10,"MBTS 25424",150,"MiSeq","MBTS 25424 150"
"17","25424c02_12c_eDNA_FD",0.114521258344907,-0.0280079156724578,0.0508222151514657,NA,"FD","25424c02_12c_eDNA_S17_L001_R1_001.fastq.gz","25424c02_12c_eDNA_S17_L001_R2_001.fastq.gz","Francisco Chavez",12,25424,"MBARI","Rachel Carson","ship",3.087,"Mooring1",2,NA,3.2152,36.7465,-122.0202,25.1026,0,5.9011,"marine biome  (ENVO:00000447)","coastal water (ENVO:00001250)","waterborne particulate matter (ENVO:01000436)",2024-09-10 16:26:00,0.4342,"USA:California:Monterey Bay","FD17",NA,17,"25424c02_12c_eDNA",3.11,"GTACACACCGCCCGTC","TGATCCTTCTGCAGGTTCACCTAC","PTLO","c",33.7859,"Poretics","0.22um",-80,"environmental","25424c02_12c_eDNA_FD","NGS Illumina Miseq","MSU","ACCTAAGAGC",18,14.6922,2024,9,10,"MBTS 25424",0,"MiSeq","MBTS 25424 0"
"18","25424c02_10c_eDNA_FD",0.0793210612469958,-0.0440049738956967,0.0459132067463842,NA,"FD","25424c02_10c_eDNA_S18_L001_R1_001.fastq.gz","25424c02_10c_eDNA_S18_L001_R2_001.fastq.gz","Francisco Chavez",10,25424,"MBARI","Rachel Carson","ship",10.18,"Mooring1",2,NA,4.1594,36.7465,-122.0202,25.22,10,5.6191,"marine biome  (ENVO:00000447)","coastal water (ENVO:00001250)","waterborne particulate matter (ENVO:01000436)",2024-09-10 16:26:00,0.5224,"USA:California:Monterey Bay","FD18",NA,18,"25424c02_10c_eDNA",10.255,"GTACACACCGCCCGTC","TGATCCTTCTGCAGGTTCACCTAC","PTLO","c",33.7692,"Poretics","0.22um",-80,"environmental","25424c02_10c_eDNA_FD","NGS Illumina Miseq","MSU","AGGCATAATG",18,14.0783,2024,9,10,"MBTS 25424",10,"MiSeq","MBTS 25424 10"
"19","25424c02_09c_eDNA_FD",0.0546369731811861,-0.0576566162883392,0.0753901442197734,NA,"FD","25424c02_09c_eDNA_S19_L001_R1_001.fastq.gz","25424c02_09c_eDNA_S19_L001_R2_001.fastq.gz","Francisco Chavez",9,25424,"MBARI","Rachel Carson","ship",20.181,"Mooring1",2,NA,1.6478,36.7465,-122.0202,25.6007,20,4.0424,"marine biome  (ENVO:00000447)","coastal water (ENVO:00001250)","waterborne particulate matter (ENVO:01000436)",2024-09-10 16:26:00,0.2879,"USA:California:Monterey Bay","FD19",NA,19,"25424c02_09c_eDNA",20.332,"GTACACACCGCCCGTC","TGATCCTTCTGCAGGTTCACCTAC","PTLO","c",33.758,"Poretics","0.22um",-80,"environmental","25424c02_09c_eDNA_FD","NGS Illumina Miseq","MSU","GATCGGTAAT",18,12.1278,2024,9,10,"MBTS 25424",20,"MiSeq","MBTS 25424 20"
"20","25424c02_06c_eDNA_FD",-0.0615076942204504,0.000503853018792682,0.0864170605196082,NA,"FD","25424c02_06c_eDNA_S20_L001_R1_001.fastq.gz","25424c02_06c_eDNA_S20_L001_R2_001.fastq.gz","Francisco Chavez",6,25424,"MBARI","Rachel Carson","ship",60.456,"Mooring1",2,NA,-0.0074,36.7465,-122.0202,26.0483,60,2.187,"marine biome  (ENVO:00000447)","coastal water (ENVO:00001250)","waterborne particulate matter (ENVO:01000436)",2024-09-10 16:26:00,0.1333,"USA:California:Monterey Bay","FD20",NA,20,"25424c02_06c_eDNA",60.914,"GTACACACCGCCCGTC","TGATCCTTCTGCAGGTTCACCTAC","PTLO","c",33.8969,"Poretics","0.22um",-80,"environmental","25424c02_06c_eDNA_FD","NGS Illumina Miseq","MSU","GCAACACGGA",18,10.2553,2024,9,10,"MBTS 25424",60,"MiSeq","MBTS 25424 60"
"21","25424c02_03c_eDNA_FD",-0.0653809349812038,0.0891745134428045,-0.00483150223066361,NA,"FD","25424c02_03c_eDNA_S21_L001_R1_001.fastq.gz","25424c02_03c_eDNA_S21_L001_R2_001.fastq.gz","Francisco Chavez",3,25424,"MBARI","Rachel Carson","ship",150.486,"Mooring1",2,NA,-0.0498,36.7465,-122.0202,26.2959,150,1.4903,"marine biome  (ENVO:00000447)","coastal water (ENVO:00001250)","waterborne particulate matter (ENVO:01000436)",2024-09-10 16:26:00,0.1293,"USA:California:Monterey Bay","FD21",NA,21,"25424c02_03c_eDNA",151.659,"GTACACACCGCCCGTC","TGATCCTTCTGCAGGTTCACCTAC","PTLO","c",34.0379,"Poretics","0.22um",-80,"environmental","25424c02_03c_eDNA_FD","NGS Illumina Miseq","MSU","GAACGTTCGG",18,9.4442,2024,9,10,"MBTS 25424",150,"MiSeq","MBTS 25424 150"
"22","25424c03_12c_eDNA_FD",0.109366023678272,-0.0211256454080363,-0.00597100988903955,NA,"FD","25424c03_12c_eDNA_S22_L001_R1_001.fastq.gz","25424c03_12c_eDNA_S22_L001_R2_001.fastq.gz","Francisco Chavez",12,25424,"MBARI","Rachel Carson","ship",2.626,"Mooring2",3,NA,4.8098,36.695,-122.3813,25.1923,0,6.5254,"marine biome  (ENVO:00000447)","coastal water (ENVO:00001250)","waterborne particulate matter (ENVO:01000436)",2024-09-10 19:04:00,0.5831,"USA:California:Monterey Bay","FD22",NA,22,"25424c03_12c_eDNA",2.646,"GTACACACCGCCCGTC","TGATCCTTCTGCAGGTTCACCTAC","PTLO","c",33.6627,"Poretics","0.22um",-80,"environmental","25424c03_12c_eDNA_FD","NGS Illumina Miseq","MSU","TGCTGAACGC",18,13.8142,2024,9,10,"MBTS 25424",0,"MiSeq","MBTS 25424 0"
"23","25424c03_10c_eDNA_FD",0.042290059863603,-0.0555977515265965,0.0197519029010653,NA,"FD","25424c03_10c_eDNA_S23_L001_R1_001.fastq.gz","25424c03_10c_eDNA_S23_L001_R2_001.fastq.gz","Francisco Chavez",10,25424,"MBARI","Rachel Carson","ship",10.316,"Mooring2",3,NA,6.4959,36.695,-122.3813,25.4318,10,5.4528,"marine biome  (ENVO:00000447)","coastal water (ENVO:00001250)","waterborne particulate matter (ENVO:01000436)",2024-09-10 19:04:00,0.7405,"USA:California:Monterey Bay","FD23",NA,23,"25424c03_10c_eDNA",10.392,"GTACACACCGCCCGTC","TGATCCTTCTGCAGGTTCACCTAC","PTLO","c",33.7459,"Poretics","0.22um",-80,"environmental","25424c03_10c_eDNA_FD","NGS Illumina Miseq","MSU","TTAGACCACA",18,12.9488,2024,9,10,"MBTS 25424",10,"MiSeq","MBTS 25424 10"
"24","25424c03_09c_eDNA_FD",0.016303675357966,-0.062606019873371,0.0844387188757638,NA,"FD","25424c03_09c_eDNA_S24_L001_R1_001.fastq.gz","25424c03_09c_eDNA_S24_L001_R2_001.fastq.gz","Francisco Chavez",9,25424,"MBARI","Rachel Carson","ship",20.289,"Mooring2",3,NA,0.6123,36.695,-122.3813,25.56,20,4.4551,"marine biome  (ENVO:00000447)","coastal water (ENVO:00001250)","waterborne particulate matter (ENVO:01000436)",2024-09-10 19:04:00,0.1912,"USA:California:Monterey Bay","FD24",NA,24,"25424c03_09c_eDNA",20.441,"GTACACACCGCCCGTC","TGATCCTTCTGCAGGTTCACCTAC","PTLO","c",33.6052,"Poretics","0.22um",-80,"environmental","25424c03_09c_eDNA_FD","NGS Illumina Miseq","MSU","CCATAAGCCA",18,11.7133,2024,9,10,"MBTS 25424",20,"MiSeq","MBTS 25424 20"
"25","25424c03_06c_eDNA_FD",-0.0543681658862808,0.00815990073914468,0.00431312875804439,NA,"FD","25424c03_06c_eDNA_S25_L001_R1_001.fastq.gz","25424c03_06c_eDNA_S25_L001_R2_001.fastq.gz","Francisco Chavez",6,25424,"MBARI","Rachel Carson","ship",60.038,"Mooring2",3,NA,-0.0354,36.695,-122.3813,26.0261,60,2.0215,"marine biome  (ENVO:00000447)","coastal water (ENVO:00001250)","waterborne particulate matter (ENVO:01000436)",2024-09-10 19:04:00,0.1307,"USA:California:Monterey Bay","FD25",NA,25,"25424c03_06c_eDNA",60.493,"GTACACACCGCCCGTC","TGATCCTTCTGCAGGTTCACCTAC","PTLO","c",33.8599,"Poretics","0.22um",-80,"environmental","25424c03_06c_eDNA_FD","NGS Illumina Miseq","MSU","ATGGCTTCTA",18,10.2163,2024,9,10,"MBTS 25424",60,"MiSeq","MBTS 25424 60"
"26","25424c03_03c_eDNA_FD",-0.0274853754650264,0.0528477764499723,0.0934784834386672,NA,"FD","25424c03_03c_eDNA_S26_L001_R1_001.fastq.gz","25424c03_03c_eDNA_S26_L001_R2_001.fastq.gz","Francisco Chavez",3,25424,"MBARI","Rachel Carson","ship",149.85,"Mooring2",3,NA,-0.0634,36.695,-122.3813,26.2385,150,1.5513,"marine biome  (ENVO:00000447)","coastal water (ENVO:00001250)","waterborne particulate matter (ENVO:01000436)",2024-09-10 19:04:00,0.1281,"USA:California:Monterey Bay","FD26",NA,26,"25424c03_03c_eDNA",151.017,"GTACACACCGCCCGTC","TGATCCTTCTGCAGGTTCACCTAC","PTLO","c",34.0117,"Poretics","0.22um",-80,"environmental","25424c03_03c_eDNA_FD","NGS Illumina Miseq","MSU","CAACAGTGGA",18,9.6688,2024,9,10,"MBTS 25424",150,"MiSeq","MBTS 25424 150"
"27","22624c01_12c_eDNA_FD",0.107205615827303,-0.0192118084475136,0.0526799689496281,NA,"FD","22624c01_12c_eDNA_S27_L001_R1_001.fastq.gz","22624c01_12c_eDNA_S27_L001_R2_001.fastq.gz","Francisco Chavez",12,22624,"MBARI","RACHEL CARSON","ship",3.164,"C1",1,NA,8.941,36.7973,-121.847,25.6757,0,5.5359,"marine biome  (ENVO:00000447)","coastal water (ENVO:00001250)","waterborne particulate matter (ENVO:01000436)",2024-08-13 15:53:00,0.9688,"USA:California:Monterey Bay","FD27",NA,27,"22624c01_12c_eDNA",3.187,"GTACACACCGCCCGTC","TGATCCTTCTGCAGGTTCACCTAC","PTLO","c",33.8171,"Poretics","0.22um",-80,"environmental","22624c01_12c_eDNA_FD","NGS Illumina Miseq","MSU","ACGATGCAAC",18,11.9723,2024,8,13,"MBTS 22624",0,"MiSeq","MBTS 22624 0"
"28","22624c01_10c_eDNA_FD",0.0147668128651617,-0.0451330585132448,-0.0605938770610722,NA,"FD","22624c01_10c_eDNA_S28_L001_R1_001.fastq.gz","22624c01_10c_eDNA_S28_L001_R2_001.fastq.gz","Francisco Chavez",10,22624,"MBARI","RACHEL CARSON","ship",11.021,"C1",1,NA,5.9354,36.7973,-121.847,25.7897,10,4.1396,"marine biome  (ENVO:00000447)","coastal water (ENVO:00001250)","waterborne particulate matter (ENVO:01000436)",2024-08-13 15:53:00,0.6882,"USA:California:Monterey Bay","FD28",NA,28,"22624c01_10c_eDNA",11.103,"GTACACACCGCCCGTC","TGATCCTTCTGCAGGTTCACCTAC","PTLO","c",33.8282,"Poretics","0.22um",-80,"environmental","22624c01_10c_eDNA_FD","NGS Illumina Miseq","MSU","TCACTTCGCA",18,11.4065,2024,8,13,"MBTS 22624",10,"MiSeq","MBTS 22624 10"
"29","22624c01_09c_eDNA_FD",-0.0267517341896133,-0.0265930751989587,-0.0313538243061079,NA,"FD","22624c01_09c_eDNA_S29_L001_R1_001.fastq.gz","22624c01_09c_eDNA_S29_L001_R2_001.fastq.gz","Francisco Chavez",9,22624,"MBARI","RACHEL CARSON","ship",20.8,"C1",1,NA,0.1589,36.7973,-121.847,26.0656,20,2.1549,"marine biome  (ENVO:00000447)","coastal water (ENVO:00001250)","waterborne particulate matter (ENVO:01000436)",2024-08-13 15:53:00,0.1488,"USA:California:Monterey Bay","FD29",NA,29,"22624c01_09c_eDNA",20.955,"GTACACACCGCCCGTC","TGATCCTTCTGCAGGTTCACCTAC","PTLO","c",33.8705,"Poretics","0.22um",-80,"environmental","22624c01_09c_eDNA_FD","NGS Illumina Miseq","MSU","AACGCCATTC",18,10.0285,2024,8,13,"MBTS 22624",20,"MiSeq","MBTS 22624 20"
"30","22624c01_06c_eDNA_FD",-0.0575503641739179,0.0518880460963076,-0.049305988490414,NA,"FD","22624c01_06c_eDNA_S30_L001_R1_001.fastq.gz","22624c01_06c_eDNA_S30_L001_R2_001.fastq.gz","Francisco Chavez",6,22624,"MBARI","RACHEL CARSON","ship",61.245,"C1",1,NA,-0.0148,36.7973,-121.847,26.2464,60,1.5823,"marine biome  (ENVO:00000447)","coastal water (ENVO:00001250)","waterborne particulate matter (ENVO:01000436)",2024-08-13 15:53:00,0.1326,"USA:California:Monterey Bay","FD30",NA,30,"22624c01_06c_eDNA",61.709,"GTACACACCGCCCGTC","TGATCCTTCTGCAGGTTCACCTAC","PTLO","c",33.9986,"Poretics","0.22um",-80,"environmental","22624c01_06c_eDNA_FD","NGS Illumina Miseq","MSU","CTTCCTAGGC",18,9.5484,2024,8,13,"MBTS 22624",60,"MiSeq","MBTS 22624 60"
"31","22624c01_03c_eDNA_FD",-0.0511598722589952,0.0590499353459918,0.0117018059808634,NA,"FD","22624c01_03c_eDNA_S31_L001_R1_001.fastq.gz","22624c01_03c_eDNA_S31_L001_R2_001.fastq.gz","Francisco Chavez",3,22624,"MBARI","RACHEL CARSON","ship",150.604,"C1",1,NA,-0.037,36.7973,-121.847,26.437,150,1.3372,"marine biome  (ENVO:00000447)","coastal water (ENVO:00001250)","waterborne particulate matter (ENVO:01000436)",2024-08-13 15:53:00,0.1305,"USA:California:Monterey Bay","FD31",NA,31,"22624c01_03c_eDNA",151.779,"GTACACACCGCCCGTC","TGATCCTTCTGCAGGTTCACCTAC","PTLO","c",34.0616,"Poretics","0.22um",-80,"environmental","22624c01_03c_eDNA_FD","NGS Illumina Miseq","MSU","CGTAGACGTG",18,8.674,2024,8,13,"MBTS 22624",150,"MiSeq","MBTS 22624 150"
"32","22624c02_12c_eDNA_FD",0.118974424413587,-0.0115918609224506,0.0213927729251749,NA,"FD","22624c02_12c_eDNA_S32_L001_R1_001.fastq.gz","22624c02_12c_eDNA_S32_L001_R2_001.fastq.gz","Francisco Chavez",12,22624,"MBARI","RACHEL CARSON","ship",2.958,"MOORING1",2,NA,1.4298,36.7472,-122.0217,25.4541,0,5.5156,"marine biome  (ENVO:00000447)","coastal water (ENVO:00001250)","waterborne particulate matter (ENVO:01000436)",2024-08-13 17:36:00,0.2675,"USA:California:Monterey Bay","FD32",NA,32,"22624c02_12c_eDNA",2.979,"GTACACACCGCCCGTC","TGATCCTTCTGCAGGTTCACCTAC","PTLO","c",33.7542,"Poretics","0.22um",-80,"environmental","22624c02_12c_eDNA_FD","NGS Illumina Miseq","MSU","GTGCCTCTGA",18,12.8679,2024,8,13,"MBTS 22624",0,"MiSeq","MBTS 22624 0"
"33","22624c02_10c_eDNA_FD",0.104732750039027,-0.0275057308598764,-0.105685954514416,NA,"FD","22624c02_10c_eDNA_S33_L001_R1_001.fastq.gz","22624c02_10c_eDNA_S33_L001_R2_001.fastq.gz","Francisco Chavez",10,22624,"MBARI","RACHEL CARSON","ship",10.591,"MOORING1",2,NA,5.1999,36.7472,-122.0217,25.5357,10,5.446,"marine biome  (ENVO:00000447)","coastal water (ENVO:00001250)","waterborne particulate matter (ENVO:01000436)",2024-08-13 17:36:00,0.6195,"USA:California:Monterey Bay","FD33",NA,33,"22624c02_10c_eDNA",10.67,"GTACACACCGCCCGTC","TGATCCTTCTGCAGGTTCACCTAC","PTLO","c",33.7655,"Poretics","0.22um",-80,"environmental","22624c02_10c_eDNA_FD","NGS Illumina Miseq","MSU","TACCTAAGTG",18,12.4964,2024,8,13,"MBTS 22624",10,"MiSeq","MBTS 22624 10"
"34","22624c02_09c_eDNA_FD",0.0857762804944093,-0.0407409571588639,-0.0979446429010794,NA,"FD","22624c02_09c_eDNA_S34_L001_R1_001.fastq.gz","22624c02_09c_eDNA_S34_L001_R2_001.fastq.gz","Francisco Chavez",9,22624,"MBARI","RACHEL CARSON","ship",20.485,"MOORING1",2,NA,7.9923,36.7472,-122.0217,25.6475,20,5.0903,"marine biome  (ENVO:00000447)","coastal water (ENVO:00001250)","waterborne particulate matter (ENVO:01000436)",2024-08-13 17:36:00,0.8802,"USA:California:Monterey Bay","FD34",NA,34,"22624c02_09c_eDNA",20.638,"GTACACACCGCCCGTC","TGATCCTTCTGCAGGTTCACCTAC","PTLO","c",33.8058,"Poretics","0.22um",-80,"environmental","22624c02_09c_eDNA_FD","NGS Illumina Miseq","MSU","TGTCGTTAAG",18,12.0772,2024,8,13,"MBTS 22624",20,"MiSeq","MBTS 22624 20"
"35","22624c02_06c_eDNA_FD",-0.0186500891001245,0.00150078861490226,0.0612615176817725,NA,"FD","22624c02_06c_eDNA_S35_L001_R1_001.fastq.gz","22624c02_06c_eDNA_S35_L001_R2_001.fastq.gz","Francisco Chavez",6,22624,"MBARI","RACHEL CARSON","ship",60.306,"MOORING1",2,NA,0.0775,36.7472,-122.0217,26.0722,60,2.2572,"marine biome  (ENVO:00000447)","coastal water (ENVO:00001250)","waterborne particulate matter (ENVO:01000436)",2024-08-13 17:36:00,0.1412,"USA:California:Monterey Bay","FD35",NA,35,"22624c02_06c_eDNA",60.763,"GTACACACCGCCCGTC","TGATCCTTCTGCAGGTTCACCTAC","PTLO","c",33.8953,"Poretics","0.22um",-80,"environmental","22624c02_06c_eDNA_FD","NGS Illumina Miseq","MSU","AACGTCCAGT",18,10.1082,2024,8,13,"MBTS 22624",60,"MiSeq","MBTS 22624 60"
"36","22624c02_03c_eDNA_FD",-0.0257910463544017,0.0910768849823097,0.0464556560438659,NA,"FD","22624c02_03c_eDNA_S36_L001_R1_001.fastq.gz","22624c02_03c_eDNA_S36_L001_R2_001.fastq.gz","Francisco Chavez",3,22624,"MBARI","RACHEL CARSON","ship",150.696,"MOORING1",2,NA,-0.0698,36.7472,-122.0217,26.3675,150,1.588,"marine biome  (ENVO:00000447)","coastal water (ENVO:00001250)","waterborne particulate matter (ENVO:01000436)",2024-08-13 17:36:00,0.1275,"USA:California:Monterey Bay","FD36",NA,36,"22624c02_03c_eDNA",151.871,"GTACACACCGCCCGTC","TGATCCTTCTGCAGGTTCACCTAC","PTLO","c",34.1,"Poretics","0.22um",-80,"environmental","22624c02_03c_eDNA_FD","NGS Illumina Miseq","MSU","AATAGCTGTG",18,9.3023,2024,8,13,"MBTS 22624",150,"MiSeq","MBTS 22624 150"
"37","22624c03_12c_eDNA_FD",0.109857470146118,-0.0323662647979893,-0.0988035878427661,NA,"FD","22624c03_12c_eDNA_S37_L001_R1_001.fastq.gz","22624c03_12c_eDNA_S37_L001_R2_001.fastq.gz","Francisco Chavez",12,22624,"MBARI","RACHEL CARSON","ship",3.292,"MOORING2",3,NA,1.125,36.6968,-122.3775,25.3035,0,5.7844,"marine biome  (ENVO:00000447)","coastal water (ENVO:00001250)","waterborne particulate matter (ENVO:01000436)",2024-08-13 20:07:00,0.239,"USA:California:Monterey Bay","FD37",NA,37,"22624c03_12c_eDNA",3.316,"GTACACACCGCCCGTC","TGATCCTTCTGCAGGTTCACCTAC","PTLO","c",33.72,"Poretics","0.22um",-80,"environmental","22624c03_12c_eDNA_FD","NGS Illumina Miseq","MSU","TCCTGAACTT",18,13.4873,2024,8,13,"MBTS 22624",0,"MiSeq","MBTS 22624 0"
"38","22624c03_10c_eDNA_FD",0.0882664554318669,-0.0332077050762547,-0.108166000670631,NA,"FD","22624c03_10c_eDNA_S38_L001_R1_001.fastq.gz","22624c03_10c_eDNA_S38_L001_R2_001.fastq.gz","Francisco Chavez",10,22624,"MBARI","RACHEL CARSON","ship",10.795,"MOORING2",3,NA,4.4473,36.6968,-122.3775,25.4209,10,5.9201,"marine biome  (ENVO:00000447)","coastal water (ENVO:00001250)","waterborne particulate matter (ENVO:01000436)",2024-08-13 20:07:00,0.5493,"USA:California:Monterey Bay","FD38",NA,38,"22624c03_10c_eDNA",10.875,"GTACACACCGCCCGTC","TGATCCTTCTGCAGGTTCACCTAC","PTLO","c",33.7393,"Poretics","0.22um",-80,"environmental","22624c03_10c_eDNA_FD","NGS Illumina Miseq","MSU","CGTTGGTAAC",18,12.9779,2024,8,13,"MBTS 22624",10,"MiSeq","MBTS 22624 10"
"39","22624c03_09c_eDNA_FD",0.0866017728546713,-0.0375460972622824,-0.139648308454523,NA,"FD","22624c03_09c_eDNA_S39_L001_R1_001.fastq.gz","22624c03_09c_eDNA_S39_L001_R2_001.fastq.gz","Francisco Chavez",9,22624,"MBARI","RACHEL CARSON","ship",20.375,"MOORING2",3,NA,4.0849,36.6968,-122.3775,25.4515,20,5.5692,"marine biome  (ENVO:00000447)","coastal water (ENVO:00001250)","waterborne particulate matter (ENVO:01000436)",2024-08-13 20:07:00,0.5154,"USA:California:Monterey Bay","FD39",NA,39,"22624c03_09c_eDNA",20.527,"GTACACACCGCCCGTC","TGATCCTTCTGCAGGTTCACCTAC","PTLO","c",33.7369,"Poretics","0.22um",-80,"environmental","22624c03_09c_eDNA_FD","NGS Illumina Miseq","MSU","TCACTGGACT",18,12.8153,2024,8,13,"MBTS 22624",20,"MiSeq","MBTS 22624 20"
"40","22624c03_06c_eDNA_FD",0.000514024821202795,0.0295070946717361,0.096534912278434,NA,"FD","22624c03_06c_eDNA_S40_L001_R1_001.fastq.gz","22624c03_06c_eDNA_S40_L001_R2_001.fastq.gz","Francisco Chavez",6,22624,"MBARI","RACHEL CARSON","ship",60.383,"MOORING2",3,NA,0.0159,36.6968,-122.3775,26.0543,60,2.3923,"marine biome  (ENVO:00000447)","coastal water (ENVO:00001250)","waterborne particulate matter (ENVO:01000436)",2024-08-13 20:07:00,0.1355,"USA:California:Monterey Bay","FD40",NA,40,"22624c03_06c_eDNA",60.84,"GTACACACCGCCCGTC","TGATCCTTCTGCAGGTTCACCTAC","PTLO","c",33.8559,"Poretics","0.22um",-80,"environmental","22624c03_06c_eDNA_FD","NGS Illumina Miseq","MSU","TAGCCTAGCG",18,10.0319,2024,8,13,"MBTS 22624",60,"MiSeq","MBTS 22624 60"
"41","22624c03_03c_eDNA_FD",-0.0214875566615794,0.120242927807775,-0.0530007703588847,NA,"FD","22624c03_03c_eDNA_S41_L001_R1_001.fastq.gz","22624c03_03c_eDNA_S41_L001_R2_001.fastq.gz","Francisco Chavez",3,22624,"MBARI","RACHEL CARSON","ship",150.793,"MOORING2",3,NA,-0.0733,36.6968,-122.3775,26.411,150,1.5728,"marine biome  (ENVO:00000447)","coastal water (ENVO:00001250)","waterborne particulate matter (ENVO:01000436)",2024-08-13 20:07:00,0.1272,"USA:California:Monterey Bay","FD41",NA,41,"22624c03_03c_eDNA",151.969,"GTACACACCGCCCGTC","TGATCCTTCTGCAGGTTCACCTAC","PTLO","c",34.1293,"Poretics","0.22um",-80,"environmental","22624c03_03c_eDNA_FD","NGS Illumina Miseq","MSU","CCTTACCTAT",18,9.1746,2024,8,13,"MBTS 22624",150,"MiSeq","MBTS 22624 150"
"42","20524c02_12c_eDNA_FD",0.113529186814171,-0.0603986049867565,0.018681632404954,NA,"FD","20524c02_12c_eDNA_S42_L001_R1_001.fastq.gz","20524c02_12c_eDNA_S42_L001_R2_001.fastq.gz","Francisco Chavez",12,20524,"MBARI","RACHEL CARSON","ship",2.817,"MOORING 1",2,NA,3.7425,36.7477,-122.0225,25.2873,0,6.8747,"marine biome  (ENVO:00000447)","coastal water (ENVO:00001250)","waterborne particulate matter (ENVO:01000436)",2024-07-23 17:30:00,0.4834,"USA:California:Monterey Bay","FD42",NA,42,"20524c02_12c_eDNA",2.838,"GTACACACCGCCCGTC","TGATCCTTCTGCAGGTTCACCTAC","PTLO","c",33.6997,"Poretics","0.22um",-80,"environmental","20524c02_12c_eDNA_FD","NGS Illumina Miseq","MSU","AGCTCGAGGA",18,13.4898,2024,7,23,"MBTS 20524",0,"MiSeq","MBTS 20524 0"
"43","20524c02_10c_eDNA_FD",0.0681713777500564,-0.0468175435055967,-0.0260441299368558,NA,"FD","20524c02_10c_eDNA_S43_L001_R1_001.fastq.gz","20524c02_10c_eDNA_S43_L001_R2_001.fastq.gz","Francisco Chavez",10,20524,"MBARI","RACHEL CARSON","ship",10.958,"MOORING 1",2,NA,4.9072,36.7477,-122.0225,25.4425,10,5.3319,"marine biome  (ENVO:00000447)","coastal water (ENVO:00001250)","waterborne particulate matter (ENVO:01000436)",2024-07-23 17:30:00,0.5922,"USA:California:Monterey Bay","FD43",NA,43,"20524c02_10c_eDNA",11.04,"GTACACACCGCCCGTC","TGATCCTTCTGCAGGTTCACCTAC","PTLO","c",33.6948,"Poretics","0.22um",-80,"environmental","20524c02_10c_eDNA_FD","NGS Illumina Miseq","MSU","ACACGAACAA",18,12.6933,2024,7,23,"MBTS 20524",10,"MiSeq","MBTS 20524 10"
"44","20524c02_09c_eDNA_FD",0.0304264794692334,-0.0517756103200573,0.00707735115737427,NA,"FD","20524c02_09c_eDNA_S44_L001_R1_001.fastq.gz","20524c02_09c_eDNA_S44_L001_R2_001.fastq.gz","Francisco Chavez",9,20524,"MBARI","RACHEL CARSON","ship",20.77,"MOORING 1",2,NA,0.5323,36.7477,-122.0225,25.8104,20,3.7582,"marine biome  (ENVO:00000447)","coastal water (ENVO:00001250)","waterborne particulate matter (ENVO:01000436)",2024-07-23 17:30:00,0.1837,"USA:California:Monterey Bay","FD44",NA,44,"20524c02_09c_eDNA",20.925,"GTACACACCGCCCGTC","TGATCCTTCTGCAGGTTCACCTAC","PTLO","c",33.7688,"Poretics","0.22um",-80,"environmental","20524c02_09c_eDNA_FD","NGS Illumina Miseq","MSU","GAACACTATC",18,11.0379,2024,7,23,"MBTS 20524",20,"MiSeq","MBTS 20524 20"
"45","20524c02_06c_eDNA_FD",-0.0218313869687701,-0.00514208113116792,0.0867639578963745,NA,"FD","20524c02_06c_eDNA_S45_L001_R1_001.fastq.gz","20524c02_06c_eDNA_S45_L001_R2_001.fastq.gz","Francisco Chavez",6,20524,"MBARI","RACHEL CARSON","ship",60.98,"MOORING 1",2,NA,-0.0533,36.7477,-122.0225,26.1549,60,2.2115,"marine biome  (ENVO:00000447)","coastal water (ENVO:00001250)","waterborne particulate matter (ENVO:01000436)",2024-07-23 17:30:00,0.129,"USA:California:Monterey Bay","FD45",NA,45,"20524c02_06c_eDNA",61.442,"GTACACACCGCCCGTC","TGATCCTTCTGCAGGTTCACCTAC","PTLO","c",33.8968,"Poretics","0.22um",-80,"environmental","20524c02_06c_eDNA_FD","NGS Illumina Miseq","MSU","ACAATTGGTC",18,9.6213,2024,7,23,"MBTS 20524",60,"MiSeq","MBTS 20524 60"
"46","20524c02_03c_eDNA_FD",-0.0710668076754092,0.0217157155591413,-0.0279128279924642,NA,"FD","20524c02_03c_eDNA_S46_L001_R1_001.fastq.gz","20524c02_03c_eDNA_S46_L001_R2_001.fastq.gz","Francisco Chavez",3,20524,"MBARI","RACHEL CARSON","ship",151.117,"MOORING 1",2,NA,-0.0525,36.7477,-122.0225,26.3877,150,1.5514,"marine biome  (ENVO:00000447)","coastal water (ENVO:00001250)","waterborne particulate matter (ENVO:01000436)",2024-07-23 17:30:00,0.1291,"USA:California:Monterey Bay","FD46",NA,46,"20524c02_03c_eDNA",152.295,"GTACACACCGCCCGTC","TGATCCTTCTGCAGGTTCACCTAC","PTLO","c",34.057,"Poretics","0.22um",-80,"environmental","20524c02_03c_eDNA_FD","NGS Illumina Miseq","MSU","CTTGGTTCGT",18,8.9659,2024,7,23,"MBTS 20524",150,"MiSeq","MBTS 20524 150"
"47","20524c01_12c_eDNA_FD",0.132153812692904,-0.0371228249123045,0.0938522808609173,NA,"FD","20524c01_12c_eDNA_S47_L001_R1_001.fastq.gz","20524c01_12c_eDNA_S47_L001_R2_001.fastq.gz","Francisco Chavez",12,20524,"MBARI","RACHEL CARSON","ship",2.94,"C1",1,NA,2.8909,36.7985,-121.847,25.228,0,5.5433,"marine biome  (ENVO:00000447)","coastal water (ENVO:00001250)","waterborne particulate matter (ENVO:01000436)",2024-07-23 15:56:00,0.4039,"USA:California:Monterey Bay","FD47",NA,47,"20524c01_12c_eDNA",2.961,"GTACACACCGCCCGTC","TGATCCTTCTGCAGGTTCACCTAC","PTLO","c",33.7075,"Poretics","0.22um",-80,"environmental","20524c01_12c_eDNA_FD","NGS Illumina Miseq","MSU","GACCAAGCAT",18,13.8092,2024,7,23,"MBTS 20524",0,"MiSeq","MBTS 20524 0"
"48","20524c01_10c_eDNA_FD",0.0842075462050725,-0.0650496087453537,0.0235620037809039,NA,"FD","20524c01_10c_eDNA_S48_L001_R1_001.fastq.gz","20524c01_10c_eDNA_S48_L001_R2_001.fastq.gz","Francisco Chavez",10,20524,"MBARI","RACHEL CARSON","ship",10.743,"C1",1,NA,2.4874,36.7985,-121.847,25.4306,10,4.9831,"marine biome  (ENVO:00000447)","coastal water (ENVO:00001250)","waterborne particulate matter (ENVO:01000436)",2024-07-23 15:56:00,0.3663,"USA:California:Monterey Bay","FD48",NA,48,"20524c01_10c_eDNA",10.823,"GTACACACCGCCCGTC","TGATCCTTCTGCAGGTTCACCTAC","PTLO","c",33.7481,"Poretics","0.22um",-80,"environmental","20524c01_10c_eDNA_FD","NGS Illumina Miseq","MSU","TGTTACGGTT",18,12.9636,2024,7,23,"MBTS 20524",10,"MiSeq","MBTS 20524 10"
"49","20524c01_09c_eDNA_FD",0.0376995818017281,-0.05770545736261,0.00365464457725112,NA,"FD","20524c01_09c_eDNA_S49_L001_R1_001.fastq.gz","20524c01_09c_eDNA_S49_L001_R2_001.fastq.gz","Francisco Chavez",9,20524,"MBARI","RACHEL CARSON","ship",21.056,"C1",1,NA,0.5195,36.7985,-121.847,25.908,20,3.6565,"marine biome  (ENVO:00000447)","coastal water (ENVO:00001250)","waterborne particulate matter (ENVO:01000436)",2024-07-23 15:56:00,0.1825,"USA:California:Monterey Bay","FD49",NA,49,"20524c01_09c_eDNA",21.214,"GTACACACCGCCCGTC","TGATCCTTCTGCAGGTTCACCTAC","PTLO","c",33.8585,"Poretics","0.22um",-80,"environmental","20524c01_09c_eDNA_FD","NGS Illumina Miseq","MSU","ATATAAGGCG",18,10.8825,2024,7,23,"MBTS 20524",20,"MiSeq","MBTS 20524 20"
"50","20524c01_06c_eDNA_FD",-0.0548921767183774,0.0705251150231701,0.00964087164363389,NA,"FD","20524c01_06c_eDNA_S50_L001_R1_001.fastq.gz","20524c01_06c_eDNA_S50_L001_R2_001.fastq.gz","Francisco Chavez",6,20524,"MBARI","RACHEL CARSON","ship",60.315,"C1",1,NA,0.0885,36.7985,-121.847,26.1061,60,2.5892,"marine biome  (ENVO:00000447)","coastal water (ENVO:00001250)","waterborne particulate matter (ENVO:01000436)",2024-07-23 15:56:00,0.1423,"USA:California:Monterey Bay","FD50",NA,50,"20524c01_06c_eDNA",60.772,"GTACACACCGCCCGTC","TGATCCTTCTGCAGGTTCACCTAC","PTLO","c",33.9089,"Poretics","0.22um",-80,"environmental","20524c01_06c_eDNA_FD","NGS Illumina Miseq","MSU","ACATTACTCG",18,9.971,2024,7,23,"MBTS 20524",60,"MiSeq","MBTS 20524 60"
"51","20524c01_03c_eDNA_FD",-0.0298882960616819,0.0770774214725444,0.115868713343824,NA,"FD","20524c01_03c_eDNA_S51_L001_R1_001.fastq.gz","20524c01_03c_eDNA_S51_L001_R2_001.fastq.gz","Francisco Chavez",3,20524,"MBARI","RACHEL CARSON","ship",150.809,"C1",1,NA,0.0375,36.7985,-121.847,26.3209,150,1.9228,"marine biome  (ENVO:00000447)","coastal water (ENVO:00001250)","waterborne particulate matter (ENVO:01000436)",2024-07-23 15:56:00,0.1375,"USA:California:Monterey Bay","FD51",NA,51,"20524c01_03c_eDNA",151.985,"GTACACACCGCCCGTC","TGATCCTTCTGCAGGTTCACCTAC","PTLO","c",34.0013,"Poretics","0.22um",-80,"environmental","20524c01_03c_eDNA_FD","NGS Illumina Miseq","MSU","CTCAGTCCGT",18,9.1118,2024,7,23,"MBTS 20524",150,"MiSeq","MBTS 20524 150"
"52","20524c03_12c_eDNA_FD",0.121235507592883,-0.0316417038918532,0.165802845217224,NA,"FD","20524c03_12c_eDNA_S52_L001_R1_001.fastq.gz","20524c03_12c_eDNA_S52_L001_R2_001.fastq.gz","Francisco Chavez",12,20524,"MBARI","RACHEL CARSON","ship",2.759,"MOORING 2",3,NA,10.9805,36.6982,-122.378,25.0906,0,9.0136,"marine biome  (ENVO:00000447)","coastal water (ENVO:00001250)","waterborne particulate matter (ENVO:01000436)",2024-07-23 20:06:00,1.1592,"USA:California:Monterey Bay","FD52",NA,52,"20524c03_12c_eDNA",2.779,"GTACACACCGCCCGTC","TGATCCTTCTGCAGGTTCACCTAC","PTLO","c",33.7366,"Poretics","0.22um",-80,"environmental","20524c03_12c_eDNA_FD","NGS Illumina Miseq","MSU","CTGGTAGCTA",18,14.571,2024,7,23,"MBTS 20524",0,"MiSeq","MBTS 20524 0"
"53","20524c03_10c_eDNA_FD",0.107436496748827,-0.058020869320865,0.0118214352074325,NA,"FD","20524c03_10c_eDNA_S53_L001_R1_001.fastq.gz","20524c03_10c_eDNA_S53_L001_R2_001.fastq.gz","Francisco Chavez",10,20524,"MBARI","RACHEL CARSON","ship",10.778,"MOORING 2",3,NA,3.3014,36.6982,-122.378,25.3853,10,5.9974,"marine biome  (ENVO:00000447)","coastal water (ENVO:00001250)","waterborne particulate matter (ENVO:01000436)",2024-07-23 20:06:00,0.4423,"USA:California:Monterey Bay","FD53",NA,53,"20524c03_10c_eDNA",10.859,"GTACACACCGCCCGTC","TGATCCTTCTGCAGGTTCACCTAC","PTLO","c",33.7419,"Poretics","0.22um",-80,"environmental","20524c03_10c_eDNA_FD","NGS Illumina Miseq","MSU","GTCACAGACA",18,13.167,2024,7,23,"MBTS 20524",10,"MiSeq","MBTS 20524 10"
"54","20524c03_09c_eDNA_FD",0.0788466469460494,-0.0582476990154235,-0.00517158510321069,NA,"FD","20524c03_09c_eDNA_S54_L001_R1_001.fastq.gz","20524c03_09c_eDNA_S54_L001_R2_001.fastq.gz","Francisco Chavez",9,20524,"MBARI","RACHEL CARSON","ship",21.702,"MOORING 2",3,NA,1.5942,36.6982,-122.378,25.5046,20,5.0864,"marine biome  (ENVO:00000447)","coastal water (ENVO:00001250)","waterborne particulate matter (ENVO:01000436)",2024-07-23 20:06:00,0.2828,"USA:California:Monterey Bay","FD54",NA,54,"20524c03_09c_eDNA",21.864,"GTACACACCGCCCGTC","TGATCCTTCTGCAGGTTCACCTAC","PTLO","c",33.7287,"Poretics","0.22um",-80,"environmental","20524c03_09c_eDNA_FD","NGS Illumina Miseq","MSU","GACTTGCGTG",18,12.5109,2024,7,23,"MBTS 20524",20,"MiSeq","MBTS 20524 20"
"55","20524c03_06c_eDNA_FD",-0.0393695776347562,0.0273882032696312,0.0696763352505041,NA,"FD","20524c03_06c_eDNA_S55_L001_R1_001.fastq.gz","20524c03_06c_eDNA_S55_L001_R2_001.fastq.gz","Francisco Chavez",6,20524,"MBARI","RACHEL CARSON","ship",60.883,"MOORING 2",3,NA,-0.002,36.6982,-122.378,26.02,60,2.6047,"marine biome  (ENVO:00000447)","coastal water (ENVO:00001250)","waterborne particulate matter (ENVO:01000436)",2024-07-23 20:06:00,0.1338,"USA:California:Monterey Bay","FD55",NA,55,"20524c03_06c_eDNA",61.345,"GTACACACCGCCCGTC","TGATCCTTCTGCAGGTTCACCTAC","PTLO","c",33.813,"Poretics","0.22um",-80,"environmental","20524c03_06c_eDNA_FD","NGS Illumina Miseq","MSU","GCGAGTATCA",18,10.0372,2024,7,23,"MBTS 20524",60,"MiSeq","MBTS 20524 60"
"56","20524c03_03c_eDNA_FD",-0.0662642271269456,0.105274226399375,0.0133257331379406,NA,"FD","20524c03_03c_eDNA_S56_L001_R1_001.fastq.gz","20524c03_03c_eDNA_S56_L001_R2_001.fastq.gz","Francisco Chavez",3,20524,"MBARI","RACHEL CARSON","ship",150.594,"MOORING 2",3,NA,-0.0631,36.6982,-122.378,26.3322,150,1.635,"marine biome  (ENVO:00000447)","coastal water (ENVO:00001250)","waterborne particulate matter (ENVO:01000436)",2024-07-23 20:06:00,0.1281,"USA:California:Monterey Bay","FD56",NA,56,"20524c03_03c_eDNA",151.768,"GTACACACCGCCCGTC","TGATCCTTCTGCAGGTTCACCTAC","PTLO","c",34.0385,"Poretics","0.22um",-80,"environmental","20524c03_03c_eDNA_FD","NGS Illumina Miseq","MSU","TCATACCAAG",18,9.2232,2024,7,23,"MBTS 20524",150,"MiSeq","MBTS 20524 150"
"57","17024c03_03c_eDNA_FD",-0.00214895210353138,0.141905460582796,-0.00620974833853825,NA,"FD","17024c03_03c_eDNA_S57_L001_R1_001.fastq.gz","17024c03_03c_eDNA_S57_L001_R2_001.fastq.gz","Francisco Chavez",3,17024,"MBARI","RACHEL CARSON","ship",151.154,"MOORING 2",3,NA,-0.0711,36.6942,-122.3785,26.4364,150,2.0085,"marine biome  (ENVO:00000447)","coastal water (ENVO:00001250)","waterborne particulate matter (ENVO:01000436)",2024-06-18 19:25:00,0.1274,"USA:California:Monterey Bay","FD57",NA,57,"17024c03_03c_eDNA",152.332,"GTACACACCGCCCGTC","TGATCCTTCTGCAGGTTCACCTAC","PTLO","c",34.0072,"Poretics","0.22um",-80,"environmental","17024c03_03c_eDNA_FD","NGS Illumina Miseq","MSU","AGCATCGTGC",18,8.4001,2024,6,18,"MBTS 17024",150,"MiSeq","MBTS 17024 150"
"58","17024c03_06c_eDNA_FD",-0.0244075115705845,0.0791088366409321,-0.0336279211018207,NA,"FD","17024c03_06c_eDNA_S58_L001_R1_001.fastq.gz","17024c03_06c_eDNA_S58_L001_R2_001.fastq.gz","Francisco Chavez",6,17024,"MBARI","RACHEL CARSON","ship",61.079,"MOORING 2",3,NA,-0.0199,36.6942,-122.3785,26.0472,60,2.6978,"marine biome  (ENVO:00000447)","coastal water (ENVO:00001250)","waterborne particulate matter (ENVO:01000436)",2024-06-18 19:25:00,0.1321,"USA:California:Monterey Bay","FD58",NA,58,"17024c03_06c_eDNA",61.542,"GTACACACCGCCCGTC","TGATCCTTCTGCAGGTTCACCTAC","PTLO","c",33.7522,"Poretics","0.22um",-80,"environmental","17024c03_06c_eDNA_FD","NGS Illumina Miseq","MSU","CATACCGCTG",18,9.5887,2024,6,18,"MBTS 17024",60,"MiSeq","MBTS 17024 60"
"59","17024c03_09c_eDNA_FD",0.0769674572143059,0.0380692748094539,-0.0755174085993924,NA,"FD","17024c03_09c_eDNA_S59_L001_R1_001.fastq.gz","17024c03_09c_eDNA_S59_L001_R2_001.fastq.gz","Francisco Chavez",9,17024,"MBARI","RACHEL CARSON","ship",22.058,"MOORING 2",3,NA,4.1052,36.6942,-122.3785,25.6959,20,5.3583,"marine biome  (ENVO:00000447)","coastal water (ENVO:00001250)","waterborne particulate matter (ENVO:01000436)",2024-06-18 19:25:00,0.5173,"USA:California:Monterey Bay","FD59",NA,59,"17024c03_09c_eDNA",22.223,"GTACACACCGCCCGTC","TGATCCTTCTGCAGGTTCACCTAC","PTLO","c",33.7405,"Poretics","0.22um",-80,"environmental","17024c03_09c_eDNA_FD","NGS Illumina Miseq","MSU","TATGACGGTG",18,11.5474,2024,6,18,"MBTS 17024",20,"MiSeq","MBTS 17024 20"
"60","17024c03_10c_eDNA_FD",0.0852040246712164,0.0240115649024751,-0.106156163735261,NA,"FD","17024c03_10c_eDNA_S60_L001_R1_001.fastq.gz","17024c03_10c_eDNA_S60_L001_R2_001.fastq.gz","Francisco Chavez",10,17024,"MBARI","RACHEL CARSON","ship",12.107,"MOORING 2",3,NA,4.3958,36.6942,-122.3785,25.6825,10,5.476,"marine biome  (ENVO:00000447)","coastal water (ENVO:00001250)","waterborne particulate matter (ENVO:01000436)",2024-06-18 19:25:00,0.5444,"USA:California:Monterey Bay","FD60",NA,60,"17024c03_10c_eDNA",12.197,"GTACACACCGCCCGTC","TGATCCTTCTGCAGGTTCACCTAC","PTLO","c",33.7404,"Poretics","0.22um",-80,"environmental","17024c03_10c_eDNA_FD","NGS Illumina Miseq","MSU","TGCGTGAGCA",18,11.6184,2024,6,18,"MBTS 17024",10,"MiSeq","MBTS 17024 10"
"61","17024c03_12c_eDNA_FD",0.0895819898313529,0.026164378394114,-0.103554397862643,NA,"FD","17024c03_12c_eDNA_S61_L001_R1_001.fastq.gz","17024c03_12c_eDNA_S61_L001_R2_001.fastq.gz","Francisco Chavez",12,17024,"MBARI","RACHEL CARSON","ship",3.253,"MOORING 2",3,NA,1.5232,36.6942,-122.3785,25.6768,0,5.529,"marine biome  (ENVO:00000447)","coastal water (ENVO:00001250)","waterborne particulate matter (ENVO:01000436)",2024-06-18 19:25:00,0.2762,"USA:California:Monterey Bay","FD61",NA,61,"17024c03_12c_eDNA",3.277,"GTACACACCGCCCGTC","TGATCCTTCTGCAGGTTCACCTAC","PTLO","c",33.7401,"Poretics","0.22um",-80,"environmental","17024c03_12c_eDNA_FD","NGS Illumina Miseq","MSU","GCCAATGTTC",18,11.6465,2024,6,18,"MBTS 17024",0,"MiSeq","MBTS 17024 0"
"62","17024c02_03c_eDNA_FD",-0.0103436175416631,0.13504440795305,0.0171090861031094,NA,"FD","17024c02_03c_eDNA_S62_L001_R1_001.fastq.gz","17024c02_03c_eDNA_S62_L001_R2_001.fastq.gz","Francisco Chavez",3,17024,"MBARI","RACHEL CARSON","ship",151.895,"MOORING 1",2,NA,-0.0586,36.746,-122.0202,26.5569,150,1.3839,"marine biome  (ENVO:00000447)","coastal water (ENVO:00001250)","waterborne particulate matter (ENVO:01000436)",2024-06-18 16:32:00,0.1285,"USA:California:Monterey Bay","FD62",NA,62,"17024c02_03c_eDNA",153.079,"GTACACACCGCCCGTC","TGATCCTTCTGCAGGTTCACCTAC","PTLO","c",34.1188,"Poretics","0.22um",-80,"environmental","17024c02_03c_eDNA_FD","NGS Illumina Miseq","MSU","CTTCTCCAGC",18,8.1818,2024,6,18,"MBTS 17024",150,"MiSeq","MBTS 17024 150"
"63","17024c02_06c_eDNA_FD",-0.0303011791174965,0.0533441692180713,0.0149509525877289,NA,"FD","17024c02_06c_eDNA_S63_L001_R1_001.fastq.gz","17024c02_06c_eDNA_S63_L001_R2_001.fastq.gz","Francisco Chavez",6,17024,"MBARI","RACHEL CARSON","ship",60.941,"MOORING 1",2,NA,0.0506,36.746,-122.0202,26.2623,60,2.1372,"marine biome  (ENVO:00000447)","coastal water (ENVO:00001250)","waterborne particulate matter (ENVO:01000436)",2024-06-18 16:32:00,0.1387,"USA:California:Monterey Bay","FD63",NA,63,"17024c02_06c_eDNA",61.403,"GTACACACCGCCCGTC","TGATCCTTCTGCAGGTTCACCTAC","PTLO","c",33.9574,"Poretics","0.22um",-80,"environmental","17024c02_06c_eDNA_FD","NGS Illumina Miseq","MSU","CTCTCGATAA",18,9.253,2024,6,18,"MBTS 17024",60,"MiSeq","MBTS 17024 60"
"64","17024c02_09c_eDNA_FD",0.0506975296606393,0.00225787315650061,0.0421484416463381,NA,"FD","17024c02_09c_eDNA_S64_L001_R1_001.fastq.gz","17024c02_09c_eDNA_S64_L001_R2_001.fastq.gz","Francisco Chavez",9,17024,"MBARI","RACHEL CARSON","ship",20.614,"MOORING 1",2,NA,0.9414,36.746,-122.0202,26.0365,20,3.612,"marine biome  (ENVO:00000447)","coastal water (ENVO:00001250)","waterborne particulate matter (ENVO:01000436)",2024-06-18 16:32:00,0.2219,"USA:California:Monterey Bay","FD64",NA,64,"17024c02_09c_eDNA",20.767,"GTACACACCGCCCGTC","TGATCCTTCTGCAGGTTCACCTAC","PTLO","c",33.8423,"Poretics","0.22um",-80,"environmental","17024c02_09c_eDNA_FD","NGS Illumina Miseq","MSU","CGGATCTACA",18,10.07,2024,6,18,"MBTS 17024",20,"MiSeq","MBTS 17024 20"
"65","17024c02_10c_eDNA_FD",0.0658210859574973,0.00914572074974683,-0.0229301899954766,NA,"FD","17024c02_10c_eDNA_S65_L001_R1_001.fastq.gz","17024c02_10c_eDNA_S65_L001_R2_001.fastq.gz","Francisco Chavez",10,17024,"MBARI","RACHEL CARSON","ship",10.885,"MOORING 1",2,NA,0.8851,36.746,-122.0202,26.0181,10,3.7566,"marine biome  (ENVO:00000447)","coastal water (ENVO:00001250)","waterborne particulate matter (ENVO:01000436)",2024-06-18 16:32:00,0.2166,"USA:California:Monterey Bay","FD65",NA,65,"17024c02_10c_eDNA",10.966,"GTACACACCGCCCGTC","TGATCCTTCTGCAGGTTCACCTAC","PTLO","c",33.8387,"Poretics","0.22um",-80,"environmental","17024c02_10c_eDNA_FD","NGS Illumina Miseq","MSU","CTGGCATATT",18,10.1609,2024,6,18,"MBTS 17024",10,"MiSeq","MBTS 17024 10"
"66","17024c02_12c_eDNA_FD",0.0860041301138509,-0.0199054432924454,-0.0686659085360831,NA,"FD","17024c02_12c_eDNA_S66_L001_R1_001.fastq.gz","17024c02_12c_eDNA_S66_L001_R2_001.fastq.gz","Francisco Chavez",12,17024,"MBARI","RACHEL CARSON","ship",3.006,"MOORING 1",2,NA,0.3006,36.746,-122.0202,25.7693,0,4.6399,"marine biome  (ENVO:00000447)","coastal water (ENVO:00001250)","waterborne particulate matter (ENVO:01000436)",2024-06-18 16:32:00,0.1621,"USA:California:Monterey Bay","FD66",NA,66,"17024c02_12c_eDNA",3.029,"GTACACACCGCCCGTC","TGATCCTTCTGCAGGTTCACCTAC","PTLO","c",33.7954,"Poretics","0.22um",-80,"environmental","17024c02_12c_eDNA_FD","NGS Illumina Miseq","MSU","TGCAAGTAGC",18,11.3775,2024,6,18,"MBTS 17024",0,"MiSeq","MBTS 17024 0"
"67","17024c01_03c_eDNA_FD",-0.0631799345525959,0.077674755182267,-0.0360204535819693,NA,"FD","17024c01_03c_eDNA_S67_L001_R1_001.fastq.gz","17024c01_03c_eDNA_S67_L001_R2_001.fastq.gz","Francisco Chavez",3,17024,"MBARI","RACHEL CARSON","ship",150.653,"C1",1,NA,0.0127,36.7982,-121.8468,26.5255,150,1.4072,"marine biome  (ENVO:00000447)","coastal water (ENVO:00001250)","waterborne particulate matter (ENVO:01000436)",2024-06-18 14:54:00,0.1352,"USA:California:Monterey Bay","FD67",32.027,67,"17024c01_03c_eDNA",151.829,"GTACACACCGCCCGTC","TGATCCTTCTGCAGGTTCACCTAC","PTLO","c",34.0735,"Poretics","0.22um",-80,"environmental","17024c01_03c_eDNA_FD","NGS Illumina Miseq","MSU","ACACAACTAC",18,8.1545,2024,6,18,"MBTS 17024",150,"MiSeq","MBTS 17024 150"
"68","17024c01_06c_eDNA_FD",-0.0570532451667426,0.0540072772925938,0.0372785769947359,NA,"FD","17024c01_06c_eDNA_S68_L001_R1_001.fastq.gz","17024c01_06c_eDNA_S68_L001_R2_001.fastq.gz","Francisco Chavez",6,17024,"MBARI","RACHEL CARSON","ship",59.956,"C1",1,NA,0.0823,36.7982,-121.8468,26.3147,60,1.8801,"marine biome  (ENVO:00000447)","coastal water (ENVO:00001250)","waterborne particulate matter (ENVO:01000436)",2024-06-18 14:54:00,0.1417,"USA:California:Monterey Bay","FD68",28.146,68,"17024c01_06c_eDNA",60.41,"GTACACACCGCCCGTC","TGATCCTTCTGCAGGTTCACCTAC","PTLO","c",33.9718,"Poretics","0.22um",-80,"environmental","17024c01_06c_eDNA_FD","NGS Illumina Miseq","MSU","TAGCACACTT",18,8.9956,2024,6,18,"MBTS 17024",60,"MiSeq","MBTS 17024 60"
"69","17024c01_09c_eDNA_FD",0.0375207873780861,0.00581194899306397,0.0530386937121493,NA,"FD","17024c01_09c_eDNA_S69_L001_R1_001.fastq.gz","17024c01_09c_eDNA_S69_L001_R2_001.fastq.gz","Francisco Chavez",9,17024,"MBARI","RACHEL CARSON","ship",21.251,"C1",1,NA,0.4341,36.7982,-121.8468,26.0151,20,3.2835,"marine biome  (ENVO:00000447)","coastal water (ENVO:00001250)","waterborne particulate matter (ENVO:01000436)",2024-06-18 14:54:00,0.1745,"USA:California:Monterey Bay","FD69",23.958,69,"17024c01_09c_eDNA",21.41,"GTACACACCGCCCGTC","TGATCCTTCTGCAGGTTCACCTAC","PTLO","c",33.8335,"Poretics","0.22um",-80,"environmental","17024c01_09c_eDNA_FD","NGS Illumina Miseq","MSU","TAGTGTTACG",18,10.1561,2024,6,18,"MBTS 17024",20,"MiSeq","MBTS 17024 20"
"70","17024c01_10c_eDNA_FD",0.0538720891726876,-0.00640472454426138,-0.0491764131429716,NA,"FD","17024c01_10c_eDNA_S70_L001_R1_001.fastq.gz","17024c01_10c_eDNA_S70_L001_R2_001.fastq.gz","Francisco Chavez",10,17024,"MBARI","RACHEL CARSON","ship",10.605,"C1",1,NA,0.6625,36.7982,-121.8468,25.8107,10,4.1077,"marine biome  (ENVO:00000447)","coastal water (ENVO:00001250)","waterborne particulate matter (ENVO:01000436)",2024-06-18 14:54:00,0.1959,"USA:California:Monterey Bay","FD70",22.198,70,"17024c01_10c_eDNA",10.684,"GTACACACCGCCCGTC","TGATCCTTCTGCAGGTTCACCTAC","PTLO","c",33.7882,"Poretics","0.22um",-80,"environmental","17024c01_10c_eDNA_FD","NGS Illumina Miseq","MSU","CGTACACTGG",18,11.1195,2024,6,18,"MBTS 17024",10,"MiSeq","MBTS 17024 10"
"71","17024c01_12c_eDNA_FD",0.099538522446301,-0.0215810947826705,0.0846081069234611,NA,"FD","17024c01_12c_eDNA_S71_L001_R1_001.fastq.gz","17024c01_12c_eDNA_S71_L001_R2_001.fastq.gz","Francisco Chavez",12,17024,"MBARI","RACHEL CARSON","ship",2.744,"C1",1,NA,0.8344,36.7982,-121.8468,25.3231,0,6.3169,"marine biome  (ENVO:00000447)","coastal water (ENVO:00001250)","waterborne particulate matter (ENVO:01000436)",2024-06-18 14:54:00,0.2119,"USA:California:Monterey Bay","FD71",4.796,71,"17024c01_12c_eDNA",2.764,"GTACACACCGCCCGTC","TGATCCTTCTGCAGGTTCACCTAC","PTLO","c",33.7722,"Poretics","0.22um",-80,"environmental","17024c01_12c_eDNA_FD","NGS Illumina Miseq","MSU","AATACTGGCA",18,13.5893,2024,6,18,"MBTS 17024",0,"MiSeq","MBTS 17024 0"
"72","CN24F150mMV2_SC42_FD",-0.0829502949641964,-0.0793151271559956,0.0234930829228432,NA,"FD","CN24F150mMV2_SC42_S72_L001_R1_001.fastq.gz","CN24F150mMV2_SC42_S72_L001_R2_001.fastq.gz","Francisco Chavez",NA,NA,"MBARI",NA,NA,NA,NA,NA,NA,NA,NA,NA,NA,150,NA,"marine biome  (ENVO:00000447)","coastal water (ENVO:00001250)","waterborne particulate matter (ENVO:01000436)",NA,NA,"USA:California:Monterey Bay","FD72",NA,72,"CN24F150mMV2_SC42",NA,"GTACACACCGCCCGTC","TGATCCTTCTGCAGGTTCACCTAC",NA,NA,NA,"Poretics","0.22um",-80,"environmental","CN24F150mMV2_SC42_FD","NGS Illumina Miseq","MSU","CGGTAGAGTT",18,NA,NA,NA,NA,"CN24F 150m exp",150,"MiSeq","CN24F 150m exp 150"
"73","CN24F150mMV2_SC43_FD",-0.0884279246992341,-0.0836813887887601,0.0416557142305168,NA,"FD","CN24F150mMV2_SC43_S73_L001_R1_001.fastq.gz","CN24F150mMV2_SC43_S73_L001_R2_001.fastq.gz","Francisco Chavez",NA,NA,"MBARI",NA,NA,NA,NA,NA,NA,NA,NA,NA,NA,150,NA,"marine biome  (ENVO:00000447)","coastal water (ENVO:00001250)","waterborne particulate matter (ENVO:01000436)",NA,NA,"USA:California:Monterey Bay","FD73",NA,73,"CN24F150mMV2_SC43",NA,"GTACACACCGCCCGTC","TGATCCTTCTGCAGGTTCACCTAC",NA,NA,NA,"Poretics","0.22um",-80,"environmental","CN24F150mMV2_SC43_FD","NGS Illumina Miseq","MSU","CGTGACTCTA",18,NA,NA,NA,NA,"CN24F 150m exp",150,"MiSeq","CN24F 150m exp 150"
"74","CN24F150mMV2_SC44_FD",-0.0925641961780082,-0.0810237056142939,0.0334315370962515,NA,"FD","CN24F150mMV2_SC44_S74_L001_R1_001.fastq.gz","CN24F150mMV2_SC44_S74_L001_R2_001.fastq.gz","Francisco Chavez",NA,NA,"MBARI",NA,NA,NA,NA,NA,NA,NA,NA,NA,NA,150,NA,"marine biome  (ENVO:00000447)","coastal water (ENVO:00001250)","waterborne particulate matter (ENVO:01000436)",NA,NA,"USA:California:Monterey Bay","FD74",NA,74,"CN24F150mMV2_SC44",NA,"GTACACACCGCCCGTC","TGATCCTTCTGCAGGTTCACCTAC",NA,NA,NA,"Poretics","0.22um",-80,"environmental","CN24F150mMV2_SC44_FD","NGS Illumina Miseq","MSU","CTTCAATAGC",18,NA,NA,NA,NA,"CN24F 150m exp",150,"MiSeq","CN24F 150m exp 150"
"75","CN24F150mMV2_SC45_FD",-0.101167652184243,-0.0711282313568107,0.00527896485070407,NA,"FD","CN24F150mMV2_SC45_S75_L001_R1_001.fastq.gz","CN24F150mMV2_SC45_S75_L001_R2_001.fastq.gz","Francisco Chavez",NA,NA,"MBARI",NA,NA,NA,NA,NA,NA,NA,NA,NA,NA,150,NA,"marine biome  (ENVO:00000447)","coastal water (ENVO:00001250)","waterborne particulate matter (ENVO:01000436)",NA,NA,"USA:California:Monterey Bay","FD75",NA,75,"CN24F150mMV2_SC45",NA,"GTACACACCGCCCGTC","TGATCCTTCTGCAGGTTCACCTAC",NA,NA,NA,"Poretics","0.22um",-80,"environmental","CN24F150mMV2_SC45_FD","NGS Illumina Miseq","MSU","AAGGACTCAG",18,NA,NA,NA,NA,"CN24F 150m exp",150,"MiSeq","CN24F 150m exp 150"
"76","CN24F150mMV2_SC46_FD",-0.0989911019047173,-0.0770019571567696,0.00930533322118906,NA,"FD","CN24F150mMV2_SC46_S76_L001_R1_001.fastq.gz","CN24F150mMV2_SC46_S76_L001_R2_001.fastq.gz","Francisco Chavez",NA,NA,"MBARI",NA,NA,NA,NA,NA,NA,NA,NA,NA,NA,150,NA,"marine biome  (ENVO:00000447)","coastal water (ENVO:00001250)","waterborne particulate matter (ENVO:01000436)",NA,NA,"USA:California:Monterey Bay","FD76",NA,76,"CN24F150mMV2_SC46",NA,"GTACACACCGCCCGTC","TGATCCTTCTGCAGGTTCACCTAC",NA,NA,NA,"Poretics","0.22um",-80,"environmental","CN24F150mMV2_SC46_FD","NGS Illumina Miseq","MSU","CAGACGATGA",18,NA,NA,NA,NA,"CN24F 150m exp",150,"MiSeq","CN24F 150m exp 150"
"77","CN24F150mMV2_SC47_FD",-0.0759601119204695,-0.064776385225237,0.0902787188400854,NA,"FD","CN24F150mMV2_SC47_S77_L001_R1_001.fastq.gz","CN24F150mMV2_SC47_S77_L001_R2_001.fastq.gz","Francisco Chavez",NA,NA,"MBARI",NA,NA,NA,NA,NA,NA,NA,NA,NA,NA,150,NA,"marine biome  (ENVO:00000447)","coastal water (ENVO:00001250)","waterborne particulate matter (ENVO:01000436)",NA,NA,"USA:California:Monterey Bay","FD77",NA,77,"CN24F150mMV2_SC47",NA,"GTACACACCGCCCGTC","TGATCCTTCTGCAGGTTCACCTAC",NA,NA,NA,"Poretics","0.22um",-80,"environmental","CN24F150mMV2_SC47_FD","NGS Illumina Miseq","MSU","TTGGAAGTAC",18,NA,NA,NA,NA,"CN24F 150m exp",150,"MiSeq","CN24F 150m exp 150"
"78","CN24F150mMV2_SC48_FD",-0.0863722223167934,-0.0783213448437267,0.0203298635037646,NA,"FD","CN24F150mMV2_SC48_S78_L001_R1_001.fastq.gz","CN24F150mMV2_SC48_S78_L001_R2_001.fastq.gz","Francisco Chavez",NA,NA,"MBARI",NA,NA,NA,NA,NA,NA,NA,NA,NA,NA,150,NA,"marine biome  (ENVO:00000447)","coastal water (ENVO:00001250)","waterborne particulate matter (ENVO:01000436)",NA,NA,"USA:California:Monterey Bay","FD78",NA,78,"CN24F150mMV2_SC48",NA,"GTACACACCGCCCGTC","TGATCCTTCTGCAGGTTCACCTAC",NA,NA,NA,"Poretics","0.22um",-80,"environmental","CN24F150mMV2_SC48_FD","NGS Illumina Miseq","MSU","TCGCATCAAC",18,NA,NA,NA,NA,"CN24F 150m exp",150,"MiSeq","CN24F 150m exp 150"
"79","CN24F150mMV2_SC49_FD",-0.0941883110852146,-0.0780325637012631,0.0181183907174751,NA,"FD","CN24F150mMV2_SC49_S79_L001_R1_001.fastq.gz","CN24F150mMV2_SC49_S79_L001_R2_001.fastq.gz","Francisco Chavez",NA,NA,"MBARI",NA,NA,NA,NA,NA,NA,NA,NA,NA,NA,150,NA,"marine biome  (ENVO:00000447)","coastal water (ENVO:00001250)","waterborne particulate matter (ENVO:01000436)",NA,NA,"USA:California:Monterey Bay","FD79",NA,79,"CN24F150mMV2_SC49",NA,"GTACACACCGCCCGTC","TGATCCTTCTGCAGGTTCACCTAC",NA,NA,NA,"Poretics","0.22um",-80,"environmental","CN24F150mMV2_SC49_FD","NGS Illumina Miseq","MSU","TATGCAACTC",18,NA,NA,NA,NA,"CN24F 150m exp",150,"MiSeq","CN24F 150m exp 150"
"80","CN24F150mMV2_SC50_FD",-0.0866595390985324,-0.0816649875352801,0.04001709402551,NA,"FD","CN24F150mMV2_SC50_S80_L001_R1_001.fastq.gz","CN24F150mMV2_SC50_S80_L001_R2_001.fastq.gz","Francisco Chavez",NA,NA,"MBARI",NA,NA,NA,NA,NA,NA,NA,NA,NA,NA,150,NA,"marine biome  (ENVO:00000447)","coastal water (ENVO:00001250)","waterborne particulate matter (ENVO:01000436)",NA,NA,"USA:California:Monterey Bay","FD80",NA,80,"CN24F150mMV2_SC50",NA,"GTACACACCGCCCGTC","TGATCCTTCTGCAGGTTCACCTAC",NA,NA,NA,"Poretics","0.22um",-80,"environmental","CN24F150mMV2_SC50_FD","NGS Illumina Miseq","MSU","GAATGTCACG",18,NA,NA,NA,NA,"CN24F 150m exp",150,"MiSeq","CN24F 150m exp 150"
"81","CN24F150mMV2_SC51_FD",-0.0991675637428011,-0.0793509801694909,0.00380346439438077,NA,"FD","CN24F150mMV2_SC51_S81_L001_R1_001.fastq.gz","CN24F150mMV2_SC51_S81_L001_R2_001.fastq.gz","Francisco Chavez",NA,NA,"MBARI",NA,NA,NA,NA,NA,NA,NA,NA,NA,NA,150,NA,"marine biome  (ENVO:00000447)","coastal water (ENVO:00001250)","waterborne particulate matter (ENVO:01000436)",NA,NA,"USA:California:Monterey Bay","FD81",NA,81,"CN24F150mMV2_SC51",NA,"GTACACACCGCCCGTC","TGATCCTTCTGCAGGTTCACCTAC",NA,NA,NA,"Poretics","0.22um",-80,"environmental","CN24F150mMV2_SC51_FD","NGS Illumina Miseq","MSU","GACCTGTTAA",18,NA,NA,NA,NA,"CN24F 150m exp",150,"MiSeq","CN24F 150m exp 150"
"82","CN24F150mMV2_SC52_FD",-0.0679951073835278,-0.064271360089277,0.0567678096636673,NA,"FD","CN24F150mMV2_SC52_S82_L001_R1_001.fastq.gz","CN24F150mMV2_SC52_S82_L001_R2_001.fastq.gz","Francisco Chavez",NA,NA,"MBARI",NA,NA,NA,NA,NA,NA,NA,NA,NA,NA,150,NA,"marine biome  (ENVO:00000447)","coastal water (ENVO:00001250)","waterborne particulate matter (ENVO:01000436)",NA,NA,"USA:California:Monterey Bay","FD82",NA,82,"CN24F150mMV2_SC52",NA,"GTACACACCGCCCGTC","TGATCCTTCTGCAGGTTCACCTAC",NA,NA,NA,"Poretics","0.22um",-80,"environmental","CN24F150mMV2_SC52_FD","NGS Illumina Miseq","MSU","CGGATGCTGA",18,NA,NA,NA,NA,"CN24F 150m exp",150,"MiSeq","CN24F 150m exp 150"
"83","CN24F150mMV2_SC53_FD",-0.0838334328624116,-0.070639603952586,0.0510954336801004,NA,"FD","CN24F150mMV2_SC53_S83_L001_R1_001.fastq.gz","CN24F150mMV2_SC53_S83_L001_R2_001.fastq.gz","Francisco Chavez",NA,NA,"MBARI",NA,NA,NA,NA,NA,NA,NA,NA,NA,NA,150,NA,"marine biome  (ENVO:00000447)","coastal water (ENVO:00001250)","waterborne particulate matter (ENVO:01000436)",NA,NA,"USA:California:Monterey Bay","FD83",NA,83,"CN24F150mMV2_SC53",NA,"GTACACACCGCCCGTC","TGATCCTTCTGCAGGTTCACCTAC",NA,NA,NA,"Poretics","0.22um",-80,"environmental","CN24F150mMV2_SC53_FD","NGS Illumina Miseq","MSU","GCAACTGTGA",18,NA,NA,NA,NA,"CN24F 150m exp",150,"MiSeq","CN24F 150m exp 150"
"84","CN24F150mMV2_SC54_FD",-0.0795217933875484,-0.0799990879538191,0.0463997179801795,NA,"FD","CN24F150mMV2_SC54_S84_L001_R1_001.fastq.gz","CN24F150mMV2_SC54_S84_L001_R2_001.fastq.gz","Francisco Chavez",NA,NA,"MBARI",NA,NA,NA,NA,NA,NA,NA,NA,NA,NA,150,NA,"marine biome  (ENVO:00000447)","coastal water (ENVO:00001250)","waterborne particulate matter (ENVO:01000436)",NA,NA,"USA:California:Monterey Bay","FD84",NA,84,"CN24F150mMV2_SC54",NA,"GTACACACCGCCCGTC","TGATCCTTCTGCAGGTTCACCTAC",NA,NA,NA,"Poretics","0.22um",-80,"environmental","CN24F150mMV2_SC54_FD","NGS Illumina Miseq","MSU","CGGAGCATCT",18,NA,NA,NA,NA,"CN24F 150m exp",150,"MiSeq","CN24F 150m exp 150"
"85","CN24F150mMV2_SC55_FD",-0.104583473677908,-0.0748278074164377,0.0426224243484574,NA,"FD","CN24F150mMV2_SC55_S85_L001_R1_001.fastq.gz","CN24F150mMV2_SC55_S85_L001_R2_001.fastq.gz","Francisco Chavez",NA,NA,"MBARI",NA,NA,NA,NA,NA,NA,NA,NA,NA,NA,150,NA,"marine biome  (ENVO:00000447)","coastal water (ENVO:00001250)","waterborne particulate matter (ENVO:01000436)",NA,NA,"USA:California:Monterey Bay","FD85",NA,85,"CN24F150mMV2_SC55",NA,"GTACACACCGCCCGTC","TGATCCTTCTGCAGGTTCACCTAC",NA,NA,NA,"Poretics","0.22um",-80,"environmental","CN24F150mMV2_SC55_FD","NGS Illumina Miseq","MSU","AAGACGCTAA",18,NA,NA,NA,NA,"CN24F 150m exp",150,"MiSeq","CN24F 150m exp 150"
"86","CN24F150mMV2_SC56_FD",-0.09771583513043,-0.0788857459595412,-0.0194302698187165,NA,"FD","CN24F150mMV2_SC56_S86_L001_R1_001.fastq.gz","CN24F150mMV2_SC56_S86_L001_R2_001.fastq.gz","Francisco Chavez",NA,NA,"MBARI",NA,NA,NA,NA,NA,NA,NA,NA,NA,NA,150,NA,"marine biome  (ENVO:00000447)","coastal water (ENVO:00001250)","waterborne particulate matter (ENVO:01000436)",NA,NA,"USA:California:Monterey Bay","FD86",NA,86,"CN24F150mMV2_SC56",NA,"GTACACACCGCCCGTC","TGATCCTTCTGCAGGTTCACCTAC",NA,NA,NA,"Poretics","0.22um",-80,"environmental","CN24F150mMV2_SC56_FD","NGS Illumina Miseq","MSU","ATAACAAGCG",18,NA,NA,NA,NA,"CN24F 150m exp",150,"MiSeq","CN24F 150m exp 150"
"87","CN24F150mMV2_SC57_FD",-0.0883049587329807,-0.0733223013002419,0.0272067424328136,NA,"FD","CN24F150mMV2_SC57_S87_L001_R1_001.fastq.gz","CN24F150mMV2_SC57_S87_L001_R2_001.fastq.gz","Francisco Chavez",NA,NA,"MBARI",NA,NA,NA,NA,NA,NA,NA,NA,NA,NA,150,NA,"marine biome  (ENVO:00000447)","coastal water (ENVO:00001250)","waterborne particulate matter (ENVO:01000436)",NA,NA,"USA:California:Monterey Bay","FD87",NA,87,"CN24F150mMV2_SC57",NA,"GTACACACCGCCCGTC","TGATCCTTCTGCAGGTTCACCTAC",NA,NA,NA,"Poretics","0.22um",-80,"environmental","CN24F150mMV2_SC57_FD","NGS Illumina Miseq","MSU","ATGCTAGTGT",18,NA,NA,NA,NA,"CN24F 150m exp",150,"MiSeq","CN24F 150m exp 150"
"88","CN24F150mMV2_SC58_FD",-0.0964140911628788,-0.0772837738771791,-0.0023398383195189,NA,"FD","CN24F150mMV2_SC58_S88_L001_R1_001.fastq.gz","CN24F150mMV2_SC58_S88_L001_R2_001.fastq.gz","Francisco Chavez",NA,NA,"MBARI",NA,NA,NA,NA,NA,NA,NA,NA,NA,NA,150,NA,"marine biome  (ENVO:00000447)","coastal water (ENVO:00001250)","waterborne particulate matter (ENVO:01000436)",NA,NA,"USA:California:Monterey Bay","FD88",NA,88,"CN24F150mMV2_SC58",NA,"GTACACACCGCCCGTC","TGATCCTTCTGCAGGTTCACCTAC",NA,NA,NA,"Poretics","0.22um",-80,"environmental","CN24F150mMV2_SC58_FD","NGS Illumina Miseq","MSU","CCTGGTACAG",18,NA,NA,NA,NA,"CN24F 150m exp",150,"MiSeq","CN24F 150m exp 150"
"89","CN24F150mMV2_SC59_FD",-0.099687081551685,-0.0736351189999636,0.0202385534841205,NA,"FD","CN24F150mMV2_SC59_S89_L001_R1_001.fastq.gz","CN24F150mMV2_SC59_S89_L001_R2_001.fastq.gz","Francisco Chavez",NA,NA,"MBARI",NA,NA,NA,NA,NA,NA,NA,NA,NA,NA,150,NA,"marine biome  (ENVO:00000447)","coastal water (ENVO:00001250)","waterborne particulate matter (ENVO:01000436)",NA,NA,"USA:California:Monterey Bay","FD89",NA,89,"CN24F150mMV2_SC59",NA,"GTACACACCGCCCGTC","TGATCCTTCTGCAGGTTCACCTAC",NA,NA,NA,"Poretics","0.22um",-80,"environmental","CN24F150mMV2_SC59_FD","NGS Illumina Miseq","MSU","TGGCTCATGT",18,NA,NA,NA,NA,"CN24F 150m exp",150,"MiSeq","CN24F 150m exp 150"
"90","14223c01_05c_eDNA_FK",-0.00777008572492742,0.173802194698797,-0.035369911842203,NA,"FK","14223c01_05c_eDNA_L1_R1.fastq.gz","14223c01_05c_eDNA_L1_R2.fastq.gz","Francisco Chavez",5,14223,"MBARI","Rachel Carson","ship",301.012,"MARS",1,NA,-0.0994,36.711,-122.196,26.6553,300,1.0366,"marine biome  (ENVO:00000447)","coastal water (ENVO:00001250)","waterborne particulate matter (ENVO:01000436)",2023-05-22 17:53:00,0.1247,"USA:California:Monterey Bay","FK1",37.857,1,"14223c01_05c_eDNA",303.469,"GTACACACCGCCCGTC","TGATCCTTCTGCAGGTTCACCTAC","Cannon","c",34.1852,"Poretics","0.22um",-80,"environmental","14223c01_05c_eDNA_FK","AVITI 2x150 bp low output flow cell","MSU",NA,18,7.8849,2023,5,22,"CN23S MARS",300,"AVITI","CN23S MARS 300"
"91","14223c01_07c_eDNA_FK",-0.0361045897282404,0.161000492435596,-0.134434111664431,NA,"FK","14223c01_07c_eDNA_L1_R1.fastq.gz","14223c01_07c_eDNA_L1_R2.fastq.gz","Francisco Chavez",7,14223,"MBARI","Rachel Carson","ship",202.055,"MARS",1,NA,-0.0468,36.711,-122.196,26.5257,200,1.3929,"marine biome  (ENVO:00000447)","coastal water (ENVO:00001250)","waterborne particulate matter (ENVO:01000436)",2023-05-22 17:53:00,0.1296,"USA:California:Monterey Bay","FK2",27.967,2,"14223c01_07c_eDNA",203.656,"GTACACACCGCCCGTC","TGATCCTTCTGCAGGTTCACCTAC","Cannon","c",34.1371,"Poretics","0.22um",-80,"environmental","14223c01_07c_eDNA_FK","AVITI 2x150 bp low output flow cell","MSU",NA,18,8.4879,2023,5,22,"CN23S MARS",200,"AVITI","CN23S MARS 200"
"92","14223c01_06c_eDNA_FK",-0.024649402461856,0.16871556689567,-0.108701293447305,NA,"FK","14223c01_06c_eDNA_L1_R1.fastq.gz","14223c01_06c_eDNA_L1_R2.fastq.gz","Francisco Chavez",6,14223,"MBARI","Rachel Carson","ship",251.868,"MARS",1,NA,-0.0791,36.711,-122.196,26.5679,250,1.2635,"marine biome  (ENVO:00000447)","coastal water (ENVO:00001250)","waterborne particulate matter (ENVO:01000436)",2023-05-22 17:53:00,0.1266,"USA:California:Monterey Bay","FK3",31.056,3,"14223c01_06c_eDNA",253.894,"GTACACACCGCCCGTC","TGATCCTTCTGCAGGTTCACCTAC","Cannon","c",34.1584,"Poretics","0.22um",-80,"environmental","14223c01_06c_eDNA_FK","AVITI 2x150 bp low output flow cell","MSU",NA,18,8.3253,2023,5,22,"CN23S MARS",250,"AVITI","CN23S MARS 250"
"93","14223c01_10c_eDNA_FK",0.07287488834024,-0.0398010197867907,0.120053051340165,NA,"FK","14223c01_10c_eDNA_L1_R1.fastq.gz","14223c01_10c_eDNA_L1_R2.fastq.gz","Francisco Chavez",10,14223,"MBARI","Rachel Carson","ship",21.024,"MARS",1,NA,1.7658,36.711,-122.196,25.1101,20,6.0492,"marine biome  (ENVO:00000447)","coastal water (ENVO:00001250)","waterborne particulate matter (ENVO:01000436)",2023-05-22 17:53:00,0.2989,"USA:California:Monterey Bay","FK4",7.481,4,"14223c01_10c_eDNA",21.181,"GTACACACCGCCCGTC","TGATCCTTCTGCAGGTTCACCTAC","Cannon","c",33.2522,"Poretics","0.22um",-80,"environmental","14223c01_10c_eDNA_FK","AVITI 2x150 bp low output flow cell","MSU",NA,18,12.6401,2023,5,22,"CN23S MARS",20,"AVITI","CN23S MARS 20"
"94","14223c01_04c_eDNA_FK",0.00530910700480155,0.174282751526621,0.0288433377923292,NA,"FK","14223c01_04c_eDNA_L1_R1.fastq.gz","14223c01_04c_eDNA_L1_R2.fastq.gz","Francisco Chavez",4,14223,"MBARI","Rachel Carson","ship",401.441,"MARS",1,NA,-0.1082,36.711,-122.196,26.7393,400,0.8192,"marine biome  (ENVO:00000447)","coastal water (ENVO:00001250)","waterborne particulate matter (ENVO:01000436)",2023-05-22 17:53:00,0.1239,"USA:California:Monterey Bay","FK5",39.831,5,"14223c01_04c_eDNA",404.817,"GTACACACCGCCCGTC","TGATCCTTCTGCAGGTTCACCTAC","Cannon","c",34.1991,"Poretics","0.22um",-80,"environmental","14223c01_04c_eDNA_FK","AVITI 2x150 bp low output flow cell","MSU",NA,18,7.3874,2023,5,22,"CN23S MARS",400,"AVITI","CN23S MARS 400"
"95","14223c01_09c_eDNA_FK",-0.0441326201302083,0.0161284740369151,0.0485954918774214,NA,"FK","14223c01_09c_eDNA_L1_R1.fastq.gz","14223c01_09c_eDNA_L1_R2.fastq.gz","Francisco Chavez",9,14223,"MBARI","Rachel Carson","ship",61.34,"MARS",1,NA,0.0674,36.711,-122.196,26.0385,60,3.4987,"marine biome  (ENVO:00000447)","coastal water (ENVO:00001250)","waterborne particulate matter (ENVO:01000436)",2023-05-22 17:53:00,0.1403,"USA:California:Monterey Bay","FK6",25.001,6,"14223c01_09c_eDNA",61.805,"GTACACACCGCCCGTC","TGATCCTTCTGCAGGTTCACCTAC","Cannon","c",33.8392,"Poretics","0.22um",-80,"environmental","14223c01_09c_eDNA_FK","AVITI 2x150 bp low output flow cell","MSU",NA,18,10.0487,2023,5,22,"CN23S MARS",60,"AVITI","CN23S MARS 60"
"96","14223c01_02c_eDNA_FK",0.0305065566276816,0.163373432604538,0.121201707249957,NA,"FK","14223c01_02c_eDNA_L1_R1.fastq.gz","14223c01_02c_eDNA_L1_R2.fastq.gz","Francisco Chavez",2,14223,"MBARI","Rachel Carson","ship",601.895,"MARS",1,NA,-0.1048,36.711,-122.196,26.9458,600,0.3844,"marine biome  (ENVO:00000447)","coastal water (ENVO:00001250)","waterborne particulate matter (ENVO:01000436)",2023-05-22 17:53:00,0.1242,"USA:California:Monterey Bay","FK7",43.736,7,"14223c01_02c_eDNA",607.252,"GTACACACCGCCCGTC","TGATCCTTCTGCAGGTTCACCTAC","Cannon","c",34.2505,"Poretics","0.22um",-80,"environmental","14223c01_02c_eDNA_FK","AVITI 2x150 bp low output flow cell","MSU",NA,18,6.1689,2023,5,22,"CN23S MARS",600,"AVITI","CN23S MARS 600"
"97","14223c01_01c_eDNA_FK",0.0484401020858538,0.167682172400993,0.175313048087189,NA,"FK","14223c01_01c_eDNA_L1_R1.fastq.gz","14223c01_01c_eDNA_L1_R2.fastq.gz","Francisco Chavez",1,14223,"MBARI","Rachel Carson","ship",699.856,"MARS",1,NA,-0.0637,36.711,-122.196,27.1194,700,0.2595,"marine biome  (ENVO:00000447)","coastal water (ENVO:00001250)","waterborne particulate matter (ENVO:01000436)",2023-05-22 17:53:00,0.128,"USA:California:Monterey Bay","FK8",46.121,8,"14223c01_01c_eDNA",706.253,"GTACACACCGCCCGTC","TGATCCTTCTGCAGGTTCACCTAC","Cannon","c",34.3191,"Poretics","0.22um",-80,"environmental","14223c01_01c_eDNA_FK","AVITI 2x150 bp low output flow cell","MSU",NA,18,5.1966,2023,5,22,"CN23S MARS",700,"AVITI","CN23S MARS 700"
"98","14223c01_03c_eDNA_FK",0.0432472170144604,0.171622935028449,0.0647887433061123,NA,"FK","14223c01_03c_eDNA_L1_R1.fastq.gz","14223c01_03c_eDNA_L1_R2.fastq.gz","Francisco Chavez",3,14223,"MBARI","Rachel Carson","ship",500.926,"MARS",1,NA,-0.112,36.711,-122.196,26.8855,500,0.504,"marine biome  (ENVO:00000447)","coastal water (ENVO:00001250)","waterborne particulate matter (ENVO:01000436)",2023-05-22 17:53:00,0.1235,"USA:California:Monterey Bay","FK9",35.907,9,"14223c01_03c_eDNA",505.26,"GTACACACCGCCCGTC","TGATCCTTCTGCAGGTTCACCTAC","Cannon","c",34.2243,"Poretics","0.22um",-80,"environmental","14223c01_03c_eDNA_FK","AVITI 2x150 bp low output flow cell","MSU",NA,18,6.4669,2023,5,22,"CN23S MARS",500,"AVITI","CN23S MARS 500"
"99","14223c01_12c_eDNA_FK",0.0799456090006772,-0.01868322417833,0.127452804749966,NA,"FK","14223c01_12c_eDNA_L1_R1.fastq.gz","14223c01_12c_eDNA_L1_R2.fastq.gz","Francisco Chavez",12,14223,"MBARI","Rachel Carson","ship",3.112,"MARS",1,NA,1.1456,36.711,-122.196,25.0996,0,6.0942,"marine biome  (ENVO:00000447)","coastal water (ENVO:00001250)","waterborne particulate matter (ENVO:01000436)",2023-05-22 17:53:00,0.241,"USA:California:Monterey Bay","FK10",6.645,10,"14223c01_12c_eDNA",3.135,"GTACACACCGCCCGTC","TGATCCTTCTGCAGGTTCACCTAC","Cannon","c",33.2531,"Poretics","0.22um",-80,"environmental","14223c01_12c_eDNA_FK","AVITI 2x150 bp low output flow cell","MSU",NA,18,12.6957,2023,5,22,"CN23S MARS",0,"AVITI","CN23S MARS 0"
"100","14223c01_08c_eDNA_FK",-0.0327507475475086,0.068047325402554,-0.0113190397998797,NA,"FK","14223c01_08c_eDNA_L1_R1.fastq.gz","14223c01_08c_eDNA_L1_R2.fastq.gz","Francisco Chavez",8,14223,"MBARI","Rachel Carson","ship",101.114,"MARS",1,NA,-0.0212,36.711,-122.196,26.2686,100,2.4491,"marine biome  (ENVO:00000447)","coastal water (ENVO:00001250)","waterborne particulate matter (ENVO:01000436)",2023-05-22 17:53:00,0.132,"USA:California:Monterey Bay","FK11",23.505,11,"14223c01_08c_eDNA",101.89,"GTACACACCGCCCGTC","TGATCCTTCTGCAGGTTCACCTAC","Cannon","c",33.9602,"Poretics","0.22um",-80,"environmental","14223c01_08c_eDNA_FK","AVITI 2x150 bp low output flow cell","MSU",NA,18,9.2321,2023,5,22,"CN23S MARS",100,"AVITI","CN23S MARS 100"
"101","25424c01_12c_eDNA_FK",0.0997853329883507,-0.0109640478617853,0.0710259898040538,NA,"FK","25424c01_12c_eDNA_L1_R1.fastq.gz","25424c01_12c_eDNA_L1_R2.fastq.gz","Francisco Chavez",12,25424,"MBARI","Rachel Carson","ship",3.072,"c1",1,NA,3.3251,36.7975,-121.8475,25.0484,0,5.8805,"marine biome  (ENVO:00000447)","coastal water (ENVO:00001250)","waterborne particulate matter (ENVO:01000436)",2024-09-10 14:48:00,0.4445,"USA:California:Monterey Bay","FK12",NA,12,"25424c01_12c_eDNA",3.094,"GTACACACCGCCCGTC","TGATCCTTCTGCAGGTTCACCTAC","PTLO","c",33.8047,"Poretics","0.22um",-80,"environmental","25424c01_12c_eDNA_FK","AVITI 2x150 bp low output flow cell","MSU",NA,18,15.01,2024,9,10,"MBTS 25424",0,"AVITI","MBTS 25424 0"
"102","25424c01_10c_eDNA_FK",0.038196843054645,-0.0866647421559602,0.0621312306185254,NA,"FK","25424c01_10c_eDNA_L1_R1.fastq.gz","25424c01_10c_eDNA_L1_R2.fastq.gz","Francisco Chavez",10,25424,"MBARI","Rachel Carson","ship",10.238,"c1",1,NA,0.7041,36.7975,-121.8475,25.6966,10,3.9941,"marine biome  (ENVO:00000447)","coastal water (ENVO:00001250)","waterborne particulate matter (ENVO:01000436)",2024-09-10 14:48:00,0.1997,"USA:California:Monterey Bay","FK13",NA,13,"25424c01_10c_eDNA",10.314,"GTACACACCGCCCGTC","TGATCCTTCTGCAGGTTCACCTAC","PTLO","c",33.8077,"Poretics","0.22um",-80,"environmental","25424c01_10c_eDNA_FK","AVITI 2x150 bp low output flow cell","MSU",NA,18,11.8235,2024,9,10,"MBTS 25424",10,"AVITI","MBTS 25424 10"
"103","25424c01_09c_eDNA_FK",0.0171616882453473,-0.065392549113081,0.1545654083536,NA,"FK","25424c01_09c_eDNA_L1_R1.fastq.gz","25424c01_09c_eDNA_L1_R2.fastq.gz","Francisco Chavez",9,25424,"MBARI","Rachel Carson","ship",20.421,"c1",1,NA,0.4298,36.7975,-121.8475,25.8362,20,3.4435,"marine biome  (ENVO:00000447)","coastal water (ENVO:00001250)","waterborne particulate matter (ENVO:01000436)",2024-09-10 14:48:00,0.1741,"USA:California:Monterey Bay","FK14",NA,14,"25424c01_09c_eDNA",20.574,"GTACACACCGCCCGTC","TGATCCTTCTGCAGGTTCACCTAC","PTLO","c",33.8352,"Poretics","0.22um",-80,"environmental","25424c01_09c_eDNA_FK","AVITI 2x150 bp low output flow cell","MSU",NA,18,11.1818,2024,9,10,"MBTS 25424",20,"AVITI","MBTS 25424 20"
"104","25424c01_06c_eDNA_FK",-0.0562559810665588,-0.0269112655854194,0.038841194784656,NA,"FK","25424c01_06c_eDNA_L1_R1.fastq.gz","25424c01_06c_eDNA_L1_R2.fastq.gz","Francisco Chavez",6,25424,"MBARI","Rachel Carson","ship",59.967,"c1",1,NA,0.0431,36.7975,-121.8475,26.0666,60,2.0678,"marine biome  (ENVO:00000447)","coastal water (ENVO:00001250)","waterborne particulate matter (ENVO:01000436)",2024-09-10 14:48:00,0.138,"USA:California:Monterey Bay","FK15",NA,15,"25424c01_06c_eDNA",60.422,"GTACACACCGCCCGTC","TGATCCTTCTGCAGGTTCACCTAC","PTLO","c",33.918,"Poretics","0.22um",-80,"environmental","25424c01_06c_eDNA_FK","AVITI 2x150 bp low output flow cell","MSU",NA,18,10.2451,2024,9,10,"MBTS 25424",60,"AVITI","MBTS 25424 60"
"105","25424c01_03c_eDNA_FK",-0.0751989750050033,0.014582255171248,-0.053326215879836,NA,"FK","25424c01_03c_eDNA_L1_R1.fastq.gz","25424c01_03c_eDNA_L1_R2.fastq.gz","Francisco Chavez",3,25424,"MBARI","Rachel Carson","ship",149.061,"c1",1,NA,0.0169,36.7975,-121.8475,26.3645,150,1.1609,"marine biome  (ENVO:00000447)","coastal water (ENVO:00001250)","waterborne particulate matter (ENVO:01000436)",2024-09-10 14:48:00,0.1356,"USA:California:Monterey Bay","FK16",NA,16,"25424c01_03c_eDNA",150.223,"GTACACACCGCCCGTC","TGATCCTTCTGCAGGTTCACCTAC","PTLO","c",34.047,"Poretics","0.22um",-80,"environmental","25424c01_03c_eDNA_FK","AVITI 2x150 bp low output flow cell","MSU",NA,18,9.062,2024,9,10,"MBTS 25424",150,"AVITI","MBTS 25424 150"
"106","25424c02_12c_eDNA_FK",0.110061396512191,-0.0380095596017277,-0.00474371429650745,NA,"FK","25424c02_12c_eDNA_L1_R1.fastq.gz","25424c02_12c_eDNA_L1_R2.fastq.gz","Francisco Chavez",12,25424,"MBARI","Rachel Carson","ship",3.087,"Mooring1",2,NA,3.2152,36.7465,-122.0202,25.1026,0,5.9011,"marine biome  (ENVO:00000447)","coastal water (ENVO:00001250)","waterborne particulate matter (ENVO:01000436)",2024-09-10 16:26:00,0.4342,"USA:California:Monterey Bay","FK17",NA,17,"25424c02_12c_eDNA",3.11,"GTACACACCGCCCGTC","TGATCCTTCTGCAGGTTCACCTAC","PTLO","c",33.7859,"Poretics","0.22um",-80,"environmental","25424c02_12c_eDNA_FK","AVITI 2x150 bp low output flow cell","MSU",NA,18,14.6922,2024,9,10,"MBTS 25424",0,"AVITI","MBTS 25424 0"
"107","25424c02_10c_eDNA_FK",0.0825587365388617,-0.0539778012272888,0.0332267367721656,NA,"FK","25424c02_10c_eDNA_L1_R1.fastq.gz","25424c02_10c_eDNA_L1_R2.fastq.gz","Francisco Chavez",10,25424,"MBARI","Rachel Carson","ship",10.18,"Mooring1",2,NA,4.1594,36.7465,-122.0202,25.22,10,5.6191,"marine biome  (ENVO:00000447)","coastal water (ENVO:00001250)","waterborne particulate matter (ENVO:01000436)",2024-09-10 16:26:00,0.5224,"USA:California:Monterey Bay","FK18",NA,18,"25424c02_10c_eDNA",10.255,"GTACACACCGCCCGTC","TGATCCTTCTGCAGGTTCACCTAC","PTLO","c",33.7692,"Poretics","0.22um",-80,"environmental","25424c02_10c_eDNA_FK","AVITI 2x150 bp low output flow cell","MSU",NA,18,14.0783,2024,9,10,"MBTS 25424",10,"AVITI","MBTS 25424 10"
"108","25424c02_09c_eDNA_FK",0.0486713996766353,-0.0658900933338267,0.0463584493089621,NA,"FK","25424c02_09c_eDNA_L1_R1.fastq.gz","25424c02_09c_eDNA_L1_R2.fastq.gz","Francisco Chavez",9,25424,"MBARI","Rachel Carson","ship",20.181,"Mooring1",2,NA,1.6478,36.7465,-122.0202,25.6007,20,4.0424,"marine biome  (ENVO:00000447)","coastal water (ENVO:00001250)","waterborne particulate matter (ENVO:01000436)",2024-09-10 16:26:00,0.2879,"USA:California:Monterey Bay","FK19",NA,19,"25424c02_09c_eDNA",20.332,"GTACACACCGCCCGTC","TGATCCTTCTGCAGGTTCACCTAC","PTLO","c",33.758,"Poretics","0.22um",-80,"environmental","25424c02_09c_eDNA_FK","AVITI 2x150 bp low output flow cell","MSU",NA,18,12.1278,2024,9,10,"MBTS 25424",20,"AVITI","MBTS 25424 20"
"109","25424c02_06c_eDNA_FK",-0.0790824523017919,-0.00158711442659313,0.0389152864675601,NA,"FK","25424c02_06c_eDNA_L1_R1.fastq.gz","25424c02_06c_eDNA_L1_R2.fastq.gz","Francisco Chavez",6,25424,"MBARI","Rachel Carson","ship",60.456,"Mooring1",2,NA,-0.0074,36.7465,-122.0202,26.0483,60,2.187,"marine biome  (ENVO:00000447)","coastal water (ENVO:00001250)","waterborne particulate matter (ENVO:01000436)",2024-09-10 16:26:00,0.1333,"USA:California:Monterey Bay","FK20",NA,20,"25424c02_06c_eDNA",60.914,"GTACACACCGCCCGTC","TGATCCTTCTGCAGGTTCACCTAC","PTLO","c",33.8969,"Poretics","0.22um",-80,"environmental","25424c02_06c_eDNA_FK","AVITI 2x150 bp low output flow cell","MSU",NA,18,10.2553,2024,9,10,"MBTS 25424",60,"AVITI","MBTS 25424 60"
"110","25424c02_03c_eDNA_FK",-0.0788848851648636,0.0968168468366023,-0.0720041373357017,NA,"FK","25424c02_03c_eDNA_L1_R1.fastq.gz","25424c02_03c_eDNA_L1_R2.fastq.gz","Francisco Chavez",3,25424,"MBARI","Rachel Carson","ship",150.486,"Mooring1",2,NA,-0.0498,36.7465,-122.0202,26.2959,150,1.4903,"marine biome  (ENVO:00000447)","coastal water (ENVO:00001250)","waterborne particulate matter (ENVO:01000436)",2024-09-10 16:26:00,0.1293,"USA:California:Monterey Bay","FK21",NA,21,"25424c02_03c_eDNA",151.659,"GTACACACCGCCCGTC","TGATCCTTCTGCAGGTTCACCTAC","PTLO","c",34.0379,"Poretics","0.22um",-80,"environmental","25424c02_03c_eDNA_FK","AVITI 2x150 bp low output flow cell","MSU",NA,18,9.4442,2024,9,10,"MBTS 25424",150,"AVITI","MBTS 25424 150"
"111","25424c03_12c_eDNA_FK",0.106799674167147,-0.0418405662503393,-0.0642493975473465,NA,"FK","25424c03_12c_eDNA_L1_R1.fastq.gz","25424c03_12c_eDNA_L1_R2.fastq.gz","Francisco Chavez",12,25424,"MBARI","Rachel Carson","ship",2.626,"Mooring2",3,NA,4.8098,36.695,-122.3813,25.1923,0,6.5254,"marine biome  (ENVO:00000447)","coastal water (ENVO:00001250)","waterborne particulate matter (ENVO:01000436)",2024-09-10 19:04:00,0.5831,"USA:California:Monterey Bay","FK22",NA,22,"25424c03_12c_eDNA",2.646,"GTACACACCGCCCGTC","TGATCCTTCTGCAGGTTCACCTAC","PTLO","c",33.6627,"Poretics","0.22um",-80,"environmental","25424c03_12c_eDNA_FK","AVITI 2x150 bp low output flow cell","MSU",NA,18,13.8142,2024,9,10,"MBTS 25424",0,"AVITI","MBTS 25424 0"
"112","25424c03_10c_eDNA_FK",0.0366864342145678,-0.0486624670672628,-0.0518497111141182,NA,"FK","25424c03_10c_eDNA_L1_R1.fastq.gz","25424c03_10c_eDNA_L1_R2.fastq.gz","Francisco Chavez",10,25424,"MBARI","Rachel Carson","ship",10.316,"Mooring2",3,NA,6.4959,36.695,-122.3813,25.4318,10,5.4528,"marine biome  (ENVO:00000447)","coastal water (ENVO:00001250)","waterborne particulate matter (ENVO:01000436)",2024-09-10 19:04:00,0.7405,"USA:California:Monterey Bay","FK23",NA,23,"25424c03_10c_eDNA",10.392,"GTACACACCGCCCGTC","TGATCCTTCTGCAGGTTCACCTAC","PTLO","c",33.7459,"Poretics","0.22um",-80,"environmental","25424c03_10c_eDNA_FK","AVITI 2x150 bp low output flow cell","MSU",NA,18,12.9488,2024,9,10,"MBTS 25424",10,"AVITI","MBTS 25424 10"
"113","25424c03_09c_eDNA_FK",0.0154700076603571,-0.0633120549983958,0.0370514301812224,NA,"FK","25424c03_09c_eDNA_L1_R1.fastq.gz","25424c03_09c_eDNA_L1_R2.fastq.gz","Francisco Chavez",9,25424,"MBARI","Rachel Carson","ship",20.289,"Mooring2",3,NA,0.6123,36.695,-122.3813,25.56,20,4.4551,"marine biome  (ENVO:00000447)","coastal water (ENVO:00001250)","waterborne particulate matter (ENVO:01000436)",2024-09-10 19:04:00,0.1912,"USA:California:Monterey Bay","FK24",NA,24,"25424c03_09c_eDNA",20.441,"GTACACACCGCCCGTC","TGATCCTTCTGCAGGTTCACCTAC","PTLO","c",33.6052,"Poretics","0.22um",-80,"environmental","25424c03_09c_eDNA_FK","AVITI 2x150 bp low output flow cell","MSU",NA,18,11.7133,2024,9,10,"MBTS 25424",20,"AVITI","MBTS 25424 20"
"114","25424c03_06c_eDNA_FK",-0.070233354964564,0.00550772039884248,-0.0563963870200873,NA,"FK","25424c03_06c_eDNA_L1_R1.fastq.gz","25424c03_06c_eDNA_L1_R2.fastq.gz","Francisco Chavez",6,25424,"MBARI","Rachel Carson","ship",60.038,"Mooring2",3,NA,-0.0354,36.695,-122.3813,26.0261,60,2.0215,"marine biome  (ENVO:00000447)","coastal water (ENVO:00001250)","waterborne particulate matter (ENVO:01000436)",2024-09-10 19:04:00,0.1307,"USA:California:Monterey Bay","FK25",NA,25,"25424c03_06c_eDNA",60.493,"GTACACACCGCCCGTC","TGATCCTTCTGCAGGTTCACCTAC","PTLO","c",33.8599,"Poretics","0.22um",-80,"environmental","25424c03_06c_eDNA_FK","AVITI 2x150 bp low output flow cell","MSU",NA,18,10.2163,2024,9,10,"MBTS 25424",60,"AVITI","MBTS 25424 60"
"115","25424c03_03c_eDNA_FK",-0.0344430590597902,0.063514337091813,0.0309708835865863,NA,"FK","25424c03_03c_eDNA_L1_R1.fastq.gz","25424c03_03c_eDNA_L1_R2.fastq.gz","Francisco Chavez",3,25424,"MBARI","Rachel Carson","ship",149.85,"Mooring2",3,NA,-0.0634,36.695,-122.3813,26.2385,150,1.5513,"marine biome  (ENVO:00000447)","coastal water (ENVO:00001250)","waterborne particulate matter (ENVO:01000436)",2024-09-10 19:04:00,0.1281,"USA:California:Monterey Bay","FK26",NA,26,"25424c03_03c_eDNA",151.017,"GTACACACCGCCCGTC","TGATCCTTCTGCAGGTTCACCTAC","PTLO","c",34.0117,"Poretics","0.22um",-80,"environmental","25424c03_03c_eDNA_FK","AVITI 2x150 bp low output flow cell","MSU",NA,18,9.6688,2024,9,10,"MBTS 25424",150,"AVITI","MBTS 25424 150"
"116","22624c01_12c_eDNA_FK",0.112957953022871,-0.0162967478272746,0.0366469854287136,NA,"FK","22624c01_12c_eDNA_L1_R1.fastq.gz","22624c01_12c_eDNA_L1_R2.fastq.gz","Francisco Chavez",12,22624,"MBARI","RACHEL CARSON","ship",3.164,"C1",1,NA,8.941,36.7973,-121.847,25.6757,0,5.5359,"marine biome  (ENVO:00000447)","coastal water (ENVO:00001250)","waterborne particulate matter (ENVO:01000436)",2024-08-13 15:53:00,0.9688,"USA:California:Monterey Bay","FK27",NA,27,"22624c01_12c_eDNA",3.187,"GTACACACCGCCCGTC","TGATCCTTCTGCAGGTTCACCTAC","PTLO","c",33.8171,"Poretics","0.22um",-80,"environmental","22624c01_12c_eDNA_FK","AVITI 2x150 bp low output flow cell","MSU",NA,18,11.9723,2024,8,13,"MBTS 22624",0,"AVITI","MBTS 22624 0"
"117","22624c01_10c_eDNA_FK",0.00701597858818773,-0.0387084011991425,-0.104642806972714,NA,"FK","22624c01_10c_eDNA_L1_R1.fastq.gz","22624c01_10c_eDNA_L1_R2.fastq.gz","Francisco Chavez",10,22624,"MBARI","RACHEL CARSON","ship",11.021,"C1",1,NA,5.9354,36.7973,-121.847,25.7897,10,4.1396,"marine biome  (ENVO:00000447)","coastal water (ENVO:00001250)","waterborne particulate matter (ENVO:01000436)",2024-08-13 15:53:00,0.6882,"USA:California:Monterey Bay","FK28",NA,28,"22624c01_10c_eDNA",11.103,"GTACACACCGCCCGTC","TGATCCTTCTGCAGGTTCACCTAC","PTLO","c",33.8282,"Poretics","0.22um",-80,"environmental","22624c01_10c_eDNA_FK","AVITI 2x150 bp low output flow cell","MSU",NA,18,11.4065,2024,8,13,"MBTS 22624",10,"AVITI","MBTS 22624 10"
"118","22624c01_09c_eDNA_FK",-0.0411096212081479,-0.0207967128716184,-0.115108055117426,NA,"FK","22624c01_09c_eDNA_L1_R1.fastq.gz","22624c01_09c_eDNA_L1_R2.fastq.gz","Francisco Chavez",9,22624,"MBARI","RACHEL CARSON","ship",20.8,"C1",1,NA,0.1589,36.7973,-121.847,26.0656,20,2.1549,"marine biome  (ENVO:00000447)","coastal water (ENVO:00001250)","waterborne particulate matter (ENVO:01000436)",2024-08-13 15:53:00,0.1488,"USA:California:Monterey Bay","FK29",NA,29,"22624c01_09c_eDNA",20.955,"GTACACACCGCCCGTC","TGATCCTTCTGCAGGTTCACCTAC","PTLO","c",33.8705,"Poretics","0.22um",-80,"environmental","22624c01_09c_eDNA_FK","AVITI 2x150 bp low output flow cell","MSU",NA,18,10.0285,2024,8,13,"MBTS 22624",20,"AVITI","MBTS 22624 20"
"119","22624c01_06c_eDNA_FK",-0.0666051544763673,0.0553938784618453,-0.12293477244145,NA,"FK","22624c01_06c_eDNA_L1_R1.fastq.gz","22624c01_06c_eDNA_L1_R2.fastq.gz","Francisco Chavez",6,22624,"MBARI","RACHEL CARSON","ship",61.245,"C1",1,NA,-0.0148,36.7973,-121.847,26.2464,60,1.5823,"marine biome  (ENVO:00000447)","coastal water (ENVO:00001250)","waterborne particulate matter (ENVO:01000436)",2024-08-13 15:53:00,0.1326,"USA:California:Monterey Bay","FK30",NA,30,"22624c01_06c_eDNA",61.709,"GTACACACCGCCCGTC","TGATCCTTCTGCAGGTTCACCTAC","PTLO","c",33.9986,"Poretics","0.22um",-80,"environmental","22624c01_06c_eDNA_FK","AVITI 2x150 bp low output flow cell","MSU",NA,18,9.5484,2024,8,13,"MBTS 22624",60,"AVITI","MBTS 22624 60"
"120","22624c01_03c_eDNA_FK",-0.0594895309896768,0.0618082876852484,-0.0649367842849163,NA,"FK","22624c01_03c_eDNA_L1_R1.fastq.gz","22624c01_03c_eDNA_L1_R2.fastq.gz","Francisco Chavez",3,22624,"MBARI","RACHEL CARSON","ship",150.604,"C1",1,NA,-0.037,36.7973,-121.847,26.437,150,1.3372,"marine biome  (ENVO:00000447)","coastal water (ENVO:00001250)","waterborne particulate matter (ENVO:01000436)",2024-08-13 15:53:00,0.1305,"USA:California:Monterey Bay","FK31",NA,31,"22624c01_03c_eDNA",151.779,"GTACACACCGCCCGTC","TGATCCTTCTGCAGGTTCACCTAC","PTLO","c",34.0616,"Poretics","0.22um",-80,"environmental","22624c01_03c_eDNA_FK","AVITI 2x150 bp low output flow cell","MSU",NA,18,8.674,2024,8,13,"MBTS 22624",150,"AVITI","MBTS 22624 150"
"121","22624c02_12c_eDNA_FK",0.122942044509887,-0.0166675375502897,-0.0168282500813218,NA,"FK","22624c02_12c_eDNA_L1_R1.fastq.gz","22624c02_12c_eDNA_L1_R2.fastq.gz","Francisco Chavez",12,22624,"MBARI","RACHEL CARSON","ship",2.958,"MOORING1",2,NA,1.4298,36.7472,-122.0217,25.4541,0,5.5156,"marine biome  (ENVO:00000447)","coastal water (ENVO:00001250)","waterborne particulate matter (ENVO:01000436)",2024-08-13 17:36:00,0.2675,"USA:California:Monterey Bay","FK32",NA,32,"22624c02_12c_eDNA",2.979,"GTACACACCGCCCGTC","TGATCCTTCTGCAGGTTCACCTAC","PTLO","c",33.7542,"Poretics","0.22um",-80,"environmental","22624c02_12c_eDNA_FK","AVITI 2x150 bp low output flow cell","MSU",NA,18,12.8679,2024,8,13,"MBTS 22624",0,"AVITI","MBTS 22624 0"
"122","22624c02_10c_eDNA_FK",0.105669791841877,-0.0428695386152531,-0.161989750826165,NA,"FK","22624c02_10c_eDNA_L1_R1.fastq.gz","22624c02_10c_eDNA_L1_R2.fastq.gz","Francisco Chavez",10,22624,"MBARI","RACHEL CARSON","ship",10.591,"MOORING1",2,NA,5.1999,36.7472,-122.0217,25.5357,10,5.446,"marine biome  (ENVO:00000447)","coastal water (ENVO:00001250)","waterborne particulate matter (ENVO:01000436)",2024-08-13 17:36:00,0.6195,"USA:California:Monterey Bay","FK33",NA,33,"22624c02_10c_eDNA",10.67,"GTACACACCGCCCGTC","TGATCCTTCTGCAGGTTCACCTAC","PTLO","c",33.7655,"Poretics","0.22um",-80,"environmental","22624c02_10c_eDNA_FK","AVITI 2x150 bp low output flow cell","MSU",NA,18,12.4964,2024,8,13,"MBTS 22624",10,"AVITI","MBTS 22624 10"
"123","22624c02_09c_eDNA_FK",0.0889357454705876,-0.0493290268397822,-0.163925864498428,NA,"FK","22624c02_09c_eDNA_L1_R1.fastq.gz","22624c02_09c_eDNA_L1_R2.fastq.gz","Francisco Chavez",9,22624,"MBARI","RACHEL CARSON","ship",20.485,"MOORING1",2,NA,7.9923,36.7472,-122.0217,25.6475,20,5.0903,"marine biome  (ENVO:00000447)","coastal water (ENVO:00001250)","waterborne particulate matter (ENVO:01000436)",2024-08-13 17:36:00,0.8802,"USA:California:Monterey Bay","FK34",NA,34,"22624c02_09c_eDNA",20.638,"GTACACACCGCCCGTC","TGATCCTTCTGCAGGTTCACCTAC","PTLO","c",33.8058,"Poretics","0.22um",-80,"environmental","22624c02_09c_eDNA_FK","AVITI 2x150 bp low output flow cell","MSU",NA,18,12.0772,2024,8,13,"MBTS 22624",20,"AVITI","MBTS 22624 20"
"124","22624c02_06c_eDNA_FK",-0.0271844075043078,0.00810308676794212,0.00518451199350802,NA,"FK","22624c02_06c_eDNA_L1_R1.fastq.gz","22624c02_06c_eDNA_L1_R2.fastq.gz","Francisco Chavez",6,22624,"MBARI","RACHEL CARSON","ship",60.306,"MOORING1",2,NA,0.0775,36.7472,-122.0217,26.0722,60,2.2572,"marine biome  (ENVO:00000447)","coastal water (ENVO:00001250)","waterborne particulate matter (ENVO:01000436)",2024-08-13 17:36:00,0.1412,"USA:California:Monterey Bay","FK35",NA,35,"22624c02_06c_eDNA",60.763,"GTACACACCGCCCGTC","TGATCCTTCTGCAGGTTCACCTAC","PTLO","c",33.8953,"Poretics","0.22um",-80,"environmental","22624c02_06c_eDNA_FK","AVITI 2x150 bp low output flow cell","MSU",NA,18,10.1082,2024,8,13,"MBTS 22624",60,"AVITI","MBTS 22624 60"
"125","22624c02_03c_eDNA_FK",-0.0300955825072739,0.107475589159617,-0.000995709820930921,NA,"FK","22624c02_03c_eDNA_L1_R1.fastq.gz","22624c02_03c_eDNA_L1_R2.fastq.gz","Francisco Chavez",3,22624,"MBARI","RACHEL CARSON","ship",150.696,"MOORING1",2,NA,-0.0698,36.7472,-122.0217,26.3675,150,1.588,"marine biome  (ENVO:00000447)","coastal water (ENVO:00001250)","waterborne particulate matter (ENVO:01000436)",2024-08-13 17:36:00,0.1275,"USA:California:Monterey Bay","FK36",NA,36,"22624c02_03c_eDNA",151.871,"GTACACACCGCCCGTC","TGATCCTTCTGCAGGTTCACCTAC","PTLO","c",34.1,"Poretics","0.22um",-80,"environmental","22624c02_03c_eDNA_FK","AVITI 2x150 bp low output flow cell","MSU",NA,18,9.3023,2024,8,13,"MBTS 22624",150,"AVITI","MBTS 22624 150"
"126","22624c03_12c_eDNA_FK",0.112444084498564,-0.0381736533450931,-0.139802075549547,NA,"FK","22624c03_12c_eDNA_L1_R1.fastq.gz","22624c03_12c_eDNA_L1_R2.fastq.gz","Francisco Chavez",12,22624,"MBARI","RACHEL CARSON","ship",3.292,"MOORING2",3,NA,1.125,36.6968,-122.3775,25.3035,0,5.7844,"marine biome  (ENVO:00000447)","coastal water (ENVO:00001250)","waterborne particulate matter (ENVO:01000436)",2024-08-13 20:07:00,0.239,"USA:California:Monterey Bay","FK37",NA,37,"22624c03_12c_eDNA",3.316,"GTACACACCGCCCGTC","TGATCCTTCTGCAGGTTCACCTAC","PTLO","c",33.72,"Poretics","0.22um",-80,"environmental","22624c03_12c_eDNA_FK","AVITI 2x150 bp low output flow cell","MSU",NA,18,13.4873,2024,8,13,"MBTS 22624",0,"AVITI","MBTS 22624 0"
"127","22624c03_10c_eDNA_FK",0.0869174829964428,-0.0402948480029542,-0.155420793762128,NA,"FK","22624c03_10c_eDNA_L1_R1.fastq.gz","22624c03_10c_eDNA_L1_R2.fastq.gz","Francisco Chavez",10,22624,"MBARI","RACHEL CARSON","ship",10.795,"MOORING2",3,NA,4.4473,36.6968,-122.3775,25.4209,10,5.9201,"marine biome  (ENVO:00000447)","coastal water (ENVO:00001250)","waterborne particulate matter (ENVO:01000436)",2024-08-13 20:07:00,0.5493,"USA:California:Monterey Bay","FK38",NA,38,"22624c03_10c_eDNA",10.875,"GTACACACCGCCCGTC","TGATCCTTCTGCAGGTTCACCTAC","PTLO","c",33.7393,"Poretics","0.22um",-80,"environmental","22624c03_10c_eDNA_FK","AVITI 2x150 bp low output flow cell","MSU",NA,18,12.9779,2024,8,13,"MBTS 22624",10,"AVITI","MBTS 22624 10"
"128","22624c03_09c_eDNA_FK",0.0834039385340678,-0.0241498091112109,-0.208688582901146,NA,"FK","22624c03_09c_eDNA_L1_R1.fastq.gz","22624c03_09c_eDNA_L1_R2.fastq.gz","Francisco Chavez",9,22624,"MBARI","RACHEL CARSON","ship",20.375,"MOORING2",3,NA,4.0849,36.6968,-122.3775,25.4515,20,5.5692,"marine biome  (ENVO:00000447)","coastal water (ENVO:00001250)","waterborne particulate matter (ENVO:01000436)",2024-08-13 20:07:00,0.5154,"USA:California:Monterey Bay","FK39",NA,39,"22624c03_09c_eDNA",20.527,"GTACACACCGCCCGTC","TGATCCTTCTGCAGGTTCACCTAC","PTLO","c",33.7369,"Poretics","0.22um",-80,"environmental","22624c03_09c_eDNA_FK","AVITI 2x150 bp low output flow cell","MSU",NA,18,12.8153,2024,8,13,"MBTS 22624",20,"AVITI","MBTS 22624 20"
"129","22624c03_06c_eDNA_FK",-0.00383880298784979,0.0278081212320555,0.080456385342828,NA,"FK","22624c03_06c_eDNA_L1_R1.fastq.gz","22624c03_06c_eDNA_L1_R2.fastq.gz","Francisco Chavez",6,22624,"MBARI","RACHEL CARSON","ship",60.383,"MOORING2",3,NA,0.0159,36.6968,-122.3775,26.0543,60,2.3923,"marine biome  (ENVO:00000447)","coastal water (ENVO:00001250)","waterborne particulate matter (ENVO:01000436)",2024-08-13 20:07:00,0.1355,"USA:California:Monterey Bay","FK40",NA,40,"22624c03_06c_eDNA",60.84,"GTACACACCGCCCGTC","TGATCCTTCTGCAGGTTCACCTAC","PTLO","c",33.8559,"Poretics","0.22um",-80,"environmental","22624c03_06c_eDNA_FK","AVITI 2x150 bp low output flow cell","MSU",NA,18,10.0319,2024,8,13,"MBTS 22624",60,"AVITI","MBTS 22624 60"
"130","22624c03_03c_eDNA_FK",-0.0211433308197886,0.133374809826002,-0.121625424774819,NA,"FK","22624c03_03c_eDNA_L1_R1.fastq.gz","22624c03_03c_eDNA_L1_R2.fastq.gz","Francisco Chavez",3,22624,"MBARI","RACHEL CARSON","ship",150.793,"MOORING2",3,NA,-0.0733,36.6968,-122.3775,26.411,150,1.5728,"marine biome  (ENVO:00000447)","coastal water (ENVO:00001250)","waterborne particulate matter (ENVO:01000436)",2024-08-13 20:07:00,0.1272,"USA:California:Monterey Bay","FK41",NA,41,"22624c03_03c_eDNA",151.969,"GTACACACCGCCCGTC","TGATCCTTCTGCAGGTTCACCTAC","PTLO","c",34.1293,"Poretics","0.22um",-80,"environmental","22624c03_03c_eDNA_FK","AVITI 2x150 bp low output flow cell","MSU",NA,18,9.1746,2024,8,13,"MBTS 22624",150,"AVITI","MBTS 22624 150"
"131","20524c02_12c_eDNA_FK",0.108623743934655,-0.0645864725004189,-0.0205194050102428,NA,"FK","20524c02_12c_eDNA_L1_R1.fastq.gz","20524c02_12c_eDNA_L1_R2.fastq.gz","Francisco Chavez",12,20524,"MBARI","RACHEL CARSON","ship",2.817,"MOORING 1",2,NA,3.7425,36.7477,-122.0225,25.2873,0,6.8747,"marine biome  (ENVO:00000447)","coastal water (ENVO:00001250)","waterborne particulate matter (ENVO:01000436)",2024-07-23 17:30:00,0.4834,"USA:California:Monterey Bay","FK42",NA,42,"20524c02_12c_eDNA",2.838,"GTACACACCGCCCGTC","TGATCCTTCTGCAGGTTCACCTAC","PTLO","c",33.6997,"Poretics","0.22um",-80,"environmental","20524c02_12c_eDNA_FK","AVITI 2x150 bp low output flow cell","MSU",NA,18,13.4898,2024,7,23,"MBTS 20524",0,"AVITI","MBTS 20524 0"
"132","20524c02_10c_eDNA_FK",0.0682316773968125,-0.0658751241643088,-0.0364617151697653,NA,"FK","20524c02_10c_eDNA_L1_R1.fastq.gz","20524c02_10c_eDNA_L1_R2.fastq.gz","Francisco Chavez",10,20524,"MBARI","RACHEL CARSON","ship",10.958,"MOORING 1",2,NA,4.9072,36.7477,-122.0225,25.4425,10,5.3319,"marine biome  (ENVO:00000447)","coastal water (ENVO:00001250)","waterborne particulate matter (ENVO:01000436)",2024-07-23 17:30:00,0.5922,"USA:California:Monterey Bay","FK43",NA,43,"20524c02_10c_eDNA",11.04,"GTACACACCGCCCGTC","TGATCCTTCTGCAGGTTCACCTAC","PTLO","c",33.6948,"Poretics","0.22um",-80,"environmental","20524c02_10c_eDNA_FK","AVITI 2x150 bp low output flow cell","MSU",NA,18,12.6933,2024,7,23,"MBTS 20524",10,"AVITI","MBTS 20524 10"
"133","20524c02_09c_eDNA_FK",0.0252615741290743,-0.0519582848442498,-0.0362784465039768,NA,"FK","20524c02_09c_eDNA_L1_R1.fastq.gz","20524c02_09c_eDNA_L1_R2.fastq.gz","Francisco Chavez",9,20524,"MBARI","RACHEL CARSON","ship",20.77,"MOORING 1",2,NA,0.5323,36.7477,-122.0225,25.8104,20,3.7582,"marine biome  (ENVO:00000447)","coastal water (ENVO:00001250)","waterborne particulate matter (ENVO:01000436)",2024-07-23 17:30:00,0.1837,"USA:California:Monterey Bay","FK44",NA,44,"20524c02_09c_eDNA",20.925,"GTACACACCGCCCGTC","TGATCCTTCTGCAGGTTCACCTAC","PTLO","c",33.7688,"Poretics","0.22um",-80,"environmental","20524c02_09c_eDNA_FK","AVITI 2x150 bp low output flow cell","MSU",NA,18,11.0379,2024,7,23,"MBTS 20524",20,"AVITI","MBTS 20524 20"
"134","20524c02_06c_eDNA_FK",-0.0298053357288827,-0.000737452131790686,0.0323334932622505,NA,"FK","20524c02_06c_eDNA_L1_R1.fastq.gz","20524c02_06c_eDNA_L1_R2.fastq.gz","Francisco Chavez",6,20524,"MBARI","RACHEL CARSON","ship",60.98,"MOORING 1",2,NA,-0.0533,36.7477,-122.0225,26.1549,60,2.2115,"marine biome  (ENVO:00000447)","coastal water (ENVO:00001250)","waterborne particulate matter (ENVO:01000436)",2024-07-23 17:30:00,0.129,"USA:California:Monterey Bay","FK45",NA,45,"20524c02_06c_eDNA",61.442,"GTACACACCGCCCGTC","TGATCCTTCTGCAGGTTCACCTAC","PTLO","c",33.8968,"Poretics","0.22um",-80,"environmental","20524c02_06c_eDNA_FK","AVITI 2x150 bp low output flow cell","MSU",NA,18,9.6213,2024,7,23,"MBTS 20524",60,"AVITI","MBTS 20524 60"
"135","20524c02_03c_eDNA_FK",-0.0897298019327799,0.0270777629973334,-0.113944466599414,NA,"FK","20524c02_03c_eDNA_L1_R1.fastq.gz","20524c02_03c_eDNA_L1_R2.fastq.gz","Francisco Chavez",3,20524,"MBARI","RACHEL CARSON","ship",151.117,"MOORING 1",2,NA,-0.0525,36.7477,-122.0225,26.3877,150,1.5514,"marine biome  (ENVO:00000447)","coastal water (ENVO:00001250)","waterborne particulate matter (ENVO:01000436)",2024-07-23 17:30:00,0.1291,"USA:California:Monterey Bay","FK46",NA,46,"20524c02_03c_eDNA",152.295,"GTACACACCGCCCGTC","TGATCCTTCTGCAGGTTCACCTAC","PTLO","c",34.057,"Poretics","0.22um",-80,"environmental","20524c02_03c_eDNA_FK","AVITI 2x150 bp low output flow cell","MSU",NA,18,8.9659,2024,7,23,"MBTS 20524",150,"AVITI","MBTS 20524 150"
"136","20524c01_12c_eDNA_FK",0.131870518535349,-0.0474535187416121,0.0342580458744498,NA,"FK","20524c01_12c_eDNA_L1_R1.fastq.gz","20524c01_12c_eDNA_L1_R2.fastq.gz","Francisco Chavez",12,20524,"MBARI","RACHEL CARSON","ship",2.94,"C1",1,NA,2.8909,36.7985,-121.847,25.228,0,5.5433,"marine biome  (ENVO:00000447)","coastal water (ENVO:00001250)","waterborne particulate matter (ENVO:01000436)",2024-07-23 15:56:00,0.4039,"USA:California:Monterey Bay","FK47",NA,47,"20524c01_12c_eDNA",2.961,"GTACACACCGCCCGTC","TGATCCTTCTGCAGGTTCACCTAC","PTLO","c",33.7075,"Poretics","0.22um",-80,"environmental","20524c01_12c_eDNA_FK","AVITI 2x150 bp low output flow cell","MSU",NA,18,13.8092,2024,7,23,"MBTS 20524",0,"AVITI","MBTS 20524 0"
"137","20524c01_10c_eDNA_FK",0.0879526396083349,-0.0593494719039085,-0.0301019750172108,NA,"FK","20524c01_10c_eDNA_L1_R1.fastq.gz","20524c01_10c_eDNA_L1_R2.fastq.gz","Francisco Chavez",10,20524,"MBARI","RACHEL CARSON","ship",10.743,"C1",1,NA,2.4874,36.7985,-121.847,25.4306,10,4.9831,"marine biome  (ENVO:00000447)","coastal water (ENVO:00001250)","waterborne particulate matter (ENVO:01000436)",2024-07-23 15:56:00,0.3663,"USA:California:Monterey Bay","FK48",NA,48,"20524c01_10c_eDNA",10.823,"GTACACACCGCCCGTC","TGATCCTTCTGCAGGTTCACCTAC","PTLO","c",33.7481,"Poretics","0.22um",-80,"environmental","20524c01_10c_eDNA_FK","AVITI 2x150 bp low output flow cell","MSU",NA,18,12.9636,2024,7,23,"MBTS 20524",10,"AVITI","MBTS 20524 10"
"138","20524c01_09c_eDNA_FK",0.0360803902582753,-0.062760214096235,-0.0301750457155507,NA,"FK","20524c01_09c_eDNA_L1_R1.fastq.gz","20524c01_09c_eDNA_L1_R2.fastq.gz","Francisco Chavez",9,20524,"MBARI","RACHEL CARSON","ship",21.056,"C1",1,NA,0.5195,36.7985,-121.847,25.908,20,3.6565,"marine biome  (ENVO:00000447)","coastal water (ENVO:00001250)","waterborne particulate matter (ENVO:01000436)",2024-07-23 15:56:00,0.1825,"USA:California:Monterey Bay","FK49",NA,49,"20524c01_09c_eDNA",21.214,"GTACACACCGCCCGTC","TGATCCTTCTGCAGGTTCACCTAC","PTLO","c",33.8585,"Poretics","0.22um",-80,"environmental","20524c01_09c_eDNA_FK","AVITI 2x150 bp low output flow cell","MSU",NA,18,10.8825,2024,7,23,"MBTS 20524",20,"AVITI","MBTS 20524 20"
"139","20524c01_06c_eDNA_FK",-0.0680964094345497,0.0806762283481583,-0.0404778462443414,NA,"FK","20524c01_06c_eDNA_L1_R1.fastq.gz","20524c01_06c_eDNA_L1_R2.fastq.gz","Francisco Chavez",6,20524,"MBARI","RACHEL CARSON","ship",60.315,"C1",1,NA,0.0885,36.7985,-121.847,26.1061,60,2.5892,"marine biome  (ENVO:00000447)","coastal water (ENVO:00001250)","waterborne particulate matter (ENVO:01000436)",2024-07-23 15:56:00,0.1423,"USA:California:Monterey Bay","FK50",NA,50,"20524c01_06c_eDNA",60.772,"GTACACACCGCCCGTC","TGATCCTTCTGCAGGTTCACCTAC","PTLO","c",33.9089,"Poretics","0.22um",-80,"environmental","20524c01_06c_eDNA_FK","AVITI 2x150 bp low output flow cell","MSU",NA,18,9.971,2024,7,23,"MBTS 20524",60,"AVITI","MBTS 20524 60"
"140","20524c01_03c_eDNA_FK",-0.0459438675628402,0.0953404683987822,0.0827279231857919,NA,"FK","20524c01_03c_eDNA_L1_R1.fastq.gz","20524c01_03c_eDNA_L1_R2.fastq.gz","Francisco Chavez",3,20524,"MBARI","RACHEL CARSON","ship",150.809,"C1",1,NA,0.0375,36.7985,-121.847,26.3209,150,1.9228,"marine biome  (ENVO:00000447)","coastal water (ENVO:00001250)","waterborne particulate matter (ENVO:01000436)",2024-07-23 15:56:00,0.1375,"USA:California:Monterey Bay","FK51",NA,51,"20524c01_03c_eDNA",151.985,"GTACACACCGCCCGTC","TGATCCTTCTGCAGGTTCACCTAC","PTLO","c",34.0013,"Poretics","0.22um",-80,"environmental","20524c01_03c_eDNA_FK","AVITI 2x150 bp low output flow cell","MSU",NA,18,9.1118,2024,7,23,"MBTS 20524",150,"AVITI","MBTS 20524 150"
"141","20524c03_12c_eDNA_FK",0.128291912329998,-0.0457675316690599,0.144908597078127,NA,"FK","20524c03_12c_eDNA_L1_R1.fastq.gz","20524c03_12c_eDNA_L1_R2.fastq.gz","Francisco Chavez",12,20524,"MBARI","RACHEL CARSON","ship",2.759,"MOORING 2",3,NA,10.9805,36.6982,-122.378,25.0906,0,9.0136,"marine biome  (ENVO:00000447)","coastal water (ENVO:00001250)","waterborne particulate matter (ENVO:01000436)",2024-07-23 20:06:00,1.1592,"USA:California:Monterey Bay","FK52",NA,52,"20524c03_12c_eDNA",2.779,"GTACACACCGCCCGTC","TGATCCTTCTGCAGGTTCACCTAC","PTLO","c",33.7366,"Poretics","0.22um",-80,"environmental","20524c03_12c_eDNA_FK","AVITI 2x150 bp low output flow cell","MSU",NA,18,14.571,2024,7,23,"MBTS 20524",0,"AVITI","MBTS 20524 0"
"142","20524c03_10c_eDNA_FK",0.10503484673684,-0.0643076493773165,-0.0299843050365029,NA,"FK","20524c03_10c_eDNA_L1_R1.fastq.gz","20524c03_10c_eDNA_L1_R2.fastq.gz","Francisco Chavez",10,20524,"MBARI","RACHEL CARSON","ship",10.778,"MOORING 2",3,NA,3.3014,36.6982,-122.378,25.3853,10,5.9974,"marine biome  (ENVO:00000447)","coastal water (ENVO:00001250)","waterborne particulate matter (ENVO:01000436)",2024-07-23 20:06:00,0.4423,"USA:California:Monterey Bay","FK53",NA,53,"20524c03_10c_eDNA",10.859,"GTACACACCGCCCGTC","TGATCCTTCTGCAGGTTCACCTAC","PTLO","c",33.7419,"Poretics","0.22um",-80,"environmental","20524c03_10c_eDNA_FK","AVITI 2x150 bp low output flow cell","MSU",NA,18,13.167,2024,7,23,"MBTS 20524",10,"AVITI","MBTS 20524 10"
"143","20524c03_09c_eDNA_FK",0.0793119213009168,-0.0690608437412719,-0.0398195707503555,NA,"FK","20524c03_09c_eDNA_L1_R1.fastq.gz","20524c03_09c_eDNA_L1_R2.fastq.gz","Francisco Chavez",9,20524,"MBARI","RACHEL CARSON","ship",21.702,"MOORING 2",3,NA,1.5942,36.6982,-122.378,25.5046,20,5.0864,"marine biome  (ENVO:00000447)","coastal water (ENVO:00001250)","waterborne particulate matter (ENVO:01000436)",2024-07-23 20:06:00,0.2828,"USA:California:Monterey Bay","FK54",NA,54,"20524c03_09c_eDNA",21.864,"GTACACACCGCCCGTC","TGATCCTTCTGCAGGTTCACCTAC","PTLO","c",33.7287,"Poretics","0.22um",-80,"environmental","20524c03_09c_eDNA_FK","AVITI 2x150 bp low output flow cell","MSU",NA,18,12.5109,2024,7,23,"MBTS 20524",20,"AVITI","MBTS 20524 20"
"144","20524c03_06c_eDNA_FK",-0.0509058691238929,0.031495329110538,0.019135435108035,NA,"FK","20524c03_06c_eDNA_L1_R1.fastq.gz","20524c03_06c_eDNA_L1_R2.fastq.gz","Francisco Chavez",6,20524,"MBARI","RACHEL CARSON","ship",60.883,"MOORING 2",3,NA,-0.002,36.6982,-122.378,26.02,60,2.6047,"marine biome  (ENVO:00000447)","coastal water (ENVO:00001250)","waterborne particulate matter (ENVO:01000436)",2024-07-23 20:06:00,0.1338,"USA:California:Monterey Bay","FK55",NA,55,"20524c03_06c_eDNA",61.345,"GTACACACCGCCCGTC","TGATCCTTCTGCAGGTTCACCTAC","PTLO","c",33.813,"Poretics","0.22um",-80,"environmental","20524c03_06c_eDNA_FK","AVITI 2x150 bp low output flow cell","MSU",NA,18,10.0372,2024,7,23,"MBTS 20524",60,"AVITI","MBTS 20524 60"
"145","20524c03_03c_eDNA_FK",-0.0676881988166386,0.114489769325208,-0.0648751184219669,NA,"FK","20524c03_03c_eDNA_L1_R1.fastq.gz","20524c03_03c_eDNA_L1_R2.fastq.gz","Francisco Chavez",3,20524,"MBARI","RACHEL CARSON","ship",150.594,"MOORING 2",3,NA,-0.0631,36.6982,-122.378,26.3322,150,1.635,"marine biome  (ENVO:00000447)","coastal water (ENVO:00001250)","waterborne particulate matter (ENVO:01000436)",2024-07-23 20:06:00,0.1281,"USA:California:Monterey Bay","FK56",NA,56,"20524c03_03c_eDNA",151.768,"GTACACACCGCCCGTC","TGATCCTTCTGCAGGTTCACCTAC","PTLO","c",34.0385,"Poretics","0.22um",-80,"environmental","20524c03_03c_eDNA_FK","AVITI 2x150 bp low output flow cell","MSU",NA,18,9.2232,2024,7,23,"MBTS 20524",150,"AVITI","MBTS 20524 150"
"146","17024c03_03c_eDNA_FK",-0.0142142138157396,0.15137048065292,-0.0110244001669942,NA,"FK","17024c03_03c_eDNA_L1_R1.fastq.gz","17024c03_03c_eDNA_L1_R2.fastq.gz","Francisco Chavez",3,17024,"MBARI","RACHEL CARSON","ship",151.154,"MOORING 2",3,NA,-0.0711,36.6942,-122.3785,26.4364,150,2.0085,"marine biome  (ENVO:00000447)","coastal water (ENVO:00001250)","waterborne particulate matter (ENVO:01000436)",2024-06-18 19:25:00,0.1274,"USA:California:Monterey Bay","FK57",NA,57,"17024c03_03c_eDNA",152.332,"GTACACACCGCCCGTC","TGATCCTTCTGCAGGTTCACCTAC","PTLO","c",34.0072,"Poretics","0.22um",-80,"environmental","17024c03_03c_eDNA_FK","AVITI 2x150 bp low output flow cell","MSU",NA,18,8.4001,2024,6,18,"MBTS 17024",150,"AVITI","MBTS 17024 150"
"147","17024c03_06c_eDNA_FK",-0.0335601681270092,0.0818401684405127,-0.0969307475414486,NA,"FK","17024c03_06c_eDNA_L1_R1.fastq.gz","17024c03_06c_eDNA_L1_R2.fastq.gz","Francisco Chavez",6,17024,"MBARI","RACHEL CARSON","ship",61.079,"MOORING 2",3,NA,-0.0199,36.6942,-122.3785,26.0472,60,2.6978,"marine biome  (ENVO:00000447)","coastal water (ENVO:00001250)","waterborne particulate matter (ENVO:01000436)",2024-06-18 19:25:00,0.1321,"USA:California:Monterey Bay","FK58",NA,58,"17024c03_06c_eDNA",61.542,"GTACACACCGCCCGTC","TGATCCTTCTGCAGGTTCACCTAC","PTLO","c",33.7522,"Poretics","0.22um",-80,"environmental","17024c03_06c_eDNA_FK","AVITI 2x150 bp low output flow cell","MSU",NA,18,9.5887,2024,6,18,"MBTS 17024",60,"AVITI","MBTS 17024 60"
"148","17024c03_09c_eDNA_FK",0.0802464491816896,0.0212187387348973,-0.10474671988625,NA,"FK","17024c03_09c_eDNA_L1_R1.fastq.gz","17024c03_09c_eDNA_L1_R2.fastq.gz","Francisco Chavez",9,17024,"MBARI","RACHEL CARSON","ship",22.058,"MOORING 2",3,NA,4.1052,36.6942,-122.3785,25.6959,20,5.3583,"marine biome  (ENVO:00000447)","coastal water (ENVO:00001250)","waterborne particulate matter (ENVO:01000436)",2024-06-18 19:25:00,0.5173,"USA:California:Monterey Bay","FK59",NA,59,"17024c03_09c_eDNA",22.223,"GTACACACCGCCCGTC","TGATCCTTCTGCAGGTTCACCTAC","PTLO","c",33.7405,"Poretics","0.22um",-80,"environmental","17024c03_09c_eDNA_FK","AVITI 2x150 bp low output flow cell","MSU",NA,18,11.5474,2024,6,18,"MBTS 17024",20,"AVITI","MBTS 17024 20"
"149","17024c03_10c_eDNA_FK",0.0829581159151323,0.0147197441513696,-0.146801623673622,NA,"FK","17024c03_10c_eDNA_L1_R1.fastq.gz","17024c03_10c_eDNA_L1_R2.fastq.gz","Francisco Chavez",10,17024,"MBARI","RACHEL CARSON","ship",12.107,"MOORING 2",3,NA,4.3958,36.6942,-122.3785,25.6825,10,5.476,"marine biome  (ENVO:00000447)","coastal water (ENVO:00001250)","waterborne particulate matter (ENVO:01000436)",2024-06-18 19:25:00,0.5444,"USA:California:Monterey Bay","FK60",NA,60,"17024c03_10c_eDNA",12.197,"GTACACACCGCCCGTC","TGATCCTTCTGCAGGTTCACCTAC","PTLO","c",33.7404,"Poretics","0.22um",-80,"environmental","17024c03_10c_eDNA_FK","AVITI 2x150 bp low output flow cell","MSU",NA,18,11.6184,2024,6,18,"MBTS 17024",10,"AVITI","MBTS 17024 10"
"150","17024c03_12c_eDNA_FK",0.0967840192902907,0.00771897150203889,-0.125408193687748,NA,"FK","17024c03_12c_eDNA_L1_R1.fastq.gz","17024c03_12c_eDNA_L1_R2.fastq.gz","Francisco Chavez",12,17024,"MBARI","RACHEL CARSON","ship",3.253,"MOORING 2",3,NA,1.5232,36.6942,-122.3785,25.6768,0,5.529,"marine biome  (ENVO:00000447)","coastal water (ENVO:00001250)","waterborne particulate matter (ENVO:01000436)",2024-06-18 19:25:00,0.2762,"USA:California:Monterey Bay","FK61",NA,61,"17024c03_12c_eDNA",3.277,"GTACACACCGCCCGTC","TGATCCTTCTGCAGGTTCACCTAC","PTLO","c",33.7401,"Poretics","0.22um",-80,"environmental","17024c03_12c_eDNA_FK","AVITI 2x150 bp low output flow cell","MSU",NA,18,11.6465,2024,6,18,"MBTS 17024",0,"AVITI","MBTS 17024 0"
"151","17024c02_03c_eDNA_FK",-0.0251103862548868,0.150650739734009,-0.0168447411909138,NA,"FK","17024c02_03c_eDNA_L1_R1.fastq.gz","17024c02_03c_eDNA_L1_R2.fastq.gz","Francisco Chavez",3,17024,"MBARI","RACHEL CARSON","ship",151.895,"MOORING 1",2,NA,-0.0586,36.746,-122.0202,26.5569,150,1.3839,"marine biome  (ENVO:00000447)","coastal water (ENVO:00001250)","waterborne particulate matter (ENVO:01000436)",2024-06-18 16:32:00,0.1285,"USA:California:Monterey Bay","FK62",NA,62,"17024c02_03c_eDNA",153.079,"GTACACACCGCCCGTC","TGATCCTTCTGCAGGTTCACCTAC","PTLO","c",34.1188,"Poretics","0.22um",-80,"environmental","17024c02_03c_eDNA_FK","AVITI 2x150 bp low output flow cell","MSU",NA,18,8.1818,2024,6,18,"MBTS 17024",150,"AVITI","MBTS 17024 150"
"152","17024c02_06c_eDNA_FK",-0.0397699360901679,0.0637449817423096,-0.0485338399804347,NA,"FK","17024c02_06c_eDNA_L1_R1.fastq.gz","17024c02_06c_eDNA_L1_R2.fastq.gz","Francisco Chavez",6,17024,"MBARI","RACHEL CARSON","ship",60.941,"MOORING 1",2,NA,0.0506,36.746,-122.0202,26.2623,60,2.1372,"marine biome  (ENVO:00000447)","coastal water (ENVO:00001250)","waterborne particulate matter (ENVO:01000436)",2024-06-18 16:32:00,0.1387,"USA:California:Monterey Bay","FK63",NA,63,"17024c02_06c_eDNA",61.403,"GTACACACCGCCCGTC","TGATCCTTCTGCAGGTTCACCTAC","PTLO","c",33.9574,"Poretics","0.22um",-80,"environmental","17024c02_06c_eDNA_FK","AVITI 2x150 bp low output flow cell","MSU",NA,18,9.253,2024,6,18,"MBTS 17024",60,"AVITI","MBTS 17024 60"
"153","17024c02_09c_eDNA_FK",0.0495212443020323,-0.00541304074893338,0.00155775709523052,NA,"FK","17024c02_09c_eDNA_L1_R1.fastq.gz","17024c02_09c_eDNA_L1_R2.fastq.gz","Francisco Chavez",9,17024,"MBARI","RACHEL CARSON","ship",20.614,"MOORING 1",2,NA,0.9414,36.746,-122.0202,26.0365,20,3.612,"marine biome  (ENVO:00000447)","coastal water (ENVO:00001250)","waterborne particulate matter (ENVO:01000436)",2024-06-18 16:32:00,0.2219,"USA:California:Monterey Bay","FK64",NA,64,"17024c02_09c_eDNA",20.767,"GTACACACCGCCCGTC","TGATCCTTCTGCAGGTTCACCTAC","PTLO","c",33.8423,"Poretics","0.22um",-80,"environmental","17024c02_09c_eDNA_FK","AVITI 2x150 bp low output flow cell","MSU",NA,18,10.07,2024,6,18,"MBTS 17024",20,"AVITI","MBTS 17024 20"
"154","17024c02_10c_eDNA_FK",0.0655517263952267,0.00101565031364271,-0.0533779597561101,NA,"FK","17024c02_10c_eDNA_L1_R1.fastq.gz","17024c02_10c_eDNA_L1_R2.fastq.gz","Francisco Chavez",10,17024,"MBARI","RACHEL CARSON","ship",10.885,"MOORING 1",2,NA,0.8851,36.746,-122.0202,26.0181,10,3.7566,"marine biome  (ENVO:00000447)","coastal water (ENVO:00001250)","waterborne particulate matter (ENVO:01000436)",2024-06-18 16:32:00,0.2166,"USA:California:Monterey Bay","FK65",NA,65,"17024c02_10c_eDNA",10.966,"GTACACACCGCCCGTC","TGATCCTTCTGCAGGTTCACCTAC","PTLO","c",33.8387,"Poretics","0.22um",-80,"environmental","17024c02_10c_eDNA_FK","AVITI 2x150 bp low output flow cell","MSU",NA,18,10.1609,2024,6,18,"MBTS 17024",10,"AVITI","MBTS 17024 10"
"155","17024c02_12c_eDNA_FK",0.0810789567573721,-0.0145251085719605,-0.133120353593971,NA,"FK","17024c02_12c_eDNA_L1_R1.fastq.gz","17024c02_12c_eDNA_L1_R2.fastq.gz","Francisco Chavez",12,17024,"MBARI","RACHEL CARSON","ship",3.006,"MOORING 1",2,NA,0.3006,36.746,-122.0202,25.7693,0,4.6399,"marine biome  (ENVO:00000447)","coastal water (ENVO:00001250)","waterborne particulate matter (ENVO:01000436)",2024-06-18 16:32:00,0.1621,"USA:California:Monterey Bay","FK66",NA,66,"17024c02_12c_eDNA",3.029,"GTACACACCGCCCGTC","TGATCCTTCTGCAGGTTCACCTAC","PTLO","c",33.7954,"Poretics","0.22um",-80,"environmental","17024c02_12c_eDNA_FK","AVITI 2x150 bp low output flow cell","MSU",NA,18,11.3775,2024,6,18,"MBTS 17024",0,"AVITI","MBTS 17024 0"
"156","17024c01_03c_eDNA_FK",-0.0736732340771881,0.0894831451573502,-0.0655769829323325,NA,"FK","17024c01_03c_eDNA_L1_R1.fastq.gz","17024c01_03c_eDNA_L1_R2.fastq.gz","Francisco Chavez",3,17024,"MBARI","RACHEL CARSON","ship",150.653,"C1",1,NA,0.0127,36.7982,-121.8468,26.5255,150,1.4072,"marine biome  (ENVO:00000447)","coastal water (ENVO:00001250)","waterborne particulate matter (ENVO:01000436)",2024-06-18 14:54:00,0.1352,"USA:California:Monterey Bay","FK67",32.027,67,"17024c01_03c_eDNA",151.829,"GTACACACCGCCCGTC","TGATCCTTCTGCAGGTTCACCTAC","PTLO","c",34.0735,"Poretics","0.22um",-80,"environmental","17024c01_03c_eDNA_FK","AVITI 2x150 bp low output flow cell","MSU",NA,18,8.1545,2024,6,18,"MBTS 17024",150,"AVITI","MBTS 17024 150"
"157","17024c01_06c_eDNA_FK",-0.0698188137452433,0.0651683730275519,-0.0180189347569291,NA,"FK","17024c01_06c_eDNA_L1_R1.fastq.gz","17024c01_06c_eDNA_L1_R2.fastq.gz","Francisco Chavez",6,17024,"MBARI","RACHEL CARSON","ship",59.956,"C1",1,NA,0.0823,36.7982,-121.8468,26.3147,60,1.8801,"marine biome  (ENVO:00000447)","coastal water (ENVO:00001250)","waterborne particulate matter (ENVO:01000436)",2024-06-18 14:54:00,0.1417,"USA:California:Monterey Bay","FK68",28.146,68,"17024c01_06c_eDNA",60.41,"GTACACACCGCCCGTC","TGATCCTTCTGCAGGTTCACCTAC","PTLO","c",33.9718,"Poretics","0.22um",-80,"environmental","17024c01_06c_eDNA_FK","AVITI 2x150 bp low output flow cell","MSU",NA,18,8.9956,2024,6,18,"MBTS 17024",60,"AVITI","MBTS 17024 60"
"158","17024c01_09c_eDNA_FK",0.0310219727006605,0.0157302447874407,0.0320588518664544,NA,"FK","17024c01_09c_eDNA_L1_R1.fastq.gz","17024c01_09c_eDNA_L1_R2.fastq.gz","Francisco Chavez",9,17024,"MBARI","RACHEL CARSON","ship",21.251,"C1",1,NA,0.4341,36.7982,-121.8468,26.0151,20,3.2835,"marine biome  (ENVO:00000447)","coastal water (ENVO:00001250)","waterborne particulate matter (ENVO:01000436)",2024-06-18 14:54:00,0.1745,"USA:California:Monterey Bay","FK69",23.958,69,"17024c01_09c_eDNA",21.41,"GTACACACCGCCCGTC","TGATCCTTCTGCAGGTTCACCTAC","PTLO","c",33.8335,"Poretics","0.22um",-80,"environmental","17024c01_09c_eDNA_FK","AVITI 2x150 bp low output flow cell","MSU",NA,18,10.1561,2024,6,18,"MBTS 17024",20,"AVITI","MBTS 17024 20"
"159","17024c01_10c_eDNA_FK",0.052546700340612,-0.0152770652916178,-0.0856557983065982,NA,"FK","17024c01_10c_eDNA_L1_R1.fastq.gz","17024c01_10c_eDNA_L1_R2.fastq.gz","Francisco Chavez",10,17024,"MBARI","RACHEL CARSON","ship",10.605,"C1",1,NA,0.6625,36.7982,-121.8468,25.8107,10,4.1077,"marine biome  (ENVO:00000447)","coastal water (ENVO:00001250)","waterborne particulate matter (ENVO:01000436)",2024-06-18 14:54:00,0.1959,"USA:California:Monterey Bay","FK70",22.198,70,"17024c01_10c_eDNA",10.684,"GTACACACCGCCCGTC","TGATCCTTCTGCAGGTTCACCTAC","PTLO","c",33.7882,"Poretics","0.22um",-80,"environmental","17024c01_10c_eDNA_FK","AVITI 2x150 bp low output flow cell","MSU",NA,18,11.1195,2024,6,18,"MBTS 17024",10,"AVITI","MBTS 17024 10"
"160","17024c01_12c_eDNA_FK",0.101072034374052,-0.0272988614351679,0.0521262565295891,NA,"FK","17024c01_12c_eDNA_L1_R1.fastq.gz","17024c01_12c_eDNA_L1_R2.fastq.gz","Francisco Chavez",12,17024,"MBARI","RACHEL CARSON","ship",2.744,"C1",1,NA,0.8344,36.7982,-121.8468,25.3231,0,6.3169,"marine biome  (ENVO:00000447)","coastal water (ENVO:00001250)","waterborne particulate matter (ENVO:01000436)",2024-06-18 14:54:00,0.2119,"USA:California:Monterey Bay","FK71",4.796,71,"17024c01_12c_eDNA",2.764,"GTACACACCGCCCGTC","TGATCCTTCTGCAGGTTCACCTAC","PTLO","c",33.7722,"Poretics","0.22um",-80,"environmental","17024c01_12c_eDNA_FK","AVITI 2x150 bp low output flow cell","MSU",NA,18,13.5893,2024,6,18,"MBTS 17024",0,"AVITI","MBTS 17024 0"
"161","CN24F150mMV2_SC42_FK",-0.0938597785902152,-0.0823338642284035,-0.0314955920361749,"MV2","FK","CN24F150mMV2_SC42_L1_R1.fastq.gz","CN24F150mMV2_SC42_L1_R2.fastq.gz","Francisco Chavez",NA,NA,"MBARI",NA,"ESP",NA,NA,NA,42,NA,NA,NA,NA,150,NA,"marine biome  (ENVO:00000447)","coastal water (ENVO:00001250)","waterborne particulate matter (ENVO:01000436)",NA,NA,"USA:California:Monterey Bay","FK72",NA,72,"CN24F150mMV2_SC42",NA,"GTACACACCGCCCGTC","TGATCCTTCTGCAGGTTCACCTAC",NA,NA,NA,"Poretics","0.22um",-80,"environmental","CN24F150mMV2_SC42_FK","AVITI 2x150 bp low output flow cell","MSU",NA,18,NA,NA,NA,NA,"CN24F 150m exp",150,"AVITI","CN24F 150m exp 150"
"162","CN24F150mMV2_SC43_FK",-0.100478028125381,-0.0830674841086339,-0.0180592899605372,"MV2","FK","CN24F150mMV2_SC43_L1_R1.fastq.gz","CN24F150mMV2_SC43_L1_R2.fastq.gz","Francisco Chavez",NA,NA,"MBARI",NA,"ESP",NA,NA,NA,43,NA,NA,NA,NA,150,NA,"marine biome  (ENVO:00000447)","coastal water (ENVO:00001250)","waterborne particulate matter (ENVO:01000436)",NA,NA,"USA:California:Monterey Bay","FK73",NA,73,"CN24F150mMV2_SC43",NA,"GTACACACCGCCCGTC","TGATCCTTCTGCAGGTTCACCTAC",NA,NA,NA,"Poretics","0.22um",-80,"environmental","CN24F150mMV2_SC43_FK","AVITI 2x150 bp low output flow cell","MSU",NA,18,NA,NA,NA,NA,"CN24F 150m exp",150,"AVITI","CN24F 150m exp 150"
"163","CN24F150mMV2_SC44_FK",-0.104275767073273,-0.0839834874444382,-0.0226667478417692,"MV2","FK","CN24F150mMV2_SC44_L1_R1.fastq.gz","CN24F150mMV2_SC44_L1_R2.fastq.gz","Francisco Chavez",NA,NA,"MBARI",NA,"ESP",NA,NA,NA,44,NA,NA,NA,NA,150,NA,"marine biome  (ENVO:00000447)","coastal water (ENVO:00001250)","waterborne particulate matter (ENVO:01000436)",NA,NA,"USA:California:Monterey Bay","FK74",NA,74,"CN24F150mMV2_SC44",NA,"GTACACACCGCCCGTC","TGATCCTTCTGCAGGTTCACCTAC",NA,NA,NA,"Poretics","0.22um",-80,"environmental","CN24F150mMV2_SC44_FK","AVITI 2x150 bp low output flow cell","MSU",NA,18,NA,NA,NA,NA,"CN24F 150m exp",150,"AVITI","CN24F 150m exp 150"
"164","CN24F150mMV2_SC45_FK",-0.116058779577259,-0.0758071316049763,-0.0402335436025333,"MV2","FK","CN24F150mMV2_SC45_L1_R1.fastq.gz","CN24F150mMV2_SC45_L1_R2.fastq.gz","Francisco Chavez",NA,NA,"MBARI",NA,"ESP",NA,NA,NA,45,NA,NA,NA,NA,150,NA,"marine biome  (ENVO:00000447)","coastal water (ENVO:00001250)","waterborne particulate matter (ENVO:01000436)",NA,NA,"USA:California:Monterey Bay","FK75",NA,75,"CN24F150mMV2_SC45",NA,"GTACACACCGCCCGTC","TGATCCTTCTGCAGGTTCACCTAC",NA,NA,NA,"Poretics","0.22um",-80,"environmental","CN24F150mMV2_SC45_FK","AVITI 2x150 bp low output flow cell","MSU",NA,18,NA,NA,NA,NA,"CN24F 150m exp",150,"AVITI","CN24F 150m exp 150"
"165","CN24F150mMV2_SC46_FK",-0.107354251241103,-0.076980866841588,-0.0272366918157095,"MV2","FK","CN24F150mMV2_SC46_L1_R1.fastq.gz","CN24F150mMV2_SC46_L1_R2.fastq.gz","Francisco Chavez",NA,NA,"MBARI",NA,"ESP",NA,NA,NA,46,NA,NA,NA,NA,150,NA,"marine biome  (ENVO:00000447)","coastal water (ENVO:00001250)","waterborne particulate matter (ENVO:01000436)",NA,NA,"USA:California:Monterey Bay","FK76",NA,76,"CN24F150mMV2_SC46",NA,"GTACACACCGCCCGTC","TGATCCTTCTGCAGGTTCACCTAC",NA,NA,NA,"Poretics","0.22um",-80,"environmental","CN24F150mMV2_SC46_FK","AVITI 2x150 bp low output flow cell","MSU",NA,18,NA,NA,NA,NA,"CN24F 150m exp",150,"AVITI","CN24F 150m exp 150"
"166","CN24F150mMV2_SC47_FK",-0.0896142143524871,-0.0672983367316297,0.0154528272046396,"MV2","FK","CN24F150mMV2_SC47_L1_R1.fastq.gz","CN24F150mMV2_SC47_L1_R2.fastq.gz","Francisco Chavez",NA,NA,"MBARI",NA,"ESP",NA,NA,NA,47,NA,NA,NA,NA,150,NA,"marine biome  (ENVO:00000447)","coastal water (ENVO:00001250)","waterborne particulate matter (ENVO:01000436)",NA,NA,"USA:California:Monterey Bay","FK77",NA,77,"CN24F150mMV2_SC47",NA,"GTACACACCGCCCGTC","TGATCCTTCTGCAGGTTCACCTAC",NA,NA,NA,"Poretics","0.22um",-80,"environmental","CN24F150mMV2_SC47_FK","AVITI 2x150 bp low output flow cell","MSU",NA,18,NA,NA,NA,NA,"CN24F 150m exp",150,"AVITI","CN24F 150m exp 150"
"167","CN24F150mMV2_SC48_FK",-0.100055939668556,-0.0837665617106574,-0.0228239103202242,"MV2","FK","CN24F150mMV2_SC48_L1_R1.fastq.gz","CN24F150mMV2_SC48_L1_R2.fastq.gz","Francisco Chavez",NA,NA,"MBARI",NA,"ESP",NA,NA,NA,48,NA,NA,NA,NA,150,NA,"marine biome  (ENVO:00000447)","coastal water (ENVO:00001250)","waterborne particulate matter (ENVO:01000436)",NA,NA,"USA:California:Monterey Bay","FK78",NA,78,"CN24F150mMV2_SC48",NA,"GTACACACCGCCCGTC","TGATCCTTCTGCAGGTTCACCTAC",NA,NA,NA,"Poretics","0.22um",-80,"environmental","CN24F150mMV2_SC48_FK","AVITI 2x150 bp low output flow cell","MSU",NA,18,NA,NA,NA,NA,"CN24F 150m exp",150,"AVITI","CN24F 150m exp 150"
"168","CN24F150mMV2_SC49_FK",-0.105609770214402,-0.0844169643846262,-0.0459003035490108,"MV2","FK","CN24F150mMV2_SC49_L1_R1.fastq.gz","CN24F150mMV2_SC49_L1_R2.fastq.gz","Francisco Chavez",NA,NA,"MBARI",NA,"ESP",NA,NA,NA,49,NA,NA,NA,NA,150,NA,"marine biome  (ENVO:00000447)","coastal water (ENVO:00001250)","waterborne particulate matter (ENVO:01000436)",NA,NA,"USA:California:Monterey Bay","FK79",NA,79,"CN24F150mMV2_SC49",NA,"GTACACACCGCCCGTC","TGATCCTTCTGCAGGTTCACCTAC",NA,NA,NA,"Poretics","0.22um",-80,"environmental","CN24F150mMV2_SC49_FK","AVITI 2x150 bp low output flow cell","MSU",NA,18,NA,NA,NA,NA,"CN24F 150m exp",150,"AVITI","CN24F 150m exp 150"
"169","CN24F150mMV2_SC50_FK",-0.0950874821020773,-0.0838861340590397,-0.0174471635931093,"MV2","FK","CN24F150mMV2_SC50_L1_R1.fastq.gz","CN24F150mMV2_SC50_L1_R2.fastq.gz","Francisco Chavez",NA,NA,"MBARI",NA,"ESP",NA,NA,NA,50,NA,NA,NA,NA,150,NA,"marine biome  (ENVO:00000447)","coastal water (ENVO:00001250)","waterborne particulate matter (ENVO:01000436)",NA,NA,"USA:California:Monterey Bay","FK80",NA,80,"CN24F150mMV2_SC50",NA,"GTACACACCGCCCGTC","TGATCCTTCTGCAGGTTCACCTAC",NA,NA,NA,"Poretics","0.22um",-80,"environmental","CN24F150mMV2_SC50_FK","AVITI 2x150 bp low output flow cell","MSU",NA,18,NA,NA,NA,NA,"CN24F 150m exp",150,"AVITI","CN24F 150m exp 150"
"170","CN24F150mMV2_SC51_FK",-0.108899132973996,-0.0833473302716482,-0.0428074752245003,"MV2","FK","CN24F150mMV2_SC51_L1_R1.fastq.gz","CN24F150mMV2_SC51_L1_R2.fastq.gz","Francisco Chavez",NA,NA,"MBARI",NA,"ESP",NA,NA,NA,51,NA,NA,NA,NA,150,NA,"marine biome  (ENVO:00000447)","coastal water (ENVO:00001250)","waterborne particulate matter (ENVO:01000436)",NA,NA,"USA:California:Monterey Bay","FK81",NA,81,"CN24F150mMV2_SC51",NA,"GTACACACCGCCCGTC","TGATCCTTCTGCAGGTTCACCTAC",NA,NA,NA,"Poretics","0.22um",-80,"environmental","CN24F150mMV2_SC51_FK","AVITI 2x150 bp low output flow cell","MSU",NA,18,NA,NA,NA,NA,"CN24F 150m exp",150,"AVITI","CN24F 150m exp 150"
"171","CN24F150mMV2_SC52_FK",-0.0798476768910766,-0.0700857059759294,0.0120763182552795,"MV2","FK","CN24F150mMV2_SC52_L1_R1.fastq.gz","CN24F150mMV2_SC52_L1_R2.fastq.gz","Francisco Chavez",NA,NA,"MBARI",NA,"ESP",NA,NA,NA,52,NA,NA,NA,NA,150,NA,"marine biome  (ENVO:00000447)","coastal water (ENVO:00001250)","waterborne particulate matter (ENVO:01000436)",NA,NA,"USA:California:Monterey Bay","FK82",NA,82,"CN24F150mMV2_SC52",NA,"GTACACACCGCCCGTC","TGATCCTTCTGCAGGTTCACCTAC",NA,NA,NA,"Poretics","0.22um",-80,"environmental","CN24F150mMV2_SC52_FK","AVITI 2x150 bp low output flow cell","MSU",NA,18,NA,NA,NA,NA,"CN24F 150m exp",150,"AVITI","CN24F 150m exp 150"
"172","CN24F150mMV2_SC53_FK",-0.0964295386025907,-0.0723636926421577,-0.010298887140779,"MV2","FK","CN24F150mMV2_SC53_L1_R1.fastq.gz","CN24F150mMV2_SC53_L1_R2.fastq.gz","Francisco Chavez",NA,NA,"MBARI",NA,"ESP",NA,NA,NA,53,NA,NA,NA,NA,150,NA,"marine biome  (ENVO:00000447)","coastal water (ENVO:00001250)","waterborne particulate matter (ENVO:01000436)",NA,NA,"USA:California:Monterey Bay","FK83",NA,83,"CN24F150mMV2_SC53",NA,"GTACACACCGCCCGTC","TGATCCTTCTGCAGGTTCACCTAC",NA,NA,NA,"Poretics","0.22um",-80,"environmental","CN24F150mMV2_SC53_FK","AVITI 2x150 bp low output flow cell","MSU",NA,18,NA,NA,NA,NA,"CN24F 150m exp",150,"AVITI","CN24F 150m exp 150"
"173","CN24F150mMV2_SC54_FK",-0.0934395137025815,-0.083820844052935,-0.0158107856564846,"MV2","FK","CN24F150mMV2_SC54_L1_R1.fastq.gz","CN24F150mMV2_SC54_L1_R2.fastq.gz","Francisco Chavez",NA,NA,"MBARI",NA,"ESP",NA,NA,NA,54,NA,NA,NA,NA,150,NA,"marine biome  (ENVO:00000447)","coastal water (ENVO:00001250)","waterborne particulate matter (ENVO:01000436)",NA,NA,"USA:California:Monterey Bay","FK84",NA,84,"CN24F150mMV2_SC54",NA,"GTACACACCGCCCGTC","TGATCCTTCTGCAGGTTCACCTAC",NA,NA,NA,"Poretics","0.22um",-80,"environmental","CN24F150mMV2_SC54_FK","AVITI 2x150 bp low output flow cell","MSU",NA,18,NA,NA,NA,NA,"CN24F 150m exp",150,"AVITI","CN24F 150m exp 150"
"174","CN24F150mMV2_SC55_FK",-0.11716852328964,-0.0749460584532068,-0.0154842384254471,"MV2","FK","CN24F150mMV2_SC55_L1_R1.fastq.gz","CN24F150mMV2_SC55_L1_R2.fastq.gz","Francisco Chavez",NA,NA,"MBARI",NA,"ESP",NA,NA,NA,55,NA,NA,NA,NA,150,NA,"marine biome  (ENVO:00000447)","coastal water (ENVO:00001250)","waterborne particulate matter (ENVO:01000436)",NA,NA,"USA:California:Monterey Bay","FK85",NA,85,"CN24F150mMV2_SC55",NA,"GTACACACCGCCCGTC","TGATCCTTCTGCAGGTTCACCTAC",NA,NA,NA,"Poretics","0.22um",-80,"environmental","CN24F150mMV2_SC55_FK","AVITI 2x150 bp low output flow cell","MSU",NA,18,NA,NA,NA,NA,"CN24F 150m exp",150,"AVITI","CN24F 150m exp 150"
"175","CN24F150mMV2_SC56_FK",-0.108323170262052,-0.0791678604140218,-0.0328084318995062,"MV2","FK","CN24F150mMV2_SC56_L1_R1.fastq.gz","CN24F150mMV2_SC56_L1_R2.fastq.gz","Francisco Chavez",NA,NA,"MBARI",NA,"ESP",NA,NA,NA,56,NA,NA,NA,NA,150,NA,"marine biome  (ENVO:00000447)","coastal water (ENVO:00001250)","waterborne particulate matter (ENVO:01000436)",NA,NA,"USA:California:Monterey Bay","FK86",NA,86,"CN24F150mMV2_SC56",NA,"GTACACACCGCCCGTC","TGATCCTTCTGCAGGTTCACCTAC",NA,NA,NA,"Poretics","0.22um",-80,"environmental","CN24F150mMV2_SC56_FK","AVITI 2x150 bp low output flow cell","MSU",NA,18,NA,NA,NA,NA,"CN24F 150m exp",150,"AVITI","CN24F 150m exp 150"
"176","CN24F150mMV2_SC57_FK",-0.105666608486271,-0.0774462439069714,-0.0217133538273439,"MV2","FK","CN24F150mMV2_SC57_L1_R1.fastq.gz","CN24F150mMV2_SC57_L1_R2.fastq.gz","Francisco Chavez",NA,NA,"MBARI",NA,"ESP",NA,NA,NA,57,NA,NA,NA,NA,150,NA,"marine biome  (ENVO:00000447)","coastal water (ENVO:00001250)","waterborne particulate matter (ENVO:01000436)",NA,NA,"USA:California:Monterey Bay","FK87",NA,87,"CN24F150mMV2_SC57",NA,"GTACACACCGCCCGTC","TGATCCTTCTGCAGGTTCACCTAC",NA,NA,NA,"Poretics","0.22um",-80,"environmental","CN24F150mMV2_SC57_FK","AVITI 2x150 bp low output flow cell","MSU",NA,18,NA,NA,NA,NA,"CN24F 150m exp",150,"AVITI","CN24F 150m exp 150"
"177","CN24F150mMV2_SC58_FK",-0.108866897875014,-0.0781042784946522,-0.0478867360756327,"MV2","FK","CN24F150mMV2_SC58_L1_R1.fastq.gz","CN24F150mMV2_SC58_L1_R2.fastq.gz","Francisco Chavez",NA,NA,"MBARI",NA,"ESP",NA,NA,NA,58,NA,NA,NA,NA,150,NA,"marine biome  (ENVO:00000447)","coastal water (ENVO:00001250)","waterborne particulate matter (ENVO:01000436)",NA,NA,"USA:California:Monterey Bay","FK88",NA,88,"CN24F150mMV2_SC58",NA,"GTACACACCGCCCGTC","TGATCCTTCTGCAGGTTCACCTAC",NA,NA,NA,"Poretics","0.22um",-80,"environmental","CN24F150mMV2_SC58_FK","AVITI 2x150 bp low output flow cell","MSU",NA,18,NA,NA,NA,NA,"CN24F 150m exp",150,"AVITI","CN24F 150m exp 150"
"178","CN24F150mMV2_SC59_FK",-0.112862532647305,-0.0767147741530564,-0.0360397391433769,"MV2","FK","CN24F150mMV2_SC59_L1_R1.fastq.gz","CN24F150mMV2_SC59_L1_R2.fastq.gz","Francisco Chavez",NA,NA,"MBARI",NA,"ESP",NA,NA,NA,59,NA,NA,NA,NA,150,NA,"marine biome  (ENVO:00000447)","coastal water (ENVO:00001250)","waterborne particulate matter (ENVO:01000436)",NA,NA,"USA:California:Monterey Bay","FK89",NA,89,"CN24F150mMV2_SC59",NA,"GTACACACCGCCCGTC","TGATCCTTCTGCAGGTTCACCTAC",NA,NA,NA,"Poretics","0.22um",-80,"environmental","CN24F150mMV2_SC59_FK","AVITI 2x150 bp low output flow cell","MSU",NA,18,NA,NA,NA,NA,"CN24F 150m exp",150,"AVITI","CN24F 150m exp 150"
