"","sample_name","PC1","PC2","PC3","ESP","PlateID","R1","R2","SAMPLING_PI","SAMPLING_bottle","SAMPLING_cruise","SAMPLING_institute","SAMPLING_platform","SAMPLING_platform_type","SAMPLING_rdepth","SAMPLING_station","SAMPLING_station_number","SC","chlorophyll","decimalLatitude","decimalLongitude","density","depth","diss_oxygen","env_broad_scale","env_local_scale","env_medium","eventDate","fluor","geo_loc_name","library","nitrate","order","original_name","pressure","primer_sequence_forward","primer_sequence_reverse","project_name","replicate","salinity","samp_filter_ext_type","samp_filter_size_ext","samp_store_temp","sample_type","seqID","seq_meth","sequencing_facility","tag_sequence","target_gene","temp","year","month","day","sample_source","depth_round","sequencer","source_depth"
"1","14223c01_07c_eDNA_FD",0.00225589762722413,0.106328391666468,0.0556675976442182,NA,"FD","14223c01_07c_eDNA_S2_L001_R1_001.fastq.gz","14223c01_07c_eDNA_S2_L001_R2_001.fastq.gz","Francisco Chavez",7,14223,"MBARI","Rachel Carson","ship",202.055,"MARS",1,NA,-0.0468,36.711,-122.196,26.5257,200,1.3929,"marine biome  (ENVO:00000447)","coastal water (ENVO:00001250)","waterborne particulate matter (ENVO:01000436)",2023-05-22 17:53:00,0.1296,"USA:California:Monterey Bay","FD2",27.967,2,"14223c01_07c_eDNA",203.656,"GTACACACCGCCCGTC","TGATCCTTCTGCAGGTTCACCTAC","Cannon","c",34.1371,"Poretics","0.22um",-80,"environmental","14223c01_07c_eDNA_FD","NGS Illumina Miseq","MSU","AGAACCTCGC",18,8.4879,2023,5,22,"CN23S MARS",200,"MiSeq","CN23S MARS 200"
"2","14223c01_10c_eDNA_FD",0.047642514508041,-0.00491985434469375,0.0745608639043737,NA,"FD","14223c01_10c_eDNA_S4_L001_R1_001.fastq.gz","14223c01_10c_eDNA_S4_L001_R2_001.fastq.gz","Francisco Chavez",10,14223,"MBARI","Rachel Carson","ship",21.024,"MARS",1,NA,1.7658,36.711,-122.196,25.1101,20,6.0492,"marine biome  (ENVO:00000447)","coastal water (ENVO:00001250)","waterborne particulate matter (ENVO:01000436)",2023-05-22 17:53:00,0.2989,"USA:California:Monterey Bay","FD4",7.481,4,"14223c01_10c_eDNA",21.181,"GTACACACCGCCCGTC","TGATCCTTCTGCAGGTTCACCTAC","Cannon","c",33.2522,"Poretics","0.22um",-80,"environmental","14223c01_10c_eDNA_FD","NGS Illumina Miseq","MSU","AGAGAGACCG",18,12.6401,2023,5,22,"CN23S MARS",20,"MiSeq","CN23S MARS 20"
"3","14223c01_09c_eDNA_FD",-0.00413840770763652,0.00850725679532278,0.052199805873352,NA,"FD","14223c01_09c_eDNA_S6_L001_R1_001.fastq.gz","14223c01_09c_eDNA_S6_L001_R2_001.fastq.gz","Francisco Chavez",9,14223,"MBARI","Rachel Carson","ship",61.34,"MARS",1,NA,0.0674,36.711,-122.196,26.0385,60,3.4987,"marine biome  (ENVO:00000447)","coastal water (ENVO:00001250)","waterborne particulate matter (ENVO:01000436)",2023-05-22 17:53:00,0.1403,"USA:California:Monterey Bay","FD6",25.001,6,"14223c01_09c_eDNA",61.805,"GTACACACCGCCCGTC","TGATCCTTCTGCAGGTTCACCTAC","Cannon","c",33.8392,"Poretics","0.22um",-80,"environmental","14223c01_09c_eDNA_FD","NGS Illumina Miseq","MSU","GAGAAGCCGT",18,10.0487,2023,5,22,"CN23S MARS",60,"MiSeq","CN23S MARS 60"
"4","14223c01_12c_eDNA_FD",0.0425260494580443,0.00376463971360522,0.0981344169845027,NA,"FD","14223c01_12c_eDNA_S10_L001_R1_001.fastq.gz","14223c01_12c_eDNA_S10_L001_R2_001.fastq.gz","Francisco Chavez",12,14223,"MBARI","Rachel Carson","ship",3.112,"MARS",1,NA,1.1456,36.711,-122.196,25.0996,0,6.0942,"marine biome  (ENVO:00000447)","coastal water (ENVO:00001250)","waterborne particulate matter (ENVO:01000436)",2023-05-22 17:53:00,0.241,"USA:California:Monterey Bay","FD10",6.645,10,"14223c01_12c_eDNA",3.135,"GTACACACCGCCCGTC","TGATCCTTCTGCAGGTTCACCTAC","Cannon","c",33.2531,"Poretics","0.22um",-80,"environmental","14223c01_12c_eDNA_FD","NGS Illumina Miseq","MSU","CCTACGGACA",18,12.6957,2023,5,22,"CN23S MARS",0,"MiSeq","CN23S MARS 0"
"5","14223c01_08c_eDNA_FD",-0.000279038529176546,0.0271427544458655,0.0618463525018466,NA,"FD","14223c01_08c_eDNA_S11_L001_R1_001.fastq.gz","14223c01_08c_eDNA_S11_L001_R2_001.fastq.gz","Francisco Chavez",8,14223,"MBARI","Rachel Carson","ship",101.114,"MARS",1,NA,-0.0212,36.711,-122.196,26.2686,100,2.4491,"marine biome  (ENVO:00000447)","coastal water (ENVO:00001250)","waterborne particulate matter (ENVO:01000436)",2023-05-22 17:53:00,0.132,"USA:California:Monterey Bay","FD11",23.505,11,"14223c01_08c_eDNA",101.89,"GTACACACCGCCCGTC","TGATCCTTCTGCAGGTTCACCTAC","Cannon","c",33.9602,"Poretics","0.22um",-80,"environmental","14223c01_08c_eDNA_FD","NGS Illumina Miseq","MSU","CGGACGTTAA",18,9.2321,2023,5,22,"CN23S MARS",100,"MiSeq","CN23S MARS 100"
"6","25424c01_12c_eDNA_FD",0.0591346341667892,0.00690944769159596,0.0502309817787808,NA,"FD","25424c01_12c_eDNA_S12_L001_R1_001.fastq.gz","25424c01_12c_eDNA_S12_L001_R2_001.fastq.gz","Francisco Chavez",12,25424,"MBARI","Rachel Carson","ship",3.072,"c1",1,NA,3.3251,36.7975,-121.8475,25.0484,0,5.8805,"marine biome  (ENVO:00000447)","coastal water (ENVO:00001250)","waterborne particulate matter (ENVO:01000436)",2024-09-10 14:48:00,0.4445,"USA:California:Monterey Bay","FD12",NA,12,"25424c01_12c_eDNA",3.094,"GTACACACCGCCCGTC","TGATCCTTCTGCAGGTTCACCTAC","PTLO","c",33.8047,"Poretics","0.22um",-80,"environmental","25424c01_12c_eDNA_FD","NGS Illumina Miseq","MSU","CATTGCTGTT",18,15.01,2024,9,10,"MBTS 25424",0,"MiSeq","MBTS 25424 0"
"7","25424c01_10c_eDNA_FD",0.0466611722337385,-0.0184208397948162,0.042486435831566,NA,"FD","25424c01_10c_eDNA_S13_L001_R1_001.fastq.gz","25424c01_10c_eDNA_S13_L001_R2_001.fastq.gz","Francisco Chavez",10,25424,"MBARI","Rachel Carson","ship",10.238,"c1",1,NA,0.7041,36.7975,-121.8475,25.6966,10,3.9941,"marine biome  (ENVO:00000447)","coastal water (ENVO:00001250)","waterborne particulate matter (ENVO:01000436)",2024-09-10 14:48:00,0.1997,"USA:California:Monterey Bay","FD13",NA,13,"25424c01_10c_eDNA",10.314,"GTACACACCGCCCGTC","TGATCCTTCTGCAGGTTCACCTAC","PTLO","c",33.8077,"Poretics","0.22um",-80,"environmental","25424c01_10c_eDNA_FD","NGS Illumina Miseq","MSU","AGATGCGACG",18,11.8235,2024,9,10,"MBTS 25424",10,"MiSeq","MBTS 25424 10"
"8","25424c01_09c_eDNA_FD",0.038379642439112,-0.0416999595825951,0.0827007800117343,NA,"FD","25424c01_09c_eDNA_S14_L001_R1_001.fastq.gz","25424c01_09c_eDNA_S14_L001_R2_001.fastq.gz","Francisco Chavez",9,25424,"MBARI","Rachel Carson","ship",20.421,"c1",1,NA,0.4298,36.7975,-121.8475,25.8362,20,3.4435,"marine biome  (ENVO:00000447)","coastal water (ENVO:00001250)","waterborne particulate matter (ENVO:01000436)",2024-09-10 14:48:00,0.1741,"USA:California:Monterey Bay","FD14",NA,14,"25424c01_09c_eDNA",20.574,"GTACACACCGCCCGTC","TGATCCTTCTGCAGGTTCACCTAC","PTLO","c",33.8352,"Poretics","0.22um",-80,"environmental","25424c01_09c_eDNA_FD","NGS Illumina Miseq","MSU","ATACATCGCA",18,11.1818,2024,9,10,"MBTS 25424",20,"MiSeq","MBTS 25424 20"
"9","25424c01_06c_eDNA_FD",-0.0104727151624586,-0.0053998923575556,0.0463275114932145,NA,"FD","25424c01_06c_eDNA_S15_L001_R1_001.fastq.gz","25424c01_06c_eDNA_S15_L001_R2_001.fastq.gz","Francisco Chavez",6,25424,"MBARI","Rachel Carson","ship",59.967,"c1",1,NA,0.0431,36.7975,-121.8475,26.0666,60,2.0678,"marine biome  (ENVO:00000447)","coastal water (ENVO:00001250)","waterborne particulate matter (ENVO:01000436)",2024-09-10 14:48:00,0.138,"USA:California:Monterey Bay","FD15",NA,15,"25424c01_06c_eDNA",60.422,"GTACACACCGCCCGTC","TGATCCTTCTGCAGGTTCACCTAC","PTLO","c",33.918,"Poretics","0.22um",-80,"environmental","25424c01_06c_eDNA_FD","NGS Illumina Miseq","MSU","TAGCGCAATA",18,10.2451,2024,9,10,"MBTS 25424",60,"MiSeq","MBTS 25424 60"
"10","25424c01_03c_eDNA_FD",-0.0276760277607724,0.0113162573116566,0.0699798749522813,NA,"FD","25424c01_03c_eDNA_S16_L001_R1_001.fastq.gz","25424c01_03c_eDNA_S16_L001_R2_001.fastq.gz","Francisco Chavez",3,25424,"MBARI","Rachel Carson","ship",149.061,"c1",1,NA,0.0169,36.7975,-121.8475,26.3645,150,1.1609,"marine biome  (ENVO:00000447)","coastal water (ENVO:00001250)","waterborne particulate matter (ENVO:01000436)",2024-09-10 14:48:00,0.1356,"USA:California:Monterey Bay","FD16",NA,16,"25424c01_03c_eDNA",150.223,"GTACACACCGCCCGTC","TGATCCTTCTGCAGGTTCACCTAC","PTLO","c",34.047,"Poretics","0.22um",-80,"environmental","25424c01_03c_eDNA_FD","NGS Illumina Miseq","MSU","TAACGCAGTC",18,9.062,2024,9,10,"MBTS 25424",150,"MiSeq","MBTS 25424 150"
"11","25424c02_12c_eDNA_FD",0.063739418614376,-0.00385613416413714,0.0744478540721225,NA,"FD","25424c02_12c_eDNA_S17_L001_R1_001.fastq.gz","25424c02_12c_eDNA_S17_L001_R2_001.fastq.gz","Francisco Chavez",12,25424,"MBARI","Rachel Carson","ship",3.087,"Mooring1",2,NA,3.2152,36.7465,-122.0202,25.1026,0,5.9011,"marine biome  (ENVO:00000447)","coastal water (ENVO:00001250)","waterborne particulate matter (ENVO:01000436)",2024-09-10 16:26:00,0.4342,"USA:California:Monterey Bay","FD17",NA,17,"25424c02_12c_eDNA",3.11,"GTACACACCGCCCGTC","TGATCCTTCTGCAGGTTCACCTAC","PTLO","c",33.7859,"Poretics","0.22um",-80,"environmental","25424c02_12c_eDNA_FD","NGS Illumina Miseq","MSU","ACCTAAGAGC",18,14.6922,2024,9,10,"MBTS 25424",0,"MiSeq","MBTS 25424 0"
"12","25424c02_10c_eDNA_FD",0.0630805688310897,-0.0160913573310459,0.0548266306824812,NA,"FD","25424c02_10c_eDNA_S18_L001_R1_001.fastq.gz","25424c02_10c_eDNA_S18_L001_R2_001.fastq.gz","Francisco Chavez",10,25424,"MBARI","Rachel Carson","ship",10.18,"Mooring1",2,NA,4.1594,36.7465,-122.0202,25.22,10,5.6191,"marine biome  (ENVO:00000447)","coastal water (ENVO:00001250)","waterborne particulate matter (ENVO:01000436)",2024-09-10 16:26:00,0.5224,"USA:California:Monterey Bay","FD18",NA,18,"25424c02_10c_eDNA",10.255,"GTACACACCGCCCGTC","TGATCCTTCTGCAGGTTCACCTAC","PTLO","c",33.7692,"Poretics","0.22um",-80,"environmental","25424c02_10c_eDNA_FD","NGS Illumina Miseq","MSU","AGGCATAATG",18,14.0783,2024,9,10,"MBTS 25424",10,"MiSeq","MBTS 25424 10"
"13","25424c02_09c_eDNA_FD",0.0544614963407427,-0.0271760411928946,0.0575927241119753,NA,"FD","25424c02_09c_eDNA_S19_L001_R1_001.fastq.gz","25424c02_09c_eDNA_S19_L001_R2_001.fastq.gz","Francisco Chavez",9,25424,"MBARI","Rachel Carson","ship",20.181,"Mooring1",2,NA,1.6478,36.7465,-122.0202,25.6007,20,4.0424,"marine biome  (ENVO:00000447)","coastal water (ENVO:00001250)","waterborne particulate matter (ENVO:01000436)",2024-09-10 16:26:00,0.2879,"USA:California:Monterey Bay","FD19",NA,19,"25424c02_09c_eDNA",20.332,"GTACACACCGCCCGTC","TGATCCTTCTGCAGGTTCACCTAC","PTLO","c",33.758,"Poretics","0.22um",-80,"environmental","25424c02_09c_eDNA_FD","NGS Illumina Miseq","MSU","GATCGGTAAT",18,12.1278,2024,9,10,"MBTS 25424",20,"MiSeq","MBTS 25424 20"
"14","25424c02_06c_eDNA_FD",-0.0287929290685156,0.00568614269808047,0.0702062872879819,NA,"FD","25424c02_06c_eDNA_S20_L001_R1_001.fastq.gz","25424c02_06c_eDNA_S20_L001_R2_001.fastq.gz","Francisco Chavez",6,25424,"MBARI","Rachel Carson","ship",60.456,"Mooring1",2,NA,-0.0074,36.7465,-122.0202,26.0483,60,2.187,"marine biome  (ENVO:00000447)","coastal water (ENVO:00001250)","waterborne particulate matter (ENVO:01000436)",2024-09-10 16:26:00,0.1333,"USA:California:Monterey Bay","FD20",NA,20,"25424c02_06c_eDNA",60.914,"GTACACACCGCCCGTC","TGATCCTTCTGCAGGTTCACCTAC","PTLO","c",33.8969,"Poretics","0.22um",-80,"environmental","25424c02_06c_eDNA_FD","NGS Illumina Miseq","MSU","GCAACACGGA",18,10.2553,2024,9,10,"MBTS 25424",60,"MiSeq","MBTS 25424 60"
"15","25424c03_12c_eDNA_FD",0.075440975089286,-0.0116443671761655,0.078590829685108,NA,"FD","25424c03_12c_eDNA_S22_L001_R1_001.fastq.gz","25424c03_12c_eDNA_S22_L001_R2_001.fastq.gz","Francisco Chavez",12,25424,"MBARI","Rachel Carson","ship",2.626,"Mooring2",3,NA,4.8098,36.695,-122.3813,25.1923,0,6.5254,"marine biome  (ENVO:00000447)","coastal water (ENVO:00001250)","waterborne particulate matter (ENVO:01000436)",2024-09-10 19:04:00,0.5831,"USA:California:Monterey Bay","FD22",NA,22,"25424c03_12c_eDNA",2.646,"GTACACACCGCCCGTC","TGATCCTTCTGCAGGTTCACCTAC","PTLO","c",33.6627,"Poretics","0.22um",-80,"environmental","25424c03_12c_eDNA_FD","NGS Illumina Miseq","MSU","TGCTGAACGC",18,13.8142,2024,9,10,"MBTS 25424",0,"MiSeq","MBTS 25424 0"
"16","25424c03_10c_eDNA_FD",0.0606285662383287,-0.0170368763220621,0.0362545850657269,NA,"FD","25424c03_10c_eDNA_S23_L001_R1_001.fastq.gz","25424c03_10c_eDNA_S23_L001_R2_001.fastq.gz","Francisco Chavez",10,25424,"MBARI","Rachel Carson","ship",10.316,"Mooring2",3,NA,6.4959,36.695,-122.3813,25.4318,10,5.4528,"marine biome  (ENVO:00000447)","coastal water (ENVO:00001250)","waterborne particulate matter (ENVO:01000436)",2024-09-10 19:04:00,0.7405,"USA:California:Monterey Bay","FD23",NA,23,"25424c03_10c_eDNA",10.392,"GTACACACCGCCCGTC","TGATCCTTCTGCAGGTTCACCTAC","PTLO","c",33.7459,"Poretics","0.22um",-80,"environmental","25424c03_10c_eDNA_FD","NGS Illumina Miseq","MSU","TTAGACCACA",18,12.9488,2024,9,10,"MBTS 25424",10,"MiSeq","MBTS 25424 10"
"17","25424c03_09c_eDNA_FD",0.0260348021439083,-0.0329552866061692,0.0585711628801008,NA,"FD","25424c03_09c_eDNA_S24_L001_R1_001.fastq.gz","25424c03_09c_eDNA_S24_L001_R2_001.fastq.gz","Francisco Chavez",9,25424,"MBARI","Rachel Carson","ship",20.289,"Mooring2",3,NA,0.6123,36.695,-122.3813,25.56,20,4.4551,"marine biome  (ENVO:00000447)","coastal water (ENVO:00001250)","waterborne particulate matter (ENVO:01000436)",2024-09-10 19:04:00,0.1912,"USA:California:Monterey Bay","FD24",NA,24,"25424c03_09c_eDNA",20.441,"GTACACACCGCCCGTC","TGATCCTTCTGCAGGTTCACCTAC","PTLO","c",33.6052,"Poretics","0.22um",-80,"environmental","25424c03_09c_eDNA_FD","NGS Illumina Miseq","MSU","CCATAAGCCA",18,11.7133,2024,9,10,"MBTS 25424",20,"MiSeq","MBTS 25424 20"
"18","25424c03_06c_eDNA_FD",-0.0303318814921597,0.0331866226187724,0.0767838634015018,NA,"FD","25424c03_06c_eDNA_S25_L001_R1_001.fastq.gz","25424c03_06c_eDNA_S25_L001_R2_001.fastq.gz","Francisco Chavez",6,25424,"MBARI","Rachel Carson","ship",60.038,"Mooring2",3,NA,-0.0354,36.695,-122.3813,26.0261,60,2.0215,"marine biome  (ENVO:00000447)","coastal water (ENVO:00001250)","waterborne particulate matter (ENVO:01000436)",2024-09-10 19:04:00,0.1307,"USA:California:Monterey Bay","FD25",NA,25,"25424c03_06c_eDNA",60.493,"GTACACACCGCCCGTC","TGATCCTTCTGCAGGTTCACCTAC","PTLO","c",33.8599,"Poretics","0.22um",-80,"environmental","25424c03_06c_eDNA_FD","NGS Illumina Miseq","MSU","ATGGCTTCTA",18,10.2163,2024,9,10,"MBTS 25424",60,"MiSeq","MBTS 25424 60"
"19","25424c03_03c_eDNA_FD",-0.00973599225341062,0.0246565463151448,0.0671699168499578,NA,"FD","25424c03_03c_eDNA_S26_L001_R1_001.fastq.gz","25424c03_03c_eDNA_S26_L001_R2_001.fastq.gz","Francisco Chavez",3,25424,"MBARI","Rachel Carson","ship",149.85,"Mooring2",3,NA,-0.0634,36.695,-122.3813,26.2385,150,1.5513,"marine biome  (ENVO:00000447)","coastal water (ENVO:00001250)","waterborne particulate matter (ENVO:01000436)",2024-09-10 19:04:00,0.1281,"USA:California:Monterey Bay","FD26",NA,26,"25424c03_03c_eDNA",151.017,"GTACACACCGCCCGTC","TGATCCTTCTGCAGGTTCACCTAC","PTLO","c",34.0117,"Poretics","0.22um",-80,"environmental","25424c03_03c_eDNA_FD","NGS Illumina Miseq","MSU","CAACAGTGGA",18,9.6688,2024,9,10,"MBTS 25424",150,"MiSeq","MBTS 25424 150"
"20","22624c01_12c_eDNA_FD",0.0901639603364718,-0.0114525884969456,0.0676487119799632,NA,"FD","22624c01_12c_eDNA_S27_L001_R1_001.fastq.gz","22624c01_12c_eDNA_S27_L001_R2_001.fastq.gz","Francisco Chavez",12,22624,"MBARI","RACHEL CARSON","ship",3.164,"C1",1,NA,8.941,36.7973,-121.847,25.6757,0,5.5359,"marine biome  (ENVO:00000447)","coastal water (ENVO:00001250)","waterborne particulate matter (ENVO:01000436)",2024-08-13 15:53:00,0.9688,"USA:California:Monterey Bay","FD27",NA,27,"22624c01_12c_eDNA",3.187,"GTACACACCGCCCGTC","TGATCCTTCTGCAGGTTCACCTAC","PTLO","c",33.8171,"Poretics","0.22um",-80,"environmental","22624c01_12c_eDNA_FD","NGS Illumina Miseq","MSU","ACGATGCAAC",18,11.9723,2024,8,13,"MBTS 22624",0,"MiSeq","MBTS 22624 0"
"21","22624c01_10c_eDNA_FD",0.0424316832778214,-0.0379770964141881,-0.0117059957871294,NA,"FD","22624c01_10c_eDNA_S28_L001_R1_001.fastq.gz","22624c01_10c_eDNA_S28_L001_R2_001.fastq.gz","Francisco Chavez",10,22624,"MBARI","RACHEL CARSON","ship",11.021,"C1",1,NA,5.9354,36.7973,-121.847,25.7897,10,4.1396,"marine biome  (ENVO:00000447)","coastal water (ENVO:00001250)","waterborne particulate matter (ENVO:01000436)",2024-08-13 15:53:00,0.6882,"USA:California:Monterey Bay","FD28",NA,28,"22624c01_10c_eDNA",11.103,"GTACACACCGCCCGTC","TGATCCTTCTGCAGGTTCACCTAC","PTLO","c",33.8282,"Poretics","0.22um",-80,"environmental","22624c01_10c_eDNA_FD","NGS Illumina Miseq","MSU","TCACTTCGCA",18,11.4065,2024,8,13,"MBTS 22624",10,"MiSeq","MBTS 22624 10"
"22","22624c01_09c_eDNA_FD",2.3135858785283e-05,-0.0214992966726011,0.0208269423095722,NA,"FD","22624c01_09c_eDNA_S29_L001_R1_001.fastq.gz","22624c01_09c_eDNA_S29_L001_R2_001.fastq.gz","Francisco Chavez",9,22624,"MBARI","RACHEL CARSON","ship",20.8,"C1",1,NA,0.1589,36.7973,-121.847,26.0656,20,2.1549,"marine biome  (ENVO:00000447)","coastal water (ENVO:00001250)","waterborne particulate matter (ENVO:01000436)",2024-08-13 15:53:00,0.1488,"USA:California:Monterey Bay","FD29",NA,29,"22624c01_09c_eDNA",20.955,"GTACACACCGCCCGTC","TGATCCTTCTGCAGGTTCACCTAC","PTLO","c",33.8705,"Poretics","0.22um",-80,"environmental","22624c01_09c_eDNA_FD","NGS Illumina Miseq","MSU","AACGCCATTC",18,10.0285,2024,8,13,"MBTS 22624",20,"MiSeq","MBTS 22624 20"
"23","22624c01_06c_eDNA_FD",-0.0399129763559542,0.048442793775367,0.0378062381268432,NA,"FD","22624c01_06c_eDNA_S30_L001_R1_001.fastq.gz","22624c01_06c_eDNA_S30_L001_R2_001.fastq.gz","Francisco Chavez",6,22624,"MBARI","RACHEL CARSON","ship",61.245,"C1",1,NA,-0.0148,36.7973,-121.847,26.2464,60,1.5823,"marine biome  (ENVO:00000447)","coastal water (ENVO:00001250)","waterborne particulate matter (ENVO:01000436)",2024-08-13 15:53:00,0.1326,"USA:California:Monterey Bay","FD30",NA,30,"22624c01_06c_eDNA",61.709,"GTACACACCGCCCGTC","TGATCCTTCTGCAGGTTCACCTAC","PTLO","c",33.9986,"Poretics","0.22um",-80,"environmental","22624c01_06c_eDNA_FD","NGS Illumina Miseq","MSU","CTTCCTAGGC",18,9.5484,2024,8,13,"MBTS 22624",60,"MiSeq","MBTS 22624 60"
"24","22624c01_03c_eDNA_FD",-0.0318309267709138,0.0269929411216808,0.0863386150655807,NA,"FD","22624c01_03c_eDNA_S31_L001_R1_001.fastq.gz","22624c01_03c_eDNA_S31_L001_R2_001.fastq.gz","Francisco Chavez",3,22624,"MBARI","RACHEL CARSON","ship",150.604,"C1",1,NA,-0.037,36.7973,-121.847,26.437,150,1.3372,"marine biome  (ENVO:00000447)","coastal water (ENVO:00001250)","waterborne particulate matter (ENVO:01000436)",2024-08-13 15:53:00,0.1305,"USA:California:Monterey Bay","FD31",NA,31,"22624c01_03c_eDNA",151.779,"GTACACACCGCCCGTC","TGATCCTTCTGCAGGTTCACCTAC","PTLO","c",34.0616,"Poretics","0.22um",-80,"environmental","22624c01_03c_eDNA_FD","NGS Illumina Miseq","MSU","CGTAGACGTG",18,8.674,2024,8,13,"MBTS 22624",150,"MiSeq","MBTS 22624 150"
"25","22624c02_12c_eDNA_FD",0.0818663584178172,-0.0014633977480302,0.0881580569341489,NA,"FD","22624c02_12c_eDNA_S32_L001_R1_001.fastq.gz","22624c02_12c_eDNA_S32_L001_R2_001.fastq.gz","Francisco Chavez",12,22624,"MBARI","RACHEL CARSON","ship",2.958,"MOORING1",2,NA,1.4298,36.7472,-122.0217,25.4541,0,5.5156,"marine biome  (ENVO:00000447)","coastal water (ENVO:00001250)","waterborne particulate matter (ENVO:01000436)",2024-08-13 17:36:00,0.2675,"USA:California:Monterey Bay","FD32",NA,32,"22624c02_12c_eDNA",2.979,"GTACACACCGCCCGTC","TGATCCTTCTGCAGGTTCACCTAC","PTLO","c",33.7542,"Poretics","0.22um",-80,"environmental","22624c02_12c_eDNA_FD","NGS Illumina Miseq","MSU","GTGCCTCTGA",18,12.8679,2024,8,13,"MBTS 22624",0,"MiSeq","MBTS 22624 0"
"26","22624c02_10c_eDNA_FD",0.0994115796421682,-0.0141558521090214,0.0584991555309995,NA,"FD","22624c02_10c_eDNA_S33_L001_R1_001.fastq.gz","22624c02_10c_eDNA_S33_L001_R2_001.fastq.gz","Francisco Chavez",10,22624,"MBARI","RACHEL CARSON","ship",10.591,"MOORING1",2,NA,5.1999,36.7472,-122.0217,25.5357,10,5.446,"marine biome  (ENVO:00000447)","coastal water (ENVO:00001250)","waterborne particulate matter (ENVO:01000436)",2024-08-13 17:36:00,0.6195,"USA:California:Monterey Bay","FD33",NA,33,"22624c02_10c_eDNA",10.67,"GTACACACCGCCCGTC","TGATCCTTCTGCAGGTTCACCTAC","PTLO","c",33.7655,"Poretics","0.22um",-80,"environmental","22624c02_10c_eDNA_FD","NGS Illumina Miseq","MSU","TACCTAAGTG",18,12.4964,2024,8,13,"MBTS 22624",10,"MiSeq","MBTS 22624 10"
"27","22624c02_09c_eDNA_FD",0.0891218244986523,-0.0257124311551325,0.0552982994858472,NA,"FD","22624c02_09c_eDNA_S34_L001_R1_001.fastq.gz","22624c02_09c_eDNA_S34_L001_R2_001.fastq.gz","Francisco Chavez",9,22624,"MBARI","RACHEL CARSON","ship",20.485,"MOORING1",2,NA,7.9923,36.7472,-122.0217,25.6475,20,5.0903,"marine biome  (ENVO:00000447)","coastal water (ENVO:00001250)","waterborne particulate matter (ENVO:01000436)",2024-08-13 17:36:00,0.8802,"USA:California:Monterey Bay","FD34",NA,34,"22624c02_09c_eDNA",20.638,"GTACACACCGCCCGTC","TGATCCTTCTGCAGGTTCACCTAC","PTLO","c",33.8058,"Poretics","0.22um",-80,"environmental","22624c02_09c_eDNA_FD","NGS Illumina Miseq","MSU","TGTCGTTAAG",18,12.0772,2024,8,13,"MBTS 22624",20,"MiSeq","MBTS 22624 20"
"28","22624c02_06c_eDNA_FD",0.00149863534665057,-0.00202845396077586,-0.00295286467705199,NA,"FD","22624c02_06c_eDNA_S35_L001_R1_001.fastq.gz","22624c02_06c_eDNA_S35_L001_R2_001.fastq.gz","Francisco Chavez",6,22624,"MBARI","RACHEL CARSON","ship",60.306,"MOORING1",2,NA,0.0775,36.7472,-122.0217,26.0722,60,2.2572,"marine biome  (ENVO:00000447)","coastal water (ENVO:00001250)","waterborne particulate matter (ENVO:01000436)",2024-08-13 17:36:00,0.1412,"USA:California:Monterey Bay","FD35",NA,35,"22624c02_06c_eDNA",60.763,"GTACACACCGCCCGTC","TGATCCTTCTGCAGGTTCACCTAC","PTLO","c",33.8953,"Poretics","0.22um",-80,"environmental","22624c02_06c_eDNA_FD","NGS Illumina Miseq","MSU","AACGTCCAGT",18,10.1082,2024,8,13,"MBTS 22624",60,"MiSeq","MBTS 22624 60"
"29","22624c02_03c_eDNA_FD",0.00409843373342536,0.0602823808382931,0.0954641905005644,NA,"FD","22624c02_03c_eDNA_S36_L001_R1_001.fastq.gz","22624c02_03c_eDNA_S36_L001_R2_001.fastq.gz","Francisco Chavez",3,22624,"MBARI","RACHEL CARSON","ship",150.696,"MOORING1",2,NA,-0.0698,36.7472,-122.0217,26.3675,150,1.588,"marine biome  (ENVO:00000447)","coastal water (ENVO:00001250)","waterborne particulate matter (ENVO:01000436)",2024-08-13 17:36:00,0.1275,"USA:California:Monterey Bay","FD36",NA,36,"22624c02_03c_eDNA",151.871,"GTACACACCGCCCGTC","TGATCCTTCTGCAGGTTCACCTAC","PTLO","c",34.1,"Poretics","0.22um",-80,"environmental","22624c02_03c_eDNA_FD","NGS Illumina Miseq","MSU","AATAGCTGTG",18,9.3023,2024,8,13,"MBTS 22624",150,"MiSeq","MBTS 22624 150"
"30","22624c03_12c_eDNA_FD",0.0952033318441665,-0.00691943617427831,0.065891685313001,NA,"FD","22624c03_12c_eDNA_S37_L001_R1_001.fastq.gz","22624c03_12c_eDNA_S37_L001_R2_001.fastq.gz","Francisco Chavez",12,22624,"MBARI","RACHEL CARSON","ship",3.292,"MOORING2",3,NA,1.125,36.6968,-122.3775,25.3035,0,5.7844,"marine biome  (ENVO:00000447)","coastal water (ENVO:00001250)","waterborne particulate matter (ENVO:01000436)",2024-08-13 20:07:00,0.239,"USA:California:Monterey Bay","FD37",NA,37,"22624c03_12c_eDNA",3.316,"GTACACACCGCCCGTC","TGATCCTTCTGCAGGTTCACCTAC","PTLO","c",33.72,"Poretics","0.22um",-80,"environmental","22624c03_12c_eDNA_FD","NGS Illumina Miseq","MSU","TCCTGAACTT",18,13.4873,2024,8,13,"MBTS 22624",0,"MiSeq","MBTS 22624 0"
"31","22624c03_10c_eDNA_FD",0.0843829907351823,-0.0202207195967312,0.0165696547996229,NA,"FD","22624c03_10c_eDNA_S38_L001_R1_001.fastq.gz","22624c03_10c_eDNA_S38_L001_R2_001.fastq.gz","Francisco Chavez",10,22624,"MBARI","RACHEL CARSON","ship",10.795,"MOORING2",3,NA,4.4473,36.6968,-122.3775,25.4209,10,5.9201,"marine biome  (ENVO:00000447)","coastal water (ENVO:00001250)","waterborne particulate matter (ENVO:01000436)",2024-08-13 20:07:00,0.5493,"USA:California:Monterey Bay","FD38",NA,38,"22624c03_10c_eDNA",10.875,"GTACACACCGCCCGTC","TGATCCTTCTGCAGGTTCACCTAC","PTLO","c",33.7393,"Poretics","0.22um",-80,"environmental","22624c03_10c_eDNA_FD","NGS Illumina Miseq","MSU","CGTTGGTAAC",18,12.9779,2024,8,13,"MBTS 22624",10,"MiSeq","MBTS 22624 10"
"32","22624c03_09c_eDNA_FD",0.0825779692133153,-0.0169604770069485,0.0195466544098358,NA,"FD","22624c03_09c_eDNA_S39_L001_R1_001.fastq.gz","22624c03_09c_eDNA_S39_L001_R2_001.fastq.gz","Francisco Chavez",9,22624,"MBARI","RACHEL CARSON","ship",20.375,"MOORING2",3,NA,4.0849,36.6968,-122.3775,25.4515,20,5.5692,"marine biome  (ENVO:00000447)","coastal water (ENVO:00001250)","waterborne particulate matter (ENVO:01000436)",2024-08-13 20:07:00,0.5154,"USA:California:Monterey Bay","FD39",NA,39,"22624c03_09c_eDNA",20.527,"GTACACACCGCCCGTC","TGATCCTTCTGCAGGTTCACCTAC","PTLO","c",33.7369,"Poretics","0.22um",-80,"environmental","22624c03_09c_eDNA_FD","NGS Illumina Miseq","MSU","TCACTGGACT",18,12.8153,2024,8,13,"MBTS 22624",20,"MiSeq","MBTS 22624 20"
"33","22624c03_06c_eDNA_FD",0.0161665963004845,0.00629406713905498,0.0458974955557333,NA,"FD","22624c03_06c_eDNA_S40_L001_R1_001.fastq.gz","22624c03_06c_eDNA_S40_L001_R2_001.fastq.gz","Francisco Chavez",6,22624,"MBARI","RACHEL CARSON","ship",60.383,"MOORING2",3,NA,0.0159,36.6968,-122.3775,26.0543,60,2.3923,"marine biome  (ENVO:00000447)","coastal water (ENVO:00001250)","waterborne particulate matter (ENVO:01000436)",2024-08-13 20:07:00,0.1355,"USA:California:Monterey Bay","FD40",NA,40,"22624c03_06c_eDNA",60.84,"GTACACACCGCCCGTC","TGATCCTTCTGCAGGTTCACCTAC","PTLO","c",33.8559,"Poretics","0.22um",-80,"environmental","22624c03_06c_eDNA_FD","NGS Illumina Miseq","MSU","TAGCCTAGCG",18,10.0319,2024,8,13,"MBTS 22624",60,"MiSeq","MBTS 22624 60"
"34","20524c02_12c_eDNA_FD",0.0841830200297939,-0.0364464344841255,0.0664896859717793,NA,"FD","20524c02_12c_eDNA_S42_L001_R1_001.fastq.gz","20524c02_12c_eDNA_S42_L001_R2_001.fastq.gz","Francisco Chavez",12,20524,"MBARI","RACHEL CARSON","ship",2.817,"MOORING 1",2,NA,3.7425,36.7477,-122.0225,25.2873,0,6.8747,"marine biome  (ENVO:00000447)","coastal water (ENVO:00001250)","waterborne particulate matter (ENVO:01000436)",2024-07-23 17:30:00,0.4834,"USA:California:Monterey Bay","FD42",NA,42,"20524c02_12c_eDNA",2.838,"GTACACACCGCCCGTC","TGATCCTTCTGCAGGTTCACCTAC","PTLO","c",33.6997,"Poretics","0.22um",-80,"environmental","20524c02_12c_eDNA_FD","NGS Illumina Miseq","MSU","AGCTCGAGGA",18,13.4898,2024,7,23,"MBTS 20524",0,"MiSeq","MBTS 20524 0"
"35","20524c02_10c_eDNA_FD",0.0571057246481185,-0.0480278446235088,0.0113025622831179,NA,"FD","20524c02_10c_eDNA_S43_L001_R1_001.fastq.gz","20524c02_10c_eDNA_S43_L001_R2_001.fastq.gz","Francisco Chavez",10,20524,"MBARI","RACHEL CARSON","ship",10.958,"MOORING 1",2,NA,4.9072,36.7477,-122.0225,25.4425,10,5.3319,"marine biome  (ENVO:00000447)","coastal water (ENVO:00001250)","waterborne particulate matter (ENVO:01000436)",2024-07-23 17:30:00,0.5922,"USA:California:Monterey Bay","FD43",NA,43,"20524c02_10c_eDNA",11.04,"GTACACACCGCCCGTC","TGATCCTTCTGCAGGTTCACCTAC","PTLO","c",33.6948,"Poretics","0.22um",-80,"environmental","20524c02_10c_eDNA_FD","NGS Illumina Miseq","MSU","ACACGAACAA",18,12.6933,2024,7,23,"MBTS 20524",10,"MiSeq","MBTS 20524 10"
"36","20524c02_09c_eDNA_FD",0.0324791713266077,-0.0321740377640508,0.0111487858898985,NA,"FD","20524c02_09c_eDNA_S44_L001_R1_001.fastq.gz","20524c02_09c_eDNA_S44_L001_R2_001.fastq.gz","Francisco Chavez",9,20524,"MBARI","RACHEL CARSON","ship",20.77,"MOORING 1",2,NA,0.5323,36.7477,-122.0225,25.8104,20,3.7582,"marine biome  (ENVO:00000447)","coastal water (ENVO:00001250)","waterborne particulate matter (ENVO:01000436)",2024-07-23 17:30:00,0.1837,"USA:California:Monterey Bay","FD44",NA,44,"20524c02_09c_eDNA",20.925,"GTACACACCGCCCGTC","TGATCCTTCTGCAGGTTCACCTAC","PTLO","c",33.7688,"Poretics","0.22um",-80,"environmental","20524c02_09c_eDNA_FD","NGS Illumina Miseq","MSU","GAACACTATC",18,11.0379,2024,7,23,"MBTS 20524",20,"MiSeq","MBTS 20524 20"
"37","20524c02_06c_eDNA_FD",-0.0068871528504514,0.00230767278822164,0.0130446562668459,NA,"FD","20524c02_06c_eDNA_S45_L001_R1_001.fastq.gz","20524c02_06c_eDNA_S45_L001_R2_001.fastq.gz","Francisco Chavez",6,20524,"MBARI","RACHEL CARSON","ship",60.98,"MOORING 1",2,NA,-0.0533,36.7477,-122.0225,26.1549,60,2.2115,"marine biome  (ENVO:00000447)","coastal water (ENVO:00001250)","waterborne particulate matter (ENVO:01000436)",2024-07-23 17:30:00,0.129,"USA:California:Monterey Bay","FD45",NA,45,"20524c02_06c_eDNA",61.442,"GTACACACCGCCCGTC","TGATCCTTCTGCAGGTTCACCTAC","PTLO","c",33.8968,"Poretics","0.22um",-80,"environmental","20524c02_06c_eDNA_FD","NGS Illumina Miseq","MSU","ACAATTGGTC",18,9.6213,2024,7,23,"MBTS 20524",60,"MiSeq","MBTS 20524 60"
"38","20524c02_03c_eDNA_FD",-0.0361631111897227,0.0253332053949469,0.0391276833583536,NA,"FD","20524c02_03c_eDNA_S46_L001_R1_001.fastq.gz","20524c02_03c_eDNA_S46_L001_R2_001.fastq.gz","Francisco Chavez",3,20524,"MBARI","RACHEL CARSON","ship",151.117,"MOORING 1",2,NA,-0.0525,36.7477,-122.0225,26.3877,150,1.5514,"marine biome  (ENVO:00000447)","coastal water (ENVO:00001250)","waterborne particulate matter (ENVO:01000436)",2024-07-23 17:30:00,0.1291,"USA:California:Monterey Bay","FD46",NA,46,"20524c02_03c_eDNA",152.295,"GTACACACCGCCCGTC","TGATCCTTCTGCAGGTTCACCTAC","PTLO","c",34.057,"Poretics","0.22um",-80,"environmental","20524c02_03c_eDNA_FD","NGS Illumina Miseq","MSU","CTTGGTTCGT",18,8.9659,2024,7,23,"MBTS 20524",150,"MiSeq","MBTS 20524 150"
"39","20524c01_12c_eDNA_FD",0.0894904519015681,-0.0109166857351066,0.0820082929137069,NA,"FD","20524c01_12c_eDNA_S47_L001_R1_001.fastq.gz","20524c01_12c_eDNA_S47_L001_R2_001.fastq.gz","Francisco Chavez",12,20524,"MBARI","RACHEL CARSON","ship",2.94,"C1",1,NA,2.8909,36.7985,-121.847,25.228,0,5.5433,"marine biome  (ENVO:00000447)","coastal water (ENVO:00001250)","waterborne particulate matter (ENVO:01000436)",2024-07-23 15:56:00,0.4039,"USA:California:Monterey Bay","FD47",NA,47,"20524c01_12c_eDNA",2.961,"GTACACACCGCCCGTC","TGATCCTTCTGCAGGTTCACCTAC","PTLO","c",33.7075,"Poretics","0.22um",-80,"environmental","20524c01_12c_eDNA_FD","NGS Illumina Miseq","MSU","GACCAAGCAT",18,13.8092,2024,7,23,"MBTS 20524",0,"MiSeq","MBTS 20524 0"
"40","20524c01_10c_eDNA_FD",0.0690743033437436,-0.0444657696183119,0.0672252330682011,NA,"FD","20524c01_10c_eDNA_S48_L001_R1_001.fastq.gz","20524c01_10c_eDNA_S48_L001_R2_001.fastq.gz","Francisco Chavez",10,20524,"MBARI","RACHEL CARSON","ship",10.743,"C1",1,NA,2.4874,36.7985,-121.847,25.4306,10,4.9831,"marine biome  (ENVO:00000447)","coastal water (ENVO:00001250)","waterborne particulate matter (ENVO:01000436)",2024-07-23 15:56:00,0.3663,"USA:California:Monterey Bay","FD48",NA,48,"20524c01_10c_eDNA",10.823,"GTACACACCGCCCGTC","TGATCCTTCTGCAGGTTCACCTAC","PTLO","c",33.7481,"Poretics","0.22um",-80,"environmental","20524c01_10c_eDNA_FD","NGS Illumina Miseq","MSU","TGTTACGGTT",18,12.9636,2024,7,23,"MBTS 20524",10,"MiSeq","MBTS 20524 10"
"41","20524c01_09c_eDNA_FD",0.0410991411667342,-0.0409820728630736,0.0312197304865622,NA,"FD","20524c01_09c_eDNA_S49_L001_R1_001.fastq.gz","20524c01_09c_eDNA_S49_L001_R2_001.fastq.gz","Francisco Chavez",9,20524,"MBARI","RACHEL CARSON","ship",21.056,"C1",1,NA,0.5195,36.7985,-121.847,25.908,20,3.6565,"marine biome  (ENVO:00000447)","coastal water (ENVO:00001250)","waterborne particulate matter (ENVO:01000436)",2024-07-23 15:56:00,0.1825,"USA:California:Monterey Bay","FD49",NA,49,"20524c01_09c_eDNA",21.214,"GTACACACCGCCCGTC","TGATCCTTCTGCAGGTTCACCTAC","PTLO","c",33.8585,"Poretics","0.22um",-80,"environmental","20524c01_09c_eDNA_FD","NGS Illumina Miseq","MSU","ATATAAGGCG",18,10.8825,2024,7,23,"MBTS 20524",20,"MiSeq","MBTS 20524 20"
"42","20524c01_06c_eDNA_FD",-0.0191500812316323,0.0499597913832995,0.0498684314013139,NA,"FD","20524c01_06c_eDNA_S50_L001_R1_001.fastq.gz","20524c01_06c_eDNA_S50_L001_R2_001.fastq.gz","Francisco Chavez",6,20524,"MBARI","RACHEL CARSON","ship",60.315,"C1",1,NA,0.0885,36.7985,-121.847,26.1061,60,2.5892,"marine biome  (ENVO:00000447)","coastal water (ENVO:00001250)","waterborne particulate matter (ENVO:01000436)",2024-07-23 15:56:00,0.1423,"USA:California:Monterey Bay","FD50",NA,50,"20524c01_06c_eDNA",60.772,"GTACACACCGCCCGTC","TGATCCTTCTGCAGGTTCACCTAC","PTLO","c",33.9089,"Poretics","0.22um",-80,"environmental","20524c01_06c_eDNA_FD","NGS Illumina Miseq","MSU","ACATTACTCG",18,9.971,2024,7,23,"MBTS 20524",60,"MiSeq","MBTS 20524 60"
"43","20524c01_03c_eDNA_FD",-0.0072083449513356,0.0509708147084146,0.103978634452472,NA,"FD","20524c01_03c_eDNA_S51_L001_R1_001.fastq.gz","20524c01_03c_eDNA_S51_L001_R2_001.fastq.gz","Francisco Chavez",3,20524,"MBARI","RACHEL CARSON","ship",150.809,"C1",1,NA,0.0375,36.7985,-121.847,26.3209,150,1.9228,"marine biome  (ENVO:00000447)","coastal water (ENVO:00001250)","waterborne particulate matter (ENVO:01000436)",2024-07-23 15:56:00,0.1375,"USA:California:Monterey Bay","FD51",NA,51,"20524c01_03c_eDNA",151.985,"GTACACACCGCCCGTC","TGATCCTTCTGCAGGTTCACCTAC","PTLO","c",34.0013,"Poretics","0.22um",-80,"environmental","20524c01_03c_eDNA_FD","NGS Illumina Miseq","MSU","CTCAGTCCGT",18,9.1118,2024,7,23,"MBTS 20524",150,"MiSeq","MBTS 20524 150"
"44","20524c03_10c_eDNA_FD",0.0691158221190328,-0.0441837476136977,0.0835531415301695,NA,"FD","20524c03_10c_eDNA_S53_L001_R1_001.fastq.gz","20524c03_10c_eDNA_S53_L001_R2_001.fastq.gz","Francisco Chavez",10,20524,"MBARI","RACHEL CARSON","ship",10.778,"MOORING 2",3,NA,3.3014,36.6982,-122.378,25.3853,10,5.9974,"marine biome  (ENVO:00000447)","coastal water (ENVO:00001250)","waterborne particulate matter (ENVO:01000436)",2024-07-23 20:06:00,0.4423,"USA:California:Monterey Bay","FD53",NA,53,"20524c03_10c_eDNA",10.859,"GTACACACCGCCCGTC","TGATCCTTCTGCAGGTTCACCTAC","PTLO","c",33.7419,"Poretics","0.22um",-80,"environmental","20524c03_10c_eDNA_FD","NGS Illumina Miseq","MSU","GTCACAGACA",18,13.167,2024,7,23,"MBTS 20524",10,"MiSeq","MBTS 20524 10"
"45","20524c03_09c_eDNA_FD",0.0697214565694775,-0.0426145357355754,0.0558900194348797,NA,"FD","20524c03_09c_eDNA_S54_L001_R1_001.fastq.gz","20524c03_09c_eDNA_S54_L001_R2_001.fastq.gz","Francisco Chavez",9,20524,"MBARI","RACHEL CARSON","ship",21.702,"MOORING 2",3,NA,1.5942,36.6982,-122.378,25.5046,20,5.0864,"marine biome  (ENVO:00000447)","coastal water (ENVO:00001250)","waterborne particulate matter (ENVO:01000436)",2024-07-23 20:06:00,0.2828,"USA:California:Monterey Bay","FD54",NA,54,"20524c03_09c_eDNA",21.864,"GTACACACCGCCCGTC","TGATCCTTCTGCAGGTTCACCTAC","PTLO","c",33.7287,"Poretics","0.22um",-80,"environmental","20524c03_09c_eDNA_FD","NGS Illumina Miseq","MSU","GACTTGCGTG",18,12.5109,2024,7,23,"MBTS 20524",20,"MiSeq","MBTS 20524 20"
"46","20524c03_06c_eDNA_FD",-0.00410115331873312,0.00568889321946547,0.0449171762241642,NA,"FD","20524c03_06c_eDNA_S55_L001_R1_001.fastq.gz","20524c03_06c_eDNA_S55_L001_R2_001.fastq.gz","Francisco Chavez",6,20524,"MBARI","RACHEL CARSON","ship",60.883,"MOORING 2",3,NA,-0.002,36.6982,-122.378,26.02,60,2.6047,"marine biome  (ENVO:00000447)","coastal water (ENVO:00001250)","waterborne particulate matter (ENVO:01000436)",2024-07-23 20:06:00,0.1338,"USA:California:Monterey Bay","FD55",NA,55,"20524c03_06c_eDNA",61.345,"GTACACACCGCCCGTC","TGATCCTTCTGCAGGTTCACCTAC","PTLO","c",33.813,"Poretics","0.22um",-80,"environmental","20524c03_06c_eDNA_FD","NGS Illumina Miseq","MSU","GCGAGTATCA",18,10.0372,2024,7,23,"MBTS 20524",60,"MiSeq","MBTS 20524 60"
"47","17024c03_09c_eDNA_FD",0.0776334344676448,0.0250148725063268,0.0233976618464748,NA,"FD","17024c03_09c_eDNA_S59_L001_R1_001.fastq.gz","17024c03_09c_eDNA_S59_L001_R2_001.fastq.gz","Francisco Chavez",9,17024,"MBARI","RACHEL CARSON","ship",22.058,"MOORING 2",3,NA,4.1052,36.6942,-122.3785,25.6959,20,5.3583,"marine biome  (ENVO:00000447)","coastal water (ENVO:00001250)","waterborne particulate matter (ENVO:01000436)",2024-06-18 19:25:00,0.5173,"USA:California:Monterey Bay","FD59",NA,59,"17024c03_09c_eDNA",22.223,"GTACACACCGCCCGTC","TGATCCTTCTGCAGGTTCACCTAC","PTLO","c",33.7405,"Poretics","0.22um",-80,"environmental","17024c03_09c_eDNA_FD","NGS Illumina Miseq","MSU","TATGACGGTG",18,11.5474,2024,6,18,"MBTS 17024",20,"MiSeq","MBTS 17024 20"
"48","17024c03_10c_eDNA_FD",0.0728380749973055,0.0263230906109289,0.0137435003602544,NA,"FD","17024c03_10c_eDNA_S60_L001_R1_001.fastq.gz","17024c03_10c_eDNA_S60_L001_R2_001.fastq.gz","Francisco Chavez",10,17024,"MBARI","RACHEL CARSON","ship",12.107,"MOORING 2",3,NA,4.3958,36.6942,-122.3785,25.6825,10,5.476,"marine biome  (ENVO:00000447)","coastal water (ENVO:00001250)","waterborne particulate matter (ENVO:01000436)",2024-06-18 19:25:00,0.5444,"USA:California:Monterey Bay","FD60",NA,60,"17024c03_10c_eDNA",12.197,"GTACACACCGCCCGTC","TGATCCTTCTGCAGGTTCACCTAC","PTLO","c",33.7404,"Poretics","0.22um",-80,"environmental","17024c03_10c_eDNA_FD","NGS Illumina Miseq","MSU","TGCGTGAGCA",18,11.6184,2024,6,18,"MBTS 17024",10,"MiSeq","MBTS 17024 10"
"49","17024c03_12c_eDNA_FD",0.0800264778754579,0.0261067650304849,0.0134823311517267,NA,"FD","17024c03_12c_eDNA_S61_L001_R1_001.fastq.gz","17024c03_12c_eDNA_S61_L001_R2_001.fastq.gz","Francisco Chavez",12,17024,"MBARI","RACHEL CARSON","ship",3.253,"MOORING 2",3,NA,1.5232,36.6942,-122.3785,25.6768,0,5.529,"marine biome  (ENVO:00000447)","coastal water (ENVO:00001250)","waterborne particulate matter (ENVO:01000436)",2024-06-18 19:25:00,0.2762,"USA:California:Monterey Bay","FD61",NA,61,"17024c03_12c_eDNA",3.277,"GTACACACCGCCCGTC","TGATCCTTCTGCAGGTTCACCTAC","PTLO","c",33.7401,"Poretics","0.22um",-80,"environmental","17024c03_12c_eDNA_FD","NGS Illumina Miseq","MSU","GCCAATGTTC",18,11.6465,2024,6,18,"MBTS 17024",0,"MiSeq","MBTS 17024 0"
"50","17024c02_03c_eDNA_FD",0.023733591553905,0.0775932504631554,0.115198024135597,NA,"FD","17024c02_03c_eDNA_S62_L001_R1_001.fastq.gz","17024c02_03c_eDNA_S62_L001_R2_001.fastq.gz","Francisco Chavez",3,17024,"MBARI","RACHEL CARSON","ship",151.895,"MOORING 1",2,NA,-0.0586,36.746,-122.0202,26.5569,150,1.3839,"marine biome  (ENVO:00000447)","coastal water (ENVO:00001250)","waterborne particulate matter (ENVO:01000436)",2024-06-18 16:32:00,0.1285,"USA:California:Monterey Bay","FD62",NA,62,"17024c02_03c_eDNA",153.079,"GTACACACCGCCCGTC","TGATCCTTCTGCAGGTTCACCTAC","PTLO","c",34.1188,"Poretics","0.22um",-80,"environmental","17024c02_03c_eDNA_FD","NGS Illumina Miseq","MSU","CTTCTCCAGC",18,8.1818,2024,6,18,"MBTS 17024",150,"MiSeq","MBTS 17024 150"
"51","17024c02_06c_eDNA_FD",0.00621164756975596,0.0299138209845434,0.0422548194074276,NA,"FD","17024c02_06c_eDNA_S63_L001_R1_001.fastq.gz","17024c02_06c_eDNA_S63_L001_R2_001.fastq.gz","Francisco Chavez",6,17024,"MBARI","RACHEL CARSON","ship",60.941,"MOORING 1",2,NA,0.0506,36.746,-122.0202,26.2623,60,2.1372,"marine biome  (ENVO:00000447)","coastal water (ENVO:00001250)","waterborne particulate matter (ENVO:01000436)",2024-06-18 16:32:00,0.1387,"USA:California:Monterey Bay","FD63",NA,63,"17024c02_06c_eDNA",61.403,"GTACACACCGCCCGTC","TGATCCTTCTGCAGGTTCACCTAC","PTLO","c",33.9574,"Poretics","0.22um",-80,"environmental","17024c02_06c_eDNA_FD","NGS Illumina Miseq","MSU","CTCTCGATAA",18,9.253,2024,6,18,"MBTS 17024",60,"MiSeq","MBTS 17024 60"
"52","17024c02_09c_eDNA_FD",0.0625404127144848,0.0120830775559665,0.0291229252979085,NA,"FD","17024c02_09c_eDNA_S64_L001_R1_001.fastq.gz","17024c02_09c_eDNA_S64_L001_R2_001.fastq.gz","Francisco Chavez",9,17024,"MBARI","RACHEL CARSON","ship",20.614,"MOORING 1",2,NA,0.9414,36.746,-122.0202,26.0365,20,3.612,"marine biome  (ENVO:00000447)","coastal water (ENVO:00001250)","waterborne particulate matter (ENVO:01000436)",2024-06-18 16:32:00,0.2219,"USA:California:Monterey Bay","FD64",NA,64,"17024c02_09c_eDNA",20.767,"GTACACACCGCCCGTC","TGATCCTTCTGCAGGTTCACCTAC","PTLO","c",33.8423,"Poretics","0.22um",-80,"environmental","17024c02_09c_eDNA_FD","NGS Illumina Miseq","MSU","CGGATCTACA",18,10.07,2024,6,18,"MBTS 17024",20,"MiSeq","MBTS 17024 20"
"53","17024c02_10c_eDNA_FD",0.0677478933132728,0.0188936845880734,0.0238811991844668,NA,"FD","17024c02_10c_eDNA_S65_L001_R1_001.fastq.gz","17024c02_10c_eDNA_S65_L001_R2_001.fastq.gz","Francisco Chavez",10,17024,"MBARI","RACHEL CARSON","ship",10.885,"MOORING 1",2,NA,0.8851,36.746,-122.0202,26.0181,10,3.7566,"marine biome  (ENVO:00000447)","coastal water (ENVO:00001250)","waterborne particulate matter (ENVO:01000436)",2024-06-18 16:32:00,0.2166,"USA:California:Monterey Bay","FD65",NA,65,"17024c02_10c_eDNA",10.966,"GTACACACCGCCCGTC","TGATCCTTCTGCAGGTTCACCTAC","PTLO","c",33.8387,"Poretics","0.22um",-80,"environmental","17024c02_10c_eDNA_FD","NGS Illumina Miseq","MSU","CTGGCATATT",18,10.1609,2024,6,18,"MBTS 17024",10,"MiSeq","MBTS 17024 10"
"54","17024c02_12c_eDNA_FD",0.0745341042527577,-0.0139394072558942,0.0110935887233603,NA,"FD","17024c02_12c_eDNA_S66_L001_R1_001.fastq.gz","17024c02_12c_eDNA_S66_L001_R2_001.fastq.gz","Francisco Chavez",12,17024,"MBARI","RACHEL CARSON","ship",3.006,"MOORING 1",2,NA,0.3006,36.746,-122.0202,25.7693,0,4.6399,"marine biome  (ENVO:00000447)","coastal water (ENVO:00001250)","waterborne particulate matter (ENVO:01000436)",2024-06-18 16:32:00,0.1621,"USA:California:Monterey Bay","FD66",NA,66,"17024c02_12c_eDNA",3.029,"GTACACACCGCCCGTC","TGATCCTTCTGCAGGTTCACCTAC","PTLO","c",33.7954,"Poretics","0.22um",-80,"environmental","17024c02_12c_eDNA_FD","NGS Illumina Miseq","MSU","TGCAAGTAGC",18,11.3775,2024,6,18,"MBTS 17024",0,"MiSeq","MBTS 17024 0"
"55","17024c01_03c_eDNA_FD",-0.0306696884980617,0.0581204588457748,0.0357065895602666,NA,"FD","17024c01_03c_eDNA_S67_L001_R1_001.fastq.gz","17024c01_03c_eDNA_S67_L001_R2_001.fastq.gz","Francisco Chavez",3,17024,"MBARI","RACHEL CARSON","ship",150.653,"C1",1,NA,0.0127,36.7982,-121.8468,26.5255,150,1.4072,"marine biome  (ENVO:00000447)","coastal water (ENVO:00001250)","waterborne particulate matter (ENVO:01000436)",2024-06-18 14:54:00,0.1352,"USA:California:Monterey Bay","FD67",32.027,67,"17024c01_03c_eDNA",151.829,"GTACACACCGCCCGTC","TGATCCTTCTGCAGGTTCACCTAC","PTLO","c",34.0735,"Poretics","0.22um",-80,"environmental","17024c01_03c_eDNA_FD","NGS Illumina Miseq","MSU","ACACAACTAC",18,8.1545,2024,6,18,"MBTS 17024",150,"MiSeq","MBTS 17024 150"
"56","17024c01_06c_eDNA_FD",-0.0246500649361681,0.0648335639773317,0.0231776859726253,NA,"FD","17024c01_06c_eDNA_S68_L001_R1_001.fastq.gz","17024c01_06c_eDNA_S68_L001_R2_001.fastq.gz","Francisco Chavez",6,17024,"MBARI","RACHEL CARSON","ship",59.956,"C1",1,NA,0.0823,36.7982,-121.8468,26.3147,60,1.8801,"marine biome  (ENVO:00000447)","coastal water (ENVO:00001250)","waterborne particulate matter (ENVO:01000436)",2024-06-18 14:54:00,0.1417,"USA:California:Monterey Bay","FD68",28.146,68,"17024c01_06c_eDNA",60.41,"GTACACACCGCCCGTC","TGATCCTTCTGCAGGTTCACCTAC","PTLO","c",33.9718,"Poretics","0.22um",-80,"environmental","17024c01_06c_eDNA_FD","NGS Illumina Miseq","MSU","TAGCACACTT",18,8.9956,2024,6,18,"MBTS 17024",60,"MiSeq","MBTS 17024 60"
"57","17024c01_09c_eDNA_FD",0.0441012049532433,0.0115673183483157,0.0174738570764993,NA,"FD","17024c01_09c_eDNA_S69_L001_R1_001.fastq.gz","17024c01_09c_eDNA_S69_L001_R2_001.fastq.gz","Francisco Chavez",9,17024,"MBARI","RACHEL CARSON","ship",21.251,"C1",1,NA,0.4341,36.7982,-121.8468,26.0151,20,3.2835,"marine biome  (ENVO:00000447)","coastal water (ENVO:00001250)","waterborne particulate matter (ENVO:01000436)",2024-06-18 14:54:00,0.1745,"USA:California:Monterey Bay","FD69",23.958,69,"17024c01_09c_eDNA",21.41,"GTACACACCGCCCGTC","TGATCCTTCTGCAGGTTCACCTAC","PTLO","c",33.8335,"Poretics","0.22um",-80,"environmental","17024c01_09c_eDNA_FD","NGS Illumina Miseq","MSU","TAGTGTTACG",18,10.1561,2024,6,18,"MBTS 17024",20,"MiSeq","MBTS 17024 20"
"58","17024c01_10c_eDNA_FD",0.0629946739625362,-0.00194742269001485,-0.0054355511689822,NA,"FD","17024c01_10c_eDNA_S70_L001_R1_001.fastq.gz","17024c01_10c_eDNA_S70_L001_R2_001.fastq.gz","Francisco Chavez",10,17024,"MBARI","RACHEL CARSON","ship",10.605,"C1",1,NA,0.6625,36.7982,-121.8468,25.8107,10,4.1077,"marine biome  (ENVO:00000447)","coastal water (ENVO:00001250)","waterborne particulate matter (ENVO:01000436)",2024-06-18 14:54:00,0.1959,"USA:California:Monterey Bay","FD70",22.198,70,"17024c01_10c_eDNA",10.684,"GTACACACCGCCCGTC","TGATCCTTCTGCAGGTTCACCTAC","PTLO","c",33.7882,"Poretics","0.22um",-80,"environmental","17024c01_10c_eDNA_FD","NGS Illumina Miseq","MSU","CGTACACTGG",18,11.1195,2024,6,18,"MBTS 17024",10,"MiSeq","MBTS 17024 10"
"59","17024c01_12c_eDNA_FD",0.0573794029691865,-0.0123463831796145,0.0686808482098363,NA,"FD","17024c01_12c_eDNA_S71_L001_R1_001.fastq.gz","17024c01_12c_eDNA_S71_L001_R2_001.fastq.gz","Francisco Chavez",12,17024,"MBARI","RACHEL CARSON","ship",2.744,"C1",1,NA,0.8344,36.7982,-121.8468,25.3231,0,6.3169,"marine biome  (ENVO:00000447)","coastal water (ENVO:00001250)","waterborne particulate matter (ENVO:01000436)",2024-06-18 14:54:00,0.2119,"USA:California:Monterey Bay","FD71",4.796,71,"17024c01_12c_eDNA",2.764,"GTACACACCGCCCGTC","TGATCCTTCTGCAGGTTCACCTAC","PTLO","c",33.7722,"Poretics","0.22um",-80,"environmental","17024c01_12c_eDNA_FD","NGS Illumina Miseq","MSU","AATACTGGCA",18,13.5893,2024,6,18,"MBTS 17024",0,"MiSeq","MBTS 17024 0"
"60","CN24F150mMV2_SC42_FD",-0.0374494173002026,-0.0514223277943301,0.0819221968473484,NA,"FD","CN24F150mMV2_SC42_S72_L001_R1_001.fastq.gz","CN24F150mMV2_SC42_S72_L001_R2_001.fastq.gz","Francisco Chavez",NA,NA,"MBARI",NA,NA,NA,NA,NA,NA,NA,NA,NA,NA,150,NA,"marine biome  (ENVO:00000447)","coastal water (ENVO:00001250)","waterborne particulate matter (ENVO:01000436)",NA,NA,"USA:California:Monterey Bay","FD72",NA,72,"CN24F150mMV2_SC42",NA,"GTACACACCGCCCGTC","TGATCCTTCTGCAGGTTCACCTAC",NA,NA,NA,"Poretics","0.22um",-80,"environmental","CN24F150mMV2_SC42_FD","NGS Illumina Miseq","MSU","CGGTAGAGTT",18,NA,NA,NA,NA,"CN24F 150m exp",150,"MiSeq","CN24F 150m exp 150"
"61","CN24F150mMV2_SC43_FD",-0.0389925872152542,-0.04709056772713,0.079028392592945,NA,"FD","CN24F150mMV2_SC43_S73_L001_R1_001.fastq.gz","CN24F150mMV2_SC43_S73_L001_R2_001.fastq.gz","Francisco Chavez",NA,NA,"MBARI",NA,NA,NA,NA,NA,NA,NA,NA,NA,NA,150,NA,"marine biome  (ENVO:00000447)","coastal water (ENVO:00001250)","waterborne particulate matter (ENVO:01000436)",NA,NA,"USA:California:Monterey Bay","FD73",NA,73,"CN24F150mMV2_SC43",NA,"GTACACACCGCCCGTC","TGATCCTTCTGCAGGTTCACCTAC",NA,NA,NA,"Poretics","0.22um",-80,"environmental","CN24F150mMV2_SC43_FD","NGS Illumina Miseq","MSU","CGTGACTCTA",18,NA,NA,NA,NA,"CN24F 150m exp",150,"MiSeq","CN24F 150m exp 150"
"62","CN24F150mMV2_SC44_FD",-0.043895842713507,-0.0430064753143304,0.0812905165751121,NA,"FD","CN24F150mMV2_SC44_S74_L001_R1_001.fastq.gz","CN24F150mMV2_SC44_S74_L001_R2_001.fastq.gz","Francisco Chavez",NA,NA,"MBARI",NA,NA,NA,NA,NA,NA,NA,NA,NA,NA,150,NA,"marine biome  (ENVO:00000447)","coastal water (ENVO:00001250)","waterborne particulate matter (ENVO:01000436)",NA,NA,"USA:California:Monterey Bay","FD74",NA,74,"CN24F150mMV2_SC44",NA,"GTACACACCGCCCGTC","TGATCCTTCTGCAGGTTCACCTAC",NA,NA,NA,"Poretics","0.22um",-80,"environmental","CN24F150mMV2_SC44_FD","NGS Illumina Miseq","MSU","CTTCAATAGC",18,NA,NA,NA,NA,"CN24F 150m exp",150,"MiSeq","CN24F 150m exp 150"
"63","CN24F150mMV2_SC45_FD",-0.0579200688445487,-0.0465584608815778,0.0930673954538067,NA,"FD","CN24F150mMV2_SC45_S75_L001_R1_001.fastq.gz","CN24F150mMV2_SC45_S75_L001_R2_001.fastq.gz","Francisco Chavez",NA,NA,"MBARI",NA,NA,NA,NA,NA,NA,NA,NA,NA,NA,150,NA,"marine biome  (ENVO:00000447)","coastal water (ENVO:00001250)","waterborne particulate matter (ENVO:01000436)",NA,NA,"USA:California:Monterey Bay","FD75",NA,75,"CN24F150mMV2_SC45",NA,"GTACACACCGCCCGTC","TGATCCTTCTGCAGGTTCACCTAC",NA,NA,NA,"Poretics","0.22um",-80,"environmental","CN24F150mMV2_SC45_FD","NGS Illumina Miseq","MSU","AAGGACTCAG",18,NA,NA,NA,NA,"CN24F 150m exp",150,"MiSeq","CN24F 150m exp 150"
"64","CN24F150mMV2_SC46_FD",-0.0523098470735515,-0.0516820504026355,0.0743517679577872,NA,"FD","CN24F150mMV2_SC46_S76_L001_R1_001.fastq.gz","CN24F150mMV2_SC46_S76_L001_R2_001.fastq.gz","Francisco Chavez",NA,NA,"MBARI",NA,NA,NA,NA,NA,NA,NA,NA,NA,NA,150,NA,"marine biome  (ENVO:00000447)","coastal water (ENVO:00001250)","waterborne particulate matter (ENVO:01000436)",NA,NA,"USA:California:Monterey Bay","FD76",NA,76,"CN24F150mMV2_SC46",NA,"GTACACACCGCCCGTC","TGATCCTTCTGCAGGTTCACCTAC",NA,NA,NA,"Poretics","0.22um",-80,"environmental","CN24F150mMV2_SC46_FD","NGS Illumina Miseq","MSU","CAGACGATGA",18,NA,NA,NA,NA,"CN24F 150m exp",150,"MiSeq","CN24F 150m exp 150"
"65","CN24F150mMV2_SC47_FD",-0.015412112495359,-0.0314563701782906,0.0771986835021422,NA,"FD","CN24F150mMV2_SC47_S77_L001_R1_001.fastq.gz","CN24F150mMV2_SC47_S77_L001_R2_001.fastq.gz","Francisco Chavez",NA,NA,"MBARI",NA,NA,NA,NA,NA,NA,NA,NA,NA,NA,150,NA,"marine biome  (ENVO:00000447)","coastal water (ENVO:00001250)","waterborne particulate matter (ENVO:01000436)",NA,NA,"USA:California:Monterey Bay","FD77",NA,77,"CN24F150mMV2_SC47",NA,"GTACACACCGCCCGTC","TGATCCTTCTGCAGGTTCACCTAC",NA,NA,NA,"Poretics","0.22um",-80,"environmental","CN24F150mMV2_SC47_FD","NGS Illumina Miseq","MSU","TTGGAAGTAC",18,NA,NA,NA,NA,"CN24F 150m exp",150,"MiSeq","CN24F 150m exp 150"
"66","CN24F150mMV2_SC48_FD",-0.0287177313479481,-0.0265764254093518,0.0783902600258198,NA,"FD","CN24F150mMV2_SC48_S78_L001_R1_001.fastq.gz","CN24F150mMV2_SC48_S78_L001_R2_001.fastq.gz","Francisco Chavez",NA,NA,"MBARI",NA,NA,NA,NA,NA,NA,NA,NA,NA,NA,150,NA,"marine biome  (ENVO:00000447)","coastal water (ENVO:00001250)","waterborne particulate matter (ENVO:01000436)",NA,NA,"USA:California:Monterey Bay","FD78",NA,78,"CN24F150mMV2_SC48",NA,"GTACACACCGCCCGTC","TGATCCTTCTGCAGGTTCACCTAC",NA,NA,NA,"Poretics","0.22um",-80,"environmental","CN24F150mMV2_SC48_FD","NGS Illumina Miseq","MSU","TCGCATCAAC",18,NA,NA,NA,NA,"CN24F 150m exp",150,"MiSeq","CN24F 150m exp 150"
"67","CN24F150mMV2_SC49_FD",-0.03521438290299,-0.0399012315947153,0.0871507642533681,NA,"FD","CN24F150mMV2_SC49_S79_L001_R1_001.fastq.gz","CN24F150mMV2_SC49_S79_L001_R2_001.fastq.gz","Francisco Chavez",NA,NA,"MBARI",NA,NA,NA,NA,NA,NA,NA,NA,NA,NA,150,NA,"marine biome  (ENVO:00000447)","coastal water (ENVO:00001250)","waterborne particulate matter (ENVO:01000436)",NA,NA,"USA:California:Monterey Bay","FD79",NA,79,"CN24F150mMV2_SC49",NA,"GTACACACCGCCCGTC","TGATCCTTCTGCAGGTTCACCTAC",NA,NA,NA,"Poretics","0.22um",-80,"environmental","CN24F150mMV2_SC49_FD","NGS Illumina Miseq","MSU","TATGCAACTC",18,NA,NA,NA,NA,"CN24F 150m exp",150,"MiSeq","CN24F 150m exp 150"
"68","CN24F150mMV2_SC50_FD",-0.0307920853249681,-0.0421042181831088,0.074976330524311,NA,"FD","CN24F150mMV2_SC50_S80_L001_R1_001.fastq.gz","CN24F150mMV2_SC50_S80_L001_R2_001.fastq.gz","Francisco Chavez",NA,NA,"MBARI",NA,NA,NA,NA,NA,NA,NA,NA,NA,NA,150,NA,"marine biome  (ENVO:00000447)","coastal water (ENVO:00001250)","waterborne particulate matter (ENVO:01000436)",NA,NA,"USA:California:Monterey Bay","FD80",NA,80,"CN24F150mMV2_SC50",NA,"GTACACACCGCCCGTC","TGATCCTTCTGCAGGTTCACCTAC",NA,NA,NA,"Poretics","0.22um",-80,"environmental","CN24F150mMV2_SC50_FD","NGS Illumina Miseq","MSU","GAATGTCACG",18,NA,NA,NA,NA,"CN24F 150m exp",150,"MiSeq","CN24F 150m exp 150"
"69","CN24F150mMV2_SC51_FD",-0.0452577695365744,-0.0500532583537594,0.0834391066230139,NA,"FD","CN24F150mMV2_SC51_S81_L001_R1_001.fastq.gz","CN24F150mMV2_SC51_S81_L001_R2_001.fastq.gz","Francisco Chavez",NA,NA,"MBARI",NA,NA,NA,NA,NA,NA,NA,NA,NA,NA,150,NA,"marine biome  (ENVO:00000447)","coastal water (ENVO:00001250)","waterborne particulate matter (ENVO:01000436)",NA,NA,"USA:California:Monterey Bay","FD81",NA,81,"CN24F150mMV2_SC51",NA,"GTACACACCGCCCGTC","TGATCCTTCTGCAGGTTCACCTAC",NA,NA,NA,"Poretics","0.22um",-80,"environmental","CN24F150mMV2_SC51_FD","NGS Illumina Miseq","MSU","GACCTGTTAA",18,NA,NA,NA,NA,"CN24F 150m exp",150,"MiSeq","CN24F 150m exp 150"
"70","CN24F150mMV2_SC52_FD",-0.016355912969113,-0.0307790014662789,0.0792651086023768,NA,"FD","CN24F150mMV2_SC52_S82_L001_R1_001.fastq.gz","CN24F150mMV2_SC52_S82_L001_R2_001.fastq.gz","Francisco Chavez",NA,NA,"MBARI",NA,NA,NA,NA,NA,NA,NA,NA,NA,NA,150,NA,"marine biome  (ENVO:00000447)","coastal water (ENVO:00001250)","waterborne particulate matter (ENVO:01000436)",NA,NA,"USA:California:Monterey Bay","FD82",NA,82,"CN24F150mMV2_SC52",NA,"GTACACACCGCCCGTC","TGATCCTTCTGCAGGTTCACCTAC",NA,NA,NA,"Poretics","0.22um",-80,"environmental","CN24F150mMV2_SC52_FD","NGS Illumina Miseq","MSU","CGGATGCTGA",18,NA,NA,NA,NA,"CN24F 150m exp",150,"MiSeq","CN24F 150m exp 150"
"71","CN24F150mMV2_SC53_FD",-0.0460155239388953,-0.0395427510991116,0.0712549407266252,NA,"FD","CN24F150mMV2_SC53_S83_L001_R1_001.fastq.gz","CN24F150mMV2_SC53_S83_L001_R2_001.fastq.gz","Francisco Chavez",NA,NA,"MBARI",NA,NA,NA,NA,NA,NA,NA,NA,NA,NA,150,NA,"marine biome  (ENVO:00000447)","coastal water (ENVO:00001250)","waterborne particulate matter (ENVO:01000436)",NA,NA,"USA:California:Monterey Bay","FD83",NA,83,"CN24F150mMV2_SC53",NA,"GTACACACCGCCCGTC","TGATCCTTCTGCAGGTTCACCTAC",NA,NA,NA,"Poretics","0.22um",-80,"environmental","CN24F150mMV2_SC53_FD","NGS Illumina Miseq","MSU","GCAACTGTGA",18,NA,NA,NA,NA,"CN24F 150m exp",150,"MiSeq","CN24F 150m exp 150"
"72","CN24F150mMV2_SC54_FD",-0.025569973130884,-0.0456666063161583,0.0849250993262655,NA,"FD","CN24F150mMV2_SC54_S84_L001_R1_001.fastq.gz","CN24F150mMV2_SC54_S84_L001_R2_001.fastq.gz","Francisco Chavez",NA,NA,"MBARI",NA,NA,NA,NA,NA,NA,NA,NA,NA,NA,150,NA,"marine biome  (ENVO:00000447)","coastal water (ENVO:00001250)","waterborne particulate matter (ENVO:01000436)",NA,NA,"USA:California:Monterey Bay","FD84",NA,84,"CN24F150mMV2_SC54",NA,"GTACACACCGCCCGTC","TGATCCTTCTGCAGGTTCACCTAC",NA,NA,NA,"Poretics","0.22um",-80,"environmental","CN24F150mMV2_SC54_FD","NGS Illumina Miseq","MSU","CGGAGCATCT",18,NA,NA,NA,NA,"CN24F 150m exp",150,"MiSeq","CN24F 150m exp 150"
"73","CN24F150mMV2_SC55_FD",-0.041652325045535,-0.0327791885065658,0.108344325859035,NA,"FD","CN24F150mMV2_SC55_S85_L001_R1_001.fastq.gz","CN24F150mMV2_SC55_S85_L001_R2_001.fastq.gz","Francisco Chavez",NA,NA,"MBARI",NA,NA,NA,NA,NA,NA,NA,NA,NA,NA,150,NA,"marine biome  (ENVO:00000447)","coastal water (ENVO:00001250)","waterborne particulate matter (ENVO:01000436)",NA,NA,"USA:California:Monterey Bay","FD85",NA,85,"CN24F150mMV2_SC55",NA,"GTACACACCGCCCGTC","TGATCCTTCTGCAGGTTCACCTAC",NA,NA,NA,"Poretics","0.22um",-80,"environmental","CN24F150mMV2_SC55_FD","NGS Illumina Miseq","MSU","AAGACGCTAA",18,NA,NA,NA,NA,"CN24F 150m exp",150,"MiSeq","CN24F 150m exp 150"
"74","CN24F150mMV2_SC56_FD",-0.0467955649539359,-0.0559545241446183,0.0626253939208876,NA,"FD","CN24F150mMV2_SC56_S86_L001_R1_001.fastq.gz","CN24F150mMV2_SC56_S86_L001_R2_001.fastq.gz","Francisco Chavez",NA,NA,"MBARI",NA,NA,NA,NA,NA,NA,NA,NA,NA,NA,150,NA,"marine biome  (ENVO:00000447)","coastal water (ENVO:00001250)","waterborne particulate matter (ENVO:01000436)",NA,NA,"USA:California:Monterey Bay","FD86",NA,86,"CN24F150mMV2_SC56",NA,"GTACACACCGCCCGTC","TGATCCTTCTGCAGGTTCACCTAC",NA,NA,NA,"Poretics","0.22um",-80,"environmental","CN24F150mMV2_SC56_FD","NGS Illumina Miseq","MSU","ATAACAAGCG",18,NA,NA,NA,NA,"CN24F 150m exp",150,"MiSeq","CN24F 150m exp 150"
"75","CN24F150mMV2_SC57_FD",-0.0416197945216987,-0.0325999835465373,0.101407759675365,NA,"FD","CN24F150mMV2_SC57_S87_L001_R1_001.fastq.gz","CN24F150mMV2_SC57_S87_L001_R2_001.fastq.gz","Francisco Chavez",NA,NA,"MBARI",NA,NA,NA,NA,NA,NA,NA,NA,NA,NA,150,NA,"marine biome  (ENVO:00000447)","coastal water (ENVO:00001250)","waterborne particulate matter (ENVO:01000436)",NA,NA,"USA:California:Monterey Bay","FD87",NA,87,"CN24F150mMV2_SC57",NA,"GTACACACCGCCCGTC","TGATCCTTCTGCAGGTTCACCTAC",NA,NA,NA,"Poretics","0.22um",-80,"environmental","CN24F150mMV2_SC57_FD","NGS Illumina Miseq","MSU","ATGCTAGTGT",18,NA,NA,NA,NA,"CN24F 150m exp",150,"MiSeq","CN24F 150m exp 150"
"76","CN24F150mMV2_SC58_FD",-0.0363051578154342,-0.0492878929406157,0.0767955843740312,NA,"FD","CN24F150mMV2_SC58_S88_L001_R1_001.fastq.gz","CN24F150mMV2_SC58_S88_L001_R2_001.fastq.gz","Francisco Chavez",NA,NA,"MBARI",NA,NA,NA,NA,NA,NA,NA,NA,NA,NA,150,NA,"marine biome  (ENVO:00000447)","coastal water (ENVO:00001250)","waterborne particulate matter (ENVO:01000436)",NA,NA,"USA:California:Monterey Bay","FD88",NA,88,"CN24F150mMV2_SC58",NA,"GTACACACCGCCCGTC","TGATCCTTCTGCAGGTTCACCTAC",NA,NA,NA,"Poretics","0.22um",-80,"environmental","CN24F150mMV2_SC58_FD","NGS Illumina Miseq","MSU","CCTGGTACAG",18,NA,NA,NA,NA,"CN24F 150m exp",150,"MiSeq","CN24F 150m exp 150"
"77","CN24F150mMV2_SC59_FD",-0.05007220489045,-0.0446009636947937,0.0878260046560405,NA,"FD","CN24F150mMV2_SC59_S89_L001_R1_001.fastq.gz","CN24F150mMV2_SC59_S89_L001_R2_001.fastq.gz","Francisco Chavez",NA,NA,"MBARI",NA,NA,NA,NA,NA,NA,NA,NA,NA,NA,150,NA,"marine biome  (ENVO:00000447)","coastal water (ENVO:00001250)","waterborne particulate matter (ENVO:01000436)",NA,NA,"USA:California:Monterey Bay","FD89",NA,89,"CN24F150mMV2_SC59",NA,"GTACACACCGCCCGTC","TGATCCTTCTGCAGGTTCACCTAC",NA,NA,NA,"Poretics","0.22um",-80,"environmental","CN24F150mMV2_SC59_FD","NGS Illumina Miseq","MSU","TGGCTCATGT",18,NA,NA,NA,NA,"CN24F 150m exp",150,"MiSeq","CN24F 150m exp 150"
"78","14223c01_10c_eDNA_FK",0.0513634310804492,-0.0377170111817007,-0.0309236689638743,NA,"FK","14223c01_10c_eDNA_L1_R1.fastq.gz","14223c01_10c_eDNA_L1_R2.fastq.gz","Francisco Chavez",10,14223,"MBARI","Rachel Carson","ship",21.024,"MARS",1,NA,1.7658,36.711,-122.196,25.1101,20,6.0492,"marine biome  (ENVO:00000447)","coastal water (ENVO:00001250)","waterborne particulate matter (ENVO:01000436)",2023-05-22 17:53:00,0.2989,"USA:California:Monterey Bay","FK4",7.481,4,"14223c01_10c_eDNA",21.181,"GTACACACCGCCCGTC","TGATCCTTCTGCAGGTTCACCTAC","Cannon","c",33.2522,"Poretics","0.22um",-80,"environmental","14223c01_10c_eDNA_FK","AVITI 2x150 bp low output flow cell","MSU",NA,18,12.6401,2023,5,22,"CN23S MARS",20,"AVITI","CN23S MARS 20"
"79","14223c01_09c_eDNA_FK",-0.0608670462032942,0.0112076705893788,-0.037476115691487,NA,"FK","14223c01_09c_eDNA_L1_R1.fastq.gz","14223c01_09c_eDNA_L1_R2.fastq.gz","Francisco Chavez",9,14223,"MBARI","Rachel Carson","ship",61.34,"MARS",1,NA,0.0674,36.711,-122.196,26.0385,60,3.4987,"marine biome  (ENVO:00000447)","coastal water (ENVO:00001250)","waterborne particulate matter (ENVO:01000436)",2023-05-22 17:53:00,0.1403,"USA:California:Monterey Bay","FK6",25.001,6,"14223c01_09c_eDNA",61.805,"GTACACACCGCCCGTC","TGATCCTTCTGCAGGTTCACCTAC","Cannon","c",33.8392,"Poretics","0.22um",-80,"environmental","14223c01_09c_eDNA_FK","AVITI 2x150 bp low output flow cell","MSU",NA,18,10.0487,2023,5,22,"CN23S MARS",60,"AVITI","CN23S MARS 60"
"80","14223c01_02c_eDNA_FK",0.0415382632986035,0.191373094480099,-0.0096239078704976,NA,"FK","14223c01_02c_eDNA_L1_R1.fastq.gz","14223c01_02c_eDNA_L1_R2.fastq.gz","Francisco Chavez",2,14223,"MBARI","Rachel Carson","ship",601.895,"MARS",1,NA,-0.1048,36.711,-122.196,26.9458,600,0.3844,"marine biome  (ENVO:00000447)","coastal water (ENVO:00001250)","waterborne particulate matter (ENVO:01000436)",2023-05-22 17:53:00,0.1242,"USA:California:Monterey Bay","FK7",43.736,7,"14223c01_02c_eDNA",607.252,"GTACACACCGCCCGTC","TGATCCTTCTGCAGGTTCACCTAC","Cannon","c",34.2505,"Poretics","0.22um",-80,"environmental","14223c01_02c_eDNA_FK","AVITI 2x150 bp low output flow cell","MSU",NA,18,6.1689,2023,5,22,"CN23S MARS",600,"AVITI","CN23S MARS 600"
"81","14223c01_03c_eDNA_FK",0.0502977354730635,0.192645763346278,-0.00328821350541796,NA,"FK","14223c01_03c_eDNA_L1_R1.fastq.gz","14223c01_03c_eDNA_L1_R2.fastq.gz","Francisco Chavez",3,14223,"MBARI","Rachel Carson","ship",500.926,"MARS",1,NA,-0.112,36.711,-122.196,26.8855,500,0.504,"marine biome  (ENVO:00000447)","coastal water (ENVO:00001250)","waterborne particulate matter (ENVO:01000436)",2023-05-22 17:53:00,0.1235,"USA:California:Monterey Bay","FK9",35.907,9,"14223c01_03c_eDNA",505.26,"GTACACACCGCCCGTC","TGATCCTTCTGCAGGTTCACCTAC","Cannon","c",34.2243,"Poretics","0.22um",-80,"environmental","14223c01_03c_eDNA_FK","AVITI 2x150 bp low output flow cell","MSU",NA,18,6.4669,2023,5,22,"CN23S MARS",500,"AVITI","CN23S MARS 500"
"82","14223c01_12c_eDNA_FK",0.0633152633645453,-0.0306928356663892,-0.00339778404589903,NA,"FK","14223c01_12c_eDNA_L1_R1.fastq.gz","14223c01_12c_eDNA_L1_R2.fastq.gz","Francisco Chavez",12,14223,"MBARI","Rachel Carson","ship",3.112,"MARS",1,NA,1.1456,36.711,-122.196,25.0996,0,6.0942,"marine biome  (ENVO:00000447)","coastal water (ENVO:00001250)","waterborne particulate matter (ENVO:01000436)",2023-05-22 17:53:00,0.241,"USA:California:Monterey Bay","FK10",6.645,10,"14223c01_12c_eDNA",3.135,"GTACACACCGCCCGTC","TGATCCTTCTGCAGGTTCACCTAC","Cannon","c",33.2531,"Poretics","0.22um",-80,"environmental","14223c01_12c_eDNA_FK","AVITI 2x150 bp low output flow cell","MSU",NA,18,12.6957,2023,5,22,"CN23S MARS",0,"AVITI","CN23S MARS 0"
"83","14223c01_08c_eDNA_FK",-0.0502313667597476,0.0831033027495609,-0.108097025120137,NA,"FK","14223c01_08c_eDNA_L1_R1.fastq.gz","14223c01_08c_eDNA_L1_R2.fastq.gz","Francisco Chavez",8,14223,"MBARI","Rachel Carson","ship",101.114,"MARS",1,NA,-0.0212,36.711,-122.196,26.2686,100,2.4491,"marine biome  (ENVO:00000447)","coastal water (ENVO:00001250)","waterborne particulate matter (ENVO:01000436)",2023-05-22 17:53:00,0.132,"USA:California:Monterey Bay","FK11",23.505,11,"14223c01_08c_eDNA",101.89,"GTACACACCGCCCGTC","TGATCCTTCTGCAGGTTCACCTAC","Cannon","c",33.9602,"Poretics","0.22um",-80,"environmental","14223c01_08c_eDNA_FK","AVITI 2x150 bp low output flow cell","MSU",NA,18,9.2321,2023,5,22,"CN23S MARS",100,"AVITI","CN23S MARS 100"
"84","25424c01_12c_eDNA_FK",0.0978552773894307,-0.0351235585267886,-0.0473476846882172,NA,"FK","25424c01_12c_eDNA_L1_R1.fastq.gz","25424c01_12c_eDNA_L1_R2.fastq.gz","Francisco Chavez",12,25424,"MBARI","Rachel Carson","ship",3.072,"c1",1,NA,3.3251,36.7975,-121.8475,25.0484,0,5.8805,"marine biome  (ENVO:00000447)","coastal water (ENVO:00001250)","waterborne particulate matter (ENVO:01000436)",2024-09-10 14:48:00,0.4445,"USA:California:Monterey Bay","FK12",NA,12,"25424c01_12c_eDNA",3.094,"GTACACACCGCCCGTC","TGATCCTTCTGCAGGTTCACCTAC","PTLO","c",33.8047,"Poretics","0.22um",-80,"environmental","25424c01_12c_eDNA_FK","AVITI 2x150 bp low output flow cell","MSU",NA,18,15.01,2024,9,10,"MBTS 25424",0,"AVITI","MBTS 25424 0"
"85","25424c01_10c_eDNA_FK",0.00644011288776937,-0.0886824122283224,-0.0604795413844217,NA,"FK","25424c01_10c_eDNA_L1_R1.fastq.gz","25424c01_10c_eDNA_L1_R2.fastq.gz","Francisco Chavez",10,25424,"MBARI","Rachel Carson","ship",10.238,"c1",1,NA,0.7041,36.7975,-121.8475,25.6966,10,3.9941,"marine biome  (ENVO:00000447)","coastal water (ENVO:00001250)","waterborne particulate matter (ENVO:01000436)",2024-09-10 14:48:00,0.1997,"USA:California:Monterey Bay","FK13",NA,13,"25424c01_10c_eDNA",10.314,"GTACACACCGCCCGTC","TGATCCTTCTGCAGGTTCACCTAC","PTLO","c",33.8077,"Poretics","0.22um",-80,"environmental","25424c01_10c_eDNA_FK","AVITI 2x150 bp low output flow cell","MSU",NA,18,11.8235,2024,9,10,"MBTS 25424",10,"AVITI","MBTS 25424 10"
"86","25424c01_09c_eDNA_FK",-0.00927009509660213,-0.080391724859045,-0.0264157313742532,NA,"FK","25424c01_09c_eDNA_L1_R1.fastq.gz","25424c01_09c_eDNA_L1_R2.fastq.gz","Francisco Chavez",9,25424,"MBARI","Rachel Carson","ship",20.421,"c1",1,NA,0.4298,36.7975,-121.8475,25.8362,20,3.4435,"marine biome  (ENVO:00000447)","coastal water (ENVO:00001250)","waterborne particulate matter (ENVO:01000436)",2024-09-10 14:48:00,0.1741,"USA:California:Monterey Bay","FK14",NA,14,"25424c01_09c_eDNA",20.574,"GTACACACCGCCCGTC","TGATCCTTCTGCAGGTTCACCTAC","PTLO","c",33.8352,"Poretics","0.22um",-80,"environmental","25424c01_09c_eDNA_FK","AVITI 2x150 bp low output flow cell","MSU",NA,18,11.1818,2024,9,10,"MBTS 25424",20,"AVITI","MBTS 25424 20"
"87","25424c01_06c_eDNA_FK",-0.0872807222502557,-0.0227756787820698,-0.0580928419625252,NA,"FK","25424c01_06c_eDNA_L1_R1.fastq.gz","25424c01_06c_eDNA_L1_R2.fastq.gz","Francisco Chavez",6,25424,"MBARI","Rachel Carson","ship",59.967,"c1",1,NA,0.0431,36.7975,-121.8475,26.0666,60,2.0678,"marine biome  (ENVO:00000447)","coastal water (ENVO:00001250)","waterborne particulate matter (ENVO:01000436)",2024-09-10 14:48:00,0.138,"USA:California:Monterey Bay","FK15",NA,15,"25424c01_06c_eDNA",60.422,"GTACACACCGCCCGTC","TGATCCTTCTGCAGGTTCACCTAC","PTLO","c",33.918,"Poretics","0.22um",-80,"environmental","25424c01_06c_eDNA_FK","AVITI 2x150 bp low output flow cell","MSU",NA,18,10.2451,2024,9,10,"MBTS 25424",60,"AVITI","MBTS 25424 60"
"88","25424c01_03c_eDNA_FK",-0.107195244091463,0.0294115641228978,-0.0643460650719006,NA,"FK","25424c01_03c_eDNA_L1_R1.fastq.gz","25424c01_03c_eDNA_L1_R2.fastq.gz","Francisco Chavez",3,25424,"MBARI","Rachel Carson","ship",149.061,"c1",1,NA,0.0169,36.7975,-121.8475,26.3645,150,1.1609,"marine biome  (ENVO:00000447)","coastal water (ENVO:00001250)","waterborne particulate matter (ENVO:01000436)",2024-09-10 14:48:00,0.1356,"USA:California:Monterey Bay","FK16",NA,16,"25424c01_03c_eDNA",150.223,"GTACACACCGCCCGTC","TGATCCTTCTGCAGGTTCACCTAC","PTLO","c",34.047,"Poretics","0.22um",-80,"environmental","25424c01_03c_eDNA_FK","AVITI 2x150 bp low output flow cell","MSU",NA,18,9.062,2024,9,10,"MBTS 25424",150,"AVITI","MBTS 25424 150"
"89","25424c02_12c_eDNA_FK",0.100913064958573,-0.0551503763419775,-0.0476149377330043,NA,"FK","25424c02_12c_eDNA_L1_R1.fastq.gz","25424c02_12c_eDNA_L1_R2.fastq.gz","Francisco Chavez",12,25424,"MBARI","Rachel Carson","ship",3.087,"Mooring1",2,NA,3.2152,36.7465,-122.0202,25.1026,0,5.9011,"marine biome  (ENVO:00000447)","coastal water (ENVO:00001250)","waterborne particulate matter (ENVO:01000436)",2024-09-10 16:26:00,0.4342,"USA:California:Monterey Bay","FK17",NA,17,"25424c02_12c_eDNA",3.11,"GTACACACCGCCCGTC","TGATCCTTCTGCAGGTTCACCTAC","PTLO","c",33.7859,"Poretics","0.22um",-80,"environmental","25424c02_12c_eDNA_FK","AVITI 2x150 bp low output flow cell","MSU",NA,18,14.6922,2024,9,10,"MBTS 25424",0,"AVITI","MBTS 25424 0"
"90","25424c02_10c_eDNA_FK",0.0758100435462042,-0.067287924483168,-0.0553443457962741,NA,"FK","25424c02_10c_eDNA_L1_R1.fastq.gz","25424c02_10c_eDNA_L1_R2.fastq.gz","Francisco Chavez",10,25424,"MBARI","Rachel Carson","ship",10.18,"Mooring1",2,NA,4.1594,36.7465,-122.0202,25.22,10,5.6191,"marine biome  (ENVO:00000447)","coastal water (ENVO:00001250)","waterborne particulate matter (ENVO:01000436)",2024-09-10 16:26:00,0.5224,"USA:California:Monterey Bay","FK18",NA,18,"25424c02_10c_eDNA",10.255,"GTACACACCGCCCGTC","TGATCCTTCTGCAGGTTCACCTAC","PTLO","c",33.7692,"Poretics","0.22um",-80,"environmental","25424c02_10c_eDNA_FK","AVITI 2x150 bp low output flow cell","MSU",NA,18,14.0783,2024,9,10,"MBTS 25424",10,"AVITI","MBTS 25424 10"
"91","25424c02_09c_eDNA_FK",0.0299501621149347,-0.0813936001018615,-0.070113224009112,NA,"FK","25424c02_09c_eDNA_L1_R1.fastq.gz","25424c02_09c_eDNA_L1_R2.fastq.gz","Francisco Chavez",9,25424,"MBARI","Rachel Carson","ship",20.181,"Mooring1",2,NA,1.6478,36.7465,-122.0202,25.6007,20,4.0424,"marine biome  (ENVO:00000447)","coastal water (ENVO:00001250)","waterborne particulate matter (ENVO:01000436)",2024-09-10 16:26:00,0.2879,"USA:California:Monterey Bay","FK19",NA,19,"25424c02_09c_eDNA",20.332,"GTACACACCGCCCGTC","TGATCCTTCTGCAGGTTCACCTAC","PTLO","c",33.758,"Poretics","0.22um",-80,"environmental","25424c02_09c_eDNA_FK","AVITI 2x150 bp low output flow cell","MSU",NA,18,12.1278,2024,9,10,"MBTS 25424",20,"AVITI","MBTS 25424 20"
"92","25424c02_06c_eDNA_FK",-0.103973489454362,0.00957509724154117,-0.051277488506717,NA,"FK","25424c02_06c_eDNA_L1_R1.fastq.gz","25424c02_06c_eDNA_L1_R2.fastq.gz","Francisco Chavez",6,25424,"MBARI","Rachel Carson","ship",60.456,"Mooring1",2,NA,-0.0074,36.7465,-122.0202,26.0483,60,2.187,"marine biome  (ENVO:00000447)","coastal water (ENVO:00001250)","waterborne particulate matter (ENVO:01000436)",2024-09-10 16:26:00,0.1333,"USA:California:Monterey Bay","FK20",NA,20,"25424c02_06c_eDNA",60.914,"GTACACACCGCCCGTC","TGATCCTTCTGCAGGTTCACCTAC","PTLO","c",33.8969,"Poretics","0.22um",-80,"environmental","25424c02_06c_eDNA_FK","AVITI 2x150 bp low output flow cell","MSU",NA,18,10.2553,2024,9,10,"MBTS 25424",60,"AVITI","MBTS 25424 60"
"93","25424c02_03c_eDNA_FK",-0.0825001205126373,0.134502777345778,-0.0577594357733373,NA,"FK","25424c02_03c_eDNA_L1_R1.fastq.gz","25424c02_03c_eDNA_L1_R2.fastq.gz","Francisco Chavez",3,25424,"MBARI","Rachel Carson","ship",150.486,"Mooring1",2,NA,-0.0498,36.7465,-122.0202,26.2959,150,1.4903,"marine biome  (ENVO:00000447)","coastal water (ENVO:00001250)","waterborne particulate matter (ENVO:01000436)",2024-09-10 16:26:00,0.1293,"USA:California:Monterey Bay","FK21",NA,21,"25424c02_03c_eDNA",151.659,"GTACACACCGCCCGTC","TGATCCTTCTGCAGGTTCACCTAC","PTLO","c",34.0379,"Poretics","0.22um",-80,"environmental","25424c02_03c_eDNA_FK","AVITI 2x150 bp low output flow cell","MSU",NA,18,9.4442,2024,9,10,"MBTS 25424",150,"AVITI","MBTS 25424 150"
"94","25424c03_12c_eDNA_FK",0.110824044944073,-0.0768956441167235,-0.0674659831746041,NA,"FK","25424c03_12c_eDNA_L1_R1.fastq.gz","25424c03_12c_eDNA_L1_R2.fastq.gz","Francisco Chavez",12,25424,"MBARI","Rachel Carson","ship",2.626,"Mooring2",3,NA,4.8098,36.695,-122.3813,25.1923,0,6.5254,"marine biome  (ENVO:00000447)","coastal water (ENVO:00001250)","waterborne particulate matter (ENVO:01000436)",2024-09-10 19:04:00,0.5831,"USA:California:Monterey Bay","FK22",NA,22,"25424c03_12c_eDNA",2.646,"GTACACACCGCCCGTC","TGATCCTTCTGCAGGTTCACCTAC","PTLO","c",33.6627,"Poretics","0.22um",-80,"environmental","25424c03_12c_eDNA_FK","AVITI 2x150 bp low output flow cell","MSU",NA,18,13.8142,2024,9,10,"MBTS 25424",0,"AVITI","MBTS 25424 0"
"95","25424c03_10c_eDNA_FK",0.0321419772046289,-0.0692509207854691,-0.114165809329016,NA,"FK","25424c03_10c_eDNA_L1_R1.fastq.gz","25424c03_10c_eDNA_L1_R2.fastq.gz","Francisco Chavez",10,25424,"MBARI","Rachel Carson","ship",10.316,"Mooring2",3,NA,6.4959,36.695,-122.3813,25.4318,10,5.4528,"marine biome  (ENVO:00000447)","coastal water (ENVO:00001250)","waterborne particulate matter (ENVO:01000436)",2024-09-10 19:04:00,0.7405,"USA:California:Monterey Bay","FK23",NA,23,"25424c03_10c_eDNA",10.392,"GTACACACCGCCCGTC","TGATCCTTCTGCAGGTTCACCTAC","PTLO","c",33.7459,"Poretics","0.22um",-80,"environmental","25424c03_10c_eDNA_FK","AVITI 2x150 bp low output flow cell","MSU",NA,18,12.9488,2024,9,10,"MBTS 25424",10,"AVITI","MBTS 25424 10"
"96","25424c03_09c_eDNA_FK",-0.0152648058372875,-0.0812062443566494,-0.0849272193072685,NA,"FK","25424c03_09c_eDNA_L1_R1.fastq.gz","25424c03_09c_eDNA_L1_R2.fastq.gz","Francisco Chavez",9,25424,"MBARI","Rachel Carson","ship",20.289,"Mooring2",3,NA,0.6123,36.695,-122.3813,25.56,20,4.4551,"marine biome  (ENVO:00000447)","coastal water (ENVO:00001250)","waterborne particulate matter (ENVO:01000436)",2024-09-10 19:04:00,0.1912,"USA:California:Monterey Bay","FK24",NA,24,"25424c03_09c_eDNA",20.441,"GTACACACCGCCCGTC","TGATCCTTCTGCAGGTTCACCTAC","PTLO","c",33.6052,"Poretics","0.22um",-80,"environmental","25424c03_09c_eDNA_FK","AVITI 2x150 bp low output flow cell","MSU",NA,18,11.7133,2024,9,10,"MBTS 25424",20,"AVITI","MBTS 25424 20"
"97","25424c03_06c_eDNA_FK",-0.090008922957981,0.0328496559715656,-0.0656458555685034,NA,"FK","25424c03_06c_eDNA_L1_R1.fastq.gz","25424c03_06c_eDNA_L1_R2.fastq.gz","Francisco Chavez",6,25424,"MBARI","Rachel Carson","ship",60.038,"Mooring2",3,NA,-0.0354,36.695,-122.3813,26.0261,60,2.0215,"marine biome  (ENVO:00000447)","coastal water (ENVO:00001250)","waterborne particulate matter (ENVO:01000436)",2024-09-10 19:04:00,0.1307,"USA:California:Monterey Bay","FK25",NA,25,"25424c03_06c_eDNA",60.493,"GTACACACCGCCCGTC","TGATCCTTCTGCAGGTTCACCTAC","PTLO","c",33.8599,"Poretics","0.22um",-80,"environmental","25424c03_06c_eDNA_FK","AVITI 2x150 bp low output flow cell","MSU",NA,18,10.2163,2024,9,10,"MBTS 25424",60,"AVITI","MBTS 25424 60"
"98","25424c03_03c_eDNA_FK",-0.0472204904709017,0.0836306148514089,-0.0809001111944821,NA,"FK","25424c03_03c_eDNA_L1_R1.fastq.gz","25424c03_03c_eDNA_L1_R2.fastq.gz","Francisco Chavez",3,25424,"MBARI","Rachel Carson","ship",149.85,"Mooring2",3,NA,-0.0634,36.695,-122.3813,26.2385,150,1.5513,"marine biome  (ENVO:00000447)","coastal water (ENVO:00001250)","waterborne particulate matter (ENVO:01000436)",2024-09-10 19:04:00,0.1281,"USA:California:Monterey Bay","FK26",NA,26,"25424c03_03c_eDNA",151.017,"GTACACACCGCCCGTC","TGATCCTTCTGCAGGTTCACCTAC","PTLO","c",34.0117,"Poretics","0.22um",-80,"environmental","25424c03_03c_eDNA_FK","AVITI 2x150 bp low output flow cell","MSU",NA,18,9.6688,2024,9,10,"MBTS 25424",150,"AVITI","MBTS 25424 150"
"99","22624c01_12c_eDNA_FK",0.117948309602,-0.0610628844382323,-0.0315059489228773,NA,"FK","22624c01_12c_eDNA_L1_R1.fastq.gz","22624c01_12c_eDNA_L1_R2.fastq.gz","Francisco Chavez",12,22624,"MBARI","RACHEL CARSON","ship",3.164,"C1",1,NA,8.941,36.7973,-121.847,25.6757,0,5.5359,"marine biome  (ENVO:00000447)","coastal water (ENVO:00001250)","waterborne particulate matter (ENVO:01000436)",2024-08-13 15:53:00,0.9688,"USA:California:Monterey Bay","FK27",NA,27,"22624c01_12c_eDNA",3.187,"GTACACACCGCCCGTC","TGATCCTTCTGCAGGTTCACCTAC","PTLO","c",33.8171,"Poretics","0.22um",-80,"environmental","22624c01_12c_eDNA_FK","AVITI 2x150 bp low output flow cell","MSU",NA,18,11.9723,2024,8,13,"MBTS 22624",0,"AVITI","MBTS 22624 0"
"100","22624c01_10c_eDNA_FK",-0.0179214262952875,-0.0526628174822961,-0.159280252194201,NA,"FK","22624c01_10c_eDNA_L1_R1.fastq.gz","22624c01_10c_eDNA_L1_R2.fastq.gz","Francisco Chavez",10,22624,"MBARI","RACHEL CARSON","ship",11.021,"C1",1,NA,5.9354,36.7973,-121.847,25.7897,10,4.1396,"marine biome  (ENVO:00000447)","coastal water (ENVO:00001250)","waterborne particulate matter (ENVO:01000436)",2024-08-13 15:53:00,0.6882,"USA:California:Monterey Bay","FK28",NA,28,"22624c01_10c_eDNA",11.103,"GTACACACCGCCCGTC","TGATCCTTCTGCAGGTTCACCTAC","PTLO","c",33.8282,"Poretics","0.22um",-80,"environmental","22624c01_10c_eDNA_FK","AVITI 2x150 bp low output flow cell","MSU",NA,18,11.4065,2024,8,13,"MBTS 22624",10,"AVITI","MBTS 22624 10"
"101","22624c01_09c_eDNA_FK",-0.0654832730902112,-0.0289897101929329,-0.148403229974472,NA,"FK","22624c01_09c_eDNA_L1_R1.fastq.gz","22624c01_09c_eDNA_L1_R2.fastq.gz","Francisco Chavez",9,22624,"MBARI","RACHEL CARSON","ship",20.8,"C1",1,NA,0.1589,36.7973,-121.847,26.0656,20,2.1549,"marine biome  (ENVO:00000447)","coastal water (ENVO:00001250)","waterborne particulate matter (ENVO:01000436)",2024-08-13 15:53:00,0.1488,"USA:California:Monterey Bay","FK29",NA,29,"22624c01_09c_eDNA",20.955,"GTACACACCGCCCGTC","TGATCCTTCTGCAGGTTCACCTAC","PTLO","c",33.8705,"Poretics","0.22um",-80,"environmental","22624c01_09c_eDNA_FK","AVITI 2x150 bp low output flow cell","MSU",NA,18,10.0285,2024,8,13,"MBTS 22624",20,"AVITI","MBTS 22624 20"
"102","22624c01_06c_eDNA_FK",-0.0792801934526823,0.0932489696646051,-0.137923787139966,NA,"FK","22624c01_06c_eDNA_L1_R1.fastq.gz","22624c01_06c_eDNA_L1_R2.fastq.gz","Francisco Chavez",6,22624,"MBARI","RACHEL CARSON","ship",61.245,"C1",1,NA,-0.0148,36.7973,-121.847,26.2464,60,1.5823,"marine biome  (ENVO:00000447)","coastal water (ENVO:00001250)","waterborne particulate matter (ENVO:01000436)",2024-08-13 15:53:00,0.1326,"USA:California:Monterey Bay","FK30",NA,30,"22624c01_06c_eDNA",61.709,"GTACACACCGCCCGTC","TGATCCTTCTGCAGGTTCACCTAC","PTLO","c",33.9986,"Poretics","0.22um",-80,"environmental","22624c01_06c_eDNA_FK","AVITI 2x150 bp low output flow cell","MSU",NA,18,9.5484,2024,8,13,"MBTS 22624",60,"AVITI","MBTS 22624 60"
"103","22624c01_03c_eDNA_FK",-0.0805840057390724,0.0822289251912306,-0.0964342490336296,NA,"FK","22624c01_03c_eDNA_L1_R1.fastq.gz","22624c01_03c_eDNA_L1_R2.fastq.gz","Francisco Chavez",3,22624,"MBARI","RACHEL CARSON","ship",150.604,"C1",1,NA,-0.037,36.7973,-121.847,26.437,150,1.3372,"marine biome  (ENVO:00000447)","coastal water (ENVO:00001250)","waterborne particulate matter (ENVO:01000436)",2024-08-13 15:53:00,0.1305,"USA:California:Monterey Bay","FK31",NA,31,"22624c01_03c_eDNA",151.779,"GTACACACCGCCCGTC","TGATCCTTCTGCAGGTTCACCTAC","PTLO","c",34.0616,"Poretics","0.22um",-80,"environmental","22624c01_03c_eDNA_FK","AVITI 2x150 bp low output flow cell","MSU",NA,18,8.674,2024,8,13,"MBTS 22624",150,"AVITI","MBTS 22624 150"
"104","22624c02_12c_eDNA_FK",0.132473616329663,-0.0517271367032859,-0.0744983573990112,NA,"FK","22624c02_12c_eDNA_L1_R1.fastq.gz","22624c02_12c_eDNA_L1_R2.fastq.gz","Francisco Chavez",12,22624,"MBARI","RACHEL CARSON","ship",2.958,"MOORING1",2,NA,1.4298,36.7472,-122.0217,25.4541,0,5.5156,"marine biome  (ENVO:00000447)","coastal water (ENVO:00001250)","waterborne particulate matter (ENVO:01000436)",2024-08-13 17:36:00,0.2675,"USA:California:Monterey Bay","FK32",NA,32,"22624c02_12c_eDNA",2.979,"GTACACACCGCCCGTC","TGATCCTTCTGCAGGTTCACCTAC","PTLO","c",33.7542,"Poretics","0.22um",-80,"environmental","22624c02_12c_eDNA_FK","AVITI 2x150 bp low output flow cell","MSU",NA,18,12.8679,2024,8,13,"MBTS 22624",0,"AVITI","MBTS 22624 0"
"105","22624c02_10c_eDNA_FK",0.119002634111924,-0.0675489637696972,-0.121316020050565,NA,"FK","22624c02_10c_eDNA_L1_R1.fastq.gz","22624c02_10c_eDNA_L1_R2.fastq.gz","Francisco Chavez",10,22624,"MBARI","RACHEL CARSON","ship",10.591,"MOORING1",2,NA,5.1999,36.7472,-122.0217,25.5357,10,5.446,"marine biome  (ENVO:00000447)","coastal water (ENVO:00001250)","waterborne particulate matter (ENVO:01000436)",2024-08-13 17:36:00,0.6195,"USA:California:Monterey Bay","FK33",NA,33,"22624c02_10c_eDNA",10.67,"GTACACACCGCCCGTC","TGATCCTTCTGCAGGTTCACCTAC","PTLO","c",33.7655,"Poretics","0.22um",-80,"environmental","22624c02_10c_eDNA_FK","AVITI 2x150 bp low output flow cell","MSU",NA,18,12.4964,2024,8,13,"MBTS 22624",10,"AVITI","MBTS 22624 10"
"106","22624c02_09c_eDNA_FK",0.100630824741085,-0.0780278072303146,-0.128330325240182,NA,"FK","22624c02_09c_eDNA_L1_R1.fastq.gz","22624c02_09c_eDNA_L1_R2.fastq.gz","Francisco Chavez",9,22624,"MBARI","RACHEL CARSON","ship",20.485,"MOORING1",2,NA,7.9923,36.7472,-122.0217,25.6475,20,5.0903,"marine biome  (ENVO:00000447)","coastal water (ENVO:00001250)","waterborne particulate matter (ENVO:01000436)",2024-08-13 17:36:00,0.8802,"USA:California:Monterey Bay","FK34",NA,34,"22624c02_09c_eDNA",20.638,"GTACACACCGCCCGTC","TGATCCTTCTGCAGGTTCACCTAC","PTLO","c",33.8058,"Poretics","0.22um",-80,"environmental","22624c02_09c_eDNA_FK","AVITI 2x150 bp low output flow cell","MSU",NA,18,12.0772,2024,8,13,"MBTS 22624",20,"AVITI","MBTS 22624 20"
"107","22624c02_06c_eDNA_FK",-0.064814754491772,0.0112863236475593,-0.130077578950653,NA,"FK","22624c02_06c_eDNA_L1_R1.fastq.gz","22624c02_06c_eDNA_L1_R2.fastq.gz","Francisco Chavez",6,22624,"MBARI","RACHEL CARSON","ship",60.306,"MOORING1",2,NA,0.0775,36.7472,-122.0217,26.0722,60,2.2572,"marine biome  (ENVO:00000447)","coastal water (ENVO:00001250)","waterborne particulate matter (ENVO:01000436)",2024-08-13 17:36:00,0.1412,"USA:California:Monterey Bay","FK35",NA,35,"22624c02_06c_eDNA",60.763,"GTACACACCGCCCGTC","TGATCCTTCTGCAGGTTCACCTAC","PTLO","c",33.8953,"Poretics","0.22um",-80,"environmental","22624c02_06c_eDNA_FK","AVITI 2x150 bp low output flow cell","MSU",NA,18,10.1082,2024,8,13,"MBTS 22624",60,"AVITI","MBTS 22624 60"
"108","22624c03_10c_eDNA_FK",0.0978849179645875,-0.0600901417848397,-0.135549001472449,NA,"FK","22624c03_10c_eDNA_L1_R1.fastq.gz","22624c03_10c_eDNA_L1_R2.fastq.gz","Francisco Chavez",10,22624,"MBARI","RACHEL CARSON","ship",10.795,"MOORING2",3,NA,4.4473,36.6968,-122.3775,25.4209,10,5.9201,"marine biome  (ENVO:00000447)","coastal water (ENVO:00001250)","waterborne particulate matter (ENVO:01000436)",2024-08-13 20:07:00,0.5493,"USA:California:Monterey Bay","FK38",NA,38,"22624c03_10c_eDNA",10.875,"GTACACACCGCCCGTC","TGATCCTTCTGCAGGTTCACCTAC","PTLO","c",33.7393,"Poretics","0.22um",-80,"environmental","22624c03_10c_eDNA_FK","AVITI 2x150 bp low output flow cell","MSU",NA,18,12.9779,2024,8,13,"MBTS 22624",10,"AVITI","MBTS 22624 10"
"109","22624c03_09c_eDNA_FK",0.0884212495713033,-0.0612785605990193,-0.142461662207831,NA,"FK","22624c03_09c_eDNA_L1_R1.fastq.gz","22624c03_09c_eDNA_L1_R2.fastq.gz","Francisco Chavez",9,22624,"MBARI","RACHEL CARSON","ship",20.375,"MOORING2",3,NA,4.0849,36.6968,-122.3775,25.4515,20,5.5692,"marine biome  (ENVO:00000447)","coastal water (ENVO:00001250)","waterborne particulate matter (ENVO:01000436)",2024-08-13 20:07:00,0.5154,"USA:California:Monterey Bay","FK39",NA,39,"22624c03_09c_eDNA",20.527,"GTACACACCGCCCGTC","TGATCCTTCTGCAGGTTCACCTAC","PTLO","c",33.7369,"Poretics","0.22um",-80,"environmental","22624c03_09c_eDNA_FK","AVITI 2x150 bp low output flow cell","MSU",NA,18,12.8153,2024,8,13,"MBTS 22624",20,"AVITI","MBTS 22624 20"
"110","22624c03_06c_eDNA_FK",-0.0292767454090092,0.0370410448535802,-0.0647458448073331,NA,"FK","22624c03_06c_eDNA_L1_R1.fastq.gz","22624c03_06c_eDNA_L1_R2.fastq.gz","Francisco Chavez",6,22624,"MBARI","RACHEL CARSON","ship",60.383,"MOORING2",3,NA,0.0159,36.6968,-122.3775,26.0543,60,2.3923,"marine biome  (ENVO:00000447)","coastal water (ENVO:00001250)","waterborne particulate matter (ENVO:01000436)",2024-08-13 20:07:00,0.1355,"USA:California:Monterey Bay","FK40",NA,40,"22624c03_06c_eDNA",60.84,"GTACACACCGCCCGTC","TGATCCTTCTGCAGGTTCACCTAC","PTLO","c",33.8559,"Poretics","0.22um",-80,"environmental","22624c03_06c_eDNA_FK","AVITI 2x150 bp low output flow cell","MSU",NA,18,10.0319,2024,8,13,"MBTS 22624",60,"AVITI","MBTS 22624 60"
"111","20524c02_12c_eDNA_FK",0.111268074501688,-0.0935416656552257,-0.0593937738791959,NA,"FK","20524c02_12c_eDNA_L1_R1.fastq.gz","20524c02_12c_eDNA_L1_R2.fastq.gz","Francisco Chavez",12,20524,"MBARI","RACHEL CARSON","ship",2.817,"MOORING 1",2,NA,3.7425,36.7477,-122.0225,25.2873,0,6.8747,"marine biome  (ENVO:00000447)","coastal water (ENVO:00001250)","waterborne particulate matter (ENVO:01000436)",2024-07-23 17:30:00,0.4834,"USA:California:Monterey Bay","FK42",NA,42,"20524c02_12c_eDNA",2.838,"GTACACACCGCCCGTC","TGATCCTTCTGCAGGTTCACCTAC","PTLO","c",33.6997,"Poretics","0.22um",-80,"environmental","20524c02_12c_eDNA_FK","AVITI 2x150 bp low output flow cell","MSU",NA,18,13.4898,2024,7,23,"MBTS 20524",0,"AVITI","MBTS 20524 0"
"112","20524c02_10c_eDNA_FK",0.0491097260189563,-0.0923710201452102,-0.126619088523509,NA,"FK","20524c02_10c_eDNA_L1_R1.fastq.gz","20524c02_10c_eDNA_L1_R2.fastq.gz","Francisco Chavez",10,20524,"MBARI","RACHEL CARSON","ship",10.958,"MOORING 1",2,NA,4.9072,36.7477,-122.0225,25.4425,10,5.3319,"marine biome  (ENVO:00000447)","coastal water (ENVO:00001250)","waterborne particulate matter (ENVO:01000436)",2024-07-23 17:30:00,0.5922,"USA:California:Monterey Bay","FK43",NA,43,"20524c02_10c_eDNA",11.04,"GTACACACCGCCCGTC","TGATCCTTCTGCAGGTTCACCTAC","PTLO","c",33.6948,"Poretics","0.22um",-80,"environmental","20524c02_10c_eDNA_FK","AVITI 2x150 bp low output flow cell","MSU",NA,18,12.6933,2024,7,23,"MBTS 20524",10,"AVITI","MBTS 20524 10"
"113","20524c02_09c_eDNA_FK",-0.00452011658402832,-0.0648507545648736,-0.132129987075019,NA,"FK","20524c02_09c_eDNA_L1_R1.fastq.gz","20524c02_09c_eDNA_L1_R2.fastq.gz","Francisco Chavez",9,20524,"MBARI","RACHEL CARSON","ship",20.77,"MOORING 1",2,NA,0.5323,36.7477,-122.0225,25.8104,20,3.7582,"marine biome  (ENVO:00000447)","coastal water (ENVO:00001250)","waterborne particulate matter (ENVO:01000436)",2024-07-23 17:30:00,0.1837,"USA:California:Monterey Bay","FK44",NA,44,"20524c02_09c_eDNA",20.925,"GTACACACCGCCCGTC","TGATCCTTCTGCAGGTTCACCTAC","PTLO","c",33.7688,"Poretics","0.22um",-80,"environmental","20524c02_09c_eDNA_FK","AVITI 2x150 bp low output flow cell","MSU",NA,18,11.0379,2024,7,23,"MBTS 20524",20,"AVITI","MBTS 20524 20"
"114","20524c02_06c_eDNA_FK",-0.0759305068869873,-0.0101518127480434,-0.0975704539770176,NA,"FK","20524c02_06c_eDNA_L1_R1.fastq.gz","20524c02_06c_eDNA_L1_R2.fastq.gz","Francisco Chavez",6,20524,"MBARI","RACHEL CARSON","ship",60.98,"MOORING 1",2,NA,-0.0533,36.7477,-122.0225,26.1549,60,2.2115,"marine biome  (ENVO:00000447)","coastal water (ENVO:00001250)","waterborne particulate matter (ENVO:01000436)",2024-07-23 17:30:00,0.129,"USA:California:Monterey Bay","FK45",NA,45,"20524c02_06c_eDNA",61.442,"GTACACACCGCCCGTC","TGATCCTTCTGCAGGTTCACCTAC","PTLO","c",33.8968,"Poretics","0.22um",-80,"environmental","20524c02_06c_eDNA_FK","AVITI 2x150 bp low output flow cell","MSU",NA,18,9.6213,2024,7,23,"MBTS 20524",60,"AVITI","MBTS 20524 60"
"115","20524c02_03c_eDNA_FK",-0.114962280507122,0.0531336448423372,-0.0947509661506464,NA,"FK","20524c02_03c_eDNA_L1_R1.fastq.gz","20524c02_03c_eDNA_L1_R2.fastq.gz","Francisco Chavez",3,20524,"MBARI","RACHEL CARSON","ship",151.117,"MOORING 1",2,NA,-0.0525,36.7477,-122.0225,26.3877,150,1.5514,"marine biome  (ENVO:00000447)","coastal water (ENVO:00001250)","waterborne particulate matter (ENVO:01000436)",2024-07-23 17:30:00,0.1291,"USA:California:Monterey Bay","FK46",NA,46,"20524c02_03c_eDNA",152.295,"GTACACACCGCCCGTC","TGATCCTTCTGCAGGTTCACCTAC","PTLO","c",34.057,"Poretics","0.22um",-80,"environmental","20524c02_03c_eDNA_FK","AVITI 2x150 bp low output flow cell","MSU",NA,18,8.9659,2024,7,23,"MBTS 20524",150,"AVITI","MBTS 20524 150"
"116","20524c01_12c_eDNA_FK",0.127219712598308,-0.0801221759037846,0.00528280367567585,NA,"FK","20524c01_12c_eDNA_L1_R1.fastq.gz","20524c01_12c_eDNA_L1_R2.fastq.gz","Francisco Chavez",12,20524,"MBARI","RACHEL CARSON","ship",2.94,"C1",1,NA,2.8909,36.7985,-121.847,25.228,0,5.5433,"marine biome  (ENVO:00000447)","coastal water (ENVO:00001250)","waterborne particulate matter (ENVO:01000436)",2024-07-23 15:56:00,0.4039,"USA:California:Monterey Bay","FK47",NA,47,"20524c01_12c_eDNA",2.961,"GTACACACCGCCCGTC","TGATCCTTCTGCAGGTTCACCTAC","PTLO","c",33.7075,"Poretics","0.22um",-80,"environmental","20524c01_12c_eDNA_FK","AVITI 2x150 bp low output flow cell","MSU",NA,18,13.8092,2024,7,23,"MBTS 20524",0,"AVITI","MBTS 20524 0"
"117","20524c01_10c_eDNA_FK",0.0808312344238088,-0.0953510400005121,-0.0692957436906371,NA,"FK","20524c01_10c_eDNA_L1_R1.fastq.gz","20524c01_10c_eDNA_L1_R2.fastq.gz","Francisco Chavez",10,20524,"MBARI","RACHEL CARSON","ship",10.743,"C1",1,NA,2.4874,36.7985,-121.847,25.4306,10,4.9831,"marine biome  (ENVO:00000447)","coastal water (ENVO:00001250)","waterborne particulate matter (ENVO:01000436)",2024-07-23 15:56:00,0.3663,"USA:California:Monterey Bay","FK48",NA,48,"20524c01_10c_eDNA",10.823,"GTACACACCGCCCGTC","TGATCCTTCTGCAGGTTCACCTAC","PTLO","c",33.7481,"Poretics","0.22um",-80,"environmental","20524c01_10c_eDNA_FK","AVITI 2x150 bp low output flow cell","MSU",NA,18,12.9636,2024,7,23,"MBTS 20524",10,"AVITI","MBTS 20524 10"
"118","20524c01_09c_eDNA_FK",0.00735692155573516,-0.0773802455070668,-0.118958449230147,NA,"FK","20524c01_09c_eDNA_L1_R1.fastq.gz","20524c01_09c_eDNA_L1_R2.fastq.gz","Francisco Chavez",9,20524,"MBARI","RACHEL CARSON","ship",21.056,"C1",1,NA,0.5195,36.7985,-121.847,25.908,20,3.6565,"marine biome  (ENVO:00000447)","coastal water (ENVO:00001250)","waterborne particulate matter (ENVO:01000436)",2024-07-23 15:56:00,0.1825,"USA:California:Monterey Bay","FK49",NA,49,"20524c01_09c_eDNA",21.214,"GTACACACCGCCCGTC","TGATCCTTCTGCAGGTTCACCTAC","PTLO","c",33.8585,"Poretics","0.22um",-80,"environmental","20524c01_09c_eDNA_FK","AVITI 2x150 bp low output flow cell","MSU",NA,18,10.8825,2024,7,23,"MBTS 20524",20,"AVITI","MBTS 20524 20"
"119","20524c01_06c_eDNA_FK",-0.0804987187383227,0.114828320035981,-0.0813395425800382,NA,"FK","20524c01_06c_eDNA_L1_R1.fastq.gz","20524c01_06c_eDNA_L1_R2.fastq.gz","Francisco Chavez",6,20524,"MBARI","RACHEL CARSON","ship",60.315,"C1",1,NA,0.0885,36.7985,-121.847,26.1061,60,2.5892,"marine biome  (ENVO:00000447)","coastal water (ENVO:00001250)","waterborne particulate matter (ENVO:01000436)",2024-07-23 15:56:00,0.1423,"USA:California:Monterey Bay","FK50",NA,50,"20524c01_06c_eDNA",60.772,"GTACACACCGCCCGTC","TGATCCTTCTGCAGGTTCACCTAC","PTLO","c",33.9089,"Poretics","0.22um",-80,"environmental","20524c01_06c_eDNA_FK","AVITI 2x150 bp low output flow cell","MSU",NA,18,9.971,2024,7,23,"MBTS 20524",60,"AVITI","MBTS 20524 60"
"120","20524c01_03c_eDNA_FK",-0.0598234305522866,0.126341092599094,-0.0312665132007196,NA,"FK","20524c01_03c_eDNA_L1_R1.fastq.gz","20524c01_03c_eDNA_L1_R2.fastq.gz","Francisco Chavez",3,20524,"MBARI","RACHEL CARSON","ship",150.809,"C1",1,NA,0.0375,36.7985,-121.847,26.3209,150,1.9228,"marine biome  (ENVO:00000447)","coastal water (ENVO:00001250)","waterborne particulate matter (ENVO:01000436)",2024-07-23 15:56:00,0.1375,"USA:California:Monterey Bay","FK51",NA,51,"20524c01_03c_eDNA",151.985,"GTACACACCGCCCGTC","TGATCCTTCTGCAGGTTCACCTAC","PTLO","c",34.0013,"Poretics","0.22um",-80,"environmental","20524c01_03c_eDNA_FK","AVITI 2x150 bp low output flow cell","MSU",NA,18,9.1118,2024,7,23,"MBTS 20524",150,"AVITI","MBTS 20524 150"
"121","20524c03_10c_eDNA_FK",0.101629055768917,-0.094431520753251,-0.0617473639257478,NA,"FK","20524c03_10c_eDNA_L1_R1.fastq.gz","20524c03_10c_eDNA_L1_R2.fastq.gz","Francisco Chavez",10,20524,"MBARI","RACHEL CARSON","ship",10.778,"MOORING 2",3,NA,3.3014,36.6982,-122.378,25.3853,10,5.9974,"marine biome  (ENVO:00000447)","coastal water (ENVO:00001250)","waterborne particulate matter (ENVO:01000436)",2024-07-23 20:06:00,0.4423,"USA:California:Monterey Bay","FK53",NA,53,"20524c03_10c_eDNA",10.859,"GTACACACCGCCCGTC","TGATCCTTCTGCAGGTTCACCTAC","PTLO","c",33.7419,"Poretics","0.22um",-80,"environmental","20524c03_10c_eDNA_FK","AVITI 2x150 bp low output flow cell","MSU",NA,18,13.167,2024,7,23,"MBTS 20524",10,"AVITI","MBTS 20524 10"
"122","20524c03_09c_eDNA_FK",0.0676620639634495,-0.0964687463307043,-0.0834479405357986,NA,"FK","20524c03_09c_eDNA_L1_R1.fastq.gz","20524c03_09c_eDNA_L1_R2.fastq.gz","Francisco Chavez",9,20524,"MBARI","RACHEL CARSON","ship",21.702,"MOORING 2",3,NA,1.5942,36.6982,-122.378,25.5046,20,5.0864,"marine biome  (ENVO:00000447)","coastal water (ENVO:00001250)","waterborne particulate matter (ENVO:01000436)",2024-07-23 20:06:00,0.2828,"USA:California:Monterey Bay","FK54",NA,54,"20524c03_09c_eDNA",21.864,"GTACACACCGCCCGTC","TGATCCTTCTGCAGGTTCACCTAC","PTLO","c",33.7287,"Poretics","0.22um",-80,"environmental","20524c03_09c_eDNA_FK","AVITI 2x150 bp low output flow cell","MSU",NA,18,12.5109,2024,7,23,"MBTS 20524",20,"AVITI","MBTS 20524 20"
"123","20524c03_06c_eDNA_FK",-0.0756701687243261,0.0366604354718536,-0.0966851664648778,NA,"FK","20524c03_06c_eDNA_L1_R1.fastq.gz","20524c03_06c_eDNA_L1_R2.fastq.gz","Francisco Chavez",6,20524,"MBARI","RACHEL CARSON","ship",60.883,"MOORING 2",3,NA,-0.002,36.6982,-122.378,26.02,60,2.6047,"marine biome  (ENVO:00000447)","coastal water (ENVO:00001250)","waterborne particulate matter (ENVO:01000436)",2024-07-23 20:06:00,0.1338,"USA:California:Monterey Bay","FK55",NA,55,"20524c03_06c_eDNA",61.345,"GTACACACCGCCCGTC","TGATCCTTCTGCAGGTTCACCTAC","PTLO","c",33.813,"Poretics","0.22um",-80,"environmental","20524c03_06c_eDNA_FK","AVITI 2x150 bp low output flow cell","MSU",NA,18,10.0372,2024,7,23,"MBTS 20524",60,"AVITI","MBTS 20524 60"
"124","20524c03_03c_eDNA_FK",-0.0770167664875022,0.150606116754958,-0.0579682519885942,NA,"FK","20524c03_03c_eDNA_L1_R1.fastq.gz","20524c03_03c_eDNA_L1_R2.fastq.gz","Francisco Chavez",3,20524,"MBARI","RACHEL CARSON","ship",150.594,"MOORING 2",3,NA,-0.0631,36.6982,-122.378,26.3322,150,1.635,"marine biome  (ENVO:00000447)","coastal water (ENVO:00001250)","waterborne particulate matter (ENVO:01000436)",2024-07-23 20:06:00,0.1281,"USA:California:Monterey Bay","FK56",NA,56,"20524c03_03c_eDNA",151.768,"GTACACACCGCCCGTC","TGATCCTTCTGCAGGTTCACCTAC","PTLO","c",34.0385,"Poretics","0.22um",-80,"environmental","20524c03_03c_eDNA_FK","AVITI 2x150 bp low output flow cell","MSU",NA,18,9.2232,2024,7,23,"MBTS 20524",150,"AVITI","MBTS 20524 150"
"125","17024c03_06c_eDNA_FK",-0.05105364279545,0.109679323974158,-0.0945683990078977,NA,"FK","17024c03_06c_eDNA_L1_R1.fastq.gz","17024c03_06c_eDNA_L1_R2.fastq.gz","Francisco Chavez",6,17024,"MBARI","RACHEL CARSON","ship",61.079,"MOORING 2",3,NA,-0.0199,36.6942,-122.3785,26.0472,60,2.6978,"marine biome  (ENVO:00000447)","coastal water (ENVO:00001250)","waterborne particulate matter (ENVO:01000436)",2024-06-18 19:25:00,0.1321,"USA:California:Monterey Bay","FK58",NA,58,"17024c03_06c_eDNA",61.542,"GTACACACCGCCCGTC","TGATCCTTCTGCAGGTTCACCTAC","PTLO","c",33.7522,"Poretics","0.22um",-80,"environmental","17024c03_06c_eDNA_FK","AVITI 2x150 bp low output flow cell","MSU",NA,18,9.5887,2024,6,18,"MBTS 17024",60,"AVITI","MBTS 17024 60"
"126","17024c03_09c_eDNA_FK",0.0885082604280859,-0.00248996933466331,-0.108246207536138,NA,"FK","17024c03_09c_eDNA_L1_R1.fastq.gz","17024c03_09c_eDNA_L1_R2.fastq.gz","Francisco Chavez",9,17024,"MBARI","RACHEL CARSON","ship",22.058,"MOORING 2",3,NA,4.1052,36.6942,-122.3785,25.6959,20,5.3583,"marine biome  (ENVO:00000447)","coastal water (ENVO:00001250)","waterborne particulate matter (ENVO:01000436)",2024-06-18 19:25:00,0.5173,"USA:California:Monterey Bay","FK59",NA,59,"17024c03_09c_eDNA",22.223,"GTACACACCGCCCGTC","TGATCCTTCTGCAGGTTCACCTAC","PTLO","c",33.7405,"Poretics","0.22um",-80,"environmental","17024c03_09c_eDNA_FK","AVITI 2x150 bp low output flow cell","MSU",NA,18,11.5474,2024,6,18,"MBTS 17024",20,"AVITI","MBTS 17024 20"
"127","17024c03_10c_eDNA_FK",0.0889853833024255,-0.0119917566088742,-0.125608864586041,NA,"FK","17024c03_10c_eDNA_L1_R1.fastq.gz","17024c03_10c_eDNA_L1_R2.fastq.gz","Francisco Chavez",10,17024,"MBARI","RACHEL CARSON","ship",12.107,"MOORING 2",3,NA,4.3958,36.6942,-122.3785,25.6825,10,5.476,"marine biome  (ENVO:00000447)","coastal water (ENVO:00001250)","waterborne particulate matter (ENVO:01000436)",2024-06-18 19:25:00,0.5444,"USA:California:Monterey Bay","FK60",NA,60,"17024c03_10c_eDNA",12.197,"GTACACACCGCCCGTC","TGATCCTTCTGCAGGTTCACCTAC","PTLO","c",33.7404,"Poretics","0.22um",-80,"environmental","17024c03_10c_eDNA_FK","AVITI 2x150 bp low output flow cell","MSU",NA,18,11.6184,2024,6,18,"MBTS 17024",10,"AVITI","MBTS 17024 10"
"128","17024c03_12c_eDNA_FK",0.0960436821063558,-0.0236540370202706,-0.116697513454469,NA,"FK","17024c03_12c_eDNA_L1_R1.fastq.gz","17024c03_12c_eDNA_L1_R2.fastq.gz","Francisco Chavez",12,17024,"MBARI","RACHEL CARSON","ship",3.253,"MOORING 2",3,NA,1.5232,36.6942,-122.3785,25.6768,0,5.529,"marine biome  (ENVO:00000447)","coastal water (ENVO:00001250)","waterborne particulate matter (ENVO:01000436)",2024-06-18 19:25:00,0.2762,"USA:California:Monterey Bay","FK61",NA,61,"17024c03_12c_eDNA",3.277,"GTACACACCGCCCGTC","TGATCCTTCTGCAGGTTCACCTAC","PTLO","c",33.7401,"Poretics","0.22um",-80,"environmental","17024c03_12c_eDNA_FK","AVITI 2x150 bp low output flow cell","MSU",NA,18,11.6465,2024,6,18,"MBTS 17024",0,"AVITI","MBTS 17024 0"
"129","17024c02_06c_eDNA_FK",-0.0600199419534668,0.0791468246325567,-0.120072506818263,NA,"FK","17024c02_06c_eDNA_L1_R1.fastq.gz","17024c02_06c_eDNA_L1_R2.fastq.gz","Francisco Chavez",6,17024,"MBARI","RACHEL CARSON","ship",60.941,"MOORING 1",2,NA,0.0506,36.746,-122.0202,26.2623,60,2.1372,"marine biome  (ENVO:00000447)","coastal water (ENVO:00001250)","waterborne particulate matter (ENVO:01000436)",2024-06-18 16:32:00,0.1387,"USA:California:Monterey Bay","FK63",NA,63,"17024c02_06c_eDNA",61.403,"GTACACACCGCCCGTC","TGATCCTTCTGCAGGTTCACCTAC","PTLO","c",33.9574,"Poretics","0.22um",-80,"environmental","17024c02_06c_eDNA_FK","AVITI 2x150 bp low output flow cell","MSU",NA,18,9.253,2024,6,18,"MBTS 17024",60,"AVITI","MBTS 17024 60"
"130","17024c02_09c_eDNA_FK",0.0372558768814775,-0.00557501807433847,-0.100056434293666,NA,"FK","17024c02_09c_eDNA_L1_R1.fastq.gz","17024c02_09c_eDNA_L1_R2.fastq.gz","Francisco Chavez",9,17024,"MBARI","RACHEL CARSON","ship",20.614,"MOORING 1",2,NA,0.9414,36.746,-122.0202,26.0365,20,3.612,"marine biome  (ENVO:00000447)","coastal water (ENVO:00001250)","waterborne particulate matter (ENVO:01000436)",2024-06-18 16:32:00,0.2219,"USA:California:Monterey Bay","FK64",NA,64,"17024c02_09c_eDNA",20.767,"GTACACACCGCCCGTC","TGATCCTTCTGCAGGTTCACCTAC","PTLO","c",33.8423,"Poretics","0.22um",-80,"environmental","17024c02_09c_eDNA_FK","AVITI 2x150 bp low output flow cell","MSU",NA,18,10.07,2024,6,18,"MBTS 17024",20,"AVITI","MBTS 17024 20"
"131","17024c02_10c_eDNA_FK",0.0676620849156774,-0.0200897503953513,-0.117362657395205,NA,"FK","17024c02_10c_eDNA_L1_R1.fastq.gz","17024c02_10c_eDNA_L1_R2.fastq.gz","Francisco Chavez",10,17024,"MBARI","RACHEL CARSON","ship",10.885,"MOORING 1",2,NA,0.8851,36.746,-122.0202,26.0181,10,3.7566,"marine biome  (ENVO:00000447)","coastal water (ENVO:00001250)","waterborne particulate matter (ENVO:01000436)",2024-06-18 16:32:00,0.2166,"USA:California:Monterey Bay","FK65",NA,65,"17024c02_10c_eDNA",10.966,"GTACACACCGCCCGTC","TGATCCTTCTGCAGGTTCACCTAC","PTLO","c",33.8387,"Poretics","0.22um",-80,"environmental","17024c02_10c_eDNA_FK","AVITI 2x150 bp low output flow cell","MSU",NA,18,10.1609,2024,6,18,"MBTS 17024",10,"AVITI","MBTS 17024 10"
"132","17024c02_12c_eDNA_FK",0.0787734674676257,-0.0545589273241961,-0.127705608428952,NA,"FK","17024c02_12c_eDNA_L1_R1.fastq.gz","17024c02_12c_eDNA_L1_R2.fastq.gz","Francisco Chavez",12,17024,"MBARI","RACHEL CARSON","ship",3.006,"MOORING 1",2,NA,0.3006,36.746,-122.0202,25.7693,0,4.6399,"marine biome  (ENVO:00000447)","coastal water (ENVO:00001250)","waterborne particulate matter (ENVO:01000436)",2024-06-18 16:32:00,0.1621,"USA:California:Monterey Bay","FK66",NA,66,"17024c02_12c_eDNA",3.029,"GTACACACCGCCCGTC","TGATCCTTCTGCAGGTTCACCTAC","PTLO","c",33.7954,"Poretics","0.22um",-80,"environmental","17024c02_12c_eDNA_FK","AVITI 2x150 bp low output flow cell","MSU",NA,18,11.3775,2024,6,18,"MBTS 17024",0,"AVITI","MBTS 17024 0"
"133","17024c01_06c_eDNA_FK",-0.0966179858929594,0.10509509550693,-0.0733274938338781,NA,"FK","17024c01_06c_eDNA_L1_R1.fastq.gz","17024c01_06c_eDNA_L1_R2.fastq.gz","Francisco Chavez",6,17024,"MBARI","RACHEL CARSON","ship",59.956,"C1",1,NA,0.0823,36.7982,-121.8468,26.3147,60,1.8801,"marine biome  (ENVO:00000447)","coastal water (ENVO:00001250)","waterborne particulate matter (ENVO:01000436)",2024-06-18 14:54:00,0.1417,"USA:California:Monterey Bay","FK68",28.146,68,"17024c01_06c_eDNA",60.41,"GTACACACCGCCCGTC","TGATCCTTCTGCAGGTTCACCTAC","PTLO","c",33.9718,"Poretics","0.22um",-80,"environmental","17024c01_06c_eDNA_FK","AVITI 2x150 bp low output flow cell","MSU",NA,18,8.9956,2024,6,18,"MBTS 17024",60,"AVITI","MBTS 17024 60"
"134","17024c01_09c_eDNA_FK",0.00124919519078655,-0.0168578637451218,-0.0993522309594491,NA,"FK","17024c01_09c_eDNA_L1_R1.fastq.gz","17024c01_09c_eDNA_L1_R2.fastq.gz","Francisco Chavez",9,17024,"MBARI","RACHEL CARSON","ship",21.251,"C1",1,NA,0.4341,36.7982,-121.8468,26.0151,20,3.2835,"marine biome  (ENVO:00000447)","coastal water (ENVO:00001250)","waterborne particulate matter (ENVO:01000436)",2024-06-18 14:54:00,0.1745,"USA:California:Monterey Bay","FK69",23.958,69,"17024c01_09c_eDNA",21.41,"GTACACACCGCCCGTC","TGATCCTTCTGCAGGTTCACCTAC","PTLO","c",33.8335,"Poretics","0.22um",-80,"environmental","17024c01_09c_eDNA_FK","AVITI 2x150 bp low output flow cell","MSU",NA,18,10.1561,2024,6,18,"MBTS 17024",20,"AVITI","MBTS 17024 20"
"135","17024c01_10c_eDNA_FK",0.0352142900965696,-0.0403048142985575,-0.144327780689938,NA,"FK","17024c01_10c_eDNA_L1_R1.fastq.gz","17024c01_10c_eDNA_L1_R2.fastq.gz","Francisco Chavez",10,17024,"MBARI","RACHEL CARSON","ship",10.605,"C1",1,NA,0.6625,36.7982,-121.8468,25.8107,10,4.1077,"marine biome  (ENVO:00000447)","coastal water (ENVO:00001250)","waterborne particulate matter (ENVO:01000436)",2024-06-18 14:54:00,0.1959,"USA:California:Monterey Bay","FK70",22.198,70,"17024c01_10c_eDNA",10.684,"GTACACACCGCCCGTC","TGATCCTTCTGCAGGTTCACCTAC","PTLO","c",33.7882,"Poretics","0.22um",-80,"environmental","17024c01_10c_eDNA_FK","AVITI 2x150 bp low output flow cell","MSU",NA,18,11.1195,2024,6,18,"MBTS 17024",10,"AVITI","MBTS 17024 10"
"136","17024c01_12c_eDNA_FK",0.0851068179838337,-0.0611920913614818,-0.0363938461107263,NA,"FK","17024c01_12c_eDNA_L1_R1.fastq.gz","17024c01_12c_eDNA_L1_R2.fastq.gz","Francisco Chavez",12,17024,"MBARI","RACHEL CARSON","ship",2.744,"C1",1,NA,0.8344,36.7982,-121.8468,25.3231,0,6.3169,"marine biome  (ENVO:00000447)","coastal water (ENVO:00001250)","waterborne particulate matter (ENVO:01000436)",2024-06-18 14:54:00,0.2119,"USA:California:Monterey Bay","FK71",4.796,71,"17024c01_12c_eDNA",2.764,"GTACACACCGCCCGTC","TGATCCTTCTGCAGGTTCACCTAC","PTLO","c",33.7722,"Poretics","0.22um",-80,"environmental","17024c01_12c_eDNA_FK","AVITI 2x150 bp low output flow cell","MSU",NA,18,13.5893,2024,6,18,"MBTS 17024",0,"AVITI","MBTS 17024 0"
"137","CN24F150mMV2_SC42_FK",-0.139862094763054,-0.0885928356817791,0.00419243085619801,"MV2","FK","CN24F150mMV2_SC42_L1_R1.fastq.gz","CN24F150mMV2_SC42_L1_R2.fastq.gz","Francisco Chavez",NA,NA,"MBARI",NA,"ESP",NA,NA,NA,42,NA,NA,NA,NA,150,NA,"marine biome  (ENVO:00000447)","coastal water (ENVO:00001250)","waterborne particulate matter (ENVO:01000436)",NA,NA,"USA:California:Monterey Bay","FK72",NA,72,"CN24F150mMV2_SC42",NA,"GTACACACCGCCCGTC","TGATCCTTCTGCAGGTTCACCTAC",NA,NA,NA,"Poretics","0.22um",-80,"environmental","CN24F150mMV2_SC42_FK","AVITI 2x150 bp low output flow cell","MSU",NA,18,NA,NA,NA,NA,"CN24F 150m exp",150,"AVITI","CN24F 150m exp 150"
"138","CN24F150mMV2_SC43_FK",-0.145008544213584,-0.0938103022314243,0.0162769732598004,"MV2","FK","CN24F150mMV2_SC43_L1_R1.fastq.gz","CN24F150mMV2_SC43_L1_R2.fastq.gz","Francisco Chavez",NA,NA,"MBARI",NA,"ESP",NA,NA,NA,43,NA,NA,NA,NA,150,NA,"marine biome  (ENVO:00000447)","coastal water (ENVO:00001250)","waterborne particulate matter (ENVO:01000436)",NA,NA,"USA:California:Monterey Bay","FK73",NA,73,"CN24F150mMV2_SC43",NA,"GTACACACCGCCCGTC","TGATCCTTCTGCAGGTTCACCTAC",NA,NA,NA,"Poretics","0.22um",-80,"environmental","CN24F150mMV2_SC43_FK","AVITI 2x150 bp low output flow cell","MSU",NA,18,NA,NA,NA,NA,"CN24F 150m exp",150,"AVITI","CN24F 150m exp 150"
"139","CN24F150mMV2_SC44_FK",-0.148085788809319,-0.0940505270007308,0.0121719287207265,"MV2","FK","CN24F150mMV2_SC44_L1_R1.fastq.gz","CN24F150mMV2_SC44_L1_R2.fastq.gz","Francisco Chavez",NA,NA,"MBARI",NA,"ESP",NA,NA,NA,44,NA,NA,NA,NA,150,NA,"marine biome  (ENVO:00000447)","coastal water (ENVO:00001250)","waterborne particulate matter (ENVO:01000436)",NA,NA,"USA:California:Monterey Bay","FK74",NA,74,"CN24F150mMV2_SC44",NA,"GTACACACCGCCCGTC","TGATCCTTCTGCAGGTTCACCTAC",NA,NA,NA,"Poretics","0.22um",-80,"environmental","CN24F150mMV2_SC44_FK","AVITI 2x150 bp low output flow cell","MSU",NA,18,NA,NA,NA,NA,"CN24F 150m exp",150,"AVITI","CN24F 150m exp 150"
"140","CN24F150mMV2_SC45_FK",-0.155820221714784,-0.0826869890629194,0.0210426777613107,"MV2","FK","CN24F150mMV2_SC45_L1_R1.fastq.gz","CN24F150mMV2_SC45_L1_R2.fastq.gz","Francisco Chavez",NA,NA,"MBARI",NA,"ESP",NA,NA,NA,45,NA,NA,NA,NA,150,NA,"marine biome  (ENVO:00000447)","coastal water (ENVO:00001250)","waterborne particulate matter (ENVO:01000436)",NA,NA,"USA:California:Monterey Bay","FK75",NA,75,"CN24F150mMV2_SC45",NA,"GTACACACCGCCCGTC","TGATCCTTCTGCAGGTTCACCTAC",NA,NA,NA,"Poretics","0.22um",-80,"environmental","CN24F150mMV2_SC45_FK","AVITI 2x150 bp low output flow cell","MSU",NA,18,NA,NA,NA,NA,"CN24F 150m exp",150,"AVITI","CN24F 150m exp 150"
"141","CN24F150mMV2_SC46_FK",-0.15006573383808,-0.0765300073697721,0.000893381071640435,"MV2","FK","CN24F150mMV2_SC46_L1_R1.fastq.gz","CN24F150mMV2_SC46_L1_R2.fastq.gz","Francisco Chavez",NA,NA,"MBARI",NA,"ESP",NA,NA,NA,46,NA,NA,NA,NA,150,NA,"marine biome  (ENVO:00000447)","coastal water (ENVO:00001250)","waterborne particulate matter (ENVO:01000436)",NA,NA,"USA:California:Monterey Bay","FK76",NA,76,"CN24F150mMV2_SC46",NA,"GTACACACCGCCCGTC","TGATCCTTCTGCAGGTTCACCTAC",NA,NA,NA,"Poretics","0.22um",-80,"environmental","CN24F150mMV2_SC46_FK","AVITI 2x150 bp low output flow cell","MSU",NA,18,NA,NA,NA,NA,"CN24F 150m exp",150,"AVITI","CN24F 150m exp 150"
"142","CN24F150mMV2_SC47_FK",-0.131070437105581,-0.0802610293985131,0.0103940188587338,"MV2","FK","CN24F150mMV2_SC47_L1_R1.fastq.gz","CN24F150mMV2_SC47_L1_R2.fastq.gz","Francisco Chavez",NA,NA,"MBARI",NA,"ESP",NA,NA,NA,47,NA,NA,NA,NA,150,NA,"marine biome  (ENVO:00000447)","coastal water (ENVO:00001250)","waterborne particulate matter (ENVO:01000436)",NA,NA,"USA:California:Monterey Bay","FK77",NA,77,"CN24F150mMV2_SC47",NA,"GTACACACCGCCCGTC","TGATCCTTCTGCAGGTTCACCTAC",NA,NA,NA,"Poretics","0.22um",-80,"environmental","CN24F150mMV2_SC47_FK","AVITI 2x150 bp low output flow cell","MSU",NA,18,NA,NA,NA,NA,"CN24F 150m exp",150,"AVITI","CN24F 150m exp 150"
"143","CN24F150mMV2_SC48_FK",-0.143231125539852,-0.0953118966415376,0.00904583580966618,"MV2","FK","CN24F150mMV2_SC48_L1_R1.fastq.gz","CN24F150mMV2_SC48_L1_R2.fastq.gz","Francisco Chavez",NA,NA,"MBARI",NA,"ESP",NA,NA,NA,48,NA,NA,NA,NA,150,NA,"marine biome  (ENVO:00000447)","coastal water (ENVO:00001250)","waterborne particulate matter (ENVO:01000436)",NA,NA,"USA:California:Monterey Bay","FK78",NA,78,"CN24F150mMV2_SC48",NA,"GTACACACCGCCCGTC","TGATCCTTCTGCAGGTTCACCTAC",NA,NA,NA,"Poretics","0.22um",-80,"environmental","CN24F150mMV2_SC48_FK","AVITI 2x150 bp low output flow cell","MSU",NA,18,NA,NA,NA,NA,"CN24F 150m exp",150,"AVITI","CN24F 150m exp 150"
"144","CN24F150mMV2_SC49_FK",-0.145058841343975,-0.0897051702370979,0.0118971364577943,"MV2","FK","CN24F150mMV2_SC49_L1_R1.fastq.gz","CN24F150mMV2_SC49_L1_R2.fastq.gz","Francisco Chavez",NA,NA,"MBARI",NA,"ESP",NA,NA,NA,49,NA,NA,NA,NA,150,NA,"marine biome  (ENVO:00000447)","coastal water (ENVO:00001250)","waterborne particulate matter (ENVO:01000436)",NA,NA,"USA:California:Monterey Bay","FK79",NA,79,"CN24F150mMV2_SC49",NA,"GTACACACCGCCCGTC","TGATCCTTCTGCAGGTTCACCTAC",NA,NA,NA,"Poretics","0.22um",-80,"environmental","CN24F150mMV2_SC49_FK","AVITI 2x150 bp low output flow cell","MSU",NA,18,NA,NA,NA,NA,"CN24F 150m exp",150,"AVITI","CN24F 150m exp 150"
"145","CN24F150mMV2_SC50_FK",-0.14139312598055,-0.0917883062090862,0.0172612548662107,"MV2","FK","CN24F150mMV2_SC50_L1_R1.fastq.gz","CN24F150mMV2_SC50_L1_R2.fastq.gz","Francisco Chavez",NA,NA,"MBARI",NA,"ESP",NA,NA,NA,50,NA,NA,NA,NA,150,NA,"marine biome  (ENVO:00000447)","coastal water (ENVO:00001250)","waterborne particulate matter (ENVO:01000436)",NA,NA,"USA:California:Monterey Bay","FK80",NA,80,"CN24F150mMV2_SC50",NA,"GTACACACCGCCCGTC","TGATCCTTCTGCAGGTTCACCTAC",NA,NA,NA,"Poretics","0.22um",-80,"environmental","CN24F150mMV2_SC50_FK","AVITI 2x150 bp low output flow cell","MSU",NA,18,NA,NA,NA,NA,"CN24F 150m exp",150,"AVITI","CN24F 150m exp 150"
"146","CN24F150mMV2_SC51_FK",-0.151131779351317,-0.0904357776968447,0.0129375454885339,"MV2","FK","CN24F150mMV2_SC51_L1_R1.fastq.gz","CN24F150mMV2_SC51_L1_R2.fastq.gz","Francisco Chavez",NA,NA,"MBARI",NA,"ESP",NA,NA,NA,51,NA,NA,NA,NA,150,NA,"marine biome  (ENVO:00000447)","coastal water (ENVO:00001250)","waterborne particulate matter (ENVO:01000436)",NA,NA,"USA:California:Monterey Bay","FK81",NA,81,"CN24F150mMV2_SC51",NA,"GTACACACCGCCCGTC","TGATCCTTCTGCAGGTTCACCTAC",NA,NA,NA,"Poretics","0.22um",-80,"environmental","CN24F150mMV2_SC51_FK","AVITI 2x150 bp low output flow cell","MSU",NA,18,NA,NA,NA,NA,"CN24F 150m exp",150,"AVITI","CN24F 150m exp 150"
"147","CN24F150mMV2_SC52_FK",-0.12344773684904,-0.0840436625419887,-0.00701164139212472,"MV2","FK","CN24F150mMV2_SC52_L1_R1.fastq.gz","CN24F150mMV2_SC52_L1_R2.fastq.gz","Francisco Chavez",NA,NA,"MBARI",NA,"ESP",NA,NA,NA,52,NA,NA,NA,NA,150,NA,"marine biome  (ENVO:00000447)","coastal water (ENVO:00001250)","waterborne particulate matter (ENVO:01000436)",NA,NA,"USA:California:Monterey Bay","FK82",NA,82,"CN24F150mMV2_SC52",NA,"GTACACACCGCCCGTC","TGATCCTTCTGCAGGTTCACCTAC",NA,NA,NA,"Poretics","0.22um",-80,"environmental","CN24F150mMV2_SC52_FK","AVITI 2x150 bp low output flow cell","MSU",NA,18,NA,NA,NA,NA,"CN24F 150m exp",150,"AVITI","CN24F 150m exp 150"
"148","CN24F150mMV2_SC53_FK",-0.141808204172317,-0.0800729322269395,-0.00494962110921663,"MV2","FK","CN24F150mMV2_SC53_L1_R1.fastq.gz","CN24F150mMV2_SC53_L1_R2.fastq.gz","Francisco Chavez",NA,NA,"MBARI",NA,"ESP",NA,NA,NA,53,NA,NA,NA,NA,150,NA,"marine biome  (ENVO:00000447)","coastal water (ENVO:00001250)","waterborne particulate matter (ENVO:01000436)",NA,NA,"USA:California:Monterey Bay","FK83",NA,83,"CN24F150mMV2_SC53",NA,"GTACACACCGCCCGTC","TGATCCTTCTGCAGGTTCACCTAC",NA,NA,NA,"Poretics","0.22um",-80,"environmental","CN24F150mMV2_SC53_FK","AVITI 2x150 bp low output flow cell","MSU",NA,18,NA,NA,NA,NA,"CN24F 150m exp",150,"AVITI","CN24F 150m exp 150"
"149","CN24F150mMV2_SC54_FK",-0.13623586579378,-0.0953381954921496,0.00805291387220174,"MV2","FK","CN24F150mMV2_SC54_L1_R1.fastq.gz","CN24F150mMV2_SC54_L1_R2.fastq.gz","Francisco Chavez",NA,NA,"MBARI",NA,"ESP",NA,NA,NA,54,NA,NA,NA,NA,150,NA,"marine biome  (ENVO:00000447)","coastal water (ENVO:00001250)","waterborne particulate matter (ENVO:01000436)",NA,NA,"USA:California:Monterey Bay","FK84",NA,84,"CN24F150mMV2_SC54",NA,"GTACACACCGCCCGTC","TGATCCTTCTGCAGGTTCACCTAC",NA,NA,NA,"Poretics","0.22um",-80,"environmental","CN24F150mMV2_SC54_FK","AVITI 2x150 bp low output flow cell","MSU",NA,18,NA,NA,NA,NA,"CN24F 150m exp",150,"AVITI","CN24F 150m exp 150"
"150","CN24F150mMV2_SC55_FK",-0.158635636263532,-0.0743296938236568,0.0284456396752961,"MV2","FK","CN24F150mMV2_SC55_L1_R1.fastq.gz","CN24F150mMV2_SC55_L1_R2.fastq.gz","Francisco Chavez",NA,NA,"MBARI",NA,"ESP",NA,NA,NA,55,NA,NA,NA,NA,150,NA,"marine biome  (ENVO:00000447)","coastal water (ENVO:00001250)","waterborne particulate matter (ENVO:01000436)",NA,NA,"USA:California:Monterey Bay","FK85",NA,85,"CN24F150mMV2_SC55",NA,"GTACACACCGCCCGTC","TGATCCTTCTGCAGGTTCACCTAC",NA,NA,NA,"Poretics","0.22um",-80,"environmental","CN24F150mMV2_SC55_FK","AVITI 2x150 bp low output flow cell","MSU",NA,18,NA,NA,NA,NA,"CN24F 150m exp",150,"AVITI","CN24F 150m exp 150"
"151","CN24F150mMV2_SC56_FK",-0.151721905545169,-0.0799292318943172,-0.0137983037387171,"MV2","FK","CN24F150mMV2_SC56_L1_R1.fastq.gz","CN24F150mMV2_SC56_L1_R2.fastq.gz","Francisco Chavez",NA,NA,"MBARI",NA,"ESP",NA,NA,NA,56,NA,NA,NA,NA,150,NA,"marine biome  (ENVO:00000447)","coastal water (ENVO:00001250)","waterborne particulate matter (ENVO:01000436)",NA,NA,"USA:California:Monterey Bay","FK86",NA,86,"CN24F150mMV2_SC56",NA,"GTACACACCGCCCGTC","TGATCCTTCTGCAGGTTCACCTAC",NA,NA,NA,"Poretics","0.22um",-80,"environmental","CN24F150mMV2_SC56_FK","AVITI 2x150 bp low output flow cell","MSU",NA,18,NA,NA,NA,NA,"CN24F 150m exp",150,"AVITI","CN24F 150m exp 150"
"152","CN24F150mMV2_SC57_FK",-0.146692806155927,-0.0802626052157869,0.00422436061942791,"MV2","FK","CN24F150mMV2_SC57_L1_R1.fastq.gz","CN24F150mMV2_SC57_L1_R2.fastq.gz","Francisco Chavez",NA,NA,"MBARI",NA,"ESP",NA,NA,NA,57,NA,NA,NA,NA,150,NA,"marine biome  (ENVO:00000447)","coastal water (ENVO:00001250)","waterborne particulate matter (ENVO:01000436)",NA,NA,"USA:California:Monterey Bay","FK87",NA,87,"CN24F150mMV2_SC57",NA,"GTACACACCGCCCGTC","TGATCCTTCTGCAGGTTCACCTAC",NA,NA,NA,"Poretics","0.22um",-80,"environmental","CN24F150mMV2_SC57_FK","AVITI 2x150 bp low output flow cell","MSU",NA,18,NA,NA,NA,NA,"CN24F 150m exp",150,"AVITI","CN24F 150m exp 150"
"153","CN24F150mMV2_SC58_FK",-0.150677942328556,-0.0908550547519537,-0.00112196756954414,"MV2","FK","CN24F150mMV2_SC58_L1_R1.fastq.gz","CN24F150mMV2_SC58_L1_R2.fastq.gz","Francisco Chavez",NA,NA,"MBARI",NA,"ESP",NA,NA,NA,58,NA,NA,NA,NA,150,NA,"marine biome  (ENVO:00000447)","coastal water (ENVO:00001250)","waterborne particulate matter (ENVO:01000436)",NA,NA,"USA:California:Monterey Bay","FK88",NA,88,"CN24F150mMV2_SC58",NA,"GTACACACCGCCCGTC","TGATCCTTCTGCAGGTTCACCTAC",NA,NA,NA,"Poretics","0.22um",-80,"environmental","CN24F150mMV2_SC58_FK","AVITI 2x150 bp low output flow cell","MSU",NA,18,NA,NA,NA,NA,"CN24F 150m exp",150,"AVITI","CN24F 150m exp 150"
"154","CN24F150mMV2_SC59_FK",-0.154286359961179,-0.0784185079678753,0.00782021541403808,"MV2","FK","CN24F150mMV2_SC59_L1_R1.fastq.gz","CN24F150mMV2_SC59_L1_R2.fastq.gz","Francisco Chavez",NA,NA,"MBARI",NA,"ESP",NA,NA,NA,59,NA,NA,NA,NA,150,NA,"marine biome  (ENVO:00000447)","coastal water (ENVO:00001250)","waterborne particulate matter (ENVO:01000436)",NA,NA,"USA:California:Monterey Bay","FK89",NA,89,"CN24F150mMV2_SC59",NA,"GTACACACCGCCCGTC","TGATCCTTCTGCAGGTTCACCTAC",NA,NA,NA,"Poretics","0.22um",-80,"environmental","CN24F150mMV2_SC59_FK","AVITI 2x150 bp low output flow cell","MSU",NA,18,NA,NA,NA,NA,"CN24F 150m exp",150,"AVITI","CN24F 150m exp 150"
"155","14223c01_05c_eDNA_FD",0.043537850107922,0.104972802055299,0.07477050918851,NA,"FD","14223c01_05c_eDNA_S1_L001_R1_001.fastq.gz","14223c01_05c_eDNA_S1_L001_R2_001.fastq.gz","Francisco Chavez",5,14223,"MBARI","Rachel Carson","ship",301.012,"MARS",1,NA,-0.0994,36.711,-122.196,26.6553,300,1.0366,"marine biome  (ENVO:00000447)","coastal water (ENVO:00001250)","waterborne particulate matter (ENVO:01000436)",2023-05-22 17:53:00,0.1247,"USA:California:Monterey Bay","FD1",37.857,1,"14223c01_05c_eDNA",303.469,"GTACACACCGCCCGTC","TGATCCTTCTGCAGGTTCACCTAC","Cannon","c",34.1852,"Poretics","0.22um",-80,"environmental","14223c01_05c_eDNA_FD","NGS Illumina Miseq","MSU","GATTCACGAC",18,7.8849,2023,5,22,"CN23S MARS",300,"MiSeq","CN23S MARS 300"
"156","14223c01_06c_eDNA_FD",0.0177670330685048,0.0893600682943007,0.0664226606556815,NA,"FD","14223c01_06c_eDNA_S3_L001_R1_001.fastq.gz","14223c01_06c_eDNA_S3_L001_R2_001.fastq.gz","Francisco Chavez",6,14223,"MBARI","Rachel Carson","ship",251.868,"MARS",1,NA,-0.0791,36.711,-122.196,26.5679,250,1.2635,"marine biome  (ENVO:00000447)","coastal water (ENVO:00001250)","waterborne particulate matter (ENVO:01000436)",2023-05-22 17:53:00,0.1266,"USA:California:Monterey Bay","FD3",31.056,3,"14223c01_06c_eDNA",253.894,"GTACACACCGCCCGTC","TGATCCTTCTGCAGGTTCACCTAC","Cannon","c",34.1584,"Poretics","0.22um",-80,"environmental","14223c01_06c_eDNA_FD","NGS Illumina Miseq","MSU","ATCCGATCTT",18,8.3253,2023,5,22,"CN23S MARS",250,"MiSeq","CN23S MARS 250"
"157","14223c01_04c_eDNA_FD",0.0394822183935124,0.0945017457321514,0.0967693184495495,NA,"FD","14223c01_04c_eDNA_S5_L001_R1_001.fastq.gz","14223c01_04c_eDNA_S5_L001_R2_001.fastq.gz","Francisco Chavez",4,14223,"MBARI","Rachel Carson","ship",401.441,"MARS",1,NA,-0.1082,36.711,-122.196,26.7393,400,0.8192,"marine biome  (ENVO:00000447)","coastal water (ENVO:00001250)","waterborne particulate matter (ENVO:01000436)",2023-05-22 17:53:00,0.1239,"USA:California:Monterey Bay","FD5",39.831,5,"14223c01_04c_eDNA",404.817,"GTACACACCGCCCGTC","TGATCCTTCTGCAGGTTCACCTAC","Cannon","c",34.1991,"Poretics","0.22um",-80,"environmental","14223c01_04c_eDNA_FD","NGS Illumina Miseq","MSU","CTTGAAGAGG",18,7.3874,2023,5,22,"CN23S MARS",400,"MiSeq","CN23S MARS 400"
"158","14223c01_02c_eDNA_FD",0.040303338536513,0.0942011584428894,0.114416975283219,NA,"FD","14223c01_02c_eDNA_S7_L001_R1_001.fastq.gz","14223c01_02c_eDNA_S7_L001_R2_001.fastq.gz","Francisco Chavez",2,14223,"MBARI","Rachel Carson","ship",601.895,"MARS",1,NA,-0.1048,36.711,-122.196,26.9458,600,0.3844,"marine biome  (ENVO:00000447)","coastal water (ENVO:00001250)","waterborne particulate matter (ENVO:01000436)",2023-05-22 17:53:00,0.1242,"USA:California:Monterey Bay","FD7",43.736,7,"14223c01_02c_eDNA",607.252,"GTACACACCGCCCGTC","TGATCCTTCTGCAGGTTCACCTAC","Cannon","c",34.2505,"Poretics","0.22um",-80,"environmental","14223c01_02c_eDNA_FD","NGS Illumina Miseq","MSU","GAAGACTCGG",18,6.1689,2023,5,22,"CN23S MARS",600,"MiSeq","CN23S MARS 600"
"159","14223c01_01c_eDNA_FD",0.0407470951858728,0.10497329372373,0.133790248854863,NA,"FD","14223c01_01c_eDNA_S8_L001_R1_001.fastq.gz","14223c01_01c_eDNA_S8_L001_R2_001.fastq.gz","Francisco Chavez",1,14223,"MBARI","Rachel Carson","ship",699.856,"MARS",1,NA,-0.0637,36.711,-122.196,27.1194,700,0.2595,"marine biome  (ENVO:00000447)","coastal water (ENVO:00001250)","waterborne particulate matter (ENVO:01000436)",2023-05-22 17:53:00,0.128,"USA:California:Monterey Bay","FD8",46.121,8,"14223c01_01c_eDNA",706.253,"GTACACACCGCCCGTC","TGATCCTTCTGCAGGTTCACCTAC","Cannon","c",34.3191,"Poretics","0.22um",-80,"environmental","14223c01_01c_eDNA_FD","NGS Illumina Miseq","MSU","AACGTGAACG",18,5.1966,2023,5,22,"CN23S MARS",700,"MiSeq","CN23S MARS 700"
"160","14223c01_03c_eDNA_FD",0.0280388939325232,0.0875251319626495,0.118214626699204,NA,"FD","14223c01_03c_eDNA_S9_L001_R1_001.fastq.gz","14223c01_03c_eDNA_S9_L001_R2_001.fastq.gz","Francisco Chavez",3,14223,"MBARI","Rachel Carson","ship",500.926,"MARS",1,NA,-0.112,36.711,-122.196,26.8855,500,0.504,"marine biome  (ENVO:00000447)","coastal water (ENVO:00001250)","waterborne particulate matter (ENVO:01000436)",2023-05-22 17:53:00,0.1235,"USA:California:Monterey Bay","FD9",35.907,9,"14223c01_03c_eDNA",505.26,"GTACACACCGCCCGTC","TGATCCTTCTGCAGGTTCACCTAC","Cannon","c",34.2243,"Poretics","0.22um",-80,"environmental","14223c01_03c_eDNA_FD","NGS Illumina Miseq","MSU","CGTAGAACAG",18,6.4669,2023,5,22,"CN23S MARS",500,"MiSeq","CN23S MARS 500"
"161","25424c02_03c_eDNA_FD",-0.0239356061707219,0.0553635847925991,0.0995747743866032,NA,"FD","25424c02_03c_eDNA_S21_L001_R1_001.fastq.gz","25424c02_03c_eDNA_S21_L001_R2_001.fastq.gz","Francisco Chavez",3,25424,"MBARI","Rachel Carson","ship",150.486,"Mooring1",2,NA,-0.0498,36.7465,-122.0202,26.2959,150,1.4903,"marine biome  (ENVO:00000447)","coastal water (ENVO:00001250)","waterborne particulate matter (ENVO:01000436)",2024-09-10 16:26:00,0.1293,"USA:California:Monterey Bay","FD21",NA,21,"25424c02_03c_eDNA",151.659,"GTACACACCGCCCGTC","TGATCCTTCTGCAGGTTCACCTAC","PTLO","c",34.0379,"Poretics","0.22um",-80,"environmental","25424c02_03c_eDNA_FD","NGS Illumina Miseq","MSU","GAACGTTCGG",18,9.4442,2024,9,10,"MBTS 25424",150,"MiSeq","MBTS 25424 150"
"162","22624c03_03c_eDNA_FD",0.00587034714166864,0.0925556284495592,0.0369978673457682,NA,"FD","22624c03_03c_eDNA_S41_L001_R1_001.fastq.gz","22624c03_03c_eDNA_S41_L001_R2_001.fastq.gz","Francisco Chavez",3,22624,"MBARI","RACHEL CARSON","ship",150.793,"MOORING2",3,NA,-0.0733,36.6968,-122.3775,26.411,150,1.5728,"marine biome  (ENVO:00000447)","coastal water (ENVO:00001250)","waterborne particulate matter (ENVO:01000436)",2024-08-13 20:07:00,0.1272,"USA:California:Monterey Bay","FD41",NA,41,"22624c03_03c_eDNA",151.969,"GTACACACCGCCCGTC","TGATCCTTCTGCAGGTTCACCTAC","PTLO","c",34.1293,"Poretics","0.22um",-80,"environmental","22624c03_03c_eDNA_FD","NGS Illumina Miseq","MSU","CCTTACCTAT",18,9.1746,2024,8,13,"MBTS 22624",150,"MiSeq","MBTS 22624 150"
"163","20524c03_12c_eDNA_FD",0.0798477943667839,-0.0247826472303547,0.103502358405182,NA,"FD","20524c03_12c_eDNA_S52_L001_R1_001.fastq.gz","20524c03_12c_eDNA_S52_L001_R2_001.fastq.gz","Francisco Chavez",12,20524,"MBARI","RACHEL CARSON","ship",2.759,"MOORING 2",3,NA,10.9805,36.6982,-122.378,25.0906,0,9.0136,"marine biome  (ENVO:00000447)","coastal water (ENVO:00001250)","waterborne particulate matter (ENVO:01000436)",2024-07-23 20:06:00,1.1592,"USA:California:Monterey Bay","FD52",NA,52,"20524c03_12c_eDNA",2.779,"GTACACACCGCCCGTC","TGATCCTTCTGCAGGTTCACCTAC","PTLO","c",33.7366,"Poretics","0.22um",-80,"environmental","20524c03_12c_eDNA_FD","NGS Illumina Miseq","MSU","CTGGTAGCTA",18,14.571,2024,7,23,"MBTS 20524",0,"MiSeq","MBTS 20524 0"
"164","20524c03_03c_eDNA_FD",-0.0215855329884858,0.0723437589124912,0.0917959199894926,NA,"FD","20524c03_03c_eDNA_S56_L001_R1_001.fastq.gz","20524c03_03c_eDNA_S56_L001_R2_001.fastq.gz","Francisco Chavez",3,20524,"MBARI","RACHEL CARSON","ship",150.594,"MOORING 2",3,NA,-0.0631,36.6982,-122.378,26.3322,150,1.635,"marine biome  (ENVO:00000447)","coastal water (ENVO:00001250)","waterborne particulate matter (ENVO:01000436)",2024-07-23 20:06:00,0.1281,"USA:California:Monterey Bay","FD56",NA,56,"20524c03_03c_eDNA",151.768,"GTACACACCGCCCGTC","TGATCCTTCTGCAGGTTCACCTAC","PTLO","c",34.0385,"Poretics","0.22um",-80,"environmental","20524c03_03c_eDNA_FD","NGS Illumina Miseq","MSU","TCATACCAAG",18,9.2232,2024,7,23,"MBTS 20524",150,"MiSeq","MBTS 20524 150"
"165","17024c03_03c_eDNA_FD",0.0140222025144474,0.0999942969373339,0.0747048712900445,NA,"FD","17024c03_03c_eDNA_S57_L001_R1_001.fastq.gz","17024c03_03c_eDNA_S57_L001_R2_001.fastq.gz","Francisco Chavez",3,17024,"MBARI","RACHEL CARSON","ship",151.154,"MOORING 2",3,NA,-0.0711,36.6942,-122.3785,26.4364,150,2.0085,"marine biome  (ENVO:00000447)","coastal water (ENVO:00001250)","waterborne particulate matter (ENVO:01000436)",2024-06-18 19:25:00,0.1274,"USA:California:Monterey Bay","FD57",NA,57,"17024c03_03c_eDNA",152.332,"GTACACACCGCCCGTC","TGATCCTTCTGCAGGTTCACCTAC","PTLO","c",34.0072,"Poretics","0.22um",-80,"environmental","17024c03_03c_eDNA_FD","NGS Illumina Miseq","MSU","AGCATCGTGC",18,8.4001,2024,6,18,"MBTS 17024",150,"MiSeq","MBTS 17024 150"
"166","17024c03_06c_eDNA_FD",-0.00115513246409212,0.0560406328671675,0.0754815149702725,NA,"FD","17024c03_06c_eDNA_S58_L001_R1_001.fastq.gz","17024c03_06c_eDNA_S58_L001_R2_001.fastq.gz","Francisco Chavez",6,17024,"MBARI","RACHEL CARSON","ship",61.079,"MOORING 2",3,NA,-0.0199,36.6942,-122.3785,26.0472,60,2.6978,"marine biome  (ENVO:00000447)","coastal water (ENVO:00001250)","waterborne particulate matter (ENVO:01000436)",2024-06-18 19:25:00,0.1321,"USA:California:Monterey Bay","FD58",NA,58,"17024c03_06c_eDNA",61.542,"GTACACACCGCCCGTC","TGATCCTTCTGCAGGTTCACCTAC","PTLO","c",33.7522,"Poretics","0.22um",-80,"environmental","17024c03_06c_eDNA_FD","NGS Illumina Miseq","MSU","CATACCGCTG",18,9.5887,2024,6,18,"MBTS 17024",60,"MiSeq","MBTS 17024 60"
"167","14223c01_05c_eDNA_FK",0.0174459907278513,0.199649422337211,-0.0793128854257565,NA,"FK","14223c01_05c_eDNA_L1_R1.fastq.gz","14223c01_05c_eDNA_L1_R2.fastq.gz","Francisco Chavez",5,14223,"MBARI","Rachel Carson","ship",301.012,"MARS",1,NA,-0.0994,36.711,-122.196,26.6553,300,1.0366,"marine biome  (ENVO:00000447)","coastal water (ENVO:00001250)","waterborne particulate matter (ENVO:01000436)",2023-05-22 17:53:00,0.1247,"USA:California:Monterey Bay","FK1",37.857,1,"14223c01_05c_eDNA",303.469,"GTACACACCGCCCGTC","TGATCCTTCTGCAGGTTCACCTAC","Cannon","c",34.1852,"Poretics","0.22um",-80,"environmental","14223c01_05c_eDNA_FK","AVITI 2x150 bp low output flow cell","MSU",NA,18,7.8849,2023,5,22,"CN23S MARS",300,"AVITI","CN23S MARS 300"
"168","14223c01_07c_eDNA_FK",-0.0275593448168174,0.200803658211901,-0.0892070377629209,NA,"FK","14223c01_07c_eDNA_L1_R1.fastq.gz","14223c01_07c_eDNA_L1_R2.fastq.gz","Francisco Chavez",7,14223,"MBARI","Rachel Carson","ship",202.055,"MARS",1,NA,-0.0468,36.711,-122.196,26.5257,200,1.3929,"marine biome  (ENVO:00000447)","coastal water (ENVO:00001250)","waterborne particulate matter (ENVO:01000436)",2023-05-22 17:53:00,0.1296,"USA:California:Monterey Bay","FK2",27.967,2,"14223c01_07c_eDNA",203.656,"GTACACACCGCCCGTC","TGATCCTTCTGCAGGTTCACCTAC","Cannon","c",34.1371,"Poretics","0.22um",-80,"environmental","14223c01_07c_eDNA_FK","AVITI 2x150 bp low output flow cell","MSU",NA,18,8.4879,2023,5,22,"CN23S MARS",200,"AVITI","CN23S MARS 200"
"169","14223c01_06c_eDNA_FK",-0.0175706569026832,0.195276557328019,-0.0611409986233788,NA,"FK","14223c01_06c_eDNA_L1_R1.fastq.gz","14223c01_06c_eDNA_L1_R2.fastq.gz","Francisco Chavez",6,14223,"MBARI","Rachel Carson","ship",251.868,"MARS",1,NA,-0.0791,36.711,-122.196,26.5679,250,1.2635,"marine biome  (ENVO:00000447)","coastal water (ENVO:00001250)","waterborne particulate matter (ENVO:01000436)",2023-05-22 17:53:00,0.1266,"USA:California:Monterey Bay","FK3",31.056,3,"14223c01_06c_eDNA",253.894,"GTACACACCGCCCGTC","TGATCCTTCTGCAGGTTCACCTAC","Cannon","c",34.1584,"Poretics","0.22um",-80,"environmental","14223c01_06c_eDNA_FK","AVITI 2x150 bp low output flow cell","MSU",NA,18,8.3253,2023,5,22,"CN23S MARS",250,"AVITI","CN23S MARS 250"
"170","14223c01_04c_eDNA_FK",0.0418468074407057,0.202404096655591,-0.0381455724363941,NA,"FK","14223c01_04c_eDNA_L1_R1.fastq.gz","14223c01_04c_eDNA_L1_R2.fastq.gz","Francisco Chavez",4,14223,"MBARI","Rachel Carson","ship",401.441,"MARS",1,NA,-0.1082,36.711,-122.196,26.7393,400,0.8192,"marine biome  (ENVO:00000447)","coastal water (ENVO:00001250)","waterborne particulate matter (ENVO:01000436)",2023-05-22 17:53:00,0.1239,"USA:California:Monterey Bay","FK5",39.831,5,"14223c01_04c_eDNA",404.817,"GTACACACCGCCCGTC","TGATCCTTCTGCAGGTTCACCTAC","Cannon","c",34.1991,"Poretics","0.22um",-80,"environmental","14223c01_04c_eDNA_FK","AVITI 2x150 bp low output flow cell","MSU",NA,18,7.3874,2023,5,22,"CN23S MARS",400,"AVITI","CN23S MARS 400"
"171","14223c01_01c_eDNA_FK",0.0654538563128878,0.187983296306612,0.0279849744565239,NA,"FK","14223c01_01c_eDNA_L1_R1.fastq.gz","14223c01_01c_eDNA_L1_R2.fastq.gz","Francisco Chavez",1,14223,"MBARI","Rachel Carson","ship",699.856,"MARS",1,NA,-0.0637,36.711,-122.196,27.1194,700,0.2595,"marine biome  (ENVO:00000447)","coastal water (ENVO:00001250)","waterborne particulate matter (ENVO:01000436)",2023-05-22 17:53:00,0.128,"USA:California:Monterey Bay","FK8",46.121,8,"14223c01_01c_eDNA",706.253,"GTACACACCGCCCGTC","TGATCCTTCTGCAGGTTCACCTAC","Cannon","c",34.3191,"Poretics","0.22um",-80,"environmental","14223c01_01c_eDNA_FK","AVITI 2x150 bp low output flow cell","MSU",NA,18,5.1966,2023,5,22,"CN23S MARS",700,"AVITI","CN23S MARS 700"
"172","22624c02_03c_eDNA_FK",-0.0273597595186069,0.138347332620601,-0.083005340956293,NA,"FK","22624c02_03c_eDNA_L1_R1.fastq.gz","22624c02_03c_eDNA_L1_R2.fastq.gz","Francisco Chavez",3,22624,"MBARI","RACHEL CARSON","ship",150.696,"MOORING1",2,NA,-0.0698,36.7472,-122.0217,26.3675,150,1.588,"marine biome  (ENVO:00000447)","coastal water (ENVO:00001250)","waterborne particulate matter (ENVO:01000436)",2024-08-13 17:36:00,0.1275,"USA:California:Monterey Bay","FK36",NA,36,"22624c02_03c_eDNA",151.871,"GTACACACCGCCCGTC","TGATCCTTCTGCAGGTTCACCTAC","PTLO","c",34.1,"Poretics","0.22um",-80,"environmental","22624c02_03c_eDNA_FK","AVITI 2x150 bp low output flow cell","MSU",NA,18,9.3023,2024,8,13,"MBTS 22624",150,"AVITI","MBTS 22624 150"
"173","22624c03_12c_eDNA_FK",0.12316273341174,-0.0846674345124583,-0.112421566169259,NA,"FK","22624c03_12c_eDNA_L1_R1.fastq.gz","22624c03_12c_eDNA_L1_R2.fastq.gz","Francisco Chavez",12,22624,"MBARI","RACHEL CARSON","ship",3.292,"MOORING2",3,NA,1.125,36.6968,-122.3775,25.3035,0,5.7844,"marine biome  (ENVO:00000447)","coastal water (ENVO:00001250)","waterborne particulate matter (ENVO:01000436)",2024-08-13 20:07:00,0.239,"USA:California:Monterey Bay","FK37",NA,37,"22624c03_12c_eDNA",3.316,"GTACACACCGCCCGTC","TGATCCTTCTGCAGGTTCACCTAC","PTLO","c",33.72,"Poretics","0.22um",-80,"environmental","22624c03_12c_eDNA_FK","AVITI 2x150 bp low output flow cell","MSU",NA,18,13.4873,2024,8,13,"MBTS 22624",0,"AVITI","MBTS 22624 0"
"174","22624c03_03c_eDNA_FK",-0.0184203210474669,0.146656828444409,-0.136364750766628,NA,"FK","22624c03_03c_eDNA_L1_R1.fastq.gz","22624c03_03c_eDNA_L1_R2.fastq.gz","Francisco Chavez",3,22624,"MBARI","RACHEL CARSON","ship",150.793,"MOORING2",3,NA,-0.0733,36.6968,-122.3775,26.411,150,1.5728,"marine biome  (ENVO:00000447)","coastal water (ENVO:00001250)","waterborne particulate matter (ENVO:01000436)",2024-08-13 20:07:00,0.1272,"USA:California:Monterey Bay","FK41",NA,41,"22624c03_03c_eDNA",151.969,"GTACACACCGCCCGTC","TGATCCTTCTGCAGGTTCACCTAC","PTLO","c",34.1293,"Poretics","0.22um",-80,"environmental","22624c03_03c_eDNA_FK","AVITI 2x150 bp low output flow cell","MSU",NA,18,9.1746,2024,8,13,"MBTS 22624",150,"AVITI","MBTS 22624 150"
"175","20524c03_12c_eDNA_FK",0.114424456706394,-0.090632273929735,-0.0159212644446115,NA,"FK","20524c03_12c_eDNA_L1_R1.fastq.gz","20524c03_12c_eDNA_L1_R2.fastq.gz","Francisco Chavez",12,20524,"MBARI","RACHEL CARSON","ship",2.759,"MOORING 2",3,NA,10.9805,36.6982,-122.378,25.0906,0,9.0136,"marine biome  (ENVO:00000447)","coastal water (ENVO:00001250)","waterborne particulate matter (ENVO:01000436)",2024-07-23 20:06:00,1.1592,"USA:California:Monterey Bay","FK52",NA,52,"20524c03_12c_eDNA",2.779,"GTACACACCGCCCGTC","TGATCCTTCTGCAGGTTCACCTAC","PTLO","c",33.7366,"Poretics","0.22um",-80,"environmental","20524c03_12c_eDNA_FK","AVITI 2x150 bp low output flow cell","MSU",NA,18,14.571,2024,7,23,"MBTS 20524",0,"AVITI","MBTS 20524 0"
"176","17024c03_03c_eDNA_FK",0.0020687598755162,0.184579809525896,-0.0605414182667362,NA,"FK","17024c03_03c_eDNA_L1_R1.fastq.gz","17024c03_03c_eDNA_L1_R2.fastq.gz","Francisco Chavez",3,17024,"MBARI","RACHEL CARSON","ship",151.154,"MOORING 2",3,NA,-0.0711,36.6942,-122.3785,26.4364,150,2.0085,"marine biome  (ENVO:00000447)","coastal water (ENVO:00001250)","waterborne particulate matter (ENVO:01000436)",2024-06-18 19:25:00,0.1274,"USA:California:Monterey Bay","FK57",NA,57,"17024c03_03c_eDNA",152.332,"GTACACACCGCCCGTC","TGATCCTTCTGCAGGTTCACCTAC","PTLO","c",34.0072,"Poretics","0.22um",-80,"environmental","17024c03_03c_eDNA_FK","AVITI 2x150 bp low output flow cell","MSU",NA,18,8.4001,2024,6,18,"MBTS 17024",150,"AVITI","MBTS 17024 150"
"177","17024c02_03c_eDNA_FK",0.00664428558692543,0.158378446785892,0.000296146313869919,NA,"FK","17024c02_03c_eDNA_L1_R1.fastq.gz","17024c02_03c_eDNA_L1_R2.fastq.gz","Francisco Chavez",3,17024,"MBARI","RACHEL CARSON","ship",151.895,"MOORING 1",2,NA,-0.0586,36.746,-122.0202,26.5569,150,1.3839,"marine biome  (ENVO:00000447)","coastal water (ENVO:00001250)","waterborne particulate matter (ENVO:01000436)",2024-06-18 16:32:00,0.1285,"USA:California:Monterey Bay","FK62",NA,62,"17024c02_03c_eDNA",153.079,"GTACACACCGCCCGTC","TGATCCTTCTGCAGGTTCACCTAC","PTLO","c",34.1188,"Poretics","0.22um",-80,"environmental","17024c02_03c_eDNA_FK","AVITI 2x150 bp low output flow cell","MSU",NA,18,8.1818,2024,6,18,"MBTS 17024",150,"AVITI","MBTS 17024 150"
"178","17024c01_03c_eDNA_FK",-0.0888371267551151,0.114813511047091,-0.0982739413293295,NA,"FK","17024c01_03c_eDNA_L1_R1.fastq.gz","17024c01_03c_eDNA_L1_R2.fastq.gz","Francisco Chavez",3,17024,"MBARI","RACHEL CARSON","ship",150.653,"C1",1,NA,0.0127,36.7982,-121.8468,26.5255,150,1.4072,"marine biome  (ENVO:00000447)","coastal water (ENVO:00001250)","waterborne particulate matter (ENVO:01000436)",2024-06-18 14:54:00,0.1352,"USA:California:Monterey Bay","FK67",32.027,67,"17024c01_03c_eDNA",151.829,"GTACACACCGCCCGTC","TGATCCTTCTGCAGGTTCACCTAC","PTLO","c",34.0735,"Poretics","0.22um",-80,"environmental","17024c01_03c_eDNA_FK","AVITI 2x150 bp low output flow cell","MSU",NA,18,8.1545,2024,6,18,"MBTS 17024",150,"AVITI","MBTS 17024 150"
