"","sample_name","PC1","PC2","PC3","ESP","PlateID","R1","R2","SAMPLING_PI","SAMPLING_bottle","SAMPLING_cruise","SAMPLING_institute","SAMPLING_platform","SAMPLING_platform_type","SAMPLING_rdepth","SAMPLING_station","SAMPLING_station_number","SC","chlorophyll","decimalLatitude","decimalLongitude","density","depth","diss_oxygen","env_broad_scale","env_local_scale","env_medium","eventDate","fluor","geo_loc_name","library","nitrate","order","original_name","pressure","primer_sequence_forward","primer_sequence_reverse","project_name","replicate","salinity","samp_filter_ext_type","samp_filter_size_ext","samp_store_temp","sample_type","seqID","seq_meth","sequencing_facility","tag_sequence","target_gene","temp","year","month","day","sample_source","depth_round","sequencer","source_depth"
"1","14223c01_07c_eDNA_FD",0.00179539331315494,0.120346143302581,0.0461513729479235,NA,"FD","14223c01_07c_eDNA_S2_L001_R1_001.fastq.gz","14223c01_07c_eDNA_S2_L001_R2_001.fastq.gz","Francisco Chavez",7,14223,"MBARI","Rachel Carson","ship",202.055,"MARS",1,NA,-0.0468,36.711,-122.196,26.5257,200,1.3929,"marine biome  (ENVO:00000447)","coastal water (ENVO:00001250)","waterborne particulate matter (ENVO:01000436)",2023-05-22 17:53:00,0.1296,"USA:California:Monterey Bay","FD2",27.967,2,"14223c01_07c_eDNA",203.656,"GTACACACCGCCCGTC","TGATCCTTCTGCAGGTTCACCTAC","Cannon","c",34.1371,"Poretics","0.22um",-80,"environmental","14223c01_07c_eDNA_FD","NGS Illumina Miseq","MSU","AGAACCTCGC",18,8.4879,2023,5,22,"CN23S MARS",200,"MiSeq","CN23S MARS 200"
"2","14223c01_06c_eDNA_FD",-0.0139660571502099,0.107669266705799,0.0673842552974748,NA,"FD","14223c01_06c_eDNA_S3_L001_R1_001.fastq.gz","14223c01_06c_eDNA_S3_L001_R2_001.fastq.gz","Francisco Chavez",6,14223,"MBARI","Rachel Carson","ship",251.868,"MARS",1,NA,-0.0791,36.711,-122.196,26.5679,250,1.2635,"marine biome  (ENVO:00000447)","coastal water (ENVO:00001250)","waterborne particulate matter (ENVO:01000436)",2023-05-22 17:53:00,0.1266,"USA:California:Monterey Bay","FD3",31.056,3,"14223c01_06c_eDNA",253.894,"GTACACACCGCCCGTC","TGATCCTTCTGCAGGTTCACCTAC","Cannon","c",34.1584,"Poretics","0.22um",-80,"environmental","14223c01_06c_eDNA_FD","NGS Illumina Miseq","MSU","ATCCGATCTT",18,8.3253,2023,5,22,"CN23S MARS",250,"MiSeq","CN23S MARS 250"
"3","14223c01_10c_eDNA_FD",-0.0517939907194173,-0.0203327231834301,0.0526830903924877,NA,"FD","14223c01_10c_eDNA_S4_L001_R1_001.fastq.gz","14223c01_10c_eDNA_S4_L001_R2_001.fastq.gz","Francisco Chavez",10,14223,"MBARI","Rachel Carson","ship",21.024,"MARS",1,NA,1.7658,36.711,-122.196,25.1101,20,6.0492,"marine biome  (ENVO:00000447)","coastal water (ENVO:00001250)","waterborne particulate matter (ENVO:01000436)",2023-05-22 17:53:00,0.2989,"USA:California:Monterey Bay","FD4",7.481,4,"14223c01_10c_eDNA",21.181,"GTACACACCGCCCGTC","TGATCCTTCTGCAGGTTCACCTAC","Cannon","c",33.2522,"Poretics","0.22um",-80,"environmental","14223c01_10c_eDNA_FD","NGS Illumina Miseq","MSU","AGAGAGACCG",18,12.6401,2023,5,22,"CN23S MARS",20,"MiSeq","CN23S MARS 20"
"4","14223c01_09c_eDNA_FD",0.0199728453423279,0.00520996463384849,0.0377179970808776,NA,"FD","14223c01_09c_eDNA_S6_L001_R1_001.fastq.gz","14223c01_09c_eDNA_S6_L001_R2_001.fastq.gz","Francisco Chavez",9,14223,"MBARI","Rachel Carson","ship",61.34,"MARS",1,NA,0.0674,36.711,-122.196,26.0385,60,3.4987,"marine biome  (ENVO:00000447)","coastal water (ENVO:00001250)","waterborne particulate matter (ENVO:01000436)",2023-05-22 17:53:00,0.1403,"USA:California:Monterey Bay","FD6",25.001,6,"14223c01_09c_eDNA",61.805,"GTACACACCGCCCGTC","TGATCCTTCTGCAGGTTCACCTAC","Cannon","c",33.8392,"Poretics","0.22um",-80,"environmental","14223c01_09c_eDNA_FD","NGS Illumina Miseq","MSU","GAGAAGCCGT",18,10.0487,2023,5,22,"CN23S MARS",60,"MiSeq","CN23S MARS 60"
"5","14223c01_02c_eDNA_FD",-0.0498938455748393,0.118298161565757,0.133113105281677,NA,"FD","14223c01_02c_eDNA_S7_L001_R1_001.fastq.gz","14223c01_02c_eDNA_S7_L001_R2_001.fastq.gz","Francisco Chavez",2,14223,"MBARI","Rachel Carson","ship",601.895,"MARS",1,NA,-0.1048,36.711,-122.196,26.9458,600,0.3844,"marine biome  (ENVO:00000447)","coastal water (ENVO:00001250)","waterborne particulate matter (ENVO:01000436)",2023-05-22 17:53:00,0.1242,"USA:California:Monterey Bay","FD7",43.736,7,"14223c01_02c_eDNA",607.252,"GTACACACCGCCCGTC","TGATCCTTCTGCAGGTTCACCTAC","Cannon","c",34.2505,"Poretics","0.22um",-80,"environmental","14223c01_02c_eDNA_FD","NGS Illumina Miseq","MSU","GAAGACTCGG",18,6.1689,2023,5,22,"CN23S MARS",600,"MiSeq","CN23S MARS 600"
"6","14223c01_12c_eDNA_FD",-0.0570600238392219,0.000866396233373659,0.101156532892219,NA,"FD","14223c01_12c_eDNA_S10_L001_R1_001.fastq.gz","14223c01_12c_eDNA_S10_L001_R2_001.fastq.gz","Francisco Chavez",12,14223,"MBARI","Rachel Carson","ship",3.112,"MARS",1,NA,1.1456,36.711,-122.196,25.0996,0,6.0942,"marine biome  (ENVO:00000447)","coastal water (ENVO:00001250)","waterborne particulate matter (ENVO:01000436)",2023-05-22 17:53:00,0.241,"USA:California:Monterey Bay","FD10",6.645,10,"14223c01_12c_eDNA",3.135,"GTACACACCGCCCGTC","TGATCCTTCTGCAGGTTCACCTAC","Cannon","c",33.2531,"Poretics","0.22um",-80,"environmental","14223c01_12c_eDNA_FD","NGS Illumina Miseq","MSU","CCTACGGACA",18,12.6957,2023,5,22,"CN23S MARS",0,"MiSeq","CN23S MARS 0"
"7","14223c01_08c_eDNA_FD",0.0115289899090322,0.0307432258827988,0.0431673988083127,NA,"FD","14223c01_08c_eDNA_S11_L001_R1_001.fastq.gz","14223c01_08c_eDNA_S11_L001_R2_001.fastq.gz","Francisco Chavez",8,14223,"MBARI","Rachel Carson","ship",101.114,"MARS",1,NA,-0.0212,36.711,-122.196,26.2686,100,2.4491,"marine biome  (ENVO:00000447)","coastal water (ENVO:00001250)","waterborne particulate matter (ENVO:01000436)",2023-05-22 17:53:00,0.132,"USA:California:Monterey Bay","FD11",23.505,11,"14223c01_08c_eDNA",101.89,"GTACACACCGCCCGTC","TGATCCTTCTGCAGGTTCACCTAC","Cannon","c",33.9602,"Poretics","0.22um",-80,"environmental","14223c01_08c_eDNA_FD","NGS Illumina Miseq","MSU","CGGACGTTAA",18,9.2321,2023,5,22,"CN23S MARS",100,"MiSeq","CN23S MARS 100"
"8","25424c01_12c_eDNA_FD",-0.0724449965579489,0.00585740485222429,0.0171703524117171,NA,"FD","25424c01_12c_eDNA_S12_L001_R1_001.fastq.gz","25424c01_12c_eDNA_S12_L001_R2_001.fastq.gz","Francisco Chavez",12,25424,"MBARI","Rachel Carson","ship",3.072,"c1",1,NA,3.3251,36.7975,-121.8475,25.0484,0,5.8805,"marine biome  (ENVO:00000447)","coastal water (ENVO:00001250)","waterborne particulate matter (ENVO:01000436)",2024-09-10 14:48:00,0.4445,"USA:California:Monterey Bay","FD12",NA,12,"25424c01_12c_eDNA",3.094,"GTACACACCGCCCGTC","TGATCCTTCTGCAGGTTCACCTAC","PTLO","c",33.8047,"Poretics","0.22um",-80,"environmental","25424c01_12c_eDNA_FD","NGS Illumina Miseq","MSU","CATTGCTGTT",18,15.01,2024,9,10,"MBTS 25424",0,"MiSeq","MBTS 25424 0"
"9","25424c01_10c_eDNA_FD",-0.0446152752185299,-0.0420608856539573,0.0592501329524299,NA,"FD","25424c01_10c_eDNA_S13_L001_R1_001.fastq.gz","25424c01_10c_eDNA_S13_L001_R2_001.fastq.gz","Francisco Chavez",10,25424,"MBARI","Rachel Carson","ship",10.238,"c1",1,NA,0.7041,36.7975,-121.8475,25.6966,10,3.9941,"marine biome  (ENVO:00000447)","coastal water (ENVO:00001250)","waterborne particulate matter (ENVO:01000436)",2024-09-10 14:48:00,0.1997,"USA:California:Monterey Bay","FD13",NA,13,"25424c01_10c_eDNA",10.314,"GTACACACCGCCCGTC","TGATCCTTCTGCAGGTTCACCTAC","PTLO","c",33.8077,"Poretics","0.22um",-80,"environmental","25424c01_10c_eDNA_FD","NGS Illumina Miseq","MSU","AGATGCGACG",18,11.8235,2024,9,10,"MBTS 25424",10,"MiSeq","MBTS 25424 10"
"10","25424c01_09c_eDNA_FD",-0.0229689194214446,-0.0457451847458034,0.0722529488572675,NA,"FD","25424c01_09c_eDNA_S14_L001_R1_001.fastq.gz","25424c01_09c_eDNA_S14_L001_R2_001.fastq.gz","Francisco Chavez",9,25424,"MBARI","Rachel Carson","ship",20.421,"c1",1,NA,0.4298,36.7975,-121.8475,25.8362,20,3.4435,"marine biome  (ENVO:00000447)","coastal water (ENVO:00001250)","waterborne particulate matter (ENVO:01000436)",2024-09-10 14:48:00,0.1741,"USA:California:Monterey Bay","FD14",NA,14,"25424c01_09c_eDNA",20.574,"GTACACACCGCCCGTC","TGATCCTTCTGCAGGTTCACCTAC","PTLO","c",33.8352,"Poretics","0.22um",-80,"environmental","25424c01_09c_eDNA_FD","NGS Illumina Miseq","MSU","ATACATCGCA",18,11.1818,2024,9,10,"MBTS 25424",20,"MiSeq","MBTS 25424 20"
"11","25424c01_06c_eDNA_FD",0.024957952584203,-0.0120852226470327,0.035028259169436,NA,"FD","25424c01_06c_eDNA_S15_L001_R1_001.fastq.gz","25424c01_06c_eDNA_S15_L001_R2_001.fastq.gz","Francisco Chavez",6,25424,"MBARI","Rachel Carson","ship",59.967,"c1",1,NA,0.0431,36.7975,-121.8475,26.0666,60,2.0678,"marine biome  (ENVO:00000447)","coastal water (ENVO:00001250)","waterborne particulate matter (ENVO:01000436)",2024-09-10 14:48:00,0.138,"USA:California:Monterey Bay","FD15",NA,15,"25424c01_06c_eDNA",60.422,"GTACACACCGCCCGTC","TGATCCTTCTGCAGGTTCACCTAC","PTLO","c",33.918,"Poretics","0.22um",-80,"environmental","25424c01_06c_eDNA_FD","NGS Illumina Miseq","MSU","TAGCGCAATA",18,10.2451,2024,9,10,"MBTS 25424",60,"MiSeq","MBTS 25424 60"
"12","25424c01_03c_eDNA_FD",0.0392695761785009,0.00530507546034814,0.0600968377016258,NA,"FD","25424c01_03c_eDNA_S16_L001_R1_001.fastq.gz","25424c01_03c_eDNA_S16_L001_R2_001.fastq.gz","Francisco Chavez",3,25424,"MBARI","Rachel Carson","ship",149.061,"c1",1,NA,0.0169,36.7975,-121.8475,26.3645,150,1.1609,"marine biome  (ENVO:00000447)","coastal water (ENVO:00001250)","waterborne particulate matter (ENVO:01000436)",2024-09-10 14:48:00,0.1356,"USA:California:Monterey Bay","FD16",NA,16,"25424c01_03c_eDNA",150.223,"GTACACACCGCCCGTC","TGATCCTTCTGCAGGTTCACCTAC","PTLO","c",34.047,"Poretics","0.22um",-80,"environmental","25424c01_03c_eDNA_FD","NGS Illumina Miseq","MSU","TAACGCAGTC",18,9.062,2024,9,10,"MBTS 25424",150,"MiSeq","MBTS 25424 150"
"13","25424c02_12c_eDNA_FD",-0.0791030986540398,0.00616552237799478,0.0656643513499278,NA,"FD","25424c02_12c_eDNA_S17_L001_R1_001.fastq.gz","25424c02_12c_eDNA_S17_L001_R2_001.fastq.gz","Francisco Chavez",12,25424,"MBARI","Rachel Carson","ship",3.087,"Mooring1",2,NA,3.2152,36.7465,-122.0202,25.1026,0,5.9011,"marine biome  (ENVO:00000447)","coastal water (ENVO:00001250)","waterborne particulate matter (ENVO:01000436)",2024-09-10 16:26:00,0.4342,"USA:California:Monterey Bay","FD17",NA,17,"25424c02_12c_eDNA",3.11,"GTACACACCGCCCGTC","TGATCCTTCTGCAGGTTCACCTAC","PTLO","c",33.7859,"Poretics","0.22um",-80,"environmental","25424c02_12c_eDNA_FD","NGS Illumina Miseq","MSU","ACCTAAGAGC",18,14.6922,2024,9,10,"MBTS 25424",0,"MiSeq","MBTS 25424 0"
"14","25424c02_10c_eDNA_FD",-0.0757155145113617,-0.0315981526553694,0.0462468493701431,NA,"FD","25424c02_10c_eDNA_S18_L001_R1_001.fastq.gz","25424c02_10c_eDNA_S18_L001_R2_001.fastq.gz","Francisco Chavez",10,25424,"MBARI","Rachel Carson","ship",10.18,"Mooring1",2,NA,4.1594,36.7465,-122.0202,25.22,10,5.6191,"marine biome  (ENVO:00000447)","coastal water (ENVO:00001250)","waterborne particulate matter (ENVO:01000436)",2024-09-10 16:26:00,0.5224,"USA:California:Monterey Bay","FD18",NA,18,"25424c02_10c_eDNA",10.255,"GTACACACCGCCCGTC","TGATCCTTCTGCAGGTTCACCTAC","PTLO","c",33.7692,"Poretics","0.22um",-80,"environmental","25424c02_10c_eDNA_FD","NGS Illumina Miseq","MSU","AGGCATAATG",18,14.0783,2024,9,10,"MBTS 25424",10,"MiSeq","MBTS 25424 10"
"15","25424c02_09c_eDNA_FD",-0.0517162815050713,-0.0365517362729844,0.0489757567194576,NA,"FD","25424c02_09c_eDNA_S19_L001_R1_001.fastq.gz","25424c02_09c_eDNA_S19_L001_R2_001.fastq.gz","Francisco Chavez",9,25424,"MBARI","Rachel Carson","ship",20.181,"Mooring1",2,NA,1.6478,36.7465,-122.0202,25.6007,20,4.0424,"marine biome  (ENVO:00000447)","coastal water (ENVO:00001250)","waterborne particulate matter (ENVO:01000436)",2024-09-10 16:26:00,0.2879,"USA:California:Monterey Bay","FD19",NA,19,"25424c02_09c_eDNA",20.332,"GTACACACCGCCCGTC","TGATCCTTCTGCAGGTTCACCTAC","PTLO","c",33.758,"Poretics","0.22um",-80,"environmental","25424c02_09c_eDNA_FD","NGS Illumina Miseq","MSU","GATCGGTAAT",18,12.1278,2024,9,10,"MBTS 25424",20,"MiSeq","MBTS 25424 20"
"16","25424c02_06c_eDNA_FD",0.0380088722554488,0.000143567199205494,0.0529234732480075,NA,"FD","25424c02_06c_eDNA_S20_L001_R1_001.fastq.gz","25424c02_06c_eDNA_S20_L001_R2_001.fastq.gz","Francisco Chavez",6,25424,"MBARI","Rachel Carson","ship",60.456,"Mooring1",2,NA,-0.0074,36.7465,-122.0202,26.0483,60,2.187,"marine biome  (ENVO:00000447)","coastal water (ENVO:00001250)","waterborne particulate matter (ENVO:01000436)",2024-09-10 16:26:00,0.1333,"USA:California:Monterey Bay","FD20",NA,20,"25424c02_06c_eDNA",60.914,"GTACACACCGCCCGTC","TGATCCTTCTGCAGGTTCACCTAC","PTLO","c",33.8969,"Poretics","0.22um",-80,"environmental","25424c02_06c_eDNA_FD","NGS Illumina Miseq","MSU","GCAACACGGA",18,10.2553,2024,9,10,"MBTS 25424",60,"MiSeq","MBTS 25424 60"
"17","25424c02_03c_eDNA_FD",0.036050884499585,0.0674259370377494,0.088524008533471,NA,"FD","25424c02_03c_eDNA_S21_L001_R1_001.fastq.gz","25424c02_03c_eDNA_S21_L001_R2_001.fastq.gz","Francisco Chavez",3,25424,"MBARI","Rachel Carson","ship",150.486,"Mooring1",2,NA,-0.0498,36.7465,-122.0202,26.2959,150,1.4903,"marine biome  (ENVO:00000447)","coastal water (ENVO:00001250)","waterborne particulate matter (ENVO:01000436)",2024-09-10 16:26:00,0.1293,"USA:California:Monterey Bay","FD21",NA,21,"25424c02_03c_eDNA",151.659,"GTACACACCGCCCGTC","TGATCCTTCTGCAGGTTCACCTAC","PTLO","c",34.0379,"Poretics","0.22um",-80,"environmental","25424c02_03c_eDNA_FD","NGS Illumina Miseq","MSU","GAACGTTCGG",18,9.4442,2024,9,10,"MBTS 25424",150,"MiSeq","MBTS 25424 150"
"18","25424c03_12c_eDNA_FD",-0.0959551349985861,-0.015642893978392,0.0845665290956736,NA,"FD","25424c03_12c_eDNA_S22_L001_R1_001.fastq.gz","25424c03_12c_eDNA_S22_L001_R2_001.fastq.gz","Francisco Chavez",12,25424,"MBARI","Rachel Carson","ship",2.626,"Mooring2",3,NA,4.8098,36.695,-122.3813,25.1923,0,6.5254,"marine biome  (ENVO:00000447)","coastal water (ENVO:00001250)","waterborne particulate matter (ENVO:01000436)",2024-09-10 19:04:00,0.5831,"USA:California:Monterey Bay","FD22",NA,22,"25424c03_12c_eDNA",2.646,"GTACACACCGCCCGTC","TGATCCTTCTGCAGGTTCACCTAC","PTLO","c",33.6627,"Poretics","0.22um",-80,"environmental","25424c03_12c_eDNA_FD","NGS Illumina Miseq","MSU","TGCTGAACGC",18,13.8142,2024,9,10,"MBTS 25424",0,"MiSeq","MBTS 25424 0"
"19","25424c03_10c_eDNA_FD",-0.0575846130874607,-0.0243367833003613,0.0415025325466721,NA,"FD","25424c03_10c_eDNA_S23_L001_R1_001.fastq.gz","25424c03_10c_eDNA_S23_L001_R2_001.fastq.gz","Francisco Chavez",10,25424,"MBARI","Rachel Carson","ship",10.316,"Mooring2",3,NA,6.4959,36.695,-122.3813,25.4318,10,5.4528,"marine biome  (ENVO:00000447)","coastal water (ENVO:00001250)","waterborne particulate matter (ENVO:01000436)",2024-09-10 19:04:00,0.7405,"USA:California:Monterey Bay","FD23",NA,23,"25424c03_10c_eDNA",10.392,"GTACACACCGCCCGTC","TGATCCTTCTGCAGGTTCACCTAC","PTLO","c",33.7459,"Poretics","0.22um",-80,"environmental","25424c03_10c_eDNA_FD","NGS Illumina Miseq","MSU","TTAGACCACA",18,12.9488,2024,9,10,"MBTS 25424",10,"MiSeq","MBTS 25424 10"
"20","25424c03_09c_eDNA_FD",-0.0224311926999359,-0.0440756304518689,0.0504576667216088,NA,"FD","25424c03_09c_eDNA_S24_L001_R1_001.fastq.gz","25424c03_09c_eDNA_S24_L001_R2_001.fastq.gz","Francisco Chavez",9,25424,"MBARI","Rachel Carson","ship",20.289,"Mooring2",3,NA,0.6123,36.695,-122.3813,25.56,20,4.4551,"marine biome  (ENVO:00000447)","coastal water (ENVO:00001250)","waterborne particulate matter (ENVO:01000436)",2024-09-10 19:04:00,0.1912,"USA:California:Monterey Bay","FD24",NA,24,"25424c03_09c_eDNA",20.441,"GTACACACCGCCCGTC","TGATCCTTCTGCAGGTTCACCTAC","PTLO","c",33.6052,"Poretics","0.22um",-80,"environmental","25424c03_09c_eDNA_FD","NGS Illumina Miseq","MSU","CCATAAGCCA",18,11.7133,2024,9,10,"MBTS 25424",20,"MiSeq","MBTS 25424 20"
"21","25424c03_06c_eDNA_FD",0.0401647712492365,0.0254645860643866,0.055641249932772,NA,"FD","25424c03_06c_eDNA_S25_L001_R1_001.fastq.gz","25424c03_06c_eDNA_S25_L001_R2_001.fastq.gz","Francisco Chavez",6,25424,"MBARI","Rachel Carson","ship",60.038,"Mooring2",3,NA,-0.0354,36.695,-122.3813,26.0261,60,2.0215,"marine biome  (ENVO:00000447)","coastal water (ENVO:00001250)","waterborne particulate matter (ENVO:01000436)",2024-09-10 19:04:00,0.1307,"USA:California:Monterey Bay","FD25",NA,25,"25424c03_06c_eDNA",60.493,"GTACACACCGCCCGTC","TGATCCTTCTGCAGGTTCACCTAC","PTLO","c",33.8599,"Poretics","0.22um",-80,"environmental","25424c03_06c_eDNA_FD","NGS Illumina Miseq","MSU","ATGGCTTCTA",18,10.2163,2024,9,10,"MBTS 25424",60,"MiSeq","MBTS 25424 60"
"22","25424c03_03c_eDNA_FD",0.0154342652540839,0.0426086124055915,0.0505397396162952,NA,"FD","25424c03_03c_eDNA_S26_L001_R1_001.fastq.gz","25424c03_03c_eDNA_S26_L001_R2_001.fastq.gz","Francisco Chavez",3,25424,"MBARI","Rachel Carson","ship",149.85,"Mooring2",3,NA,-0.0634,36.695,-122.3813,26.2385,150,1.5513,"marine biome  (ENVO:00000447)","coastal water (ENVO:00001250)","waterborne particulate matter (ENVO:01000436)",2024-09-10 19:04:00,0.1281,"USA:California:Monterey Bay","FD26",NA,26,"25424c03_03c_eDNA",151.017,"GTACACACCGCCCGTC","TGATCCTTCTGCAGGTTCACCTAC","PTLO","c",34.0117,"Poretics","0.22um",-80,"environmental","25424c03_03c_eDNA_FD","NGS Illumina Miseq","MSU","CAACAGTGGA",18,9.6688,2024,9,10,"MBTS 25424",150,"MiSeq","MBTS 25424 150"
"23","22624c01_12c_eDNA_FD",-0.0921608013924318,-0.00762580307260051,0.0744704035437719,NA,"FD","22624c01_12c_eDNA_S27_L001_R1_001.fastq.gz","22624c01_12c_eDNA_S27_L001_R2_001.fastq.gz","Francisco Chavez",12,22624,"MBARI","RACHEL CARSON","ship",3.164,"C1",1,NA,8.941,36.7973,-121.847,25.6757,0,5.5359,"marine biome  (ENVO:00000447)","coastal water (ENVO:00001250)","waterborne particulate matter (ENVO:01000436)",2024-08-13 15:53:00,0.9688,"USA:California:Monterey Bay","FD27",NA,27,"22624c01_12c_eDNA",3.187,"GTACACACCGCCCGTC","TGATCCTTCTGCAGGTTCACCTAC","PTLO","c",33.8171,"Poretics","0.22um",-80,"environmental","22624c01_12c_eDNA_FD","NGS Illumina Miseq","MSU","ACGATGCAAC",18,11.9723,2024,8,13,"MBTS 22624",0,"MiSeq","MBTS 22624 0"
"24","22624c01_10c_eDNA_FD",-0.0292609346567081,-0.0380004283986597,-0.0207400825088974,NA,"FD","22624c01_10c_eDNA_S28_L001_R1_001.fastq.gz","22624c01_10c_eDNA_S28_L001_R2_001.fastq.gz","Francisco Chavez",10,22624,"MBARI","RACHEL CARSON","ship",11.021,"C1",1,NA,5.9354,36.7973,-121.847,25.7897,10,4.1396,"marine biome  (ENVO:00000447)","coastal water (ENVO:00001250)","waterborne particulate matter (ENVO:01000436)",2024-08-13 15:53:00,0.6882,"USA:California:Monterey Bay","FD28",NA,28,"22624c01_10c_eDNA",11.103,"GTACACACCGCCCGTC","TGATCCTTCTGCAGGTTCACCTAC","PTLO","c",33.8282,"Poretics","0.22um",-80,"environmental","22624c01_10c_eDNA_FD","NGS Illumina Miseq","MSU","TCACTTCGCA",18,11.4065,2024,8,13,"MBTS 22624",10,"MiSeq","MBTS 22624 10"
"25","22624c01_09c_eDNA_FD",0.0134106614452444,-0.0183554401307614,-0.0334634024074384,NA,"FD","22624c01_09c_eDNA_S29_L001_R1_001.fastq.gz","22624c01_09c_eDNA_S29_L001_R2_001.fastq.gz","Francisco Chavez",9,22624,"MBARI","RACHEL CARSON","ship",20.8,"C1",1,NA,0.1589,36.7973,-121.847,26.0656,20,2.1549,"marine biome  (ENVO:00000447)","coastal water (ENVO:00001250)","waterborne particulate matter (ENVO:01000436)",2024-08-13 15:53:00,0.1488,"USA:California:Monterey Bay","FD29",NA,29,"22624c01_09c_eDNA",20.955,"GTACACACCGCCCGTC","TGATCCTTCTGCAGGTTCACCTAC","PTLO","c",33.8705,"Poretics","0.22um",-80,"environmental","22624c01_09c_eDNA_FD","NGS Illumina Miseq","MSU","AACGCCATTC",18,10.0285,2024,8,13,"MBTS 22624",20,"MiSeq","MBTS 22624 20"
"26","22624c01_06c_eDNA_FD",0.047988135240587,0.045038543071278,-0.00195941391438508,NA,"FD","22624c01_06c_eDNA_S30_L001_R1_001.fastq.gz","22624c01_06c_eDNA_S30_L001_R2_001.fastq.gz","Francisco Chavez",6,22624,"MBARI","RACHEL CARSON","ship",61.245,"C1",1,NA,-0.0148,36.7973,-121.847,26.2464,60,1.5823,"marine biome  (ENVO:00000447)","coastal water (ENVO:00001250)","waterborne particulate matter (ENVO:01000436)",2024-08-13 15:53:00,0.1326,"USA:California:Monterey Bay","FD30",NA,30,"22624c01_06c_eDNA",61.709,"GTACACACCGCCCGTC","TGATCCTTCTGCAGGTTCACCTAC","PTLO","c",33.9986,"Poretics","0.22um",-80,"environmental","22624c01_06c_eDNA_FD","NGS Illumina Miseq","MSU","CTTCCTAGGC",18,9.5484,2024,8,13,"MBTS 22624",60,"MiSeq","MBTS 22624 60"
"27","22624c01_03c_eDNA_FD",0.0399228285152677,0.033665482506309,0.0733837077045551,NA,"FD","22624c01_03c_eDNA_S31_L001_R1_001.fastq.gz","22624c01_03c_eDNA_S31_L001_R2_001.fastq.gz","Francisco Chavez",3,22624,"MBARI","RACHEL CARSON","ship",150.604,"C1",1,NA,-0.037,36.7973,-121.847,26.437,150,1.3372,"marine biome  (ENVO:00000447)","coastal water (ENVO:00001250)","waterborne particulate matter (ENVO:01000436)",2024-08-13 15:53:00,0.1305,"USA:California:Monterey Bay","FD31",NA,31,"22624c01_03c_eDNA",151.779,"GTACACACCGCCCGTC","TGATCCTTCTGCAGGTTCACCTAC","PTLO","c",34.0616,"Poretics","0.22um",-80,"environmental","22624c01_03c_eDNA_FD","NGS Illumina Miseq","MSU","CGTAGACGTG",18,8.674,2024,8,13,"MBTS 22624",150,"MiSeq","MBTS 22624 150"
"28","22624c02_12c_eDNA_FD",-0.110839841254393,-0.00181660846815308,0.0998501093129528,NA,"FD","22624c02_12c_eDNA_S32_L001_R1_001.fastq.gz","22624c02_12c_eDNA_S32_L001_R2_001.fastq.gz","Francisco Chavez",12,22624,"MBARI","RACHEL CARSON","ship",2.958,"MOORING1",2,NA,1.4298,36.7472,-122.0217,25.4541,0,5.5156,"marine biome  (ENVO:00000447)","coastal water (ENVO:00001250)","waterborne particulate matter (ENVO:01000436)",2024-08-13 17:36:00,0.2675,"USA:California:Monterey Bay","FD32",NA,32,"22624c02_12c_eDNA",2.979,"GTACACACCGCCCGTC","TGATCCTTCTGCAGGTTCACCTAC","PTLO","c",33.7542,"Poretics","0.22um",-80,"environmental","22624c02_12c_eDNA_FD","NGS Illumina Miseq","MSU","GTGCCTCTGA",18,12.8679,2024,8,13,"MBTS 22624",0,"MiSeq","MBTS 22624 0"
"29","22624c02_10c_eDNA_FD",-0.103915337132394,-0.0174522217694522,0.0437934539652435,NA,"FD","22624c02_10c_eDNA_S33_L001_R1_001.fastq.gz","22624c02_10c_eDNA_S33_L001_R2_001.fastq.gz","Francisco Chavez",10,22624,"MBARI","RACHEL CARSON","ship",10.591,"MOORING1",2,NA,5.1999,36.7472,-122.0217,25.5357,10,5.446,"marine biome  (ENVO:00000447)","coastal water (ENVO:00001250)","waterborne particulate matter (ENVO:01000436)",2024-08-13 17:36:00,0.6195,"USA:California:Monterey Bay","FD33",NA,33,"22624c02_10c_eDNA",10.67,"GTACACACCGCCCGTC","TGATCCTTCTGCAGGTTCACCTAC","PTLO","c",33.7655,"Poretics","0.22um",-80,"environmental","22624c02_10c_eDNA_FD","NGS Illumina Miseq","MSU","TACCTAAGTG",18,12.4964,2024,8,13,"MBTS 22624",10,"MiSeq","MBTS 22624 10"
"30","22624c02_09c_eDNA_FD",-0.0905651810335697,-0.0315554764894066,0.0296007875408875,NA,"FD","22624c02_09c_eDNA_S34_L001_R1_001.fastq.gz","22624c02_09c_eDNA_S34_L001_R2_001.fastq.gz","Francisco Chavez",9,22624,"MBARI","RACHEL CARSON","ship",20.485,"MOORING1",2,NA,7.9923,36.7472,-122.0217,25.6475,20,5.0903,"marine biome  (ENVO:00000447)","coastal water (ENVO:00001250)","waterborne particulate matter (ENVO:01000436)",2024-08-13 17:36:00,0.8802,"USA:California:Monterey Bay","FD34",NA,34,"22624c02_09c_eDNA",20.638,"GTACACACCGCCCGTC","TGATCCTTCTGCAGGTTCACCTAC","PTLO","c",33.8058,"Poretics","0.22um",-80,"environmental","22624c02_09c_eDNA_FD","NGS Illumina Miseq","MSU","TGTCGTTAAG",18,12.0772,2024,8,13,"MBTS 22624",20,"MiSeq","MBTS 22624 20"
"31","22624c02_06c_eDNA_FD",0.0112782546876302,-0.0026410900510498,-0.0078477993648392,NA,"FD","22624c02_06c_eDNA_S35_L001_R1_001.fastq.gz","22624c02_06c_eDNA_S35_L001_R2_001.fastq.gz","Francisco Chavez",6,22624,"MBARI","RACHEL CARSON","ship",60.306,"MOORING1",2,NA,0.0775,36.7472,-122.0217,26.0722,60,2.2572,"marine biome  (ENVO:00000447)","coastal water (ENVO:00001250)","waterborne particulate matter (ENVO:01000436)",2024-08-13 17:36:00,0.1412,"USA:California:Monterey Bay","FD35",NA,35,"22624c02_06c_eDNA",60.763,"GTACACACCGCCCGTC","TGATCCTTCTGCAGGTTCACCTAC","PTLO","c",33.8953,"Poretics","0.22um",-80,"environmental","22624c02_06c_eDNA_FD","NGS Illumina Miseq","MSU","AACGTCCAGT",18,10.1082,2024,8,13,"MBTS 22624",60,"MiSeq","MBTS 22624 60"
"32","22624c02_03c_eDNA_FD",0.0041845408909497,0.0651647296802466,0.10212878373018,NA,"FD","22624c02_03c_eDNA_S36_L001_R1_001.fastq.gz","22624c02_03c_eDNA_S36_L001_R2_001.fastq.gz","Francisco Chavez",3,22624,"MBARI","RACHEL CARSON","ship",150.696,"MOORING1",2,NA,-0.0698,36.7472,-122.0217,26.3675,150,1.588,"marine biome  (ENVO:00000447)","coastal water (ENVO:00001250)","waterborne particulate matter (ENVO:01000436)",2024-08-13 17:36:00,0.1275,"USA:California:Monterey Bay","FD36",NA,36,"22624c02_03c_eDNA",151.871,"GTACACACCGCCCGTC","TGATCCTTCTGCAGGTTCACCTAC","PTLO","c",34.1,"Poretics","0.22um",-80,"environmental","22624c02_03c_eDNA_FD","NGS Illumina Miseq","MSU","AATAGCTGTG",18,9.3023,2024,8,13,"MBTS 22624",150,"MiSeq","MBTS 22624 150"
"33","22624c03_12c_eDNA_FD",-0.10274824650738,-0.0135750079615057,0.0675814433353565,NA,"FD","22624c03_12c_eDNA_S37_L001_R1_001.fastq.gz","22624c03_12c_eDNA_S37_L001_R2_001.fastq.gz","Francisco Chavez",12,22624,"MBARI","RACHEL CARSON","ship",3.292,"MOORING2",3,NA,1.125,36.6968,-122.3775,25.3035,0,5.7844,"marine biome  (ENVO:00000447)","coastal water (ENVO:00001250)","waterborne particulate matter (ENVO:01000436)",2024-08-13 20:07:00,0.239,"USA:California:Monterey Bay","FD37",NA,37,"22624c03_12c_eDNA",3.316,"GTACACACCGCCCGTC","TGATCCTTCTGCAGGTTCACCTAC","PTLO","c",33.72,"Poretics","0.22um",-80,"environmental","22624c03_12c_eDNA_FD","NGS Illumina Miseq","MSU","TCCTGAACTT",18,13.4873,2024,8,13,"MBTS 22624",0,"MiSeq","MBTS 22624 0"
"34","22624c03_10c_eDNA_FD",-0.0863698870415362,-0.0137605766763336,0.00915243367019569,NA,"FD","22624c03_10c_eDNA_S38_L001_R1_001.fastq.gz","22624c03_10c_eDNA_S38_L001_R2_001.fastq.gz","Francisco Chavez",10,22624,"MBARI","RACHEL CARSON","ship",10.795,"MOORING2",3,NA,4.4473,36.6968,-122.3775,25.4209,10,5.9201,"marine biome  (ENVO:00000447)","coastal water (ENVO:00001250)","waterborne particulate matter (ENVO:01000436)",2024-08-13 20:07:00,0.5493,"USA:California:Monterey Bay","FD38",NA,38,"22624c03_10c_eDNA",10.875,"GTACACACCGCCCGTC","TGATCCTTCTGCAGGTTCACCTAC","PTLO","c",33.7393,"Poretics","0.22um",-80,"environmental","22624c03_10c_eDNA_FD","NGS Illumina Miseq","MSU","CGTTGGTAAC",18,12.9779,2024,8,13,"MBTS 22624",10,"MiSeq","MBTS 22624 10"
"35","22624c03_09c_eDNA_FD",-0.0828058723698704,-0.0181101936973043,-0.00210848497434371,NA,"FD","22624c03_09c_eDNA_S39_L001_R1_001.fastq.gz","22624c03_09c_eDNA_S39_L001_R2_001.fastq.gz","Francisco Chavez",9,22624,"MBARI","RACHEL CARSON","ship",20.375,"MOORING2",3,NA,4.0849,36.6968,-122.3775,25.4515,20,5.5692,"marine biome  (ENVO:00000447)","coastal water (ENVO:00001250)","waterborne particulate matter (ENVO:01000436)",2024-08-13 20:07:00,0.5154,"USA:California:Monterey Bay","FD39",NA,39,"22624c03_09c_eDNA",20.527,"GTACACACCGCCCGTC","TGATCCTTCTGCAGGTTCACCTAC","PTLO","c",33.7369,"Poretics","0.22um",-80,"environmental","22624c03_09c_eDNA_FD","NGS Illumina Miseq","MSU","TCACTGGACT",18,12.8153,2024,8,13,"MBTS 22624",20,"MiSeq","MBTS 22624 20"
"36","22624c03_06c_eDNA_FD",-0.00287224430838882,0.0184752663662564,0.0411511557549513,NA,"FD","22624c03_06c_eDNA_S40_L001_R1_001.fastq.gz","22624c03_06c_eDNA_S40_L001_R2_001.fastq.gz","Francisco Chavez",6,22624,"MBARI","RACHEL CARSON","ship",60.383,"MOORING2",3,NA,0.0159,36.6968,-122.3775,26.0543,60,2.3923,"marine biome  (ENVO:00000447)","coastal water (ENVO:00001250)","waterborne particulate matter (ENVO:01000436)",2024-08-13 20:07:00,0.1355,"USA:California:Monterey Bay","FD40",NA,40,"22624c03_06c_eDNA",60.84,"GTACACACCGCCCGTC","TGATCCTTCTGCAGGTTCACCTAC","PTLO","c",33.8559,"Poretics","0.22um",-80,"environmental","22624c03_06c_eDNA_FD","NGS Illumina Miseq","MSU","TAGCCTAGCG",18,10.0319,2024,8,13,"MBTS 22624",60,"MiSeq","MBTS 22624 60"
"37","22624c03_03c_eDNA_FD",0.00384417133063653,0.101666044270813,0.0295275168619843,NA,"FD","22624c03_03c_eDNA_S41_L001_R1_001.fastq.gz","22624c03_03c_eDNA_S41_L001_R2_001.fastq.gz","Francisco Chavez",3,22624,"MBARI","RACHEL CARSON","ship",150.793,"MOORING2",3,NA,-0.0733,36.6968,-122.3775,26.411,150,1.5728,"marine biome  (ENVO:00000447)","coastal water (ENVO:00001250)","waterborne particulate matter (ENVO:01000436)",2024-08-13 20:07:00,0.1272,"USA:California:Monterey Bay","FD41",NA,41,"22624c03_03c_eDNA",151.969,"GTACACACCGCCCGTC","TGATCCTTCTGCAGGTTCACCTAC","PTLO","c",34.1293,"Poretics","0.22um",-80,"environmental","22624c03_03c_eDNA_FD","NGS Illumina Miseq","MSU","CCTTACCTAT",18,9.1746,2024,8,13,"MBTS 22624",150,"MiSeq","MBTS 22624 150"
"38","20524c02_12c_eDNA_FD",-0.0975291759414927,-0.0374103260128835,0.074306489194867,NA,"FD","20524c02_12c_eDNA_S42_L001_R1_001.fastq.gz","20524c02_12c_eDNA_S42_L001_R2_001.fastq.gz","Francisco Chavez",12,20524,"MBARI","RACHEL CARSON","ship",2.817,"MOORING 1",2,NA,3.7425,36.7477,-122.0225,25.2873,0,6.8747,"marine biome  (ENVO:00000447)","coastal water (ENVO:00001250)","waterborne particulate matter (ENVO:01000436)",2024-07-23 17:30:00,0.4834,"USA:California:Monterey Bay","FD42",NA,42,"20524c02_12c_eDNA",2.838,"GTACACACCGCCCGTC","TGATCCTTCTGCAGGTTCACCTAC","PTLO","c",33.6997,"Poretics","0.22um",-80,"environmental","20524c02_12c_eDNA_FD","NGS Illumina Miseq","MSU","AGCTCGAGGA",18,13.4898,2024,7,23,"MBTS 20524",0,"MiSeq","MBTS 20524 0"
"39","20524c02_10c_eDNA_FD",-0.0652843929545748,-0.0502795504929697,0.0134118062223633,NA,"FD","20524c02_10c_eDNA_S43_L001_R1_001.fastq.gz","20524c02_10c_eDNA_S43_L001_R2_001.fastq.gz","Francisco Chavez",10,20524,"MBARI","RACHEL CARSON","ship",10.958,"MOORING 1",2,NA,4.9072,36.7477,-122.0225,25.4425,10,5.3319,"marine biome  (ENVO:00000447)","coastal water (ENVO:00001250)","waterborne particulate matter (ENVO:01000436)",2024-07-23 17:30:00,0.5922,"USA:California:Monterey Bay","FD43",NA,43,"20524c02_10c_eDNA",11.04,"GTACACACCGCCCGTC","TGATCCTTCTGCAGGTTCACCTAC","PTLO","c",33.6948,"Poretics","0.22um",-80,"environmental","20524c02_10c_eDNA_FD","NGS Illumina Miseq","MSU","ACACGAACAA",18,12.6933,2024,7,23,"MBTS 20524",10,"MiSeq","MBTS 20524 10"
"40","20524c02_09c_eDNA_FD",-0.0300514851769295,-0.0383237181112988,-0.00464406275824816,NA,"FD","20524c02_09c_eDNA_S44_L001_R1_001.fastq.gz","20524c02_09c_eDNA_S44_L001_R2_001.fastq.gz","Francisco Chavez",9,20524,"MBARI","RACHEL CARSON","ship",20.77,"MOORING 1",2,NA,0.5323,36.7477,-122.0225,25.8104,20,3.7582,"marine biome  (ENVO:00000447)","coastal water (ENVO:00001250)","waterborne particulate matter (ENVO:01000436)",2024-07-23 17:30:00,0.1837,"USA:California:Monterey Bay","FD44",NA,44,"20524c02_09c_eDNA",20.925,"GTACACACCGCCCGTC","TGATCCTTCTGCAGGTTCACCTAC","PTLO","c",33.7688,"Poretics","0.22um",-80,"environmental","20524c02_09c_eDNA_FD","NGS Illumina Miseq","MSU","GAACACTATC",18,11.0379,2024,7,23,"MBTS 20524",20,"MiSeq","MBTS 20524 20"
"41","20524c02_06c_eDNA_FD",0.0169958850869643,0.00705789757410645,0.00532054865080664,NA,"FD","20524c02_06c_eDNA_S45_L001_R1_001.fastq.gz","20524c02_06c_eDNA_S45_L001_R2_001.fastq.gz","Francisco Chavez",6,20524,"MBARI","RACHEL CARSON","ship",60.98,"MOORING 1",2,NA,-0.0533,36.7477,-122.0225,26.1549,60,2.2115,"marine biome  (ENVO:00000447)","coastal water (ENVO:00001250)","waterborne particulate matter (ENVO:01000436)",2024-07-23 17:30:00,0.129,"USA:California:Monterey Bay","FD45",NA,45,"20524c02_06c_eDNA",61.442,"GTACACACCGCCCGTC","TGATCCTTCTGCAGGTTCACCTAC","PTLO","c",33.8968,"Poretics","0.22um",-80,"environmental","20524c02_06c_eDNA_FD","NGS Illumina Miseq","MSU","ACAATTGGTC",18,9.6213,2024,7,23,"MBTS 20524",60,"MiSeq","MBTS 20524 60"
"42","20524c02_03c_eDNA_FD",0.046053029145637,0.0199131039669619,0.0247935836392458,NA,"FD","20524c02_03c_eDNA_S46_L001_R1_001.fastq.gz","20524c02_03c_eDNA_S46_L001_R2_001.fastq.gz","Francisco Chavez",3,20524,"MBARI","RACHEL CARSON","ship",151.117,"MOORING 1",2,NA,-0.0525,36.7477,-122.0225,26.3877,150,1.5514,"marine biome  (ENVO:00000447)","coastal water (ENVO:00001250)","waterborne particulate matter (ENVO:01000436)",2024-07-23 17:30:00,0.1291,"USA:California:Monterey Bay","FD46",NA,46,"20524c02_03c_eDNA",152.295,"GTACACACCGCCCGTC","TGATCCTTCTGCAGGTTCACCTAC","PTLO","c",34.057,"Poretics","0.22um",-80,"environmental","20524c02_03c_eDNA_FD","NGS Illumina Miseq","MSU","CTTGGTTCGT",18,8.9659,2024,7,23,"MBTS 20524",150,"MiSeq","MBTS 20524 150"
"43","20524c01_12c_eDNA_FD",-0.0992948630642544,-0.00932659856322609,0.095611105789238,NA,"FD","20524c01_12c_eDNA_S47_L001_R1_001.fastq.gz","20524c01_12c_eDNA_S47_L001_R2_001.fastq.gz","Francisco Chavez",12,20524,"MBARI","RACHEL CARSON","ship",2.94,"C1",1,NA,2.8909,36.7985,-121.847,25.228,0,5.5433,"marine biome  (ENVO:00000447)","coastal water (ENVO:00001250)","waterborne particulate matter (ENVO:01000436)",2024-07-23 15:56:00,0.4039,"USA:California:Monterey Bay","FD47",NA,47,"20524c01_12c_eDNA",2.961,"GTACACACCGCCCGTC","TGATCCTTCTGCAGGTTCACCTAC","PTLO","c",33.7075,"Poretics","0.22um",-80,"environmental","20524c01_12c_eDNA_FD","NGS Illumina Miseq","MSU","GACCAAGCAT",18,13.8092,2024,7,23,"MBTS 20524",0,"MiSeq","MBTS 20524 0"
"44","20524c01_10c_eDNA_FD",-0.0813812636117039,-0.0605131228651931,0.0935923800609601,NA,"FD","20524c01_10c_eDNA_S48_L001_R1_001.fastq.gz","20524c01_10c_eDNA_S48_L001_R2_001.fastq.gz","Francisco Chavez",10,20524,"MBARI","RACHEL CARSON","ship",10.743,"C1",1,NA,2.4874,36.7985,-121.847,25.4306,10,4.9831,"marine biome  (ENVO:00000447)","coastal water (ENVO:00001250)","waterborne particulate matter (ENVO:01000436)",2024-07-23 15:56:00,0.3663,"USA:California:Monterey Bay","FD48",NA,48,"20524c01_10c_eDNA",10.823,"GTACACACCGCCCGTC","TGATCCTTCTGCAGGTTCACCTAC","PTLO","c",33.7481,"Poretics","0.22um",-80,"environmental","20524c01_10c_eDNA_FD","NGS Illumina Miseq","MSU","TGTTACGGTT",18,12.9636,2024,7,23,"MBTS 20524",10,"MiSeq","MBTS 20524 10"
"45","20524c01_09c_eDNA_FD",-0.0392646243916156,-0.037822106795159,0.0247778879454708,NA,"FD","20524c01_09c_eDNA_S49_L001_R1_001.fastq.gz","20524c01_09c_eDNA_S49_L001_R2_001.fastq.gz","Francisco Chavez",9,20524,"MBARI","RACHEL CARSON","ship",21.056,"C1",1,NA,0.5195,36.7985,-121.847,25.908,20,3.6565,"marine biome  (ENVO:00000447)","coastal water (ENVO:00001250)","waterborne particulate matter (ENVO:01000436)",2024-07-23 15:56:00,0.1825,"USA:California:Monterey Bay","FD49",NA,49,"20524c01_09c_eDNA",21.214,"GTACACACCGCCCGTC","TGATCCTTCTGCAGGTTCACCTAC","PTLO","c",33.8585,"Poretics","0.22um",-80,"environmental","20524c01_09c_eDNA_FD","NGS Illumina Miseq","MSU","ATATAAGGCG",18,10.8825,2024,7,23,"MBTS 20524",20,"MiSeq","MBTS 20524 20"
"46","20524c01_06c_eDNA_FD",0.0355076085359557,0.0577353757071309,0.0424749929394852,NA,"FD","20524c01_06c_eDNA_S50_L001_R1_001.fastq.gz","20524c01_06c_eDNA_S50_L001_R2_001.fastq.gz","Francisco Chavez",6,20524,"MBARI","RACHEL CARSON","ship",60.315,"C1",1,NA,0.0885,36.7985,-121.847,26.1061,60,2.5892,"marine biome  (ENVO:00000447)","coastal water (ENVO:00001250)","waterborne particulate matter (ENVO:01000436)",2024-07-23 15:56:00,0.1423,"USA:California:Monterey Bay","FD50",NA,50,"20524c01_06c_eDNA",60.772,"GTACACACCGCCCGTC","TGATCCTTCTGCAGGTTCACCTAC","PTLO","c",33.9089,"Poretics","0.22um",-80,"environmental","20524c01_06c_eDNA_FD","NGS Illumina Miseq","MSU","ACATTACTCG",18,9.971,2024,7,23,"MBTS 20524",60,"MiSeq","MBTS 20524 60"
"47","20524c01_03c_eDNA_FD",0.0215383084356078,0.055886996815767,0.114942594748403,NA,"FD","20524c01_03c_eDNA_S51_L001_R1_001.fastq.gz","20524c01_03c_eDNA_S51_L001_R2_001.fastq.gz","Francisco Chavez",3,20524,"MBARI","RACHEL CARSON","ship",150.809,"C1",1,NA,0.0375,36.7985,-121.847,26.3209,150,1.9228,"marine biome  (ENVO:00000447)","coastal water (ENVO:00001250)","waterborne particulate matter (ENVO:01000436)",2024-07-23 15:56:00,0.1375,"USA:California:Monterey Bay","FD51",NA,51,"20524c01_03c_eDNA",151.985,"GTACACACCGCCCGTC","TGATCCTTCTGCAGGTTCACCTAC","PTLO","c",34.0013,"Poretics","0.22um",-80,"environmental","20524c01_03c_eDNA_FD","NGS Illumina Miseq","MSU","CTCAGTCCGT",18,9.1118,2024,7,23,"MBTS 20524",150,"MiSeq","MBTS 20524 150"
"48","20524c03_12c_eDNA_FD",-0.0949745036714544,-0.0147714243840067,0.131132205911047,NA,"FD","20524c03_12c_eDNA_S52_L001_R1_001.fastq.gz","20524c03_12c_eDNA_S52_L001_R2_001.fastq.gz","Francisco Chavez",12,20524,"MBARI","RACHEL CARSON","ship",2.759,"MOORING 2",3,NA,10.9805,36.6982,-122.378,25.0906,0,9.0136,"marine biome  (ENVO:00000447)","coastal water (ENVO:00001250)","waterborne particulate matter (ENVO:01000436)",2024-07-23 20:06:00,1.1592,"USA:California:Monterey Bay","FD52",NA,52,"20524c03_12c_eDNA",2.779,"GTACACACCGCCCGTC","TGATCCTTCTGCAGGTTCACCTAC","PTLO","c",33.7366,"Poretics","0.22um",-80,"environmental","20524c03_12c_eDNA_FD","NGS Illumina Miseq","MSU","CTGGTAGCTA",18,14.571,2024,7,23,"MBTS 20524",0,"MiSeq","MBTS 20524 0"
"49","20524c03_10c_eDNA_FD",-0.0895076180474395,-0.0471914207358295,0.11491288269611,NA,"FD","20524c03_10c_eDNA_S53_L001_R1_001.fastq.gz","20524c03_10c_eDNA_S53_L001_R2_001.fastq.gz","Francisco Chavez",10,20524,"MBARI","RACHEL CARSON","ship",10.778,"MOORING 2",3,NA,3.3014,36.6982,-122.378,25.3853,10,5.9974,"marine biome  (ENVO:00000447)","coastal water (ENVO:00001250)","waterborne particulate matter (ENVO:01000436)",2024-07-23 20:06:00,0.4423,"USA:California:Monterey Bay","FD53",NA,53,"20524c03_10c_eDNA",10.859,"GTACACACCGCCCGTC","TGATCCTTCTGCAGGTTCACCTAC","PTLO","c",33.7419,"Poretics","0.22um",-80,"environmental","20524c03_10c_eDNA_FD","NGS Illumina Miseq","MSU","GTCACAGACA",18,13.167,2024,7,23,"MBTS 20524",10,"MiSeq","MBTS 20524 10"
"50","20524c03_09c_eDNA_FD",-0.0718933223933593,-0.0483058006204823,0.0439698575912632,NA,"FD","20524c03_09c_eDNA_S54_L001_R1_001.fastq.gz","20524c03_09c_eDNA_S54_L001_R2_001.fastq.gz","Francisco Chavez",9,20524,"MBARI","RACHEL CARSON","ship",21.702,"MOORING 2",3,NA,1.5942,36.6982,-122.378,25.5046,20,5.0864,"marine biome  (ENVO:00000447)","coastal water (ENVO:00001250)","waterborne particulate matter (ENVO:01000436)",2024-07-23 20:06:00,0.2828,"USA:California:Monterey Bay","FD54",NA,54,"20524c03_09c_eDNA",21.864,"GTACACACCGCCCGTC","TGATCCTTCTGCAGGTTCACCTAC","PTLO","c",33.7287,"Poretics","0.22um",-80,"environmental","20524c03_09c_eDNA_FD","NGS Illumina Miseq","MSU","GACTTGCGTG",18,12.5109,2024,7,23,"MBTS 20524",20,"MiSeq","MBTS 20524 20"
"51","20524c03_06c_eDNA_FD",0.0181262169001636,0.0107767901070437,0.0361740723017,NA,"FD","20524c03_06c_eDNA_S55_L001_R1_001.fastq.gz","20524c03_06c_eDNA_S55_L001_R2_001.fastq.gz","Francisco Chavez",6,20524,"MBARI","RACHEL CARSON","ship",60.883,"MOORING 2",3,NA,-0.002,36.6982,-122.378,26.02,60,2.6047,"marine biome  (ENVO:00000447)","coastal water (ENVO:00001250)","waterborne particulate matter (ENVO:01000436)",2024-07-23 20:06:00,0.1338,"USA:California:Monterey Bay","FD55",NA,55,"20524c03_06c_eDNA",61.345,"GTACACACCGCCCGTC","TGATCCTTCTGCAGGTTCACCTAC","PTLO","c",33.813,"Poretics","0.22um",-80,"environmental","20524c03_06c_eDNA_FD","NGS Illumina Miseq","MSU","GCGAGTATCA",18,10.0372,2024,7,23,"MBTS 20524",60,"MiSeq","MBTS 20524 60"
"52","17024c03_03c_eDNA_FD",-0.0244298726977868,0.122445422150124,0.0766816796040518,NA,"FD","17024c03_03c_eDNA_S57_L001_R1_001.fastq.gz","17024c03_03c_eDNA_S57_L001_R2_001.fastq.gz","Francisco Chavez",3,17024,"MBARI","RACHEL CARSON","ship",151.154,"MOORING 2",3,NA,-0.0711,36.6942,-122.3785,26.4364,150,2.0085,"marine biome  (ENVO:00000447)","coastal water (ENVO:00001250)","waterborne particulate matter (ENVO:01000436)",2024-06-18 19:25:00,0.1274,"USA:California:Monterey Bay","FD57",NA,57,"17024c03_03c_eDNA",152.332,"GTACACACCGCCCGTC","TGATCCTTCTGCAGGTTCACCTAC","PTLO","c",34.0072,"Poretics","0.22um",-80,"environmental","17024c03_03c_eDNA_FD","NGS Illumina Miseq","MSU","AGCATCGTGC",18,8.4001,2024,6,18,"MBTS 17024",150,"MiSeq","MBTS 17024 150"
"53","17024c03_06c_eDNA_FD",0.00790755309893583,0.0617675513639417,0.0586634183254687,NA,"FD","17024c03_06c_eDNA_S58_L001_R1_001.fastq.gz","17024c03_06c_eDNA_S58_L001_R2_001.fastq.gz","Francisco Chavez",6,17024,"MBARI","RACHEL CARSON","ship",61.079,"MOORING 2",3,NA,-0.0199,36.6942,-122.3785,26.0472,60,2.6978,"marine biome  (ENVO:00000447)","coastal water (ENVO:00001250)","waterborne particulate matter (ENVO:01000436)",2024-06-18 19:25:00,0.1321,"USA:California:Monterey Bay","FD58",NA,58,"17024c03_06c_eDNA",61.542,"GTACACACCGCCCGTC","TGATCCTTCTGCAGGTTCACCTAC","PTLO","c",33.7522,"Poretics","0.22um",-80,"environmental","17024c03_06c_eDNA_FD","NGS Illumina Miseq","MSU","CATACCGCTG",18,9.5887,2024,6,18,"MBTS 17024",60,"MiSeq","MBTS 17024 60"
"54","17024c03_09c_eDNA_FD",-0.078249335332563,0.0237252486839558,0.0203146092643718,NA,"FD","17024c03_09c_eDNA_S59_L001_R1_001.fastq.gz","17024c03_09c_eDNA_S59_L001_R2_001.fastq.gz","Francisco Chavez",9,17024,"MBARI","RACHEL CARSON","ship",22.058,"MOORING 2",3,NA,4.1052,36.6942,-122.3785,25.6959,20,5.3583,"marine biome  (ENVO:00000447)","coastal water (ENVO:00001250)","waterborne particulate matter (ENVO:01000436)",2024-06-18 19:25:00,0.5173,"USA:California:Monterey Bay","FD59",NA,59,"17024c03_09c_eDNA",22.223,"GTACACACCGCCCGTC","TGATCCTTCTGCAGGTTCACCTAC","PTLO","c",33.7405,"Poretics","0.22um",-80,"environmental","17024c03_09c_eDNA_FD","NGS Illumina Miseq","MSU","TATGACGGTG",18,11.5474,2024,6,18,"MBTS 17024",20,"MiSeq","MBTS 17024 20"
"55","17024c03_10c_eDNA_FD",-0.0877358160545609,0.0353690913824282,0.0114849670636,NA,"FD","17024c03_10c_eDNA_S60_L001_R1_001.fastq.gz","17024c03_10c_eDNA_S60_L001_R2_001.fastq.gz","Francisco Chavez",10,17024,"MBARI","RACHEL CARSON","ship",12.107,"MOORING 2",3,NA,4.3958,36.6942,-122.3785,25.6825,10,5.476,"marine biome  (ENVO:00000447)","coastal water (ENVO:00001250)","waterborne particulate matter (ENVO:01000436)",2024-06-18 19:25:00,0.5444,"USA:California:Monterey Bay","FD60",NA,60,"17024c03_10c_eDNA",12.197,"GTACACACCGCCCGTC","TGATCCTTCTGCAGGTTCACCTAC","PTLO","c",33.7404,"Poretics","0.22um",-80,"environmental","17024c03_10c_eDNA_FD","NGS Illumina Miseq","MSU","TGCGTGAGCA",18,11.6184,2024,6,18,"MBTS 17024",10,"MiSeq","MBTS 17024 10"
"56","17024c03_12c_eDNA_FD",-0.0816482441066894,0.0436471387040936,-0.0109712636662483,NA,"FD","17024c03_12c_eDNA_S61_L001_R1_001.fastq.gz","17024c03_12c_eDNA_S61_L001_R2_001.fastq.gz","Francisco Chavez",12,17024,"MBARI","RACHEL CARSON","ship",3.253,"MOORING 2",3,NA,1.5232,36.6942,-122.3785,25.6768,0,5.529,"marine biome  (ENVO:00000447)","coastal water (ENVO:00001250)","waterborne particulate matter (ENVO:01000436)",2024-06-18 19:25:00,0.2762,"USA:California:Monterey Bay","FD61",NA,61,"17024c03_12c_eDNA",3.277,"GTACACACCGCCCGTC","TGATCCTTCTGCAGGTTCACCTAC","PTLO","c",33.7401,"Poretics","0.22um",-80,"environmental","17024c03_12c_eDNA_FD","NGS Illumina Miseq","MSU","GCCAATGTTC",18,11.6465,2024,6,18,"MBTS 17024",0,"MiSeq","MBTS 17024 0"
"57","17024c02_03c_eDNA_FD",-0.0232839105107628,0.089232174536948,0.0912622375054092,NA,"FD","17024c02_03c_eDNA_S62_L001_R1_001.fastq.gz","17024c02_03c_eDNA_S62_L001_R2_001.fastq.gz","Francisco Chavez",3,17024,"MBARI","RACHEL CARSON","ship",151.895,"MOORING 1",2,NA,-0.0586,36.746,-122.0202,26.5569,150,1.3839,"marine biome  (ENVO:00000447)","coastal water (ENVO:00001250)","waterborne particulate matter (ENVO:01000436)",2024-06-18 16:32:00,0.1285,"USA:California:Monterey Bay","FD62",NA,62,"17024c02_03c_eDNA",153.079,"GTACACACCGCCCGTC","TGATCCTTCTGCAGGTTCACCTAC","PTLO","c",34.1188,"Poretics","0.22um",-80,"environmental","17024c02_03c_eDNA_FD","NGS Illumina Miseq","MSU","CTTCTCCAGC",18,8.1818,2024,6,18,"MBTS 17024",150,"MiSeq","MBTS 17024 150"
"58","17024c02_06c_eDNA_FD",0.00827594667430575,0.0392105190967363,0.0300143847217897,NA,"FD","17024c02_06c_eDNA_S63_L001_R1_001.fastq.gz","17024c02_06c_eDNA_S63_L001_R2_001.fastq.gz","Francisco Chavez",6,17024,"MBARI","RACHEL CARSON","ship",60.941,"MOORING 1",2,NA,0.0506,36.746,-122.0202,26.2623,60,2.1372,"marine biome  (ENVO:00000447)","coastal water (ENVO:00001250)","waterborne particulate matter (ENVO:01000436)",2024-06-18 16:32:00,0.1387,"USA:California:Monterey Bay","FD63",NA,63,"17024c02_06c_eDNA",61.403,"GTACACACCGCCCGTC","TGATCCTTCTGCAGGTTCACCTAC","PTLO","c",33.9574,"Poretics","0.22um",-80,"environmental","17024c02_06c_eDNA_FD","NGS Illumina Miseq","MSU","CTCTCGATAA",18,9.253,2024,6,18,"MBTS 17024",60,"MiSeq","MBTS 17024 60"
"59","17024c02_09c_eDNA_FD",-0.0528767792880833,0.00940706021553834,0.0205477537697054,NA,"FD","17024c02_09c_eDNA_S64_L001_R1_001.fastq.gz","17024c02_09c_eDNA_S64_L001_R2_001.fastq.gz","Francisco Chavez",9,17024,"MBARI","RACHEL CARSON","ship",20.614,"MOORING 1",2,NA,0.9414,36.746,-122.0202,26.0365,20,3.612,"marine biome  (ENVO:00000447)","coastal water (ENVO:00001250)","waterborne particulate matter (ENVO:01000436)",2024-06-18 16:32:00,0.2219,"USA:California:Monterey Bay","FD64",NA,64,"17024c02_09c_eDNA",20.767,"GTACACACCGCCCGTC","TGATCCTTCTGCAGGTTCACCTAC","PTLO","c",33.8423,"Poretics","0.22um",-80,"environmental","17024c02_09c_eDNA_FD","NGS Illumina Miseq","MSU","CGGATCTACA",18,10.07,2024,6,18,"MBTS 17024",20,"MiSeq","MBTS 17024 20"
"60","17024c02_10c_eDNA_FD",-0.0727488184922413,0.018329041214374,0.0161845967303679,NA,"FD","17024c02_10c_eDNA_S65_L001_R1_001.fastq.gz","17024c02_10c_eDNA_S65_L001_R2_001.fastq.gz","Francisco Chavez",10,17024,"MBARI","RACHEL CARSON","ship",10.885,"MOORING 1",2,NA,0.8851,36.746,-122.0202,26.0181,10,3.7566,"marine biome  (ENVO:00000447)","coastal water (ENVO:00001250)","waterborne particulate matter (ENVO:01000436)",2024-06-18 16:32:00,0.2166,"USA:California:Monterey Bay","FD65",NA,65,"17024c02_10c_eDNA",10.966,"GTACACACCGCCCGTC","TGATCCTTCTGCAGGTTCACCTAC","PTLO","c",33.8387,"Poretics","0.22um",-80,"environmental","17024c02_10c_eDNA_FD","NGS Illumina Miseq","MSU","CTGGCATATT",18,10.1609,2024,6,18,"MBTS 17024",10,"MiSeq","MBTS 17024 10"
"61","17024c02_12c_eDNA_FD",-0.0822664404332492,-0.0206119815987904,-0.00673270690494446,NA,"FD","17024c02_12c_eDNA_S66_L001_R1_001.fastq.gz","17024c02_12c_eDNA_S66_L001_R2_001.fastq.gz","Francisco Chavez",12,17024,"MBARI","RACHEL CARSON","ship",3.006,"MOORING 1",2,NA,0.3006,36.746,-122.0202,25.7693,0,4.6399,"marine biome  (ENVO:00000447)","coastal water (ENVO:00001250)","waterborne particulate matter (ENVO:01000436)",2024-06-18 16:32:00,0.1621,"USA:California:Monterey Bay","FD66",NA,66,"17024c02_12c_eDNA",3.029,"GTACACACCGCCCGTC","TGATCCTTCTGCAGGTTCACCTAC","PTLO","c",33.7954,"Poretics","0.22um",-80,"environmental","17024c02_12c_eDNA_FD","NGS Illumina Miseq","MSU","TGCAAGTAGC",18,11.3775,2024,6,18,"MBTS 17024",0,"MiSeq","MBTS 17024 0"
"62","17024c01_03c_eDNA_FD",0.0480272436440901,0.0665746518056027,0.0106539948942123,NA,"FD","17024c01_03c_eDNA_S67_L001_R1_001.fastq.gz","17024c01_03c_eDNA_S67_L001_R2_001.fastq.gz","Francisco Chavez",3,17024,"MBARI","RACHEL CARSON","ship",150.653,"C1",1,NA,0.0127,36.7982,-121.8468,26.5255,150,1.4072,"marine biome  (ENVO:00000447)","coastal water (ENVO:00001250)","waterborne particulate matter (ENVO:01000436)",2024-06-18 14:54:00,0.1352,"USA:California:Monterey Bay","FD67",32.027,67,"17024c01_03c_eDNA",151.829,"GTACACACCGCCCGTC","TGATCCTTCTGCAGGTTCACCTAC","PTLO","c",34.0735,"Poretics","0.22um",-80,"environmental","17024c01_03c_eDNA_FD","NGS Illumina Miseq","MSU","ACACAACTAC",18,8.1545,2024,6,18,"MBTS 17024",150,"MiSeq","MBTS 17024 150"
"63","17024c01_06c_eDNA_FD",0.0436630690438668,0.0563540104421075,0.0269067765681101,NA,"FD","17024c01_06c_eDNA_S68_L001_R1_001.fastq.gz","17024c01_06c_eDNA_S68_L001_R2_001.fastq.gz","Francisco Chavez",6,17024,"MBARI","RACHEL CARSON","ship",59.956,"C1",1,NA,0.0823,36.7982,-121.8468,26.3147,60,1.8801,"marine biome  (ENVO:00000447)","coastal water (ENVO:00001250)","waterborne particulate matter (ENVO:01000436)",2024-06-18 14:54:00,0.1417,"USA:California:Monterey Bay","FD68",28.146,68,"17024c01_06c_eDNA",60.41,"GTACACACCGCCCGTC","TGATCCTTCTGCAGGTTCACCTAC","PTLO","c",33.9718,"Poretics","0.22um",-80,"environmental","17024c01_06c_eDNA_FD","NGS Illumina Miseq","MSU","TAGCACACTT",18,8.9956,2024,6,18,"MBTS 17024",60,"MiSeq","MBTS 17024 60"
"64","17024c01_09c_eDNA_FD",-0.0319431124033195,0.0243699571378753,-0.0135147332994404,NA,"FD","17024c01_09c_eDNA_S69_L001_R1_001.fastq.gz","17024c01_09c_eDNA_S69_L001_R2_001.fastq.gz","Francisco Chavez",9,17024,"MBARI","RACHEL CARSON","ship",21.251,"C1",1,NA,0.4341,36.7982,-121.8468,26.0151,20,3.2835,"marine biome  (ENVO:00000447)","coastal water (ENVO:00001250)","waterborne particulate matter (ENVO:01000436)",2024-06-18 14:54:00,0.1745,"USA:California:Monterey Bay","FD69",23.958,69,"17024c01_09c_eDNA",21.41,"GTACACACCGCCCGTC","TGATCCTTCTGCAGGTTCACCTAC","PTLO","c",33.8335,"Poretics","0.22um",-80,"environmental","17024c01_09c_eDNA_FD","NGS Illumina Miseq","MSU","TAGTGTTACG",18,10.1561,2024,6,18,"MBTS 17024",20,"MiSeq","MBTS 17024 20"
"65","17024c01_10c_eDNA_FD",-0.0504090317678546,-0.00167424763180115,-0.019665786353405,NA,"FD","17024c01_10c_eDNA_S70_L001_R1_001.fastq.gz","17024c01_10c_eDNA_S70_L001_R2_001.fastq.gz","Francisco Chavez",10,17024,"MBARI","RACHEL CARSON","ship",10.605,"C1",1,NA,0.6625,36.7982,-121.8468,25.8107,10,4.1077,"marine biome  (ENVO:00000447)","coastal water (ENVO:00001250)","waterborne particulate matter (ENVO:01000436)",2024-06-18 14:54:00,0.1959,"USA:California:Monterey Bay","FD70",22.198,70,"17024c01_10c_eDNA",10.684,"GTACACACCGCCCGTC","TGATCCTTCTGCAGGTTCACCTAC","PTLO","c",33.7882,"Poretics","0.22um",-80,"environmental","17024c01_10c_eDNA_FD","NGS Illumina Miseq","MSU","CGTACACTGG",18,11.1195,2024,6,18,"MBTS 17024",10,"MiSeq","MBTS 17024 10"
"66","17024c01_12c_eDNA_FD",-0.0653139466941047,-0.0196348012033987,0.0384935383404241,NA,"FD","17024c01_12c_eDNA_S71_L001_R1_001.fastq.gz","17024c01_12c_eDNA_S71_L001_R2_001.fastq.gz","Francisco Chavez",12,17024,"MBARI","RACHEL CARSON","ship",2.744,"C1",1,NA,0.8344,36.7982,-121.8468,25.3231,0,6.3169,"marine biome  (ENVO:00000447)","coastal water (ENVO:00001250)","waterborne particulate matter (ENVO:01000436)",2024-06-18 14:54:00,0.2119,"USA:California:Monterey Bay","FD71",4.796,71,"17024c01_12c_eDNA",2.764,"GTACACACCGCCCGTC","TGATCCTTCTGCAGGTTCACCTAC","PTLO","c",33.7722,"Poretics","0.22um",-80,"environmental","17024c01_12c_eDNA_FD","NGS Illumina Miseq","MSU","AATACTGGCA",18,13.5893,2024,6,18,"MBTS 17024",0,"MiSeq","MBTS 17024 0"
"67","CN24F150mMV2_SC42_FD",0.0584830530091535,-0.0603580335631706,0.058452353294923,NA,"FD","CN24F150mMV2_SC42_S72_L001_R1_001.fastq.gz","CN24F150mMV2_SC42_S72_L001_R2_001.fastq.gz","Francisco Chavez",NA,NA,"MBARI",NA,NA,NA,NA,NA,NA,NA,NA,NA,NA,150,NA,"marine biome  (ENVO:00000447)","coastal water (ENVO:00001250)","waterborne particulate matter (ENVO:01000436)",NA,NA,"USA:California:Monterey Bay","FD72",NA,72,"CN24F150mMV2_SC42",NA,"GTACACACCGCCCGTC","TGATCCTTCTGCAGGTTCACCTAC",NA,NA,NA,"Poretics","0.22um",-80,"environmental","CN24F150mMV2_SC42_FD","NGS Illumina Miseq","MSU","CGGTAGAGTT",18,NA,NA,NA,NA,"CN24F 150m exp",150,"MiSeq","CN24F 150m exp 150"
"68","CN24F150mMV2_SC43_FD",0.0596436945443704,-0.0625388543274228,0.0625210588604816,NA,"FD","CN24F150mMV2_SC43_S73_L001_R1_001.fastq.gz","CN24F150mMV2_SC43_S73_L001_R2_001.fastq.gz","Francisco Chavez",NA,NA,"MBARI",NA,NA,NA,NA,NA,NA,NA,NA,NA,NA,150,NA,"marine biome  (ENVO:00000447)","coastal water (ENVO:00001250)","waterborne particulate matter (ENVO:01000436)",NA,NA,"USA:California:Monterey Bay","FD73",NA,73,"CN24F150mMV2_SC43",NA,"GTACACACCGCCCGTC","TGATCCTTCTGCAGGTTCACCTAC",NA,NA,NA,"Poretics","0.22um",-80,"environmental","CN24F150mMV2_SC43_FD","NGS Illumina Miseq","MSU","CGTGACTCTA",18,NA,NA,NA,NA,"CN24F 150m exp",150,"MiSeq","CN24F 150m exp 150"
"69","CN24F150mMV2_SC44_FD",0.0611567394631279,-0.0658317569926971,0.0668159810568742,NA,"FD","CN24F150mMV2_SC44_S74_L001_R1_001.fastq.gz","CN24F150mMV2_SC44_S74_L001_R2_001.fastq.gz","Francisco Chavez",NA,NA,"MBARI",NA,NA,NA,NA,NA,NA,NA,NA,NA,NA,150,NA,"marine biome  (ENVO:00000447)","coastal water (ENVO:00001250)","waterborne particulate matter (ENVO:01000436)",NA,NA,"USA:California:Monterey Bay","FD74",NA,74,"CN24F150mMV2_SC44",NA,"GTACACACCGCCCGTC","TGATCCTTCTGCAGGTTCACCTAC",NA,NA,NA,"Poretics","0.22um",-80,"environmental","CN24F150mMV2_SC44_FD","NGS Illumina Miseq","MSU","CTTCAATAGC",18,NA,NA,NA,NA,"CN24F 150m exp",150,"MiSeq","CN24F 150m exp 150"
"70","CN24F150mMV2_SC45_FD",0.0763400601076291,-0.0629125938608384,0.0646300263084885,NA,"FD","CN24F150mMV2_SC45_S75_L001_R1_001.fastq.gz","CN24F150mMV2_SC45_S75_L001_R2_001.fastq.gz","Francisco Chavez",NA,NA,"MBARI",NA,NA,NA,NA,NA,NA,NA,NA,NA,NA,150,NA,"marine biome  (ENVO:00000447)","coastal water (ENVO:00001250)","waterborne particulate matter (ENVO:01000436)",NA,NA,"USA:California:Monterey Bay","FD75",NA,75,"CN24F150mMV2_SC45",NA,"GTACACACCGCCCGTC","TGATCCTTCTGCAGGTTCACCTAC",NA,NA,NA,"Poretics","0.22um",-80,"environmental","CN24F150mMV2_SC45_FD","NGS Illumina Miseq","MSU","AAGGACTCAG",18,NA,NA,NA,NA,"CN24F 150m exp",150,"MiSeq","CN24F 150m exp 150"
"71","CN24F150mMV2_SC46_FD",0.0759138601367135,-0.0665269310341002,0.0463977214508038,NA,"FD","CN24F150mMV2_SC46_S76_L001_R1_001.fastq.gz","CN24F150mMV2_SC46_S76_L001_R2_001.fastq.gz","Francisco Chavez",NA,NA,"MBARI",NA,NA,NA,NA,NA,NA,NA,NA,NA,NA,150,NA,"marine biome  (ENVO:00000447)","coastal water (ENVO:00001250)","waterborne particulate matter (ENVO:01000436)",NA,NA,"USA:California:Monterey Bay","FD76",NA,76,"CN24F150mMV2_SC46",NA,"GTACACACCGCCCGTC","TGATCCTTCTGCAGGTTCACCTAC",NA,NA,NA,"Poretics","0.22um",-80,"environmental","CN24F150mMV2_SC46_FD","NGS Illumina Miseq","MSU","CAGACGATGA",18,NA,NA,NA,NA,"CN24F 150m exp",150,"MiSeq","CN24F 150m exp 150"
"72","CN24F150mMV2_SC47_FD",0.0447046951961291,-0.0462621510122486,0.0770603891740194,NA,"FD","CN24F150mMV2_SC47_S77_L001_R1_001.fastq.gz","CN24F150mMV2_SC47_S77_L001_R2_001.fastq.gz","Francisco Chavez",NA,NA,"MBARI",NA,NA,NA,NA,NA,NA,NA,NA,NA,NA,150,NA,"marine biome  (ENVO:00000447)","coastal water (ENVO:00001250)","waterborne particulate matter (ENVO:01000436)",NA,NA,"USA:California:Monterey Bay","FD77",NA,77,"CN24F150mMV2_SC47",NA,"GTACACACCGCCCGTC","TGATCCTTCTGCAGGTTCACCTAC",NA,NA,NA,"Poretics","0.22um",-80,"environmental","CN24F150mMV2_SC47_FD","NGS Illumina Miseq","MSU","TTGGAAGTAC",18,NA,NA,NA,NA,"CN24F 150m exp",150,"MiSeq","CN24F 150m exp 150"
"73","CN24F150mMV2_SC48_FD",0.0519736199574392,-0.0513566041665735,0.0758682406364424,NA,"FD","CN24F150mMV2_SC48_S78_L001_R1_001.fastq.gz","CN24F150mMV2_SC48_S78_L001_R2_001.fastq.gz","Francisco Chavez",NA,NA,"MBARI",NA,NA,NA,NA,NA,NA,NA,NA,NA,NA,150,NA,"marine biome  (ENVO:00000447)","coastal water (ENVO:00001250)","waterborne particulate matter (ENVO:01000436)",NA,NA,"USA:California:Monterey Bay","FD78",NA,78,"CN24F150mMV2_SC48",NA,"GTACACACCGCCCGTC","TGATCCTTCTGCAGGTTCACCTAC",NA,NA,NA,"Poretics","0.22um",-80,"environmental","CN24F150mMV2_SC48_FD","NGS Illumina Miseq","MSU","TCGCATCAAC",18,NA,NA,NA,NA,"CN24F 150m exp",150,"MiSeq","CN24F 150m exp 150"
"74","CN24F150mMV2_SC49_FD",0.0527835097424351,-0.0580066648586686,0.0679912067797781,NA,"FD","CN24F150mMV2_SC49_S79_L001_R1_001.fastq.gz","CN24F150mMV2_SC49_S79_L001_R2_001.fastq.gz","Francisco Chavez",NA,NA,"MBARI",NA,NA,NA,NA,NA,NA,NA,NA,NA,NA,150,NA,"marine biome  (ENVO:00000447)","coastal water (ENVO:00001250)","waterborne particulate matter (ENVO:01000436)",NA,NA,"USA:California:Monterey Bay","FD79",NA,79,"CN24F150mMV2_SC49",NA,"GTACACACCGCCCGTC","TGATCCTTCTGCAGGTTCACCTAC",NA,NA,NA,"Poretics","0.22um",-80,"environmental","CN24F150mMV2_SC49_FD","NGS Illumina Miseq","MSU","TATGCAACTC",18,NA,NA,NA,NA,"CN24F 150m exp",150,"MiSeq","CN24F 150m exp 150"
"75","CN24F150mMV2_SC50_FD",0.0527499635035814,-0.0595802857764075,0.072498130317471,NA,"FD","CN24F150mMV2_SC50_S80_L001_R1_001.fastq.gz","CN24F150mMV2_SC50_S80_L001_R2_001.fastq.gz","Francisco Chavez",NA,NA,"MBARI",NA,NA,NA,NA,NA,NA,NA,NA,NA,NA,150,NA,"marine biome  (ENVO:00000447)","coastal water (ENVO:00001250)","waterborne particulate matter (ENVO:01000436)",NA,NA,"USA:California:Monterey Bay","FD80",NA,80,"CN24F150mMV2_SC50",NA,"GTACACACCGCCCGTC","TGATCCTTCTGCAGGTTCACCTAC",NA,NA,NA,"Poretics","0.22um",-80,"environmental","CN24F150mMV2_SC50_FD","NGS Illumina Miseq","MSU","GAATGTCACG",18,NA,NA,NA,NA,"CN24F 150m exp",150,"MiSeq","CN24F 150m exp 150"
"76","CN24F150mMV2_SC51_FD",0.0678885701510624,-0.065218435295337,0.059678316318495,NA,"FD","CN24F150mMV2_SC51_S81_L001_R1_001.fastq.gz","CN24F150mMV2_SC51_S81_L001_R2_001.fastq.gz","Francisco Chavez",NA,NA,"MBARI",NA,NA,NA,NA,NA,NA,NA,NA,NA,NA,150,NA,"marine biome  (ENVO:00000447)","coastal water (ENVO:00001250)","waterborne particulate matter (ENVO:01000436)",NA,NA,"USA:California:Monterey Bay","FD81",NA,81,"CN24F150mMV2_SC51",NA,"GTACACACCGCCCGTC","TGATCCTTCTGCAGGTTCACCTAC",NA,NA,NA,"Poretics","0.22um",-80,"environmental","CN24F150mMV2_SC51_FD","NGS Illumina Miseq","MSU","GACCTGTTAA",18,NA,NA,NA,NA,"CN24F 150m exp",150,"MiSeq","CN24F 150m exp 150"
"77","CN24F150mMV2_SC52_FD",0.0425256777300466,-0.0450588768070065,0.0801744687030556,NA,"FD","CN24F150mMV2_SC52_S82_L001_R1_001.fastq.gz","CN24F150mMV2_SC52_S82_L001_R2_001.fastq.gz","Francisco Chavez",NA,NA,"MBARI",NA,NA,NA,NA,NA,NA,NA,NA,NA,NA,150,NA,"marine biome  (ENVO:00000447)","coastal water (ENVO:00001250)","waterborne particulate matter (ENVO:01000436)",NA,NA,"USA:California:Monterey Bay","FD82",NA,82,"CN24F150mMV2_SC52",NA,"GTACACACCGCCCGTC","TGATCCTTCTGCAGGTTCACCTAC",NA,NA,NA,"Poretics","0.22um",-80,"environmental","CN24F150mMV2_SC52_FD","NGS Illumina Miseq","MSU","CGGATGCTGA",18,NA,NA,NA,NA,"CN24F 150m exp",150,"MiSeq","CN24F 150m exp 150"
"78","CN24F150mMV2_SC53_FD",0.067700323583647,-0.0586688906251008,0.0503277808854101,NA,"FD","CN24F150mMV2_SC53_S83_L001_R1_001.fastq.gz","CN24F150mMV2_SC53_S83_L001_R2_001.fastq.gz","Francisco Chavez",NA,NA,"MBARI",NA,NA,NA,NA,NA,NA,NA,NA,NA,NA,150,NA,"marine biome  (ENVO:00000447)","coastal water (ENVO:00001250)","waterborne particulate matter (ENVO:01000436)",NA,NA,"USA:California:Monterey Bay","FD83",NA,83,"CN24F150mMV2_SC53",NA,"GTACACACCGCCCGTC","TGATCCTTCTGCAGGTTCACCTAC",NA,NA,NA,"Poretics","0.22um",-80,"environmental","CN24F150mMV2_SC53_FD","NGS Illumina Miseq","MSU","GCAACTGTGA",18,NA,NA,NA,NA,"CN24F 150m exp",150,"MiSeq","CN24F 150m exp 150"
"79","CN24F150mMV2_SC54_FD",0.0495831903508597,-0.0647096212240034,0.07506675567711,NA,"FD","CN24F150mMV2_SC54_S84_L001_R1_001.fastq.gz","CN24F150mMV2_SC54_S84_L001_R2_001.fastq.gz","Francisco Chavez",NA,NA,"MBARI",NA,NA,NA,NA,NA,NA,NA,NA,NA,NA,150,NA,"marine biome  (ENVO:00000447)","coastal water (ENVO:00001250)","waterborne particulate matter (ENVO:01000436)",NA,NA,"USA:California:Monterey Bay","FD84",NA,84,"CN24F150mMV2_SC54",NA,"GTACACACCGCCCGTC","TGATCCTTCTGCAGGTTCACCTAC",NA,NA,NA,"Poretics","0.22um",-80,"environmental","CN24F150mMV2_SC54_FD","NGS Illumina Miseq","MSU","CGGAGCATCT",18,NA,NA,NA,NA,"CN24F 150m exp",150,"MiSeq","CN24F 150m exp 150"
"80","CN24F150mMV2_SC55_FD",0.0622284747361381,-0.0479965180785336,0.103678074580327,NA,"FD","CN24F150mMV2_SC55_S85_L001_R1_001.fastq.gz","CN24F150mMV2_SC55_S85_L001_R2_001.fastq.gz","Francisco Chavez",NA,NA,"MBARI",NA,NA,NA,NA,NA,NA,NA,NA,NA,NA,150,NA,"marine biome  (ENVO:00000447)","coastal water (ENVO:00001250)","waterborne particulate matter (ENVO:01000436)",NA,NA,"USA:California:Monterey Bay","FD85",NA,85,"CN24F150mMV2_SC55",NA,"GTACACACCGCCCGTC","TGATCCTTCTGCAGGTTCACCTAC",NA,NA,NA,"Poretics","0.22um",-80,"environmental","CN24F150mMV2_SC55_FD","NGS Illumina Miseq","MSU","AAGACGCTAA",18,NA,NA,NA,NA,"CN24F 150m exp",150,"MiSeq","CN24F 150m exp 150"
"81","CN24F150mMV2_SC56_FD",0.0724689996189209,-0.0646736511090362,0.059326144723198,NA,"FD","CN24F150mMV2_SC56_S86_L001_R1_001.fastq.gz","CN24F150mMV2_SC56_S86_L001_R2_001.fastq.gz","Francisco Chavez",NA,NA,"MBARI",NA,NA,NA,NA,NA,NA,NA,NA,NA,NA,150,NA,"marine biome  (ENVO:00000447)","coastal water (ENVO:00001250)","waterborne particulate matter (ENVO:01000436)",NA,NA,"USA:California:Monterey Bay","FD86",NA,86,"CN24F150mMV2_SC56",NA,"GTACACACCGCCCGTC","TGATCCTTCTGCAGGTTCACCTAC",NA,NA,NA,"Poretics","0.22um",-80,"environmental","CN24F150mMV2_SC56_FD","NGS Illumina Miseq","MSU","ATAACAAGCG",18,NA,NA,NA,NA,"CN24F 150m exp",150,"MiSeq","CN24F 150m exp 150"
"82","CN24F150mMV2_SC57_FD",0.0627639390993709,-0.0506583890082924,0.0787720238365926,NA,"FD","CN24F150mMV2_SC57_S87_L001_R1_001.fastq.gz","CN24F150mMV2_SC57_S87_L001_R2_001.fastq.gz","Francisco Chavez",NA,NA,"MBARI",NA,NA,NA,NA,NA,NA,NA,NA,NA,NA,150,NA,"marine biome  (ENVO:00000447)","coastal water (ENVO:00001250)","waterborne particulate matter (ENVO:01000436)",NA,NA,"USA:California:Monterey Bay","FD87",NA,87,"CN24F150mMV2_SC57",NA,"GTACACACCGCCCGTC","TGATCCTTCTGCAGGTTCACCTAC",NA,NA,NA,"Poretics","0.22um",-80,"environmental","CN24F150mMV2_SC57_FD","NGS Illumina Miseq","MSU","ATGCTAGTGT",18,NA,NA,NA,NA,"CN24F 150m exp",150,"MiSeq","CN24F 150m exp 150"
"83","CN24F150mMV2_SC58_FD",0.0614986399293814,-0.060950899843194,0.0633037000615896,NA,"FD","CN24F150mMV2_SC58_S88_L001_R1_001.fastq.gz","CN24F150mMV2_SC58_S88_L001_R2_001.fastq.gz","Francisco Chavez",NA,NA,"MBARI",NA,NA,NA,NA,NA,NA,NA,NA,NA,NA,150,NA,"marine biome  (ENVO:00000447)","coastal water (ENVO:00001250)","waterborne particulate matter (ENVO:01000436)",NA,NA,"USA:California:Monterey Bay","FD88",NA,88,"CN24F150mMV2_SC58",NA,"GTACACACCGCCCGTC","TGATCCTTCTGCAGGTTCACCTAC",NA,NA,NA,"Poretics","0.22um",-80,"environmental","CN24F150mMV2_SC58_FD","NGS Illumina Miseq","MSU","CCTGGTACAG",18,NA,NA,NA,NA,"CN24F 150m exp",150,"MiSeq","CN24F 150m exp 150"
"84","CN24F150mMV2_SC59_FD",0.0729682293894049,-0.0590236529768096,0.06066506493249,NA,"FD","CN24F150mMV2_SC59_S89_L001_R1_001.fastq.gz","CN24F150mMV2_SC59_S89_L001_R2_001.fastq.gz","Francisco Chavez",NA,NA,"MBARI",NA,NA,NA,NA,NA,NA,NA,NA,NA,NA,150,NA,"marine biome  (ENVO:00000447)","coastal water (ENVO:00001250)","waterborne particulate matter (ENVO:01000436)",NA,NA,"USA:California:Monterey Bay","FD89",NA,89,"CN24F150mMV2_SC59",NA,"GTACACACCGCCCGTC","TGATCCTTCTGCAGGTTCACCTAC",NA,NA,NA,"Poretics","0.22um",-80,"environmental","CN24F150mMV2_SC59_FD","NGS Illumina Miseq","MSU","TGGCTCATGT",18,NA,NA,NA,NA,"CN24F 150m exp",150,"MiSeq","CN24F 150m exp 150"
"85","14223c01_07c_eDNA_FK",0.0298875427972923,0.195650820557234,-0.0715647334453897,NA,"FK","14223c01_07c_eDNA_L1_R1.fastq.gz","14223c01_07c_eDNA_L1_R2.fastq.gz","Francisco Chavez",7,14223,"MBARI","Rachel Carson","ship",202.055,"MARS",1,NA,-0.0468,36.711,-122.196,26.5257,200,1.3929,"marine biome  (ENVO:00000447)","coastal water (ENVO:00001250)","waterborne particulate matter (ENVO:01000436)",2023-05-22 17:53:00,0.1296,"USA:California:Monterey Bay","FK2",27.967,2,"14223c01_07c_eDNA",203.656,"GTACACACCGCCCGTC","TGATCCTTCTGCAGGTTCACCTAC","Cannon","c",34.1371,"Poretics","0.22um",-80,"environmental","14223c01_07c_eDNA_FK","AVITI 2x150 bp low output flow cell","MSU",NA,18,8.4879,2023,5,22,"CN23S MARS",200,"AVITI","CN23S MARS 200"
"86","14223c01_10c_eDNA_FK",-0.0601576093664278,-0.0409858745316524,0.00639581493532192,NA,"FK","14223c01_10c_eDNA_L1_R1.fastq.gz","14223c01_10c_eDNA_L1_R2.fastq.gz","Francisco Chavez",10,14223,"MBARI","Rachel Carson","ship",21.024,"MARS",1,NA,1.7658,36.711,-122.196,25.1101,20,6.0492,"marine biome  (ENVO:00000447)","coastal water (ENVO:00001250)","waterborne particulate matter (ENVO:01000436)",2023-05-22 17:53:00,0.2989,"USA:California:Monterey Bay","FK4",7.481,4,"14223c01_10c_eDNA",21.181,"GTACACACCGCCCGTC","TGATCCTTCTGCAGGTTCACCTAC","Cannon","c",33.2522,"Poretics","0.22um",-80,"environmental","14223c01_10c_eDNA_FK","AVITI 2x150 bp low output flow cell","MSU",NA,18,12.6401,2023,5,22,"CN23S MARS",20,"AVITI","CN23S MARS 20"
"87","14223c01_09c_eDNA_FK",0.0610393809248465,0.0184259172486763,-0.0578722225999392,NA,"FK","14223c01_09c_eDNA_L1_R1.fastq.gz","14223c01_09c_eDNA_L1_R2.fastq.gz","Francisco Chavez",9,14223,"MBARI","Rachel Carson","ship",61.34,"MARS",1,NA,0.0674,36.711,-122.196,26.0385,60,3.4987,"marine biome  (ENVO:00000447)","coastal water (ENVO:00001250)","waterborne particulate matter (ENVO:01000436)",2023-05-22 17:53:00,0.1403,"USA:California:Monterey Bay","FK6",25.001,6,"14223c01_09c_eDNA",61.805,"GTACACACCGCCCGTC","TGATCCTTCTGCAGGTTCACCTAC","Cannon","c",33.8392,"Poretics","0.22um",-80,"environmental","14223c01_09c_eDNA_FK","AVITI 2x150 bp low output flow cell","MSU",NA,18,10.0487,2023,5,22,"CN23S MARS",60,"AVITI","CN23S MARS 60"
"88","14223c01_02c_eDNA_FK",-0.0293304494957478,0.176324615625383,0.0154066633164635,NA,"FK","14223c01_02c_eDNA_L1_R1.fastq.gz","14223c01_02c_eDNA_L1_R2.fastq.gz","Francisco Chavez",2,14223,"MBARI","Rachel Carson","ship",601.895,"MARS",1,NA,-0.1048,36.711,-122.196,26.9458,600,0.3844,"marine biome  (ENVO:00000447)","coastal water (ENVO:00001250)","waterborne particulate matter (ENVO:01000436)",2023-05-22 17:53:00,0.1242,"USA:California:Monterey Bay","FK7",43.736,7,"14223c01_02c_eDNA",607.252,"GTACACACCGCCCGTC","TGATCCTTCTGCAGGTTCACCTAC","Cannon","c",34.2505,"Poretics","0.22um",-80,"environmental","14223c01_02c_eDNA_FK","AVITI 2x150 bp low output flow cell","MSU",NA,18,6.1689,2023,5,22,"CN23S MARS",600,"AVITI","CN23S MARS 600"
"89","14223c01_01c_eDNA_FK",-0.0668744542018839,0.173921075270014,0.0676483549945048,NA,"FK","14223c01_01c_eDNA_L1_R1.fastq.gz","14223c01_01c_eDNA_L1_R2.fastq.gz","Francisco Chavez",1,14223,"MBARI","Rachel Carson","ship",699.856,"MARS",1,NA,-0.0637,36.711,-122.196,27.1194,700,0.2595,"marine biome  (ENVO:00000447)","coastal water (ENVO:00001250)","waterborne particulate matter (ENVO:01000436)",2023-05-22 17:53:00,0.128,"USA:California:Monterey Bay","FK8",46.121,8,"14223c01_01c_eDNA",706.253,"GTACACACCGCCCGTC","TGATCCTTCTGCAGGTTCACCTAC","Cannon","c",34.3191,"Poretics","0.22um",-80,"environmental","14223c01_01c_eDNA_FK","AVITI 2x150 bp low output flow cell","MSU",NA,18,5.1966,2023,5,22,"CN23S MARS",700,"AVITI","CN23S MARS 700"
"90","14223c01_03c_eDNA_FK",-0.0588370441414922,0.185850649643941,0.0363693677708212,NA,"FK","14223c01_03c_eDNA_L1_R1.fastq.gz","14223c01_03c_eDNA_L1_R2.fastq.gz","Francisco Chavez",3,14223,"MBARI","Rachel Carson","ship",500.926,"MARS",1,NA,-0.112,36.711,-122.196,26.8855,500,0.504,"marine biome  (ENVO:00000447)","coastal water (ENVO:00001250)","waterborne particulate matter (ENVO:01000436)",2023-05-22 17:53:00,0.1235,"USA:California:Monterey Bay","FK9",35.907,9,"14223c01_03c_eDNA",505.26,"GTACACACCGCCCGTC","TGATCCTTCTGCAGGTTCACCTAC","Cannon","c",34.2243,"Poretics","0.22um",-80,"environmental","14223c01_03c_eDNA_FK","AVITI 2x150 bp low output flow cell","MSU",NA,18,6.4669,2023,5,22,"CN23S MARS",500,"AVITI","CN23S MARS 500"
"91","14223c01_12c_eDNA_FK",-0.0733766569825505,-0.0223884297124261,-0.0111170576428555,NA,"FK","14223c01_12c_eDNA_L1_R1.fastq.gz","14223c01_12c_eDNA_L1_R2.fastq.gz","Francisco Chavez",12,14223,"MBARI","Rachel Carson","ship",3.112,"MARS",1,NA,1.1456,36.711,-122.196,25.0996,0,6.0942,"marine biome  (ENVO:00000447)","coastal water (ENVO:00001250)","waterborne particulate matter (ENVO:01000436)",2023-05-22 17:53:00,0.241,"USA:California:Monterey Bay","FK10",6.645,10,"14223c01_12c_eDNA",3.135,"GTACACACCGCCCGTC","TGATCCTTCTGCAGGTTCACCTAC","Cannon","c",33.2531,"Poretics","0.22um",-80,"environmental","14223c01_12c_eDNA_FK","AVITI 2x150 bp low output flow cell","MSU",NA,18,12.6957,2023,5,22,"CN23S MARS",0,"AVITI","CN23S MARS 0"
"92","14223c01_08c_eDNA_FK",0.0494651083062456,0.0765411006732705,-0.0972264796363846,NA,"FK","14223c01_08c_eDNA_L1_R1.fastq.gz","14223c01_08c_eDNA_L1_R2.fastq.gz","Francisco Chavez",8,14223,"MBARI","Rachel Carson","ship",101.114,"MARS",1,NA,-0.0212,36.711,-122.196,26.2686,100,2.4491,"marine biome  (ENVO:00000447)","coastal water (ENVO:00001250)","waterborne particulate matter (ENVO:01000436)",2023-05-22 17:53:00,0.132,"USA:California:Monterey Bay","FK11",23.505,11,"14223c01_08c_eDNA",101.89,"GTACACACCGCCCGTC","TGATCCTTCTGCAGGTTCACCTAC","Cannon","c",33.9602,"Poretics","0.22um",-80,"environmental","14223c01_08c_eDNA_FK","AVITI 2x150 bp low output flow cell","MSU",NA,18,9.2321,2023,5,22,"CN23S MARS",100,"AVITI","CN23S MARS 100"
"93","25424c01_12c_eDNA_FK",-0.099623184416622,-0.0354338907438047,-0.0188050026852117,NA,"FK","25424c01_12c_eDNA_L1_R1.fastq.gz","25424c01_12c_eDNA_L1_R2.fastq.gz","Francisco Chavez",12,25424,"MBARI","Rachel Carson","ship",3.072,"c1",1,NA,3.3251,36.7975,-121.8475,25.0484,0,5.8805,"marine biome  (ENVO:00000447)","coastal water (ENVO:00001250)","waterborne particulate matter (ENVO:01000436)",2024-09-10 14:48:00,0.4445,"USA:California:Monterey Bay","FK12",NA,12,"25424c01_12c_eDNA",3.094,"GTACACACCGCCCGTC","TGATCCTTCTGCAGGTTCACCTAC","PTLO","c",33.8047,"Poretics","0.22um",-80,"environmental","25424c01_12c_eDNA_FK","AVITI 2x150 bp low output flow cell","MSU",NA,18,15.01,2024,9,10,"MBTS 25424",0,"AVITI","MBTS 25424 0"
"94","25424c01_10c_eDNA_FK",-0.0171820228845811,-0.0949479883162019,-0.0550015382422406,NA,"FK","25424c01_10c_eDNA_L1_R1.fastq.gz","25424c01_10c_eDNA_L1_R2.fastq.gz","Francisco Chavez",10,25424,"MBARI","Rachel Carson","ship",10.238,"c1",1,NA,0.7041,36.7975,-121.8475,25.6966,10,3.9941,"marine biome  (ENVO:00000447)","coastal water (ENVO:00001250)","waterborne particulate matter (ENVO:01000436)",2024-09-10 14:48:00,0.1997,"USA:California:Monterey Bay","FK13",NA,13,"25424c01_10c_eDNA",10.314,"GTACACACCGCCCGTC","TGATCCTTCTGCAGGTTCACCTAC","PTLO","c",33.8077,"Poretics","0.22um",-80,"environmental","25424c01_10c_eDNA_FK","AVITI 2x150 bp low output flow cell","MSU",NA,18,11.8235,2024,9,10,"MBTS 25424",10,"AVITI","MBTS 25424 10"
"95","25424c01_09c_eDNA_FK",0.00882835120835342,-0.071916472452559,-0.0365524302509412,NA,"FK","25424c01_09c_eDNA_L1_R1.fastq.gz","25424c01_09c_eDNA_L1_R2.fastq.gz","Francisco Chavez",9,25424,"MBARI","Rachel Carson","ship",20.421,"c1",1,NA,0.4298,36.7975,-121.8475,25.8362,20,3.4435,"marine biome  (ENVO:00000447)","coastal water (ENVO:00001250)","waterborne particulate matter (ENVO:01000436)",2024-09-10 14:48:00,0.1741,"USA:California:Monterey Bay","FK14",NA,14,"25424c01_09c_eDNA",20.574,"GTACACACCGCCCGTC","TGATCCTTCTGCAGGTTCACCTAC","PTLO","c",33.8352,"Poretics","0.22um",-80,"environmental","25424c01_09c_eDNA_FK","AVITI 2x150 bp low output flow cell","MSU",NA,18,11.1818,2024,9,10,"MBTS 25424",20,"AVITI","MBTS 25424 20"
"96","25424c01_06c_eDNA_FK",0.0850902276433204,-0.0243576875499285,-0.0894591103576359,NA,"FK","25424c01_06c_eDNA_L1_R1.fastq.gz","25424c01_06c_eDNA_L1_R2.fastq.gz","Francisco Chavez",6,25424,"MBARI","Rachel Carson","ship",59.967,"c1",1,NA,0.0431,36.7975,-121.8475,26.0666,60,2.0678,"marine biome  (ENVO:00000447)","coastal water (ENVO:00001250)","waterborne particulate matter (ENVO:01000436)",2024-09-10 14:48:00,0.138,"USA:California:Monterey Bay","FK15",NA,15,"25424c01_06c_eDNA",60.422,"GTACACACCGCCCGTC","TGATCCTTCTGCAGGTTCACCTAC","PTLO","c",33.918,"Poretics","0.22um",-80,"environmental","25424c01_06c_eDNA_FK","AVITI 2x150 bp low output flow cell","MSU",NA,18,10.2451,2024,9,10,"MBTS 25424",60,"AVITI","MBTS 25424 60"
"97","25424c01_03c_eDNA_FK",0.101414545636138,0.0254218543696917,-0.0902976242314018,NA,"FK","25424c01_03c_eDNA_L1_R1.fastq.gz","25424c01_03c_eDNA_L1_R2.fastq.gz","Francisco Chavez",3,25424,"MBARI","Rachel Carson","ship",149.061,"c1",1,NA,0.0169,36.7975,-121.8475,26.3645,150,1.1609,"marine biome  (ENVO:00000447)","coastal water (ENVO:00001250)","waterborne particulate matter (ENVO:01000436)",2024-09-10 14:48:00,0.1356,"USA:California:Monterey Bay","FK16",NA,16,"25424c01_03c_eDNA",150.223,"GTACACACCGCCCGTC","TGATCCTTCTGCAGGTTCACCTAC","PTLO","c",34.047,"Poretics","0.22um",-80,"environmental","25424c01_03c_eDNA_FK","AVITI 2x150 bp low output flow cell","MSU",NA,18,9.062,2024,9,10,"MBTS 25424",150,"AVITI","MBTS 25424 150"
"98","25424c02_12c_eDNA_FK",-0.106749253423895,-0.054292925170162,-0.0300875784654479,NA,"FK","25424c02_12c_eDNA_L1_R1.fastq.gz","25424c02_12c_eDNA_L1_R2.fastq.gz","Francisco Chavez",12,25424,"MBARI","Rachel Carson","ship",3.087,"Mooring1",2,NA,3.2152,36.7465,-122.0202,25.1026,0,5.9011,"marine biome  (ENVO:00000447)","coastal water (ENVO:00001250)","waterborne particulate matter (ENVO:01000436)",2024-09-10 16:26:00,0.4342,"USA:California:Monterey Bay","FK17",NA,17,"25424c02_12c_eDNA",3.11,"GTACACACCGCCCGTC","TGATCCTTCTGCAGGTTCACCTAC","PTLO","c",33.7859,"Poretics","0.22um",-80,"environmental","25424c02_12c_eDNA_FK","AVITI 2x150 bp low output flow cell","MSU",NA,18,14.6922,2024,9,10,"MBTS 25424",0,"AVITI","MBTS 25424 0"
"99","25424c02_10c_eDNA_FK",-0.085281795574479,-0.0669512869209497,-0.0478903877084045,NA,"FK","25424c02_10c_eDNA_L1_R1.fastq.gz","25424c02_10c_eDNA_L1_R2.fastq.gz","Francisco Chavez",10,25424,"MBARI","Rachel Carson","ship",10.18,"Mooring1",2,NA,4.1594,36.7465,-122.0202,25.22,10,5.6191,"marine biome  (ENVO:00000447)","coastal water (ENVO:00001250)","waterborne particulate matter (ENVO:01000436)",2024-09-10 16:26:00,0.5224,"USA:California:Monterey Bay","FK18",NA,18,"25424c02_10c_eDNA",10.255,"GTACACACCGCCCGTC","TGATCCTTCTGCAGGTTCACCTAC","PTLO","c",33.7692,"Poretics","0.22um",-80,"environmental","25424c02_10c_eDNA_FK","AVITI 2x150 bp low output flow cell","MSU",NA,18,14.0783,2024,9,10,"MBTS 25424",10,"AVITI","MBTS 25424 10"
"100","25424c02_09c_eDNA_FK",-0.0407663009029202,-0.0821513527614014,-0.0562490487584873,NA,"FK","25424c02_09c_eDNA_L1_R1.fastq.gz","25424c02_09c_eDNA_L1_R2.fastq.gz","Francisco Chavez",9,25424,"MBARI","Rachel Carson","ship",20.181,"Mooring1",2,NA,1.6478,36.7465,-122.0202,25.6007,20,4.0424,"marine biome  (ENVO:00000447)","coastal water (ENVO:00001250)","waterborne particulate matter (ENVO:01000436)",2024-09-10 16:26:00,0.2879,"USA:California:Monterey Bay","FK19",NA,19,"25424c02_09c_eDNA",20.332,"GTACACACCGCCCGTC","TGATCCTTCTGCAGGTTCACCTAC","PTLO","c",33.758,"Poretics","0.22um",-80,"environmental","25424c02_09c_eDNA_FK","AVITI 2x150 bp low output flow cell","MSU",NA,18,12.1278,2024,9,10,"MBTS 25424",20,"AVITI","MBTS 25424 20"
"101","25424c02_06c_eDNA_FK",0.105927258203564,0.00244896886436142,-0.0794698627711969,NA,"FK","25424c02_06c_eDNA_L1_R1.fastq.gz","25424c02_06c_eDNA_L1_R2.fastq.gz","Francisco Chavez",6,25424,"MBARI","Rachel Carson","ship",60.456,"Mooring1",2,NA,-0.0074,36.7465,-122.0202,26.0483,60,2.187,"marine biome  (ENVO:00000447)","coastal water (ENVO:00001250)","waterborne particulate matter (ENVO:01000436)",2024-09-10 16:26:00,0.1333,"USA:California:Monterey Bay","FK20",NA,20,"25424c02_06c_eDNA",60.914,"GTACACACCGCCCGTC","TGATCCTTCTGCAGGTTCACCTAC","PTLO","c",33.8969,"Poretics","0.22um",-80,"environmental","25424c02_06c_eDNA_FK","AVITI 2x150 bp low output flow cell","MSU",NA,18,10.2553,2024,9,10,"MBTS 25424",60,"AVITI","MBTS 25424 60"
"102","25424c02_03c_eDNA_FK",0.0800417492163906,0.121133256410327,-0.0567822185432971,NA,"FK","25424c02_03c_eDNA_L1_R1.fastq.gz","25424c02_03c_eDNA_L1_R2.fastq.gz","Francisco Chavez",3,25424,"MBARI","Rachel Carson","ship",150.486,"Mooring1",2,NA,-0.0498,36.7465,-122.0202,26.2959,150,1.4903,"marine biome  (ENVO:00000447)","coastal water (ENVO:00001250)","waterborne particulate matter (ENVO:01000436)",2024-09-10 16:26:00,0.1293,"USA:California:Monterey Bay","FK21",NA,21,"25424c02_03c_eDNA",151.659,"GTACACACCGCCCGTC","TGATCCTTCTGCAGGTTCACCTAC","PTLO","c",34.0379,"Poretics","0.22um",-80,"environmental","25424c02_03c_eDNA_FK","AVITI 2x150 bp low output flow cell","MSU",NA,18,9.4442,2024,9,10,"MBTS 25424",150,"AVITI","MBTS 25424 150"
"103","25424c03_12c_eDNA_FK",-0.117861742334066,-0.0697241532264701,-0.0411500835187381,NA,"FK","25424c03_12c_eDNA_L1_R1.fastq.gz","25424c03_12c_eDNA_L1_R2.fastq.gz","Francisco Chavez",12,25424,"MBARI","Rachel Carson","ship",2.626,"Mooring2",3,NA,4.8098,36.695,-122.3813,25.1923,0,6.5254,"marine biome  (ENVO:00000447)","coastal water (ENVO:00001250)","waterborne particulate matter (ENVO:01000436)",2024-09-10 19:04:00,0.5831,"USA:California:Monterey Bay","FK22",NA,22,"25424c03_12c_eDNA",2.646,"GTACACACCGCCCGTC","TGATCCTTCTGCAGGTTCACCTAC","PTLO","c",33.6627,"Poretics","0.22um",-80,"environmental","25424c03_12c_eDNA_FK","AVITI 2x150 bp low output flow cell","MSU",NA,18,13.8142,2024,9,10,"MBTS 25424",0,"AVITI","MBTS 25424 0"
"104","25424c03_10c_eDNA_FK",-0.0310044742662233,-0.0642779574199282,-0.108805796917075,NA,"FK","25424c03_10c_eDNA_L1_R1.fastq.gz","25424c03_10c_eDNA_L1_R2.fastq.gz","Francisco Chavez",10,25424,"MBARI","Rachel Carson","ship",10.316,"Mooring2",3,NA,6.4959,36.695,-122.3813,25.4318,10,5.4528,"marine biome  (ENVO:00000447)","coastal water (ENVO:00001250)","waterborne particulate matter (ENVO:01000436)",2024-09-10 19:04:00,0.7405,"USA:California:Monterey Bay","FK23",NA,23,"25424c03_10c_eDNA",10.392,"GTACACACCGCCCGTC","TGATCCTTCTGCAGGTTCACCTAC","PTLO","c",33.7459,"Poretics","0.22um",-80,"environmental","25424c03_10c_eDNA_FK","AVITI 2x150 bp low output flow cell","MSU",NA,18,12.9488,2024,9,10,"MBTS 25424",10,"AVITI","MBTS 25424 10"
"105","25424c03_09c_eDNA_FK",0.012384113015806,-0.0837390345103205,-0.085280006524153,NA,"FK","25424c03_09c_eDNA_L1_R1.fastq.gz","25424c03_09c_eDNA_L1_R2.fastq.gz","Francisco Chavez",9,25424,"MBARI","Rachel Carson","ship",20.289,"Mooring2",3,NA,0.6123,36.695,-122.3813,25.56,20,4.4551,"marine biome  (ENVO:00000447)","coastal water (ENVO:00001250)","waterborne particulate matter (ENVO:01000436)",2024-09-10 19:04:00,0.1912,"USA:California:Monterey Bay","FK24",NA,24,"25424c03_09c_eDNA",20.441,"GTACACACCGCCCGTC","TGATCCTTCTGCAGGTTCACCTAC","PTLO","c",33.6052,"Poretics","0.22um",-80,"environmental","25424c03_09c_eDNA_FK","AVITI 2x150 bp low output flow cell","MSU",NA,18,11.7133,2024,9,10,"MBTS 25424",20,"AVITI","MBTS 25424 20"
"106","25424c03_06c_eDNA_FK",0.0882429934738088,0.0234075240540991,-0.0764436972553831,NA,"FK","25424c03_06c_eDNA_L1_R1.fastq.gz","25424c03_06c_eDNA_L1_R2.fastq.gz","Francisco Chavez",6,25424,"MBARI","Rachel Carson","ship",60.038,"Mooring2",3,NA,-0.0354,36.695,-122.3813,26.0261,60,2.0215,"marine biome  (ENVO:00000447)","coastal water (ENVO:00001250)","waterborne particulate matter (ENVO:01000436)",2024-09-10 19:04:00,0.1307,"USA:California:Monterey Bay","FK25",NA,25,"25424c03_06c_eDNA",60.493,"GTACACACCGCCCGTC","TGATCCTTCTGCAGGTTCACCTAC","PTLO","c",33.8599,"Poretics","0.22um",-80,"environmental","25424c03_06c_eDNA_FK","AVITI 2x150 bp low output flow cell","MSU",NA,18,10.2163,2024,9,10,"MBTS 25424",60,"AVITI","MBTS 25424 60"
"107","25424c03_03c_eDNA_FK",0.049892745674396,0.0818183254204858,-0.07955220276853,NA,"FK","25424c03_03c_eDNA_L1_R1.fastq.gz","25424c03_03c_eDNA_L1_R2.fastq.gz","Francisco Chavez",3,25424,"MBARI","Rachel Carson","ship",149.85,"Mooring2",3,NA,-0.0634,36.695,-122.3813,26.2385,150,1.5513,"marine biome  (ENVO:00000447)","coastal water (ENVO:00001250)","waterborne particulate matter (ENVO:01000436)",2024-09-10 19:04:00,0.1281,"USA:California:Monterey Bay","FK26",NA,26,"25424c03_03c_eDNA",151.017,"GTACACACCGCCCGTC","TGATCCTTCTGCAGGTTCACCTAC","PTLO","c",34.0117,"Poretics","0.22um",-80,"environmental","25424c03_03c_eDNA_FK","AVITI 2x150 bp low output flow cell","MSU",NA,18,9.6688,2024,9,10,"MBTS 25424",150,"AVITI","MBTS 25424 150"
"108","22624c01_12c_eDNA_FK",-0.11413552401578,-0.0548332037646206,0.00913223275065636,NA,"FK","22624c01_12c_eDNA_L1_R1.fastq.gz","22624c01_12c_eDNA_L1_R2.fastq.gz","Francisco Chavez",12,22624,"MBARI","RACHEL CARSON","ship",3.164,"C1",1,NA,8.941,36.7973,-121.847,25.6757,0,5.5359,"marine biome  (ENVO:00000447)","coastal water (ENVO:00001250)","waterborne particulate matter (ENVO:01000436)",2024-08-13 15:53:00,0.9688,"USA:California:Monterey Bay","FK27",NA,27,"22624c01_12c_eDNA",3.187,"GTACACACCGCCCGTC","TGATCCTTCTGCAGGTTCACCTAC","PTLO","c",33.8171,"Poretics","0.22um",-80,"environmental","22624c01_12c_eDNA_FK","AVITI 2x150 bp low output flow cell","MSU",NA,18,11.9723,2024,8,13,"MBTS 22624",0,"AVITI","MBTS 22624 0"
"109","22624c01_10c_eDNA_FK",0.0156770788737052,-0.0481923250167853,-0.187737830240791,NA,"FK","22624c01_10c_eDNA_L1_R1.fastq.gz","22624c01_10c_eDNA_L1_R2.fastq.gz","Francisco Chavez",10,22624,"MBARI","RACHEL CARSON","ship",11.021,"C1",1,NA,5.9354,36.7973,-121.847,25.7897,10,4.1396,"marine biome  (ENVO:00000447)","coastal water (ENVO:00001250)","waterborne particulate matter (ENVO:01000436)",2024-08-13 15:53:00,0.6882,"USA:California:Monterey Bay","FK28",NA,28,"22624c01_10c_eDNA",11.103,"GTACACACCGCCCGTC","TGATCCTTCTGCAGGTTCACCTAC","PTLO","c",33.8282,"Poretics","0.22um",-80,"environmental","22624c01_10c_eDNA_FK","AVITI 2x150 bp low output flow cell","MSU",NA,18,11.4065,2024,8,13,"MBTS 22624",10,"AVITI","MBTS 22624 10"
"110","22624c01_09c_eDNA_FK",0.0766929718044889,-0.0287630254081841,-0.192274601055862,NA,"FK","22624c01_09c_eDNA_L1_R1.fastq.gz","22624c01_09c_eDNA_L1_R2.fastq.gz","Francisco Chavez",9,22624,"MBARI","RACHEL CARSON","ship",20.8,"C1",1,NA,0.1589,36.7973,-121.847,26.0656,20,2.1549,"marine biome  (ENVO:00000447)","coastal water (ENVO:00001250)","waterborne particulate matter (ENVO:01000436)",2024-08-13 15:53:00,0.1488,"USA:California:Monterey Bay","FK29",NA,29,"22624c01_09c_eDNA",20.955,"GTACACACCGCCCGTC","TGATCCTTCTGCAGGTTCACCTAC","PTLO","c",33.8705,"Poretics","0.22um",-80,"environmental","22624c01_09c_eDNA_FK","AVITI 2x150 bp low output flow cell","MSU",NA,18,10.0285,2024,8,13,"MBTS 22624",20,"AVITI","MBTS 22624 20"
"111","22624c01_06c_eDNA_FK",0.0772453823946177,0.0840384575550183,-0.122324462463086,NA,"FK","22624c01_06c_eDNA_L1_R1.fastq.gz","22624c01_06c_eDNA_L1_R2.fastq.gz","Francisco Chavez",6,22624,"MBARI","RACHEL CARSON","ship",61.245,"C1",1,NA,-0.0148,36.7973,-121.847,26.2464,60,1.5823,"marine biome  (ENVO:00000447)","coastal water (ENVO:00001250)","waterborne particulate matter (ENVO:01000436)",2024-08-13 15:53:00,0.1326,"USA:California:Monterey Bay","FK30",NA,30,"22624c01_06c_eDNA",61.709,"GTACACACCGCCCGTC","TGATCCTTCTGCAGGTTCACCTAC","PTLO","c",33.9986,"Poretics","0.22um",-80,"environmental","22624c01_06c_eDNA_FK","AVITI 2x150 bp low output flow cell","MSU",NA,18,9.5484,2024,8,13,"MBTS 22624",60,"AVITI","MBTS 22624 60"
"112","22624c01_03c_eDNA_FK",0.0735859021739789,0.0815978049125849,-0.106143898853005,NA,"FK","22624c01_03c_eDNA_L1_R1.fastq.gz","22624c01_03c_eDNA_L1_R2.fastq.gz","Francisco Chavez",3,22624,"MBARI","RACHEL CARSON","ship",150.604,"C1",1,NA,-0.037,36.7973,-121.847,26.437,150,1.3372,"marine biome  (ENVO:00000447)","coastal water (ENVO:00001250)","waterborne particulate matter (ENVO:01000436)",2024-08-13 15:53:00,0.1305,"USA:California:Monterey Bay","FK31",NA,31,"22624c01_03c_eDNA",151.779,"GTACACACCGCCCGTC","TGATCCTTCTGCAGGTTCACCTAC","PTLO","c",34.0616,"Poretics","0.22um",-80,"environmental","22624c01_03c_eDNA_FK","AVITI 2x150 bp low output flow cell","MSU",NA,18,8.674,2024,8,13,"MBTS 22624",150,"AVITI","MBTS 22624 150"
"113","22624c02_12c_eDNA_FK",-0.125460929187869,-0.0373683291432376,-0.0450185743851005,NA,"FK","22624c02_12c_eDNA_L1_R1.fastq.gz","22624c02_12c_eDNA_L1_R2.fastq.gz","Francisco Chavez",12,22624,"MBARI","RACHEL CARSON","ship",2.958,"MOORING1",2,NA,1.4298,36.7472,-122.0217,25.4541,0,5.5156,"marine biome  (ENVO:00000447)","coastal water (ENVO:00001250)","waterborne particulate matter (ENVO:01000436)",2024-08-13 17:36:00,0.2675,"USA:California:Monterey Bay","FK32",NA,32,"22624c02_12c_eDNA",2.979,"GTACACACCGCCCGTC","TGATCCTTCTGCAGGTTCACCTAC","PTLO","c",33.7542,"Poretics","0.22um",-80,"environmental","22624c02_12c_eDNA_FK","AVITI 2x150 bp low output flow cell","MSU",NA,18,12.8679,2024,8,13,"MBTS 22624",0,"AVITI","MBTS 22624 0"
"114","22624c02_10c_eDNA_FK",-0.124693720404122,-0.0645472881309579,-0.103825439765601,NA,"FK","22624c02_10c_eDNA_L1_R1.fastq.gz","22624c02_10c_eDNA_L1_R2.fastq.gz","Francisco Chavez",10,22624,"MBARI","RACHEL CARSON","ship",10.591,"MOORING1",2,NA,5.1999,36.7472,-122.0217,25.5357,10,5.446,"marine biome  (ENVO:00000447)","coastal water (ENVO:00001250)","waterborne particulate matter (ENVO:01000436)",2024-08-13 17:36:00,0.6195,"USA:California:Monterey Bay","FK33",NA,33,"22624c02_10c_eDNA",10.67,"GTACACACCGCCCGTC","TGATCCTTCTGCAGGTTCACCTAC","PTLO","c",33.7655,"Poretics","0.22um",-80,"environmental","22624c02_10c_eDNA_FK","AVITI 2x150 bp low output flow cell","MSU",NA,18,12.4964,2024,8,13,"MBTS 22624",10,"AVITI","MBTS 22624 10"
"115","22624c02_09c_eDNA_FK",-0.109583844981542,-0.0715398095473944,-0.122463035194918,NA,"FK","22624c02_09c_eDNA_L1_R1.fastq.gz","22624c02_09c_eDNA_L1_R2.fastq.gz","Francisco Chavez",9,22624,"MBARI","RACHEL CARSON","ship",20.485,"MOORING1",2,NA,7.9923,36.7472,-122.0217,25.6475,20,5.0903,"marine biome  (ENVO:00000447)","coastal water (ENVO:00001250)","waterborne particulate matter (ENVO:01000436)",2024-08-13 17:36:00,0.8802,"USA:California:Monterey Bay","FK34",NA,34,"22624c02_09c_eDNA",20.638,"GTACACACCGCCCGTC","TGATCCTTCTGCAGGTTCACCTAC","PTLO","c",33.8058,"Poretics","0.22um",-80,"environmental","22624c02_09c_eDNA_FK","AVITI 2x150 bp low output flow cell","MSU",NA,18,12.0772,2024,8,13,"MBTS 22624",20,"AVITI","MBTS 22624 20"
"116","22624c02_06c_eDNA_FK",0.0707872155404301,-0.00344490596569485,-0.147129695708083,NA,"FK","22624c02_06c_eDNA_L1_R1.fastq.gz","22624c02_06c_eDNA_L1_R2.fastq.gz","Francisco Chavez",6,22624,"MBARI","RACHEL CARSON","ship",60.306,"MOORING1",2,NA,0.0775,36.7472,-122.0217,26.0722,60,2.2572,"marine biome  (ENVO:00000447)","coastal water (ENVO:00001250)","waterborne particulate matter (ENVO:01000436)",2024-08-13 17:36:00,0.1412,"USA:California:Monterey Bay","FK35",NA,35,"22624c02_06c_eDNA",60.763,"GTACACACCGCCCGTC","TGATCCTTCTGCAGGTTCACCTAC","PTLO","c",33.8953,"Poretics","0.22um",-80,"environmental","22624c02_06c_eDNA_FK","AVITI 2x150 bp low output flow cell","MSU",NA,18,10.1082,2024,8,13,"MBTS 22624",60,"AVITI","MBTS 22624 60"
"117","22624c03_12c_eDNA_FK",-0.121567331714244,-0.0724715738038313,-0.121348740257395,NA,"FK","22624c03_12c_eDNA_L1_R1.fastq.gz","22624c03_12c_eDNA_L1_R2.fastq.gz","Francisco Chavez",12,22624,"MBARI","RACHEL CARSON","ship",3.292,"MOORING2",3,NA,1.125,36.6968,-122.3775,25.3035,0,5.7844,"marine biome  (ENVO:00000447)","coastal water (ENVO:00001250)","waterborne particulate matter (ENVO:01000436)",2024-08-13 20:07:00,0.239,"USA:California:Monterey Bay","FK37",NA,37,"22624c03_12c_eDNA",3.316,"GTACACACCGCCCGTC","TGATCCTTCTGCAGGTTCACCTAC","PTLO","c",33.72,"Poretics","0.22um",-80,"environmental","22624c03_12c_eDNA_FK","AVITI 2x150 bp low output flow cell","MSU",NA,18,13.4873,2024,8,13,"MBTS 22624",0,"AVITI","MBTS 22624 0"
"118","22624c03_10c_eDNA_FK",-0.101783150064126,-0.0454246168351207,-0.132243075661769,NA,"FK","22624c03_10c_eDNA_L1_R1.fastq.gz","22624c03_10c_eDNA_L1_R2.fastq.gz","Francisco Chavez",10,22624,"MBARI","RACHEL CARSON","ship",10.795,"MOORING2",3,NA,4.4473,36.6968,-122.3775,25.4209,10,5.9201,"marine biome  (ENVO:00000447)","coastal water (ENVO:00001250)","waterborne particulate matter (ENVO:01000436)",2024-08-13 20:07:00,0.5493,"USA:California:Monterey Bay","FK38",NA,38,"22624c03_10c_eDNA",10.875,"GTACACACCGCCCGTC","TGATCCTTCTGCAGGTTCACCTAC","PTLO","c",33.7393,"Poretics","0.22um",-80,"environmental","22624c03_10c_eDNA_FK","AVITI 2x150 bp low output flow cell","MSU",NA,18,12.9779,2024,8,13,"MBTS 22624",10,"AVITI","MBTS 22624 10"
"119","22624c03_09c_eDNA_FK",-0.0955400646835421,-0.0500474369522569,-0.139396329934197,NA,"FK","22624c03_09c_eDNA_L1_R1.fastq.gz","22624c03_09c_eDNA_L1_R2.fastq.gz","Francisco Chavez",9,22624,"MBARI","RACHEL CARSON","ship",20.375,"MOORING2",3,NA,4.0849,36.6968,-122.3775,25.4515,20,5.5692,"marine biome  (ENVO:00000447)","coastal water (ENVO:00001250)","waterborne particulate matter (ENVO:01000436)",2024-08-13 20:07:00,0.5154,"USA:California:Monterey Bay","FK39",NA,39,"22624c03_09c_eDNA",20.527,"GTACACACCGCCCGTC","TGATCCTTCTGCAGGTTCACCTAC","PTLO","c",33.7369,"Poretics","0.22um",-80,"environmental","22624c03_09c_eDNA_FK","AVITI 2x150 bp low output flow cell","MSU",NA,18,12.8153,2024,8,13,"MBTS 22624",20,"AVITI","MBTS 22624 20"
"120","22624c03_06c_eDNA_FK",0.03293586982523,0.027856929329636,-0.0878638551600269,NA,"FK","22624c03_06c_eDNA_L1_R1.fastq.gz","22624c03_06c_eDNA_L1_R2.fastq.gz","Francisco Chavez",6,22624,"MBARI","RACHEL CARSON","ship",60.383,"MOORING2",3,NA,0.0159,36.6968,-122.3775,26.0543,60,2.3923,"marine biome  (ENVO:00000447)","coastal water (ENVO:00001250)","waterborne particulate matter (ENVO:01000436)",2024-08-13 20:07:00,0.1355,"USA:California:Monterey Bay","FK40",NA,40,"22624c03_06c_eDNA",60.84,"GTACACACCGCCCGTC","TGATCCTTCTGCAGGTTCACCTAC","PTLO","c",33.8559,"Poretics","0.22um",-80,"environmental","22624c03_06c_eDNA_FK","AVITI 2x150 bp low output flow cell","MSU",NA,18,10.0319,2024,8,13,"MBTS 22624",60,"AVITI","MBTS 22624 60"
"121","22624c03_03c_eDNA_FK",0.0178413623752048,0.158725219410541,-0.0826770845020702,NA,"FK","22624c03_03c_eDNA_L1_R1.fastq.gz","22624c03_03c_eDNA_L1_R2.fastq.gz","Francisco Chavez",3,22624,"MBARI","RACHEL CARSON","ship",150.793,"MOORING2",3,NA,-0.0733,36.6968,-122.3775,26.411,150,1.5728,"marine biome  (ENVO:00000447)","coastal water (ENVO:00001250)","waterborne particulate matter (ENVO:01000436)",2024-08-13 20:07:00,0.1272,"USA:California:Monterey Bay","FK41",NA,41,"22624c03_03c_eDNA",151.969,"GTACACACCGCCCGTC","TGATCCTTCTGCAGGTTCACCTAC","PTLO","c",34.1293,"Poretics","0.22um",-80,"environmental","22624c03_03c_eDNA_FK","AVITI 2x150 bp low output flow cell","MSU",NA,18,9.1746,2024,8,13,"MBTS 22624",150,"AVITI","MBTS 22624 150"
"122","20524c02_12c_eDNA_FK",-0.108534242337173,-0.083617655636721,-0.0312516459636758,NA,"FK","20524c02_12c_eDNA_L1_R1.fastq.gz","20524c02_12c_eDNA_L1_R2.fastq.gz","Francisco Chavez",12,20524,"MBARI","RACHEL CARSON","ship",2.817,"MOORING 1",2,NA,3.7425,36.7477,-122.0225,25.2873,0,6.8747,"marine biome  (ENVO:00000447)","coastal water (ENVO:00001250)","waterborne particulate matter (ENVO:01000436)",2024-07-23 17:30:00,0.4834,"USA:California:Monterey Bay","FK42",NA,42,"20524c02_12c_eDNA",2.838,"GTACACACCGCCCGTC","TGATCCTTCTGCAGGTTCACCTAC","PTLO","c",33.6997,"Poretics","0.22um",-80,"environmental","20524c02_12c_eDNA_FK","AVITI 2x150 bp low output flow cell","MSU",NA,18,13.4898,2024,7,23,"MBTS 20524",0,"AVITI","MBTS 20524 0"
"123","20524c02_10c_eDNA_FK",-0.0544582404991469,-0.0632930321154451,-0.138738144663986,NA,"FK","20524c02_10c_eDNA_L1_R1.fastq.gz","20524c02_10c_eDNA_L1_R2.fastq.gz","Francisco Chavez",10,20524,"MBARI","RACHEL CARSON","ship",10.958,"MOORING 1",2,NA,4.9072,36.7477,-122.0225,25.4425,10,5.3319,"marine biome  (ENVO:00000447)","coastal water (ENVO:00001250)","waterborne particulate matter (ENVO:01000436)",2024-07-23 17:30:00,0.5922,"USA:California:Monterey Bay","FK43",NA,43,"20524c02_10c_eDNA",11.04,"GTACACACCGCCCGTC","TGATCCTTCTGCAGGTTCACCTAC","PTLO","c",33.6948,"Poretics","0.22um",-80,"environmental","20524c02_10c_eDNA_FK","AVITI 2x150 bp low output flow cell","MSU",NA,18,12.6933,2024,7,23,"MBTS 20524",10,"AVITI","MBTS 20524 10"
"124","20524c02_09c_eDNA_FK",0.00763580496945879,-0.0718004095180009,-0.140696590826419,NA,"FK","20524c02_09c_eDNA_L1_R1.fastq.gz","20524c02_09c_eDNA_L1_R2.fastq.gz","Francisco Chavez",9,20524,"MBARI","RACHEL CARSON","ship",20.77,"MOORING 1",2,NA,0.5323,36.7477,-122.0225,25.8104,20,3.7582,"marine biome  (ENVO:00000447)","coastal water (ENVO:00001250)","waterborne particulate matter (ENVO:01000436)",2024-07-23 17:30:00,0.1837,"USA:California:Monterey Bay","FK44",NA,44,"20524c02_09c_eDNA",20.925,"GTACACACCGCCCGTC","TGATCCTTCTGCAGGTTCACCTAC","PTLO","c",33.7688,"Poretics","0.22um",-80,"environmental","20524c02_09c_eDNA_FK","AVITI 2x150 bp low output flow cell","MSU",NA,18,11.0379,2024,7,23,"MBTS 20524",20,"AVITI","MBTS 20524 20"
"125","20524c02_06c_eDNA_FK",0.0686314660806352,-0.0083126801554698,-0.135744374121894,NA,"FK","20524c02_06c_eDNA_L1_R1.fastq.gz","20524c02_06c_eDNA_L1_R2.fastq.gz","Francisco Chavez",6,20524,"MBARI","RACHEL CARSON","ship",60.98,"MOORING 1",2,NA,-0.0533,36.7477,-122.0225,26.1549,60,2.2115,"marine biome  (ENVO:00000447)","coastal water (ENVO:00001250)","waterborne particulate matter (ENVO:01000436)",2024-07-23 17:30:00,0.129,"USA:California:Monterey Bay","FK45",NA,45,"20524c02_06c_eDNA",61.442,"GTACACACCGCCCGTC","TGATCCTTCTGCAGGTTCACCTAC","PTLO","c",33.8968,"Poretics","0.22um",-80,"environmental","20524c02_06c_eDNA_FK","AVITI 2x150 bp low output flow cell","MSU",NA,18,9.6213,2024,7,23,"MBTS 20524",60,"AVITI","MBTS 20524 60"
"126","20524c02_03c_eDNA_FK",0.117071817738604,0.0387652107419764,-0.125389448801272,NA,"FK","20524c02_03c_eDNA_L1_R1.fastq.gz","20524c02_03c_eDNA_L1_R2.fastq.gz","Francisco Chavez",3,20524,"MBARI","RACHEL CARSON","ship",151.117,"MOORING 1",2,NA,-0.0525,36.7477,-122.0225,26.3877,150,1.5514,"marine biome  (ENVO:00000447)","coastal water (ENVO:00001250)","waterborne particulate matter (ENVO:01000436)",2024-07-23 17:30:00,0.1291,"USA:California:Monterey Bay","FK46",NA,46,"20524c02_03c_eDNA",152.295,"GTACACACCGCCCGTC","TGATCCTTCTGCAGGTTCACCTAC","PTLO","c",34.057,"Poretics","0.22um",-80,"environmental","20524c02_03c_eDNA_FK","AVITI 2x150 bp low output flow cell","MSU",NA,18,8.9659,2024,7,23,"MBTS 20524",150,"AVITI","MBTS 20524 150"
"127","20524c01_12c_eDNA_FK",-0.131329084603903,-0.07008474046538,0.016738695848867,NA,"FK","20524c01_12c_eDNA_L1_R1.fastq.gz","20524c01_12c_eDNA_L1_R2.fastq.gz","Francisco Chavez",12,20524,"MBARI","RACHEL CARSON","ship",2.94,"C1",1,NA,2.8909,36.7985,-121.847,25.228,0,5.5433,"marine biome  (ENVO:00000447)","coastal water (ENVO:00001250)","waterborne particulate matter (ENVO:01000436)",2024-07-23 15:56:00,0.4039,"USA:California:Monterey Bay","FK47",NA,47,"20524c01_12c_eDNA",2.961,"GTACACACCGCCCGTC","TGATCCTTCTGCAGGTTCACCTAC","PTLO","c",33.7075,"Poretics","0.22um",-80,"environmental","20524c01_12c_eDNA_FK","AVITI 2x150 bp low output flow cell","MSU",NA,18,13.8092,2024,7,23,"MBTS 20524",0,"AVITI","MBTS 20524 0"
"128","20524c01_10c_eDNA_FK",-0.0953997541495626,-0.0831855482868029,-0.0538654961089874,NA,"FK","20524c01_10c_eDNA_L1_R1.fastq.gz","20524c01_10c_eDNA_L1_R2.fastq.gz","Francisco Chavez",10,20524,"MBARI","RACHEL CARSON","ship",10.743,"C1",1,NA,2.4874,36.7985,-121.847,25.4306,10,4.9831,"marine biome  (ENVO:00000447)","coastal water (ENVO:00001250)","waterborne particulate matter (ENVO:01000436)",2024-07-23 15:56:00,0.3663,"USA:California:Monterey Bay","FK48",NA,48,"20524c01_10c_eDNA",10.823,"GTACACACCGCCCGTC","TGATCCTTCTGCAGGTTCACCTAC","PTLO","c",33.7481,"Poretics","0.22um",-80,"environmental","20524c01_10c_eDNA_FK","AVITI 2x150 bp low output flow cell","MSU",NA,18,12.9636,2024,7,23,"MBTS 20524",10,"AVITI","MBTS 20524 10"
"129","20524c01_09c_eDNA_FK",-0.0149879064358093,-0.0757807645864241,-0.120156072567962,NA,"FK","20524c01_09c_eDNA_L1_R1.fastq.gz","20524c01_09c_eDNA_L1_R2.fastq.gz","Francisco Chavez",9,20524,"MBARI","RACHEL CARSON","ship",21.056,"C1",1,NA,0.5195,36.7985,-121.847,25.908,20,3.6565,"marine biome  (ENVO:00000447)","coastal water (ENVO:00001250)","waterborne particulate matter (ENVO:01000436)",2024-07-23 15:56:00,0.1825,"USA:California:Monterey Bay","FK49",NA,49,"20524c01_09c_eDNA",21.214,"GTACACACCGCCCGTC","TGATCCTTCTGCAGGTTCACCTAC","PTLO","c",33.8585,"Poretics","0.22um",-80,"environmental","20524c01_09c_eDNA_FK","AVITI 2x150 bp low output flow cell","MSU",NA,18,10.8825,2024,7,23,"MBTS 20524",20,"AVITI","MBTS 20524 20"
"130","20524c01_06c_eDNA_FK",0.076179715015978,0.114671378536937,-0.0678724194780813,NA,"FK","20524c01_06c_eDNA_L1_R1.fastq.gz","20524c01_06c_eDNA_L1_R2.fastq.gz","Francisco Chavez",6,20524,"MBARI","RACHEL CARSON","ship",60.315,"C1",1,NA,0.0885,36.7985,-121.847,26.1061,60,2.5892,"marine biome  (ENVO:00000447)","coastal water (ENVO:00001250)","waterborne particulate matter (ENVO:01000436)",2024-07-23 15:56:00,0.1423,"USA:California:Monterey Bay","FK50",NA,50,"20524c01_06c_eDNA",60.772,"GTACACACCGCCCGTC","TGATCCTTCTGCAGGTTCACCTAC","PTLO","c",33.9089,"Poretics","0.22um",-80,"environmental","20524c01_06c_eDNA_FK","AVITI 2x150 bp low output flow cell","MSU",NA,18,9.971,2024,7,23,"MBTS 20524",60,"AVITI","MBTS 20524 60"
"131","20524c01_03c_eDNA_FK",0.055311021822628,0.115485272099952,-0.0175072638191174,NA,"FK","20524c01_03c_eDNA_L1_R1.fastq.gz","20524c01_03c_eDNA_L1_R2.fastq.gz","Francisco Chavez",3,20524,"MBARI","RACHEL CARSON","ship",150.809,"C1",1,NA,0.0375,36.7985,-121.847,26.3209,150,1.9228,"marine biome  (ENVO:00000447)","coastal water (ENVO:00001250)","waterborne particulate matter (ENVO:01000436)",2024-07-23 15:56:00,0.1375,"USA:California:Monterey Bay","FK51",NA,51,"20524c01_03c_eDNA",151.985,"GTACACACCGCCCGTC","TGATCCTTCTGCAGGTTCACCTAC","PTLO","c",34.0013,"Poretics","0.22um",-80,"environmental","20524c01_03c_eDNA_FK","AVITI 2x150 bp low output flow cell","MSU",NA,18,9.1118,2024,7,23,"MBTS 20524",150,"AVITI","MBTS 20524 150"
"132","20524c03_10c_eDNA_FK",-0.103197588418486,-0.0823461502107771,-0.0543188086569443,NA,"FK","20524c03_10c_eDNA_L1_R1.fastq.gz","20524c03_10c_eDNA_L1_R2.fastq.gz","Francisco Chavez",10,20524,"MBARI","RACHEL CARSON","ship",10.778,"MOORING 2",3,NA,3.3014,36.6982,-122.378,25.3853,10,5.9974,"marine biome  (ENVO:00000447)","coastal water (ENVO:00001250)","waterborne particulate matter (ENVO:01000436)",2024-07-23 20:06:00,0.4423,"USA:California:Monterey Bay","FK53",NA,53,"20524c03_10c_eDNA",10.859,"GTACACACCGCCCGTC","TGATCCTTCTGCAGGTTCACCTAC","PTLO","c",33.7419,"Poretics","0.22um",-80,"environmental","20524c03_10c_eDNA_FK","AVITI 2x150 bp low output flow cell","MSU",NA,18,13.167,2024,7,23,"MBTS 20524",10,"AVITI","MBTS 20524 10"
"133","20524c03_09c_eDNA_FK",-0.0738619258095801,-0.0878824943781565,-0.0568921878957168,NA,"FK","20524c03_09c_eDNA_L1_R1.fastq.gz","20524c03_09c_eDNA_L1_R2.fastq.gz","Francisco Chavez",9,20524,"MBARI","RACHEL CARSON","ship",21.702,"MOORING 2",3,NA,1.5942,36.6982,-122.378,25.5046,20,5.0864,"marine biome  (ENVO:00000447)","coastal water (ENVO:00001250)","waterborne particulate matter (ENVO:01000436)",2024-07-23 20:06:00,0.2828,"USA:California:Monterey Bay","FK54",NA,54,"20524c03_09c_eDNA",21.864,"GTACACACCGCCCGTC","TGATCCTTCTGCAGGTTCACCTAC","PTLO","c",33.7287,"Poretics","0.22um",-80,"environmental","20524c03_09c_eDNA_FK","AVITI 2x150 bp low output flow cell","MSU",NA,18,12.5109,2024,7,23,"MBTS 20524",20,"AVITI","MBTS 20524 20"
"134","20524c03_06c_eDNA_FK",0.0809730805687679,0.0310662203882281,-0.1016798525481,NA,"FK","20524c03_06c_eDNA_L1_R1.fastq.gz","20524c03_06c_eDNA_L1_R2.fastq.gz","Francisco Chavez",6,20524,"MBARI","RACHEL CARSON","ship",60.883,"MOORING 2",3,NA,-0.002,36.6982,-122.378,26.02,60,2.6047,"marine biome  (ENVO:00000447)","coastal water (ENVO:00001250)","waterborne particulate matter (ENVO:01000436)",2024-07-23 20:06:00,0.1338,"USA:California:Monterey Bay","FK55",NA,55,"20524c03_06c_eDNA",61.345,"GTACACACCGCCCGTC","TGATCCTTCTGCAGGTTCACCTAC","PTLO","c",33.813,"Poretics","0.22um",-80,"environmental","20524c03_06c_eDNA_FK","AVITI 2x150 bp low output flow cell","MSU",NA,18,10.0372,2024,7,23,"MBTS 20524",60,"AVITI","MBTS 20524 60"
"135","20524c03_03c_eDNA_FK",0.0772609422889871,0.139436952659507,-0.0634071374473734,NA,"FK","20524c03_03c_eDNA_L1_R1.fastq.gz","20524c03_03c_eDNA_L1_R2.fastq.gz","Francisco Chavez",3,20524,"MBARI","RACHEL CARSON","ship",150.594,"MOORING 2",3,NA,-0.0631,36.6982,-122.378,26.3322,150,1.635,"marine biome  (ENVO:00000447)","coastal water (ENVO:00001250)","waterborne particulate matter (ENVO:01000436)",2024-07-23 20:06:00,0.1281,"USA:California:Monterey Bay","FK56",NA,56,"20524c03_03c_eDNA",151.768,"GTACACACCGCCCGTC","TGATCCTTCTGCAGGTTCACCTAC","PTLO","c",34.0385,"Poretics","0.22um",-80,"environmental","20524c03_03c_eDNA_FK","AVITI 2x150 bp low output flow cell","MSU",NA,18,9.2232,2024,7,23,"MBTS 20524",150,"AVITI","MBTS 20524 150"
"136","17024c03_06c_eDNA_FK",0.0486795230186506,0.10490920492587,-0.110110737290569,NA,"FK","17024c03_06c_eDNA_L1_R1.fastq.gz","17024c03_06c_eDNA_L1_R2.fastq.gz","Francisco Chavez",6,17024,"MBARI","RACHEL CARSON","ship",61.079,"MOORING 2",3,NA,-0.0199,36.6942,-122.3785,26.0472,60,2.6978,"marine biome  (ENVO:00000447)","coastal water (ENVO:00001250)","waterborne particulate matter (ENVO:01000436)",2024-06-18 19:25:00,0.1321,"USA:California:Monterey Bay","FK58",NA,58,"17024c03_06c_eDNA",61.542,"GTACACACCGCCCGTC","TGATCCTTCTGCAGGTTCACCTAC","PTLO","c",33.7522,"Poretics","0.22um",-80,"environmental","17024c03_06c_eDNA_FK","AVITI 2x150 bp low output flow cell","MSU",NA,18,9.5887,2024,6,18,"MBTS 17024",60,"AVITI","MBTS 17024 60"
"137","17024c03_09c_eDNA_FK",-0.0876037890900162,-0.00110023030330982,-0.104752061879581,NA,"FK","17024c03_09c_eDNA_L1_R1.fastq.gz","17024c03_09c_eDNA_L1_R2.fastq.gz","Francisco Chavez",9,17024,"MBARI","RACHEL CARSON","ship",22.058,"MOORING 2",3,NA,4.1052,36.6942,-122.3785,25.6959,20,5.3583,"marine biome  (ENVO:00000447)","coastal water (ENVO:00001250)","waterborne particulate matter (ENVO:01000436)",2024-06-18 19:25:00,0.5173,"USA:California:Monterey Bay","FK59",NA,59,"17024c03_09c_eDNA",22.223,"GTACACACCGCCCGTC","TGATCCTTCTGCAGGTTCACCTAC","PTLO","c",33.7405,"Poretics","0.22um",-80,"environmental","17024c03_09c_eDNA_FK","AVITI 2x150 bp low output flow cell","MSU",NA,18,11.5474,2024,6,18,"MBTS 17024",20,"AVITI","MBTS 17024 20"
"138","17024c03_10c_eDNA_FK",-0.0902065401502001,-0.00759046482345,-0.140120154132236,NA,"FK","17024c03_10c_eDNA_L1_R1.fastq.gz","17024c03_10c_eDNA_L1_R2.fastq.gz","Francisco Chavez",10,17024,"MBARI","RACHEL CARSON","ship",12.107,"MOORING 2",3,NA,4.3958,36.6942,-122.3785,25.6825,10,5.476,"marine biome  (ENVO:00000447)","coastal water (ENVO:00001250)","waterborne particulate matter (ENVO:01000436)",2024-06-18 19:25:00,0.5444,"USA:California:Monterey Bay","FK60",NA,60,"17024c03_10c_eDNA",12.197,"GTACACACCGCCCGTC","TGATCCTTCTGCAGGTTCACCTAC","PTLO","c",33.7404,"Poretics","0.22um",-80,"environmental","17024c03_10c_eDNA_FK","AVITI 2x150 bp low output flow cell","MSU",NA,18,11.6184,2024,6,18,"MBTS 17024",10,"AVITI","MBTS 17024 10"
"139","17024c03_12c_eDNA_FK",-0.097453936427167,-0.00744060675790269,-0.127151032610378,NA,"FK","17024c03_12c_eDNA_L1_R1.fastq.gz","17024c03_12c_eDNA_L1_R2.fastq.gz","Francisco Chavez",12,17024,"MBARI","RACHEL CARSON","ship",3.253,"MOORING 2",3,NA,1.5232,36.6942,-122.3785,25.6768,0,5.529,"marine biome  (ENVO:00000447)","coastal water (ENVO:00001250)","waterborne particulate matter (ENVO:01000436)",2024-06-18 19:25:00,0.2762,"USA:California:Monterey Bay","FK61",NA,61,"17024c03_12c_eDNA",3.277,"GTACACACCGCCCGTC","TGATCCTTCTGCAGGTTCACCTAC","PTLO","c",33.7401,"Poretics","0.22um",-80,"environmental","17024c03_12c_eDNA_FK","AVITI 2x150 bp low output flow cell","MSU",NA,18,11.6465,2024,6,18,"MBTS 17024",0,"AVITI","MBTS 17024 0"
"140","17024c02_06c_eDNA_FK",0.0620465730449376,0.0736611237683922,-0.12442385605491,NA,"FK","17024c02_06c_eDNA_L1_R1.fastq.gz","17024c02_06c_eDNA_L1_R2.fastq.gz","Francisco Chavez",6,17024,"MBARI","RACHEL CARSON","ship",60.941,"MOORING 1",2,NA,0.0506,36.746,-122.0202,26.2623,60,2.1372,"marine biome  (ENVO:00000447)","coastal water (ENVO:00001250)","waterborne particulate matter (ENVO:01000436)",2024-06-18 16:32:00,0.1387,"USA:California:Monterey Bay","FK63",NA,63,"17024c02_06c_eDNA",61.403,"GTACACACCGCCCGTC","TGATCCTTCTGCAGGTTCACCTAC","PTLO","c",33.9574,"Poretics","0.22um",-80,"environmental","17024c02_06c_eDNA_FK","AVITI 2x150 bp low output flow cell","MSU",NA,18,9.253,2024,6,18,"MBTS 17024",60,"AVITI","MBTS 17024 60"
"141","17024c02_09c_eDNA_FK",-0.0269554731746912,-0.0160532463295861,-0.098551395504812,NA,"FK","17024c02_09c_eDNA_L1_R1.fastq.gz","17024c02_09c_eDNA_L1_R2.fastq.gz","Francisco Chavez",9,17024,"MBARI","RACHEL CARSON","ship",20.614,"MOORING 1",2,NA,0.9414,36.746,-122.0202,26.0365,20,3.612,"marine biome  (ENVO:00000447)","coastal water (ENVO:00001250)","waterborne particulate matter (ENVO:01000436)",2024-06-18 16:32:00,0.2219,"USA:California:Monterey Bay","FK64",NA,64,"17024c02_09c_eDNA",20.767,"GTACACACCGCCCGTC","TGATCCTTCTGCAGGTTCACCTAC","PTLO","c",33.8423,"Poretics","0.22um",-80,"environmental","17024c02_09c_eDNA_FK","AVITI 2x150 bp low output flow cell","MSU",NA,18,10.07,2024,6,18,"MBTS 17024",20,"AVITI","MBTS 17024 20"
"142","17024c02_10c_eDNA_FK",-0.0697397638840384,-0.00984048844357011,-0.103461596012299,NA,"FK","17024c02_10c_eDNA_L1_R1.fastq.gz","17024c02_10c_eDNA_L1_R2.fastq.gz","Francisco Chavez",10,17024,"MBARI","RACHEL CARSON","ship",10.885,"MOORING 1",2,NA,0.8851,36.746,-122.0202,26.0181,10,3.7566,"marine biome  (ENVO:00000447)","coastal water (ENVO:00001250)","waterborne particulate matter (ENVO:01000436)",2024-06-18 16:32:00,0.2166,"USA:California:Monterey Bay","FK65",NA,65,"17024c02_10c_eDNA",10.966,"GTACACACCGCCCGTC","TGATCCTTCTGCAGGTTCACCTAC","PTLO","c",33.8387,"Poretics","0.22um",-80,"environmental","17024c02_10c_eDNA_FK","AVITI 2x150 bp low output flow cell","MSU",NA,18,10.1609,2024,6,18,"MBTS 17024",10,"AVITI","MBTS 17024 10"
"143","17024c02_12c_eDNA_FK",-0.0948045846634286,-0.0427463247778519,-0.121239440396973,NA,"FK","17024c02_12c_eDNA_L1_R1.fastq.gz","17024c02_12c_eDNA_L1_R2.fastq.gz","Francisco Chavez",12,17024,"MBARI","RACHEL CARSON","ship",3.006,"MOORING 1",2,NA,0.3006,36.746,-122.0202,25.7693,0,4.6399,"marine biome  (ENVO:00000447)","coastal water (ENVO:00001250)","waterborne particulate matter (ENVO:01000436)",2024-06-18 16:32:00,0.1621,"USA:California:Monterey Bay","FK66",NA,66,"17024c02_12c_eDNA",3.029,"GTACACACCGCCCGTC","TGATCCTTCTGCAGGTTCACCTAC","PTLO","c",33.7954,"Poretics","0.22um",-80,"environmental","17024c02_12c_eDNA_FK","AVITI 2x150 bp low output flow cell","MSU",NA,18,11.3775,2024,6,18,"MBTS 17024",0,"AVITI","MBTS 17024 0"
"144","17024c01_03c_eDNA_FK",0.0855216479118465,0.118552756035325,-0.102656290036617,NA,"FK","17024c01_03c_eDNA_L1_R1.fastq.gz","17024c01_03c_eDNA_L1_R2.fastq.gz","Francisco Chavez",3,17024,"MBARI","RACHEL CARSON","ship",150.653,"C1",1,NA,0.0127,36.7982,-121.8468,26.5255,150,1.4072,"marine biome  (ENVO:00000447)","coastal water (ENVO:00001250)","waterborne particulate matter (ENVO:01000436)",2024-06-18 14:54:00,0.1352,"USA:California:Monterey Bay","FK67",32.027,67,"17024c01_03c_eDNA",151.829,"GTACACACCGCCCGTC","TGATCCTTCTGCAGGTTCACCTAC","PTLO","c",34.0735,"Poretics","0.22um",-80,"environmental","17024c01_03c_eDNA_FK","AVITI 2x150 bp low output flow cell","MSU",NA,18,8.1545,2024,6,18,"MBTS 17024",150,"AVITI","MBTS 17024 150"
"145","17024c01_06c_eDNA_FK",0.0970238663986199,0.0850290693201159,-0.0769264758533189,NA,"FK","17024c01_06c_eDNA_L1_R1.fastq.gz","17024c01_06c_eDNA_L1_R2.fastq.gz","Francisco Chavez",6,17024,"MBARI","RACHEL CARSON","ship",59.956,"C1",1,NA,0.0823,36.7982,-121.8468,26.3147,60,1.8801,"marine biome  (ENVO:00000447)","coastal water (ENVO:00001250)","waterborne particulate matter (ENVO:01000436)",2024-06-18 14:54:00,0.1417,"USA:California:Monterey Bay","FK68",28.146,68,"17024c01_06c_eDNA",60.41,"GTACACACCGCCCGTC","TGATCCTTCTGCAGGTTCACCTAC","PTLO","c",33.9718,"Poretics","0.22um",-80,"environmental","17024c01_06c_eDNA_FK","AVITI 2x150 bp low output flow cell","MSU",NA,18,8.9956,2024,6,18,"MBTS 17024",60,"AVITI","MBTS 17024 60"
"146","17024c01_09c_eDNA_FK",-0.0129871655521946,-0.0121501444420408,-0.107176350910531,NA,"FK","17024c01_09c_eDNA_L1_R1.fastq.gz","17024c01_09c_eDNA_L1_R2.fastq.gz","Francisco Chavez",9,17024,"MBARI","RACHEL CARSON","ship",21.251,"C1",1,NA,0.4341,36.7982,-121.8468,26.0151,20,3.2835,"marine biome  (ENVO:00000447)","coastal water (ENVO:00001250)","waterborne particulate matter (ENVO:01000436)",2024-06-18 14:54:00,0.1745,"USA:California:Monterey Bay","FK69",23.958,69,"17024c01_09c_eDNA",21.41,"GTACACACCGCCCGTC","TGATCCTTCTGCAGGTTCACCTAC","PTLO","c",33.8335,"Poretics","0.22um",-80,"environmental","17024c01_09c_eDNA_FK","AVITI 2x150 bp low output flow cell","MSU",NA,18,10.1561,2024,6,18,"MBTS 17024",20,"AVITI","MBTS 17024 20"
"147","17024c01_10c_eDNA_FK",-0.0447074462602566,-0.0397972802375969,-0.129930386914369,NA,"FK","17024c01_10c_eDNA_L1_R1.fastq.gz","17024c01_10c_eDNA_L1_R2.fastq.gz","Francisco Chavez",10,17024,"MBARI","RACHEL CARSON","ship",10.605,"C1",1,NA,0.6625,36.7982,-121.8468,25.8107,10,4.1077,"marine biome  (ENVO:00000447)","coastal water (ENVO:00001250)","waterborne particulate matter (ENVO:01000436)",2024-06-18 14:54:00,0.1959,"USA:California:Monterey Bay","FK70",22.198,70,"17024c01_10c_eDNA",10.684,"GTACACACCGCCCGTC","TGATCCTTCTGCAGGTTCACCTAC","PTLO","c",33.7882,"Poretics","0.22um",-80,"environmental","17024c01_10c_eDNA_FK","AVITI 2x150 bp low output flow cell","MSU",NA,18,11.1195,2024,6,18,"MBTS 17024",10,"AVITI","MBTS 17024 10"
"148","17024c01_12c_eDNA_FK",-0.0842934179243944,-0.0377681813074521,-0.050241287654518,NA,"FK","17024c01_12c_eDNA_L1_R1.fastq.gz","17024c01_12c_eDNA_L1_R2.fastq.gz","Francisco Chavez",12,17024,"MBARI","RACHEL CARSON","ship",2.744,"C1",1,NA,0.8344,36.7982,-121.8468,25.3231,0,6.3169,"marine biome  (ENVO:00000447)","coastal water (ENVO:00001250)","waterborne particulate matter (ENVO:01000436)",2024-06-18 14:54:00,0.2119,"USA:California:Monterey Bay","FK71",4.796,71,"17024c01_12c_eDNA",2.764,"GTACACACCGCCCGTC","TGATCCTTCTGCAGGTTCACCTAC","PTLO","c",33.7722,"Poretics","0.22um",-80,"environmental","17024c01_12c_eDNA_FK","AVITI 2x150 bp low output flow cell","MSU",NA,18,13.5893,2024,6,18,"MBTS 17024",0,"AVITI","MBTS 17024 0"
"149","CN24F150mMV2_SC42_FK",0.114084916289843,-0.0854614721653972,0.0276465679086598,"MV2","FK","CN24F150mMV2_SC42_L1_R1.fastq.gz","CN24F150mMV2_SC42_L1_R2.fastq.gz","Francisco Chavez",NA,NA,"MBARI",NA,"ESP",NA,NA,NA,42,NA,NA,NA,NA,150,NA,"marine biome  (ENVO:00000447)","coastal water (ENVO:00001250)","waterborne particulate matter (ENVO:01000436)",NA,NA,"USA:California:Monterey Bay","FK72",NA,72,"CN24F150mMV2_SC42",NA,"GTACACACCGCCCGTC","TGATCCTTCTGCAGGTTCACCTAC",NA,NA,NA,"Poretics","0.22um",-80,"environmental","CN24F150mMV2_SC42_FK","AVITI 2x150 bp low output flow cell","MSU",NA,18,NA,NA,NA,NA,"CN24F 150m exp",150,"AVITI","CN24F 150m exp 150"
"150","CN24F150mMV2_SC43_FK",0.11932498938378,-0.0890314625525978,0.03061124987719,"MV2","FK","CN24F150mMV2_SC43_L1_R1.fastq.gz","CN24F150mMV2_SC43_L1_R2.fastq.gz","Francisco Chavez",NA,NA,"MBARI",NA,"ESP",NA,NA,NA,43,NA,NA,NA,NA,150,NA,"marine biome  (ENVO:00000447)","coastal water (ENVO:00001250)","waterborne particulate matter (ENVO:01000436)",NA,NA,"USA:California:Monterey Bay","FK73",NA,73,"CN24F150mMV2_SC43",NA,"GTACACACCGCCCGTC","TGATCCTTCTGCAGGTTCACCTAC",NA,NA,NA,"Poretics","0.22um",-80,"environmental","CN24F150mMV2_SC43_FK","AVITI 2x150 bp low output flow cell","MSU",NA,18,NA,NA,NA,NA,"CN24F 150m exp",150,"AVITI","CN24F 150m exp 150"
"151","CN24F150mMV2_SC44_FK",0.127138978310097,-0.0859657257876747,0.0248945114515113,"MV2","FK","CN24F150mMV2_SC44_L1_R1.fastq.gz","CN24F150mMV2_SC44_L1_R2.fastq.gz","Francisco Chavez",NA,NA,"MBARI",NA,"ESP",NA,NA,NA,44,NA,NA,NA,NA,150,NA,"marine biome  (ENVO:00000447)","coastal water (ENVO:00001250)","waterborne particulate matter (ENVO:01000436)",NA,NA,"USA:California:Monterey Bay","FK74",NA,74,"CN24F150mMV2_SC44",NA,"GTACACACCGCCCGTC","TGATCCTTCTGCAGGTTCACCTAC",NA,NA,NA,"Poretics","0.22um",-80,"environmental","CN24F150mMV2_SC44_FK","AVITI 2x150 bp low output flow cell","MSU",NA,18,NA,NA,NA,NA,"CN24F 150m exp",150,"AVITI","CN24F 150m exp 150"
"152","CN24F150mMV2_SC45_FK",0.130011521305428,-0.0765362015318562,0.0272315337625909,"MV2","FK","CN24F150mMV2_SC45_L1_R1.fastq.gz","CN24F150mMV2_SC45_L1_R2.fastq.gz","Francisco Chavez",NA,NA,"MBARI",NA,"ESP",NA,NA,NA,45,NA,NA,NA,NA,150,NA,"marine biome  (ENVO:00000447)","coastal water (ENVO:00001250)","waterborne particulate matter (ENVO:01000436)",NA,NA,"USA:California:Monterey Bay","FK75",NA,75,"CN24F150mMV2_SC45",NA,"GTACACACCGCCCGTC","TGATCCTTCTGCAGGTTCACCTAC",NA,NA,NA,"Poretics","0.22um",-80,"environmental","CN24F150mMV2_SC45_FK","AVITI 2x150 bp low output flow cell","MSU",NA,18,NA,NA,NA,NA,"CN24F 150m exp",150,"AVITI","CN24F 150m exp 150"
"153","CN24F150mMV2_SC46_FK",0.124293551733201,-0.074273121128551,0.0652134382922421,"MV2","FK","CN24F150mMV2_SC46_L1_R1.fastq.gz","CN24F150mMV2_SC46_L1_R2.fastq.gz","Francisco Chavez",NA,NA,"MBARI",NA,"ESP",NA,NA,NA,46,NA,NA,NA,NA,150,NA,"marine biome  (ENVO:00000447)","coastal water (ENVO:00001250)","waterborne particulate matter (ENVO:01000436)",NA,NA,"USA:California:Monterey Bay","FK76",NA,76,"CN24F150mMV2_SC46",NA,"GTACACACCGCCCGTC","TGATCCTTCTGCAGGTTCACCTAC",NA,NA,NA,"Poretics","0.22um",-80,"environmental","CN24F150mMV2_SC46_FK","AVITI 2x150 bp low output flow cell","MSU",NA,18,NA,NA,NA,NA,"CN24F 150m exp",150,"AVITI","CN24F 150m exp 150"
"154","CN24F150mMV2_SC47_FK",0.119309871593757,-0.0838658416334242,0.0106127599027323,"MV2","FK","CN24F150mMV2_SC47_L1_R1.fastq.gz","CN24F150mMV2_SC47_L1_R2.fastq.gz","Francisco Chavez",NA,NA,"MBARI",NA,"ESP",NA,NA,NA,47,NA,NA,NA,NA,150,NA,"marine biome  (ENVO:00000447)","coastal water (ENVO:00001250)","waterborne particulate matter (ENVO:01000436)",NA,NA,"USA:California:Monterey Bay","FK77",NA,77,"CN24F150mMV2_SC47",NA,"GTACACACCGCCCGTC","TGATCCTTCTGCAGGTTCACCTAC",NA,NA,NA,"Poretics","0.22um",-80,"environmental","CN24F150mMV2_SC47_FK","AVITI 2x150 bp low output flow cell","MSU",NA,18,NA,NA,NA,NA,"CN24F 150m exp",150,"AVITI","CN24F 150m exp 150"
"155","CN24F150mMV2_SC48_FK",0.119603446059577,-0.0844632547373545,0.0292361367095115,"MV2","FK","CN24F150mMV2_SC48_L1_R1.fastq.gz","CN24F150mMV2_SC48_L1_R2.fastq.gz","Francisco Chavez",NA,NA,"MBARI",NA,"ESP",NA,NA,NA,48,NA,NA,NA,NA,150,NA,"marine biome  (ENVO:00000447)","coastal water (ENVO:00001250)","waterborne particulate matter (ENVO:01000436)",NA,NA,"USA:California:Monterey Bay","FK78",NA,78,"CN24F150mMV2_SC48",NA,"GTACACACCGCCCGTC","TGATCCTTCTGCAGGTTCACCTAC",NA,NA,NA,"Poretics","0.22um",-80,"environmental","CN24F150mMV2_SC48_FK","AVITI 2x150 bp low output flow cell","MSU",NA,18,NA,NA,NA,NA,"CN24F 150m exp",150,"AVITI","CN24F 150m exp 150"
"156","CN24F150mMV2_SC49_FK",0.118968288046648,-0.076712327547624,0.0418432793832439,"MV2","FK","CN24F150mMV2_SC49_L1_R1.fastq.gz","CN24F150mMV2_SC49_L1_R2.fastq.gz","Francisco Chavez",NA,NA,"MBARI",NA,"ESP",NA,NA,NA,49,NA,NA,NA,NA,150,NA,"marine biome  (ENVO:00000447)","coastal water (ENVO:00001250)","waterborne particulate matter (ENVO:01000436)",NA,NA,"USA:California:Monterey Bay","FK79",NA,79,"CN24F150mMV2_SC49",NA,"GTACACACCGCCCGTC","TGATCCTTCTGCAGGTTCACCTAC",NA,NA,NA,"Poretics","0.22um",-80,"environmental","CN24F150mMV2_SC49_FK","AVITI 2x150 bp low output flow cell","MSU",NA,18,NA,NA,NA,NA,"CN24F 150m exp",150,"AVITI","CN24F 150m exp 150"
"157","CN24F150mMV2_SC50_FK",0.128015405808533,-0.086109083609287,0.0163631571514499,"MV2","FK","CN24F150mMV2_SC50_L1_R1.fastq.gz","CN24F150mMV2_SC50_L1_R2.fastq.gz","Francisco Chavez",NA,NA,"MBARI",NA,"ESP",NA,NA,NA,50,NA,NA,NA,NA,150,NA,"marine biome  (ENVO:00000447)","coastal water (ENVO:00001250)","waterborne particulate matter (ENVO:01000436)",NA,NA,"USA:California:Monterey Bay","FK80",NA,80,"CN24F150mMV2_SC50",NA,"GTACACACCGCCCGTC","TGATCCTTCTGCAGGTTCACCTAC",NA,NA,NA,"Poretics","0.22um",-80,"environmental","CN24F150mMV2_SC50_FK","AVITI 2x150 bp low output flow cell","MSU",NA,18,NA,NA,NA,NA,"CN24F 150m exp",150,"AVITI","CN24F 150m exp 150"
"158","CN24F150mMV2_SC51_FK",0.123386096999777,-0.0792404539960684,0.0771250750117513,"MV2","FK","CN24F150mMV2_SC51_L1_R1.fastq.gz","CN24F150mMV2_SC51_L1_R2.fastq.gz","Francisco Chavez",NA,NA,"MBARI",NA,"ESP",NA,NA,NA,51,NA,NA,NA,NA,150,NA,"marine biome  (ENVO:00000447)","coastal water (ENVO:00001250)","waterborne particulate matter (ENVO:01000436)",NA,NA,"USA:California:Monterey Bay","FK81",NA,81,"CN24F150mMV2_SC51",NA,"GTACACACCGCCCGTC","TGATCCTTCTGCAGGTTCACCTAC",NA,NA,NA,"Poretics","0.22um",-80,"environmental","CN24F150mMV2_SC51_FK","AVITI 2x150 bp low output flow cell","MSU",NA,18,NA,NA,NA,NA,"CN24F 150m exp",150,"AVITI","CN24F 150m exp 150"
"159","CN24F150mMV2_SC52_FK",0.110677292351585,-0.0827264149660654,-0.0197792180498033,"MV2","FK","CN24F150mMV2_SC52_L1_R1.fastq.gz","CN24F150mMV2_SC52_L1_R2.fastq.gz","Francisco Chavez",NA,NA,"MBARI",NA,"ESP",NA,NA,NA,52,NA,NA,NA,NA,150,NA,"marine biome  (ENVO:00000447)","coastal water (ENVO:00001250)","waterborne particulate matter (ENVO:01000436)",NA,NA,"USA:California:Monterey Bay","FK82",NA,82,"CN24F150mMV2_SC52",NA,"GTACACACCGCCCGTC","TGATCCTTCTGCAGGTTCACCTAC",NA,NA,NA,"Poretics","0.22um",-80,"environmental","CN24F150mMV2_SC52_FK","AVITI 2x150 bp low output flow cell","MSU",NA,18,NA,NA,NA,NA,"CN24F 150m exp",150,"AVITI","CN24F 150m exp 150"
"160","CN24F150mMV2_SC53_FK",0.124502716112146,-0.0821433958470342,-0.0122760829410519,"MV2","FK","CN24F150mMV2_SC53_L1_R1.fastq.gz","CN24F150mMV2_SC53_L1_R2.fastq.gz","Francisco Chavez",NA,NA,"MBARI",NA,"ESP",NA,NA,NA,53,NA,NA,NA,NA,150,NA,"marine biome  (ENVO:00000447)","coastal water (ENVO:00001250)","waterborne particulate matter (ENVO:01000436)",NA,NA,"USA:California:Monterey Bay","FK83",NA,83,"CN24F150mMV2_SC53",NA,"GTACACACCGCCCGTC","TGATCCTTCTGCAGGTTCACCTAC",NA,NA,NA,"Poretics","0.22um",-80,"environmental","CN24F150mMV2_SC53_FK","AVITI 2x150 bp low output flow cell","MSU",NA,18,NA,NA,NA,NA,"CN24F 150m exp",150,"AVITI","CN24F 150m exp 150"
"161","CN24F150mMV2_SC54_FK",0.122159846437985,-0.0901826060375949,0.0139755152986105,"MV2","FK","CN24F150mMV2_SC54_L1_R1.fastq.gz","CN24F150mMV2_SC54_L1_R2.fastq.gz","Francisco Chavez",NA,NA,"MBARI",NA,"ESP",NA,NA,NA,54,NA,NA,NA,NA,150,NA,"marine biome  (ENVO:00000447)","coastal water (ENVO:00001250)","waterborne particulate matter (ENVO:01000436)",NA,NA,"USA:California:Monterey Bay","FK84",NA,84,"CN24F150mMV2_SC54",NA,"GTACACACCGCCCGTC","TGATCCTTCTGCAGGTTCACCTAC",NA,NA,NA,"Poretics","0.22um",-80,"environmental","CN24F150mMV2_SC54_FK","AVITI 2x150 bp low output flow cell","MSU",NA,18,NA,NA,NA,NA,"CN24F 150m exp",150,"AVITI","CN24F 150m exp 150"
"162","CN24F150mMV2_SC55_FK",0.142283036361531,-0.0740584089158325,0.0264782480851795,"MV2","FK","CN24F150mMV2_SC55_L1_R1.fastq.gz","CN24F150mMV2_SC55_L1_R2.fastq.gz","Francisco Chavez",NA,NA,"MBARI",NA,"ESP",NA,NA,NA,55,NA,NA,NA,NA,150,NA,"marine biome  (ENVO:00000447)","coastal water (ENVO:00001250)","waterborne particulate matter (ENVO:01000436)",NA,NA,"USA:California:Monterey Bay","FK85",NA,85,"CN24F150mMV2_SC55",NA,"GTACACACCGCCCGTC","TGATCCTTCTGCAGGTTCACCTAC",NA,NA,NA,"Poretics","0.22um",-80,"environmental","CN24F150mMV2_SC55_FK","AVITI 2x150 bp low output flow cell","MSU",NA,18,NA,NA,NA,NA,"CN24F 150m exp",150,"AVITI","CN24F 150m exp 150"
"163","CN24F150mMV2_SC56_FK",0.127293990982444,-0.0771288546449372,0.0482250934615121,"MV2","FK","CN24F150mMV2_SC56_L1_R1.fastq.gz","CN24F150mMV2_SC56_L1_R2.fastq.gz","Francisco Chavez",NA,NA,"MBARI",NA,"ESP",NA,NA,NA,56,NA,NA,NA,NA,150,NA,"marine biome  (ENVO:00000447)","coastal water (ENVO:00001250)","waterborne particulate matter (ENVO:01000436)",NA,NA,"USA:California:Monterey Bay","FK86",NA,86,"CN24F150mMV2_SC56",NA,"GTACACACCGCCCGTC","TGATCCTTCTGCAGGTTCACCTAC",NA,NA,NA,"Poretics","0.22um",-80,"environmental","CN24F150mMV2_SC56_FK","AVITI 2x150 bp low output flow cell","MSU",NA,18,NA,NA,NA,NA,"CN24F 150m exp",150,"AVITI","CN24F 150m exp 150"
"164","CN24F150mMV2_SC57_FK",0.123326989505184,-0.0795409146395455,0.0263837034853564,"MV2","FK","CN24F150mMV2_SC57_L1_R1.fastq.gz","CN24F150mMV2_SC57_L1_R2.fastq.gz","Francisco Chavez",NA,NA,"MBARI",NA,"ESP",NA,NA,NA,57,NA,NA,NA,NA,150,NA,"marine biome  (ENVO:00000447)","coastal water (ENVO:00001250)","waterborne particulate matter (ENVO:01000436)",NA,NA,"USA:California:Monterey Bay","FK87",NA,87,"CN24F150mMV2_SC57",NA,"GTACACACCGCCCGTC","TGATCCTTCTGCAGGTTCACCTAC",NA,NA,NA,"Poretics","0.22um",-80,"environmental","CN24F150mMV2_SC57_FK","AVITI 2x150 bp low output flow cell","MSU",NA,18,NA,NA,NA,NA,"CN24F 150m exp",150,"AVITI","CN24F 150m exp 150"
"165","CN24F150mMV2_SC58_FK",0.124480084778033,-0.0783373118412266,0.0330199971801234,"MV2","FK","CN24F150mMV2_SC58_L1_R1.fastq.gz","CN24F150mMV2_SC58_L1_R2.fastq.gz","Francisco Chavez",NA,NA,"MBARI",NA,"ESP",NA,NA,NA,58,NA,NA,NA,NA,150,NA,"marine biome  (ENVO:00000447)","coastal water (ENVO:00001250)","waterborne particulate matter (ENVO:01000436)",NA,NA,"USA:California:Monterey Bay","FK88",NA,88,"CN24F150mMV2_SC58",NA,"GTACACACCGCCCGTC","TGATCCTTCTGCAGGTTCACCTAC",NA,NA,NA,"Poretics","0.22um",-80,"environmental","CN24F150mMV2_SC58_FK","AVITI 2x150 bp low output flow cell","MSU",NA,18,NA,NA,NA,NA,"CN24F 150m exp",150,"AVITI","CN24F 150m exp 150"
"166","CN24F150mMV2_SC59_FK",0.12757025625556,-0.0787365512083697,0.0520309642078388,"MV2","FK","CN24F150mMV2_SC59_L1_R1.fastq.gz","CN24F150mMV2_SC59_L1_R2.fastq.gz","Francisco Chavez",NA,NA,"MBARI",NA,"ESP",NA,NA,NA,59,NA,NA,NA,NA,150,NA,"marine biome  (ENVO:00000447)","coastal water (ENVO:00001250)","waterborne particulate matter (ENVO:01000436)",NA,NA,"USA:California:Monterey Bay","FK89",NA,89,"CN24F150mMV2_SC59",NA,"GTACACACCGCCCGTC","TGATCCTTCTGCAGGTTCACCTAC",NA,NA,NA,"Poretics","0.22um",-80,"environmental","CN24F150mMV2_SC59_FK","AVITI 2x150 bp low output flow cell","MSU",NA,18,NA,NA,NA,NA,"CN24F 150m exp",150,"AVITI","CN24F 150m exp 150"
"167","14223c01_05c_eDNA_FD",-0.0430214354823382,0.125193624958849,0.0930148899199077,NA,"FD","14223c01_05c_eDNA_S1_L001_R1_001.fastq.gz","14223c01_05c_eDNA_S1_L001_R2_001.fastq.gz","Francisco Chavez",5,14223,"MBARI","Rachel Carson","ship",301.012,"MARS",1,NA,-0.0994,36.711,-122.196,26.6553,300,1.0366,"marine biome  (ENVO:00000447)","coastal water (ENVO:00001250)","waterborne particulate matter (ENVO:01000436)",2023-05-22 17:53:00,0.1247,"USA:California:Monterey Bay","FD1",37.857,1,"14223c01_05c_eDNA",303.469,"GTACACACCGCCCGTC","TGATCCTTCTGCAGGTTCACCTAC","Cannon","c",34.1852,"Poretics","0.22um",-80,"environmental","14223c01_05c_eDNA_FD","NGS Illumina Miseq","MSU","GATTCACGAC",18,7.8849,2023,5,22,"CN23S MARS",300,"MiSeq","CN23S MARS 300"
"168","14223c01_04c_eDNA_FD",-0.0434197861621371,0.111576698887389,0.104426458173663,NA,"FD","14223c01_04c_eDNA_S5_L001_R1_001.fastq.gz","14223c01_04c_eDNA_S5_L001_R2_001.fastq.gz","Francisco Chavez",4,14223,"MBARI","Rachel Carson","ship",401.441,"MARS",1,NA,-0.1082,36.711,-122.196,26.7393,400,0.8192,"marine biome  (ENVO:00000447)","coastal water (ENVO:00001250)","waterborne particulate matter (ENVO:01000436)",2023-05-22 17:53:00,0.1239,"USA:California:Monterey Bay","FD5",39.831,5,"14223c01_04c_eDNA",404.817,"GTACACACCGCCCGTC","TGATCCTTCTGCAGGTTCACCTAC","Cannon","c",34.1991,"Poretics","0.22um",-80,"environmental","14223c01_04c_eDNA_FD","NGS Illumina Miseq","MSU","CTTGAAGAGG",18,7.3874,2023,5,22,"CN23S MARS",400,"MiSeq","CN23S MARS 400"
"169","14223c01_01c_eDNA_FD",-0.0568502189178147,0.125671171629623,0.149759901485739,NA,"FD","14223c01_01c_eDNA_S8_L001_R1_001.fastq.gz","14223c01_01c_eDNA_S8_L001_R2_001.fastq.gz","Francisco Chavez",1,14223,"MBARI","Rachel Carson","ship",699.856,"MARS",1,NA,-0.0637,36.711,-122.196,27.1194,700,0.2595,"marine biome  (ENVO:00000447)","coastal water (ENVO:00001250)","waterborne particulate matter (ENVO:01000436)",2023-05-22 17:53:00,0.128,"USA:California:Monterey Bay","FD8",46.121,8,"14223c01_01c_eDNA",706.253,"GTACACACCGCCCGTC","TGATCCTTCTGCAGGTTCACCTAC","Cannon","c",34.3191,"Poretics","0.22um",-80,"environmental","14223c01_01c_eDNA_FD","NGS Illumina Miseq","MSU","AACGTGAACG",18,5.1966,2023,5,22,"CN23S MARS",700,"MiSeq","CN23S MARS 700"
"170","14223c01_03c_eDNA_FD",-0.04385090015508,0.108926616517625,0.130912922764242,NA,"FD","14223c01_03c_eDNA_S9_L001_R1_001.fastq.gz","14223c01_03c_eDNA_S9_L001_R2_001.fastq.gz","Francisco Chavez",3,14223,"MBARI","Rachel Carson","ship",500.926,"MARS",1,NA,-0.112,36.711,-122.196,26.8855,500,0.504,"marine biome  (ENVO:00000447)","coastal water (ENVO:00001250)","waterborne particulate matter (ENVO:01000436)",2023-05-22 17:53:00,0.1235,"USA:California:Monterey Bay","FD9",35.907,9,"14223c01_03c_eDNA",505.26,"GTACACACCGCCCGTC","TGATCCTTCTGCAGGTTCACCTAC","Cannon","c",34.2243,"Poretics","0.22um",-80,"environmental","14223c01_03c_eDNA_FD","NGS Illumina Miseq","MSU","CGTAGAACAG",18,6.4669,2023,5,22,"CN23S MARS",500,"MiSeq","CN23S MARS 500"
"171","20524c03_03c_eDNA_FD",0.0379382869818621,0.0838566653987462,0.0708799905906105,NA,"FD","20524c03_03c_eDNA_S56_L001_R1_001.fastq.gz","20524c03_03c_eDNA_S56_L001_R2_001.fastq.gz","Francisco Chavez",3,20524,"MBARI","RACHEL CARSON","ship",150.594,"MOORING 2",3,NA,-0.0631,36.6982,-122.378,26.3322,150,1.635,"marine biome  (ENVO:00000447)","coastal water (ENVO:00001250)","waterborne particulate matter (ENVO:01000436)",2024-07-23 20:06:00,0.1281,"USA:California:Monterey Bay","FD56",NA,56,"20524c03_03c_eDNA",151.768,"GTACACACCGCCCGTC","TGATCCTTCTGCAGGTTCACCTAC","PTLO","c",34.0385,"Poretics","0.22um",-80,"environmental","20524c03_03c_eDNA_FD","NGS Illumina Miseq","MSU","TCATACCAAG",18,9.2232,2024,7,23,"MBTS 20524",150,"MiSeq","MBTS 20524 150"
"172","14223c01_05c_eDNA_FK",-0.0148629446493446,0.194767488032624,-0.0428303511886953,NA,"FK","14223c01_05c_eDNA_L1_R1.fastq.gz","14223c01_05c_eDNA_L1_R2.fastq.gz","Francisco Chavez",5,14223,"MBARI","Rachel Carson","ship",301.012,"MARS",1,NA,-0.0994,36.711,-122.196,26.6553,300,1.0366,"marine biome  (ENVO:00000447)","coastal water (ENVO:00001250)","waterborne particulate matter (ENVO:01000436)",2023-05-22 17:53:00,0.1247,"USA:California:Monterey Bay","FK1",37.857,1,"14223c01_05c_eDNA",303.469,"GTACACACCGCCCGTC","TGATCCTTCTGCAGGTTCACCTAC","Cannon","c",34.1852,"Poretics","0.22um",-80,"environmental","14223c01_05c_eDNA_FK","AVITI 2x150 bp low output flow cell","MSU",NA,18,7.8849,2023,5,22,"CN23S MARS",300,"AVITI","CN23S MARS 300"
"173","14223c01_06c_eDNA_FK",0.0147896992504104,0.193904754489193,-0.0601104467232121,NA,"FK","14223c01_06c_eDNA_L1_R1.fastq.gz","14223c01_06c_eDNA_L1_R2.fastq.gz","Francisco Chavez",6,14223,"MBARI","Rachel Carson","ship",251.868,"MARS",1,NA,-0.0791,36.711,-122.196,26.5679,250,1.2635,"marine biome  (ENVO:00000447)","coastal water (ENVO:00001250)","waterborne particulate matter (ENVO:01000436)",2023-05-22 17:53:00,0.1266,"USA:California:Monterey Bay","FK3",31.056,3,"14223c01_06c_eDNA",253.894,"GTACACACCGCCCGTC","TGATCCTTCTGCAGGTTCACCTAC","Cannon","c",34.1584,"Poretics","0.22um",-80,"environmental","14223c01_06c_eDNA_FK","AVITI 2x150 bp low output flow cell","MSU",NA,18,8.3253,2023,5,22,"CN23S MARS",250,"AVITI","CN23S MARS 250"
"174","14223c01_04c_eDNA_FK",-0.0293308720677688,0.191546193831537,-0.0150563999121891,NA,"FK","14223c01_04c_eDNA_L1_R1.fastq.gz","14223c01_04c_eDNA_L1_R2.fastq.gz","Francisco Chavez",4,14223,"MBARI","Rachel Carson","ship",401.441,"MARS",1,NA,-0.1082,36.711,-122.196,26.7393,400,0.8192,"marine biome  (ENVO:00000447)","coastal water (ENVO:00001250)","waterborne particulate matter (ENVO:01000436)",2023-05-22 17:53:00,0.1239,"USA:California:Monterey Bay","FK5",39.831,5,"14223c01_04c_eDNA",404.817,"GTACACACCGCCCGTC","TGATCCTTCTGCAGGTTCACCTAC","Cannon","c",34.1991,"Poretics","0.22um",-80,"environmental","14223c01_04c_eDNA_FK","AVITI 2x150 bp low output flow cell","MSU",NA,18,7.3874,2023,5,22,"CN23S MARS",400,"AVITI","CN23S MARS 400"
"175","22624c02_03c_eDNA_FK",0.039275387673501,0.124716039672955,-0.0616251890374186,NA,"FK","22624c02_03c_eDNA_L1_R1.fastq.gz","22624c02_03c_eDNA_L1_R2.fastq.gz","Francisco Chavez",3,22624,"MBARI","RACHEL CARSON","ship",150.696,"MOORING1",2,NA,-0.0698,36.7472,-122.0217,26.3675,150,1.588,"marine biome  (ENVO:00000447)","coastal water (ENVO:00001250)","waterborne particulate matter (ENVO:01000436)",2024-08-13 17:36:00,0.1275,"USA:California:Monterey Bay","FK36",NA,36,"22624c02_03c_eDNA",151.871,"GTACACACCGCCCGTC","TGATCCTTCTGCAGGTTCACCTAC","PTLO","c",34.1,"Poretics","0.22um",-80,"environmental","22624c02_03c_eDNA_FK","AVITI 2x150 bp low output flow cell","MSU",NA,18,9.3023,2024,8,13,"MBTS 22624",150,"AVITI","MBTS 22624 150"
"176","20524c03_12c_eDNA_FK",-0.115410314774259,-0.0792818375981525,0.0467094852775025,NA,"FK","20524c03_12c_eDNA_L1_R1.fastq.gz","20524c03_12c_eDNA_L1_R2.fastq.gz","Francisco Chavez",12,20524,"MBARI","RACHEL CARSON","ship",2.759,"MOORING 2",3,NA,10.9805,36.6982,-122.378,25.0906,0,9.0136,"marine biome  (ENVO:00000447)","coastal water (ENVO:00001250)","waterborne particulate matter (ENVO:01000436)",2024-07-23 20:06:00,1.1592,"USA:California:Monterey Bay","FK52",NA,52,"20524c03_12c_eDNA",2.779,"GTACACACCGCCCGTC","TGATCCTTCTGCAGGTTCACCTAC","PTLO","c",33.7366,"Poretics","0.22um",-80,"environmental","20524c03_12c_eDNA_FK","AVITI 2x150 bp low output flow cell","MSU",NA,18,14.571,2024,7,23,"MBTS 20524",0,"AVITI","MBTS 20524 0"
"177","17024c03_03c_eDNA_FK",0.0114851946899785,0.182983186619763,-0.0229458757016794,NA,"FK","17024c03_03c_eDNA_L1_R1.fastq.gz","17024c03_03c_eDNA_L1_R2.fastq.gz","Francisco Chavez",3,17024,"MBARI","RACHEL CARSON","ship",151.154,"MOORING 2",3,NA,-0.0711,36.6942,-122.3785,26.4364,150,2.0085,"marine biome  (ENVO:00000447)","coastal water (ENVO:00001250)","waterborne particulate matter (ENVO:01000436)",2024-06-18 19:25:00,0.1274,"USA:California:Monterey Bay","FK57",NA,57,"17024c03_03c_eDNA",152.332,"GTACACACCGCCCGTC","TGATCCTTCTGCAGGTTCACCTAC","PTLO","c",34.0072,"Poretics","0.22um",-80,"environmental","17024c03_03c_eDNA_FK","AVITI 2x150 bp low output flow cell","MSU",NA,18,8.4001,2024,6,18,"MBTS 17024",150,"AVITI","MBTS 17024 150"
"178","17024c02_03c_eDNA_FK",0.00343338293106543,0.164107111846157,0.0215894659401189,NA,"FK","17024c02_03c_eDNA_L1_R1.fastq.gz","17024c02_03c_eDNA_L1_R2.fastq.gz","Francisco Chavez",3,17024,"MBARI","RACHEL CARSON","ship",151.895,"MOORING 1",2,NA,-0.0586,36.746,-122.0202,26.5569,150,1.3839,"marine biome  (ENVO:00000447)","coastal water (ENVO:00001250)","waterborne particulate matter (ENVO:01000436)",2024-06-18 16:32:00,0.1285,"USA:California:Monterey Bay","FK62",NA,62,"17024c02_03c_eDNA",153.079,"GTACACACCGCCCGTC","TGATCCTTCTGCAGGTTCACCTAC","PTLO","c",34.1188,"Poretics","0.22um",-80,"environmental","17024c02_03c_eDNA_FK","AVITI 2x150 bp low output flow cell","MSU",NA,18,8.1818,2024,6,18,"MBTS 17024",150,"AVITI","MBTS 17024 150"
