#ASV	Domain	Kingdom	Phylum	Class	Order	Family	Genus	Species
ASV_1	Eukaryota	Metazoa	Arthropoda	Hexanauplia	Cyclopoida	Oithonidae	Oithona	Oithona similis
ASV_2	Eukaryota	Metazoa	Arthropoda	Hexanauplia	Calanoida	Metridinidae	Metridia	no_hit
ASV_3	Eukaryota	no_hit	unknown	Dinophyceae	no_hit	no_hit	no_hit	no_hit
ASV_4	Eukaryota	Metazoa	Arthropoda	Hexanauplia	Calanoida	Paracalanidae	Paracalanus	no_hit
ASV_5	Eukaryota	no_hit	Bacillariophyta	Bacillariophyceae	Bacillariales	Bacillariaceae	Pseudo-nitzschia	no_hit
ASV_6	Eukaryota	no_hit	Bacillariophyta	Coscinodiscophyceae	Chaetocerotales	Chaetocerotaceae	Chaetoceros	no_hit
ASV_7	Eukaryota	Metazoa	Arthropoda	Hexanauplia	Calanoida	Calanidae	no_hit	no_hit
ASV_8	Eukaryota	no_hit	unknown	Dinophyceae	no_hit	no_hit	no_hit	no_hit
ASV_9	Eukaryota	no_hit	unknown	Dinophyceae	no_hit	no_hit	no_hit	no_hit
ASV_10	Eukaryota	no_hit	Bacillariophyta	Coscinodiscophyceae	Thalassiosirales	Thalassiosiraceae	no_hit	no_hit
ASV_11	Eukaryota	Metazoa	Chordata	Appendicularia	Copelata	Oikopleuridae	Oikopleura	Oikopleura dioica
ASV_12	Eukaryota	no_hit	unknown	unknown	unknown	unknown	unknown	Acantharian sp. 6201
ASV_13	no_hit	no_hit	no_hit	no_hit	no_hit	no_hit	no_hit	no_hit
ASV_14	Eukaryota	Metazoa	Cnidaria	Hydrozoa	Siphonophorae	no_hit	no_hit	no_hit
ASV_15	Eukaryota	no_hit	no_hit	no_hit	no_hit	no_hit	no_hit	no_hit
ASV_16	Eukaryota	no_hit	unknown	Dinophyceae	Gonyaulacales	Gonyaulacaceae	Alexandrium	no_hit
ASV_17	Eukaryota	no_hit	unknown	Dinophyceae	Gonyaulacales	Gonyaulacaceae	Alexandrium	no_hit
ASV_18	Eukaryota	no_hit	Bacillariophyta	Coscinodiscophyceae	Thalassiosirales	Thalassiosiraceae	Thalassiosira	no_hit
ASV_19	Eukaryota	no_hit	unknown	Dinophyceae	Gymnodiniales	Gymnodiniaceae	Akashiwo	Akashiwo sanguinea
ASV_20	Eukaryota	no_hit	Bacillariophyta	Coscinodiscophyceae	Chaetocerotales	Chaetocerotaceae	Chaetoceros	Chaetoceros tenuissimus
ASV_21	Eukaryota	no_hit	unknown	Dinophyceae	Syndiniales	no_hit	no_hit	no_hit
ASV_22	Eukaryota	no_hit	unknown	Dinophyceae	no_hit	no_hit	no_hit	no_hit
ASV_23	Eukaryota	no_hit	Imbricatea	unknown	Thaumatomonadida	Thaumatomastigidae	Protaspis	no_hit
ASV_24	Eukaryota	Metazoa	Arthropoda	Hexanauplia	Calanoida	Clausocalanidae	Clausocalanus	no_hit
ASV_25	Eukaryota	no_hit	Haptophyta	unknown	Phaeocystales	Phaeocystaceae	Phaeocystis	no_hit
ASV_26	no_hit	no_hit	no_hit	no_hit	no_hit	no_hit	no_hit	no_hit
ASV_27	Eukaryota	no_hit	unknown	unknown	unknown	unknown	unknown	Uncultured marine alveolate Group II DH147-EKD16
ASV_28	Eukaryota	no_hit	no_hit	no_hit	no_hit	no_hit	no_hit	no_hit
ASV_29	Eukaryota	Metazoa	Arthropoda	Hexanauplia	Calanoida	no_hit	no_hit	no_hit
ASV_30	Eukaryota	no_hit	unknown	Dinophyceae	Gymnodiniales	Gymnodiniaceae	Gyrodinium	Gyrodinium rubrum
ASV_31	Eukaryota	Metazoa	Arthropoda	Hexanauplia	Calanoida	Metridinidae	no_hit	no_hit
ASV_32	no_hit	no_hit	no_hit	no_hit	no_hit	no_hit	no_hit	no_hit
ASV_33	Eukaryota	Metazoa	Arthropoda	Malacostraca	Euphausiacea	Euphausiidae	no_hit	no_hit
ASV_34	Eukaryota	no_hit	Ciliophora	Prostomatea	Prorodontida	Plagiocampidae	Plagiocampa	no_hit
ASV_35	unassigned	unassigned	unassigned	unassigned	unassigned	unassigned	unassigned	unassigned
ASV_36	Eukaryota	no_hit	Euglenozoa	unknown	Diplonemea	unknown	unknown	Diplonemida sp. 21sb RG-2016
ASV_37	Eukaryota	no_hit	Bacillariophyta	Coscinodiscophyceae	no_hit	no_hit	no_hit	no_hit
ASV_38	Eukaryota	no_hit	no_hit	no_hit	no_hit	no_hit	no_hit	no_hit
ASV_39	Eukaryota	no_hit	unknown	Polycystinea	Nassellaria	Plagiacanthidae	Lithomelissa	Lithomelissa setosa
ASV_40	Eukaryota	no_hit	unknown	unknown	unknown	unknown	unknown	Stramenopiles sp. MAST-1D-sp2
ASV_41	Eukaryota	Metazoa	Arthropoda	Hexanauplia	Calanoida	no_hit	no_hit	no_hit
ASV_42	Eukaryota	no_hit	unknown	Dinophyceae	Prorocentrales	Prorocentraceae	Prorocentrum	no_hit
ASV_43	Eukaryota	no_hit	Bacillariophyta	Bacillariophyceae	Bacillariales	Bacillariaceae	Pseudo-nitzschia	no_hit
ASV_44	Eukaryota	no_hit	Imbricatea	unknown	Thaumatomonadida	Thaumatomastigidae	Protaspis	no_hit
ASV_45	Eukaryota	no_hit	unknown	unknown	unknown	unknown	unknown	Stramenopiles sp. MAST-1C-sp1
ASV_46	Eukaryota	no_hit	unknown	Dinophyceae	Gymnodiniales	Gymnodiniaceae	Gyrodinium	Gyrodinium rubrum
ASV_47	Eukaryota	Metazoa	Arthropoda	Insecta	Psocoptera	Liposcelididae	no_hit	no_hit
ASV_48	Eukaryota	no_hit	Bacillariophyta	Bacillariophyceae	Bacillariales	Bacillariaceae	Fragilariopsis	no_hit
ASV_49	Eukaryota	no_hit	Bacillariophyta	Coscinodiscophyceae	Chaetocerotales	Chaetocerotaceae	Chaetoceros	Chaetoceros brevis
ASV_50	Eukaryota	no_hit	unknown	Dinophyceae	Gymnodiniales	Warnowiaceae	Erythropsidinium	no_hit
ASV_51	Eukaryota	no_hit	unknown	Dinophyceae	Syndiniales	no_hit	no_hit	no_hit
ASV_52	Eukaryota	Metazoa	Chordata	Mammalia	no_hit	no_hit	no_hit	no_hit
ASV_53	Eukaryota	no_hit	unknown	Dinophyceae	Gymnodiniales	Warnowiaceae	Erythropsidinium	no_hit
ASV_54	Eukaryota	no_hit	unknown	Dinophyceae	Prorocentrales	Prorocentraceae	Prorocentrum	Prorocentrum triestinum
ASV_55	Eukaryota	no_hit	unknown	Dinophyceae	no_hit	no_hit	no_hit	no_hit
ASV_56	Eukaryota	Metazoa	Cnidaria	Hydrozoa	Siphonophorae	Apolemiidae	Apolemia	no_hit
ASV_57	Eukaryota	Metazoa	Arthropoda	Hexanauplia	Cyclopoida	Oithonidae	Oithona	no_hit
ASV_58	Eukaryota	Metazoa	Arthropoda	Hexanauplia	Cyclopoida	Oithonidae	Oithona	Oithona pulla
ASV_59	Eukaryota	no_hit	unknown	Dinophyceae	no_hit	no_hit	no_hit	no_hit
ASV_60	Eukaryota	Viridiplantae	Streptophyta	Magnoliopsida	Myrtales	Myrtaceae	no_hit	no_hit
ASV_61	Eukaryota	Metazoa	Arthropoda	Hexanauplia	Cyclopoida	Oithonidae	Oithona	Oithona decipiens
ASV_62	Eukaryota	no_hit	Bacillariophyta	Coscinodiscophyceae	Thalassiosirales	Thalassiosiraceae	Thalassiosira	no_hit
ASV_63	Eukaryota	no_hit	unknown	Dinophyceae	Syndiniales	no_hit	no_hit	no_hit
ASV_64	Eukaryota	Metazoa	Cnidaria	Scyphozoa	Semaeostomeae	Ulmaridae	Phacellophora	Phacellophora camtschatica
ASV_65	Eukaryota	no_hit	unknown	Dinophyceae	no_hit	no_hit	no_hit	no_hit
ASV_66	Eukaryota	Metazoa	Arthropoda	Hexanauplia	Cyclopoida	Oithonidae	Oithona	Oithona similis
ASV_67	Eukaryota	no_hit	unknown	Dinophyceae	Syndiniales	Ellobiopsidae	Thalassomyces	no_hit
ASV_68	Eukaryota	Fungi	Ascomycota	Dothideomycetes	Dothideales	no_hit	no_hit	no_hit
ASV_69	Eukaryota	no_hit	Bacillariophyta	Bacillariophyceae	no_hit	no_hit	no_hit	no_hit
ASV_70	Eukaryota	Metazoa	Cnidaria	Hydrozoa	Siphonophorae	Diphyidae	no_hit	no_hit
ASV_71	Eukaryota	no_hit	Bacillariophyta	Coscinodiscophyceae	Chaetocerotales	Chaetocerotaceae	Chaetoceros	no_hit
ASV_72	Eukaryota	no_hit	unknown	unknown	unknown	unknown	unknown	Uncultured marine alveolate Group I DH147-EKD18
ASV_73	Eukaryota	no_hit	unknown	Dinophyceae	Syndiniales	no_hit	no_hit	no_hit
ASV_74	Eukaryota	no_hit	unknown	Dinophyceae	Syndiniales	Amoebophryaceae	Amoebophrya	no_hit
ASV_75	Eukaryota	no_hit	Bacillariophyta	Bacillariophyceae	Naviculales	Naviculaceae	Navicula	no_hit
ASV_76	Eukaryota	Fungi	Ascomycota	Dothideomycetes	Cladosporiales	Cladosporiaceae	Cladosporium	no_hit
ASV_77	Eukaryota	no_hit	Bacillariophyta	Bacillariophyceae	Bacillariales	Bacillariaceae	Pseudo-nitzschia	no_hit
ASV_78	Eukaryota	no_hit	Haptophyta	no_hit	no_hit	no_hit	no_hit	no_hit
ASV_79	Eukaryota	no_hit	no_hit	no_hit	no_hit	no_hit	no_hit	no_hit
ASV_80	Eukaryota	no_hit	unknown	Dinophyceae	Peridiniales	Protoperidiniaceae	Protoperidinium	Protoperidinium conicum
ASV_81	Eukaryota	no_hit	unknown	unknown	unknown	unknown	unknown	Uncultured marine alveolate Group II DH147-EKD6
ASV_82	Eukaryota	no_hit	unknown	Dinophyceae	no_hit	no_hit	no_hit	no_hit
ASV_83	Eukaryota	no_hit	unknown	Dinophyceae	no_hit	no_hit	no_hit	no_hit
ASV_84	Eukaryota	no_hit	unknown	unknown	unknown	unknown	unknown	Uncultured marine alveolate Group II DH147-EKD6
ASV_85	Eukaryota	Metazoa	Arthropoda	Hexanauplia	Poecilostomatoida	Oncaeidae	Oncaea	no_hit
ASV_86	Eukaryota	no_hit	unknown	Dinophyceae	Peridiniales	no_hit	no_hit	no_hit
ASV_87	Eukaryota	no_hit	unknown	Dinophyceae	Peridiniales	Peridiniaceae	Scrippsiella	no_hit
ASV_88	Eukaryota	no_hit	unknown	unknown	unknown	unknown	unknown	uncultured marine eukaryote
ASV_89	Eukaryota	no_hit	unknown	Dinophyceae	no_hit	no_hit	no_hit	no_hit
ASV_90	Eukaryota	no_hit	unknown	Cryptophyceae	no_hit	no_hit	no_hit	no_hit
ASV_91	Eukaryota	no_hit	Bacillariophyta	Coscinodiscophyceae	Thalassiosirales	Thalassiosiraceae	Thalassiosira	no_hit
ASV_92	Eukaryota	no_hit	unknown	Dinophyceae	Syndiniales	no_hit	no_hit	no_hit
ASV_93	Eukaryota	no_hit	unknown	Dinophyceae	no_hit	no_hit	no_hit	no_hit
ASV_94	Eukaryota	Metazoa	Arthropoda	Ostracoda	Halocyprida	Halocyprididae	Conchoecia	Conchoecia sp. SN008
ASV_95	Eukaryota	no_hit	unknown	Dinophyceae	Coccidiniales	Chytriodiniaceae	Chytriodinium	Chytriodinium sp. Atlantic
ASV_96	Eukaryota	no_hit	Bacillariophyta	Coscinodiscophyceae	Stephanodiscales	Stephanodiscaceae	Cyclotella	no_hit
ASV_97	Eukaryota	no_hit	Bacillariophyta	Coscinodiscophyceae	Thalassiosirales	Thalassiosiraceae	Thalassiosira	Thalassiosira concaviuscula
ASV_98	Eukaryota	no_hit	no_hit	no_hit	no_hit	no_hit	no_hit	no_hit
ASV_99	Eukaryota	no_hit	unknown	Dinophyceae	no_hit	no_hit	no_hit	no_hit
ASV_100	Eukaryota	no_hit	unknown	Dinophyceae	Gonyaulacales	Gonyaulacaceae	Adenoides	Adenoides eludens
ASV_101	Eukaryota	no_hit	unknown	Dinophyceae	Gonyaulacales	Gonyaulacaceae	Spiniferites	Spiniferites ramosus
ASV_102	no_hit	no_hit	no_hit	no_hit	no_hit	no_hit	no_hit	no_hit
ASV_103	Eukaryota	no_hit	unknown	Dinophyceae	Syndiniales	Duboscquellidae	Duboscquella	no_hit
ASV_104	no_hit	no_hit	no_hit	no_hit	no_hit	no_hit	no_hit	no_hit
ASV_105	Eukaryota	no_hit	unknown	unknown	unknown	unknown	unknown	Stramenopiles sp. MAST-1C-sp1
ASV_106	Eukaryota	no_hit	unknown	unknown	unknown	unknown	unknown	uncultured marine picoeukaryote
ASV_107	Eukaryota	no_hit	unknown	Dinophyceae	Gymnodiniales	Kareniaceae	Takayama	Takayama cf. pulchellum
ASV_108	Eukaryota	Metazoa	Arthropoda	Hexanauplia	Poecilostomatoida	Corycaeidae	no_hit	no_hit
ASV_109	Eukaryota	no_hit	unknown	Cryptophyceae	Pyrenomonadales	Geminigeraceae	Teleaulax	Teleaulax amphioxeia
ASV_110	Eukaryota	no_hit	unknown	Dinophyceae	Syndiniales	Amoebophryaceae	Amoebophrya	no_hit
ASV_111	Eukaryota	no_hit	unknown	Dinophyceae	unknown	unknown	unknown	Dinophyceae sp. UDMS0803
ASV_112	Eukaryota	no_hit	Oomycota	no_hit	no_hit	no_hit	no_hit	no_hit
ASV_113	no_hit	no_hit	no_hit	no_hit	no_hit	no_hit	no_hit	no_hit
ASV_114	Eukaryota	no_hit	unknown	Dinophyceae	Suessiales	unknown	Dactylodinium	Dactylodinium arachnoides
ASV_115	Eukaryota	Metazoa	Arthropoda	Hexanauplia	Calanoida	Metridinidae	Metridia	no_hit
ASV_116	Eukaryota	no_hit	unknown	Dinophyceae	Peridiniales	Protoperidiniaceae	Islandinium	Islandinium tricingulatum
ASV_117	Eukaryota	no_hit	Ciliophora	no_hit	no_hit	no_hit	no_hit	no_hit
ASV_118	Eukaryota	no_hit	unknown	unknown	unknown	unknown	unknown	uncultured marine eukaryote
ASV_119	Eukaryota	no_hit	unknown	Dinophyceae	Peridiniales	Peridiniopsidaceae	Palatinus	Palatinus apiculatus
ASV_120	Eukaryota	no_hit	unknown	unknown	unknown	unknown	unknown	Uncultured marine alveolate Group I DH144-EKD3
ASV_121	Eukaryota	no_hit	Bacillariophyta	Coscinodiscophyceae	no_hit	no_hit	no_hit	no_hit
ASV_122	Eukaryota	no_hit	unknown	unknown	unknown	unknown	unknown	uncultured marine eukaryote
ASV_123	Eukaryota	no_hit	Bacillariophyta	Coscinodiscophyceae	Rhizosoleniales	Rhizosoleniaceae	Rhizosolenia	Rhizosolenia setigera
ASV_124	Eukaryota	no_hit	no_hit	no_hit	no_hit	no_hit	no_hit	no_hit
ASV_125	Eukaryota	no_hit	Bacillariophyta	Bacillariophyceae	Bacillariales	Bacillariaceae	Pseudo-nitzschia	Pseudo-nitzschia seriata
ASV_126	Eukaryota	no_hit	unknown	unknown	unknown	unknown	unknown	Stramenopiles sp. MAST-4E-sp1
ASV_127	Eukaryota	no_hit	Ciliophora	Spirotrichea	unknown	Strombidiidae	Strombidium	no_hit
ASV_128	Eukaryota	no_hit	unknown	Dinophyceae	Syndiniales	Amoebophryaceae	Amoebophrya	no_hit
ASV_129	Eukaryota	no_hit	unknown	Acantharea	Chaunacanthida	no_hit	no_hit	no_hit
ASV_130	Eukaryota	no_hit	unknown	unknown	unknown	unknown	unknown	uncultured marine picoeukaryote
ASV_131	no_hit	no_hit	no_hit	no_hit	no_hit	no_hit	no_hit	no_hit
ASV_132	Eukaryota	Metazoa	Annelida	Polychaeta	Terebellida	Terebellidae	Lysilla	Lysilla sp. THS-2012
ASV_133	Eukaryota	no_hit	unknown	unknown	unknown	unknown	unknown	uncultured marine picoeukaryote
ASV_134	Eukaryota	no_hit	unknown	Dinophyceae	Peridiniales	Amphidiniopsidaceae	Archaeperidinium	no_hit
ASV_135	Eukaryota	no_hit	unknown	unknown	unknown	unknown	unknown	Stramenopiles sp. MAST-1C-sp1
ASV_136	Eukaryota	no_hit	Bacillariophyta	Bacillariophyceae	Bacillariales	Bacillariaceae	Fragilariopsis	no_hit
ASV_137	Eukaryota	Fungi	Basidiomycota	Exobasidiomycetes	Exobasidiales	Brachybasidiaceae	Dicellomyces	no_hit
ASV_138	Eukaryota	no_hit	Bacillariophyta	Coscinodiscophyceae	Melosirales	Stephanopyxidaceae	Stephanopyxis	Stephanopyxis turris
ASV_139	Eukaryota	no_hit	Bacillariophyta	Bacillariophyceae	Naviculales	Naviculaceae	Haslea	no_hit
ASV_140	Eukaryota	no_hit	unknown	Choanoflagellata	Acanthoecida	Stephanoecidae	Calliacantha	Calliacantha natans
ASV_141	Eukaryota	Metazoa	Rotifera	Eurotatoria	Ploima	Synchaetidae	Synchaeta	Synchaeta grimpei
ASV_142	Eukaryota	no_hit	unknown	Bigyra	Nanomonadea	unknown	Incisomonas	Incisomonas marina
ASV_143	Eukaryota	no_hit	unknown	Dinophyceae	unknown	unknown	Theleodinium	Theleodinium calcisporum
ASV_144	Eukaryota	no_hit	Ciliophora	Spirotrichea	unknown	Strombidiidae	Strombidium	Strombidium caudispina
ASV_145	Eukaryota	Metazoa	Arthropoda	Hexanauplia	Calanoida	Calocalanidae	Calocalanus	no_hit
ASV_146	no_hit	no_hit	no_hit	no_hit	no_hit	no_hit	no_hit	no_hit
ASV_147	Eukaryota	no_hit	unknown	Dinophyceae	Syndiniales	Amoebophryaceae	Amoebophrya	no_hit
ASV_148	Eukaryota	no_hit	Imbricatea	unknown	Thaumatomonadida	no_hit	no_hit	no_hit
ASV_149	Eukaryota	no_hit	unknown	Dinophyceae	Syndiniales	no_hit	no_hit	no_hit
ASV_150	Eukaryota	no_hit	Euglenozoa	unknown	Diplonemea	unknown	unknown	Diplonemida sp. 37 RG-2016
ASV_151	Eukaryota	no_hit	unknown	Dinophyceae	Gymnodiniales	Kareniaceae	Karlodinium	no_hit
ASV_152	Eukaryota	no_hit	unknown	Dinophyceae	Dinophysiales	Dinophysiaceae	Phalacroma	Phalacroma oxytoxoides
ASV_153	Eukaryota	Metazoa	Arthropoda	Hexanauplia	Poecilostomatoida	no_hit	no_hit	no_hit
ASV_154	Eukaryota	no_hit	Oomycota	unknown	Lagenidiales	Haliphthoraceae	Haliphthoros	Haliphthoros sp. NJM 0034
ASV_155	Eukaryota	no_hit	unknown	Bigyra	Nanomonadea	unknown	Solenicola	no_hit
ASV_156	Eukaryota	no_hit	unknown	Dinophyceae	Coccidiniales	Chytriodiniaceae	Chytriodinium	Chytriodinium sp. Atlantic
ASV_157	Eukaryota	Metazoa	Arthropoda	Hexanauplia	Poecilostomatoida	Oncaeidae	no_hit	no_hit
ASV_158	Eukaryota	no_hit	unknown	Dinophyceae	Syndiniales	no_hit	no_hit	no_hit
ASV_159	Eukaryota	Viridiplantae	Chlorophyta	no_hit	no_hit	no_hit	no_hit	no_hit
ASV_160	Eukaryota	Metazoa	Arthropoda	Hexanauplia	Cyclopoida	Oithonidae	Oithona	no_hit
ASV_161	Eukaryota	no_hit	unknown	Dinophyceae	no_hit	no_hit	no_hit	no_hit
ASV_162	Eukaryota	no_hit	unknown	Dinophyceae	Peridiniales	Protoperidiniaceae	Protoperidinium	Protoperidinium leonis
ASV_163	Eukaryota	Metazoa	Arthropoda	Hexanauplia	Calanoida	no_hit	no_hit	no_hit
ASV_164	Eukaryota	no_hit	unknown	Dinophyceae	Syndiniales	Amoebophryaceae	Amoebophrya	no_hit
ASV_165	Eukaryota	no_hit	Bacillariophyta	Bacillariophyceae	Bacillariales	Bacillariaceae	no_hit	no_hit
ASV_166	Eukaryota	no_hit	unknown	unknown	unknown	unknown	unknown	Stramenopiles sp. MAST-4A-sp1
ASV_167	Eukaryota	no_hit	Bacillariophyta	Coscinodiscophyceae	Thalassiosirales	Thalassiosiraceae	Minidiscus	no_hit
ASV_168	Eukaryota	no_hit	unknown	Dinophyceae	Gonyaulacales	Ceratiaceae	Tripos	no_hit
ASV_169	Eukaryota	no_hit	unknown	unknown	unknown	unknown	unknown	Uncultured marine alveolate Group I DH144-EKD3
ASV_170	Eukaryota	no_hit	unknown	Acantharea	Chaunacanthida	Gigartacontidae	Gigartacon	Gigartacon muelleri
ASV_171	Eukaryota	Metazoa	Rotifera	Eurotatoria	Ploima	Synchaetidae	Synchaeta	no_hit
ASV_172	Eukaryota	no_hit	unknown	Dinophyceae	Peridiniales	Peridiniaceae	Scrippsiella	no_hit
ASV_173	Eukaryota	no_hit	unknown	Choanoflagellata	no_hit	no_hit	no_hit	no_hit
ASV_174	Eukaryota	no_hit	unknown	unknown	unknown	unknown	unknown	Uncultured marine alveolate Group I DH144-EKD3
ASV_175	Eukaryota	Metazoa	Arthropoda	Hexanauplia	Calanoida	Paracalanidae	Paracalanus	Paracalanus parvus
ASV_176	Eukaryota	Metazoa	Arthropoda	Hexanauplia	Calanoida	Metridinidae	Metridia	Metridia gerlachei
ASV_177	Eukaryota	no_hit	unknown	unknown	unknown	unknown	unknown	Uncultured marine alveolate Group II DH145-EKD20
ASV_178	Eukaryota	Metazoa	Arthropoda	Hexanauplia	Calanoida	Calocalanidae	Calocalanus	no_hit
ASV_179	Eukaryota	no_hit	Haptophyta	unknown	Prymnesiales	no_hit	no_hit	no_hit
ASV_180	Eukaryota	no_hit	Ciliophora	Prostomatea	Prorodontida	Colepidae	Tiarina	no_hit
ASV_181	Eukaryota	no_hit	unknown	Dinophyceae	Gymnodiniales	Kareniaceae	Takayama	Takayama cf. pulchellum
ASV_182	Eukaryota	no_hit	unknown	Dinophyceae	no_hit	no_hit	no_hit	no_hit
ASV_183	Eukaryota	no_hit	unknown	unknown	unknown	unknown	unknown	Uncultured marine alveolate Group II DH147-EKD16
ASV_184	Eukaryota	no_hit	unknown	Dinophyceae	no_hit	no_hit	no_hit	no_hit
ASV_185	Eukaryota	no_hit	unknown	Dinophyceae	Syndiniales	Amoebophryaceae	Amoebophrya	no_hit
ASV_186	Eukaryota	no_hit	unknown	Dinophyceae	Peridiniales	Protoperidiniaceae	Protoperidinium	no_hit
ASV_187	Eukaryota	no_hit	unknown	Dinophyceae	no_hit	no_hit	no_hit	no_hit
ASV_188	Eukaryota	no_hit	unknown	Dinophyceae	no_hit	no_hit	no_hit	no_hit
ASV_189	Eukaryota	no_hit	unknown	Dinophyceae	Gymnodiniales	Warnowiaceae	Proterythropsis	no_hit
ASV_190	Eukaryota	no_hit	Ciliophora	Spirotrichea	no_hit	no_hit	no_hit	no_hit
ASV_191	Eukaryota	Metazoa	Cnidaria	Hydrozoa	Siphonophorae	no_hit	no_hit	no_hit
ASV_192	Eukaryota	no_hit	unknown	Dinophyceae	no_hit	no_hit	no_hit	no_hit
ASV_193	Eukaryota	no_hit	Ciliophora	Spirotrichea	no_hit	no_hit	no_hit	no_hit
ASV_194	Eukaryota	no_hit	unknown	unknown	unknown	unknown	unknown	eukaryote clone OLI11023
ASV_195	Eukaryota	no_hit	Ciliophora	Spirotrichea	unknown	Tontoniidae	Pseudotontonia	Pseudotontonia sp. JG-2011a
ASV_196	Eukaryota	no_hit	unknown	Dinophyceae	Syndiniales	Amoebophryaceae	Amoebophrya	no_hit
ASV_197	Eukaryota	no_hit	unknown	Dinophyceae	Peridiniales	Peridiniaceae	Pentapharsodinium	no_hit
ASV_198	Eukaryota	no_hit	unknown	Choanoflagellata	no_hit	no_hit	no_hit	no_hit
ASV_199	Eukaryota	Metazoa	Platyhelminthes	Catenulida	unknown	Stenostomidae	Stenostomum	no_hit
ASV_200	Eukaryota	no_hit	unknown	Dinophyceae	Coccidiniales	Chytriodiniaceae	Chytriodinium	Chytriodinium sp. Atlantic
ASV_201	Eukaryota	no_hit	unknown	Dinophyceae	no_hit	no_hit	no_hit	no_hit
ASV_202	Eukaryota	no_hit	Bacillariophyta	Coscinodiscophyceae	Thalassiosirales	Thalassiosiraceae	Thalassiosira	no_hit
ASV_203	Eukaryota	no_hit	unknown	Dinophyceae	unknown	unknown	unknown	Thecate dinoflagellate UDTSW0701
ASV_204	Eukaryota	no_hit	unknown	unknown	unknown	unknown	unknown	uncultured marine eukaryote
ASV_205	no_hit	no_hit	no_hit	no_hit	no_hit	no_hit	no_hit	no_hit
ASV_206	Eukaryota	no_hit	Bacillariophyta	Coscinodiscophyceae	Chaetocerotales	Chaetocerotaceae	Chaetoceros	no_hit
ASV_207	Eukaryota	Metazoa	Arthropoda	Malacostraca	Euphausiacea	Euphausiidae	no_hit	no_hit
ASV_208	Eukaryota	no_hit	unknown	Dinophyceae	Coccidiniales	Chytriodiniaceae	Chytriodinium	Chytriodinium sp. Atlantic
ASV_209	Eukaryota	no_hit	unknown	Acantharea	Chaunacanthida	unknown	unknown	Chaunacanthid sp. 6200
ASV_210	Eukaryota	no_hit	unknown	Dinophyceae	Gymnodiniales	Gymnodiniaceae	Gymnodinium	no_hit
ASV_211	Eukaryota	no_hit	Haptophyta	unknown	Isochrysidales	Noelaerhabdaceae	no_hit	no_hit
ASV_212	Eukaryota	no_hit	Cercozoa	unknown	unknown	unknown	Rhabdamoeba	Rhabdamoeba marina
ASV_213	Eukaryota	no_hit	no_hit	no_hit	no_hit	no_hit	no_hit	no_hit
ASV_214	Eukaryota	no_hit	unknown	unknown	unknown	unknown	unknown	uncultured marine picoeukaryote
ASV_215	Eukaryota	no_hit	Euglenozoa	unknown	Diplonemea	no_hit	no_hit	no_hit
ASV_216	Eukaryota	no_hit	unknown	Dinophyceae	no_hit	no_hit	no_hit	no_hit
ASV_217	Eukaryota	no_hit	Bacillariophyta	Coscinodiscophyceae	Coscinodiscales	Hemidiscaceae	Actinocyclus	Actinocyclus curvatulus
ASV_218	Eukaryota	no_hit	unknown	Dinophyceae	Syndiniales	Amoebophryaceae	Amoebophrya	no_hit
ASV_219	Eukaryota	no_hit	unknown	Dinophyceae	Syndiniales	Amoebophryaceae	Amoebophrya	no_hit
ASV_220	Eukaryota	Metazoa	Arthropoda	Hexanauplia	Poecilostomatoida	Oncaeidae	no_hit	no_hit
ASV_221	Eukaryota	Metazoa	Cnidaria	Hydrozoa	Anthoathecata	Pandeidae	Leuckartiara	Leuckartiara octona
ASV_222	Eukaryota	no_hit	unknown	unknown	unknown	unknown	unknown	Uncultured marine alveolate Group I DH148-EKD22
ASV_223	Eukaryota	Metazoa	Chordata	Appendicularia	Copelata	Oikopleuridae	Oikopleura	no_hit
ASV_224	Eukaryota	no_hit	Ciliophora	Spirotrichea	Tintinnida	Tintinnidae	Salpingella	no_hit
ASV_225	no_hit	no_hit	no_hit	no_hit	no_hit	no_hit	no_hit	no_hit
ASV_226	Eukaryota	no_hit	unknown	Polycystinea	Collodaria	Collozoidae	Cladococcus	Cladococcus viminalis
ASV_227	Eukaryota	no_hit	Cercozoa	Thecofilosea	unknown	unknown	Mataza	Mataza hastifera
ASV_228	Eukaryota	no_hit	no_hit	no_hit	no_hit	no_hit	no_hit	no_hit
ASV_229	Eukaryota	Metazoa	Chordata	Appendicularia	Copelata	Oikopleuridae	Oikopleura	no_hit
ASV_230	Eukaryota	no_hit	unknown	Dinophyceae	Gymnodiniales	Amphilothaceae	Achradina	Achradina pulchra
ASV_231	Eukaryota	Metazoa	Arthropoda	Hexanauplia	Calanoida	no_hit	no_hit	no_hit
ASV_232	Eukaryota	no_hit	no_hit	no_hit	no_hit	no_hit	no_hit	no_hit
ASV_233	Eukaryota	no_hit	unknown	Dinophyceae	Syndiniales	Amoebophryaceae	Amoebophrya	no_hit
ASV_234	Eukaryota	no_hit	Ciliophora	Spirotrichea	unknown	Strombidiidae	Strombidium	Strombidium caudispina
ASV_235	Eukaryota	no_hit	unknown	Dinophyceae	Syndiniales	no_hit	no_hit	no_hit
ASV_236	Eukaryota	no_hit	unknown	Dinophyceae	no_hit	no_hit	no_hit	no_hit
ASV_237	Eukaryota	no_hit	unknown	Dinophyceae	Peridiniales	Podolampaceae	Lessardia	Lessardia elongata
ASV_238	Eukaryota	no_hit	unknown	Choanoflagellata	Craspedida	Salpingoecidae	Bicosta	Bicosta minor
ASV_239	Eukaryota	no_hit	Oomycota	unknown	Lagenidiales	Haliphthoraceae	Haliphthoros	no_hit
ASV_240	Eukaryota	no_hit	unknown	Choanoflagellata	Acanthoecida	Stephanoecidae	Didymoeca	Didymoeca costata
ASV_241	Eukaryota	no_hit	unknown	Choanoflagellata	Acanthoecida	Stephanoecidae	Diaphanoeca	Diaphanoeca undulata
ASV_242	Eukaryota	Viridiplantae	Streptophyta	Magnoliopsida	Poales	Poaceae	no_hit	no_hit
ASV_243	Eukaryota	no_hit	Euglenozoa	unknown	Diplonemea	unknown	unknown	Diplonemida sp. 37 RG-2016
ASV_244	Eukaryota	no_hit	unknown	Dinophyceae	Gymnodiniales	Gymnodiniaceae	Apicoporus	Apicoporus parvidiaboli
ASV_245	Eukaryota	no_hit	unknown	Dinophyceae	Syndiniales	no_hit	no_hit	no_hit
ASV_246	Eukaryota	no_hit	unknown	Cryptophyceae	Pyrenomonadales	Geminigeraceae	Teleaulax	Teleaulax amphioxeia
ASV_247	Eukaryota	no_hit	unknown	unknown	unknown	unknown	unknown	uncultured marine picoeukaryote
ASV_248	Eukaryota	no_hit	unknown	unknown	unknown	unknown	unknown	phototrophic eukaryote
ASV_249	no_hit	no_hit	no_hit	no_hit	no_hit	no_hit	no_hit	no_hit
ASV_250	Eukaryota	Metazoa	Chordata	Appendicularia	Copelata	Fritillariidae	Fritillaria <tunicates>	Fritillaria borealis
ASV_251	Eukaryota	no_hit	unknown	Choanoflagellata	Acanthoecida	Stephanoecidae	Calliacantha	Calliacantha natans
ASV_252	Eukaryota	Metazoa	Arthropoda	Hexanauplia	Calanoida	Metridinidae	no_hit	no_hit
ASV_253	Eukaryota	no_hit	Oomycota	unknown	Lagenidiales	Haliphthoraceae	Haliphthoros	no_hit
ASV_254	Eukaryota	no_hit	unknown	unknown	Telonemida	unknown	Telonema	no_hit
ASV_255	Eukaryota	no_hit	no_hit	no_hit	no_hit	no_hit	no_hit	no_hit
ASV_256	Eukaryota	no_hit	unknown	Dinophyceae	Syndiniales	Amoebophryaceae	Amoebophrya	no_hit
ASV_257	Eukaryota	Metazoa	Annelida	Polychaeta	Terebellida	Terebellidae	Lysilla	Lysilla sp. THS-2012
ASV_258	Eukaryota	no_hit	unknown	unknown	unknown	unknown	unknown	Uncultured marine alveolate Group I DH145-EKD10
ASV_259	Eukaryota	no_hit	unknown	Dinophyceae	no_hit	no_hit	no_hit	no_hit
ASV_260	Eukaryota	no_hit	unknown	Dinophyceae	Coccidiniales	Chytriodiniaceae	Chytriodinium	Chytriodinium sp. Atlantic
ASV_261	Eukaryota	no_hit	no_hit	no_hit	no_hit	no_hit	no_hit	no_hit
ASV_262	Eukaryota	Viridiplantae	Chlorophyta	Mamiellophyceae	Mamiellales	Mamiellaceae	Micromonas	no_hit
ASV_263	no_hit	no_hit	no_hit	no_hit	no_hit	no_hit	no_hit	no_hit
ASV_264	Eukaryota	no_hit	unknown	unknown	unknown	unknown	unknown	uncultured marine eukaryote
ASV_265	Eukaryota	no_hit	unknown	Dinophyceae	Syndiniales	Amoebophryaceae	Amoebophrya	no_hit
ASV_266	Eukaryota	no_hit	unknown	Dinophyceae	Peridiniales	Protoperidiniaceae	Protoperidinium	Protoperidinium excentricum
ASV_267	Eukaryota	no_hit	unknown	unknown	unknown	unknown	unknown	Stramenopiles sp. MAST-1D-sp2
ASV_268	Eukaryota	no_hit	unknown	unknown	unknown	unknown	unknown	Stramenopiles sp. MAST-3C-sp1
ASV_269	Eukaryota	no_hit	unknown	Dinophyceae	no_hit	no_hit	no_hit	no_hit
ASV_270	Eukaryota	no_hit	unknown	Dinophyceae	Syndiniales	no_hit	no_hit	no_hit
ASV_271	Eukaryota	no_hit	unknown	Dinophyceae	Syndiniales	Amoebophryaceae	Amoebophrya	no_hit
ASV_272	Eukaryota	no_hit	unknown	unknown	unknown	unknown	unknown	uncultured marine eukaryote
ASV_273	Eukaryota	Metazoa	Arthropoda	Hexanauplia	Calanoida	Clausocalanidae	Clausocalanus	no_hit
ASV_274	Eukaryota	no_hit	unknown	Dinophyceae	Gymnodiniales	Gymnodiniaceae	Apicoporus	Apicoporus parvidiaboli
ASV_275	Eukaryota	no_hit	unknown	Dinophyceae	Syndiniales	no_hit	no_hit	no_hit
ASV_276	Eukaryota	Metazoa	Arthropoda	Hexanauplia	Calanoida	Calanidae	no_hit	no_hit
ASV_277	Eukaryota	no_hit	unknown	unknown	unknown	unknown	unknown	uncultured marine eukaryote
ASV_278	Eukaryota	no_hit	no_hit	no_hit	no_hit	no_hit	no_hit	no_hit
ASV_279	Eukaryota	no_hit	unknown	unknown	unknown	unknown	unknown	Uncultured marine alveolate Group I DH144-EKD3
ASV_280	Eukaryota	no_hit	Bacillariophyta	Mediophyceae	Lithodesmiales	Lithodesmiaceae	Ditylum	Ditylum brightwellii
ASV_281	no_hit	no_hit	no_hit	no_hit	no_hit	no_hit	no_hit	no_hit
ASV_282	Eukaryota	no_hit	unknown	Dinophyceae	Syndiniales	Duboscquellidae	Duboscquella	no_hit
ASV_283	Eukaryota	no_hit	Bacillariophyta	Mediophyceae	Cymatosirales	Cymatosiraceae	Minutocellus	Minutocellus polymorphus
ASV_284	Eukaryota	no_hit	unknown	Dinophyceae	Syndiniales	no_hit	no_hit	no_hit
ASV_285	Eukaryota	no_hit	unknown	Dinophyceae	no_hit	no_hit	no_hit	no_hit
ASV_286	Eukaryota	no_hit	unknown	Dinophyceae	Gonyaulacales	Amphidomataceae	Azadinium	no_hit
ASV_287	Eukaryota	no_hit	unknown	Dinophyceae	Coccidiniales	Chytriodiniaceae	Chytriodinium	Chytriodinium sp. Atlantic
ASV_288	Eukaryota	no_hit	unknown	Dinophyceae	Peridiniales	Peridiniaceae	Pentapharsodinium	Pentapharsodinium tyrrhenicum
ASV_289	Eukaryota	no_hit	unknown	Dinophyceae	Syndiniales	no_hit	no_hit	no_hit
ASV_290	Eukaryota	no_hit	Euglenozoa	unknown	Diplonemea	unknown	unknown	Diplonemida sp. 1sb RG-2016
ASV_291	Eukaryota	no_hit	Euglenozoa	unknown	Diplonemea	no_hit	no_hit	no_hit
ASV_292	Eukaryota	no_hit	Bacillariophyta	Mediophyceae	Hemiaulales	Hemiaulaceae	Eucampia	no_hit
ASV_293	Eukaryota	no_hit	unknown	Bigyra	no_hit	no_hit	no_hit	no_hit
ASV_294	Eukaryota	no_hit	unknown	Polycystinea	Spumellaria	Spongodiscidae	no_hit	no_hit
ASV_295	Eukaryota	no_hit	unknown	Dinophyceae	Syndiniales	no_hit	no_hit	no_hit
ASV_296	Eukaryota	no_hit	no_hit	no_hit	no_hit	no_hit	no_hit	no_hit
ASV_297	Eukaryota	no_hit	no_hit	no_hit	no_hit	no_hit	no_hit	no_hit
ASV_298	Eukaryota	no_hit	unknown	Dinophyceae	Syndiniales	no_hit	no_hit	no_hit
ASV_299	Eukaryota	no_hit	Bacillariophyta	Coscinodiscophyceae	Thalassiosirales	Skeletonemataceae	Skeletonema	no_hit
ASV_300	Eukaryota	no_hit	unknown	unknown	unknown	unknown	unknown	uncultured marine eukaryote
ASV_301	Eukaryota	no_hit	Bacillariophyta	Coscinodiscophyceae	Rhizosoleniales	Rhizosoleniaceae	no_hit	no_hit
ASV_302	Eukaryota	no_hit	no_hit	no_hit	no_hit	no_hit	no_hit	no_hit
ASV_303	Eukaryota	no_hit	Ciliophora	Spirotrichea	Tintinnida	no_hit	no_hit	no_hit
ASV_304	Eukaryota	no_hit	no_hit	no_hit	no_hit	no_hit	no_hit	no_hit
ASV_305	Eukaryota	no_hit	unknown	Dinophyceae	no_hit	no_hit	no_hit	no_hit
ASV_306	Eukaryota	Metazoa	Ctenophora	no_hit	no_hit	no_hit	no_hit	no_hit
ASV_307	Eukaryota	no_hit	unknown	Dinophyceae	Dinophysiales	Dinophysiaceae	no_hit	no_hit
ASV_308	Eukaryota	no_hit	Apicomplexa	Conoidasida	Eucoccidiorida	Eimeriidae	no_hit	no_hit
ASV_309	Eukaryota	no_hit	unknown	Dinophyceae	Syndiniales	no_hit	no_hit	no_hit
ASV_310	no_hit	no_hit	no_hit	no_hit	no_hit	no_hit	no_hit	no_hit
ASV_311	Eukaryota	no_hit	no_hit	no_hit	no_hit	no_hit	no_hit	no_hit
ASV_312	Eukaryota	no_hit	unknown	Dinophyceae	Syndiniales	Amoebophryaceae	Amoebophrya	no_hit
ASV_313	Eukaryota	no_hit	unknown	Dinophyceae	Syndiniales	no_hit	no_hit	no_hit
ASV_314	Eukaryota	no_hit	unknown	Dinophyceae	Syndiniales	no_hit	no_hit	no_hit
ASV_315	Eukaryota	no_hit	Bacillariophyta	Coscinodiscophyceae	Chaetocerotales	Chaetocerotaceae	Chaetoceros	Chaetoceros sp. UNC1416
ASV_316	Eukaryota	no_hit	unknown	Dinophyceae	Gonyaulacales	Pyrophacaceae	Fragilidium	Fragilidium duplocampanaeforme
ASV_317	Eukaryota	no_hit	Euglenozoa	unknown	Diplonemea	unknown	unknown	Diplonemida sp. 37 RG-2016
ASV_318	no_hit	no_hit	no_hit	no_hit	no_hit	no_hit	no_hit	no_hit
ASV_319	Eukaryota	no_hit	unknown	Dinophyceae	Gymnodiniales	Gymnodiniaceae	Cochlodinium	no_hit
ASV_320	Eukaryota	no_hit	unknown	Dinophyceae	Peridiniales	Protoperidiniaceae	Protoperidinium	Protoperidinium claudicans
ASV_321	Eukaryota	no_hit	unknown	Bigyra	Oblongichytrida	unknown	Oblongichytrium	no_hit
ASV_322	no_hit	no_hit	no_hit	no_hit	no_hit	no_hit	no_hit	no_hit
ASV_323	Eukaryota	no_hit	no_hit	no_hit	no_hit	no_hit	no_hit	no_hit
ASV_324	no_hit	no_hit	no_hit	no_hit	no_hit	no_hit	no_hit	no_hit
ASV_325	Eukaryota	no_hit	unknown	unknown	unknown	unknown	unknown	eukaryote clone OLI11055
ASV_326	Eukaryota	no_hit	Bacillariophyta	Fragilariophyceae	Fragilariales	Fragilariaceae	Asterionellopsis	Asterionellopsis glacialis
ASV_327	no_hit	no_hit	no_hit	no_hit	no_hit	no_hit	no_hit	no_hit
ASV_328	Eukaryota	no_hit	unknown	Dinophyceae	Syndiniales	no_hit	no_hit	no_hit
ASV_329	Eukaryota	no_hit	Bacillariophyta	Coscinodiscophyceae	Chaetocerotales	Chaetocerotaceae	Chaetoceros	Chaetoceros sp. UNC1415
ASV_330	Eukaryota	no_hit	Bacillariophyta	Coscinodiscophyceae	Coscinodiscales	Coscinodiscaceae	Planktoniella	Planktoniella sol
ASV_331	no_hit	no_hit	no_hit	no_hit	no_hit	no_hit	no_hit	no_hit
ASV_332	Eukaryota	no_hit	Bacillariophyta	Coscinodiscophyceae	Rhizosoleniales	Rhizosoleniaceae	Guinardia	Guinardia flaccida
ASV_333	Eukaryota	no_hit	unknown	Dinophyceae	Syndiniales	no_hit	no_hit	no_hit
ASV_334	Eukaryota	no_hit	unknown	Dinophyceae	Peridiniales	Protoperidiniaceae	Protoperidinium	no_hit
ASV_335	Eukaryota	no_hit	unknown	Dinophyceae	no_hit	no_hit	no_hit	no_hit
ASV_336	no_hit	no_hit	no_hit	no_hit	no_hit	no_hit	no_hit	no_hit
ASV_337	Eukaryota	Metazoa	Arthropoda	Hexanauplia	Poecilostomatoida	Oncaeidae	no_hit	no_hit
ASV_338	Eukaryota	no_hit	unknown	unknown	unknown	unknown	unknown	uncultured marine picoeukaryote
ASV_339	Eukaryota	no_hit	Euglenozoa	unknown	Diplonemea	unknown	unknown	Diplonemida sp. 37 RG-2016
ASV_340	Eukaryota	no_hit	unknown	Dinophyceae	Syndiniales	Amoebophryaceae	Amoebophrya	no_hit
ASV_341	Eukaryota	no_hit	unknown	Bigyra	Thraustochytrida	Thraustochytriaceae	Aplanochytrium	Aplanochytrium kerguelense
ASV_342	Eukaryota	no_hit	unknown	Dinophyceae	Dinophysiales	Dinophysiaceae	Dinophysis	Dinophysis acuminata
ASV_343	Eukaryota	no_hit	Bacillariophyta	Bacillariophyceae	Bacillariales	Bacillariaceae	Pseudo-nitzschia	no_hit
ASV_344	Eukaryota	Metazoa	Cnidaria	Hydrozoa	Trachymedusae	Rhopalonematidae	no_hit	no_hit
ASV_345	Eukaryota	no_hit	unknown	unknown	unknown	unknown	unknown	eukaryote clone OLI11027
ASV_346	Eukaryota	no_hit	unknown	Dinophyceae	Syndiniales	Amoebophryaceae	Amoebophrya	no_hit
ASV_347	Eukaryota	no_hit	unknown	Cryptophyceae	no_hit	no_hit	no_hit	no_hit
ASV_348	Eukaryota	no_hit	unknown	Dinophyceae	Coccidiniales	Chytriodiniaceae	Chytriodinium	Chytriodinium sp. Atlantic
ASV_349	Eukaryota	no_hit	unknown	Dinophyceae	Syndiniales	Amoebophryaceae	Amoebophrya	no_hit
ASV_350	Eukaryota	no_hit	unknown	Dinophyceae	Syndiniales	no_hit	no_hit	no_hit
ASV_351	Eukaryota	no_hit	unknown	unknown	unknown	unknown	unknown	eukaryote clone OLI11023
ASV_352	no_hit	no_hit	no_hit	no_hit	no_hit	no_hit	no_hit	no_hit
ASV_353	Eukaryota	no_hit	unknown	Bigyra	Oblongichytrida	unknown	Oblongichytrium	no_hit
ASV_354	Eukaryota	no_hit	Euglenozoa	unknown	Diplonemea	unknown	unknown	Diplonemida sp. 21sb RG-2016
ASV_355	Eukaryota	no_hit	unknown	Dinophyceae	Gymnodiniales	Kareniaceae	Karlodinium	no_hit
ASV_356	Eukaryota	no_hit	unknown	Dinophyceae	Peridiniales	Protoperidiniaceae	Islandinium	Islandinium tricingulatum
ASV_357	Eukaryota	no_hit	unknown	Dinophyceae	Gymnodiniales	Warnowiaceae	Warnowia	no_hit
ASV_358	Eukaryota	no_hit	unknown	Dinophyceae	no_hit	no_hit	no_hit	no_hit
ASV_359	Eukaryota	no_hit	Euglenozoa	unknown	Diplonemea	no_hit	no_hit	no_hit
ASV_360	Eukaryota	no_hit	Ciliophora	Spirotrichea	Choreotrichida	Strobilidiidae	Rimostrombidium	Rimostrombidium veniliae
ASV_361	Eukaryota	no_hit	unknown	unknown	unknown	unknown	unknown	eukaryote clone OLI11012
ASV_362	Eukaryota	no_hit	unknown	unknown	unknown	unknown	unknown	uncultured marine eukaryote
ASV_363	Eukaryota	no_hit	unknown	Dinophyceae	Noctilucales	Kofoidiniaceae	Spatulodinium	Spatulodinium pseudonoctiluca
ASV_364	Eukaryota	no_hit	no_hit	no_hit	no_hit	no_hit	no_hit	no_hit
ASV_365	Eukaryota	no_hit	no_hit	no_hit	no_hit	no_hit	no_hit	no_hit
ASV_366	no_hit	no_hit	no_hit	no_hit	no_hit	no_hit	no_hit	no_hit
ASV_367	Eukaryota	no_hit	Bacillariophyta	no_hit	no_hit	no_hit	no_hit	no_hit
ASV_368	Eukaryota	no_hit	Bacillariophyta	Coscinodiscophyceae	Chaetocerotales	Chaetocerotaceae	Chaetoceros	Chaetoceros cinctus
ASV_369	Eukaryota	no_hit	Euglenozoa	unknown	Diplonemea	unknown	unknown	Diplonemida sp. 37 RG-2016
ASV_370	Eukaryota	no_hit	Bacillariophyta	Bacillariophyceae	Bacillariales	Bacillariaceae	no_hit	no_hit
ASV_371	Eukaryota	no_hit	unknown	Dinophyceae	Syndiniales	Amoebophryaceae	Amoebophrya	no_hit
ASV_372	Eukaryota	no_hit	Bacillariophyta	Bacillariophyceae	Bacillariales	Bacillariaceae	Pseudo-nitzschia	no_hit
ASV_373	Eukaryota	no_hit	unknown	unknown	unknown	unknown	unknown	uncultured marine picoeukaryote
ASV_374	Eukaryota	no_hit	unknown	Dinophyceae	Peridiniales	Peridiniopsidaceae	Palatinus	Palatinus apiculatus
ASV_375	Eukaryota	no_hit	Cercozoa	Thecofilosea	Cryomonadida	Protaspidae	Cryothecomonas	Cryothecomonas longipes
ASV_376	Eukaryota	no_hit	no_hit	no_hit	no_hit	no_hit	no_hit	no_hit
ASV_377	Eukaryota	no_hit	unknown	Dinophyceae	no_hit	no_hit	no_hit	no_hit
ASV_378	Eukaryota	no_hit	unknown	Dinophyceae	Syndiniales	no_hit	no_hit	no_hit
ASV_379	Eukaryota	no_hit	Bacillariophyta	Bacillariophyceae	Bacillariales	Bacillariaceae	Pseudo-nitzschia	no_hit
ASV_380	Eukaryota	no_hit	unknown	Dinophyceae	no_hit	no_hit	no_hit	no_hit
ASV_381	Eukaryota	no_hit	no_hit	no_hit	no_hit	no_hit	no_hit	no_hit
ASV_382	Eukaryota	no_hit	unknown	Bigyra	Nanomonadea	unknown	Incisomonas	Incisomonas marina
ASV_383	no_hit	no_hit	no_hit	no_hit	no_hit	no_hit	no_hit	no_hit
ASV_384	Eukaryota	no_hit	unknown	Dinophyceae	Gymnodiniales	Warnowiaceae	Erythropsidinium	no_hit
ASV_385	Eukaryota	no_hit	unknown	unknown	unknown	unknown	unknown	uncultured marine eukaryote
ASV_386	Eukaryota	no_hit	unknown	Dinophyceae	Syndiniales	no_hit	no_hit	no_hit
ASV_387	Eukaryota	no_hit	unknown	Dinophyceae	Prorocentrales	Prorocentraceae	Prorocentrum	Prorocentrum sipadanense
ASV_388	Eukaryota	no_hit	unknown	Dinophyceae	no_hit	no_hit	no_hit	no_hit
ASV_389	Eukaryota	Metazoa	Arthropoda	Hexanauplia	Poecilostomatoida	Oncaeidae	no_hit	no_hit
ASV_390	Eukaryota	no_hit	Ciliophora	Spirotrichea	unknown	Strombidiidae	Strombidium	no_hit
ASV_391	Eukaryota	no_hit	unknown	Dinophyceae	Syndiniales	Amoebophryaceae	Amoebophrya	no_hit
ASV_392	Eukaryota	no_hit	unknown	unknown	unknown	unknown	unknown	uncultured marine eukaryote
ASV_393	Eukaryota	no_hit	Bacillariophyta	Coscinodiscophyceae	Chaetocerotales	Chaetocerotaceae	Chaetoceros	Chaetoceros sp. UNC1414
ASV_394	Eukaryota	no_hit	unknown	Acantharea	Chaunacanthida	unknown	unknown	Chaunacanthid sp. 6200
ASV_395	Eukaryota	no_hit	Ciliophora	Oligohymenophorea	Apostomatida	Foettingeriidae	Gymnodinioides	Gymnodinioides pitelkae
ASV_396	Eukaryota	Metazoa	Cnidaria	Hydrozoa	Siphonophorae	Agalmatidae	Agalma	Agalma elegans
ASV_397	Eukaryota	no_hit	unknown	Dinophyceae	Syndiniales	Amoebophryaceae	Amoebophrya	no_hit
ASV_398	Eukaryota	no_hit	unknown	Dinophyceae	Gymnodiniales	Gymnodiniaceae	Paragymnodinium	no_hit
ASV_399	Eukaryota	no_hit	Ciliophora	Spirotrichea	Tintinnida	Tintinnidae	Eutintinnus	Eutintinnus pectinis
ASV_400	Eukaryota	no_hit	Euglenozoa	unknown	Diplonemea	no_hit	no_hit	no_hit
ASV_401	Eukaryota	no_hit	Imbricatea	unknown	Thaumatomonadida	unknown	Scutellomonas	Scutellomonas patella
ASV_402	Eukaryota	Metazoa	Cnidaria	Hydrozoa	Siphonophorae	Prayidae	Lilyopsis	no_hit
ASV_403	Eukaryota	no_hit	unknown	Polycystinea	Collodaria	Sphaerozoidae	Collozoum	Collozoum amoeboides
ASV_404	Eukaryota	no_hit	unknown	Chrysophyceae	Chromulinales	Paraphysomonadaceae	Paraphysomonas	no_hit
ASV_405	Eukaryota	no_hit	no_hit	no_hit	no_hit	no_hit	no_hit	no_hit
ASV_406	Eukaryota	no_hit	unknown	Dinophyceae	Gonyaulacales	Gonyaulacaceae	Alexandrium	no_hit
ASV_407	no_hit	no_hit	no_hit	no_hit	no_hit	no_hit	no_hit	no_hit
ASV_408	Eukaryota	no_hit	unknown	Dinophyceae	Suessiales	no_hit	no_hit	no_hit
ASV_409	Eukaryota	no_hit	Bacillariophyta	Coscinodiscophyceae	Rhizosoleniales	Rhizosoleniaceae	no_hit	no_hit
ASV_410	Eukaryota	no_hit	Ciliophora	no_hit	no_hit	no_hit	no_hit	no_hit
ASV_411	Eukaryota	no_hit	unknown	Dinophyceae	no_hit	no_hit	no_hit	no_hit
ASV_412	Eukaryota	no_hit	unknown	Dinophyceae	Peridiniales	Heterocapsaceae	Heterocapsa	Heterocapsa rotundata
ASV_413	Eukaryota	no_hit	unknown	Dinophyceae	Coccidiniales	Chytriodiniaceae	Chytriodinium	Chytriodinium sp. Atlantic
ASV_414	Eukaryota	no_hit	unknown	Dinophyceae	no_hit	no_hit	no_hit	no_hit
ASV_415	Eukaryota	no_hit	unknown	Dinophyceae	no_hit	no_hit	no_hit	no_hit
ASV_416	Eukaryota	no_hit	unknown	Dinophyceae	Syndiniales	Amoebophryaceae	Amoebophrya	no_hit
ASV_417	Eukaryota	Metazoa	Arthropoda	Hexanauplia	Harpacticoida	Euterpinidae	Euterpina	Euterpina acutifrons
ASV_418	Eukaryota	no_hit	Euglenozoa	unknown	Diplonemea	unknown	unknown	Diplonemida sp. 9sb RG-2016
ASV_419	Eukaryota	no_hit	unknown	Dinophyceae	Syndiniales	Ellobiopsidae	Thalassomyces	no_hit
ASV_420	Eukaryota	no_hit	no_hit	no_hit	no_hit	no_hit	no_hit	no_hit
ASV_421	Eukaryota	no_hit	unknown	unknown	unknown	unknown	unknown	uncultured marine eukaryote
ASV_422	Eukaryota	no_hit	unknown	Dinophyceae	Peridiniales	Protoperidiniaceae	Protoperidinium	Protoperidinium pellucidum
ASV_423	Eukaryota	Metazoa	Annelida	Polychaeta	Echiuroidea	Echiuridae	no_hit	no_hit
ASV_424	Eukaryota	no_hit	Ciliophora	Spirotrichea	unknown	Strombidiidae	no_hit	no_hit
ASV_425	Eukaryota	no_hit	unknown	Dinophyceae	no_hit	no_hit	no_hit	no_hit
ASV_426	Eukaryota	no_hit	unknown	Dinophyceae	no_hit	no_hit	no_hit	no_hit
ASV_427	Eukaryota	no_hit	no_hit	no_hit	no_hit	no_hit	no_hit	no_hit
ASV_428	Eukaryota	Metazoa	Cnidaria	Hydrozoa	Leptothecata	Mitrocomidae	Halopsis	Halopsis ocellata
ASV_429	Eukaryota	no_hit	unknown	Dinophyceae	Syndiniales	no_hit	no_hit	no_hit
ASV_430	Eukaryota	no_hit	unknown	Dinophyceae	Gymnodiniales	Gymnodiniaceae	Lepidodinium	Lepidodinium viride
ASV_431	Eukaryota	no_hit	Ciliophora	Spirotrichea	Choreotrichida	Strobilidiidae	no_hit	no_hit
ASV_432	Eukaryota	no_hit	Bacillariophyta	Coscinodiscophyceae	Chaetocerotales	Chaetocerotaceae	Chaetoceros	Chaetoceros didymus
ASV_433	Eukaryota	no_hit	Euglenozoa	unknown	Diplonemea	unknown	unknown	Diplonemida sp. 21sb RG-2016
ASV_434	Eukaryota	no_hit	unknown	unknown	unknown	unknown	unknown	Uncultured marine alveolate Group I DH144-EKD3
ASV_435	Eukaryota	no_hit	Cercozoa	no_hit	no_hit	no_hit	no_hit	no_hit
ASV_436	Eukaryota	no_hit	unknown	Dinophyceae	Syndiniales	Amoebophryaceae	Amoebophrya	no_hit
ASV_437	Eukaryota	no_hit	Bacillariophyta	Coscinodiscophyceae	Leptocylindrales	Leptocylindraceae	Leptocylindrus	no_hit
ASV_438	Eukaryota	Metazoa	Rotifera	Eurotatoria	Ploima	no_hit	no_hit	no_hit
ASV_439	Eukaryota	no_hit	Bacillariophyta	Bacillariophyceae	Bacillariales	Bacillariaceae	no_hit	no_hit
ASV_440	Eukaryota	no_hit	unknown	unknown	unknown	unknown	unknown	uncultured marine eukaryote
ASV_441	Eukaryota	Metazoa	Cnidaria	Hydrozoa	Trachymedusae	Rhopalonematidae	Amphogona	Amphogona apicata
ASV_442	Eukaryota	no_hit	unknown	Dinophyceae	Syndiniales	Amoebophryaceae	Amoebophrya	no_hit
ASV_443	Eukaryota	no_hit	unknown	Dinophyceae	Gymnodiniales	Gymnodiniaceae	Polykrikos	Polykrikos kofoidii
ASV_444	Eukaryota	no_hit	Euglenozoa	unknown	Diplonemea	unknown	unknown	Diplonemida sp. 37 RG-2016
ASV_445	no_hit	no_hit	no_hit	no_hit	no_hit	no_hit	no_hit	no_hit
ASV_446	Eukaryota	Metazoa	Chaetognatha	Sagittoidea	Aphragmophora	Sagittidae	Parasagitta	Parasagitta elegans
ASV_447	Eukaryota	no_hit	unknown	Polycystinea	Collodaria	Sphaerozoidae	no_hit	no_hit
ASV_448	Eukaryota	no_hit	unknown	unknown	unknown	unknown	unknown	Uncultured marine alveolate Group II DH147-EKD6
ASV_449	Eukaryota	no_hit	unknown	Dinophyceae	Syndiniales	no_hit	no_hit	no_hit
ASV_450	Eukaryota	no_hit	unknown	Dinophyceae	Syndiniales	Amoebophryaceae	Amoebophrya	no_hit
ASV_451	Eukaryota	no_hit	Bacillariophyta	no_hit	no_hit	no_hit	no_hit	no_hit
ASV_452	no_hit	no_hit	no_hit	no_hit	no_hit	no_hit	no_hit	no_hit
ASV_453	Eukaryota	Metazoa	Arthropoda	Hexanauplia	Cyclopoida	Oithonidae	Oithona	Oithona similis
ASV_454	Eukaryota	no_hit	unknown	unknown	unknown	unknown	unknown	uncultured marine picoeukaryote
ASV_455	Eukaryota	no_hit	Ciliophora	Spirotrichea	Tintinnida	no_hit	no_hit	no_hit
ASV_456	Eukaryota	no_hit	unknown	unknown	unknown	unknown	unknown	uncultured marine picoeukaryote
ASV_457	Eukaryota	no_hit	Bacillariophyta	Fragilariophyceae	Fragilariales	Fragilariaceae	no_hit	no_hit
ASV_458	Eukaryota	no_hit	Ciliophora	Spirotrichea	unknown	Strombidiidae	Strombidium	Strombidium sp. JG-2011a
ASV_459	Eukaryota	Metazoa	Chordata	Thaliacea	Salpida	Salpidae	Salpa	no_hit
ASV_460	Eukaryota	no_hit	Bacillariophyta	Bacillariophyceae	Bacillariales	Bacillariaceae	no_hit	no_hit
ASV_461	Eukaryota	no_hit	Bacillariophyta	Bacillariophyceae	Bacillariales	Bacillariaceae	Pseudo-nitzschia	Pseudo-nitzschia heimii
ASV_462	no_hit	no_hit	no_hit	no_hit	no_hit	no_hit	no_hit	no_hit
ASV_463	Eukaryota	no_hit	unknown	unknown	unknown	unknown	unknown	eukaryote clone OLI11009
ASV_464	Eukaryota	no_hit	unknown	Acantharea	Chaunacanthida	unknown	unknown	Chaunacanthid sp. 6200
ASV_465	Eukaryota	no_hit	unknown	Cryptophyceae	no_hit	no_hit	no_hit	no_hit
ASV_466	Eukaryota	no_hit	unknown	Bolidophyceae	Parmales	Triparmaceae	Triparma	Triparma pacifica
ASV_467	Eukaryota	no_hit	unknown	unknown	unknown	unknown	unknown	uncultured marine eukaryote
ASV_468	Eukaryota	no_hit	Cercozoa	Thecofilosea	unknown	unknown	Mataza	Mataza hastifera
ASV_469	Eukaryota	no_hit	no_hit	no_hit	no_hit	no_hit	no_hit	no_hit
ASV_470	Eukaryota	no_hit	unknown	Dinophyceae	no_hit	no_hit	no_hit	no_hit
ASV_471	Eukaryota	Metazoa	Annelida	Polychaeta	Eunicida	Onuphidae	no_hit	no_hit
ASV_472	Eukaryota	no_hit	unknown	Choanoflagellata	no_hit	no_hit	no_hit	no_hit
ASV_473	Eukaryota	no_hit	unknown	Dictyochophyceae	Dictyochales	unknown	Dictyocha	Dictyocha speculum
ASV_474	Eukaryota	Metazoa	Arthropoda	Ostracoda	Halocyprida	Halocyprididae	Conchoecia	Conchoecia sp. SN008
ASV_475	Eukaryota	no_hit	Cercozoa	Thecofilosea	Phaeogromida	Challengeriidae	Protocystis	Protocystis thomsoni
ASV_476	Eukaryota	Metazoa	Arthropoda	Malacostraca	Euphausiacea	Euphausiidae	no_hit	no_hit
ASV_477	Eukaryota	no_hit	Euglenozoa	unknown	Diplonemea	no_hit	no_hit	no_hit
ASV_478	Eukaryota	no_hit	unknown	Dinophyceae	Gymnodiniales	Kareniaceae	Karlodinium	Karlodinium veneficum
ASV_479	Eukaryota	no_hit	unknown	Dinophyceae	Peridiniales	Heterocapsaceae	Heterocapsa	Heterocapsa rotundata
ASV_480	Eukaryota	no_hit	unknown	Dinophyceae	Gymnodiniales	Gymnodiniaceae	Gymnodinium	Gymnodinium gracile
ASV_481	Eukaryota	no_hit	unknown	unknown	unknown	unknown	unknown	uncultured marine picoeukaryote
ASV_482	Eukaryota	no_hit	no_hit	no_hit	no_hit	no_hit	no_hit	no_hit
ASV_483	Eukaryota	no_hit	unknown	Dinophyceae	Syndiniales	Amoebophryaceae	Amoebophrya	no_hit
ASV_484	Eukaryota	no_hit	unknown	unknown	unknown	unknown	unknown	uncultured marine eukaryote
ASV_485	Eukaryota	no_hit	Bacillariophyta	Coscinodiscophyceae	Thalassiosirales	Thalassiosiraceae	Thalassiosira	Thalassiosira oceanica
ASV_486	Eukaryota	no_hit	unknown	Dinophyceae	Syndiniales	Amoebophryaceae	Amoebophrya	no_hit
ASV_487	Eukaryota	no_hit	unknown	Dinophyceae	Syndiniales	no_hit	no_hit	no_hit
ASV_488	Eukaryota	no_hit	unknown	Dinophyceae	Peridiniales	Peridiniaceae	Scrippsiella	no_hit
ASV_489	Eukaryota	no_hit	unknown	Dinophyceae	Gymnodiniales	Kareniaceae	Takayama	Takayama cf. pulchellum
ASV_490	Eukaryota	no_hit	unknown	unknown	unknown	unknown	unknown	Uncultured marine alveolate Group II DH147-EKD16
ASV_491	Eukaryota	no_hit	unknown	Dinophyceae	Syndiniales	Duboscquellidae	Duboscquella	no_hit
ASV_492	Eukaryota	no_hit	Euglenozoa	unknown	Diplonemea	unknown	unknown	Diplonemida sp. 21sb RG-2016
ASV_493	no_hit	no_hit	no_hit	no_hit	no_hit	no_hit	no_hit	no_hit
ASV_494	Eukaryota	no_hit	no_hit	no_hit	no_hit	no_hit	no_hit	no_hit
ASV_495	Eukaryota	no_hit	unknown	Dinophyceae	Syndiniales	Amoebophryaceae	Amoebophrya	no_hit
ASV_496	Eukaryota	no_hit	unknown	Dinophyceae	Gymnodiniales	Gymnodiniaceae	no_hit	no_hit
ASV_497	Eukaryota	no_hit	unknown	unknown	Pirsoniales	unknown	Pirsonia	Pirsonia verrucosa
ASV_498	Eukaryota	no_hit	Ciliophora	Spirotrichea	no_hit	no_hit	no_hit	no_hit
ASV_499	Eukaryota	no_hit	Cercozoa	unknown	unknown	unknown	Rhabdamoeba	Rhabdamoeba marina
ASV_500	Eukaryota	no_hit	no_hit	no_hit	no_hit	no_hit	no_hit	no_hit
ASV_501	Eukaryota	Metazoa	Cnidaria	Hydrozoa	Siphonophorae	Resomiidae	Resomia	Resomia ornicephala
ASV_502	Eukaryota	no_hit	unknown	Dinophyceae	Peridiniales	Protoperidiniaceae	Protoperidinium	Protoperidinium crassipes
ASV_503	Eukaryota	no_hit	unknown	Raphidophyceae	Chattonellales	Chattonellaceae	Heterosigma	Heterosigma akashiwo
ASV_504	Eukaryota	no_hit	Bacillariophyta	Mediophyceae	Hemiaulales	Hemiaulaceae	Eucampia	no_hit
ASV_505	Eukaryota	no_hit	unknown	Centroplasthelida	unknown	unknown	Meringosphaera	Meringosphaera mediterranea
ASV_506	Eukaryota	no_hit	unknown	unknown	unknown	unknown	unknown	uncultured marine picoeukaryote
ASV_507	Eukaryota	no_hit	unknown	unknown	unknown	unknown	unknown	uncultured marine picoeukaryote
ASV_508	Eukaryota	no_hit	unknown	Dinophyceae	Peridiniales	Peridiniaceae	Pentapharsodinium	Pentapharsodinium tyrrhenicum
ASV_509	Eukaryota	Metazoa	Arthropoda	Hexanauplia	Cyclopoida	Oithonidae	Oithona	Oithona similis
ASV_510	Eukaryota	no_hit	Euglenozoa	unknown	Diplonemea	unknown	unknown	Diplonemida sp. 37 RG-2016
ASV_511	Eukaryota	no_hit	unknown	unknown	unknown	unknown	unknown	eukaryote clone OLI11012
ASV_512	Eukaryota	no_hit	Ciliophora	Spirotrichea	Choreotrichida	Strombidinopsidae	Strombidinopsis	Strombidinopsis acuminata
ASV_513	Eukaryota	no_hit	unknown	Dinophyceae	Syndiniales	no_hit	no_hit	no_hit
ASV_514	Eukaryota	no_hit	Bacillariophyta	Coscinodiscophyceae	Chaetocerotales	Chaetocerotaceae	Chaetoceros	Chaetoceros radicans
ASV_515	Eukaryota	no_hit	no_hit	no_hit	no_hit	no_hit	no_hit	no_hit
ASV_516	Eukaryota	no_hit	unknown	Dinophyceae	no_hit	no_hit	no_hit	no_hit
ASV_517	Eukaryota	no_hit	unknown	Dictyochophyceae	Pedinellales	unknown	Pedinella	Pedinella sp. squamata
ASV_518	Eukaryota	no_hit	unknown	Dinophyceae	Syndiniales	Amoebophryaceae	Amoebophrya	no_hit
ASV_519	Eukaryota	no_hit	unknown	Dinophyceae	Syndiniales	no_hit	no_hit	no_hit
ASV_520	Eukaryota	no_hit	Euglenozoa	unknown	Diplonemea	unknown	unknown	Diplonemida sp. 37 RG-2016
ASV_521	no_hit	no_hit	no_hit	no_hit	no_hit	no_hit	no_hit	no_hit
ASV_522	Eukaryota	no_hit	no_hit	no_hit	no_hit	no_hit	no_hit	no_hit
ASV_523	Eukaryota	no_hit	unknown	unknown	unknown	unknown	unknown	Uncultured marine alveolate Group II DH147-EKD16
ASV_524	Eukaryota	no_hit	unknown	Dinophyceae	Peridiniales	Peridiniaceae	Pentapharsodinium	Pentapharsodinium tyrrhenicum
ASV_525	Eukaryota	no_hit	Bacillariophyta	Bacillariophyceae	Bacillariales	Bacillariaceae	Pseudo-nitzschia	Pseudo-nitzschia heimii
ASV_526	Eukaryota	no_hit	no_hit	no_hit	no_hit	no_hit	no_hit	no_hit
ASV_527	Eukaryota	no_hit	Euglenozoa	unknown	Diplonemea	unknown	unknown	Diplonemida sp. 37 RG-2016
ASV_528	Eukaryota	no_hit	unknown	Dinophyceae	Syndiniales	Duboscquellidae	Duboscquella	no_hit
ASV_529	no_hit	no_hit	no_hit	no_hit	no_hit	no_hit	no_hit	no_hit
ASV_530	Eukaryota	no_hit	unknown	Dinophyceae	Syndiniales	no_hit	no_hit	no_hit
ASV_531	Eukaryota	Metazoa	Arthropoda	Hexanauplia	Poecilostomatoida	Oncaeidae	no_hit	no_hit
ASV_532	Eukaryota	no_hit	unknown	unknown	unknown	unknown	unknown	uncultured marine eukaryote
ASV_533	Eukaryota	Viridiplantae	Chlorophyta	Pyramimonadophyceae	Pyramimonadales	Pyramimonadaceae	Cymbomonas	Cymbomonas tetramitiformis
ASV_534	Eukaryota	Metazoa	Arthropoda	Hexanauplia	Poecilostomatoida	no_hit	no_hit	no_hit
ASV_535	Eukaryota	no_hit	Euglenozoa	unknown	Diplonemea	unknown	unknown	Diplonemida sp. 37 RG-2016
ASV_536	Eukaryota	no_hit	Ciliophora	Colpodea	unknown	unknown	unknown	Uncultured marine colpodean ciliate DH147-EKD23
ASV_537	Eukaryota	no_hit	Bacillariophyta	Bacillariophyceae	Bacillariales	Bacillariaceae	no_hit	no_hit
ASV_538	Eukaryota	no_hit	Bacillariophyta	Bacillariophyceae	Bacillariales	Bacillariaceae	Pseudo-nitzschia	no_hit
ASV_539	Eukaryota	no_hit	Euglenozoa	unknown	Diplonemea	unknown	unknown	Diplonemida sp. 37 RG-2016
ASV_540	Eukaryota	no_hit	Cercozoa	Thecofilosea	Cryomonadida	Protaspidae	Cryothecomonas	Cryothecomonas aestivalis
ASV_541	Eukaryota	no_hit	Cercozoa	Thecofilosea	Cryomonadida	Protaspidae	Cryothecomonas	Cryothecomonas sp. APCC MC5-1Cryo
ASV_542	Eukaryota	no_hit	Euglenozoa	unknown	Diplonemea	unknown	unknown	Diplonemida sp. 21sb RG-2016
ASV_543	Eukaryota	no_hit	Picozoa	unknown	unknown	unknown	unknown	Picobiliphyte sp. MS584-11
ASV_544	Eukaryota	Metazoa	Arthropoda	Hexanauplia	Poecilostomatoida	Oncaeidae	no_hit	no_hit
ASV_545	Eukaryota	no_hit	unknown	unknown	unknown	unknown	unknown	eukaryote clone OLI11013
ASV_546	Eukaryota	no_hit	Bacillariophyta	Coscinodiscophyceae	Leptocylindrales	Leptocylindraceae	Leptocylindrus	Leptocylindrus convexus
ASV_547	Eukaryota	no_hit	unknown	unknown	unknown	unknown	unknown	uncultured marine eukaryote
ASV_548	Eukaryota	no_hit	unknown	Dinophyceae	Syndiniales	Amoebophryaceae	Amoebophrya	no_hit
ASV_549	no_hit	no_hit	no_hit	no_hit	no_hit	no_hit	no_hit	no_hit
ASV_550	Eukaryota	no_hit	unknown	unknown	unknown	unknown	unknown	uncultured marine eukaryote
ASV_551	Eukaryota	no_hit	unknown	Dinophyceae	no_hit	no_hit	no_hit	no_hit
ASV_552	Eukaryota	no_hit	no_hit	no_hit	no_hit	no_hit	no_hit	no_hit
ASV_553	Eukaryota	no_hit	unknown	Dinophyceae	no_hit	no_hit	no_hit	no_hit
ASV_554	Eukaryota	no_hit	Bacillariophyta	Coscinodiscophyceae	Thalassiosirales	Thalassiosiraceae	no_hit	no_hit
ASV_555	Eukaryota	no_hit	unknown	Dinophyceae	no_hit	no_hit	no_hit	no_hit
ASV_556	Eukaryota	no_hit	Cercozoa	Thecofilosea	unknown	unknown	Mataza	Mataza hastifera
ASV_557	Eukaryota	Metazoa	Chaetognatha	Sagittoidea	Aphragmophora	Sagittidae	no_hit	no_hit
ASV_558	Eukaryota	no_hit	Bacillariophyta	Coscinodiscophyceae	Chaetocerotales	Chaetocerotaceae	Chaetoceros	no_hit
ASV_559	Eukaryota	no_hit	unknown	Dinophyceae	Gymnodiniales	Kareniaceae	Karlodinium	Karlodinium veneficum
ASV_560	Eukaryota	no_hit	unknown	Polycystinea	no_hit	no_hit	no_hit	no_hit
ASV_561	Eukaryota	no_hit	Euglenozoa	unknown	Diplonemea	unknown	unknown	Diplonemida sp. 13 RG-2016
ASV_562	Eukaryota	no_hit	unknown	Bigyra	Nanomonadea	unknown	Incisomonas	Incisomonas marina
ASV_563	Eukaryota	no_hit	no_hit	no_hit	no_hit	no_hit	no_hit	no_hit
ASV_564	Eukaryota	no_hit	unknown	Dinophyceae	Syndiniales	no_hit	no_hit	no_hit
ASV_565	Eukaryota	Metazoa	Chordata	Mammalia	no_hit	no_hit	no_hit	no_hit
ASV_566	Eukaryota	no_hit	Cercozoa	unknown	unknown	unknown	Quadricilia	Quadricilia rotundata
ASV_567	Eukaryota	no_hit	unknown	Dinophyceae	Gymnodiniales	Gymnodiniaceae	no_hit	no_hit
ASV_568	Eukaryota	no_hit	unknown	Cryptophyceae	Pyrenomonadales	Geminigeraceae	Geminigera	Geminigera cryophila
ASV_569	Eukaryota	no_hit	unknown	unknown	unknown	unknown	unknown	Uncultured marine alveolate Group II DH147-EKD6
ASV_570	Eukaryota	no_hit	unknown	Dinophyceae	Syndiniales	Amoebophryaceae	Amoebophrya	no_hit
ASV_571	Eukaryota	no_hit	Bacillariophyta	Bacillariophyceae	Bacillariales	Bacillariaceae	Pseudo-nitzschia	no_hit
ASV_572	Eukaryota	no_hit	unknown	Dinophyceae	Syndiniales	Amoebophryaceae	Amoebophrya	no_hit
ASV_573	Eukaryota	Viridiplantae	Chlorophyta	no_hit	no_hit	no_hit	no_hit	no_hit
ASV_574	Eukaryota	no_hit	unknown	unknown	unknown	unknown	unknown	Uncultured marine alveolate Group I DH144-EKD3
ASV_575	Eukaryota	no_hit	Bacillariophyta	Coscinodiscophyceae	Chaetocerotales	Attheyaceae	Attheya	Attheya longicornis
ASV_576	Eukaryota	Metazoa	Arthropoda	Hexanauplia	Harpacticoida	Ectinosomatidae	Microsetella	Microsetella norvegica
ASV_577	Eukaryota	no_hit	unknown	Dinophyceae	Peridiniales	Protoperidiniaceae	Protoperidinium	Protoperidinium punctulatum
ASV_578	no_hit	no_hit	no_hit	no_hit	no_hit	no_hit	no_hit	no_hit
ASV_579	no_hit	no_hit	no_hit	no_hit	no_hit	no_hit	no_hit	no_hit
ASV_580	Eukaryota	no_hit	unknown	Dinophyceae	Gymnodiniales	Gymnodiniaceae	Paulsenella	Paulsenella vonstoschii
ASV_581	Eukaryota	no_hit	no_hit	no_hit	no_hit	no_hit	no_hit	no_hit
ASV_582	no_hit	no_hit	no_hit	no_hit	no_hit	no_hit	no_hit	no_hit
ASV_583	Eukaryota	no_hit	Euglenozoa	unknown	Diplonemea	unknown	unknown	Diplonemida sp. 1sb RG-2016
ASV_584	Eukaryota	no_hit	unknown	Dinophyceae	no_hit	no_hit	no_hit	no_hit
ASV_585	Eukaryota	no_hit	unknown	unknown	unknown	unknown	unknown	uncultured marine eukaryote
ASV_586	Eukaryota	no_hit	unknown	Dinophyceae	Syndiniales	no_hit	no_hit	no_hit
ASV_587	Eukaryota	no_hit	unknown	Dinophyceae	Syndiniales	Amoebophryaceae	Amoebophrya	no_hit
ASV_588	Eukaryota	no_hit	unknown	Dinophyceae	Syndiniales	Amoebophryaceae	Amoebophrya	no_hit
ASV_589	Eukaryota	no_hit	unknown	unknown	unknown	unknown	unknown	uncultured marine eukaryote
ASV_590	Eukaryota	Metazoa	Annelida	Polychaeta	Spionida	Spionidae	Polydora	Polydora brevipalpa
ASV_591	Eukaryota	no_hit	unknown	Dinophyceae	no_hit	no_hit	no_hit	no_hit
ASV_592	Eukaryota	no_hit	no_hit	no_hit	no_hit	no_hit	no_hit	no_hit
ASV_593	Eukaryota	no_hit	Euglenozoa	unknown	Diplonemea	unknown	unknown	Diplonemida sp. 13 RG-2016
ASV_594	Eukaryota	Metazoa	Annelida	Polychaeta	Phyllodocida	no_hit	no_hit	no_hit
ASV_595	Eukaryota	no_hit	unknown	unknown	unknown	unknown	unknown	uncultured marine picoeukaryote
ASV_596	Eukaryota	no_hit	unknown	Bigyra	Nanomonadea	unknown	Incisomonas	Incisomonas marina
ASV_597	Eukaryota	no_hit	unknown	Dinophyceae	no_hit	no_hit	no_hit	no_hit
ASV_598	Eukaryota	no_hit	unknown	Dinophyceae	Syndiniales	no_hit	no_hit	no_hit
ASV_599	Eukaryota	no_hit	unknown	unknown	unknown	unknown	unknown	Stramenopiles sp. MAST-7B-sp1
ASV_600	Eukaryota	no_hit	unknown	unknown	unknown	unknown	unknown	uncultured marine picoeukaryote
ASV_601	Eukaryota	no_hit	Euglenozoa	unknown	Diplonemea	no_hit	no_hit	no_hit
ASV_602	Eukaryota	no_hit	unknown	Dinophyceae	Syndiniales	no_hit	no_hit	no_hit
ASV_603	Eukaryota	no_hit	unknown	Dinophyceae	no_hit	no_hit	no_hit	no_hit
ASV_604	Eukaryota	no_hit	Bacillariophyta	Bacillariophyceae	no_hit	no_hit	no_hit	no_hit
ASV_605	Eukaryota	no_hit	unknown	Dinophyceae	Syndiniales	Amoebophryaceae	Amoebophrya	no_hit
ASV_606	Eukaryota	no_hit	unknown	Dinophyceae	Syndiniales	Amoebophryaceae	Amoebophrya	no_hit
ASV_607	Eukaryota	no_hit	unknown	unknown	unknown	unknown	unknown	eukaryote clone OLI11001
ASV_608	no_hit	no_hit	no_hit	no_hit	no_hit	no_hit	no_hit	no_hit
ASV_609	Eukaryota	no_hit	unknown	unknown	unknown	unknown	unknown	uncultured marine eukaryote
ASV_610	Eukaryota	no_hit	Euglenozoa	unknown	Diplonemea	no_hit	no_hit	no_hit
ASV_611	Eukaryota	Metazoa	Cnidaria	Hydrozoa	Anthoathecata	Hydrichthyidae	Hydrichthys	Hydrichthys boycei
ASV_612	Eukaryota	no_hit	Ciliophora	no_hit	no_hit	no_hit	no_hit	no_hit
ASV_613	Eukaryota	no_hit	unknown	Dinophyceae	Syndiniales	Amoebophryaceae	Amoebophrya	no_hit
ASV_614	Eukaryota	no_hit	unknown	Dinophyceae	Syndiniales	no_hit	no_hit	no_hit
ASV_615	no_hit	no_hit	no_hit	no_hit	no_hit	no_hit	no_hit	no_hit
ASV_616	Eukaryota	Fungi	Ascomycota	Dothideomycetes	Cladosporiales	Cladosporiaceae	Cladosporium	no_hit
ASV_617	Eukaryota	no_hit	unknown	Dinophyceae	Syndiniales	no_hit	no_hit	no_hit
ASV_618	no_hit	no_hit	no_hit	no_hit	no_hit	no_hit	no_hit	no_hit
ASV_619	Eukaryota	no_hit	no_hit	no_hit	no_hit	no_hit	no_hit	no_hit
ASV_620	no_hit	no_hit	no_hit	no_hit	no_hit	no_hit	no_hit	no_hit
ASV_621	Eukaryota	no_hit	unknown	Dinophyceae	Peridiniales	Protoperidiniaceae	Protoperidinium	Protoperidinium conicum
ASV_622	Eukaryota	no_hit	unknown	Dinophyceae	Gymnodiniales	Gymnodiniaceae	Cochlodinium	no_hit
ASV_623	Eukaryota	no_hit	Euglenozoa	unknown	Diplonemea	no_hit	no_hit	no_hit
ASV_624	no_hit	no_hit	no_hit	no_hit	no_hit	no_hit	no_hit	no_hit
ASV_625	Eukaryota	no_hit	Euglenozoa	unknown	Diplonemea	no_hit	no_hit	no_hit
ASV_626	Eukaryota	no_hit	unknown	Dinophyceae	Torodiniales	Torodiniaceae	Torodinium	Torodinium teredo
ASV_627	Eukaryota	no_hit	Imbricatea	unknown	Thaumatomonadida	Thaumatomastigidae	Protaspis	Protaspis sp. CC-2009a
ASV_628	Eukaryota	no_hit	Haptophyta	unknown	Zygodiscales	Braarudosphaeraceae	Braarudosphaera	Braarudosphaera bigelowii
ASV_629	Eukaryota	no_hit	unknown	Dinophyceae	Gymnodiniales	Warnowiaceae	Warnowia	no_hit
ASV_630	Eukaryota	no_hit	unknown	Dinophyceae	Peridiniales	Peridiniaceae	Scrippsiella	Scrippsiella lachrymosa
ASV_631	Eukaryota	no_hit	unknown	Dinophyceae	Syndiniales	Amoebophryaceae	Amoebophrya	no_hit
ASV_632	Eukaryota	no_hit	Bacillariophyta	Fragilariophyceae	Fragilariales	Fragilariaceae	no_hit	no_hit
ASV_633	Eukaryota	no_hit	unknown	Dinophyceae	Peridiniales	Protoperidiniaceae	Protoperidinium	Protoperidinium conicum
ASV_634	Eukaryota	no_hit	unknown	Dinophyceae	Syndiniales	Duboscquellidae	Duboscquella	no_hit
ASV_635	Eukaryota	no_hit	unknown	Dinophyceae	Syndiniales	Amoebophryaceae	Amoebophrya	no_hit
ASV_636	Eukaryota	no_hit	unknown	Dinophyceae	Peridiniales	Peridiniaceae	Pentapharsodinium	Pentapharsodinium tyrrhenicum
ASV_637	Eukaryota	no_hit	unknown	Dinophyceae	no_hit	no_hit	no_hit	no_hit
ASV_638	Eukaryota	Viridiplantae	Streptophyta	Magnoliopsida	Myrtales	Myrtaceae	no_hit	no_hit
ASV_639	Eukaryota	Metazoa	Chordata	Appendicularia	Copelata	Oikopleuridae	Oikopleura	no_hit
ASV_640	Eukaryota	no_hit	Euglenozoa	unknown	Diplonemea	no_hit	no_hit	no_hit
ASV_641	Eukaryota	Metazoa	Arthropoda	Hexanauplia	Harpacticoida	Ectinosomatidae	Microsetella	Microsetella norvegica
ASV_642	Eukaryota	Metazoa	Rotifera	Eurotatoria	Ploima	Brachionidae	Brachionus	Brachionus calyciflorus
ASV_643	Eukaryota	no_hit	Ciliophora	Spirotrichea	unknown	Strombidiidae	no_hit	no_hit
ASV_644	Eukaryota	no_hit	unknown	unknown	unknown	unknown	unknown	uncultured marine picoeukaryote
ASV_645	Eukaryota	no_hit	unknown	Dinophyceae	no_hit	no_hit	no_hit	no_hit
ASV_646	no_hit	no_hit	no_hit	no_hit	no_hit	no_hit	no_hit	no_hit
ASV_647	Eukaryota	no_hit	unknown	Dinophyceae	Dinophysiales	Dinophysiaceae	Phalacroma	Phalacroma oxytoxoides
ASV_648	Eukaryota	no_hit	unknown	Dinophyceae	Syndiniales	Amoebophryaceae	Amoebophrya	no_hit
ASV_649	Eukaryota	no_hit	Euglenozoa	unknown	Diplonemea	unknown	unknown	Diplonemida sp. 21sb RG-2016
ASV_650	Eukaryota	no_hit	Euglenozoa	unknown	Diplonemea	unknown	unknown	Diplonemida sp. 37 RG-2016
ASV_651	Eukaryota	no_hit	unknown	Choanoflagellata	Craspedida	Salpingoecidae	Bicosta	Bicosta minor
ASV_652	no_hit	no_hit	no_hit	no_hit	no_hit	no_hit	no_hit	no_hit
ASV_653	Eukaryota	no_hit	unknown	Dinophyceae	Peridiniales	Heterocapsaceae	Heterocapsa	Heterocapsa rotundata
ASV_654	Eukaryota	no_hit	Bacillariophyta	Mediophyceae	Cymatosirales	Cymatosiraceae	Brockmanniella	Brockmanniella brockmannii
ASV_655	Eukaryota	no_hit	unknown	Dinophyceae	Syndiniales	Syndiniaceae	Hematodinium	Hematodinium sp. ex Crangon crangon
ASV_656	Eukaryota	no_hit	Ciliophora	Oligohymenophorea	Apostomatida	Colliniidae	Pseudocollinia	no_hit
ASV_657	Eukaryota	no_hit	unknown	Dinophyceae	Thoracosphaerales	Thoracosphaeraceae	Thoracosphaera	Thoracosphaera heimii
ASV_658	Eukaryota	Metazoa	Ctenophora	Tentaculata	Cydippida	Pleurobrachiidae	Pleurobrachia	no_hit
ASV_659	Eukaryota	no_hit	Ciliophora	unknown	unknown	unknown	Cryptocaryon	no_hit
ASV_660	Eukaryota	no_hit	unknown	Dinophyceae	Syndiniales	Amoebophryaceae	Amoebophrya	no_hit
ASV_661	Eukaryota	Metazoa	Ctenophora	Tentaculata	Thalassocalycida	Thalassocalycidae	Thalassocalyce	Thalassocalyce inconstans
ASV_662	Eukaryota	no_hit	no_hit	no_hit	no_hit	no_hit	no_hit	no_hit
ASV_663	Eukaryota	no_hit	Bacillariophyta	Coscinodiscophyceae	Chaetocerotales	Chaetocerotaceae	Chaetoceros	no_hit
ASV_664	Eukaryota	no_hit	unknown	Dinophyceae	Syndiniales	Amoebophryaceae	Amoebophrya	no_hit
ASV_665	Eukaryota	no_hit	unknown	unknown	unknown	unknown	unknown	Uncultured marine alveolate Group II DH147-EKD16
ASV_666	Eukaryota	no_hit	unknown	Chrysophyceae	unknown	unknown	Segregatospumella	no_hit
ASV_667	Eukaryota	no_hit	no_hit	no_hit	no_hit	no_hit	no_hit	no_hit
ASV_668	no_hit	no_hit	no_hit	no_hit	no_hit	no_hit	no_hit	no_hit
ASV_669	Eukaryota	no_hit	no_hit	no_hit	no_hit	no_hit	no_hit	no_hit
ASV_670	Eukaryota	no_hit	unknown	Dictyochophyceae	Florenciellales	no_hit	no_hit	no_hit
ASV_671	Eukaryota	no_hit	unknown	Dinophyceae	Syndiniales	Amoebophryaceae	Amoebophrya	no_hit
ASV_672	Eukaryota	Metazoa	Arthropoda	Insecta	Psocoptera	Liposcelididae	no_hit	no_hit
ASV_673	no_hit	no_hit	no_hit	no_hit	no_hit	no_hit	no_hit	no_hit
ASV_674	Eukaryota	no_hit	unknown	Dinophyceae	Syndiniales	Amoebophryaceae	Amoebophrya	no_hit
ASV_675	Eukaryota	no_hit	unknown	Dinophyceae	Syndiniales	Amoebophryaceae	Amoebophrya	no_hit
ASV_676	Eukaryota	no_hit	unknown	Dinophyceae	Syndiniales	no_hit	no_hit	no_hit
ASV_677	Eukaryota	no_hit	unknown	Dinophyceae	Gymnodiniales	Gymnodiniaceae	Gyrodinium	no_hit
ASV_678	Eukaryota	no_hit	unknown	Dinophyceae	Syndiniales	no_hit	no_hit	no_hit
ASV_679	Eukaryota	no_hit	Bacillariophyta	Coscinodiscophyceae	Coscinodiscales	Heliopeltaceae	Actinoptychus	no_hit
ASV_680	Eukaryota	no_hit	Bacillariophyta	Coscinodiscophyceae	Chaetocerotales	Chaetocerotaceae	Chaetoceros	Chaetoceros diadema
ASV_681	Eukaryota	no_hit	unknown	Dinophyceae	no_hit	no_hit	no_hit	no_hit
ASV_682	Eukaryota	no_hit	unknown	Choanoflagellata	Acanthoecida	Stephanoecidae	Didymoeca	Didymoeca costata
ASV_683	Eukaryota	no_hit	unknown	Dinophyceae	Syndiniales	Amoebophryaceae	Amoebophrya	no_hit
ASV_684	Eukaryota	no_hit	Bacillariophyta	Coscinodiscophyceae	Thalassiosirales	no_hit	no_hit	no_hit
ASV_685	Eukaryota	no_hit	no_hit	no_hit	no_hit	no_hit	no_hit	no_hit
ASV_686	Eukaryota	no_hit	unknown	Dinophyceae	Syndiniales	Amoebophryaceae	Amoebophrya	no_hit
ASV_687	Eukaryota	Metazoa	Chaetognatha	Sagittoidea	Aphragmophora	Sagittidae	no_hit	no_hit
ASV_688	Eukaryota	no_hit	unknown	Dinophyceae	no_hit	no_hit	no_hit	no_hit
ASV_689	Eukaryota	no_hit	unknown	unknown	unknown	unknown	unknown	Uncultured marine alveolate Group II DH145-EKD20
ASV_690	Eukaryota	no_hit	unknown	Dinophyceae	no_hit	no_hit	no_hit	no_hit
ASV_691	Eukaryota	no_hit	unknown	Dinophyceae	Syndiniales	Amoebophryaceae	Amoebophrya	no_hit
ASV_692	Eukaryota	no_hit	unknown	Dinophyceae	no_hit	no_hit	no_hit	no_hit
ASV_693	Eukaryota	no_hit	Bacillariophyta	Coscinodiscophyceae	Chaetocerotales	Chaetocerotaceae	Chaetoceros	Chaetoceros debilis
ASV_694	Eukaryota	Metazoa	Hemichordata	Enteropneusta	unknown	Harrimaniidae	Stereobalanus	Stereobalanus canadensis
ASV_695	Eukaryota	no_hit	Cercozoa	Thecofilosea	unknown	unknown	Mataza	Mataza hastifera
ASV_696	no_hit	no_hit	no_hit	no_hit	no_hit	no_hit	no_hit	no_hit
ASV_697	Eukaryota	no_hit	Bacillariophyta	Coscinodiscophyceae	Coscinodiscales	Heliopeltaceae	Actinoptychus	Actinoptychus splendens
ASV_698	Eukaryota	no_hit	unknown	Dinophyceae	Dinophysiales	Dinophysiaceae	no_hit	no_hit
ASV_699	Eukaryota	no_hit	unknown	unknown	unknown	unknown	unknown	uncultured marine eukaryote
ASV_700	Eukaryota	no_hit	unknown	unknown	unknown	unknown	unknown	uncultured marine picoeukaryote
ASV_701	Eukaryota	no_hit	Haptophyta	unknown	Prymnesiales	unknown	Chrysocampanula	Chrysocampanula spinifera
ASV_702	Eukaryota	no_hit	no_hit	no_hit	no_hit	no_hit	no_hit	no_hit
ASV_703	Eukaryota	no_hit	unknown	Dinophyceae	Blastodiniales	unknown	Blastodinium	no_hit
ASV_704	Eukaryota	Fungi	Ascomycota	Dothideomycetes	Dothideales	no_hit	no_hit	no_hit
ASV_705	Eukaryota	no_hit	unknown	Dinophyceae	Syndiniales	Amoebophryaceae	Amoebophrya	no_hit
ASV_706	no_hit	no_hit	no_hit	no_hit	no_hit	no_hit	no_hit	no_hit
ASV_707	Eukaryota	no_hit	unknown	Dinophyceae	no_hit	no_hit	no_hit	no_hit
ASV_708	Eukaryota	no_hit	Haptophyta	unknown	Zygodiscales	Braarudosphaeraceae	Braarudosphaera	Braarudosphaera bigelowii
ASV_709	Eukaryota	no_hit	Euglenozoa	unknown	Diplonemea	unknown	unknown	Diplonemida sp. 21sb RG-2016
ASV_710	Eukaryota	no_hit	unknown	Cryptophyceae	Pyrenomonadales	Chroomonadaceae	Chroomonas	no_hit
ASV_711	Eukaryota	Metazoa	Cnidaria	Anthozoa	Actiniaria	Edwardsiidae	no_hit	no_hit
ASV_712	Eukaryota	no_hit	Ciliophora	Spirotrichea	Choreotrichida	Strombidinopsidae	Strombidinopsis	no_hit
ASV_713	Eukaryota	no_hit	unknown	Dinophyceae	no_hit	no_hit	no_hit	no_hit
ASV_714	Eukaryota	Metazoa	Rotifera	Eurotatoria	Ploima	Synchaetidae	Synchaeta	Synchaeta tremuloida
ASV_715	Eukaryota	no_hit	unknown	Dinophyceae	Peridiniales	Protoperidiniaceae	Protoperidinium	Protoperidinium conicum
ASV_716	Eukaryota	no_hit	unknown	Dinophyceae	Syndiniales	Amoebophryaceae	Amoebophrya	no_hit
ASV_717	Eukaryota	no_hit	unknown	unknown	unknown	unknown	unknown	uncultured marine eukaryote
ASV_718	Eukaryota	no_hit	unknown	Bigyra	Nanomonadea	unknown	Solenicola	no_hit
ASV_719	Eukaryota	no_hit	no_hit	no_hit	no_hit	no_hit	no_hit	no_hit
ASV_720	Eukaryota	no_hit	unknown	Dinophyceae	Peridiniales	Protoperidiniaceae	Protoperidinium	Protoperidinium leonis
ASV_721	Eukaryota	no_hit	unknown	unknown	unknown	unknown	unknown	eukaryote clone OLI11013
ASV_722	Eukaryota	no_hit	unknown	unknown	unknown	unknown	unknown	uncultured marine eukaryote
ASV_723	Eukaryota	no_hit	unknown	unknown	unknown	unknown	unknown	uncultured marine picoeukaryote
ASV_724	Eukaryota	no_hit	Euglenozoa	unknown	Diplonemea	unknown	unknown	Diplonemida sp. 37 RG-2016
ASV_725	Eukaryota	no_hit	unknown	Dinophyceae	Gymnodiniales	no_hit	no_hit	no_hit
ASV_726	Eukaryota	no_hit	unknown	Bolidophyceae	Parmales	Triparmaceae	Bolidomonas	no_hit
ASV_727	Eukaryota	no_hit	no_hit	no_hit	no_hit	no_hit	no_hit	no_hit
ASV_728	Eukaryota	no_hit	unknown	Dinophyceae	Syndiniales	Amoebophryaceae	Amoebophrya	no_hit
ASV_729	Eukaryota	no_hit	unknown	Dinophyceae	Syndiniales	no_hit	no_hit	no_hit
ASV_730	Eukaryota	no_hit	Picozoa	Picomonadea	Picomonadida	Picomonadidae	Picomonas	no_hit
ASV_731	Eukaryota	no_hit	unknown	Dinophyceae	no_hit	no_hit	no_hit	no_hit
ASV_732	Eukaryota	no_hit	Ciliophora	Oligohymenophorea	Philasterida	Loxocephalidae	no_hit	no_hit
ASV_733	Eukaryota	no_hit	Bacillariophyta	Bacillariophyceae	Bacillariales	Bacillariaceae	Pseudo-nitzschia	Pseudo-nitzschia fraudulenta
ASV_734	Eukaryota	no_hit	no_hit	no_hit	no_hit	no_hit	no_hit	no_hit
ASV_735	Eukaryota	no_hit	unknown	Cryptophyceae	no_hit	no_hit	no_hit	no_hit
ASV_736	Eukaryota	no_hit	unknown	Dinophyceae	Syndiniales	Duboscquellidae	Duboscquella	no_hit
ASV_737	Eukaryota	no_hit	Ciliophora	no_hit	no_hit	no_hit	no_hit	no_hit
ASV_738	Eukaryota	no_hit	no_hit	no_hit	no_hit	no_hit	no_hit	no_hit
ASV_739	Eukaryota	no_hit	Euglenozoa	unknown	Diplonemea	no_hit	no_hit	no_hit
ASV_740	Eukaryota	no_hit	Bacillariophyta	Coscinodiscophyceae	Thalassiosirales	Thalassiosiraceae	Thalassiosira	no_hit
ASV_741	Eukaryota	no_hit	no_hit	no_hit	no_hit	no_hit	no_hit	no_hit
ASV_742	no_hit	no_hit	no_hit	no_hit	no_hit	no_hit	no_hit	no_hit
ASV_743	Eukaryota	no_hit	unknown	Dinophyceae	Syndiniales	Amoebophryaceae	Amoebophrya	no_hit
ASV_744	Eukaryota	no_hit	unknown	Dinophyceae	Syndiniales	no_hit	no_hit	no_hit
ASV_745	Eukaryota	no_hit	unknown	Bigyra	Nanomonadea	unknown	Incisomonas	Incisomonas marina
ASV_746	no_hit	no_hit	no_hit	no_hit	no_hit	no_hit	no_hit	no_hit
ASV_747	Eukaryota	no_hit	no_hit	no_hit	no_hit	no_hit	no_hit	no_hit
ASV_748	no_hit	no_hit	no_hit	no_hit	no_hit	no_hit	no_hit	no_hit
ASV_749	Eukaryota	no_hit	unknown	Dinophyceae	no_hit	no_hit	no_hit	no_hit
ASV_750	Eukaryota	no_hit	unknown	Dinophyceae	no_hit	no_hit	no_hit	no_hit
ASV_751	Eukaryota	Metazoa	Chordata	Appendicularia	Copelata	Fritillariidae	Fritillaria <tunicates>	Fritillaria haplostoma
ASV_752	Eukaryota	no_hit	unknown	Dinophyceae	no_hit	no_hit	no_hit	no_hit
ASV_753	Eukaryota	no_hit	unknown	Dinophyceae	Syndiniales	Amoebophryaceae	Amoebophrya	no_hit
ASV_754	Eukaryota	no_hit	unknown	Dinophyceae	Syndiniales	Amoebophryaceae	Amoebophrya	no_hit
ASV_755	Eukaryota	no_hit	unknown	Dinophyceae	Syndiniales	Amoebophryaceae	Amoebophrya	no_hit
ASV_756	Eukaryota	no_hit	unknown	Dinophyceae	Gymnodiniales	Kareniaceae	Karlodinium	no_hit
ASV_757	Eukaryota	no_hit	unknown	Dinophyceae	Syndiniales	Amoebophryaceae	Amoebophrya	no_hit
ASV_758	Eukaryota	no_hit	Bacillariophyta	Bacillariophyceae	Naviculales	Pleurosigmataceae	no_hit	no_hit
ASV_759	Eukaryota	no_hit	unknown	Dinophyceae	Peridiniales	Heterocapsaceae	Heterocapsa	no_hit
ASV_760	Eukaryota	Metazoa	Chordata	Actinopteri	no_hit	no_hit	no_hit	no_hit
ASV_761	Eukaryota	no_hit	unknown	Cryptophyceae	Pyrenomonadales	Geminigeraceae	Geminigera	Geminigera cryophila
ASV_762	Eukaryota	no_hit	unknown	unknown	unknown	unknown	unknown	uncultured marine eukaryote
ASV_763	Eukaryota	no_hit	Imbricatea	unknown	Thaumatomonadida	no_hit	no_hit	no_hit
ASV_764	Eukaryota	no_hit	unknown	Dinophyceae	Syndiniales	no_hit	no_hit	no_hit
ASV_765	Eukaryota	no_hit	unknown	Dinophyceae	Syndiniales	Amoebophryaceae	Amoebophrya	no_hit
ASV_766	Eukaryota	no_hit	Ciliophora	Spirotrichea	Choreotrichida	Strobilidiidae	Rimostrombidium	Rimostrombidium veniliae
ASV_767	Eukaryota	no_hit	no_hit	no_hit	no_hit	no_hit	no_hit	no_hit
ASV_768	Eukaryota	no_hit	unknown	Dinophyceae	Syndiniales	Amoebophryaceae	Amoebophrya	no_hit
ASV_769	Eukaryota	no_hit	unknown	Dinophyceae	Dinophysiales	Dinophysiaceae	no_hit	no_hit
ASV_770	Eukaryota	no_hit	unknown	Dinophyceae	Syndiniales	Amoebophryaceae	Amoebophrya	no_hit
ASV_771	Eukaryota	no_hit	Bacillariophyta	Coscinodiscophyceae	Chaetocerotales	Chaetocerotaceae	Chaetoceros	Chaetoceros constrictus
ASV_772	Eukaryota	no_hit	unknown	Dinophyceae	Peridiniales	Peridiniaceae	Pentapharsodinium	Pentapharsodinium tyrrhenicum
ASV_773	Eukaryota	no_hit	unknown	Polycystinea	no_hit	no_hit	no_hit	no_hit
ASV_774	Eukaryota	no_hit	Bacillariophyta	Bacillariophyceae	Bacillariales	Bacillariaceae	Fragilariopsis	no_hit
ASV_775	Eukaryota	no_hit	no_hit	no_hit	no_hit	no_hit	no_hit	no_hit
ASV_776	Eukaryota	no_hit	no_hit	no_hit	no_hit	no_hit	no_hit	no_hit
ASV_777	Eukaryota	no_hit	unknown	unknown	unknown	unknown	unknown	uncultured marine eukaryote
ASV_778	Eukaryota	no_hit	Ciliophora	Prostomatea	Prorodontida	unknown	Hexasterias	Hexasterias problematica
ASV_779	Eukaryota	no_hit	Endomyxa	Ascetosporea	Paradiniida	unknown	Paradinium	Paradinium poucheti
ASV_780	Eukaryota	no_hit	unknown	Dinophyceae	Gymnodiniales	no_hit	no_hit	no_hit
ASV_781	Eukaryota	no_hit	unknown	Centroplasthelida	Pterocystida	Pterocystidae	Pterocystis	no_hit
ASV_782	Eukaryota	no_hit	unknown	Dinophyceae	no_hit	no_hit	no_hit	no_hit
ASV_783	Eukaryota	no_hit	unknown	Dinophyceae	no_hit	no_hit	no_hit	no_hit
ASV_784	Eukaryota	no_hit	unknown	Dinophyceae	Dinophysiales	Dinophysiaceae	Dinophysis	Dinophysis acuminata
ASV_785	Eukaryota	no_hit	Ciliophora	Spirotrichea	no_hit	no_hit	no_hit	no_hit
ASV_786	Eukaryota	no_hit	unknown	unknown	unknown	unknown	unknown	eukaryote clone OLI11038
ASV_787	Eukaryota	no_hit	unknown	Dinophyceae	Syndiniales	Amoebophryaceae	Amoebophrya	no_hit
ASV_788	Eukaryota	no_hit	unknown	Acantharea	unknown	unknown	unknown	Uncultured marine acantharean DH147-EKD17
ASV_789	Eukaryota	no_hit	unknown	unknown	unknown	unknown	unknown	Uncultured marine alveolate Group II DH147-EKD6
ASV_790	Eukaryota	no_hit	Cercozoa	Thecofilosea	Cryomonadida	Protaspidae	Cryothecomonas	Cryothecomonas longipes
ASV_791	Eukaryota	no_hit	Ciliophora	Oligohymenophorea	Philasterida	Cinetochilidae	Cinetochilum	Cinetochilum ovale
ASV_792	Eukaryota	no_hit	unknown	Dinophyceae	Syndiniales	Amoebophryaceae	Amoebophrya	no_hit
ASV_793	Eukaryota	no_hit	unknown	unknown	unknown	unknown	unknown	uncultured marine picoeukaryote
ASV_794	Eukaryota	no_hit	Bacillariophyta	Coscinodiscophyceae	Chaetocerotales	Chaetocerotaceae	Chaetoceros	no_hit
ASV_795	Eukaryota	no_hit	unknown	Dinophyceae	Syndiniales	Amoebophryaceae	Amoebophrya	no_hit
ASV_796	Eukaryota	no_hit	unknown	Dinophyceae	Syndiniales	Amoebophryaceae	Amoebophrya	no_hit
ASV_797	Eukaryota	no_hit	Euglenozoa	unknown	Diplonemea	unknown	unknown	Diplonemida sp. 27 RG-2016
ASV_798	Eukaryota	no_hit	Apicomplexa	Conoidasida	Eucoccidiorida	Adeleidae	Klossia	Klossia helicina
ASV_799	Eukaryota	Metazoa	Chordata	Appendicularia	Copelata	Oikopleuridae	Oikopleura	no_hit
ASV_800	Eukaryota	no_hit	unknown	Dinophyceae	Syndiniales	Amoebophryaceae	Amoebophrya	no_hit
ASV_801	Eukaryota	no_hit	unknown	unknown	unknown	unknown	unknown	Uncultured marine alveolate Group I DH147-EKD18
ASV_802	Eukaryota	no_hit	Ciliophora	Oligohymenophorea	Philasterida	Parauronematidae	Glauconema	Glauconema trihymene
ASV_803	Eukaryota	no_hit	unknown	Dinophyceae	Syndiniales	Amoebophryaceae	Amoebophrya	no_hit
ASV_804	Eukaryota	no_hit	unknown	Cryptophyceae	Pyrenomonadales	Chroomonadaceae	Chroomonas	Chroomonas sp. M1703
ASV_805	Eukaryota	no_hit	unknown	unknown	Telonemida	unknown	Telonema	no_hit
ASV_806	Eukaryota	Metazoa	Cnidaria	Hydrozoa	Leptothecata	no_hit	no_hit	no_hit
ASV_807	Eukaryota	no_hit	unknown	Dinophyceae	Peridiniales	no_hit	no_hit	no_hit
ASV_808	Eukaryota	no_hit	unknown	unknown	unknown	unknown	unknown	Uncultured marine alveolate Group I DH144-EKD3
ASV_809	Eukaryota	no_hit	Cercozoa	no_hit	no_hit	no_hit	no_hit	no_hit
ASV_810	Eukaryota	no_hit	Cercozoa	Thecofilosea	unknown	unknown	Mataza	Mataza hastifera
ASV_811	Eukaryota	no_hit	unknown	Dinophyceae	no_hit	no_hit	no_hit	no_hit
ASV_812	Eukaryota	no_hit	unknown	Dinophyceae	Peridiniales	no_hit	no_hit	no_hit
ASV_813	Eukaryota	no_hit	no_hit	no_hit	no_hit	no_hit	no_hit	no_hit
ASV_814	Eukaryota	Metazoa	Chordata	Thaliacea	Doliolida	Doliolidae	Doliolum	Doliolum nationalis
ASV_815	Eukaryota	no_hit	unknown	Dinophyceae	Syndiniales	no_hit	no_hit	no_hit
ASV_816	Eukaryota	no_hit	unknown	Dinophyceae	Peridiniales	Peridiniaceae	Pentapharsodinium	Pentapharsodinium tyrrhenicum
ASV_817	Eukaryota	Metazoa	Arthropoda	Hexanauplia	Harpacticoida	Ectinosomatidae	Microsetella	Microsetella norvegica
ASV_818	Eukaryota	no_hit	unknown	unknown	unknown	unknown	unknown	uncultured marine eukaryote
ASV_819	Eukaryota	no_hit	Euglenozoa	unknown	Diplonemea	unknown	unknown	Diplonemida sp. 37 RG-2016
ASV_820	Eukaryota	Metazoa	Arthropoda	Malacostraca	Euphausiacea	Euphausiidae	no_hit	no_hit
ASV_821	unassigned	unassigned	unassigned	unassigned	unassigned	unassigned	unassigned	unassigned
ASV_822	Eukaryota	no_hit	unknown	Bolidophyceae	Parmales	Triparmaceae	Bolidomonas	no_hit
ASV_823	Eukaryota	no_hit	unknown	unknown	unknown	unknown	unknown	uncultured marine picoeukaryote
ASV_824	Eukaryota	no_hit	unknown	unknown	unknown	unknown	unknown	uncultured marine eukaryote
ASV_825	Eukaryota	no_hit	unknown	Dinophyceae	Syndiniales	Amoebophryaceae	Amoebophrya	no_hit
ASV_826	Eukaryota	no_hit	unknown	Dinophyceae	Syndiniales	no_hit	no_hit	no_hit
ASV_827	Eukaryota	no_hit	no_hit	no_hit	no_hit	no_hit	no_hit	no_hit
ASV_828	Eukaryota	no_hit	unknown	Dinophyceae	Syndiniales	Amoebophryaceae	Amoebophrya	no_hit
ASV_829	Eukaryota	no_hit	unknown	unknown	unknown	unknown	unknown	Uncultured marine alveolate Group II DH147-EKD6
ASV_830	Eukaryota	no_hit	unknown	Dinophyceae	Syndiniales	no_hit	no_hit	no_hit
ASV_831	Eukaryota	no_hit	unknown	Dinophyceae	Syndiniales	Amoebophryaceae	Amoebophrya	no_hit
ASV_832	Eukaryota	no_hit	unknown	Dinophyceae	Syndiniales	Amoebophryaceae	Amoebophrya	no_hit
ASV_833	Eukaryota	no_hit	unknown	unknown	unknown	unknown	unknown	Stramenopiles sp. MAST-7B-sp1
ASV_834	Eukaryota	no_hit	unknown	Dinophyceae	no_hit	no_hit	no_hit	no_hit
ASV_835	Eukaryota	no_hit	Apicomplexa	Conoidasida	Eucoccidiorida	Dactylosomatidae	no_hit	no_hit
ASV_836	Eukaryota	no_hit	unknown	Dinophyceae	Syndiniales	Amoebophryaceae	Amoebophrya	no_hit
ASV_837	Eukaryota	no_hit	unknown	unknown	unknown	unknown	unknown	eukaryote clone OLI11005
ASV_838	Eukaryota	no_hit	unknown	Dinophyceae	Peridiniales	no_hit	no_hit	no_hit
ASV_839	Eukaryota	no_hit	Cercozoa	Thecofilosea	Cryomonadida	Protaspidae	Cryothecomonas	Cryothecomonas aestivalis
ASV_840	Eukaryota	no_hit	Euglenozoa	unknown	Diplonemea	unknown	unknown	Diplonemida sp. 1sb RG-2016
ASV_841	Eukaryota	no_hit	unknown	unknown	unknown	unknown	unknown	Uncultured marine alveolate Group II DH147-EKD6
ASV_842	Eukaryota	no_hit	unknown	Dinophyceae	Syndiniales	Amoebophryaceae	Amoebophrya	no_hit
ASV_843	Eukaryota	no_hit	Bacillariophyta	Bacillariophyceae	Naviculales	Plagiotropidaceae	Plagiolemma	Plagiolemma distortum
ASV_844	Eukaryota	no_hit	unknown	unknown	unknown	unknown	unknown	uncultured marine picoeukaryote
ASV_845	Eukaryota	no_hit	Bacillariophyta	Coscinodiscophyceae	no_hit	no_hit	no_hit	no_hit
ASV_846	Eukaryota	no_hit	Euglenozoa	unknown	Diplonemea	Diplonemidae	Lacrimia	Lacrimia lanifica
ASV_847	Eukaryota	no_hit	no_hit	no_hit	no_hit	no_hit	no_hit	no_hit
ASV_848	no_hit	no_hit	no_hit	no_hit	no_hit	no_hit	no_hit	no_hit
ASV_849	Eukaryota	no_hit	unknown	Dinophyceae	Syndiniales	Amoebophryaceae	Amoebophrya	no_hit
ASV_850	Eukaryota	no_hit	Apicomplexa	Conoidasida	Eucoccidiorida	Eimeriidae	no_hit	no_hit
ASV_851	Eukaryota	no_hit	unknown	Dinophyceae	Syndiniales	Amoebophryaceae	Amoebophrya	no_hit
ASV_852	Eukaryota	no_hit	unknown	Dinophyceae	Noctilucales	Noctilucaceae	Noctiluca	no_hit
ASV_853	Eukaryota	no_hit	Euglenozoa	unknown	Diplonemea	unknown	unknown	Diplonemida sp. 1sb RG-2016
ASV_854	Eukaryota	no_hit	unknown	Dinophyceae	Syndiniales	Amoebophryaceae	Amoebophrya	no_hit
ASV_855	Eukaryota	no_hit	Euglenozoa	unknown	Diplonemea	unknown	unknown	Diplonemida sp. 21sb RG-2016
ASV_856	Eukaryota	Viridiplantae	Chlorophyta	no_hit	no_hit	no_hit	no_hit	no_hit
ASV_857	Eukaryota	no_hit	unknown	Dinophyceae	Syndiniales	Amoebophryaceae	Amoebophrya	no_hit
ASV_858	Eukaryota	Metazoa	Chordata	Appendicularia	Copelata	Oikopleuridae	Mesoikopleura	Mesoikopleura haranti
ASV_859	Eukaryota	no_hit	unknown	Dinophyceae	Prorocentrales	Prorocentraceae	Prorocentrum	no_hit
ASV_860	Eukaryota	no_hit	unknown	Dinophyceae	Peridiniales	Protoperidiniaceae	Protoperidinium	no_hit
ASV_861	Eukaryota	no_hit	no_hit	no_hit	no_hit	no_hit	no_hit	no_hit
ASV_862	Eukaryota	no_hit	unknown	Dinophyceae	Syndiniales	Amoebophryaceae	Amoebophrya	no_hit
ASV_863	Eukaryota	no_hit	unknown	Polycystinea	no_hit	no_hit	no_hit	no_hit
ASV_864	Eukaryota	no_hit	Bacillariophyta	Coscinodiscophyceae	Coscinodiscales	Coscinodiscaceae	Coscinodiscus	Coscinodiscus radiatus
ASV_865	Eukaryota	no_hit	unknown	unknown	Telonemida	unknown	Telonema	no_hit
ASV_866	Eukaryota	no_hit	unknown	unknown	unknown	unknown	unknown	uncultured marine picoeukaryote
ASV_867	Eukaryota	no_hit	Euglenozoa	unknown	Diplonemea	unknown	unknown	Diplonemida sp. 3 RG-2016
ASV_868	Eukaryota	no_hit	Cercozoa	unknown	Cercomonadida	Cercomonadidae	Neocercomonas	no_hit
ASV_869	Eukaryota	no_hit	unknown	Dinophyceae	Syndiniales	Amoebophryaceae	Amoebophrya	no_hit
ASV_870	Eukaryota	no_hit	unknown	Dinophyceae	Syndiniales	no_hit	no_hit	no_hit
ASV_871	Eukaryota	no_hit	Ciliophora	Spirotrichea	Choreotrichida	Lynnellidae	Lynnella	Lynnella semiglobulosa
ASV_872	Eukaryota	no_hit	unknown	Dinophyceae	Syndiniales	Amoebophryaceae	Amoebophrya	no_hit
ASV_873	no_hit	no_hit	no_hit	no_hit	no_hit	no_hit	no_hit	no_hit
ASV_874	Eukaryota	no_hit	no_hit	no_hit	no_hit	no_hit	no_hit	no_hit
ASV_875	Eukaryota	no_hit	unknown	unknown	Telonemida	unknown	Telonema	no_hit
ASV_876	Eukaryota	no_hit	unknown	Dinophyceae	Syndiniales	no_hit	no_hit	no_hit
ASV_877	Eukaryota	no_hit	unknown	Dinophyceae	Syndiniales	no_hit	no_hit	no_hit
ASV_878	Eukaryota	no_hit	unknown	Dinophyceae	Syndiniales	Amoebophryaceae	Amoebophrya	no_hit
ASV_879	Eukaryota	no_hit	unknown	Dinophyceae	no_hit	no_hit	no_hit	no_hit
ASV_880	Eukaryota	no_hit	unknown	unknown	unknown	unknown	unknown	uncultured marine picoeukaryote
ASV_881	Eukaryota	no_hit	Cercozoa	Thecofilosea	Cryomonadida	Protaspidae	Cryothecomonas	Cryothecomonas sp. APCC MC5-1Cryo
ASV_882	Eukaryota	no_hit	unknown	Dinophyceae	Syndiniales	Amoebophryaceae	Amoebophrya	no_hit
ASV_883	Eukaryota	no_hit	unknown	unknown	unknown	unknown	unknown	Uncultured marine alveolate Group II DH145-EKD20
ASV_884	Eukaryota	no_hit	unknown	Dinophyceae	Peridiniales	Protoperidiniaceae	Protoperidinium	Protoperidinium divergens
ASV_885	no_hit	no_hit	no_hit	no_hit	no_hit	no_hit	no_hit	no_hit
ASV_886	Eukaryota	no_hit	unknown	Cryptophyceae	Cyathomonadacea	Goniomonadaceae	Goniomonas	no_hit
ASV_887	Eukaryota	no_hit	Euglenozoa	unknown	Diplonemea	unknown	unknown	Diplonemida sp. 37 RG-2016
ASV_888	Eukaryota	Viridiplantae	Chlorophyta	no_hit	no_hit	no_hit	no_hit	no_hit
ASV_889	Eukaryota	no_hit	unknown	Dinophyceae	Syndiniales	Amoebophryaceae	Amoebophrya	no_hit
ASV_890	Eukaryota	no_hit	unknown	Dinophyceae	Peridiniales	Protoperidiniaceae	Protoperidinium	Protoperidinium crassipes
ASV_891	Eukaryota	Metazoa	Arthropoda	Hexanauplia	Calanoida	Clausocalanidae	Pseudocalanus	Pseudocalanus newmani
ASV_892	Eukaryota	no_hit	Euglenozoa	unknown	Diplonemea	unknown	unknown	Diplonemida sp. 1sb RG-2016
ASV_893	Eukaryota	no_hit	unknown	Dinophyceae	Syndiniales	no_hit	no_hit	no_hit
ASV_894	Eukaryota	no_hit	unknown	Dinophyceae	Syndiniales	Amoebophryaceae	Amoebophrya	no_hit
ASV_895	Eukaryota	no_hit	unknown	Dinophyceae	Syndiniales	Amoebophryaceae	Amoebophrya	no_hit
ASV_896	Eukaryota	no_hit	unknown	Dinophyceae	Syndiniales	no_hit	no_hit	no_hit
ASV_897	Eukaryota	no_hit	Cercozoa	Thecofilosea	Ventricleftida	Ventrifissuridae	Ventrifissura	Ventrifissura sp. SRT122
ASV_898	Eukaryota	no_hit	unknown	Dinophyceae	no_hit	no_hit	no_hit	no_hit
ASV_899	Eukaryota	Metazoa	Cnidaria	Hydrozoa	Siphonophorae	Pyrostephidae	Bargmannia	Bargmannia amoena
ASV_900	Eukaryota	no_hit	unknown	unknown	unknown	unknown	unknown	eukaryote clone OLI11012
ASV_901	Eukaryota	no_hit	no_hit	no_hit	no_hit	no_hit	no_hit	no_hit
ASV_902	Eukaryota	no_hit	unknown	unknown	unknown	unknown	unknown	uncultured marine picoeukaryote
ASV_903	Eukaryota	no_hit	unknown	unknown	unknown	unknown	unknown	Uncultured marine alveolate Group II DH145-EKD20
ASV_904	no_hit	no_hit	no_hit	no_hit	no_hit	no_hit	no_hit	no_hit
ASV_905	Eukaryota	no_hit	unknown	Dinophyceae	Syndiniales	Amoebophryaceae	Amoebophrya	no_hit
ASV_906	Eukaryota	no_hit	Cercozoa	Chlorarachniophyceae	unknown	unknown	Minorisa	Minorisa sp. SRT710
ASV_907	Eukaryota	no_hit	unknown	unknown	unknown	unknown	unknown	uncultured marine eukaryote
ASV_908	no_hit	no_hit	no_hit	no_hit	no_hit	no_hit	no_hit	no_hit
ASV_909	Eukaryota	Metazoa	Annelida	Polychaeta	Terebellida	Cirratulidae	no_hit	no_hit
ASV_910	Eukaryota	no_hit	unknown	Dinophyceae	Syndiniales	Amoebophryaceae	Amoebophrya	no_hit
ASV_911	Eukaryota	Metazoa	Cnidaria	Hydrozoa	Trachymedusae	Rhopalonematidae	Aglantha	Aglantha digitale
ASV_912	Eukaryota	no_hit	unknown	unknown	unknown	unknown	unknown	uncultured marine picoeukaryote
ASV_913	Eukaryota	no_hit	unknown	Bigyra	Nanomonadea	unknown	Incisomonas	Incisomonas marina
ASV_914	no_hit	no_hit	no_hit	no_hit	no_hit	no_hit	no_hit	no_hit
ASV_915	Eukaryota	no_hit	unknown	Dinophyceae	no_hit	no_hit	no_hit	no_hit
ASV_916	Eukaryota	no_hit	Discosea	Flabellinia	Dactylopodida	Paramoebidae	no_hit	no_hit
ASV_917	Eukaryota	no_hit	unknown	Dinophyceae	Syndiniales	Amoebophryaceae	Amoebophrya	no_hit
ASV_918	Eukaryota	no_hit	unknown	unknown	unknown	unknown	unknown	Uncultured marine alveolate Group II DH148-EKD27
ASV_919	Eukaryota	no_hit	unknown	Dinophyceae	Gymnodiniales	Gymnodiniaceae	Akashiwo	Akashiwo sanguinea
ASV_920	Eukaryota	no_hit	unknown	Dinophyceae	Syndiniales	Amoebophryaceae	Amoebophrya	no_hit
ASV_921	Eukaryota	no_hit	Euglenozoa	unknown	Diplonemea	unknown	unknown	Diplonemida sp. 37 RG-2016
ASV_922	Eukaryota	no_hit	unknown	Dinophyceae	no_hit	no_hit	no_hit	no_hit
ASV_923	Eukaryota	no_hit	Apicomplexa	Conoidasida	Eucoccidiorida	Cryptosporidiidae	Cryptosporidium	Cryptosporidium andersoni
ASV_924	Eukaryota	no_hit	unknown	Dinophyceae	Syndiniales	Syndiniaceae	Hematodinium	no_hit
ASV_925	Eukaryota	no_hit	unknown	Dinophyceae	no_hit	no_hit	no_hit	no_hit
ASV_926	Eukaryota	no_hit	unknown	unknown	unknown	unknown	unknown	uncultured marine picoeukaryote
ASV_927	Eukaryota	no_hit	Imbricatea	unknown	Thaumatomonadida	Thaumatomastigidae	Protaspis	no_hit
ASV_928	Eukaryota	no_hit	unknown	unknown	unknown	unknown	unknown	Uncultured marine alveolate Group I DH145-EKD10
ASV_929	Eukaryota	no_hit	Cercozoa	unknown	unknown	Massisteriidae	Massisteria	no_hit
ASV_930	Eukaryota	no_hit	unknown	Dinophyceae	Syndiniales	Amoebophryaceae	Amoebophrya	no_hit
ASV_931	no_hit	no_hit	no_hit	no_hit	no_hit	no_hit	no_hit	no_hit
ASV_932	Eukaryota	no_hit	unknown	Dinophyceae	Syndiniales	Amoebophryaceae	Amoebophrya	no_hit
ASV_933	Eukaryota	no_hit	unknown	Dinophyceae	Syndiniales	no_hit	no_hit	no_hit
ASV_934	unassigned	unassigned	unassigned	unassigned	unassigned	unassigned	unassigned	unassigned
ASV_935	Eukaryota	no_hit	unknown	Dinophyceae	Syndiniales	Duboscquellidae	Duboscquella	no_hit
ASV_936	Eukaryota	no_hit	unknown	Bolidophyceae	Parmales	Triparmaceae	Triparma	Triparma pacifica
ASV_937	Eukaryota	no_hit	Euglenozoa	unknown	Diplonemea	unknown	unknown	Diplonemida sp. 13 RG-2016
ASV_938	Eukaryota	no_hit	Cercozoa	Thecofilosea	Phaeogromida	Medusettidae	Gazelletta	Gazelletta kashiwaensis
ASV_939	Eukaryota	no_hit	Bacillariophyta	Coscinodiscophyceae	Chaetocerotales	Chaetocerotaceae	Chaetoceros	no_hit
ASV_940	Eukaryota	no_hit	no_hit	no_hit	no_hit	no_hit	no_hit	no_hit
ASV_941	Eukaryota	no_hit	unknown	Dinophyceae	no_hit	no_hit	no_hit	no_hit
ASV_942	Eukaryota	no_hit	unknown	unknown	unknown	unknown	unknown	uncultured marine eukaryote
ASV_943	no_hit	no_hit	no_hit	no_hit	no_hit	no_hit	no_hit	no_hit
ASV_944	Eukaryota	no_hit	Euglenozoa	unknown	Diplonemea	unknown	unknown	Diplonemida sp. 37 RG-2016
ASV_945	Eukaryota	no_hit	Ciliophora	Spirotrichea	Tintinnida	Tintinnidae	Salpingella	no_hit
ASV_946	Eukaryota	no_hit	unknown	Dinophyceae	Dinophysiales	Dinophysiaceae	Dinophysis	Dinophysis acuminata
ASV_947	Eukaryota	no_hit	unknown	unknown	unknown	unknown	unknown	uncultured marine eukaryote
ASV_948	Eukaryota	Metazoa	Cnidaria	Hydrozoa	Siphonophorae	no_hit	no_hit	no_hit
ASV_949	Eukaryota	no_hit	unknown	Dinophyceae	Syndiniales	Amoebophryaceae	Amoebophrya	no_hit
ASV_950	no_hit	no_hit	no_hit	no_hit	no_hit	no_hit	no_hit	no_hit
ASV_951	Eukaryota	no_hit	unknown	Dinophyceae	no_hit	no_hit	no_hit	no_hit
ASV_952	Eukaryota	no_hit	unknown	unknown	unknown	unknown	unknown	Stramenopiles sp. MAST-1C-sp1
ASV_953	Eukaryota	no_hit	unknown	Dinophyceae	Syndiniales	no_hit	no_hit	no_hit
ASV_954	Eukaryota	no_hit	unknown	unknown	unknown	unknown	unknown	uncultured marine eukaryote
ASV_955	Eukaryota	no_hit	Bacillariophyta	Coscinodiscophyceae	Rhizosoleniales	Rhizosoleniaceae	Guinardia	Guinardia striata
ASV_956	Eukaryota	no_hit	unknown	Dinophyceae	Gonyaulacales	Gonyaulacaceae	Gonyaulax	Gonyaulax polygramma
ASV_957	Eukaryota	no_hit	Imbricatea	unknown	Marimonadida	unknown	Pseudopirsonia	Pseudopirsonia mucosa
ASV_958	Eukaryota	no_hit	unknown	Dinophyceae	Syndiniales	Syndiniaceae	Hematodinium	no_hit
ASV_959	no_hit	no_hit	no_hit	no_hit	no_hit	no_hit	no_hit	no_hit
ASV_960	Eukaryota	no_hit	unknown	Dinophyceae	Syndiniales	Amoebophryaceae	Amoebophrya	no_hit
ASV_961	Eukaryota	no_hit	unknown	Dinophyceae	Peridiniales	Protoperidiniaceae	Protoperidinium	Protoperidinium depressum
ASV_962	Eukaryota	no_hit	unknown	Dinophyceae	Syndiniales	no_hit	no_hit	no_hit
ASV_963	no_hit	no_hit	no_hit	no_hit	no_hit	no_hit	no_hit	no_hit
ASV_964	no_hit	no_hit	no_hit	no_hit	no_hit	no_hit	no_hit	no_hit
ASV_965	Eukaryota	no_hit	unknown	Dinophyceae	unknown	unknown	unknown	Dinophyceae sp. UDMS0803
ASV_966	Eukaryota	no_hit	unknown	Dinophyceae	Syndiniales	Syndiniaceae	Hematodinium	Hematodinium sp. ex Crangon crangon
ASV_967	Eukaryota	Metazoa	Arthropoda	Hexanauplia	Poecilostomatoida	Oncaeidae	no_hit	no_hit
ASV_968	Eukaryota	no_hit	unknown	unknown	unknown	unknown	unknown	Uncultured marine alveolate Group I DH148-EKD22
ASV_969	Eukaryota	no_hit	Ciliophora	unknown	unknown	unknown	Cryptocaryon	no_hit
ASV_970	Eukaryota	no_hit	Ciliophora	Spirotrichea	Tintinnida	Codonellidae	Tintinnopsis	no_hit
ASV_971	Eukaryota	no_hit	no_hit	no_hit	no_hit	no_hit	no_hit	no_hit
ASV_972	Eukaryota	no_hit	unknown	Dinophyceae	no_hit	no_hit	no_hit	no_hit
ASV_973	Eukaryota	no_hit	no_hit	no_hit	no_hit	no_hit	no_hit	no_hit
ASV_974	Eukaryota	no_hit	unknown	Dinophyceae	no_hit	no_hit	no_hit	no_hit
ASV_975	Eukaryota	no_hit	unknown	Dinophyceae	Peridiniales	Pfiesteriaceae	Pfiesteria	no_hit
ASV_976	Eukaryota	no_hit	Ciliophora	Spirotrichea	Choreotrichida	Strombidinopsidae	Strombidinopsis	no_hit
ASV_977	Eukaryota	no_hit	unknown	Dinophyceae	no_hit	no_hit	no_hit	no_hit
ASV_978	Eukaryota	no_hit	no_hit	no_hit	no_hit	no_hit	no_hit	no_hit
ASV_979	Eukaryota	no_hit	unknown	Dinophyceae	Syndiniales	Amoebophryaceae	Amoebophrya	no_hit
ASV_980	Eukaryota	no_hit	unknown	Dinophyceae	Syndiniales	Amoebophryaceae	Amoebophrya	no_hit
ASV_981	Eukaryota	no_hit	unknown	Polycystinea	no_hit	no_hit	no_hit	no_hit
ASV_982	Eukaryota	no_hit	Ciliophora	Spirotrichea	Tintinnida	no_hit	no_hit	no_hit
ASV_983	Eukaryota	no_hit	unknown	Dinophyceae	no_hit	no_hit	no_hit	no_hit
ASV_984	Eukaryota	no_hit	Ciliophora	Oligohymenophorea	Philasterida	Loxocephalidae	Kariphilus	Kariphilus muscorum
ASV_985	Eukaryota	no_hit	Euglenozoa	unknown	Diplonemea	unknown	unknown	Diplonemida sp. 37 RG-2016
ASV_986	Eukaryota	no_hit	no_hit	no_hit	no_hit	no_hit	no_hit	no_hit
ASV_987	Eukaryota	no_hit	unknown	Dinophyceae	no_hit	no_hit	no_hit	no_hit
ASV_988	Eukaryota	no_hit	unknown	Dinophyceae	Peridiniales	Pfiesteriaceae	no_hit	no_hit
ASV_989	Eukaryota	no_hit	unknown	unknown	unknown	unknown	unknown	uncultured marine eukaryote
ASV_990	Eukaryota	no_hit	Cercozoa	Thecofilosea	unknown	unknown	Mataza	Mataza hastifera
ASV_991	Eukaryota	no_hit	Euglenozoa	unknown	Diplonemea	unknown	unknown	Diplonemida sp. 1sb RG-2016
ASV_992	Eukaryota	no_hit	unknown	Dinophyceae	no_hit	no_hit	no_hit	no_hit
ASV_993	Eukaryota	no_hit	Bacillariophyta	Bacillariophyceae	Bacillariales	Bacillariaceae	Pseudo-nitzschia	Pseudo-nitzschia delicatissima
ASV_994	Eukaryota	no_hit	unknown	Dinophyceae	Syndiniales	no_hit	no_hit	no_hit
ASV_995	Eukaryota	no_hit	no_hit	no_hit	no_hit	no_hit	no_hit	no_hit
ASV_996	Eukaryota	no_hit	unknown	unknown	unknown	unknown	unknown	uncultured marine picoeukaryote
ASV_997	Eukaryota	no_hit	unknown	unknown	unknown	unknown	unknown	uncultured marine picoeukaryote
ASV_998	Eukaryota	no_hit	unknown	Dinophyceae	no_hit	no_hit	no_hit	no_hit
ASV_999	Eukaryota	Metazoa	no_hit	no_hit	no_hit	no_hit	no_hit	no_hit
ASV_1000	Eukaryota	no_hit	Euglenozoa	unknown	Diplonemea	unknown	unknown	Diplonemida sp. 37 RG-2016
ASV_1001	Eukaryota	no_hit	unknown	unknown	unknown	unknown	unknown	uncultured marine eukaryote
ASV_1002	Eukaryota	no_hit	Haptophyta	unknown	Phaeocystales	Phaeocystaceae	Phaeocystis	Phaeocystis cordata
ASV_1003	Eukaryota	no_hit	Ciliophora	Spirotrichea	Choreotrichida	Strombidinopsidae	Strombidinopsis	Strombidinopsis sp. NSMS0601
ASV_1004	Eukaryota	no_hit	no_hit	no_hit	no_hit	no_hit	no_hit	no_hit
ASV_1005	Eukaryota	no_hit	unknown	unknown	unknown	unknown	unknown	Uncultured marine alveolate Group I DH145-EKD10
ASV_1006	Eukaryota	no_hit	unknown	unknown	unknown	unknown	unknown	uncultured marine eukaryote
ASV_1007	Eukaryota	no_hit	Ciliophora	Spirotrichea	unknown	Strombidiidae	Spirostrombidium	Spirostrombidium agathae
ASV_1008	Eukaryota	no_hit	unknown	Dinophyceae	Syndiniales	Amoebophryaceae	Amoebophrya	no_hit
ASV_1009	Eukaryota	no_hit	unknown	Dinophyceae	Syndiniales	no_hit	no_hit	no_hit
ASV_1010	Eukaryota	no_hit	Euglenozoa	unknown	Diplonemea	unknown	unknown	Diplonemida sp. 37 RG-2016
ASV_1011	Eukaryota	Metazoa	Cnidaria	Hydrozoa	Narcomedusae	Aeginidae	Aegina	Aegina citrea
ASV_1012	Eukaryota	Metazoa	Arthropoda	Hexanauplia	Harpacticoida	Ameiridae	Ameira	Ameira scotti
ASV_1013	Eukaryota	no_hit	unknown	Dinophyceae	Syndiniales	no_hit	no_hit	no_hit
ASV_1014	Eukaryota	no_hit	unknown	Dinophyceae	Syndiniales	no_hit	no_hit	no_hit
ASV_1015	Eukaryota	no_hit	unknown	Dinophyceae	Syndiniales	Amoebophryaceae	Amoebophrya	no_hit
ASV_1016	Eukaryota	no_hit	unknown	Dinophyceae	Gymnodiniales	Gymnodiniaceae	Polykrikos	Polykrikos sp. EP-2016a
ASV_1017	no_hit	no_hit	no_hit	no_hit	no_hit	no_hit	no_hit	no_hit
ASV_1018	Eukaryota	no_hit	Euglenozoa	unknown	Diplonemea	unknown	unknown	Diplonemida sp. 1sb RG-2016
ASV_1019	Eukaryota	no_hit	unknown	Dinophyceae	Blastodiniales	unknown	Blastodinium	no_hit
ASV_1020	Eukaryota	no_hit	unknown	Dinophyceae	Peridiniales	Protoperidiniaceae	Protoperidinium	Protoperidinium conicum
ASV_1021	Eukaryota	no_hit	unknown	unknown	unknown	unknown	unknown	uncultured marine eukaryote
ASV_1022	Eukaryota	no_hit	unknown	Polycystinea	no_hit	no_hit	no_hit	no_hit
ASV_1023	Eukaryota	no_hit	Imbricatea	unknown	Thaumatomonadida	Thaumatomastigidae	Protaspis	Protaspis sp. CC-2009a
ASV_1024	Eukaryota	no_hit	unknown	Dinophyceae	Gymnodiniales	Kareniaceae	Takayama	Takayama cf. pulchellum
ASV_1025	no_hit	no_hit	no_hit	no_hit	no_hit	no_hit	no_hit	no_hit
ASV_1026	Eukaryota	no_hit	Euglenozoa	unknown	Diplonemea	unknown	unknown	Diplonemida sp. 1sb RG-2016
ASV_1027	Eukaryota	no_hit	unknown	Dinophyceae	Syndiniales	Amoebophryaceae	Amoebophrya	no_hit
ASV_1028	Eukaryota	no_hit	no_hit	no_hit	no_hit	no_hit	no_hit	no_hit
ASV_1029	Eukaryota	no_hit	unknown	Cryptophyceae	no_hit	no_hit	no_hit	no_hit
ASV_1030	Eukaryota	no_hit	unknown	Dinophyceae	Syndiniales	no_hit	no_hit	no_hit
ASV_1031	Eukaryota	Metazoa	Ctenophora	Nuda	Beroida	Beroidae	Beroe	Beroe abyssicola
ASV_1032	Eukaryota	no_hit	unknown	unknown	unknown	unknown	unknown	uncultured marine picoeukaryote
ASV_1033	Eukaryota	no_hit	unknown	Dinophyceae	Gymnodiniales	Amphilothaceae	Achradina	Achradina pulchra
ASV_1034	unassigned	unassigned	unassigned	unassigned	unassigned	unassigned	unassigned	unassigned
ASV_1035	Eukaryota	no_hit	unknown	unknown	unknown	unknown	unknown	uncultured marine picoeukaryote
ASV_1036	Eukaryota	no_hit	unknown	unknown	unknown	unknown	unknown	uncultured marine picoeukaryote
ASV_1037	Eukaryota	no_hit	unknown	Dinophyceae	Syndiniales	Ellobiopsidae	Ellobiopsis	Ellobiopsis chattonii
ASV_1038	Eukaryota	no_hit	unknown	unknown	unknown	unknown	unknown	Uncultured marine alveolate Group I DH147-EKD18
ASV_1039	Eukaryota	no_hit	unknown	Dinophyceae	Syndiniales	no_hit	no_hit	no_hit
ASV_1040	no_hit	no_hit	no_hit	no_hit	no_hit	no_hit	no_hit	no_hit
ASV_1041	Eukaryota	no_hit	unknown	Bigyra	unknown	Pseudophyllomitidae	Pseudophyllomitus	Pseudophyllomitus vesiculosus
ASV_1042	Eukaryota	no_hit	unknown	Dinophyceae	no_hit	no_hit	no_hit	no_hit
ASV_1043	Eukaryota	no_hit	Bacillariophyta	Coscinodiscophyceae	Thalassiosirales	Thalassiosiraceae	Thalassiosira	no_hit
ASV_1044	Eukaryota	no_hit	unknown	Dinophyceae	Blastodiniales	unknown	Blastodinium	no_hit
ASV_1045	Eukaryota	no_hit	Ciliophora	Prostomatea	Prorodontida	Urotrichidae	Urotricha	no_hit
ASV_1046	Eukaryota	no_hit	Cercozoa	Thecofilosea	Cryomonadida	Protaspidae	Cryothecomonas	no_hit
ASV_1047	Eukaryota	no_hit	Ciliophora	Spirotrichea	unknown	Strombidiidae	Strombidium	Strombidium sp. JG-2011a
ASV_1048	Eukaryota	no_hit	unknown	Bigyra	Bicosoecida	Cafeteriaceae	Pseudobodo	no_hit
ASV_1049	Eukaryota	no_hit	unknown	unknown	unknown	unknown	unknown	Uncultured marine alveolate Group I DH145-EKD10
ASV_1050	Eukaryota	no_hit	unknown	Dinophyceae	Syndiniales	Amoebophryaceae	Amoebophrya	no_hit
ASV_1051	no_hit	no_hit	no_hit	no_hit	no_hit	no_hit	no_hit	no_hit
ASV_1052	Eukaryota	Metazoa	Annelida	Polychaeta	unknown	Paraonidae	Aricidea	no_hit
ASV_1053	Eukaryota	no_hit	unknown	Dinophyceae	Syndiniales	no_hit	no_hit	no_hit
ASV_1054	Eukaryota	no_hit	unknown	Dinophyceae	Syndiniales	Amoebophryaceae	Amoebophrya	no_hit
ASV_1055	Eukaryota	Viridiplantae	Streptophyta	Magnoliopsida	Myrtales	Myrtaceae	no_hit	no_hit
ASV_1056	Eukaryota	no_hit	Euglenozoa	unknown	Diplonemea	unknown	unknown	Diplonemida sp. 27 RG-2016
ASV_1057	Eukaryota	no_hit	unknown	Bolidophyceae	Parmales	Triparmaceae	Bolidomonas	Bolidomonas mediterranea
ASV_1058	Eukaryota	Viridiplantae	Chlorophyta	no_hit	no_hit	no_hit	no_hit	no_hit
ASV_1059	Eukaryota	no_hit	unknown	Dictyochophyceae	Pedinellales	unknown	Pedinella	Pedinella sp. squamata
ASV_1060	Eukaryota	no_hit	unknown	Dinophyceae	Syndiniales	Amoebophryaceae	Amoebophrya	no_hit
ASV_1061	Eukaryota	Metazoa	Arthropoda	Hexanauplia	Poecilostomatoida	Oncaeidae	Oncaea	no_hit
ASV_1062	Eukaryota	no_hit	unknown	Dinophyceae	Syndiniales	Amoebophryaceae	Amoebophrya	no_hit
ASV_1063	Eukaryota	no_hit	unknown	unknown	unknown	unknown	unknown	uncultured marine picoeukaryote
ASV_1064	Eukaryota	no_hit	unknown	Dinophyceae	Syndiniales	Ellobiopsidae	Thalassomyces	Thalassomyces sp. JDS-2003
ASV_1065	Eukaryota	no_hit	Euglenozoa	unknown	Diplonemea	unknown	unknown	Diplonemida sp. 37 RG-2016
ASV_1066	Eukaryota	no_hit	no_hit	no_hit	no_hit	no_hit	no_hit	no_hit
ASV_1067	Eukaryota	Metazoa	Arthropoda	Hexanauplia	Calanoida	Paracalanidae	Paracalanus	no_hit
ASV_1068	Eukaryota	no_hit	unknown	Dinophyceae	Syndiniales	Amoebophryaceae	Amoebophrya	no_hit
ASV_1069	Eukaryota	no_hit	unknown	Dinophyceae	Peridiniales	Peridiniaceae	Pentapharsodinium	Pentapharsodinium tyrrhenicum
ASV_1070	Eukaryota	no_hit	no_hit	no_hit	no_hit	no_hit	no_hit	no_hit
ASV_1071	no_hit	no_hit	no_hit	no_hit	no_hit	no_hit	no_hit	no_hit
ASV_1072	Eukaryota	no_hit	Euglenozoa	unknown	Diplonemea	no_hit	no_hit	no_hit
ASV_1073	Eukaryota	no_hit	no_hit	no_hit	no_hit	no_hit	no_hit	no_hit
ASV_1074	no_hit	no_hit	no_hit	no_hit	no_hit	no_hit	no_hit	no_hit
ASV_1075	Eukaryota	no_hit	no_hit	no_hit	no_hit	no_hit	no_hit	no_hit
ASV_1076	Eukaryota	no_hit	unknown	Dinophyceae	Peridiniales	Protoperidiniaceae	Protoperidinium	Protoperidinium monovelum
ASV_1077	Eukaryota	no_hit	unknown	Dinophyceae	Dinophysiales	Dinophysiaceae	Dinophysis	Dinophysis acuminata
ASV_1078	Eukaryota	no_hit	unknown	unknown	Telonemida	unknown	Telonema	no_hit
ASV_1079	no_hit	no_hit	no_hit	no_hit	no_hit	no_hit	no_hit	no_hit
ASV_1080	Eukaryota	no_hit	Euglenozoa	unknown	Diplonemea	Hemistasiidae	Hemistasia	Hemistasia phaeocysticola
ASV_1081	Eukaryota	no_hit	unknown	unknown	unknown	unknown	unknown	uncultured marine picoeukaryote
ASV_1082	Eukaryota	no_hit	unknown	Dinophyceae	Syndiniales	Amoebophryaceae	Amoebophrya	no_hit
ASV_1083	Eukaryota	no_hit	Cercozoa	Thecofilosea	Cryomonadida	Protaspidae	Cryothecomonas	Cryothecomonas longipes
ASV_1084	Eukaryota	no_hit	unknown	unknown	unknown	unknown	unknown	uncultured marine eukaryote
ASV_1085	Eukaryota	no_hit	unknown	Dinophyceae	Syndiniales	Amoebophryaceae	Amoebophrya	no_hit
ASV_1086	Eukaryota	no_hit	unknown	unknown	Pirsoniales	unknown	Pirsonia	Pirsonia formosa
ASV_1087	Eukaryota	no_hit	unknown	Dinophyceae	no_hit	no_hit	no_hit	no_hit
ASV_1088	Eukaryota	no_hit	Bacillariophyta	Coscinodiscophyceae	Leptocylindrales	Leptocylindraceae	Leptocylindrus	Leptocylindrus hargravesii
ASV_1089	Eukaryota	no_hit	unknown	Dinophyceae	Syndiniales	Amoebophryaceae	Amoebophrya	no_hit
ASV_1090	Eukaryota	no_hit	unknown	Dinophyceae	no_hit	no_hit	no_hit	no_hit
ASV_1091	no_hit	no_hit	no_hit	no_hit	no_hit	no_hit	no_hit	no_hit
ASV_1092	Eukaryota	no_hit	unknown	Dinophyceae	Gymnodiniales	no_hit	no_hit	no_hit
ASV_1093	Eukaryota	no_hit	unknown	Dinophyceae	Syndiniales	no_hit	no_hit	no_hit
ASV_1094	Eukaryota	no_hit	unknown	Dinophyceae	Syndiniales	Duboscquellidae	Duboscquella	no_hit
ASV_1095	Eukaryota	no_hit	unknown	Dinophyceae	Gymnodiniales	Gymnodiniaceae	Cochlodinium	no_hit
ASV_1096	Eukaryota	no_hit	unknown	Dinophyceae	Syndiniales	Amoebophryaceae	Amoebophrya	no_hit
ASV_1097	Eukaryota	Metazoa	Arthropoda	Hexanauplia	Calanoida	Clausocalanidae	Clausocalanus	no_hit
ASV_1098	Eukaryota	Metazoa	Platyhelminthes	Trematoda	Strigeidida	Aporocotylidae	Aporocotyle	Aporocotyle spinosicanalis
ASV_1099	Eukaryota	no_hit	no_hit	no_hit	no_hit	no_hit	no_hit	no_hit
ASV_1100	Eukaryota	no_hit	unknown	Dinophyceae	Gymnodiniales	Gymnodiniaceae	Gymnodinium	Gymnodinium fuscum
ASV_1101	Eukaryota	Metazoa	Annelida	Polychaeta	Phyllodocida	Nephtyidae	no_hit	no_hit
ASV_1102	Eukaryota	no_hit	Bacillariophyta	Coscinodiscophyceae	Thalassiosirales	Thalassiosiraceae	Thalassiosira	no_hit
ASV_1103	Eukaryota	no_hit	no_hit	no_hit	no_hit	no_hit	no_hit	no_hit
ASV_1104	Eukaryota	no_hit	unknown	unknown	unknown	unknown	unknown	uncultured marine eukaryote
ASV_1105	Eukaryota	no_hit	unknown	Bigyra	no_hit	no_hit	no_hit	no_hit
ASV_1106	Eukaryota	Metazoa	Annelida	Polychaeta	Terebellida	Terebellidae	no_hit	no_hit
ASV_1107	Eukaryota	no_hit	unknown	unknown	unknown	unknown	unknown	Uncultured marine alveolate Group I DH145-EKD10
ASV_1108	Eukaryota	no_hit	unknown	Dinophyceae	Gymnodiniales	Kareniaceae	Takayama	Takayama cf. pulchellum
ASV_1109	Eukaryota	no_hit	Euglenozoa	unknown	Diplonemea	unknown	unknown	Diplonemida sp. 37 RG-2016
ASV_1110	Eukaryota	no_hit	Bacillariophyta	Bacillariophyceae	Naviculales	Pleurosigmataceae	Pleurosigma	no_hit
ASV_1111	Eukaryota	no_hit	Euglenozoa	unknown	Diplonemea	unknown	unknown	Diplonemida sp. 1sb RG-2016
ASV_1112	Eukaryota	no_hit	unknown	Dinophyceae	Gonyaulacales	Ceratiaceae	Tripos	no_hit
ASV_1113	Eukaryota	no_hit	Haptophyta	no_hit	no_hit	no_hit	no_hit	no_hit
ASV_1114	Eukaryota	no_hit	unknown	unknown	unknown	unknown	unknown	Uncultured marine alveolate Group I DH147-EKD18
ASV_1115	no_hit	no_hit	no_hit	no_hit	no_hit	no_hit	no_hit	no_hit
ASV_1116	Eukaryota	no_hit	Ciliophora	Oligohymenophorea	no_hit	no_hit	no_hit	no_hit
ASV_1117	Eukaryota	Metazoa	Cnidaria	Anthozoa	Ceriantharia	Cerianthidae	Pachycerianthus	Pachycerianthus fimbriatus
ASV_1118	Eukaryota	no_hit	unknown	Dinophyceae	Gymnodiniales	Gymnodiniaceae	Akashiwo	Akashiwo sanguinea
ASV_1119	Eukaryota	no_hit	unknown	Dinophyceae	Prorocentrales	Prorocentraceae	Prorocentrum	no_hit
ASV_1120	Eukaryota	no_hit	unknown	Polycystinea	Spumellaria	no_hit	no_hit	no_hit
ASV_1121	Eukaryota	no_hit	Ciliophora	Oligohymenophorea	Philasterida	no_hit	no_hit	no_hit
ASV_1122	Eukaryota	no_hit	Ciliophora	Oligohymenophorea	Philasterida	Cinetochilidae	Platynematum	no_hit
ASV_1123	Eukaryota	no_hit	unknown	Polycystinea	no_hit	no_hit	no_hit	no_hit
ASV_1124	no_hit	no_hit	no_hit	no_hit	no_hit	no_hit	no_hit	no_hit
ASV_1125	Eukaryota	Metazoa	Ctenophora	Tentaculata	no_hit	no_hit	no_hit	no_hit
ASV_1126	Eukaryota	no_hit	unknown	Dinophyceae	Syndiniales	no_hit	no_hit	no_hit
ASV_1127	Eukaryota	no_hit	unknown	Dinophyceae	Gymnodiniales	Gymnodiniaceae	Polykrikos	Polykrikos sp. EP-2016a
ASV_1128	Eukaryota	no_hit	unknown	unknown	unknown	unknown	unknown	uncultured marine eukaryote
ASV_1129	Eukaryota	no_hit	unknown	Choanoflagellata	Acanthoecida	Stephanoecidae	Didymoeca	Didymoeca costata
ASV_1130	Eukaryota	no_hit	unknown	Dinophyceae	Syndiniales	Amoebophryaceae	Amoebophrya	no_hit
ASV_1131	no_hit	no_hit	no_hit	no_hit	no_hit	no_hit	no_hit	no_hit
ASV_1132	Eukaryota	no_hit	unknown	Dinophyceae	Gymnodiniales	Kareniaceae	Karlodinium	Karlodinium veneficum
ASV_1133	Eukaryota	no_hit	no_hit	no_hit	no_hit	no_hit	no_hit	no_hit
ASV_1134	Eukaryota	no_hit	unknown	Dinophyceae	no_hit	no_hit	no_hit	no_hit
ASV_1135	Eukaryota	no_hit	unknown	unknown	unknown	unknown	unknown	Uncultured marine alveolate Group I DH144-EKD3
ASV_1136	Eukaryota	no_hit	unknown	Dinophyceae	Peridiniales	Peridiniaceae	Pentapharsodinium	Pentapharsodinium tyrrhenicum
ASV_1137	Eukaryota	no_hit	Bacillariophyta	Coscinodiscophyceae	Coscinodiscales	Hemidiscaceae	Actinocyclus	Actinocyclus curvatulus
ASV_1138	Eukaryota	no_hit	unknown	Dinophyceae	Syndiniales	no_hit	no_hit	no_hit
ASV_1139	Eukaryota	Viridiplantae	Chlorophyta	Pyramimonadophyceae	Pyramimonadales	Pyramimonadaceae	Pterosperma	Pterosperma cristatum
ASV_1140	Eukaryota	no_hit	Euglenozoa	unknown	Diplonemea	unknown	unknown	Diplonemida sp. 3 RG-2016
ASV_1141	Eukaryota	no_hit	unknown	Dinophyceae	Peridiniales	Protoperidiniaceae	Protoperidinium	no_hit
ASV_1142	Eukaryota	no_hit	Haptophyta	unknown	Prymnesiales	Prymnesiaceae	no_hit	no_hit
ASV_1143	Eukaryota	no_hit	unknown	Dinophyceae	no_hit	no_hit	no_hit	no_hit
ASV_1144	Eukaryota	no_hit	unknown	Dinophyceae	no_hit	no_hit	no_hit	no_hit
ASV_1145	Eukaryota	no_hit	unknown	unknown	unknown	unknown	unknown	Uncultured marine alveolate Group II DH147-EKD6
ASV_1146	Eukaryota	Metazoa	Annelida	Polychaeta	Terebellida	Ampharetidae	Ampharete	no_hit
ASV_1147	Eukaryota	no_hit	unknown	unknown	unknown	unknown	unknown	uncultured marine eukaryote
ASV_1148	Eukaryota	no_hit	unknown	Dinophyceae	Peridiniales	Heterocapsaceae	Heterocapsa	no_hit
ASV_1149	Eukaryota	no_hit	unknown	Dinophyceae	Syndiniales	Amoebophryaceae	Amoebophrya	no_hit
ASV_1150	Eukaryota	Metazoa	Arthropoda	Hexanauplia	Harpacticoida	Ectinosomatidae	Microsetella	Microsetella rosea
ASV_1151	Eukaryota	no_hit	unknown	unknown	unknown	unknown	unknown	Acantharian sp. 6201
ASV_1152	Eukaryota	no_hit	unknown	unknown	unknown	unknown	unknown	uncultured marine picoeukaryote
ASV_1153	Eukaryota	no_hit	unknown	Dinophyceae	no_hit	no_hit	no_hit	no_hit
ASV_1154	Eukaryota	no_hit	unknown	Dinophyceae	Syndiniales	no_hit	no_hit	no_hit
ASV_1155	no_hit	no_hit	no_hit	no_hit	no_hit	no_hit	no_hit	no_hit
ASV_1156	Eukaryota	no_hit	unknown	Dinophyceae	Syndiniales	Amoebophryaceae	Amoebophrya	no_hit
ASV_1157	Eukaryota	no_hit	Euglenozoa	unknown	Diplonemea	unknown	unknown	Diplonemida sp. 21sb RG-2016
ASV_1158	Eukaryota	no_hit	Bacillariophyta	Coscinodiscophyceae	Chaetocerotales	Chaetocerotaceae	Chaetoceros	Chaetoceros debilis
ASV_1159	Eukaryota	no_hit	unknown	Dinophyceae	no_hit	no_hit	no_hit	no_hit
ASV_1160	no_hit	no_hit	no_hit	no_hit	no_hit	no_hit	no_hit	no_hit
ASV_1161	Eukaryota	no_hit	unknown	Dinophyceae	Gymnodiniales	Kareniaceae	Karlodinium	no_hit
ASV_1162	Eukaryota	no_hit	no_hit	no_hit	no_hit	no_hit	no_hit	no_hit
ASV_1163	Eukaryota	no_hit	Ciliophora	Oligohymenophorea	Philasterida	no_hit	no_hit	no_hit
ASV_1164	Eukaryota	no_hit	unknown	unknown	unknown	unknown	unknown	uncultured marine eukaryote
ASV_1165	Eukaryota	no_hit	unknown	Dinophyceae	Syndiniales	no_hit	no_hit	no_hit
ASV_1166	unassigned	unassigned	unassigned	unassigned	unassigned	unassigned	unassigned	unassigned
ASV_1167	Eukaryota	no_hit	unknown	Dinophyceae	Syndiniales	Amoebophryaceae	Amoebophrya	no_hit
ASV_1168	Eukaryota	no_hit	unknown	Dinophyceae	Syndiniales	no_hit	no_hit	no_hit
ASV_1169	Eukaryota	no_hit	Cercozoa	no_hit	no_hit	no_hit	no_hit	no_hit
ASV_1170	Eukaryota	no_hit	Haptophyta	unknown	Prymnesiales	Chrysochromulinaceae	Chrysochromulina	Chrysochromulina scutellum
ASV_1171	Eukaryota	no_hit	unknown	Dinophyceae	Syndiniales	Amoebophryaceae	Amoebophrya	no_hit
ASV_1172	Eukaryota	no_hit	unknown	unknown	unknown	unknown	unknown	eukaryote clone OLI11023
ASV_1173	Eukaryota	Viridiplantae	Chlorophyta	no_hit	no_hit	no_hit	no_hit	no_hit
ASV_1174	Eukaryota	no_hit	unknown	Ichthyosporea	Ichthyophonida	unknown	Anurofeca	Anurofeca sp. LAH-2003
ASV_1175	Eukaryota	no_hit	unknown	Dinophyceae	Syndiniales	Amoebophryaceae	Amoebophrya	no_hit
ASV_1176	Eukaryota	no_hit	no_hit	no_hit	no_hit	no_hit	no_hit	no_hit
ASV_1177	Eukaryota	no_hit	unknown	Dinophyceae	Syndiniales	Amoebophryaceae	Amoebophrya	no_hit
ASV_1178	Eukaryota	no_hit	unknown	unknown	unknown	unknown	unknown	Uncultured marine alveolate Group II DH148-EKD27
ASV_1179	Eukaryota	no_hit	unknown	unknown	unknown	unknown	unknown	uncultured marine picoeukaryote
ASV_1180	Eukaryota	no_hit	unknown	Dinophyceae	Syndiniales	Amoebophryaceae	Amoebophrya	no_hit
ASV_1181	Eukaryota	no_hit	unknown	unknown	unknown	unknown	unknown	uncultured marine eukaryote
ASV_1182	Eukaryota	no_hit	unknown	Dinophyceae	Syndiniales	no_hit	no_hit	no_hit
ASV_1183	Eukaryota	no_hit	unknown	Dinophyceae	Peridiniales	Peridiniaceae	Pentapharsodinium	Pentapharsodinium tyrrhenicum
ASV_1184	Eukaryota	no_hit	unknown	Dinophyceae	Syndiniales	no_hit	no_hit	no_hit
ASV_1185	no_hit	no_hit	no_hit	no_hit	no_hit	no_hit	no_hit	no_hit
ASV_1186	Eukaryota	no_hit	unknown	Dinophyceae	Syndiniales	Amoebophryaceae	Amoebophrya	no_hit
ASV_1187	Eukaryota	no_hit	unknown	Acantharea	Chaunacanthida	unknown	unknown	Chaunacanthid sp. 6200
ASV_1188	Eukaryota	no_hit	unknown	Bigyra	Oblongichytrida	unknown	Oblongichytrium	no_hit
ASV_1189	Eukaryota	no_hit	unknown	Dinophyceae	no_hit	no_hit	no_hit	no_hit
ASV_1190	Eukaryota	Metazoa	Cnidaria	Hydrozoa	Siphonophorae	Clausophyidae	Chuniphyes	no_hit
ASV_1191	Eukaryota	no_hit	unknown	unknown	unknown	unknown	unknown	eukaryote clone OLI11009
ASV_1192	Eukaryota	no_hit	unknown	unknown	unknown	unknown	unknown	uncultured marine eukaryote
ASV_1193	Eukaryota	Viridiplantae	Chlorophyta	Pyramimonadophyceae	Pyramimonadales	Pyramimonadaceae	Pyramimonas	no_hit
ASV_1194	no_hit	no_hit	no_hit	no_hit	no_hit	no_hit	no_hit	no_hit
ASV_1195	Eukaryota	no_hit	Euglenozoa	unknown	Diplonemea	unknown	unknown	Diplonemida sp. 37 RG-2016
ASV_1196	Eukaryota	no_hit	Euglenozoa	unknown	Diplonemea	no_hit	no_hit	no_hit
ASV_1197	Eukaryota	no_hit	unknown	Dinophyceae	Syndiniales	Amoebophryaceae	Amoebophrya	no_hit
ASV_1198	Eukaryota	no_hit	unknown	Dinophyceae	no_hit	no_hit	no_hit	no_hit
ASV_1199	no_hit	no_hit	no_hit	no_hit	no_hit	no_hit	no_hit	no_hit
ASV_1200	Eukaryota	no_hit	no_hit	no_hit	no_hit	no_hit	no_hit	no_hit
ASV_1201	Eukaryota	no_hit	unknown	unknown	unknown	unknown	unknown	uncultured marine eukaryote
ASV_1202	Eukaryota	no_hit	unknown	Dinophyceae	Syndiniales	no_hit	no_hit	no_hit
ASV_1203	Eukaryota	no_hit	unknown	unknown	unknown	unknown	unknown	uncultured marine eukaryote
ASV_1204	Eukaryota	no_hit	unknown	Dinophyceae	Syndiniales	Amoebophryaceae	Amoebophrya	no_hit
ASV_1205	Eukaryota	no_hit	Haptophyta	unknown	Zygodiscales	Braarudosphaeraceae	Braarudosphaera	Braarudosphaera bigelowii
ASV_1206	Eukaryota	no_hit	Ciliophora	Spirotrichea	Tintinnida	Metacylididae	Helicostomella	Helicostomella subulata
ASV_1207	no_hit	no_hit	no_hit	no_hit	no_hit	no_hit	no_hit	no_hit
ASV_1208	no_hit	no_hit	no_hit	no_hit	no_hit	no_hit	no_hit	no_hit
ASV_1209	no_hit	no_hit	no_hit	no_hit	no_hit	no_hit	no_hit	no_hit
ASV_1210	Eukaryota	no_hit	unknown	unknown	unknown	unknown	unknown	Uncultured marine alveolate Group II DH147-EKD16
ASV_1211	Eukaryota	no_hit	Imbricatea	unknown	Thaumatomonadida	Thaumatomastigidae	Protaspis	Protaspis sp. CC-2009a
ASV_1212	Eukaryota	no_hit	unknown	Dinophyceae	no_hit	no_hit	no_hit	no_hit
ASV_1213	Eukaryota	no_hit	unknown	unknown	unknown	unknown	unknown	Uncultured marine alveolate Group I DH147-EKD18
ASV_1214	Eukaryota	no_hit	unknown	Dinophyceae	Gymnodiniales	Gymnodiniaceae	Gyrodinium	no_hit
ASV_1215	no_hit	no_hit	no_hit	no_hit	no_hit	no_hit	no_hit	no_hit
ASV_1216	Eukaryota	no_hit	unknown	Dinophyceae	Peridiniales	Protoperidiniaceae	Protoperidinium	Protoperidinium depressum
ASV_1217	Eukaryota	no_hit	unknown	unknown	unknown	unknown	unknown	uncultured marine eukaryote
ASV_1218	Eukaryota	no_hit	unknown	Dinophyceae	no_hit	no_hit	no_hit	no_hit
ASV_1219	Eukaryota	no_hit	unknown	Dinophyceae	Gymnodiniales	Gymnodiniaceae	Gyrodinium	Gyrodinium jinhaense
ASV_1220	Eukaryota	no_hit	unknown	Dinophyceae	Blastodiniales	unknown	Blastodinium	Blastodinium mangini
ASV_1221	Eukaryota	no_hit	unknown	unknown	unknown	unknown	unknown	uncultured marine picoeukaryote
ASV_1222	Eukaryota	no_hit	unknown	Dinophyceae	Peridiniales	Protoperidiniaceae	Protoperidinium	no_hit
ASV_1223	Eukaryota	no_hit	unknown	unknown	unknown	unknown	unknown	uncultured marine eukaryote
ASV_1224	Eukaryota	no_hit	unknown	Dinophyceae	Peridiniales	Protoperidiniaceae	Protoperidinium	Protoperidinium conicum
ASV_1225	no_hit	no_hit	no_hit	no_hit	no_hit	no_hit	no_hit	no_hit
ASV_1226	Eukaryota	Viridiplantae	Streptophyta	Magnoliopsida	Myrtales	Myrtaceae	no_hit	no_hit
ASV_1227	no_hit	no_hit	no_hit	no_hit	no_hit	no_hit	no_hit	no_hit
ASV_1228	Eukaryota	Metazoa	Annelida	Polychaeta	Phyllodocida	Polynoidae	no_hit	no_hit
ASV_1229	Eukaryota	no_hit	Euglenozoa	unknown	Diplonemea	unknown	unknown	Diplonemida sp. 21sb RG-2016
ASV_1230	Eukaryota	Metazoa	Chordata	Appendicularia	Copelata	Fritillariidae	Fritillaria <tunicates>	Fritillaria formica
ASV_1231	Eukaryota	no_hit	unknown	Dinophyceae	Syndiniales	Amoebophryaceae	Amoebophrya	no_hit
ASV_1232	Eukaryota	no_hit	unknown	Dinophyceae	Syndiniales	Amoebophryaceae	Amoebophrya	no_hit
ASV_1233	Eukaryota	no_hit	Euglenozoa	unknown	Diplonemea	unknown	unknown	Diplonemida sp. 37 RG-2016
ASV_1234	Eukaryota	no_hit	Euglenozoa	unknown	Diplonemea	unknown	unknown	Diplonemida sp. 37 RG-2016
ASV_1235	Eukaryota	no_hit	unknown	Dinophyceae	Syndiniales	no_hit	no_hit	no_hit
ASV_1236	Eukaryota	no_hit	unknown	unknown	unknown	unknown	unknown	Uncultured marine alveolate Group I DH145-EKD10
ASV_1237	no_hit	no_hit	no_hit	no_hit	no_hit	no_hit	no_hit	no_hit
ASV_1238	Eukaryota	no_hit	unknown	Dinophyceae	Syndiniales	Amoebophryaceae	Amoebophrya	no_hit
ASV_1239	Eukaryota	no_hit	Imbricatea	unknown	Thaumatomonadida	unknown	Allas	no_hit
ASV_1240	Eukaryota	no_hit	unknown	Dinophyceae	no_hit	no_hit	no_hit	no_hit
ASV_1241	Eukaryota	no_hit	unknown	Dinophyceae	no_hit	no_hit	no_hit	no_hit
ASV_1242	Eukaryota	no_hit	unknown	Dinophyceae	Syndiniales	Amoebophryaceae	Amoebophrya	no_hit
ASV_1243	Eukaryota	no_hit	no_hit	no_hit	no_hit	no_hit	no_hit	no_hit
ASV_1244	Eukaryota	no_hit	unknown	Dinophyceae	Syndiniales	Amoebophryaceae	Amoebophrya	no_hit
ASV_1245	Eukaryota	no_hit	Foraminifera	unknown	unknown	unknown	Psammophaga	no_hit
ASV_1246	Eukaryota	no_hit	unknown	Dinophyceae	Syndiniales	Amoebophryaceae	Amoebophrya	no_hit
ASV_1247	Eukaryota	no_hit	Imbricatea	unknown	Thaumatomonadida	Thaumatomastigidae	Protaspis	Protaspis sp. CC-2009a
ASV_1248	Eukaryota	no_hit	unknown	Cryptophyceae	Pyrenomonadales	Geminigeraceae	Proteomonas	no_hit
ASV_1249	no_hit	no_hit	no_hit	no_hit	no_hit	no_hit	no_hit	no_hit
ASV_1250	Eukaryota	no_hit	unknown	unknown	unknown	unknown	unknown	uncultured marine picoeukaryote
ASV_1251	Eukaryota	no_hit	unknown	unknown	unknown	unknown	unknown	Uncultured marine alveolate Group I DH148-EKD22
ASV_1252	Eukaryota	no_hit	Haptophyta	unknown	Prymnesiales	Chrysochromulinaceae	Chrysochromulina	Chrysochromulina strobilus
ASV_1253	Eukaryota	no_hit	no_hit	no_hit	no_hit	no_hit	no_hit	no_hit
ASV_1254	Eukaryota	no_hit	Ciliophora	Spirotrichea	Sporadotrichida	Oxytrichidae	Protogastrostyla	Protogastrostyla pulchra
ASV_1255	Eukaryota	Metazoa	Annelida	Polychaeta	Spionida	Spionidae	no_hit	no_hit
ASV_1256	Eukaryota	Metazoa	Arthropoda	Hexanauplia	Calanoida	Centropagidae	Centropages	no_hit
ASV_1257	Eukaryota	no_hit	Euglenozoa	unknown	Diplonemea	unknown	unknown	Diplonemida sp. 21sb RG-2016
ASV_1258	Eukaryota	no_hit	Haptophyta	unknown	Prymnesiales	Prymnesiaceae	Prymnesium	no_hit
ASV_1259	Eukaryota	no_hit	unknown	Cryptophyceae	Kathablepharidacea	Katablepharidaceae	Katablepharis	Katablepharis japonica
ASV_1260	no_hit	no_hit	no_hit	no_hit	no_hit	no_hit	no_hit	no_hit
ASV_1261	Eukaryota	no_hit	unknown	Dinophyceae	Syndiniales	no_hit	no_hit	no_hit
ASV_1262	Eukaryota	no_hit	Apicomplexa	Conoidasida	Eucoccidiorida	Eimeriidae	no_hit	no_hit
ASV_1263	Eukaryota	no_hit	Euglenozoa	unknown	Diplonemea	unknown	unknown	Diplonemida sp. 1sb RG-2016
ASV_1264	Eukaryota	no_hit	unknown	unknown	Sticholonchida	Sticholonchidae	Sticholonche	Sticholonche sp. JB-2011
ASV_1265	Eukaryota	no_hit	Ciliophora	Oligohymenophorea	no_hit	no_hit	no_hit	no_hit
ASV_1266	Eukaryota	no_hit	Euglenozoa	unknown	Diplonemea	no_hit	no_hit	no_hit
ASV_1267	Eukaryota	no_hit	Cercozoa	no_hit	no_hit	no_hit	no_hit	no_hit
ASV_1268	Eukaryota	no_hit	unknown	Dinophyceae	Gymnodiniales	Kareniaceae	Karlodinium	no_hit
ASV_1269	Eukaryota	no_hit	Bacillariophyta	Bacillariophyceae	Bacillariales	Bacillariaceae	no_hit	no_hit
ASV_1270	Eukaryota	no_hit	Bacillariophyta	Mediophyceae	Biddulphiales	Biddulphiaceae	Biddulphia	Biddulphia sp. MACC 6
ASV_1271	Eukaryota	no_hit	unknown	Dinophyceae	Syndiniales	Amoebophryaceae	Amoebophrya	no_hit
ASV_1272	Eukaryota	no_hit	unknown	Dinophyceae	Syndiniales	Eudubosquellidae	Euduboscquella	Euduboscquella sp. ex Favella arcuata
ASV_1273	Eukaryota	no_hit	unknown	unknown	unknown	unknown	unknown	uncultured marine eukaryote
ASV_1274	Eukaryota	no_hit	unknown	Dinophyceae	Syndiniales	Amoebophryaceae	Amoebophrya	no_hit
ASV_1275	Eukaryota	no_hit	Euglenozoa	unknown	Diplonemea	unknown	unknown	Diplonemida sp. 9sb RG-2016
ASV_1276	Eukaryota	no_hit	unknown	Dinophyceae	Peridiniales	Amphidiniopsidaceae	Amphidiniopsis	Amphidiniopsis sp. MH-2016
ASV_1277	Eukaryota	no_hit	unknown	Polycystinea	no_hit	no_hit	no_hit	no_hit
ASV_1278	Eukaryota	no_hit	unknown	unknown	unknown	unknown	unknown	uncultured marine picoeukaryote
ASV_1279	Eukaryota	no_hit	unknown	Dinophyceae	Syndiniales	no_hit	no_hit	no_hit
ASV_1280	no_hit	no_hit	no_hit	no_hit	no_hit	no_hit	no_hit	no_hit
ASV_1281	Eukaryota	no_hit	unknown	Choanoflagellata	Acanthoecida	no_hit	no_hit	no_hit
ASV_1282	Eukaryota	no_hit	unknown	unknown	unknown	unknown	unknown	uncultured marine eukaryote
ASV_1283	no_hit	no_hit	no_hit	no_hit	no_hit	no_hit	no_hit	no_hit
ASV_1284	Eukaryota	no_hit	unknown	Dinophyceae	Suessiales	Suessiaceae	Protodinium	Protodinium simplex
ASV_1285	Eukaryota	no_hit	unknown	Dinophyceae	Peridiniales	no_hit	no_hit	no_hit
ASV_1286	Eukaryota	no_hit	unknown	Dinophyceae	Syndiniales	no_hit	no_hit	no_hit
ASV_1287	Eukaryota	no_hit	unknown	unknown	unknown	unknown	unknown	Uncultured marine alveolate Group II DH148-EKD14
ASV_1288	Eukaryota	no_hit	unknown	Dinophyceae	no_hit	no_hit	no_hit	no_hit
ASV_1289	Eukaryota	no_hit	unknown	Dinophyceae	Gymnodiniales	no_hit	no_hit	no_hit
ASV_1290	Eukaryota	no_hit	unknown	Dinophyceae	Peridiniales	Protoperidiniaceae	Protoperidinium	Protoperidinium divergens
ASV_1291	Eukaryota	no_hit	unknown	unknown	unknown	unknown	unknown	uncultured marine eukaryote
ASV_1292	Eukaryota	no_hit	unknown	Dinophyceae	no_hit	no_hit	no_hit	no_hit
ASV_1293	Eukaryota	no_hit	unknown	unknown	unknown	unknown	unknown	Uncultured marine alveolate Group I DH147-EKD18
ASV_1294	Eukaryota	no_hit	unknown	Dinophyceae	Gonyaulacales	Gonyaulacaceae	Gonyaulax	Gonyaulax spinifera
ASV_1295	no_hit	no_hit	no_hit	no_hit	no_hit	no_hit	no_hit	no_hit
ASV_1296	Eukaryota	no_hit	unknown	unknown	unknown	unknown	unknown	Acantharian sp. 6201
ASV_1297	no_hit	no_hit	no_hit	no_hit	no_hit	no_hit	no_hit	no_hit
ASV_1298	Eukaryota	no_hit	Euglenozoa	unknown	Diplonemea	unknown	unknown	Diplonemida sp. 21 RG-2016
ASV_1299	Eukaryota	no_hit	Bacillariophyta	Bacillariophyceae	Bacillariales	Bacillariaceae	Pseudo-nitzschia	no_hit
ASV_1300	Eukaryota	no_hit	unknown	Bolidophyceae	Parmales	Triparmaceae	Triparma	no_hit
ASV_1301	Eukaryota	no_hit	unknown	unknown	unknown	unknown	unknown	Uncultured marine alveolate Group II DH147-EKD6
ASV_1302	Eukaryota	no_hit	unknown	Polycystinea	no_hit	no_hit	no_hit	no_hit
ASV_1303	Eukaryota	no_hit	Euglenozoa	unknown	Diplonemea	unknown	unknown	Diplonemida sp. 37 RG-2016
ASV_1304	Eukaryota	no_hit	Haptophyta	no_hit	no_hit	no_hit	no_hit	no_hit
ASV_1305	Eukaryota	no_hit	Imbricatea	unknown	Thaumatomonadida	Thaumatomastigidae	Protaspis	Protaspis sp. CC-2009c
ASV_1306	no_hit	no_hit	no_hit	no_hit	no_hit	no_hit	no_hit	no_hit
ASV_1307	Eukaryota	no_hit	unknown	Dinophyceae	Syndiniales	no_hit	no_hit	no_hit
ASV_1308	Eukaryota	no_hit	Ciliophora	Spirotrichea	Urostylida	Pseudokeronopsidae	Pseudokeronopsis	no_hit
ASV_1309	Eukaryota	no_hit	unknown	Dinophyceae	Syndiniales	no_hit	no_hit	no_hit
ASV_1310	Eukaryota	no_hit	unknown	Dinophyceae	no_hit	no_hit	no_hit	no_hit
ASV_1311	Eukaryota	no_hit	Ciliophora	Oligohymenophorea	Philasterida	no_hit	no_hit	no_hit
ASV_1312	no_hit	no_hit	no_hit	no_hit	no_hit	no_hit	no_hit	no_hit
ASV_1313	Eukaryota	no_hit	unknown	unknown	Rotosphaerida	unknown	Pompholyxophrys	Pompholyxophrys punicea
ASV_1314	Eukaryota	no_hit	unknown	unknown	unknown	unknown	unknown	uncultured marine eukaryote
ASV_1315	Eukaryota	no_hit	unknown	Dinophyceae	Peridiniales	Peridiniaceae	Scrippsiella	Scrippsiella masanensis
ASV_1316	no_hit	no_hit	no_hit	no_hit	no_hit	no_hit	no_hit	no_hit
ASV_1317	Eukaryota	no_hit	unknown	Polycystinea	no_hit	no_hit	no_hit	no_hit
ASV_1318	Eukaryota	no_hit	unknown	Dinophyceae	Gymnodiniales	Kareniaceae	Karlodinium	no_hit
ASV_1319	Eukaryota	no_hit	unknown	unknown	unknown	unknown	unknown	uncultured marine eukaryote
ASV_1320	Eukaryota	no_hit	Euglenozoa	unknown	Diplonemea	Diplonemidae	Lacrimia	no_hit
ASV_1321	Eukaryota	no_hit	Haptophyta	unknown	Prymnesiales	Chrysochromulinaceae	Chrysochromulina	Chrysochromulina strobilus
ASV_1322	Eukaryota	no_hit	unknown	unknown	unknown	unknown	unknown	Uncultured marine alveolate Group I DH144-EKD3
ASV_1323	Eukaryota	no_hit	unknown	Dinophyceae	Syndiniales	no_hit	no_hit	no_hit
ASV_1324	Eukaryota	no_hit	unknown	Choanoflagellata	Acanthoecida	Stephanoecidae	Didymoeca	Didymoeca costata
ASV_1325	Eukaryota	no_hit	unknown	unknown	unknown	unknown	unknown	uncultured marine picoeukaryote
ASV_1326	Eukaryota	no_hit	unknown	Dinophyceae	Syndiniales	Amoebophryaceae	Amoebophrya	no_hit
ASV_1327	Eukaryota	no_hit	Euglenozoa	unknown	Diplonemea	unknown	unknown	Diplonemida sp. 37 RG-2016
ASV_1328	Eukaryota	no_hit	unknown	Dinophyceae	Coccidiniales	Chytriodiniaceae	Chytriodinium	Chytriodinium sp. Atlantic
ASV_1329	Eukaryota	no_hit	unknown	Dinophyceae	Syndiniales	no_hit	no_hit	no_hit
ASV_1330	Eukaryota	no_hit	unknown	Dinophyceae	Gonyaulacales	Gonyaulacaceae	Amylax	Amylax triacantha
ASV_1331	Eukaryota	Metazoa	Arthropoda	Hexanauplia	Mormonilloida	Mormonillidae	Mormonilla	Mormonilla sp. DZMBK37
ASV_1332	Eukaryota	no_hit	unknown	Acantharea	unknown	unknown	unknown	Uncultured marine acantharean DH147-EKD17
ASV_1333	Eukaryota	no_hit	no_hit	no_hit	no_hit	no_hit	no_hit	no_hit
ASV_1334	Eukaryota	no_hit	Euglenozoa	unknown	Diplonemea	unknown	unknown	Diplonemida sp. 13 RG-2016
ASV_1335	Eukaryota	no_hit	unknown	Dinophyceae	no_hit	no_hit	no_hit	no_hit
ASV_1336	Eukaryota	no_hit	Euglenozoa	unknown	Diplonemea	Hemistasiidae	Hemistasia	Hemistasia phaeocysticola
ASV_1337	Eukaryota	no_hit	unknown	unknown	unknown	unknown	unknown	Uncultured marine alveolate Group II DH148-EKD27
ASV_1338	Eukaryota	no_hit	Bacillariophyta	Bacillariophyceae	Naviculales	Pleurosigmataceae	no_hit	no_hit
ASV_1339	Eukaryota	no_hit	unknown	Dinophyceae	Syndiniales	Amoebophryaceae	Amoebophrya	no_hit
ASV_1340	Eukaryota	no_hit	unknown	Dinophyceae	no_hit	no_hit	no_hit	no_hit
ASV_1341	Eukaryota	no_hit	unknown	Dinophyceae	Syndiniales	Ellobiopsidae	Thalassomyces	Thalassomyces fagei
ASV_1342	no_hit	no_hit	no_hit	no_hit	no_hit	no_hit	no_hit	no_hit
ASV_1343	Eukaryota	no_hit	Bacillariophyta	no_hit	no_hit	no_hit	no_hit	no_hit
ASV_1344	Eukaryota	no_hit	unknown	Dinophyceae	no_hit	no_hit	no_hit	no_hit
ASV_1345	Eukaryota	no_hit	unknown	unknown	unknown	unknown	unknown	uncultured marine eukaryote
ASV_1346	Eukaryota	no_hit	unknown	Synurophyceae	Ochromonadales	Ochromonadaceae	no_hit	no_hit
ASV_1347	Eukaryota	no_hit	unknown	unknown	Telonemida	unknown	Telonema	Telonema antarcticum
ASV_1348	Eukaryota	no_hit	unknown	unknown	unknown	unknown	unknown	uncultured marine picoeukaryote
ASV_1349	no_hit	no_hit	no_hit	no_hit	no_hit	no_hit	no_hit	no_hit
ASV_1350	Eukaryota	no_hit	unknown	Dinophyceae	Peridiniales	Pfiesteriaceae	no_hit	no_hit
ASV_1351	no_hit	no_hit	no_hit	no_hit	no_hit	no_hit	no_hit	no_hit
ASV_1352	Eukaryota	no_hit	unknown	Dinophyceae	Syndiniales	Amoebophryaceae	Amoebophrya	no_hit
ASV_1353	Eukaryota	no_hit	unknown	Dinophyceae	Peridiniales	Peridiniaceae	Pentapharsodinium	Pentapharsodinium tyrrhenicum
ASV_1354	Eukaryota	no_hit	Imbricatea	unknown	Thaumatomonadida	Thaumatomastigidae	no_hit	no_hit
ASV_1355	Eukaryota	no_hit	unknown	unknown	unknown	unknown	unknown	Uncultured marine alveolate Group II DH148-EKD14
ASV_1356	Eukaryota	no_hit	unknown	unknown	unknown	unknown	unknown	Uncultured marine alveolate Group I DH148-EKD22
ASV_1357	Eukaryota	no_hit	unknown	Dinophyceae	Gymnodiniales	Warnowiaceae	no_hit	no_hit
ASV_1358	Eukaryota	no_hit	unknown	Dinophyceae	Syndiniales	Amoebophryaceae	Amoebophrya	no_hit
ASV_1359	Eukaryota	no_hit	unknown	Dinophyceae	no_hit	no_hit	no_hit	no_hit
ASV_1360	Eukaryota	Metazoa	Chordata	Appendicularia	Copelata	Fritillariidae	Fritillaria <tunicates>	no_hit
ASV_1361	Eukaryota	no_hit	unknown	Dinophyceae	Syndiniales	no_hit	no_hit	no_hit
ASV_1362	Eukaryota	no_hit	Bacillariophyta	Bacillariophyceae	Bacillariales	Bacillariaceae	Pseudo-nitzschia	no_hit
ASV_1363	Eukaryota	no_hit	unknown	Dinophyceae	Syndiniales	Amoebophryaceae	Amoebophrya	no_hit
ASV_1364	Eukaryota	no_hit	unknown	Dinophyceae	Gymnodiniales	Gymnodiniaceae	Gymnodinium	no_hit
ASV_1365	Eukaryota	no_hit	Ciliophora	Litostomatea	Cyclotrichida	Mesodiniidae	Askenasia	Askenasia sp. LWW2010032604
ASV_1366	Eukaryota	no_hit	unknown	Dictyochophyceae	Pedinellales	unknown	Pseudopedinella	Pseudopedinella elastica
ASV_1367	Eukaryota	no_hit	unknown	unknown	unknown	unknown	unknown	eukaryote clone OLI11005
ASV_1368	Eukaryota	no_hit	Haptophyta	unknown	Prymnesiales	Prymnesiaceae	Prymnesium	no_hit
ASV_1369	Eukaryota	no_hit	unknown	Chrysophyceae	Chromulinales	Paraphysomonadaceae	Paraphysomonas	no_hit
ASV_1370	Eukaryota	Metazoa	Chordata	Mammalia	no_hit	no_hit	no_hit	no_hit
ASV_1371	Eukaryota	Metazoa	Arthropoda	Hexanauplia	Calanoida	Calanidae	no_hit	no_hit
ASV_1372	Eukaryota	no_hit	Haptophyta	unknown	Prymnesiales	Chrysochromulinaceae	Chrysochromulina	no_hit
ASV_1373	no_hit	no_hit	no_hit	no_hit	no_hit	no_hit	no_hit	no_hit
ASV_1374	Eukaryota	no_hit	unknown	unknown	unknown	unknown	unknown	uncultured marine eukaryote
ASV_1375	Eukaryota	no_hit	Ciliophora	Spirotrichea	no_hit	no_hit	no_hit	no_hit
ASV_1376	Eukaryota	no_hit	Foraminifera	unknown	Rotaliida	Globigerinidae	Globigerinita	Globigerinita uvula
ASV_1377	Eukaryota	no_hit	Haptophyta	unknown	Prymnesiales	Chrysochromulinaceae	Chrysochromulina	no_hit
ASV_1378	Eukaryota	no_hit	unknown	Dinophyceae	Prorocentrales	Prorocentraceae	Prorocentrum	no_hit
ASV_1379	Eukaryota	no_hit	unknown	Bolidophyceae	Parmales	Triparmaceae	no_hit	no_hit
ASV_1380	Eukaryota	no_hit	unknown	Polycystinea	no_hit	no_hit	no_hit	no_hit
ASV_1381	Eukaryota	no_hit	unknown	Bigyra	Nanomonadea	unknown	Solenicola	Solenicola setigera
ASV_1382	Eukaryota	no_hit	unknown	Dinophyceae	Syndiniales	Amoebophryaceae	Amoebophrya	no_hit
ASV_1383	Eukaryota	no_hit	unknown	Dinophyceae	Gymnodiniales	Gymnodiniaceae	Cochlodinium	no_hit
ASV_1384	Eukaryota	no_hit	unknown	unknown	unknown	unknown	unknown	uncultured marine eukaryote
ASV_1385	Eukaryota	no_hit	unknown	Dinophyceae	Peridiniales	Kryptoperidiniaceae	Unruhdinium	Unruhdinium penardii
ASV_1386	Eukaryota	no_hit	unknown	unknown	unknown	unknown	unknown	uncultured marine eukaryote
ASV_1387	Eukaryota	no_hit	unknown	unknown	unknown	unknown	unknown	uncultured marine eukaryote
ASV_1388	Eukaryota	no_hit	unknown	Bigyra	Nanomonadea	unknown	Solenicola	no_hit
ASV_1389	Eukaryota	no_hit	unknown	unknown	unknown	unknown	unknown	Uncultured marine alveolate Group II DH147-EKD6
ASV_1390	Eukaryota	no_hit	unknown	unknown	unknown	unknown	unknown	uncultured marine picoeukaryote
ASV_1391	Eukaryota	no_hit	unknown	Dinophyceae	Syndiniales	Amoebophryaceae	Amoebophrya	no_hit
ASV_1392	Eukaryota	no_hit	unknown	unknown	unknown	unknown	unknown	uncultured marine eukaryote
ASV_1393	Eukaryota	no_hit	Haptophyta	unknown	Prymnesiales	Prymnesiaceae	Prymnesium	no_hit
ASV_1394	Eukaryota	no_hit	unknown	unknown	unknown	unknown	unknown	eukaryote clone OLI11023
ASV_1395	Eukaryota	no_hit	unknown	Dinophyceae	Syndiniales	Amoebophryaceae	Amoebophrya	no_hit
ASV_1396	Eukaryota	Viridiplantae	Chlorophyta	Mamiellophyceae	Dolichomastigales	Crustomastigaceae	Crustomastix	Crustomastix stigmatica
ASV_1397	Eukaryota	no_hit	unknown	unknown	unknown	unknown	unknown	eukaryote clone OLI11032
ASV_1398	Eukaryota	no_hit	no_hit	no_hit	no_hit	no_hit	no_hit	no_hit
ASV_1399	Eukaryota	no_hit	unknown	Pelagophyceae	unknown	unknown	unknown	Pelagophyceae sp. CCMP3390
ASV_1400	Eukaryota	no_hit	unknown	unknown	unknown	unknown	unknown	uncultured marine eukaryote
ASV_1401	Eukaryota	no_hit	unknown	Dinophyceae	Peridiniales	Pfiesteriaceae	no_hit	no_hit
ASV_1402	Eukaryota	no_hit	unknown	Dinophyceae	no_hit	no_hit	no_hit	no_hit
ASV_1403	Eukaryota	no_hit	unknown	unknown	unknown	unknown	unknown	eukaryote clone OLI11023
ASV_1404	Eukaryota	no_hit	unknown	Dinophyceae	no_hit	no_hit	no_hit	no_hit
ASV_1405	Eukaryota	no_hit	unknown	Dinophyceae	Syndiniales	Amoebophryaceae	Amoebophrya	no_hit
ASV_1406	Eukaryota	no_hit	unknown	Dinophyceae	Syndiniales	Amoebophryaceae	Amoebophrya	no_hit
ASV_1407	Eukaryota	no_hit	unknown	Dinophyceae	Gymnodiniales	Gymnodiniaceae	Paragymnodinium	no_hit
ASV_1408	Eukaryota	no_hit	Euglenozoa	unknown	Diplonemea	unknown	unknown	Diplonemida sp. 37 RG-2016
ASV_1409	Eukaryota	no_hit	Ciliophora	Oligohymenophorea	Philasterida	Loxocephalidae	Zitheron	Zitheron hovassei
ASV_1410	Eukaryota	no_hit	unknown	Dinophyceae	Syndiniales	no_hit	no_hit	no_hit
ASV_1411	Eukaryota	no_hit	unknown	Dinophyceae	Gymnodiniales	Gymnodiniaceae	Gyrodinium	no_hit
ASV_1412	unassigned	unassigned	unassigned	unassigned	unassigned	unassigned	unassigned	unassigned
ASV_1413	Eukaryota	no_hit	Ciliophora	Oligohymenophorea	Apostomatida	no_hit	no_hit	no_hit
ASV_1414	Eukaryota	Metazoa	Arthropoda	Hexanauplia	Poecilostomatoida	Sapphirinidae	Sapphirina	no_hit
ASV_1415	no_hit	no_hit	no_hit	no_hit	no_hit	no_hit	no_hit	no_hit
ASV_1416	Eukaryota	no_hit	unknown	Dinophyceae	no_hit	no_hit	no_hit	no_hit
ASV_1417	Eukaryota	no_hit	unknown	Dinophyceae	Syndiniales	no_hit	no_hit	no_hit
ASV_1418	Eukaryota	no_hit	Cercozoa	Thecofilosea	Ventricleftida	Ventrifissuridae	Ventrifissura	Ventrifissura sp. SRT122
ASV_1419	Eukaryota	Metazoa	Annelida	Polychaeta	Terebellida	Terebellidae	no_hit	no_hit
ASV_1420	Eukaryota	no_hit	unknown	Dinophyceae	Syndiniales	Amoebophryaceae	Amoebophrya	no_hit
ASV_1421	Eukaryota	no_hit	unknown	unknown	unknown	unknown	unknown	uncultured marine eukaryote
ASV_1422	Eukaryota	no_hit	Apicomplexa	Conoidasida	Eucoccidiorida	Eimeriidae	no_hit	no_hit
ASV_1423	Eukaryota	no_hit	unknown	unknown	Sticholonchida	Sticholonchidae	Sticholonche	Sticholonche sp. JB-2011
ASV_1424	Eukaryota	no_hit	unknown	Choanoflagellata	unknown	unknown	unknown	Choanoflagellida sp. SL163
ASV_1425	Eukaryota	no_hit	unknown	Dinophyceae	Dinophysiales	Dinophysiaceae	Dinophysis	Dinophysis acuminata
ASV_1426	Eukaryota	no_hit	Ciliophora	Prostomatea	Prorodontida	Urotrichidae	Urotricha	no_hit
ASV_1427	Eukaryota	no_hit	unknown	unknown	unknown	unknown	unknown	Uncultured marine alveolate Group I DH145-EKD10
ASV_1428	Eukaryota	no_hit	unknown	Dictyochophyceae	Pedinellales	unknown	Pseudopedinella	Pseudopedinella elastica
ASV_1429	Eukaryota	no_hit	Ciliophora	Phyllopharyngea	Dysteriida	no_hit	no_hit	no_hit
ASV_1430	Eukaryota	no_hit	unknown	Cryptophyceae	Pyrenomonadales	Geminigeraceae	Geminigera	Geminigera cryophila
ASV_1431	Eukaryota	Viridiplantae	Chlorophyta	Mamiellophyceae	no_hit	no_hit	no_hit	no_hit
ASV_1432	Eukaryota	no_hit	Euglenozoa	unknown	Diplonemea	unknown	unknown	Diplonemida sp. 1sb RG-2016
ASV_1433	Eukaryota	no_hit	unknown	unknown	unknown	unknown	Telonemia	no_hit
ASV_1434	Eukaryota	no_hit	unknown	Dinophyceae	Gymnodiniales	Warnowiaceae	Proterythropsis	no_hit
ASV_1435	Eukaryota	no_hit	unknown	Bigyra	no_hit	no_hit	no_hit	no_hit
ASV_1436	Eukaryota	no_hit	no_hit	no_hit	no_hit	no_hit	no_hit	no_hit
ASV_1437	no_hit	no_hit	no_hit	no_hit	no_hit	no_hit	no_hit	no_hit
ASV_1438	Eukaryota	no_hit	unknown	unknown	unknown	unknown	unknown	Uncultured marine alveolate Group I DH145-EKD10
ASV_1439	Eukaryota	no_hit	unknown	Dinophyceae	Syndiniales	Amoebophryaceae	Amoebophrya	no_hit
ASV_1440	Eukaryota	no_hit	unknown	Dinophyceae	no_hit	no_hit	no_hit	no_hit
ASV_1441	Eukaryota	no_hit	unknown	unknown	unknown	unknown	unknown	uncultured marine picoeukaryote
ASV_1442	Eukaryota	no_hit	Haptophyta	no_hit	no_hit	no_hit	no_hit	no_hit
ASV_1443	Eukaryota	no_hit	unknown	Dinophyceae	Gymnodiniales	Warnowiaceae	Warnowia	Warnowia sp. BSL-2009a
ASV_1444	Eukaryota	no_hit	unknown	Polycystinea	no_hit	no_hit	no_hit	no_hit
ASV_1445	Eukaryota	no_hit	unknown	unknown	unknown	unknown	unknown	uncultured marine eukaryote
ASV_1446	Eukaryota	no_hit	unknown	Dinophyceae	no_hit	no_hit	no_hit	no_hit
ASV_1447	no_hit	no_hit	no_hit	no_hit	no_hit	no_hit	no_hit	no_hit
ASV_1448	Eukaryota	no_hit	unknown	Bigyra	Nanomonadea	unknown	Solenicola	no_hit
ASV_1449	Eukaryota	no_hit	Euglenozoa	unknown	Diplonemea	Hemistasiidae	Hemistasia	Hemistasia phaeocysticola
ASV_1450	Eukaryota	no_hit	Bacillariophyta	Coscinodiscophyceae	Melosirales	Stephanopyxidaceae	Stephanopyxis	Stephanopyxis turris
ASV_1451	Eukaryota	Viridiplantae	Chlorophyta	Mamiellophyceae	Dolichomastigales	Crustomastigaceae	Crustomastix	Crustomastix stigmatica
ASV_1452	no_hit	no_hit	no_hit	no_hit	no_hit	no_hit	no_hit	no_hit
ASV_1453	no_hit	no_hit	no_hit	no_hit	no_hit	no_hit	no_hit	no_hit
ASV_1454	Eukaryota	no_hit	unknown	Dinophyceae	Syndiniales	Amoebophryaceae	Amoebophrya	no_hit
ASV_1455	no_hit	no_hit	no_hit	no_hit	no_hit	no_hit	no_hit	no_hit
ASV_1456	Eukaryota	Metazoa	Chordata	Appendicularia	Copelata	Fritillariidae	Fritillaria <tunicates>	Fritillaria haplostoma
ASV_1457	Eukaryota	no_hit	unknown	unknown	unknown	unknown	unknown	uncultured marine eukaryote
ASV_1458	Eukaryota	no_hit	unknown	Dinophyceae	no_hit	no_hit	no_hit	no_hit
ASV_1459	Eukaryota	no_hit	Ciliophora	Oligohymenophorea	Philasterida	Cinetochilidae	Pseudoplatynematum	Pseudoplatynematum denticulatum
ASV_1460	Eukaryota	no_hit	unknown	Dinophyceae	Gymnodiniales	Kareniaceae	Karlodinium	no_hit
ASV_1461	Eukaryota	no_hit	Picozoa	unknown	unknown	unknown	unknown	Picobiliphyte sp. MS584-11
ASV_1462	Eukaryota	no_hit	unknown	Polycystinea	Nassellaria	Plagiacanthidae	Lithomelissa	Lithomelissa sp. 8012
ASV_1463	Eukaryota	no_hit	unknown	unknown	unknown	Apusomonadidae	Amastigomonas	Amastigomonas mutabilis
ASV_1464	Eukaryota	no_hit	unknown	Bigyra	Nanomonadea	unknown	Incisomonas	Incisomonas marina
ASV_1465	Eukaryota	no_hit	unknown	Dictyochophyceae	Florenciellales	unknown	Pseudochattonella	no_hit
ASV_1466	Eukaryota	no_hit	unknown	unknown	unknown	unknown	unknown	uncultured marine eukaryote
ASV_1467	Eukaryota	no_hit	unknown	Dinophyceae	Syndiniales	Amoebophryaceae	Amoebophrya	no_hit
ASV_1468	Eukaryota	no_hit	Euglenozoa	unknown	Diplonemea	unknown	unknown	Diplonemida sp. 13 RG-2016
ASV_1469	Eukaryota	no_hit	unknown	unknown	unknown	unknown	unknown	uncultured marine eukaryote
ASV_1470	Eukaryota	no_hit	unknown	Dinophyceae	Gymnodiniales	Kareniaceae	Takayama	Takayama cf. pulchellum
ASV_1471	Eukaryota	no_hit	Haptophyta	no_hit	no_hit	no_hit	no_hit	no_hit
ASV_1472	Eukaryota	no_hit	unknown	unknown	unknown	unknown	unknown	Uncultured marine alveolate Group II DH148-EKD14
ASV_1473	Eukaryota	no_hit	Apicomplexa	Conoidasida	Eucoccidiorida	Eimeriidae	Goussia	Goussia bayae
ASV_1474	Eukaryota	no_hit	Bacillariophyta	Coscinodiscophyceae	Thalassiosirales	Thalassiosiraceae	Thalassiosira	Thalassiosira aestivalis
ASV_1475	Eukaryota	no_hit	Ciliophora	no_hit	no_hit	no_hit	no_hit	no_hit
ASV_1476	Eukaryota	no_hit	unknown	Ichthyosporea	Ichthyophonida	no_hit	no_hit	no_hit
ASV_1477	Eukaryota	Viridiplantae	Chlorophyta	Pyramimonadophyceae	Pyramimonadales	Pyramimonadaceae	Pyramimonas	Pyramimonas australis
ASV_1478	Eukaryota	no_hit	unknown	Dinophyceae	Syndiniales	Amoebophryaceae	Amoebophrya	no_hit
ASV_1479	Eukaryota	no_hit	unknown	unknown	unknown	unknown	unknown	eukaryote clone OLI11027
ASV_1480	Eukaryota	Fungi	Cryptomycota	no_hit	no_hit	no_hit	no_hit	no_hit
ASV_1481	Eukaryota	no_hit	unknown	Dinophyceae	Peridiniales	no_hit	no_hit	no_hit
ASV_1482	Eukaryota	no_hit	Ciliophora	Oligohymenophorea	Philasterida	Loxocephalidae	Dexiotricha	no_hit
ASV_1483	Eukaryota	no_hit	unknown	Bigyra	Nanomonadea	unknown	Solenicola	Solenicola setigera
ASV_1484	Eukaryota	no_hit	unknown	Dinophyceae	no_hit	no_hit	no_hit	no_hit
ASV_1485	Eukaryota	no_hit	unknown	Dinophyceae	Peridiniales	Protoperidiniaceae	Protoperidinium	Protoperidinium leonis
ASV_1486	Eukaryota	no_hit	unknown	Dinophyceae	no_hit	no_hit	no_hit	no_hit
ASV_1487	Eukaryota	no_hit	Euglenozoa	unknown	Diplonemea	unknown	unknown	Diplonemida sp. 3 RG-2016
ASV_1488	Eukaryota	no_hit	unknown	Dinophyceae	Syndiniales	Amoebophryaceae	Amoebophrya	no_hit
ASV_1489	Eukaryota	no_hit	unknown	unknown	unknown	unknown	unknown	uncultured marine eukaryote
ASV_1490	Eukaryota	no_hit	unknown	Dinophyceae	Gonyaulacales	Gonyaulacaceae	Amylax	Amylax triacantha
ASV_1491	Eukaryota	no_hit	unknown	Dinophyceae	Gymnodiniales	Gymnodiniaceae	Gyrodinium	no_hit
ASV_1492	Eukaryota	no_hit	Apicomplexa	Conoidasida	Eucoccidiorida	unknown	unknown	Eucoccidiorida sp. Okushiri-2009
ASV_1493	no_hit	no_hit	no_hit	no_hit	no_hit	no_hit	no_hit	no_hit
ASV_1494	Eukaryota	Fungi	Ascomycota	Eurotiomycetes	Eurotiales	Aspergillaceae	Penicillium	no_hit
ASV_1495	Eukaryota	no_hit	Ciliophora	Spirotrichea	unknown	Tontoniidae	Pseudotontonia	Pseudotontonia sp. JG-2011a
ASV_1496	Eukaryota	no_hit	unknown	Synurophyceae	Ochromonadales	Ochromonadaceae	unknown	Ochromonadaceae sp. CCMP2298
ASV_1497	Eukaryota	no_hit	unknown	Dinophyceae	Syndiniales	no_hit	no_hit	no_hit
ASV_1498	Eukaryota	no_hit	unknown	Dinophyceae	Blastodiniales	unknown	Blastodinium	Blastodinium galatheanum
ASV_1499	Eukaryota	no_hit	unknown	Dinophyceae	Syndiniales	Amoebophryaceae	Amoebophrya	no_hit
ASV_1500	Eukaryota	no_hit	unknown	unknown	unknown	unknown	unknown	uncultured marine eukaryote
ASV_1501	Eukaryota	no_hit	Bacillariophyta	Bacillariophyceae	Naviculales	Naviculaceae	Haslea	Haslea spicula
ASV_1502	Eukaryota	no_hit	Euglenozoa	unknown	Diplonemea	unknown	unknown	Diplonemida sp. 37 RG-2016
ASV_1503	Eukaryota	no_hit	unknown	Dinophyceae	Syndiniales	no_hit	no_hit	no_hit
ASV_1504	no_hit	no_hit	no_hit	no_hit	no_hit	no_hit	no_hit	no_hit
ASV_1505	Eukaryota	no_hit	unknown	Dinophyceae	Syndiniales	Amoebophryaceae	Amoebophrya	no_hit
ASV_1506	Eukaryota	Metazoa	Ctenophora	Tentaculata	Cydippida	no_hit	no_hit	no_hit
ASV_1507	Eukaryota	no_hit	unknown	Dinophyceae	Syndiniales	Amoebophryaceae	Amoebophrya	no_hit
ASV_1508	Eukaryota	no_hit	unknown	Dinophyceae	Syndiniales	Amoebophryaceae	Amoebophrya	no_hit
ASV_1509	Eukaryota	no_hit	unknown	Dinophyceae	Syndiniales	Amoebophryaceae	Amoebophrya	no_hit
ASV_1510	no_hit	no_hit	no_hit	no_hit	no_hit	no_hit	no_hit	no_hit
ASV_1511	Eukaryota	no_hit	unknown	Dinophyceae	Syndiniales	Amoebophryaceae	Amoebophrya	no_hit
ASV_1512	Eukaryota	no_hit	Euglenozoa	unknown	Diplonemea	unknown	unknown	Diplonemida sp. 37 RG-2016
ASV_1513	Eukaryota	no_hit	unknown	Dinophyceae	Syndiniales	Amoebophryaceae	Amoebophrya	no_hit
ASV_1514	Eukaryota	Metazoa	Cnidaria	Hydrozoa	Siphonophorae	no_hit	no_hit	no_hit
ASV_1515	Eukaryota	no_hit	unknown	Dinophyceae	Syndiniales	Amoebophryaceae	Amoebophrya	no_hit
ASV_1516	Eukaryota	no_hit	unknown	Dinophyceae	Syndiniales	Amoebophryaceae	Amoebophrya	no_hit
ASV_1517	Eukaryota	no_hit	Ciliophora	no_hit	no_hit	no_hit	no_hit	no_hit
ASV_1518	Eukaryota	Metazoa	Chordata	Appendicularia	Copelata	Fritillariidae	Fritillaria <tunicates>	no_hit
ASV_1519	Eukaryota	no_hit	unknown	Dinophyceae	Gymnodiniales	Kareniaceae	Karlodinium	Karlodinium veneficum
ASV_1520	Eukaryota	no_hit	unknown	unknown	unknown	unknown	unknown	uncultured marine eukaryote
ASV_1521	Eukaryota	no_hit	no_hit	no_hit	no_hit	no_hit	no_hit	no_hit
ASV_1522	Eukaryota	no_hit	unknown	Cryptophyceae	no_hit	no_hit	no_hit	no_hit
ASV_1523	Eukaryota	no_hit	unknown	unknown	unknown	unknown	unknown	uncultured marine eukaryote
ASV_1524	Eukaryota	Metazoa	Cnidaria	Hydrozoa	Trachymedusae	Rhopalonematidae	no_hit	no_hit
ASV_1525	Eukaryota	no_hit	unknown	Dinophyceae	Peridiniales	Protoperidiniaceae	Protoperidinium	Protoperidinium leonis
ASV_1526	Eukaryota	no_hit	Bacillariophyta	Coscinodiscophyceae	Chaetocerotales	Chaetocerotaceae	Chaetoceros	no_hit
ASV_1527	no_hit	no_hit	no_hit	no_hit	no_hit	no_hit	no_hit	no_hit
ASV_1528	Eukaryota	no_hit	unknown	unknown	Pirsoniales	unknown	Pirsonia	no_hit
ASV_1529	Eukaryota	no_hit	no_hit	no_hit	no_hit	no_hit	no_hit	no_hit
ASV_1530	Eukaryota	no_hit	unknown	Dinophyceae	Syndiniales	Amoebophryaceae	Amoebophrya	no_hit
ASV_1531	Eukaryota	no_hit	unknown	unknown	unknown	unknown	unknown	uncultured marine picoeukaryote
ASV_1532	Eukaryota	no_hit	unknown	Bigyra	Thraustochytrida	Thraustochytriaceae	Thraustochytrium	Thraustochytrium multirudimentale
ASV_1533	Eukaryota	no_hit	no_hit	no_hit	no_hit	no_hit	no_hit	no_hit
ASV_1534	Eukaryota	no_hit	no_hit	no_hit	no_hit	no_hit	no_hit	no_hit
ASV_1535	Eukaryota	no_hit	unknown	Bolidophyceae	Parmales	Triparmaceae	Bolidomonas	Bolidomonas mediterranea
ASV_1536	Eukaryota	no_hit	unknown	Dinophyceae	Syndiniales	Amoebophryaceae	Amoebophrya	no_hit
ASV_1537	Eukaryota	no_hit	unknown	unknown	unknown	unknown	unknown	uncultured marine eukaryote
ASV_1538	Eukaryota	no_hit	unknown	Dinophyceae	no_hit	no_hit	no_hit	no_hit
ASV_1539	Eukaryota	Viridiplantae	Chlorophyta	no_hit	no_hit	no_hit	no_hit	no_hit
ASV_1540	Eukaryota	no_hit	unknown	unknown	unknown	unknown	unknown	eukaryote clone OLI11023
ASV_1541	Eukaryota	no_hit	no_hit	no_hit	no_hit	no_hit	no_hit	no_hit
ASV_1542	no_hit	no_hit	no_hit	no_hit	no_hit	no_hit	no_hit	no_hit
ASV_1543	unassigned	unassigned	unassigned	unassigned	unassigned	unassigned	unassigned	unassigned
ASV_1544	Eukaryota	Metazoa	Arthropoda	Hexanauplia	Poecilostomatoida	Oncaeidae	Oncaea	no_hit
ASV_1545	Eukaryota	no_hit	Euglenozoa	unknown	Diplonemea	unknown	unknown	Diplonemida sp. 37 RG-2016
ASV_1546	Eukaryota	no_hit	unknown	unknown	unknown	unknown	unknown	uncultured marine picoeukaryote
ASV_1547	Eukaryota	no_hit	unknown	Bigyra	Nanomonadea	unknown	Solenicola	no_hit
ASV_1548	Eukaryota	no_hit	unknown	Dinophyceae	Peridiniales	Peridiniaceae	no_hit	no_hit
ASV_1549	Eukaryota	no_hit	unknown	unknown	unknown	unknown	unknown	uncultured marine picoeukaryote
ASV_1550	Eukaryota	no_hit	Bacillariophyta	Bacillariophyceae	no_hit	no_hit	no_hit	no_hit
ASV_1551	Eukaryota	no_hit	unknown	Cryptophyceae	unknown	unknown	unknown	Cryptophyta sp. CR-MAL03
ASV_1552	Eukaryota	no_hit	unknown	Dinophyceae	Syndiniales	no_hit	no_hit	no_hit
ASV_1553	Eukaryota	no_hit	Ciliophora	Oligohymenophorea	Philasterida	Cinetochilidae	Cinetochilum	Cinetochilum ovale
ASV_1554	Eukaryota	no_hit	Cercozoa	Chlorarachniophyceae	unknown	unknown	Minorisa	Minorisa sp. SRT705
ASV_1555	Eukaryota	no_hit	unknown	unknown	unknown	unknown	unknown	uncultured marine eukaryote
ASV_1556	no_hit	no_hit	no_hit	no_hit	no_hit	no_hit	no_hit	no_hit
ASV_1557	Eukaryota	Fungi	Ascomycota	Dothideomycetes	Cladosporiales	Cladosporiaceae	Cladosporium	no_hit
ASV_1558	Eukaryota	no_hit	unknown	Dinophyceae	Peridiniales	Peridiniaceae	Pentapharsodinium	Pentapharsodinium tyrrhenicum
ASV_1559	Eukaryota	no_hit	unknown	unknown	unknown	unknown	unknown	uncultured marine eukaryote
ASV_1560	Eukaryota	no_hit	no_hit	no_hit	no_hit	no_hit	no_hit	no_hit
ASV_1561	Eukaryota	no_hit	unknown	Dinophyceae	Syndiniales	Amoebophryaceae	Amoebophrya	no_hit
ASV_1562	Eukaryota	no_hit	Euglenozoa	unknown	Diplonemea	unknown	unknown	Diplonemida sp. 37 RG-2016
ASV_1563	Eukaryota	no_hit	unknown	Dinophyceae	Gymnodiniales	Kareniaceae	Takayama	Takayama cf. pulchellum
ASV_1564	Eukaryota	no_hit	unknown	Dinophyceae	Syndiniales	Ellobiopsidae	Thalassomyces	Thalassomyces fagei
ASV_1565	Eukaryota	no_hit	Bacillariophyta	Coscinodiscophyceae	Rhizosoleniales	Rhizosoleniaceae	Proboscia	no_hit
ASV_1566	Eukaryota	no_hit	unknown	unknown	unknown	unknown	unknown	Uncultured marine alveolate Group II DH148-EKD27
ASV_1567	Eukaryota	no_hit	unknown	Polycystinea	Nassellaria	Plagiacanthidae	Lithomelissa	Lithomelissa sp. 8012
ASV_1568	no_hit	no_hit	no_hit	no_hit	no_hit	no_hit	no_hit	no_hit
ASV_1569	Eukaryota	no_hit	unknown	Chrysophyceae	Chromulinales	Paraphysomonadaceae	Paraphysomonas	Paraphysomonas foraminifera
ASV_1570	no_hit	no_hit	no_hit	no_hit	no_hit	no_hit	no_hit	no_hit
ASV_1571	Eukaryota	no_hit	unknown	Dinophyceae	no_hit	no_hit	no_hit	no_hit
ASV_1572	Eukaryota	no_hit	unknown	Dinophyceae	no_hit	no_hit	no_hit	no_hit
ASV_1573	Eukaryota	Viridiplantae	Prasinodermophyta	Prasinodermophyceae	Prasinodermales	Prasinodermaceae	Prasinoderma	no_hit
ASV_1574	Eukaryota	no_hit	no_hit	no_hit	no_hit	no_hit	no_hit	no_hit
ASV_1575	Eukaryota	no_hit	unknown	Dinophyceae	no_hit	no_hit	no_hit	no_hit
ASV_1576	Eukaryota	no_hit	unknown	Dinophyceae	Syndiniales	no_hit	no_hit	no_hit
ASV_1577	Eukaryota	no_hit	Ciliophora	Spirotrichea	Urostylida	no_hit	no_hit	no_hit
ASV_1578	no_hit	no_hit	no_hit	no_hit	no_hit	no_hit	no_hit	no_hit
ASV_1579	Eukaryota	no_hit	no_hit	no_hit	no_hit	no_hit	no_hit	no_hit
ASV_1580	Eukaryota	no_hit	Euglenozoa	unknown	Diplonemea	unknown	unknown	Diplonemida sp. 37 RG-2016
ASV_1581	Eukaryota	no_hit	Euglenozoa	unknown	Diplonemea	unknown	unknown	Diplonemida sp. 37 RG-2016
ASV_1582	Eukaryota	no_hit	unknown	unknown	unknown	unknown	unknown	Uncultured marine alveolate Group II DH147-EKD6
ASV_1583	Eukaryota	no_hit	unknown	Dinophyceae	Syndiniales	Amoebophryaceae	Amoebophrya	Amoebophrya sp. ex Ceratium tripos
ASV_1584	no_hit	no_hit	no_hit	no_hit	no_hit	no_hit	no_hit	no_hit
ASV_1585	Eukaryota	no_hit	unknown	Dinophyceae	Syndiniales	no_hit	no_hit	no_hit
ASV_1586	Eukaryota	no_hit	unknown	Dinophyceae	Syndiniales	Syndiniaceae	Hematodinium	no_hit
ASV_1587	Eukaryota	no_hit	unknown	Dinophyceae	Syndiniales	Duboscquellidae	Duboscquella	no_hit
ASV_1588	Eukaryota	no_hit	Imbricatea	unknown	Thaumatomonadida	Thaumatomastigidae	Protaspis	Protaspis sp. CC-2009a
ASV_1589	Eukaryota	no_hit	Ciliophora	Oligohymenophorea	Philasterida	Loxocephalidae	Kariphilus	Kariphilus muscorum
ASV_1590	Eukaryota	no_hit	Euglenozoa	unknown	Diplonemea	unknown	unknown	Diplonemida sp. 9sb RG-2016
ASV_1591	Eukaryota	no_hit	unknown	Dinophyceae	Syndiniales	no_hit	no_hit	no_hit
ASV_1592	no_hit	no_hit	no_hit	no_hit	no_hit	no_hit	no_hit	no_hit
ASV_1593	Eukaryota	no_hit	Euglenozoa	unknown	Diplonemea	unknown	unknown	Diplonemida sp. 37 RG-2016
ASV_1594	no_hit	no_hit	no_hit	no_hit	no_hit	no_hit	no_hit	no_hit
ASV_1595	Eukaryota	no_hit	Cercozoa	Thecofilosea	unknown	unknown	Mataza	Mataza hastifera
ASV_1596	Eukaryota	no_hit	unknown	Dinophyceae	Blastodiniales	unknown	Blastodinium	no_hit
ASV_1597	Eukaryota	no_hit	Bacillariophyta	Coscinodiscophyceae	Chaetocerotales	Chaetocerotaceae	Chaetoceros	no_hit
ASV_1598	Eukaryota	no_hit	unknown	unknown	unknown	unknown	unknown	uncultured marine picoeukaryote
ASV_1599	Eukaryota	no_hit	unknown	Dinophyceae	Gymnodiniales	no_hit	no_hit	no_hit
ASV_1600	no_hit	no_hit	no_hit	no_hit	no_hit	no_hit	no_hit	no_hit
ASV_1601	Eukaryota	no_hit	unknown	Developea	unknown	Developayellaceae	Developayella	Developayella sp. HFCC214
ASV_1602	Eukaryota	no_hit	unknown	Bigyra	Nanomonadea	unknown	Solenicola	Solenicola setigera
ASV_1603	Eukaryota	Metazoa	Arthropoda	Malacostraca	Euphausiacea	Euphausiidae	no_hit	no_hit
ASV_1604	Eukaryota	no_hit	unknown	Dinophyceae	Syndiniales	no_hit	no_hit	no_hit
ASV_1605	Eukaryota	no_hit	unknown	Dinophyceae	Gymnodiniales	Gymnodiniaceae	Paulsenella	Paulsenella vonstoschii
ASV_1606	Eukaryota	no_hit	unknown	Dinophyceae	no_hit	no_hit	no_hit	no_hit
ASV_1607	Eukaryota	no_hit	unknown	Dinophyceae	Gymnodiniales	Gymnodiniaceae	Paulsenella	Paulsenella vonstoschii
ASV_1608	Eukaryota	no_hit	Euglenozoa	unknown	Diplonemea	unknown	unknown	Diplonemida sp. 37 RG-2016
ASV_1609	Eukaryota	no_hit	unknown	Dinophyceae	no_hit	no_hit	no_hit	no_hit
ASV_1610	Eukaryota	no_hit	unknown	Dinophyceae	no_hit	no_hit	no_hit	no_hit
ASV_1611	Eukaryota	no_hit	unknown	Dinophyceae	Syndiniales	Amoebophryaceae	Amoebophrya	no_hit
ASV_1612	Eukaryota	no_hit	unknown	unknown	unknown	unknown	unknown	uncultured marine picoeukaryote
ASV_1613	Eukaryota	no_hit	no_hit	no_hit	no_hit	no_hit	no_hit	no_hit
ASV_1614	Eukaryota	no_hit	unknown	Dinophyceae	Syndiniales	Amoebophryaceae	Amoebophrya	no_hit
ASV_1615	Eukaryota	no_hit	unknown	Dinophyceae	Blastodiniales	unknown	Blastodinium	Blastodinium spinulosum
ASV_1616	Eukaryota	no_hit	unknown	unknown	unknown	unknown	unknown	eukaryote clone OLI11001
ASV_1617	Eukaryota	no_hit	Euglenozoa	unknown	Diplonemea	unknown	unknown	Diplonemida sp. 37 RG-2016
ASV_1618	Eukaryota	no_hit	no_hit	no_hit	no_hit	no_hit	no_hit	no_hit
ASV_1619	Eukaryota	no_hit	unknown	unknown	unknown	unknown	unknown	uncultured marine eukaryote
ASV_1620	no_hit	no_hit	no_hit	no_hit	no_hit	no_hit	no_hit	no_hit
ASV_1621	Eukaryota	no_hit	unknown	Dinophyceae	Syndiniales	Amoebophryaceae	Amoebophrya	no_hit
ASV_1622	Eukaryota	no_hit	unknown	Dinophyceae	no_hit	no_hit	no_hit	no_hit
ASV_1623	Eukaryota	Fungi	Ascomycota	Dothideomycetes	Cladosporiales	Cladosporiaceae	Cladosporium	no_hit
ASV_1624	Eukaryota	no_hit	unknown	Dinophyceae	Syndiniales	Amoebophryaceae	Amoebophrya	no_hit
ASV_1625	Eukaryota	no_hit	unknown	Dinophyceae	Syndiniales	Amoebophryaceae	Amoebophrya	no_hit
ASV_1626	Eukaryota	Metazoa	Annelida	Polychaeta	Phyllodocida	Lopadorrhynchidae	Maupasia	no_hit
ASV_1627	Eukaryota	no_hit	unknown	Dinophyceae	Syndiniales	no_hit	no_hit	no_hit
ASV_1628	Eukaryota	no_hit	unknown	unknown	unknown	unknown	unknown	Uncultured marine alveolate Group I DH147-EKD18
ASV_1629	Eukaryota	no_hit	unknown	Cryptophyceae	Cyathomonadacea	Goniomonadaceae	Goniomonas	no_hit
ASV_1630	no_hit	no_hit	no_hit	no_hit	no_hit	no_hit	no_hit	no_hit
ASV_1631	Eukaryota	no_hit	Haptophyta	no_hit	no_hit	no_hit	no_hit	no_hit
ASV_1632	Eukaryota	no_hit	Ciliophora	Oligohymenophorea	Philasterida	Loxocephalidae	no_hit	no_hit
ASV_1633	Eukaryota	no_hit	Ciliophora	Oligohymenophorea	Apostomatida	Foettingeriidae	no_hit	no_hit
ASV_1634	Eukaryota	no_hit	unknown	Dinophyceae	Syndiniales	Amoebophryaceae	Amoebophrya	no_hit
ASV_1635	Eukaryota	no_hit	Perkinsozoa	unknown	Perkinsida	Xcellidae	Gadixcellia	no_hit
ASV_1636	Eukaryota	no_hit	Euglenozoa	unknown	Diplonemea	no_hit	no_hit	no_hit
ASV_1637	Eukaryota	no_hit	unknown	unknown	unknown	unknown	unknown	uncultured marine eukaryote
ASV_1638	Eukaryota	no_hit	no_hit	no_hit	no_hit	no_hit	no_hit	no_hit
ASV_1639	Eukaryota	no_hit	unknown	unknown	unknown	unknown	unknown	uncultured marine eukaryote
ASV_1640	Eukaryota	no_hit	unknown	Dictyochophyceae	Pedinellales	no_hit	no_hit	no_hit
ASV_1641	Eukaryota	Fungi	Ascomycota	Sordariomycetes	Hypocreales	no_hit	no_hit	no_hit
ASV_1642	Eukaryota	no_hit	unknown	unknown	Sticholonchida	Sticholonchidae	Sticholonche	Sticholonche sp. JB-2011
ASV_1643	Eukaryota	Metazoa	Annelida	Polychaeta	unknown	Paraonidae	Paraonis	Paraonis sp. THS-2006
ASV_1644	Eukaryota	no_hit	unknown	Dinophyceae	no_hit	no_hit	no_hit	no_hit
ASV_1645	Eukaryota	no_hit	unknown	Dinophyceae	Gonyaulacales	Amphidomataceae	Azadinium	no_hit
ASV_1646	Eukaryota	no_hit	Euglenozoa	unknown	Diplonemea	unknown	unknown	Diplonemida sp. 37 RG-2016
ASV_1647	Eukaryota	Metazoa	Annelida	Polychaeta	Spionida	Magelonidae	Magelona	no_hit
ASV_1648	no_hit	no_hit	no_hit	no_hit	no_hit	no_hit	no_hit	no_hit
ASV_1649	Eukaryota	no_hit	Ciliophora	Spirotrichea	unknown	Strombidiidae	no_hit	no_hit
ASV_1650	Eukaryota	no_hit	unknown	Dinophyceae	Syndiniales	Amoebophryaceae	Amoebophrya	no_hit
ASV_1651	Eukaryota	no_hit	Euglenozoa	unknown	Diplonemea	unknown	unknown	Diplonemida sp. 3 RG-2016
ASV_1652	Eukaryota	no_hit	no_hit	no_hit	no_hit	no_hit	no_hit	no_hit
ASV_1653	Eukaryota	no_hit	Cercozoa	unknown	Cercomonadida	Cercomonadidae	Cercomonas	no_hit
ASV_1654	Eukaryota	no_hit	unknown	Polycystinea	no_hit	no_hit	no_hit	no_hit
ASV_1655	Eukaryota	no_hit	Euglenozoa	unknown	Diplonemea	unknown	unknown	Diplonemida sp. 37 RG-2016
ASV_1656	no_hit	no_hit	no_hit	no_hit	no_hit	no_hit	no_hit	no_hit
ASV_1657	Eukaryota	no_hit	Bacillariophyta	Coscinodiscophyceae	Rhizosoleniales	Rhizosoleniaceae	Proboscia	no_hit
ASV_1658	Eukaryota	no_hit	unknown	unknown	unknown	unknown	unknown	uncultured marine eukaryote
ASV_1659	Eukaryota	no_hit	Ciliophora	Spirotrichea	unknown	Tontoniidae	Pseudotontonia	Pseudotontonia sp. JG-2011a
ASV_1660	Eukaryota	no_hit	unknown	Dinophyceae	Syndiniales	Amoebophryaceae	Amoebophrya	no_hit
ASV_1661	Eukaryota	no_hit	unknown	Polycystinea	no_hit	no_hit	no_hit	no_hit
ASV_1662	no_hit	no_hit	no_hit	no_hit	no_hit	no_hit	no_hit	no_hit
ASV_1663	Eukaryota	no_hit	unknown	Dinophyceae	Syndiniales	Amoebophryaceae	Amoebophrya	no_hit
ASV_1664	Eukaryota	no_hit	Cercozoa	no_hit	no_hit	no_hit	no_hit	no_hit
ASV_1665	no_hit	no_hit	no_hit	no_hit	no_hit	no_hit	no_hit	no_hit
ASV_1666	Eukaryota	no_hit	Euglenozoa	unknown	Diplonemea	unknown	unknown	Diplonemida sp. 37 RG-2016
ASV_1667	Eukaryota	no_hit	unknown	Dinophyceae	Syndiniales	Duboscquellidae	Duboscquella	no_hit
ASV_1668	Eukaryota	no_hit	unknown	Dinophyceae	no_hit	no_hit	no_hit	no_hit
ASV_1669	Eukaryota	no_hit	no_hit	no_hit	no_hit	no_hit	no_hit	no_hit
ASV_1670	Eukaryota	no_hit	no_hit	no_hit	no_hit	no_hit	no_hit	no_hit
ASV_1671	no_hit	no_hit	no_hit	no_hit	no_hit	no_hit	no_hit	no_hit
ASV_1672	Eukaryota	no_hit	unknown	unknown	unknown	unknown	unknown	eukaryote clone OLI11012
ASV_1673	Eukaryota	no_hit	unknown	Polycystinea	no_hit	no_hit	no_hit	no_hit
ASV_1674	Eukaryota	no_hit	unknown	Dinophyceae	Gymnodiniales	Kareniaceae	Karlodinium	no_hit
ASV_1675	Eukaryota	no_hit	unknown	Dinophyceae	Syndiniales	no_hit	no_hit	no_hit
ASV_1676	Eukaryota	no_hit	Euglenozoa	unknown	Diplonemea	unknown	unknown	Diplonemida sp. 37 RG-2016
ASV_1677	Eukaryota	no_hit	Bacillariophyta	Coscinodiscophyceae	Thalassiosirales	Thalassiosiraceae	no_hit	no_hit
ASV_1678	Eukaryota	no_hit	unknown	Dinophyceae	Syndiniales	Amoebophryaceae	Amoebophrya	no_hit
ASV_1679	Eukaryota	no_hit	unknown	Dinophyceae	Syndiniales	Amoebophryaceae	Amoebophrya	no_hit
ASV_1680	Eukaryota	no_hit	Cercozoa	unknown	Cercomonadida	Cercomonadidae	Cercomonas	Cercomonas volcana
ASV_1681	no_hit	no_hit	no_hit	no_hit	no_hit	no_hit	no_hit	no_hit
ASV_1682	Eukaryota	no_hit	unknown	unknown	unknown	unknown	unknown	uncultured marine picoeukaryote
ASV_1683	Eukaryota	no_hit	unknown	unknown	unknown	unknown	unknown	uncultured marine eukaryote
ASV_1684	Eukaryota	no_hit	unknown	Dinophyceae	Syndiniales	Amoebophryaceae	Amoebophrya	no_hit
ASV_1685	Eukaryota	no_hit	unknown	unknown	unknown	unknown	unknown	uncultured marine picoeukaryote
ASV_1686	Eukaryota	no_hit	no_hit	no_hit	no_hit	no_hit	no_hit	no_hit
ASV_1687	Eukaryota	no_hit	unknown	unknown	unknown	unknown	unknown	Uncultured marine alveolate Group I DH147-EKD18
ASV_1688	Eukaryota	no_hit	Haptophyta	unknown	Prymnesiales	Prymnesiaceae	Prymnesium	no_hit
ASV_1689	no_hit	no_hit	no_hit	no_hit	no_hit	no_hit	no_hit	no_hit
ASV_1690	Eukaryota	no_hit	unknown	Dinophyceae	Syndiniales	Amoebophryaceae	Amoebophrya	no_hit
ASV_1691	Eukaryota	no_hit	unknown	Dinophyceae	no_hit	no_hit	no_hit	no_hit
ASV_1692	Eukaryota	no_hit	no_hit	no_hit	no_hit	no_hit	no_hit	no_hit
ASV_1693	no_hit	no_hit	no_hit	no_hit	no_hit	no_hit	no_hit	no_hit
ASV_1694	Eukaryota	no_hit	unknown	unknown	unknown	unknown	unknown	eukaryote clone OLI11305
ASV_1695	Eukaryota	no_hit	unknown	Dinophyceae	Syndiniales	Amoebophryaceae	Amoebophrya	no_hit
ASV_1696	Eukaryota	no_hit	Bacillariophyta	Coscinodiscophyceae	Chaetocerotales	Chaetocerotaceae	Chaetoceros	no_hit
ASV_1697	Eukaryota	no_hit	unknown	Dinophyceae	Syndiniales	Amoebophryaceae	Amoebophrya	no_hit
ASV_1698	Eukaryota	no_hit	Cercozoa	no_hit	no_hit	no_hit	no_hit	no_hit
ASV_1699	Eukaryota	no_hit	unknown	Dinophyceae	Syndiniales	Amoebophryaceae	Amoebophrya	no_hit
ASV_1700	Eukaryota	Fungi	Ascomycota	Dothideomycetes	Dothideales	no_hit	no_hit	no_hit
ASV_1701	Eukaryota	no_hit	unknown	unknown	unknown	unknown	unknown	uncultured marine picoeukaryote
ASV_1702	Eukaryota	no_hit	unknown	unknown	unknown	unknown	unknown	Acantharian sp. 6201
ASV_1703	Eukaryota	no_hit	unknown	Dinophyceae	Syndiniales	Amoebophryaceae	Amoebophrya	no_hit
ASV_1704	Eukaryota	no_hit	unknown	unknown	unknown	unknown	unknown	uncultured marine eukaryote
ASV_1705	no_hit	no_hit	no_hit	no_hit	no_hit	no_hit	no_hit	no_hit
ASV_1706	Eukaryota	no_hit	unknown	Dinophyceae	no_hit	no_hit	no_hit	no_hit
ASV_1707	Eukaryota	Metazoa	Echinodermata	Ophiuroidea	Amphilepidida	no_hit	no_hit	no_hit
ASV_1708	Eukaryota	no_hit	unknown	Dinophyceae	no_hit	no_hit	no_hit	no_hit
ASV_1709	Eukaryota	no_hit	unknown	Dinophyceae	Gymnodiniales	Kareniaceae	Karlodinium	no_hit
ASV_1710	Eukaryota	no_hit	Ciliophora	Spirotrichea	Tintinnida	Tintinnidae	Salpingella	Salpingella acuminata
ASV_1711	Eukaryota	no_hit	unknown	Dictyochophyceae	Pedinellales	unknown	Pseudopedinella	Pseudopedinella elastica
ASV_1712	Eukaryota	no_hit	Imbricatea	unknown	Thaumatomonadida	unknown	Scutellomonas	Scutellomonas patella
ASV_1713	Eukaryota	no_hit	Oomycota	no_hit	no_hit	no_hit	no_hit	no_hit
ASV_1714	no_hit	no_hit	no_hit	no_hit	no_hit	no_hit	no_hit	no_hit
ASV_1715	Eukaryota	no_hit	unknown	Dinophyceae	Syndiniales	Amoebophryaceae	Amoebophrya	no_hit
ASV_1716	Eukaryota	no_hit	unknown	Dinophyceae	no_hit	no_hit	no_hit	no_hit
ASV_1717	Eukaryota	no_hit	unknown	Dinophyceae	no_hit	no_hit	no_hit	no_hit
ASV_1718	Eukaryota	no_hit	unknown	Dinophyceae	Peridiniales	Peridiniaceae	Pentapharsodinium	Pentapharsodinium tyrrhenicum
ASV_1719	no_hit	no_hit	no_hit	no_hit	no_hit	no_hit	no_hit	no_hit
ASV_1720	Eukaryota	no_hit	unknown	Dinophyceae	Gymnodiniales	Kareniaceae	Takayama	Takayama cf. pulchellum
ASV_1721	Eukaryota	no_hit	Haptophyta	unknown	Prymnesiales	Chrysochromulinaceae	Chrysochromulina	no_hit
ASV_1722	Eukaryota	Metazoa	Chordata	Thaliacea	Doliolida	Doliolidae	Doliolum	Doliolum nationalis
ASV_1723	Eukaryota	no_hit	unknown	unknown	unknown	unknown	unknown	uncultured marine picoeukaryote
ASV_1724	Eukaryota	no_hit	unknown	Dinophyceae	Gonyaulacales	Amphidomataceae	Azadinium	no_hit
ASV_1725	Eukaryota	no_hit	unknown	Dinophyceae	no_hit	no_hit	no_hit	no_hit
ASV_1726	Eukaryota	no_hit	unknown	Dinophyceae	Syndiniales	no_hit	no_hit	no_hit
ASV_1727	Eukaryota	no_hit	unknown	unknown	unknown	unknown	unknown	eukaryote clone OLI11027
ASV_1728	Eukaryota	no_hit	unknown	Dinophyceae	Syndiniales	Amoebophryaceae	Amoebophrya	no_hit
ASV_1729	Eukaryota	no_hit	unknown	unknown	Telonemida	unknown	Telonema	no_hit
ASV_1730	Eukaryota	no_hit	Ciliophora	Spirotrichea	no_hit	no_hit	no_hit	no_hit
ASV_1731	Eukaryota	Metazoa	Annelida	Polychaeta	unknown	Capitellidae	no_hit	no_hit
ASV_1732	Eukaryota	no_hit	unknown	Acantharea	Symphyacanthida	Amphilithiidae	Amphibelone	no_hit
ASV_1733	Eukaryota	no_hit	unknown	Dinophyceae	Syndiniales	Amoebophryaceae	Amoebophrya	no_hit
ASV_1734	Eukaryota	no_hit	no_hit	no_hit	no_hit	no_hit	no_hit	no_hit
ASV_1735	Eukaryota	no_hit	Ciliophora	Oligohymenophorea	no_hit	no_hit	no_hit	no_hit
ASV_1736	Eukaryota	no_hit	Haptophyta	unknown	Prymnesiales	Prymnesiaceae	Haptolina	Haptolina ericina
ASV_1737	Eukaryota	no_hit	Euglenozoa	unknown	Diplonemea	no_hit	no_hit	no_hit
ASV_1738	Eukaryota	no_hit	unknown	Dinophyceae	Syndiniales	no_hit	no_hit	no_hit
ASV_1739	Eukaryota	no_hit	unknown	Choanoflagellata	Acanthoecida	Stephanoecidae	Stephanoeca	Stephanoeca diplocostata
ASV_1740	Eukaryota	no_hit	unknown	Dinophyceae	Syndiniales	Amoebophryaceae	Amoebophrya	no_hit
ASV_1741	Eukaryota	no_hit	unknown	unknown	unknown	unknown	unknown	Uncultured marine alveolate Group I DH145-EKD10
ASV_1742	Eukaryota	Viridiplantae	Chlorophyta	no_hit	no_hit	no_hit	no_hit	no_hit
ASV_1743	Eukaryota	no_hit	unknown	Dinophyceae	Dinophysiales	Dinophysiaceae	Dinophysis	Dinophysis fortii
ASV_1744	Eukaryota	no_hit	unknown	Dinophyceae	Syndiniales	Amoebophryaceae	Amoebophrya	no_hit
ASV_1745	Eukaryota	no_hit	unknown	unknown	unknown	unknown	unknown	Stramenopiles sp. MAST-8B-sp1
ASV_1746	no_hit	no_hit	no_hit	no_hit	no_hit	no_hit	no_hit	no_hit
ASV_1747	no_hit	no_hit	no_hit	no_hit	no_hit	no_hit	no_hit	no_hit
ASV_1748	Eukaryota	no_hit	unknown	Dinophyceae	Peridiniales	Protoperidiniaceae	Protoperidinium	Protoperidinium crassipes
ASV_1749	Eukaryota	no_hit	Ciliophora	Prostomatea	Prorodontida	Balanionidae	Balanion	Balanion planctonicum
ASV_1750	Eukaryota	no_hit	unknown	Dinophyceae	Syndiniales	Amoebophryaceae	Amoebophrya	no_hit
ASV_1751	no_hit	no_hit	no_hit	no_hit	no_hit	no_hit	no_hit	no_hit
ASV_1752	Eukaryota	no_hit	no_hit	no_hit	no_hit	no_hit	no_hit	no_hit
ASV_1753	Eukaryota	Metazoa	Cnidaria	Hydrozoa	Leptothecata	Tiaropsidae	Tiaropsidium	Tiaropsidium kelseyi
ASV_1754	Eukaryota	no_hit	Ciliophora	no_hit	no_hit	no_hit	no_hit	no_hit
ASV_1755	Eukaryota	no_hit	unknown	unknown	unknown	unknown	unknown	uncultured marine eukaryote
ASV_1756	Eukaryota	no_hit	unknown	Dinophyceae	no_hit	no_hit	no_hit	no_hit
ASV_1757	Eukaryota	no_hit	Euglenozoa	unknown	Diplonemea	unknown	unknown	Diplonemida sp. 37 RG-2016
ASV_1758	Eukaryota	no_hit	unknown	Bigyra	Thraustochytrida	Thraustochytriaceae	Botryochytrium	no_hit
ASV_1759	Eukaryota	no_hit	no_hit	no_hit	no_hit	no_hit	no_hit	no_hit
ASV_1760	Eukaryota	no_hit	unknown	Dinophyceae	Blastodiniales	unknown	Blastodinium	Blastodinium mangini
ASV_1761	Eukaryota	no_hit	Cercozoa	Thecofilosea	Tectofilosida	Chlamydophryidae	Penardeugenia	no_hit
ASV_1762	Eukaryota	no_hit	unknown	Dinophyceae	no_hit	no_hit	no_hit	no_hit
ASV_1763	Eukaryota	Metazoa	Arthropoda	Hexanauplia	Poecilostomatoida	Oncaeidae	Oncaea	no_hit
ASV_1764	Eukaryota	no_hit	no_hit	no_hit	no_hit	no_hit	no_hit	no_hit
ASV_1765	Eukaryota	no_hit	Euglenozoa	unknown	Diplonemea	unknown	unknown	Diplonemida sp. 37 RG-2016
ASV_1766	Eukaryota	no_hit	unknown	Dinophyceae	Gymnodiniales	Kareniaceae	Takayama	Takayama cf. pulchellum
ASV_1767	Eukaryota	no_hit	Ciliophora	Litostomatea	Vestibuliferida	Trimyemidae	Trimyema	Trimyema sp. koreanum
ASV_1768	Eukaryota	no_hit	unknown	Dinophyceae	no_hit	no_hit	no_hit	no_hit
ASV_1769	Eukaryota	no_hit	Ciliophora	Spirotrichea	no_hit	no_hit	no_hit	no_hit
ASV_1770	Eukaryota	no_hit	unknown	Dinophyceae	Syndiniales	Amoebophryaceae	Amoebophrya	no_hit
ASV_1771	Eukaryota	no_hit	unknown	unknown	unknown	unknown	unknown	Uncultured marine alveolate Group I DH145-EKD10
ASV_1772	Eukaryota	no_hit	Euglenozoa	unknown	Diplonemea	unknown	unknown	Diplonemida sp. 37 RG-2016
ASV_1773	Eukaryota	no_hit	no_hit	no_hit	no_hit	no_hit	no_hit	no_hit
ASV_1774	Eukaryota	no_hit	unknown	Dinophyceae	Syndiniales	Amoebophryaceae	Amoebophrya	no_hit
ASV_1775	Eukaryota	no_hit	unknown	Dinophyceae	Syndiniales	Amoebophryaceae	Amoebophrya	no_hit
ASV_1776	no_hit	no_hit	no_hit	no_hit	no_hit	no_hit	no_hit	no_hit
ASV_1777	Eukaryota	Metazoa	Arthropoda	Ostracoda	Halocyprida	Halocyprididae	Conchoecia	Conchoecia sp. SN008
ASV_1778	Eukaryota	no_hit	Bacillariophyta	Mediophyceae	Cymatosirales	Cymatosiraceae	no_hit	no_hit
ASV_1779	Eukaryota	no_hit	unknown	Dinophyceae	Peridiniales	Peridiniaceae	Scrippsiella	no_hit
ASV_1780	no_hit	no_hit	no_hit	no_hit	no_hit	no_hit	no_hit	no_hit
ASV_1781	no_hit	no_hit	no_hit	no_hit	no_hit	no_hit	no_hit	no_hit
ASV_1782	no_hit	no_hit	no_hit	no_hit	no_hit	no_hit	no_hit	no_hit
ASV_1783	Eukaryota	no_hit	Ciliophora	no_hit	no_hit	no_hit	no_hit	no_hit
ASV_1784	Eukaryota	no_hit	unknown	Dinophyceae	Peridiniales	no_hit	no_hit	no_hit
ASV_1785	Eukaryota	no_hit	unknown	unknown	Sticholonchida	Sticholonchidae	Sticholonche	Sticholonche sp. JB-2011
ASV_1786	no_hit	no_hit	no_hit	no_hit	no_hit	no_hit	no_hit	no_hit
ASV_1787	Eukaryota	no_hit	unknown	Dinophyceae	no_hit	no_hit	no_hit	no_hit
ASV_1788	Eukaryota	no_hit	unknown	Dinophyceae	Syndiniales	Amoebophryaceae	Amoebophrya	no_hit
ASV_1789	Eukaryota	no_hit	unknown	unknown	unknown	unknown	unknown	uncultured marine picoeukaryote
ASV_1790	Eukaryota	no_hit	unknown	Polycystinea	Spumellaria	Litheliidae	Larcopyle	Larcopyle butschlii
ASV_1791	Eukaryota	no_hit	unknown	Chrysophyceae	unknown	unknown	unknown	Spumella-like flagellate JBC29
ASV_1792	no_hit	no_hit	no_hit	no_hit	no_hit	no_hit	no_hit	no_hit
ASV_1793	Eukaryota	no_hit	Euglenozoa	unknown	Diplonemea	unknown	unknown	Diplonemida sp. 21sb RG-2016
ASV_1794	Eukaryota	Metazoa	Gastrotricha	unknown	Chaetonotida	Chaetonotidae	Chaetonotus	Chaetonotus sp. 1 MK-2019
ASV_1795	Eukaryota	no_hit	unknown	Dinophyceae	Syndiniales	Amoebophryaceae	Amoebophrya	no_hit
ASV_1796	Eukaryota	no_hit	unknown	Chrysophyceae	Chromulinales	Paraphysomonadaceae	Paraphysomonas	no_hit
ASV_1797	Eukaryota	no_hit	no_hit	no_hit	no_hit	no_hit	no_hit	no_hit
ASV_1798	Eukaryota	no_hit	no_hit	no_hit	no_hit	no_hit	no_hit	no_hit
ASV_1799	Eukaryota	no_hit	unknown	Choanoflagellata	Acanthoecida	Stephanoecidae	Diaphanoeca	Diaphanoeca undulata
ASV_1800	Eukaryota	no_hit	Euglenozoa	unknown	Diplonemea	unknown	unknown	Diplonemida sp. 9sb RG-2016
ASV_1801	Eukaryota	no_hit	Euglenozoa	unknown	Diplonemea	unknown	unknown	Diplonemida sp. 9sb RG-2016
ASV_1802	Eukaryota	no_hit	unknown	Dinophyceae	no_hit	no_hit	no_hit	no_hit
ASV_1803	Eukaryota	no_hit	unknown	Dinophyceae	Syndiniales	Amoebophryaceae	Amoebophrya	no_hit
ASV_1804	Eukaryota	no_hit	unknown	Dinophyceae	Peridiniales	Protoperidiniaceae	Protoperidinium	Protoperidinium conicum
ASV_1805	no_hit	no_hit	no_hit	no_hit	no_hit	no_hit	no_hit	no_hit
ASV_1806	Eukaryota	no_hit	Bacillariophyta	Mediophyceae	Eupodiscales	Odontellaceae	Odontella	Odontella aurita
ASV_1807	no_hit	no_hit	no_hit	no_hit	no_hit	no_hit	no_hit	no_hit
ASV_1808	Eukaryota	no_hit	no_hit	no_hit	no_hit	no_hit	no_hit	no_hit
ASV_1809	Eukaryota	no_hit	Ciliophora	Colpodea	unknown	unknown	unknown	Uncultured marine colpodean ciliate DH147-EKD23
ASV_1810	Eukaryota	no_hit	unknown	unknown	Telonemida	no_hit	no_hit	no_hit
ASV_1811	Eukaryota	no_hit	Haptophyta	unknown	Prymnesiales	no_hit	no_hit	no_hit
ASV_1812	Eukaryota	no_hit	Oomycota	no_hit	no_hit	no_hit	no_hit	no_hit
ASV_1813	Eukaryota	Metazoa	Annelida	Polychaeta	Terebellida	Pectinariidae	Pectinaria	no_hit
ASV_1814	Eukaryota	no_hit	no_hit	no_hit	no_hit	no_hit	no_hit	no_hit
ASV_1815	Eukaryota	no_hit	Euglenozoa	unknown	Diplonemea	Hemistasiidae	Hemistasia	Hemistasia phaeocysticola
ASV_1816	Eukaryota	no_hit	unknown	Chrysophyceae	Hibberdiales	Hibberdiaceae	Hibberdia	Hibberdia magna
ASV_1817	Eukaryota	no_hit	Ciliophora	Spirotrichea	Choreotrichida	Strobilidiidae	no_hit	no_hit
ASV_1818	Eukaryota	no_hit	unknown	Chrysophyceae	Chromulinales	Paraphysomonadaceae	Paraphysomonas	no_hit
ASV_1819	Eukaryota	Metazoa	Platyhelminthes	Catenulida	unknown	Stenostomidae	Stenostomum	no_hit
ASV_1820	Eukaryota	no_hit	unknown	Dinophyceae	Gymnodiniales	Gymnodiniaceae	Gyrodinium	Gyrodinium rubrum
ASV_1821	Eukaryota	no_hit	unknown	Dinophyceae	Syndiniales	Amoebophryaceae	Amoebophrya	no_hit
ASV_1822	Eukaryota	no_hit	unknown	Dinophyceae	Syndiniales	Amoebophryaceae	Amoebophrya	no_hit
ASV_1823	Eukaryota	no_hit	unknown	unknown	unknown	unknown	unknown	eukaryote clone OLI11012
ASV_1824	Eukaryota	no_hit	Foraminifera	unknown	Rotaliida	Cassidulinidae	Cassidulina	no_hit
ASV_1825	Eukaryota	no_hit	unknown	unknown	unknown	unknown	unknown	uncultured marine eukaryote
ASV_1826	Eukaryota	no_hit	unknown	Dinophyceae	Peridiniales	Peridiniaceae	Pernambugia	Pernambugia tuberosa
ASV_1827	Eukaryota	no_hit	Cercozoa	Thecofilosea	Cryomonadida	no_hit	no_hit	no_hit
ASV_1828	Eukaryota	no_hit	unknown	Dinophyceae	Syndiniales	Amoebophryaceae	Amoebophrya	no_hit
ASV_1829	no_hit	no_hit	no_hit	no_hit	no_hit	no_hit	no_hit	no_hit
ASV_1830	Eukaryota	no_hit	Bacillariophyta	Bacillariophyceae	Bacillariales	Bacillariaceae	Pseudo-nitzschia	no_hit
ASV_1831	Eukaryota	no_hit	no_hit	no_hit	no_hit	no_hit	no_hit	no_hit
ASV_1832	no_hit	no_hit	no_hit	no_hit	no_hit	no_hit	no_hit	no_hit
ASV_1833	Eukaryota	no_hit	unknown	unknown	unknown	unknown	unknown	uncultured marine picoeukaryote
ASV_1834	Eukaryota	no_hit	unknown	unknown	unknown	unknown	unknown	Uncultured marine alveolate Group I DH145-EKD10
ASV_1835	Eukaryota	no_hit	unknown	Dinophyceae	Syndiniales	Amoebophryaceae	Amoebophrya	no_hit
ASV_1836	Eukaryota	no_hit	unknown	Dinophyceae	Syndiniales	Eudubosquellidae	Euduboscquella	Euduboscquella sp. ex Favella arcuata
ASV_1837	Eukaryota	Viridiplantae	Chlorophyta	no_hit	no_hit	no_hit	no_hit	no_hit
ASV_1838	Eukaryota	no_hit	no_hit	no_hit	no_hit	no_hit	no_hit	no_hit
ASV_1839	Eukaryota	no_hit	Haptophyta	no_hit	no_hit	no_hit	no_hit	no_hit
ASV_1840	Eukaryota	no_hit	unknown	Dinophyceae	Syndiniales	Amoebophryaceae	Amoebophrya	no_hit
ASV_1841	Eukaryota	no_hit	unknown	Dinophyceae	no_hit	no_hit	no_hit	no_hit
ASV_1842	Eukaryota	no_hit	unknown	unknown	unknown	unknown	unknown	uncultured marine eukaryote
ASV_1843	Eukaryota	no_hit	unknown	Dinophyceae	Syndiniales	Amoebophryaceae	Amoebophrya	no_hit
ASV_1844	Eukaryota	no_hit	no_hit	no_hit	no_hit	no_hit	no_hit	no_hit
ASV_1845	Eukaryota	no_hit	unknown	Dinophyceae	Syndiniales	Amoebophryaceae	Amoebophrya	no_hit
ASV_1846	no_hit	no_hit	no_hit	no_hit	no_hit	no_hit	no_hit	no_hit
ASV_1847	Eukaryota	no_hit	unknown	Dinophyceae	Syndiniales	Amoebophryaceae	Amoebophrya	no_hit
ASV_1848	Eukaryota	no_hit	unknown	unknown	unknown	unknown	unknown	uncultured marine picoeukaryote
ASV_1849	Eukaryota	no_hit	unknown	Dinophyceae	Peridiniales	no_hit	no_hit	no_hit
ASV_1850	Eukaryota	no_hit	unknown	Dinophyceae	Syndiniales	Amoebophryaceae	Amoebophrya	no_hit
ASV_1851	Eukaryota	no_hit	no_hit	no_hit	no_hit	no_hit	no_hit	no_hit
ASV_1852	Eukaryota	no_hit	no_hit	no_hit	no_hit	no_hit	no_hit	no_hit
ASV_1853	Eukaryota	no_hit	unknown	Cryptophyceae	Kathablepharidacea	Katablepharidaceae	Leucocryptos	Leucocryptos marina
ASV_1854	Eukaryota	no_hit	unknown	Bolidophyceae	Parmales	Triparmaceae	Bolidomonas	no_hit
ASV_1855	Eukaryota	no_hit	no_hit	no_hit	no_hit	no_hit	no_hit	no_hit
ASV_1856	Eukaryota	no_hit	unknown	Dinophyceae	Peridiniales	Amphidiniopsidaceae	Amphidiniopsis	Amphidiniopsis uroensis
ASV_1857	Eukaryota	no_hit	Bacillariophyta	Coscinodiscophyceae	Chaetocerotales	Chaetocerotaceae	Chaetoceros	Chaetoceros sp. UNC1416
ASV_1858	Eukaryota	no_hit	unknown	Dinophyceae	Syndiniales	Amoebophryaceae	Amoebophrya	no_hit
ASV_1859	Eukaryota	no_hit	unknown	unknown	unknown	unknown	unknown	uncultured marine eukaryote
ASV_1860	Eukaryota	no_hit	unknown	Bigyra	Oblongichytrida	unknown	Oblongichytrium	no_hit
ASV_1861	Eukaryota	no_hit	Bacillariophyta	Coscinodiscophyceae	Chaetocerotales	Chaetocerotaceae	Chaetoceros	Chaetoceros sp. NIES-3971
ASV_1862	Eukaryota	no_hit	Euglenozoa	Euglenida	Eutreptiales	unknown	Eutreptiella	Eutreptiella eupharyngea
ASV_1863	Eukaryota	no_hit	Cercozoa	unknown	Cercomonadida	Cercomonadidae	Cercomonas	Cercomonas edax
ASV_1864	Eukaryota	Metazoa	Rotifera	Eurotatoria	Ploima	no_hit	no_hit	no_hit
ASV_1865	Eukaryota	Metazoa	Cnidaria	Hydrozoa	Narcomedusae	Aeginidae	Aegina	Aegina citrea
ASV_1866	Eukaryota	no_hit	Euglenozoa	unknown	Diplonemea	unknown	unknown	Diplonemida sp. 3 RG-2016
ASV_1867	Eukaryota	no_hit	unknown	unknown	unknown	unknown	unknown	uncultured marine picoeukaryote
ASV_1868	Eukaryota	no_hit	Haptophyta	unknown	Prymnesiales	Chrysochromulinaceae	Chrysochromulina	Chrysochromulina campanulifera
ASV_1869	Eukaryota	no_hit	Ciliophora	Spirotrichea	Choreotrichida	Strobilidiidae	Rimostrombidium	Rimostrombidium veniliae
ASV_1870	Eukaryota	no_hit	unknown	Dinophyceae	Gymnodiniales	Gymnodiniaceae	no_hit	no_hit
ASV_1871	Eukaryota	no_hit	unknown	Chrysophyceae	Chromulinales	no_hit	no_hit	no_hit
ASV_1872	Eukaryota	Metazoa	Annelida	Polychaeta	no_hit	no_hit	no_hit	no_hit
ASV_1873	Eukaryota	no_hit	Euglenozoa	unknown	Diplonemea	unknown	unknown	Diplonemida sp. 13 RG-2016
ASV_1874	Eukaryota	no_hit	Cercozoa	unknown	unknown	unknown	unknown	Cercozoa sp. WHOI LI1-14
ASV_1875	Eukaryota	no_hit	Imbricatea	unknown	Thaumatomonadida	Thaumatomastigidae	Protaspis	Protaspis sp. CC-2009a
ASV_1876	Eukaryota	no_hit	Ciliophora	Litostomatea	Haptorida	Didiniidae	Cyclotrichium	Cyclotrichium cyclokaryon
ASV_1877	Eukaryota	no_hit	unknown	Dinophyceae	Syndiniales	Amoebophryaceae	Amoebophrya	no_hit
ASV_1878	Eukaryota	no_hit	unknown	Dinophyceae	no_hit	no_hit	no_hit	no_hit
ASV_1879	Eukaryota	no_hit	unknown	Dinophyceae	Gymnodiniales	Kareniaceae	Karlodinium	no_hit
ASV_1880	Eukaryota	no_hit	unknown	Dinophyceae	Syndiniales	Amoebophryaceae	Amoebophrya	no_hit
ASV_1881	no_hit	no_hit	no_hit	no_hit	no_hit	no_hit	no_hit	no_hit
ASV_1882	Eukaryota	no_hit	unknown	Dinophyceae	no_hit	no_hit	no_hit	no_hit
ASV_1883	Eukaryota	no_hit	Euglenozoa	unknown	Diplonemea	unknown	unknown	Diplonemida sp. 37 RG-2016
ASV_1884	Eukaryota	no_hit	Ciliophora	Colpodea	unknown	unknown	unknown	Uncultured marine colpodean ciliate DH147-EKD23
ASV_1885	Eukaryota	no_hit	unknown	unknown	unknown	unknown	unknown	Uncultured marine alveolate Group II DH148-EKD27
ASV_1886	Eukaryota	no_hit	Ciliophora	Spirotrichea	Sporadotrichida	Oxytrichidae	Pleurotricha	no_hit
ASV_1887	Eukaryota	no_hit	unknown	Dinophyceae	Peridiniales	Protoperidiniaceae	Protoperidinium	Protoperidinium thulesense
ASV_1888	Eukaryota	no_hit	Imbricatea	unknown	Thaumatomonadida	Thaumatomastigidae	Thaumatomastix	Thaumatomastix sp. CC002-Boundary Bay
ASV_1889	Eukaryota	no_hit	Bacillariophyta	Coscinodiscophyceae	Chaetocerotales	Chaetocerotaceae	Chaetoceros	no_hit
ASV_1890	Eukaryota	no_hit	unknown	unknown	unknown	unknown	unknown	uncultured marine eukaryote
ASV_1891	Eukaryota	no_hit	unknown	Dinophyceae	no_hit	no_hit	no_hit	no_hit
ASV_1892	no_hit	no_hit	no_hit	no_hit	no_hit	no_hit	no_hit	no_hit
ASV_1893	Eukaryota	Viridiplantae	Chlorophyta	no_hit	no_hit	no_hit	no_hit	no_hit
ASV_1894	Eukaryota	no_hit	unknown	unknown	unknown	unknown	unknown	uncultured marine eukaryote
ASV_1895	Eukaryota	no_hit	unknown	Dinophyceae	Peridiniales	Kryptoperidiniaceae	no_hit	no_hit
ASV_1896	Eukaryota	no_hit	Cercozoa	Thecofilosea	Tectofilosida	Chlamydophryidae	Trachyrhizium	Trachyrhizium urniformis
ASV_1897	Eukaryota	no_hit	Haptophyta	unknown	Prymnesiales	Prymnesiaceae	no_hit	no_hit
ASV_1898	Eukaryota	no_hit	unknown	Dictyochophyceae	Pedinellales	unknown	Pseudopedinella	Pseudopedinella elastica
ASV_1899	Eukaryota	no_hit	Ciliophora	Oligohymenophorea	Philasterida	no_hit	no_hit	no_hit
ASV_1900	Eukaryota	no_hit	unknown	Dinophyceae	Syndiniales	Amoebophryaceae	Amoebophrya	no_hit
ASV_1901	Eukaryota	no_hit	Apicomplexa	Conoidasida	Eucoccidiorida	Eimeriidae	no_hit	no_hit
ASV_1902	Eukaryota	no_hit	Imbricatea	unknown	Thaumatomonadida	Thaumatomastigidae	Protaspis	Protaspis obliqua
ASV_1903	Eukaryota	no_hit	no_hit	no_hit	no_hit	no_hit	no_hit	no_hit
ASV_1904	no_hit	no_hit	no_hit	no_hit	no_hit	no_hit	no_hit	no_hit
ASV_1905	Eukaryota	no_hit	unknown	Dinophyceae	no_hit	no_hit	no_hit	no_hit
ASV_1906	Eukaryota	no_hit	Tubulinea	unknown	unknown	unknown	unknown	Lobosea sp. Mb_5C
ASV_1907	Eukaryota	no_hit	Picozoa	unknown	unknown	unknown	unknown	Picobiliphyte sp. MS584-11
ASV_1908	Eukaryota	no_hit	unknown	Bigyra	Nanomonadea	unknown	Solenicola	no_hit
ASV_1909	Eukaryota	no_hit	unknown	Bigyra	Thraustochytrida	Thraustochytriaceae	no_hit	no_hit
ASV_1910	Eukaryota	no_hit	unknown	Dinophyceae	Syndiniales	Amoebophryaceae	Amoebophrya	no_hit
ASV_1911	Eukaryota	no_hit	unknown	Dinophyceae	Syndiniales	no_hit	no_hit	no_hit
ASV_1912	Eukaryota	no_hit	unknown	Dinophyceae	Syndiniales	Amoebophryaceae	Amoebophrya	no_hit
ASV_1913	Eukaryota	no_hit	unknown	Dinophyceae	no_hit	no_hit	no_hit	no_hit
ASV_1914	Eukaryota	no_hit	Ciliophora	Oligohymenophorea	Philasterida	Loxocephalidae	Kariphilus	Kariphilus muscorum
ASV_1915	Eukaryota	no_hit	unknown	Dinophyceae	Gymnodiniales	Ceratoperidiniaeceae	Pseliodinium	Pseliodinium pirum
ASV_1916	Eukaryota	no_hit	unknown	unknown	unknown	unknown	unknown	uncultured marine eukaryote
ASV_1917	Eukaryota	no_hit	unknown	unknown	unknown	unknown	unknown	Uncultured marine alveolate Group I DH145-EKD10
ASV_1918	Eukaryota	no_hit	Bacillariophyta	Coscinodiscophyceae	Melosirales	Stephanopyxidaceae	Stephanopyxis	Stephanopyxis turris
ASV_1919	Eukaryota	no_hit	unknown	unknown	unknown	unknown	unknown	uncultured marine eukaryote
ASV_1920	Eukaryota	no_hit	unknown	Choanoflagellata	Acanthoecida	Stephanoecidae	Diaphanoeca	Diaphanoeca grandis
ASV_1921	Eukaryota	no_hit	unknown	Cryptophyceae	Pyrenomonadales	Geminigeraceae	Geminigera	Geminigera cryophila
ASV_1922	no_hit	no_hit	no_hit	no_hit	no_hit	no_hit	no_hit	no_hit
ASV_1923	Eukaryota	no_hit	unknown	Dinophyceae	Syndiniales	Amoebophryaceae	Amoebophrya	no_hit
ASV_1924	no_hit	no_hit	no_hit	no_hit	no_hit	no_hit	no_hit	no_hit
ASV_1925	Eukaryota	no_hit	no_hit	no_hit	no_hit	no_hit	no_hit	no_hit
ASV_1926	Eukaryota	Metazoa	Arthropoda	Hexanauplia	Calanoida	Calocalanidae	Calocalanus	Calocalanus tenuis
ASV_1927	Eukaryota	no_hit	Tubulinea	unknown	unknown	unknown	unknown	Tubulinea group 02 sp. HF1KJ
ASV_1928	Eukaryota	no_hit	Euglenozoa	unknown	Diplonemea	no_hit	no_hit	no_hit
ASV_1929	Eukaryota	no_hit	no_hit	no_hit	no_hit	no_hit	no_hit	no_hit
ASV_1930	Eukaryota	no_hit	Euglenozoa	unknown	Diplonemea	unknown	unknown	Diplonemida sp. 1sb RG-2016
ASV_1931	Eukaryota	no_hit	unknown	Dinophyceae	Syndiniales	Amoebophryaceae	Amoebophrya	no_hit
ASV_1932	Eukaryota	no_hit	unknown	Cryptophyceae	Pyrenomonadales	Pyrenomonadaceae	Rhodomonas	no_hit
ASV_1933	Eukaryota	Metazoa	Annelida	Polychaeta	unknown	Capitellidae	Dasybranchus	no_hit
ASV_1934	no_hit	no_hit	no_hit	no_hit	no_hit	no_hit	no_hit	no_hit
ASV_1935	Eukaryota	no_hit	unknown	unknown	unknown	unknown	unknown	uncultured marine eukaryote
ASV_1936	Eukaryota	no_hit	unknown	Dinophyceae	Syndiniales	Amoebophryaceae	Amoebophrya	no_hit
ASV_1937	Eukaryota	no_hit	Haptophyta	unknown	Prymnesiales	Prymnesiaceae	Prymnesium	no_hit
ASV_1938	Eukaryota	no_hit	unknown	Dinophyceae	no_hit	no_hit	no_hit	no_hit
ASV_1939	Eukaryota	no_hit	no_hit	no_hit	no_hit	no_hit	no_hit	no_hit
ASV_1940	Eukaryota	no_hit	Euglenozoa	unknown	Diplonemea	unknown	unknown	Diplonemida sp. 37 RG-2016
ASV_1941	Bacteria	no_hit	unknown	unknown	unknown	unknown	unknown	bacterium
ASV_1942	Eukaryota	no_hit	unknown	Polycystinea	no_hit	no_hit	no_hit	no_hit
ASV_1943	no_hit	no_hit	no_hit	no_hit	no_hit	no_hit	no_hit	no_hit
ASV_1944	Eukaryota	no_hit	unknown	Dinophyceae	no_hit	no_hit	no_hit	no_hit
ASV_1945	Eukaryota	no_hit	Euglenozoa	unknown	Diplonemea	unknown	unknown	Diplonemida sp. 1sb RG-2016
ASV_1946	Eukaryota	no_hit	Ciliophora	Spirotrichea	no_hit	no_hit	no_hit	no_hit
ASV_1947	Eukaryota	no_hit	unknown	Bolidophyceae	Parmales	Triparmaceae	Triparma	Triparma pacifica
ASV_1948	Eukaryota	no_hit	Haptophyta	no_hit	no_hit	no_hit	no_hit	no_hit
ASV_1949	Eukaryota	no_hit	unknown	Dinophyceae	Syndiniales	no_hit	no_hit	no_hit
ASV_1950	Eukaryota	no_hit	unknown	Dinophyceae	Syndiniales	Amoebophryaceae	Amoebophrya	no_hit
ASV_1951	Eukaryota	no_hit	unknown	Dinophyceae	Syndiniales	no_hit	no_hit	no_hit
ASV_1952	Eukaryota	no_hit	unknown	Dinophyceae	Syndiniales	Amoebophryaceae	Amoebophrya	no_hit
ASV_1953	Eukaryota	no_hit	unknown	Dinophyceae	no_hit	no_hit	no_hit	no_hit
ASV_1954	no_hit	no_hit	no_hit	no_hit	no_hit	no_hit	no_hit	no_hit
ASV_1955	Eukaryota	no_hit	Imbricatea	unknown	unknown	Metromonadea	Metopion	Metopion fluens
ASV_1956	Eukaryota	Metazoa	Nemertea	Pilidiophora	Heteronemertea	Lineidae	no_hit	no_hit
ASV_1957	Eukaryota	no_hit	unknown	Dinophyceae	no_hit	no_hit	no_hit	no_hit
ASV_1958	Eukaryota	Viridiplantae	Chlorophyta	Mamiellophyceae	Dolichomastigales	Crustomastigaceae	Crustomastix	Crustomastix stigmatica
ASV_1959	Eukaryota	no_hit	Ciliophora	Spirotrichea	no_hit	no_hit	no_hit	no_hit
ASV_1960	Eukaryota	no_hit	unknown	unknown	unknown	unknown	unknown	Uncultured marine alveolate Group II DH148-EKD27
ASV_1961	Eukaryota	no_hit	unknown	Dinophyceae	no_hit	no_hit	no_hit	no_hit
ASV_1962	Eukaryota	no_hit	no_hit	no_hit	no_hit	no_hit	no_hit	no_hit
ASV_1963	Eukaryota	no_hit	unknown	Chrysophyceae	Chromulinales	Chromulinaceae	no_hit	no_hit
ASV_1964	Eukaryota	no_hit	unknown	Dinophyceae	no_hit	no_hit	no_hit	no_hit
ASV_1965	Eukaryota	no_hit	unknown	Dinophyceae	no_hit	no_hit	no_hit	no_hit
ASV_1966	Eukaryota	Fungi	Cryptomycota	no_hit	no_hit	no_hit	no_hit	no_hit
ASV_1967	Eukaryota	no_hit	no_hit	no_hit	no_hit	no_hit	no_hit	no_hit
ASV_1968	no_hit	no_hit	no_hit	no_hit	no_hit	no_hit	no_hit	no_hit
ASV_1969	Eukaryota	no_hit	Euglenozoa	unknown	Diplonemea	unknown	unknown	Diplonemida sp. 27 RG-2016
ASV_1970	Eukaryota	no_hit	unknown	Dinophyceae	Peridiniales	no_hit	no_hit	no_hit
ASV_1971	Eukaryota	no_hit	Imbricatea	unknown	Euglyphida	Paulinellidae	Paulinella	Paulinella chromatophora
ASV_1972	Eukaryota	no_hit	unknown	Dinophyceae	no_hit	no_hit	no_hit	no_hit
ASV_1973	Eukaryota	no_hit	unknown	Dinophyceae	Gymnodiniales	Gymnodiniaceae	Moestrupia	Moestrupia sp. HG228
ASV_1974	Eukaryota	Viridiplantae	Streptophyta	Magnoliopsida	Brassicales	Brassicaceae	no_hit	no_hit
ASV_1975	Eukaryota	Viridiplantae	Streptophyta	Magnoliopsida	Fabales	Fabaceae	Astragalus	Astragalus glycyphyllos
ASV_1976	Eukaryota	Viridiplantae	Prasinodermophyta	Prasinodermophyceae	Prasinodermales	Prasinodermaceae	Prasinoderma	Prasinoderma singulare
ASV_1977	Eukaryota	no_hit	unknown	Dinophyceae	Syndiniales	Amoebophryaceae	Amoebophrya	no_hit
ASV_1978	Eukaryota	no_hit	unknown	unknown	unknown	unknown	unknown	uncultured marine eukaryote
ASV_1979	Eukaryota	no_hit	no_hit	no_hit	no_hit	no_hit	no_hit	no_hit
ASV_1980	Eukaryota	no_hit	unknown	Pelagophyceae	Pelagomonadales	unknown	Pelagococcus	Pelagococcus subviridis
ASV_1981	Eukaryota	no_hit	Cercozoa	no_hit	no_hit	no_hit	no_hit	no_hit
ASV_1982	Eukaryota	no_hit	unknown	Dinophyceae	Syndiniales	no_hit	no_hit	no_hit
ASV_1983	Eukaryota	no_hit	unknown	Dinophyceae	Syndiniales	Amoebophryaceae	Amoebophrya	no_hit
ASV_1984	Eukaryota	no_hit	unknown	Dinophyceae	Syndiniales	Amoebophryaceae	Amoebophrya	no_hit
ASV_1985	Eukaryota	no_hit	unknown	Dinophyceae	Gymnodiniales	Gymnodiniaceae	Lepidodinium	Lepidodinium viride
ASV_1986	Eukaryota	no_hit	unknown	Dinophyceae	no_hit	no_hit	no_hit	no_hit
ASV_1987	Eukaryota	no_hit	Imbricatea	unknown	Marimonadida	unknown	Pseudopirsonia	Pseudopirsonia mucosa
ASV_1988	Eukaryota	no_hit	unknown	Bigyra	Oblongichytrida	unknown	Oblongichytrium	no_hit
ASV_1989	no_hit	no_hit	no_hit	no_hit	no_hit	no_hit	no_hit	no_hit
ASV_1990	Eukaryota	no_hit	unknown	Dinophyceae	Syndiniales	Duboscquellidae	Duboscquella	no_hit
ASV_1991	Eukaryota	no_hit	unknown	Polycystinea	no_hit	no_hit	no_hit	no_hit
ASV_1992	Eukaryota	no_hit	unknown	Dinophyceae	Suessiales	Suessiaceae	Protodinium	Protodinium simplex
ASV_1993	Eukaryota	no_hit	unknown	Dinophyceae	Syndiniales	Amoebophryaceae	Amoebophrya	no_hit
ASV_1994	Eukaryota	no_hit	unknown	Dinophyceae	Syndiniales	no_hit	no_hit	no_hit
ASV_1995	Eukaryota	no_hit	unknown	unknown	unknown	unknown	unknown	uncultured marine eukaryote
ASV_1996	Eukaryota	no_hit	unknown	Dinophyceae	Syndiniales	Amoebophryaceae	Amoebophrya	no_hit
ASV_1997	Eukaryota	no_hit	no_hit	no_hit	no_hit	no_hit	no_hit	no_hit
ASV_1998	Eukaryota	no_hit	no_hit	no_hit	no_hit	no_hit	no_hit	no_hit
ASV_1999	no_hit	no_hit	no_hit	no_hit	no_hit	no_hit	no_hit	no_hit
ASV_2000	Eukaryota	no_hit	unknown	Dinophyceae	Syndiniales	no_hit	no_hit	no_hit
ASV_2001	Eukaryota	no_hit	unknown	Dinophyceae	Peridiniales	Peridiniaceae	Peridinium	no_hit
ASV_2002	Eukaryota	no_hit	unknown	Dinophyceae	Coccidiniales	Chytriodiniaceae	Chytriodinium	Chytriodinium sp. Atlantic
ASV_2003	Eukaryota	no_hit	unknown	unknown	unknown	unknown	unknown	Uncultured marine alveolate Group I DH145-EKD10
ASV_2004	Eukaryota	no_hit	unknown	Dinophyceae	Syndiniales	Amoebophryaceae	Amoebophrya	no_hit
ASV_2005	Eukaryota	no_hit	unknown	Dinophyceae	Syndiniales	Amoebophryaceae	Amoebophrya	no_hit
ASV_2006	Eukaryota	no_hit	Bacillariophyta	Coscinodiscophyceae	Thalassiosirales	Lauderiaceae	Lauderia	Lauderia borealis
ASV_2007	Eukaryota	no_hit	unknown	Dinophyceae	Syndiniales	Amoebophryaceae	Amoebophrya	no_hit
ASV_2008	Eukaryota	no_hit	unknown	Acantharea	Arthracanthida	Acanthometridae	Acanthometra	Acanthometra sp. 3 ICG-2009
ASV_2009	Eukaryota	no_hit	unknown	Polycystinea	Spumellaria	Pyloniidae	Streblacantha	Streblacantha circumtexta
ASV_2010	Eukaryota	no_hit	unknown	Dinophyceae	Syndiniales	no_hit	no_hit	no_hit
ASV_2011	Eukaryota	no_hit	Haptophyta	unknown	Prymnesiales	Chrysochromulinaceae	Chrysochromulina	Chrysochromulina acantha
ASV_2012	Eukaryota	no_hit	unknown	unknown	unknown	unknown	unknown	uncultured marine picoeukaryote
ASV_2013	Eukaryota	no_hit	Ciliophora	Prostomatea	Prorodontida	unknown	Halodinium	Halodinium verrucatum
ASV_2014	Eukaryota	no_hit	unknown	Polycystinea	Collodaria	Collozoidae	Cladococcus	Cladococcus viminalis
ASV_2015	Eukaryota	no_hit	unknown	unknown	unknown	unknown	unknown	uncultured marine eukaryote
ASV_2016	Eukaryota	no_hit	unknown	unknown	unknown	unknown	unknown	uncultured marine picoeukaryote
ASV_2017	Eukaryota	no_hit	unknown	Dinophyceae	Syndiniales	no_hit	no_hit	no_hit
ASV_2018	Eukaryota	no_hit	unknown	Dinophyceae	Syndiniales	no_hit	no_hit	no_hit
ASV_2019	Eukaryota	Viridiplantae	Chlorophyta	Nephroselmidophyceae	Nephroselmidales	Nephroselmidaceae	Nephroselmis	Nephroselmis pyriformis
ASV_2020	Eukaryota	no_hit	Euglenozoa	unknown	Diplonemea	Diplonemidae	Diplonema	Diplonema sp. ATCC 50232
ASV_2021	Eukaryota	no_hit	unknown	Dinophyceae	Syndiniales	no_hit	no_hit	no_hit
ASV_2022	Eukaryota	no_hit	unknown	unknown	unknown	unknown	unknown	uncultured marine picoeukaryote
ASV_2023	Eukaryota	no_hit	unknown	Cryptophyceae	no_hit	no_hit	no_hit	no_hit
ASV_2024	Eukaryota	no_hit	unknown	unknown	unknown	unknown	unknown	uncultured marine eukaryote
ASV_2025	Eukaryota	no_hit	unknown	Dinophyceae	no_hit	no_hit	no_hit	no_hit
ASV_2026	Eukaryota	no_hit	Euglenozoa	unknown	Diplonemea	unknown	unknown	Diplonemida sp. 21sb RG-2016
ASV_2027	Eukaryota	no_hit	unknown	Dinophyceae	Syndiniales	Syndiniaceae	Hematodinium	no_hit
ASV_2028	Eukaryota	no_hit	Ciliophora	Oligohymenophorea	Apostomatida	no_hit	no_hit	no_hit
ASV_2029	Eukaryota	no_hit	Ciliophora	Oligohymenophorea	Philasterida	Loxocephalidae	Zitheron	Zitheron hovassei
ASV_2030	Eukaryota	no_hit	unknown	Dinophyceae	no_hit	no_hit	no_hit	no_hit
ASV_2031	Eukaryota	no_hit	unknown	unknown	unknown	unknown	unknown	uncultured marine picoeukaryote
ASV_2032	Eukaryota	no_hit	no_hit	no_hit	no_hit	no_hit	no_hit	no_hit
ASV_2033	Eukaryota	no_hit	unknown	Bigyra	Bicosoecida	no_hit	no_hit	no_hit
ASV_2034	Eukaryota	no_hit	no_hit	no_hit	no_hit	no_hit	no_hit	no_hit
ASV_2035	Eukaryota	no_hit	unknown	Dinophyceae	Syndiniales	Amoebophryaceae	Amoebophrya	no_hit
ASV_2036	Eukaryota	no_hit	unknown	Dinophyceae	Syndiniales	no_hit	no_hit	no_hit
ASV_2037	no_hit	no_hit	no_hit	no_hit	no_hit	no_hit	no_hit	no_hit
ASV_2038	Eukaryota	no_hit	unknown	unknown	unknown	unknown	unknown	uncultured marine eukaryote
ASV_2039	Eukaryota	no_hit	Euglenozoa	unknown	Diplonemea	unknown	unknown	Diplonemida sp. 1sb RG-2016
ASV_2040	Eukaryota	no_hit	unknown	Dinophyceae	Syndiniales	Amoebophryaceae	Amoebophrya	no_hit
ASV_2041	Eukaryota	no_hit	Euglenozoa	unknown	Diplonemea	Diplonemidae	Lacrimia	no_hit
ASV_2042	Eukaryota	no_hit	unknown	unknown	unknown	unknown	unknown	uncultured marine eukaryote
ASV_2043	Eukaryota	no_hit	unknown	unknown	unknown	unknown	unknown	uncultured marine eukaryote
ASV_2044	Eukaryota	no_hit	Euglenozoa	unknown	Diplonemea	unknown	unknown	Diplonemida sp. 21sb RG-2016
ASV_2045	Eukaryota	no_hit	Ciliophora	Spirotrichea	no_hit	no_hit	no_hit	no_hit
ASV_2046	Eukaryota	no_hit	Ciliophora	Oligohymenophorea	Philasterida	no_hit	no_hit	no_hit
ASV_2047	Eukaryota	no_hit	unknown	Dinophyceae	Syndiniales	Amoebophryaceae	Amoebophrya	no_hit
ASV_2048	Eukaryota	no_hit	unknown	Dinophyceae	no_hit	no_hit	no_hit	no_hit
ASV_2049	Eukaryota	no_hit	Euglenozoa	unknown	Diplonemea	unknown	unknown	Diplonemida sp. 37 RG-2016
ASV_2050	Eukaryota	Metazoa	Chordata	Appendicularia	Copelata	Fritillariidae	Appendicularia <tunicates,genus>	Appendicularia tregouboffi
ASV_2051	Eukaryota	no_hit	unknown	Dinophyceae	Peridiniales	Peridiniaceae	Peridinium	Peridinium fusiformis
ASV_2052	Eukaryota	no_hit	unknown	Dinophyceae	no_hit	no_hit	no_hit	no_hit
ASV_2053	Eukaryota	no_hit	no_hit	no_hit	no_hit	no_hit	no_hit	no_hit
ASV_2054	Eukaryota	no_hit	Endomyxa	Ascetosporea	Paradiniida	unknown	Paradinium	Paradinium poucheti
ASV_2055	Eukaryota	no_hit	unknown	Dinophyceae	no_hit	no_hit	no_hit	no_hit
ASV_2056	Eukaryota	no_hit	unknown	Dinophyceae	Syndiniales	no_hit	no_hit	no_hit
ASV_2057	Eukaryota	no_hit	unknown	Dinophyceae	Syndiniales	Duboscquellidae	Duboscquella	no_hit
ASV_2058	Eukaryota	no_hit	no_hit	no_hit	no_hit	no_hit	no_hit	no_hit
ASV_2059	Eukaryota	no_hit	unknown	Dinophyceae	no_hit	no_hit	no_hit	no_hit
ASV_2060	Eukaryota	no_hit	unknown	Dinophyceae	no_hit	no_hit	no_hit	no_hit
ASV_2061	Eukaryota	no_hit	unknown	unknown	unknown	unknown	unknown	uncultured marine eukaryote
ASV_2062	Eukaryota	no_hit	unknown	unknown	unknown	unknown	unknown	uncultured marine picoeukaryote
ASV_2063	Eukaryota	no_hit	unknown	Dinophyceae	Peridiniales	Heterocapsaceae	Heterocapsa	no_hit
ASV_2064	Eukaryota	no_hit	unknown	unknown	unknown	unknown	unknown	uncultured marine eukaryote
ASV_2065	Eukaryota	Metazoa	Arthropoda	Hexanauplia	Poecilostomatoida	Oncaeidae	no_hit	no_hit
ASV_2066	Eukaryota	Viridiplantae	Chlorophyta	Pedinophyceae	Marsupiomonadales	Marsupiomonadaceae	Protoeuglena	Protoeuglena noctilucae
ASV_2067	Eukaryota	no_hit	unknown	Dinophyceae	no_hit	no_hit	no_hit	no_hit
ASV_2068	Eukaryota	no_hit	unknown	Dinophyceae	Peridiniales	no_hit	no_hit	no_hit
ASV_2069	Eukaryota	no_hit	unknown	Polycystinea	Nassellaria	Plagiacanthidae	Lithomelissa	Lithomelissa sp. 8012
ASV_2070	Eukaryota	no_hit	Ciliophora	no_hit	no_hit	no_hit	no_hit	no_hit
ASV_2071	no_hit	no_hit	no_hit	no_hit	no_hit	no_hit	no_hit	no_hit
ASV_2072	Eukaryota	no_hit	no_hit	no_hit	no_hit	no_hit	no_hit	no_hit
ASV_2073	Eukaryota	no_hit	unknown	Dinophyceae	Syndiniales	Amoebophryaceae	Amoebophrya	no_hit
ASV_2074	Eukaryota	no_hit	Haptophyta	unknown	Prymnesiales	Chrysochromulinaceae	Chrysochromulina	Chrysochromulina strobilus
ASV_2075	Eukaryota	no_hit	unknown	Dinophyceae	Syndiniales	no_hit	no_hit	no_hit
ASV_2076	Eukaryota	no_hit	unknown	Dinophyceae	Gymnodiniales	Kareniaceae	Karlodinium	no_hit
ASV_2077	Eukaryota	no_hit	unknown	Cryptophyceae	Cyathomonadacea	Goniomonadaceae	Goniomonas	no_hit
ASV_2078	Eukaryota	no_hit	unknown	Dinophyceae	Gymnodiniales	Gymnodiniaceae	Amphidinium	no_hit
ASV_2079	Eukaryota	no_hit	Euglenozoa	unknown	Diplonemea	unknown	unknown	Diplonemida sp. 1sb RG-2016
ASV_2080	Eukaryota	no_hit	unknown	Dinophyceae	no_hit	no_hit	no_hit	no_hit
ASV_2081	Eukaryota	Viridiplantae	Chlorophyta	Mamiellophyceae	Mamiellales	Mamiellaceae	Micromonas	no_hit
ASV_2082	Eukaryota	Viridiplantae	Chlorophyta	Mamiellophyceae	Dolichomastigales	Crustomastigaceae	Crustomastix	Crustomastix stigmatica
ASV_2083	Eukaryota	no_hit	Ciliophora	Oligohymenophorea	Apostomatida	no_hit	no_hit	no_hit
ASV_2084	Eukaryota	no_hit	unknown	Dinophyceae	no_hit	no_hit	no_hit	no_hit
ASV_2085	Eukaryota	no_hit	unknown	Dictyochophyceae	Dictyochales	unknown	Dictyocha	Dictyocha fibula
ASV_2086	Eukaryota	no_hit	unknown	Dinophyceae	no_hit	no_hit	no_hit	no_hit
ASV_2087	Eukaryota	no_hit	unknown	Dinophyceae	Syndiniales	Amoebophryaceae	Amoebophrya	no_hit
ASV_2088	Eukaryota	no_hit	unknown	Dinophyceae	no_hit	no_hit	no_hit	no_hit
ASV_2089	Eukaryota	no_hit	unknown	Dinophyceae	no_hit	no_hit	no_hit	no_hit
ASV_2090	unassigned	unassigned	unassigned	unassigned	unassigned	unassigned	unassigned	unassigned
ASV_2091	Eukaryota	no_hit	unknown	Dinophyceae	Syndiniales	Amoebophryaceae	Amoebophrya	no_hit
ASV_2092	Eukaryota	no_hit	unknown	Dinophyceae	Gymnodiniales	Warnowiaceae	Erythropsidinium	no_hit
ASV_2093	Eukaryota	no_hit	Cercozoa	Thecofilosea	unknown	unknown	Mataza	Mataza hastifera
ASV_2094	Eukaryota	no_hit	Ciliophora	Oligohymenophorea	Apostomatida	Foettingeriidae	no_hit	no_hit
ASV_2095	Eukaryota	no_hit	Ciliophora	Spirotrichea	no_hit	no_hit	no_hit	no_hit
ASV_2096	Eukaryota	Metazoa	Annelida	Polychaeta	Phyllodocida	Glyceridae	Glycera	no_hit
ASV_2097	no_hit	no_hit	no_hit	no_hit	no_hit	no_hit	no_hit	no_hit
ASV_2098	Eukaryota	no_hit	unknown	Dinophyceae	Syndiniales	Amoebophryaceae	Amoebophrya	no_hit
ASV_2099	Eukaryota	no_hit	Haptophyta	unknown	Prymnesiales	Chrysochromulinaceae	Chrysochromulina	Chrysochromulina leadbeateri
ASV_2100	Eukaryota	no_hit	unknown	unknown	unknown	unknown	unknown	uncultured marine eukaryote
ASV_2101	Eukaryota	no_hit	unknown	Choanoflagellata	Craspedida	Salpingoecidae	Salpingoeca	Salpingoeca fusiformis
ASV_2102	Eukaryota	no_hit	no_hit	no_hit	no_hit	no_hit	no_hit	no_hit
ASV_2103	no_hit	no_hit	no_hit	no_hit	no_hit	no_hit	no_hit	no_hit
ASV_2104	Eukaryota	no_hit	unknown	unknown	unknown	unknown	unknown	Uncultured marine alveolate Group I DH147-EKD18
ASV_2105	Eukaryota	no_hit	unknown	Dinophyceae	Gonyaulacales	no_hit	no_hit	no_hit
ASV_2106	Eukaryota	no_hit	unknown	Dinophyceae	Peridiniales	no_hit	no_hit	no_hit
ASV_2107	Eukaryota	no_hit	no_hit	no_hit	no_hit	no_hit	no_hit	no_hit
ASV_2108	Eukaryota	no_hit	unknown	unknown	unknown	unknown	unknown	uncultured marine picoeukaryote
ASV_2109	Eukaryota	no_hit	Ciliophora	no_hit	no_hit	no_hit	no_hit	no_hit
ASV_2110	Eukaryota	no_hit	unknown	Dinophyceae	Gymnodiniales	Gymnodiniaceae	Lepidodinium	Lepidodinium viride
ASV_2111	Eukaryota	no_hit	Cercozoa	no_hit	no_hit	no_hit	no_hit	no_hit
ASV_2112	Eukaryota	no_hit	Ciliophora	Spirotrichea	unknown	Tontoniidae	Pseudotontonia	Pseudotontonia simplicidens
ASV_2113	no_hit	no_hit	no_hit	no_hit	no_hit	no_hit	no_hit	no_hit
ASV_2114	no_hit	no_hit	no_hit	no_hit	no_hit	no_hit	no_hit	no_hit
ASV_2115	Eukaryota	no_hit	unknown	Dinophyceae	no_hit	no_hit	no_hit	no_hit
ASV_2116	Eukaryota	no_hit	unknown	unknown	unknown	unknown	unknown	uncultured marine picoeukaryote
ASV_2117	Eukaryota	no_hit	unknown	Dinophyceae	Syndiniales	Amoebophryaceae	Amoebophrya	no_hit
ASV_2118	Eukaryota	no_hit	unknown	Dinophyceae	Gymnodiniales	Warnowiaceae	Warnowia	no_hit
ASV_2119	Eukaryota	no_hit	no_hit	no_hit	no_hit	no_hit	no_hit	no_hit
ASV_2120	Eukaryota	no_hit	unknown	unknown	Telonemida	unknown	Telonema	no_hit
ASV_2121	Eukaryota	no_hit	no_hit	no_hit	no_hit	no_hit	no_hit	no_hit
ASV_2122	Eukaryota	no_hit	unknown	Dinophyceae	Thoracosphaerales	Thoracosphaeraceae	Stoeckeria	Stoeckeria algicida
ASV_2123	Eukaryota	no_hit	Imbricatea	unknown	Thaumatomonadida	no_hit	no_hit	no_hit
ASV_2124	Eukaryota	no_hit	unknown	unknown	unknown	unknown	unknown	uncultured marine picoeukaryote
ASV_2125	Eukaryota	no_hit	unknown	unknown	unknown	unknown	unknown	uncultured marine picoeukaryote
ASV_2126	Eukaryota	no_hit	unknown	Dinophyceae	Syndiniales	Amoebophryaceae	Amoebophrya	no_hit
ASV_2127	Eukaryota	no_hit	unknown	Dinophyceae	Syndiniales	Amoebophryaceae	Amoebophrya	no_hit
ASV_2128	no_hit	no_hit	no_hit	no_hit	no_hit	no_hit	no_hit	no_hit
ASV_2129	Eukaryota	no_hit	unknown	Polycystinea	Spumellaria	Spongodiscidae	Stylodictya	Stylodictya sp. 8037
ASV_2130	Eukaryota	no_hit	unknown	unknown	unknown	unknown	unknown	Uncultured marine alveolate Group I DH145-EKD10
ASV_2131	Eukaryota	no_hit	unknown	Dinophyceae	Peridiniales	Peridiniaceae	Pentapharsodinium	Pentapharsodinium tyrrhenicum
ASV_2132	Eukaryota	no_hit	unknown	Choanoflagellata	Acanthoecida	Stephanoecidae	Didymoeca	Didymoeca costata
ASV_2133	Eukaryota	no_hit	unknown	Dinophyceae	Syndiniales	Amoebophryaceae	Amoebophrya	no_hit
ASV_2134	Eukaryota	no_hit	unknown	Dinophyceae	unknown	unknown	Madanidinium	Madanidinium loirii
ASV_2135	Eukaryota	Metazoa	Annelida	Polychaeta	Xenopneusta	Urechidae	Urechis	no_hit
ASV_2136	Eukaryota	no_hit	unknown	Dinophyceae	Peridiniales	Kryptoperidiniaceae	Durinskia	Durinskia kwazulunatalensis
ASV_2137	Eukaryota	no_hit	unknown	Dinophyceae	Prorocentrales	Prorocentraceae	Prorocentrum	Prorocentrum tsawwassenense
ASV_2138	no_hit	no_hit	no_hit	no_hit	no_hit	no_hit	no_hit	no_hit
ASV_2139	Eukaryota	no_hit	Ciliophora	Spirotrichea	Tintinnida	Tintinnidae	Salpingella	no_hit
ASV_2140	Eukaryota	no_hit	no_hit	no_hit	no_hit	no_hit	no_hit	no_hit
ASV_2141	Eukaryota	no_hit	unknown	Dinophyceae	Syndiniales	Amoebophryaceae	Amoebophrya	no_hit
ASV_2142	Eukaryota	no_hit	unknown	Dinophyceae	Syndiniales	Amoebophryaceae	Amoebophrya	no_hit
ASV_2143	no_hit	no_hit	no_hit	no_hit	no_hit	no_hit	no_hit	no_hit
ASV_2144	Eukaryota	no_hit	Ciliophora	Oligohymenophorea	Apostomatida	Foettingeriidae	no_hit	no_hit
ASV_2145	Eukaryota	no_hit	no_hit	no_hit	no_hit	no_hit	no_hit	no_hit
ASV_2146	Eukaryota	no_hit	unknown	Dinophyceae	Syndiniales	no_hit	no_hit	no_hit
ASV_2147	Eukaryota	no_hit	unknown	Cryptophyceae	Cryptomonadales	Hemiselmidaceae	Hemiselmis	no_hit
ASV_2148	Eukaryota	no_hit	unknown	Dinophyceae	Syndiniales	Amoebophryaceae	Amoebophrya	no_hit
ASV_2149	Eukaryota	no_hit	unknown	Dinophyceae	Blastodiniales	unknown	Blastodinium	no_hit
ASV_2150	Eukaryota	no_hit	Apicomplexa	Conoidasida	Eucoccidiorida	Cryptosporidiidae	Cryptosporidium	Cryptosporidium andersoni
ASV_2151	no_hit	no_hit	no_hit	no_hit	no_hit	no_hit	no_hit	no_hit
ASV_2152	Eukaryota	no_hit	no_hit	no_hit	no_hit	no_hit	no_hit	no_hit
ASV_2153	Eukaryota	no_hit	unknown	Dinophyceae	Peridiniales	Peridiniopsidaceae	Palatinus	Palatinus apiculatus
ASV_2154	no_hit	no_hit	no_hit	no_hit	no_hit	no_hit	no_hit	no_hit
ASV_2155	Eukaryota	no_hit	unknown	Dinophyceae	Syndiniales	Eudubosquellidae	Euduboscquella	no_hit
ASV_2156	Eukaryota	no_hit	unknown	Cryptophyceae	Kathablepharidacea	Katablepharidaceae	Leucocryptos	Leucocryptos marina
ASV_2157	Eukaryota	no_hit	Imbricatea	unknown	Euglyphida	Paulinellidae	Paulinella	no_hit
ASV_2158	Eukaryota	no_hit	unknown	Dinophyceae	Syndiniales	Amoebophryaceae	Amoebophrya	no_hit
ASV_2159	Eukaryota	no_hit	unknown	Dinophyceae	Syndiniales	no_hit	no_hit	no_hit
ASV_2160	Eukaryota	no_hit	unknown	Dinophyceae	Syndiniales	Amoebophryaceae	Amoebophrya	Amoebophrya sp. ex Gymnodinium instriatum
ASV_2161	Eukaryota	no_hit	unknown	Dinophyceae	Syndiniales	Amoebophryaceae	Amoebophrya	no_hit
ASV_2162	Eukaryota	no_hit	no_hit	no_hit	no_hit	no_hit	no_hit	no_hit
ASV_2163	Eukaryota	no_hit	unknown	Dinophyceae	Prorocentrales	Prorocentraceae	Prorocentrum	no_hit
ASV_2164	Eukaryota	no_hit	unknown	Dinophyceae	Peridiniales	Protoperidiniaceae	Protoperidinium	Protoperidinium crassipes
ASV_2165	Eukaryota	no_hit	unknown	Dinophyceae	Syndiniales	Syndiniaceae	Syndinium	Syndinium turbo
ASV_2166	Eukaryota	no_hit	Cercozoa	Thecofilosea	Cryomonadida	Protaspidae	Cryothecomonas	Cryothecomonas longipes
ASV_2167	Eukaryota	Metazoa	Arthropoda	Hexanauplia	Cyclopoida	Oithonidae	Oithona	Oithona similis
ASV_2168	Eukaryota	no_hit	Euglenozoa	Kinetoplastea	Eubodonida	Bodonidae	unknown	PLO of Paramoeba invadens AGS-2013
ASV_2169	Eukaryota	no_hit	Ciliophora	no_hit	no_hit	no_hit	no_hit	no_hit
ASV_2170	Eukaryota	no_hit	Ciliophora	unknown	unknown	unknown	Cryptocaryon	no_hit
ASV_2171	Eukaryota	no_hit	unknown	unknown	unknown	unknown	unknown	uncultured marine picoeukaryote
ASV_2172	Eukaryota	no_hit	unknown	Dinophyceae	Syndiniales	Amoebophryaceae	Amoebophrya	no_hit
ASV_2173	Eukaryota	no_hit	unknown	Dinophyceae	Syndiniales	Ellobiopsidae	Ellobiopsis	Ellobiopsis chattonii
ASV_2174	Eukaryota	no_hit	unknown	Dinophyceae	Gonyaulacales	Gonyaulacaceae	Alexandrium	no_hit
ASV_2175	Eukaryota	no_hit	unknown	unknown	unknown	unknown	unknown	eukaryote clone OLI11261
ASV_2176	Eukaryota	no_hit	unknown	Dinophyceae	Syndiniales	no_hit	no_hit	no_hit
ASV_2177	no_hit	no_hit	no_hit	no_hit	no_hit	no_hit	no_hit	no_hit
ASV_2178	Eukaryota	no_hit	Bacillariophyta	Coscinodiscophyceae	Thalassiosirales	Thalassiosiraceae	no_hit	no_hit
ASV_2179	Eukaryota	no_hit	unknown	Dinophyceae	no_hit	no_hit	no_hit	no_hit
ASV_2180	no_hit	no_hit	no_hit	no_hit	no_hit	no_hit	no_hit	no_hit
ASV_2181	Eukaryota	Fungi	Ascomycota	Eurotiomycetes	Eurotiales	Aspergillaceae	no_hit	no_hit
ASV_2182	Eukaryota	no_hit	unknown	Dinophyceae	Syndiniales	Amoebophryaceae	Amoebophrya	no_hit
ASV_2183	Eukaryota	no_hit	Euglenozoa	unknown	Diplonemea	unknown	unknown	Diplonemida sp. 21sb RG-2016
ASV_2184	no_hit	no_hit	no_hit	no_hit	no_hit	no_hit	no_hit	no_hit
ASV_2185	Eukaryota	no_hit	unknown	Dinophyceae	no_hit	no_hit	no_hit	no_hit
ASV_2186	no_hit	no_hit	no_hit	no_hit	no_hit	no_hit	no_hit	no_hit
ASV_2187	Eukaryota	no_hit	unknown	Dinophyceae	Gymnodiniales	Gymnodiniaceae	Gymnodinium	Gymnodinium catenatum
ASV_2188	Eukaryota	no_hit	Bacillariophyta	Coscinodiscophyceae	Melosirales	Stephanopyxidaceae	Stephanopyxis	Stephanopyxis turris
ASV_2189	Eukaryota	no_hit	unknown	Dinophyceae	Syndiniales	Amoebophryaceae	Amoebophrya	no_hit
ASV_2190	Eukaryota	no_hit	unknown	unknown	unknown	unknown	unknown	uncultured marine picoeukaryote
ASV_2191	Eukaryota	no_hit	unknown	unknown	unknown	unknown	unknown	uncultured marine picoeukaryote
ASV_2192	Eukaryota	no_hit	unknown	Dinophyceae	Syndiniales	no_hit	no_hit	no_hit
ASV_2193	Eukaryota	no_hit	Ciliophora	Spirotrichea	Choreotrichida	Strobilidiidae	Rimostrombidium	Rimostrombidium veniliae
ASV_2194	Eukaryota	no_hit	Cercozoa	no_hit	no_hit	no_hit	no_hit	no_hit
ASV_2195	Eukaryota	no_hit	unknown	Dinophyceae	Syndiniales	Amoebophryaceae	Amoebophrya	no_hit
ASV_2196	Eukaryota	no_hit	unknown	Dinophyceae	Syndiniales	Amoebophryaceae	Amoebophrya	no_hit
ASV_2197	Eukaryota	no_hit	Ciliophora	Spirotrichea	Tintinnida	Xystonellidae	Favella	no_hit
ASV_2198	Eukaryota	Viridiplantae	Streptophyta	no_hit	no_hit	no_hit	no_hit	no_hit
ASV_2199	no_hit	no_hit	no_hit	no_hit	no_hit	no_hit	no_hit	no_hit
ASV_2200	Eukaryota	no_hit	unknown	Dinophyceae	Gymnodiniales	Gymnodiniaceae	Gymnodinium	no_hit
ASV_2201	no_hit	no_hit	no_hit	no_hit	no_hit	no_hit	no_hit	no_hit
ASV_2202	no_hit	no_hit	no_hit	no_hit	no_hit	no_hit	no_hit	no_hit
ASV_2203	Eukaryota	no_hit	unknown	Dinophyceae	Syndiniales	Amoebophryaceae	Amoebophrya	no_hit
ASV_2204	Eukaryota	no_hit	unknown	Dinophyceae	no_hit	no_hit	no_hit	no_hit
ASV_2205	Eukaryota	no_hit	Euglenozoa	unknown	Diplonemea	unknown	unknown	Diplonemida sp. 21sb RG-2016
ASV_2206	Eukaryota	no_hit	unknown	Dinophyceae	Syndiniales	no_hit	no_hit	no_hit
ASV_2207	Eukaryota	no_hit	no_hit	no_hit	no_hit	no_hit	no_hit	no_hit
ASV_2208	no_hit	no_hit	no_hit	no_hit	no_hit	no_hit	no_hit	no_hit
ASV_2209	Eukaryota	no_hit	unknown	Dinophyceae	Dinophysiales	Dinophysiaceae	Dinophysis	Dinophysis acuminata
ASV_2210	Eukaryota	Viridiplantae	Chlorophyta	Mamiellophyceae	Dolichomastigales	Crustomastigaceae	Crustomastix	Crustomastix stigmatica
ASV_2211	Eukaryota	no_hit	unknown	Dinophyceae	Syndiniales	Amoebophryaceae	Amoebophrya	no_hit
ASV_2212	Eukaryota	no_hit	unknown	Dictyochophyceae	Pedinellales	no_hit	no_hit	no_hit
ASV_2213	Eukaryota	no_hit	unknown	Bigyra	Nanomonadea	unknown	Solenicola	no_hit
ASV_2214	Eukaryota	no_hit	unknown	Dinophyceae	Gymnodiniales	Kareniaceae	Takayama	Takayama cf. pulchellum
ASV_2215	Eukaryota	no_hit	no_hit	no_hit	no_hit	no_hit	no_hit	no_hit
ASV_2216	Eukaryota	no_hit	unknown	Dinophyceae	no_hit	no_hit	no_hit	no_hit
ASV_2217	no_hit	no_hit	no_hit	no_hit	no_hit	no_hit	no_hit	no_hit
ASV_2218	Eukaryota	no_hit	unknown	Polycystinea	Spumellaria	no_hit	no_hit	no_hit
ASV_2219	Eukaryota	no_hit	Ciliophora	Oligohymenophorea	Philasterida	Cinetochilidae	Platynematum	no_hit
ASV_2220	Eukaryota	no_hit	no_hit	no_hit	no_hit	no_hit	no_hit	no_hit
ASV_2221	Eukaryota	no_hit	unknown	Dinophyceae	Syndiniales	no_hit	no_hit	no_hit
ASV_2222	Eukaryota	no_hit	no_hit	no_hit	no_hit	no_hit	no_hit	no_hit
ASV_2223	Eukaryota	no_hit	unknown	unknown	unknown	unknown	unknown	uncultured marine eukaryote
ASV_2224	Eukaryota	no_hit	no_hit	no_hit	no_hit	no_hit	no_hit	no_hit
ASV_2225	Eukaryota	no_hit	unknown	Dinophyceae	Syndiniales	no_hit	no_hit	no_hit
ASV_2226	Eukaryota	no_hit	unknown	Dinophyceae	no_hit	no_hit	no_hit	no_hit
ASV_2227	Eukaryota	no_hit	unknown	unknown	Telonemida	no_hit	no_hit	no_hit
ASV_2228	Eukaryota	no_hit	unknown	Dinophyceae	no_hit	no_hit	no_hit	no_hit
ASV_2229	Eukaryota	no_hit	unknown	Bolidophyceae	Parmales	Triparmaceae	Triparma	Triparma pacifica
ASV_2230	Eukaryota	no_hit	Bacillariophyta	Bacillariophyceae	Naviculales	no_hit	no_hit	no_hit
ASV_2231	Eukaryota	no_hit	unknown	unknown	unknown	unknown	unknown	uncultured marine eukaryote
ASV_2232	no_hit	no_hit	no_hit	no_hit	no_hit	no_hit	no_hit	no_hit
ASV_2233	Eukaryota	no_hit	Ciliophora	Spirotrichea	Tintinnida	Codonellidae	Tintinnopsis	no_hit
ASV_2234	no_hit	no_hit	no_hit	no_hit	no_hit	no_hit	no_hit	no_hit
ASV_2235	Eukaryota	no_hit	unknown	Dinophyceae	Gonyaulacales	Pyrophacaceae	Fragilidium	Fragilidium duplocampanaeforme
ASV_2236	Eukaryota	no_hit	unknown	Dinophyceae	no_hit	no_hit	no_hit	no_hit
ASV_2237	no_hit	no_hit	no_hit	no_hit	no_hit	no_hit	no_hit	no_hit
ASV_2238	Eukaryota	no_hit	Euglenozoa	unknown	Diplonemea	unknown	unknown	Diplonemida sp. 9sb RG-2016
ASV_2239	Eukaryota	no_hit	Imbricatea	unknown	Thaumatomonadida	Thaumatomastigidae	Protaspis	no_hit
ASV_2240	Eukaryota	no_hit	Euglenozoa	unknown	Diplonemea	unknown	unknown	Diplonemida sp. 1sb RG-2016
ASV_2241	Eukaryota	no_hit	Haptophyta	no_hit	no_hit	no_hit	no_hit	no_hit
ASV_2242	Eukaryota	no_hit	unknown	Dinophyceae	unknown	unknown	unknown	Dinophyceae sp. ex Thalassicolla nucleata
ASV_2243	Eukaryota	no_hit	unknown	Dinophyceae	Peridiniales	Protoperidiniaceae	Protoperidinium	Protoperidinium thulesense
ASV_2244	no_hit	no_hit	no_hit	no_hit	no_hit	no_hit	no_hit	no_hit
ASV_2245	Eukaryota	no_hit	unknown	Dinophyceae	Gymnodiniales	Gymnodiniaceae	Cochlodinium	no_hit
ASV_2246	Eukaryota	no_hit	unknown	Dinophyceae	Syndiniales	Amoebophryaceae	Amoebophrya	no_hit
ASV_2247	Eukaryota	no_hit	Bacillariophyta	Bacillariophyceae	Naviculales	Naviculaceae	Navicula	no_hit
ASV_2248	no_hit	no_hit	no_hit	no_hit	no_hit	no_hit	no_hit	no_hit
ASV_2249	Eukaryota	no_hit	unknown	Dinophyceae	Syndiniales	Amoebophryaceae	Amoebophrya	no_hit
ASV_2250	no_hit	no_hit	no_hit	no_hit	no_hit	no_hit	no_hit	no_hit
ASV_2251	Eukaryota	no_hit	no_hit	no_hit	no_hit	no_hit	no_hit	no_hit
ASV_2252	Eukaryota	no_hit	unknown	Dinophyceae	no_hit	no_hit	no_hit	no_hit
ASV_2253	Eukaryota	no_hit	unknown	Dinophyceae	Peridiniales	Protoperidiniaceae	Protoperidinium	Protoperidinium claudicans
ASV_2254	Eukaryota	no_hit	unknown	Dinophyceae	Peridiniales	Protoperidiniaceae	Protoperidinium	Protoperidinium leonis
ASV_2255	Eukaryota	no_hit	unknown	Ichthyosporea	Ichthyophonida	unknown	Anurofeca	Anurofeca sp. LAH-2003
ASV_2256	Eukaryota	no_hit	unknown	Choanoflagellata	Acanthoecida	Stephanoecidae	Didymoeca	Didymoeca costata
ASV_2257	Eukaryota	no_hit	Euglenozoa	unknown	Diplonemea	unknown	unknown	Diplonemida sp. 21sb RG-2016
ASV_2258	Eukaryota	no_hit	no_hit	no_hit	no_hit	no_hit	no_hit	no_hit
ASV_2259	Eukaryota	no_hit	unknown	Dinophyceae	Syndiniales	Amoebophryaceae	Amoebophrya	no_hit
ASV_2260	Eukaryota	no_hit	unknown	unknown	unknown	unknown	unknown	uncultured marine eukaryote
ASV_2261	Eukaryota	no_hit	unknown	Dinophyceae	Gymnodiniales	Kareniaceae	no_hit	no_hit
ASV_2262	Eukaryota	no_hit	Cercozoa	Chlorarachniophyceae	unknown	unknown	Minorisa	Minorisa sp. SRT705
ASV_2263	Eukaryota	no_hit	unknown	Dinophyceae	Syndiniales	Amoebophryaceae	Amoebophrya	no_hit
ASV_2264	Eukaryota	no_hit	Bacillariophyta	Coscinodiscophyceae	Melosirales	Stephanopyxidaceae	Stephanopyxis	Stephanopyxis turris
ASV_2265	Eukaryota	no_hit	unknown	unknown	unknown	unknown	unknown	uncultured marine eukaryote
ASV_2266	Eukaryota	no_hit	unknown	Dinophyceae	Syndiniales	Duboscquellidae	Duboscquella	no_hit
ASV_2267	Eukaryota	no_hit	unknown	Dictyochophyceae	Pedinellales	unknown	Pteridomonas	no_hit
ASV_2268	Eukaryota	Metazoa	Arthropoda	Branchiopoda	Diplostraca	Podonidae	Evadne	Evadne nordmanni
ASV_2269	no_hit	no_hit	no_hit	no_hit	no_hit	no_hit	no_hit	no_hit
ASV_2270	Eukaryota	no_hit	no_hit	no_hit	no_hit	no_hit	no_hit	no_hit
ASV_2271	Eukaryota	no_hit	unknown	Acantharea	no_hit	no_hit	no_hit	no_hit
ASV_2272	no_hit	no_hit	no_hit	no_hit	no_hit	no_hit	no_hit	no_hit
ASV_2273	Eukaryota	no_hit	Euglenozoa	unknown	Diplonemea	unknown	unknown	Diplonemida sp. 37 RG-2016
ASV_2274	Eukaryota	no_hit	Euglenozoa	unknown	Diplonemea	unknown	unknown	Diplonemida sp. 37 RG-2016
ASV_2275	no_hit	no_hit	no_hit	no_hit	no_hit	no_hit	no_hit	no_hit
ASV_2276	Eukaryota	no_hit	unknown	Dinophyceae	no_hit	no_hit	no_hit	no_hit
ASV_2277	Eukaryota	no_hit	unknown	Dinophyceae	no_hit	no_hit	no_hit	no_hit
ASV_2278	Eukaryota	no_hit	no_hit	no_hit	no_hit	no_hit	no_hit	no_hit
ASV_2279	Eukaryota	no_hit	unknown	Dinophyceae	Syndiniales	Amoebophryaceae	Amoebophrya	no_hit
ASV_2280	Eukaryota	no_hit	unknown	unknown	unknown	unknown	unknown	uncultured marine picoeukaryote
ASV_2281	Eukaryota	no_hit	Cercozoa	unknown	Cercomonadida	Cercomonadidae	no_hit	no_hit
ASV_2282	Eukaryota	no_hit	unknown	unknown	unknown	unknown	unknown	uncultured marine eukaryote
ASV_2283	Eukaryota	no_hit	unknown	unknown	unknown	unknown	unknown	uncultured marine picoeukaryote
ASV_2284	Eukaryota	no_hit	unknown	Dinophyceae	no_hit	no_hit	no_hit	no_hit
ASV_2285	Eukaryota	no_hit	unknown	Dinophyceae	Gymnodiniales	Kareniaceae	Takayama	Takayama cf. pulchellum
ASV_2286	Eukaryota	no_hit	unknown	Dinophyceae	Syndiniales	Amoebophryaceae	Amoebophrya	no_hit
ASV_2287	Eukaryota	no_hit	unknown	Dinophyceae	Gymnodiniales	no_hit	no_hit	no_hit
ASV_2288	Eukaryota	no_hit	Bacillariophyta	Fragilariophyceae	Fragilariales	Fragilariaceae	no_hit	no_hit
ASV_2289	no_hit	no_hit	no_hit	no_hit	no_hit	no_hit	no_hit	no_hit
ASV_2290	Eukaryota	no_hit	unknown	Polycystinea	Nassellaria	Plagiacanthidae	Lithomelissa	no_hit
ASV_2291	Eukaryota	no_hit	unknown	Dinophyceae	Syndiniales	no_hit	no_hit	no_hit
ASV_2292	Eukaryota	no_hit	unknown	unknown	unknown	unknown	unknown	uncultured marine picoeukaryote
ASV_2293	Eukaryota	no_hit	Cercozoa	Thecofilosea	unknown	Ebriacea	Ebria	Ebria tripartita
ASV_2294	Eukaryota	no_hit	unknown	Bigyra	Oblongichytrida	unknown	Oblongichytrium	no_hit
ASV_2295	Eukaryota	no_hit	Euglenozoa	unknown	Diplonemea	Diplonemidae	Lacrimia	Lacrimia lanifica
ASV_2296	Eukaryota	Metazoa	Chordata	Actinopteri	Stomiiformes	Gonostomatidae	Cyclothone	Cyclothone atraria
ASV_2297	Eukaryota	no_hit	unknown	Dinophyceae	Peridiniales	Protoperidiniaceae	Protoperidinium	Protoperidinium monovelum
ASV_2298	Eukaryota	no_hit	Euglenozoa	unknown	Diplonemea	unknown	unknown	Diplonemida sp. 3 RG-2016
ASV_2299	Eukaryota	no_hit	no_hit	no_hit	no_hit	no_hit	no_hit	no_hit
ASV_2300	no_hit	no_hit	no_hit	no_hit	no_hit	no_hit	no_hit	no_hit
ASV_2301	Eukaryota	no_hit	unknown	Dinophyceae	Syndiniales	Amoebophryaceae	Amoebophrya	no_hit
ASV_2302	no_hit	no_hit	no_hit	no_hit	no_hit	no_hit	no_hit	no_hit
ASV_2303	Eukaryota	no_hit	unknown	unknown	unknown	unknown	unknown	Uncultured marine alveolate Group I DH144-EKD3
ASV_2304	Eukaryota	no_hit	Ciliophora	Spirotrichea	unknown	Strombidiidae	Strombidium	Strombidium chlorophilum
ASV_2305	Eukaryota	no_hit	unknown	unknown	unknown	unknown	unknown	uncultured marine picoeukaryote
ASV_2306	Eukaryota	no_hit	Bacillariophyta	Coscinodiscophyceae	Coscinodiscales	Coscinodiscaceae	Coscinodiscus	Coscinodiscus radiatus
ASV_2307	no_hit	no_hit	no_hit	no_hit	no_hit	no_hit	no_hit	no_hit
ASV_2308	Eukaryota	no_hit	unknown	Dinophyceae	Peridiniales	Peridiniaceae	no_hit	no_hit
ASV_2309	Eukaryota	no_hit	unknown	Dinophyceae	Peridiniales	Protoperidiniaceae	Protoperidinium	Protoperidinium divergens
ASV_2310	Eukaryota	no_hit	unknown	unknown	unknown	unknown	unknown	Uncultured marine alveolate Group I DH145-EKD10
ASV_2311	Eukaryota	no_hit	unknown	Dinophyceae	no_hit	no_hit	no_hit	no_hit
ASV_2312	Eukaryota	no_hit	unknown	Dinophyceae	no_hit	no_hit	no_hit	no_hit
ASV_2313	Eukaryota	no_hit	unknown	Dinophyceae	no_hit	no_hit	no_hit	no_hit
ASV_2314	Eukaryota	no_hit	Bacillariophyta	Coscinodiscophyceae	Chaetocerotales	Attheyaceae	Attheya	Attheya longicornis
ASV_2315	Eukaryota	no_hit	Bacillariophyta	Coscinodiscophyceae	Melosirales	Stephanopyxidaceae	Stephanopyxis	Stephanopyxis turris
ASV_2316	Eukaryota	Viridiplantae	Chlorophyta	Mamiellophyceae	Dolichomastigales	Crustomastigaceae	Crustomastix	Crustomastix stigmatica
ASV_2317	Eukaryota	no_hit	unknown	Dinophyceae	Syndiniales	Amoebophryaceae	Amoebophrya	no_hit
ASV_2318	Eukaryota	no_hit	unknown	unknown	unknown	unknown	unknown	Uncultured marine alveolate Group I DH145-EKD10
ASV_2319	Eukaryota	no_hit	unknown	Dinophyceae	Syndiniales	Amoebophryaceae	Amoebophrya	no_hit
ASV_2320	no_hit	no_hit	no_hit	no_hit	no_hit	no_hit	no_hit	no_hit
ASV_2321	Eukaryota	Metazoa	Chordata	Thaliacea	Salpida	Salpidae	Cyclosalpa	Cyclosalpa polae
ASV_2322	Eukaryota	no_hit	unknown	Dinophyceae	Peridiniales	no_hit	no_hit	no_hit
ASV_2323	Eukaryota	no_hit	no_hit	no_hit	no_hit	no_hit	no_hit	no_hit
ASV_2324	Eukaryota	no_hit	unknown	Dinophyceae	no_hit	no_hit	no_hit	no_hit
ASV_2325	Eukaryota	no_hit	Haptophyta	unknown	Prymnesiales	Chrysochromulinaceae	Chrysochromulina	no_hit
ASV_2326	Eukaryota	no_hit	unknown	Dinophyceae	Peridiniales	Protoperidiniaceae	Protoperidinium	Protoperidinium divergens
ASV_2327	Eukaryota	no_hit	no_hit	no_hit	no_hit	no_hit	no_hit	no_hit
ASV_2328	Eukaryota	Metazoa	Echinodermata	Echinoidea	no_hit	no_hit	no_hit	no_hit
ASV_2329	Eukaryota	no_hit	Ciliophora	Spirotrichea	Choreotrichida	Strobilidiidae	Pelagostrobilidium	no_hit
ASV_2330	Eukaryota	no_hit	unknown	Dinophyceae	Syndiniales	Amoebophryaceae	Amoebophrya	no_hit
ASV_2331	Eukaryota	no_hit	unknown	unknown	unknown	unknown	unknown	uncultured marine eukaryote
ASV_2332	Eukaryota	no_hit	no_hit	no_hit	no_hit	no_hit	no_hit	no_hit
ASV_2333	Eukaryota	no_hit	Ciliophora	Oligohymenophorea	Philasterida	Cinetochilidae	Platynematum	Platynematum rossellomorai
ASV_2334	Eukaryota	Viridiplantae	Chlorophyta	Mamiellophyceae	Dolichomastigales	Crustomastigaceae	Crustomastix	Crustomastix stigmatica
ASV_2335	Eukaryota	no_hit	Bacillariophyta	Coscinodiscophyceae	Chaetocerotales	Attheyaceae	Attheya	Attheya longicornis
ASV_2336	Eukaryota	no_hit	unknown	unknown	unknown	unknown	unknown	uncultured marine picoeukaryote
ASV_2337	Eukaryota	no_hit	unknown	Dinophyceae	Syndiniales	no_hit	no_hit	no_hit
ASV_2338	Eukaryota	no_hit	unknown	Dinophyceae	no_hit	no_hit	no_hit	no_hit
ASV_2339	Eukaryota	no_hit	unknown	Dinophyceae	Syndiniales	no_hit	no_hit	no_hit
ASV_2340	Eukaryota	no_hit	unknown	Dinophyceae	Peridiniales	Protoperidiniaceae	Protoperidinium	Protoperidinium thulesense
ASV_2341	Eukaryota	Metazoa	Annelida	Polychaeta	Phyllodocida	Phyllodocidae	Pelagobia	Pelagobia longicirrata
ASV_2342	Eukaryota	no_hit	unknown	Dinophyceae	Syndiniales	Amoebophryaceae	Amoebophrya	no_hit
ASV_2343	Eukaryota	no_hit	unknown	Dinophyceae	Syndiniales	no_hit	no_hit	no_hit
ASV_2344	Eukaryota	Fungi	Cryptomycota	no_hit	no_hit	no_hit	no_hit	no_hit
ASV_2345	Eukaryota	no_hit	unknown	unknown	unknown	unknown	unknown	eukaryote clone OLI11010
ASV_2346	Eukaryota	no_hit	unknown	Dinophyceae	no_hit	no_hit	no_hit	no_hit
ASV_2347	Eukaryota	no_hit	unknown	Dinophyceae	Gymnodiniales	Kareniaceae	Karlodinium	Karlodinium veneficum
ASV_2348	Eukaryota	no_hit	unknown	Dinophyceae	Peridiniales	Heterocapsaceae	Heterocapsa	Heterocapsa rotundata
ASV_2349	Eukaryota	no_hit	Bacillariophyta	Coscinodiscophyceae	Thalassiosirales	Thalassiosiraceae	Thalassiosira	no_hit
ASV_2350	Eukaryota	no_hit	unknown	Dinophyceae	Peridiniales	Protoperidiniaceae	Protoperidinium	Protoperidinium divergens
ASV_2351	Eukaryota	no_hit	unknown	unknown	unknown	unknown	unknown	Acantharian sp. 6201
ASV_2352	Eukaryota	no_hit	Bacillariophyta	Mediophyceae	Hemiaulales	Hemiaulaceae	Hemiaulus	Hemiaulus sinensis
ASV_2353	Eukaryota	no_hit	unknown	unknown	unknown	unknown	unknown	Uncultured marine alveolate Group I DH145-EKD10
ASV_2354	Eukaryota	no_hit	no_hit	no_hit	no_hit	no_hit	no_hit	no_hit
ASV_2355	Eukaryota	no_hit	unknown	unknown	unknown	unknown	unknown	uncultured marine eukaryote
ASV_2356	Eukaryota	no_hit	unknown	Polycystinea	no_hit	no_hit	no_hit	no_hit
ASV_2357	Eukaryota	no_hit	unknown	Dinophyceae	Syndiniales	Duboscquellidae	Duboscquella	no_hit
ASV_2358	no_hit	no_hit	no_hit	no_hit	no_hit	no_hit	no_hit	no_hit
ASV_2359	Eukaryota	Metazoa	Arthropoda	Malacostraca	Cumacea	Leuconidae	Eudorella	Eudorella hirsuta
ASV_2360	Eukaryota	no_hit	unknown	Dinophyceae	Syndiniales	Amoebophryaceae	Amoebophrya	no_hit
ASV_2361	Eukaryota	no_hit	unknown	Dinophyceae	Syndiniales	no_hit	no_hit	no_hit
ASV_2362	Eukaryota	no_hit	no_hit	no_hit	no_hit	no_hit	no_hit	no_hit
ASV_2363	Eukaryota	no_hit	unknown	Dinophyceae	Syndiniales	Amoebophryaceae	Amoebophrya	no_hit
ASV_2364	Eukaryota	no_hit	unknown	Cryptophyceae	Pyrenomonadales	Geminigeraceae	Geminigera	Geminigera cryophila
ASV_2365	unassigned	unassigned	unassigned	unassigned	unassigned	unassigned	unassigned	unassigned
ASV_2366	Eukaryota	no_hit	unknown	unknown	unknown	unknown	unknown	Uncultured marine alveolate Group II DH147-EKD6
ASV_2367	Eukaryota	no_hit	unknown	unknown	unknown	unknown	unknown	Uncultured marine alveolate Group II DH145-EKD20
ASV_2368	Eukaryota	no_hit	unknown	Dinophyceae	Syndiniales	Amoebophryaceae	Amoebophrya	no_hit
ASV_2369	Eukaryota	no_hit	unknown	Dinophyceae	Gymnodiniales	no_hit	no_hit	no_hit
ASV_2370	Eukaryota	Viridiplantae	Chlorophyta	Mamiellophyceae	Dolichomastigales	Crustomastigaceae	Crustomastix	Crustomastix stigmatica
ASV_2371	Eukaryota	no_hit	unknown	unknown	unknown	unknown	unknown	uncultured marine eukaryote
ASV_2372	Eukaryota	no_hit	unknown	Dinophyceae	Peridiniales	Peridiniaceae	Pentapharsodinium	Pentapharsodinium tyrrhenicum
ASV_2373	Eukaryota	no_hit	unknown	unknown	unknown	unknown	unknown	uncultured marine eukaryote
ASV_2374	Eukaryota	no_hit	Cercozoa	no_hit	no_hit	no_hit	no_hit	no_hit
ASV_2375	Eukaryota	no_hit	unknown	Dinophyceae	Syndiniales	Amoebophryaceae	Amoebophrya	no_hit
ASV_2376	Eukaryota	no_hit	unknown	unknown	unknown	unknown	unknown	uncultured marine picoeukaryote
ASV_2377	Eukaryota	no_hit	no_hit	no_hit	no_hit	no_hit	no_hit	no_hit
ASV_2378	Eukaryota	no_hit	Euglenozoa	unknown	Diplonemea	unknown	unknown	Diplonemida sp. 37 RG-2016
ASV_2379	Eukaryota	no_hit	unknown	Dinophyceae	Syndiniales	Amoebophryaceae	Amoebophrya	no_hit
ASV_2380	Eukaryota	no_hit	Euglenozoa	unknown	Diplonemea	unknown	unknown	Diplonemida sp. 37 RG-2016
ASV_2381	no_hit	no_hit	no_hit	no_hit	no_hit	no_hit	no_hit	no_hit
ASV_2382	Eukaryota	no_hit	Euglenozoa	unknown	Diplonemea	unknown	unknown	Diplonemida sp. 37 RG-2016
ASV_2383	Eukaryota	no_hit	unknown	Polycystinea	no_hit	no_hit	no_hit	no_hit
ASV_2384	Eukaryota	no_hit	unknown	Dinophyceae	no_hit	no_hit	no_hit	no_hit
ASV_2385	Eukaryota	no_hit	unknown	unknown	unknown	unknown	unknown	uncultured marine eukaryote
ASV_2386	Eukaryota	no_hit	unknown	Dinophyceae	Syndiniales	Amoebophryaceae	Amoebophrya	no_hit
ASV_2387	Eukaryota	no_hit	unknown	Dinophyceae	Syndiniales	Amoebophryaceae	Amoebophrya	no_hit
ASV_2388	Eukaryota	no_hit	Ciliophora	Spirotrichea	no_hit	no_hit	no_hit	no_hit
ASV_2389	Eukaryota	no_hit	unknown	Dinophyceae	no_hit	no_hit	no_hit	no_hit
ASV_2390	Eukaryota	no_hit	unknown	Dinophyceae	no_hit	no_hit	no_hit	no_hit
ASV_2391	Eukaryota	no_hit	unknown	Dinophyceae	Syndiniales	Eudubosquellidae	Euduboscquella	Euduboscquella sp. ex Favella markusovszkyi
ASV_2392	Eukaryota	no_hit	unknown	Dinophyceae	Syndiniales	Amoebophryaceae	Amoebophrya	no_hit
ASV_2393	Eukaryota	no_hit	unknown	Dinophyceae	Gymnodiniales	no_hit	no_hit	no_hit
ASV_2394	Eukaryota	no_hit	Discosea	Flabellinia	Dactylopodida	Paramoebidae	no_hit	no_hit
ASV_2395	Eukaryota	no_hit	unknown	Dinophyceae	Gymnodiniales	no_hit	no_hit	no_hit
ASV_2396	Eukaryota	no_hit	unknown	Dinophyceae	no_hit	no_hit	no_hit	no_hit
ASV_2397	Eukaryota	Metazoa	Chordata	Thaliacea	Doliolida	Doliolidae	Doliolum	Doliolum nationalis
ASV_2398	Eukaryota	no_hit	unknown	unknown	unknown	unknown	unknown	Acantharian sp. 6201
ASV_2399	Eukaryota	no_hit	unknown	Polycystinea	Spumellaria	no_hit	no_hit	no_hit
ASV_2400	Eukaryota	no_hit	unknown	Dinophyceae	no_hit	no_hit	no_hit	no_hit
ASV_2401	Eukaryota	no_hit	no_hit	no_hit	no_hit	no_hit	no_hit	no_hit
ASV_2402	no_hit	no_hit	no_hit	no_hit	no_hit	no_hit	no_hit	no_hit
ASV_2403	Eukaryota	no_hit	unknown	Dinophyceae	Syndiniales	Amoebophryaceae	Amoebophrya	no_hit
ASV_2404	Eukaryota	no_hit	Euglenozoa	unknown	Diplonemea	unknown	unknown	Diplonemida sp. 1sb RG-2016
ASV_2405	Eukaryota	no_hit	Euglenozoa	unknown	Diplonemea	no_hit	no_hit	no_hit
ASV_2406	Eukaryota	no_hit	Cercozoa	no_hit	no_hit	no_hit	no_hit	no_hit
ASV_2407	Eukaryota	no_hit	unknown	Dinophyceae	Syndiniales	Amoebophryaceae	Amoebophrya	no_hit
ASV_2408	Eukaryota	no_hit	unknown	Dinophyceae	Syndiniales	Amoebophryaceae	Amoebophrya	no_hit
ASV_2409	Eukaryota	no_hit	unknown	unknown	unknown	unknown	unknown	uncultured marine eukaryote
ASV_2410	Eukaryota	no_hit	no_hit	no_hit	no_hit	no_hit	no_hit	no_hit
ASV_2411	Eukaryota	no_hit	unknown	Choanoflagellata	Acanthoecida	Stephanoecidae	Calliacantha	Calliacantha natans
ASV_2412	Eukaryota	Viridiplantae	Chlorophyta	Mamiellophyceae	Dolichomastigales	Crustomastigaceae	Crustomastix	Crustomastix stigmatica
ASV_2413	Eukaryota	no_hit	unknown	unknown	unknown	unknown	unknown	Uncultured marine alveolate Group I DH147-EKD18
ASV_2414	Eukaryota	no_hit	Haptophyta	unknown	Zygodiscales	Braarudosphaeraceae	Braarudosphaera	Braarudosphaera bigelowii
ASV_2415	Eukaryota	no_hit	unknown	unknown	unknown	unknown	unknown	Uncultured marine alveolate Group II DH148-EKD27
ASV_2416	Eukaryota	Metazoa	Arthropoda	Hexanauplia	Harpacticoida	Ectinosomatidae	Microsetella	Microsetella norvegica
ASV_2417	Eukaryota	Metazoa	Echinodermata	Holothuroidea	Molpadida	Molpadiidae	Heteromolpadia	Heteromolpadia tridens
ASV_2418	Eukaryota	no_hit	unknown	Dinophyceae	Syndiniales	no_hit	no_hit	no_hit
ASV_2419	Eukaryota	no_hit	unknown	Dinophyceae	Syndiniales	Amoebophryaceae	Amoebophrya	no_hit
ASV_2420	no_hit	no_hit	no_hit	no_hit	no_hit	no_hit	no_hit	no_hit
ASV_2421	Eukaryota	no_hit	Euglenozoa	unknown	Diplonemea	no_hit	no_hit	no_hit
ASV_2422	Eukaryota	no_hit	unknown	Cryptophyceae	Cyathomonadacea	Goniomonadaceae	Goniomonas	no_hit
ASV_2423	Eukaryota	no_hit	unknown	Dinophyceae	no_hit	no_hit	no_hit	no_hit
ASV_2424	no_hit	no_hit	no_hit	no_hit	no_hit	no_hit	no_hit	no_hit
ASV_2425	Eukaryota	no_hit	unknown	unknown	unknown	unknown	unknown	uncultured marine eukaryote
ASV_2426	Eukaryota	no_hit	unknown	Dinophyceae	no_hit	no_hit	no_hit	no_hit
ASV_2427	Eukaryota	Viridiplantae	Chlorophyta	Mamiellophyceae	Mamiellales	Bathycoccaceae	Ostreococcus	no_hit
ASV_2428	no_hit	no_hit	no_hit	no_hit	no_hit	no_hit	no_hit	no_hit
ASV_2429	Eukaryota	no_hit	unknown	unknown	unknown	unknown	unknown	Uncultured marine alveolate Group I DH145-EKD10
ASV_2430	Eukaryota	no_hit	unknown	Polycystinea	Spumellaria	Rhizosphaeridae	Haliommilla	Haliommilla capillacea
ASV_2431	Eukaryota	no_hit	no_hit	no_hit	no_hit	no_hit	no_hit	no_hit
ASV_2432	Eukaryota	no_hit	unknown	Dinophyceae	Syndiniales	no_hit	no_hit	no_hit
ASV_2433	Eukaryota	no_hit	Euglenozoa	unknown	Diplonemea	no_hit	no_hit	no_hit
ASV_2434	Eukaryota	no_hit	Cercozoa	Thecofilosea	Cryomonadida	Protaspidae	Cryothecomonas	Cryothecomonas aestivalis
ASV_2435	Eukaryota	no_hit	no_hit	no_hit	no_hit	no_hit	no_hit	no_hit
ASV_2436	Eukaryota	no_hit	unknown	Dinophyceae	no_hit	no_hit	no_hit	no_hit
ASV_2437	Eukaryota	Metazoa	Chordata	Appendicularia	Copelata	Fritillariidae	Fritillaria <tunicates>	Fritillaria borealis
ASV_2438	Eukaryota	Viridiplantae	Chlorophyta	Mamiellophyceae	Dolichomastigales	Crustomastigaceae	Crustomastix	no_hit
ASV_2439	Eukaryota	no_hit	unknown	Dinophyceae	Syndiniales	Amoebophryaceae	Amoebophrya	no_hit
ASV_2440	Eukaryota	no_hit	no_hit	no_hit	no_hit	no_hit	no_hit	no_hit
ASV_2441	Eukaryota	no_hit	Ciliophora	Colpodea	Bryophryida	Bryophryidae	no_hit	no_hit
ASV_2442	no_hit	no_hit	no_hit	no_hit	no_hit	no_hit	no_hit	no_hit
ASV_2443	Eukaryota	no_hit	Ciliophora	Spirotrichea	Tintinnida	Tintinnidae	Salpingella	no_hit
ASV_2444	Eukaryota	no_hit	unknown	Dinophyceae	Peridiniales	no_hit	no_hit	no_hit
ASV_2445	Eukaryota	no_hit	Ciliophora	Colpodea	unknown	unknown	unknown	Uncultured marine colpodean ciliate DH147-EKD23
ASV_2446	Eukaryota	no_hit	Imbricatea	unknown	Thaumatomonadida	Thaumatomastigidae	Protaspis	Protaspis sp. CC-2009c
ASV_2447	Eukaryota	no_hit	unknown	Dinophyceae	Peridiniales	Peridiniaceae	Pentapharsodinium	Pentapharsodinium tyrrhenicum
ASV_2448	Eukaryota	no_hit	unknown	Dinophyceae	Syndiniales	Duboscquellidae	Duboscquella	no_hit
ASV_2449	Eukaryota	no_hit	unknown	Dinophyceae	Peridiniales	Pfiesteriaceae	Pfiesteria	no_hit
ASV_2450	Eukaryota	no_hit	Ciliophora	Oligohymenophorea	Philasterida	Cinetochilidae	Pseudoplatynematum	Pseudoplatynematum denticulatum
ASV_2451	Eukaryota	no_hit	unknown	Dinophyceae	Syndiniales	Duboscquellidae	Duboscquella	no_hit
ASV_2452	Eukaryota	no_hit	unknown	Dinophyceae	Syndiniales	no_hit	no_hit	no_hit
ASV_2453	Eukaryota	no_hit	unknown	unknown	unknown	unknown	unknown	uncultured marine eukaryote
ASV_2454	Eukaryota	no_hit	no_hit	no_hit	no_hit	no_hit	no_hit	no_hit
ASV_2455	Eukaryota	no_hit	Discosea	Flabellinia	Dactylopodida	Paramoebidae	no_hit	no_hit
ASV_2456	Eukaryota	no_hit	unknown	Dinophyceae	Blastodiniales	unknown	Blastodinium	no_hit
ASV_2457	Eukaryota	no_hit	unknown	Dinophyceae	no_hit	no_hit	no_hit	no_hit
ASV_2458	Eukaryota	no_hit	unknown	Dinophyceae	Syndiniales	Syndiniaceae	Hematodinium	Hematodinium sp. ex Cancer pagurus
ASV_2459	Eukaryota	no_hit	Ciliophora	Oligohymenophorea	Philasterida	Loxocephalidae	Kariphilus	Kariphilus muscorum
ASV_2460	Eukaryota	no_hit	Ciliophora	Prostomatea	Prorodontida	unknown	Hexasterias	Hexasterias problematica
ASV_2461	Eukaryota	Metazoa	Cnidaria	Anthozoa	Actiniaria	no_hit	no_hit	no_hit
ASV_2462	Eukaryota	no_hit	unknown	Cryptophyceae	Cyathomonadacea	Goniomonadaceae	Goniomonas	Goniomonas sp. HFCC157
ASV_2463	no_hit	no_hit	no_hit	no_hit	no_hit	no_hit	no_hit	no_hit
ASV_2464	Eukaryota	no_hit	unknown	unknown	unknown	Colpodellaceae	Colpodella	no_hit
ASV_2465	Eukaryota	no_hit	unknown	Dinophyceae	Syndiniales	no_hit	no_hit	no_hit
ASV_2466	Eukaryota	no_hit	unknown	Bigyra	Oblongichytrida	unknown	Oblongichytrium	no_hit
ASV_2467	Eukaryota	no_hit	no_hit	no_hit	no_hit	no_hit	no_hit	no_hit
ASV_2468	Eukaryota	no_hit	unknown	Dinophyceae	Syndiniales	no_hit	no_hit	no_hit
ASV_2469	Eukaryota	no_hit	Haptophyta	unknown	Prymnesiales	no_hit	no_hit	no_hit
ASV_2470	Eukaryota	no_hit	unknown	Dinophyceae	Syndiniales	Eudubosquellidae	Euduboscquella	no_hit
ASV_2471	Eukaryota	no_hit	unknown	Dinophyceae	no_hit	no_hit	no_hit	no_hit
ASV_2472	Eukaryota	no_hit	Haptophyta	unknown	Prymnesiales	Chrysochromulinaceae	Chrysochromulina	Chrysochromulina sp. Hp34EHU
ASV_2473	Eukaryota	no_hit	unknown	Dinophyceae	Syndiniales	Amoebophryaceae	Amoebophrya	no_hit
ASV_2474	Eukaryota	no_hit	Cercozoa	Thecofilosea	Phaeosphaerida	Aulosphaeridae	Auloscena	Auloscena sp. As4-2
ASV_2475	Eukaryota	no_hit	unknown	Dinophyceae	Abediniales	Abediniaceae	Abedinium	Abedinium folium
ASV_2476	Eukaryota	no_hit	no_hit	no_hit	no_hit	no_hit	no_hit	no_hit
ASV_2477	Eukaryota	no_hit	unknown	unknown	unknown	unknown	unknown	Uncultured marine alveolate Group I DH147-EKD18
ASV_2478	Eukaryota	no_hit	unknown	Dinophyceae	Syndiniales	Amoebophryaceae	Amoebophrya	no_hit
ASV_2479	Eukaryota	no_hit	unknown	Dinophyceae	Suessiales	Suessiaceae	Polarella	Polarella glacialis
ASV_2480	Eukaryota	no_hit	unknown	Dinophyceae	Syndiniales	no_hit	no_hit	no_hit
ASV_2481	Eukaryota	no_hit	unknown	Dinophyceae	Syndiniales	Amoebophryaceae	Amoebophrya	no_hit
ASV_2482	Eukaryota	no_hit	unknown	Bigyra	Bicosoecida	no_hit	no_hit	no_hit
ASV_2483	Eukaryota	no_hit	Bacillariophyta	Coscinodiscophyceae	Chaetocerotales	Attheyaceae	Attheya	Attheya longicornis
ASV_2484	no_hit	no_hit	no_hit	no_hit	no_hit	no_hit	no_hit	no_hit
ASV_2485	Eukaryota	no_hit	Euglenozoa	unknown	Diplonemea	unknown	unknown	Diplonemida sp. 3 RG-2016
ASV_2486	Eukaryota	no_hit	unknown	Dinophyceae	no_hit	no_hit	no_hit	no_hit
ASV_2487	Eukaryota	Viridiplantae	Chlorophyta	Mamiellophyceae	Dolichomastigales	Crustomastigaceae	Crustomastix	Crustomastix stigmatica
ASV_2488	no_hit	no_hit	no_hit	no_hit	no_hit	no_hit	no_hit	no_hit
ASV_2489	no_hit	no_hit	no_hit	no_hit	no_hit	no_hit	no_hit	no_hit
ASV_2490	Eukaryota	no_hit	Bacillariophyta	Bacillariophyceae	Naviculales	Naviculaceae	Haslea	Haslea avium
ASV_2491	Eukaryota	no_hit	Ciliophora	Oligohymenophorea	Philasterida	Cinetochilidae	Platynematum	no_hit
ASV_2492	Eukaryota	Metazoa	Arthropoda	Hexanauplia	Poecilostomatoida	Oncaeidae	no_hit	no_hit
ASV_2493	Eukaryota	no_hit	Euglenozoa	unknown	Diplonemea	unknown	unknown	Diplonemida sp. 37 RG-2016
ASV_2494	Eukaryota	no_hit	unknown	unknown	unknown	unknown	unknown	Uncultured marine alveolate Group II DH147-EKD6
ASV_2495	Eukaryota	no_hit	no_hit	no_hit	no_hit	no_hit	no_hit	no_hit
ASV_2496	Eukaryota	no_hit	no_hit	no_hit	no_hit	no_hit	no_hit	no_hit
ASV_2497	Eukaryota	no_hit	Cercozoa	Thecofilosea	Cryomonadida	Protaspidae	Cryothecomonas	Cryothecomonas longipes
ASV_2498	Eukaryota	no_hit	unknown	Choanoflagellata	Acanthoecida	Stephanoecidae	Didymoeca	Didymoeca costata
ASV_2499	Eukaryota	no_hit	unknown	Dinophyceae	no_hit	no_hit	no_hit	no_hit
ASV_2500	Eukaryota	no_hit	Bacillariophyta	Coscinodiscophyceae	Melosirales	Stephanopyxidaceae	Stephanopyxis	Stephanopyxis turris
ASV_2501	Eukaryota	no_hit	unknown	unknown	unknown	unknown	unknown	Uncultured marine alveolate Group II DH147-EKD6
ASV_2502	no_hit	no_hit	no_hit	no_hit	no_hit	no_hit	no_hit	no_hit
ASV_2503	Eukaryota	no_hit	unknown	Dinophyceae	Syndiniales	Amoebophryaceae	Amoebophrya	no_hit
ASV_2504	Eukaryota	no_hit	Ciliophora	Spirotrichea	no_hit	no_hit	no_hit	no_hit
ASV_2505	Eukaryota	no_hit	Euglenozoa	unknown	Diplonemea	unknown	unknown	Diplonemida sp. 37 RG-2016
ASV_2506	Eukaryota	no_hit	Ciliophora	Oligohymenophorea	Philasterida	Cinetochilidae	Cinetochilum	Cinetochilum ovale
ASV_2507	Eukaryota	no_hit	Euglenozoa	unknown	Diplonemea	no_hit	no_hit	no_hit
ASV_2508	Eukaryota	no_hit	unknown	unknown	unknown	unknown	unknown	uncultured marine eukaryote
ASV_2509	Eukaryota	no_hit	unknown	unknown	unknown	unknown	unknown	Uncultured marine alveolate Group I DH147-EKD18
ASV_2510	Eukaryota	no_hit	unknown	unknown	unknown	unknown	unknown	uncultured marine eukaryote
ASV_2511	Eukaryota	no_hit	Ciliophora	no_hit	no_hit	no_hit	no_hit	no_hit
ASV_2512	Eukaryota	no_hit	no_hit	no_hit	no_hit	no_hit	no_hit	no_hit
ASV_2513	Eukaryota	no_hit	unknown	Dinophyceae	Syndiniales	Amoebophryaceae	Amoebophrya	no_hit
ASV_2514	Eukaryota	no_hit	unknown	unknown	unknown	unknown	unknown	uncultured marine eukaryote
ASV_2515	no_hit	no_hit	no_hit	no_hit	no_hit	no_hit	no_hit	no_hit
ASV_2516	Eukaryota	no_hit	unknown	Dinophyceae	Syndiniales	Amoebophryaceae	Amoebophrya	no_hit
ASV_2517	Eukaryota	no_hit	unknown	Dinophyceae	Peridiniales	Protoperidiniaceae	Protoperidinium	Protoperidinium divergens
ASV_2518	Eukaryota	no_hit	unknown	Dinophyceae	Syndiniales	Amoebophryaceae	Amoebophrya	no_hit
ASV_2519	Eukaryota	Metazoa	Arthropoda	Malacostraca	Euphausiacea	Euphausiidae	no_hit	no_hit
ASV_2520	Eukaryota	no_hit	unknown	unknown	unknown	unknown	unknown	Uncultured marine alveolate Group I DH145-EKD10
ASV_2521	Eukaryota	no_hit	unknown	unknown	Sticholonchida	Sticholonchidae	Sticholonche	Sticholonche sp. JJP-2003
ASV_2522	Eukaryota	no_hit	unknown	Phaeophyceae	Ascoseirales	unknown	Ascoseira	Ascoseira mirabilis
ASV_2523	Eukaryota	no_hit	Ciliophora	Oligohymenophorea	Philasterida	Loxocephalidae	Zitheron	Zitheron hovassei
ASV_2524	Eukaryota	no_hit	unknown	unknown	unknown	unknown	unknown	uncultured marine eukaryote
ASV_2525	Eukaryota	no_hit	unknown	Dinophyceae	no_hit	no_hit	no_hit	no_hit
ASV_2526	Eukaryota	no_hit	unknown	Dinophyceae	Peridiniales	Protoperidiniaceae	Protoperidinium	Protoperidinium crassipes
ASV_2527	Eukaryota	no_hit	unknown	Dinophyceae	Syndiniales	Amoebophryaceae	Amoebophrya	no_hit
ASV_2528	Eukaryota	no_hit	unknown	unknown	unknown	unknown	unknown	eukaryote clone OLI11261
ASV_2529	Eukaryota	no_hit	unknown	Dinophyceae	Syndiniales	Amoebophryaceae	Amoebophrya	no_hit
ASV_2530	Eukaryota	no_hit	unknown	Dinophyceae	no_hit	no_hit	no_hit	no_hit
ASV_2531	Eukaryota	no_hit	unknown	Dinophyceae	Syndiniales	no_hit	no_hit	no_hit
ASV_2532	no_hit	no_hit	no_hit	no_hit	no_hit	no_hit	no_hit	no_hit
ASV_2533	Eukaryota	no_hit	unknown	unknown	unknown	unknown	unknown	uncultured marine eukaryote
ASV_2534	Eukaryota	no_hit	unknown	Dinophyceae	Syndiniales	Amoebophryaceae	Amoebophrya	no_hit
ASV_2535	Eukaryota	no_hit	unknown	unknown	unknown	unknown	unknown	uncultured marine picoeukaryote
ASV_2536	Eukaryota	no_hit	unknown	Dinophyceae	Prorocentrales	Prorocentraceae	Prorocentrum	no_hit
ASV_2537	Eukaryota	no_hit	Imbricatea	unknown	Thaumatomonadida	unknown	Allas	no_hit
ASV_2538	Eukaryota	no_hit	unknown	Dinophyceae	Syndiniales	Amoebophryaceae	Amoebophrya	no_hit
ASV_2539	Eukaryota	no_hit	Bacillariophyta	Coscinodiscophyceae	Chaetocerotales	Chaetocerotaceae	Chaetoceros	no_hit
ASV_2540	Eukaryota	Metazoa	Echinodermata	Ophiuroidea	no_hit	no_hit	no_hit	no_hit
ASV_2541	no_hit	no_hit	no_hit	no_hit	no_hit	no_hit	no_hit	no_hit
ASV_2542	Eukaryota	no_hit	unknown	Dinophyceae	Syndiniales	Amoebophryaceae	Amoebophrya	no_hit
ASV_2543	Eukaryota	no_hit	unknown	Dinophyceae	Syndiniales	Amoebophryaceae	Amoebophrya	no_hit
ASV_2544	Eukaryota	no_hit	Bacillariophyta	Bacillariophyceae	Naviculales	no_hit	no_hit	no_hit
ASV_2545	Eukaryota	no_hit	unknown	unknown	unknown	unknown	unknown	Uncultured marine alveolate Group I DH145-EKD10
ASV_2546	Eukaryota	no_hit	unknown	unknown	unknown	unknown	unknown	Uncultured marine alveolate Group II DH147-EKD16
ASV_2547	Eukaryota	no_hit	unknown	Dinophyceae	no_hit	no_hit	no_hit	no_hit
ASV_2548	Eukaryota	no_hit	unknown	Dinophyceae	no_hit	no_hit	no_hit	no_hit
ASV_2549	Eukaryota	no_hit	Ciliophora	no_hit	no_hit	no_hit	no_hit	no_hit
ASV_2550	Eukaryota	no_hit	Bacillariophyta	Coscinodiscophyceae	Chaetocerotales	Chaetocerotaceae	Chaetoceros	Chaetoceros socialis
ASV_2551	Eukaryota	no_hit	unknown	Dinophyceae	no_hit	no_hit	no_hit	no_hit
ASV_2552	Eukaryota	Fungi	Basidiomycota	Tremellomycetes	Tremellales	no_hit	no_hit	no_hit
ASV_2553	Eukaryota	no_hit	unknown	Polycystinea	no_hit	no_hit	no_hit	no_hit
ASV_2554	Eukaryota	no_hit	unknown	Bigyra	Thraustochytrida	Thraustochytriaceae	Thraustochytrium	Thraustochytrium multirudimentale
ASV_2555	Eukaryota	no_hit	Ciliophora	Colpodea	unknown	unknown	unknown	Uncultured marine colpodean ciliate DH147-EKD23
ASV_2556	Eukaryota	no_hit	Euglenozoa	unknown	Diplonemea	unknown	unknown	Diplonemida sp. 21sb RG-2016
ASV_2557	Eukaryota	no_hit	unknown	Dinophyceae	Syndiniales	Syndiniaceae	Hematodinium	no_hit
ASV_2558	Eukaryota	no_hit	Euglenozoa	unknown	Diplonemea	Diplonemidae	Lacrimia	no_hit
ASV_2559	Eukaryota	no_hit	unknown	Dinophyceae	Gymnodiniales	Gymnodiniaceae	Gyrodinium	Gyrodinium jinhaense
ASV_2560	Eukaryota	no_hit	unknown	Dinophyceae	Gymnodiniales	Gymnodiniaceae	Gyrodinium	no_hit
ASV_2561	Eukaryota	Viridiplantae	Chlorophyta	Mamiellophyceae	Dolichomastigales	Crustomastigaceae	Crustomastix	Crustomastix stigmatica
ASV_2562	Eukaryota	no_hit	Bacillariophyta	Coscinodiscophyceae	Chaetocerotales	Chaetocerotaceae	Chaetoceros	Chaetoceros costatus
ASV_2563	Eukaryota	no_hit	unknown	Dinophyceae	Syndiniales	no_hit	no_hit	no_hit
ASV_2564	Eukaryota	no_hit	unknown	Dinophyceae	Syndiniales	no_hit	no_hit	no_hit
ASV_2565	Eukaryota	Metazoa	Arthropoda	Hexanauplia	Calanoida	no_hit	no_hit	no_hit
ASV_2566	Eukaryota	no_hit	unknown	Choanoflagellata	Acanthoecida	Acanthoecidae	Acanthoeca	Acanthoeca sp. SIOpierAcanth1
ASV_2567	Eukaryota	no_hit	unknown	Dinophyceae	Gymnodiniales	Gymnodiniaceae	Polykrikos	Polykrikos sp. EP-2016a
ASV_2568	Eukaryota	no_hit	Bacillariophyta	no_hit	no_hit	no_hit	no_hit	no_hit
ASV_2569	Eukaryota	no_hit	unknown	Dinophyceae	Syndiniales	Amoebophryaceae	Amoebophrya	no_hit
ASV_2570	Eukaryota	no_hit	no_hit	no_hit	no_hit	no_hit	no_hit	no_hit
ASV_2571	Eukaryota	no_hit	unknown	Dinophyceae	Syndiniales	no_hit	no_hit	no_hit
ASV_2572	no_hit	no_hit	no_hit	no_hit	no_hit	no_hit	no_hit	no_hit
ASV_2573	Eukaryota	no_hit	unknown	Dinophyceae	no_hit	no_hit	no_hit	no_hit
ASV_2574	Eukaryota	no_hit	unknown	Polycystinea	no_hit	no_hit	no_hit	no_hit
ASV_2575	Eukaryota	no_hit	unknown	Dinophyceae	Syndiniales	no_hit	no_hit	no_hit
ASV_2576	Eukaryota	no_hit	unknown	unknown	unknown	unknown	unknown	uncultured marine picoeukaryote
ASV_2577	Eukaryota	no_hit	unknown	Dinophyceae	Peridiniales	no_hit	no_hit	no_hit
ASV_2578	Eukaryota	no_hit	unknown	Dinophyceae	no_hit	no_hit	no_hit	no_hit
ASV_2579	no_hit	no_hit	no_hit	no_hit	no_hit	no_hit	no_hit	no_hit
ASV_2580	Eukaryota	no_hit	unknown	Dinophyceae	Syndiniales	no_hit	no_hit	no_hit
ASV_2581	Eukaryota	no_hit	unknown	Bigyra	Thraustochytrida	Thraustochytriaceae	Aplanochytrium	Aplanochytrium kerguelense
ASV_2582	Eukaryota	no_hit	no_hit	no_hit	no_hit	no_hit	no_hit	no_hit
ASV_2583	Eukaryota	no_hit	unknown	Dinophyceae	Syndiniales	Amoebophryaceae	Amoebophrya	no_hit
ASV_2584	Eukaryota	no_hit	unknown	Dinophyceae	no_hit	no_hit	no_hit	no_hit
ASV_2585	Eukaryota	no_hit	unknown	Dinophyceae	Syndiniales	Amoebophryaceae	Amoebophrya	no_hit
ASV_2586	Eukaryota	no_hit	unknown	unknown	unknown	unknown	unknown	uncultured marine picoeukaryote
ASV_2587	Eukaryota	no_hit	Bacillariophyta	Bacillariophyceae	Naviculales	no_hit	no_hit	no_hit
ASV_2588	Eukaryota	no_hit	unknown	Dinophyceae	Gymnodiniales	Gymnodiniaceae	no_hit	no_hit
ASV_2589	Eukaryota	no_hit	unknown	unknown	unknown	unknown	unknown	uncultured marine picoeukaryote
ASV_2590	Eukaryota	no_hit	unknown	unknown	unknown	unknown	unknown	uncultured marine picoeukaryote
ASV_2591	Eukaryota	no_hit	Haptophyta	no_hit	no_hit	no_hit	no_hit	no_hit
ASV_2592	Eukaryota	no_hit	unknown	unknown	unknown	unknown	unknown	eukaryote clone OLI11023
ASV_2593	Eukaryota	no_hit	unknown	unknown	unknown	unknown	unknown	uncultured marine picoeukaryote
ASV_2594	Eukaryota	no_hit	unknown	Dinophyceae	Syndiniales	Amoebophryaceae	Amoebophrya	no_hit
ASV_2595	Eukaryota	no_hit	unknown	unknown	unknown	unknown	unknown	eukaryote clone OLI11023
ASV_2596	Eukaryota	no_hit	unknown	unknown	unknown	unknown	unknown	uncultured marine eukaryote
ASV_2597	Eukaryota	no_hit	unknown	Dinophyceae	no_hit	no_hit	no_hit	no_hit
ASV_2598	Eukaryota	no_hit	unknown	Dinophyceae	Gymnodiniales	Kareniaceae	Karlodinium	no_hit
ASV_2599	Eukaryota	no_hit	unknown	unknown	unknown	unknown	unknown	Uncultured marine alveolate Group I DH144-EKD3
ASV_2600	Eukaryota	no_hit	unknown	unknown	unknown	unknown	unknown	Uncultured marine alveolate Group I DH144-EKD3
ASV_2601	Eukaryota	no_hit	Bacillariophyta	no_hit	no_hit	no_hit	no_hit	no_hit
ASV_2602	Eukaryota	no_hit	no_hit	no_hit	no_hit	no_hit	no_hit	no_hit
ASV_2603	Eukaryota	no_hit	unknown	Dinophyceae	Syndiniales	Amoebophryaceae	Amoebophrya	no_hit
ASV_2604	Eukaryota	no_hit	Ciliophora	Spirotrichea	unknown	Strombidiidae	Strombidium	Strombidium sp. JG-2011a
ASV_2605	Eukaryota	no_hit	Ciliophora	Spirotrichea	unknown	Strombidiidae	no_hit	no_hit
ASV_2606	Eukaryota	no_hit	unknown	unknown	unknown	unknown	unknown	uncultured marine picoeukaryote
ASV_2607	Eukaryota	no_hit	unknown	Bigyra	Nanomonadea	unknown	Solenicola	no_hit
ASV_2608	Eukaryota	no_hit	unknown	Dinophyceae	Syndiniales	Amoebophryaceae	Amoebophrya	no_hit
ASV_2609	Eukaryota	no_hit	unknown	Dinophyceae	Syndiniales	no_hit	no_hit	no_hit
ASV_2610	Eukaryota	no_hit	unknown	unknown	unknown	Colpodellaceae	Colpodella	no_hit
ASV_2611	Eukaryota	no_hit	unknown	unknown	unknown	unknown	unknown	uncultured marine picoeukaryote
ASV_2612	Eukaryota	no_hit	unknown	Dinophyceae	no_hit	no_hit	no_hit	no_hit
ASV_2613	Eukaryota	no_hit	unknown	Dinophyceae	no_hit	no_hit	no_hit	no_hit
ASV_2614	Eukaryota	no_hit	unknown	Dinophyceae	no_hit	no_hit	no_hit	no_hit
ASV_2615	Eukaryota	no_hit	unknown	Dinophyceae	Syndiniales	no_hit	no_hit	no_hit
ASV_2616	Eukaryota	no_hit	unknown	Dinophyceae	Syndiniales	Amoebophryaceae	Amoebophrya	no_hit
ASV_2617	Eukaryota	no_hit	unknown	Dinophyceae	Coccidiniales	Chytriodiniaceae	Chytriodinium	Chytriodinium sp. Atlantic
ASV_2618	Eukaryota	no_hit	unknown	Dinophyceae	Peridiniales	no_hit	no_hit	no_hit
ASV_2619	Eukaryota	no_hit	unknown	unknown	unknown	unknown	unknown	Uncultured marine alveolate Group I DH144-EKD3
ASV_2620	Eukaryota	no_hit	unknown	Dinophyceae	Peridiniales	Protoperidiniaceae	Islandinium	Islandinium tricingulatum
ASV_2621	Eukaryota	no_hit	unknown	Dinophyceae	Syndiniales	Amoebophryaceae	Amoebophrya	no_hit
ASV_2622	Eukaryota	no_hit	unknown	Dinophyceae	no_hit	no_hit	no_hit	no_hit
ASV_2623	Eukaryota	no_hit	Imbricatea	unknown	Thaumatomonadida	Thaumatomastigidae	Protaspis	no_hit
ASV_2624	Eukaryota	no_hit	Haptophyta	unknown	Prymnesiales	Prymnesiaceae	no_hit	no_hit
ASV_2625	Eukaryota	no_hit	unknown	Dinophyceae	Syndiniales	Amoebophryaceae	Amoebophrya	no_hit
ASV_2626	Eukaryota	no_hit	unknown	Dinophyceae	Blastodiniales	unknown	Blastodinium	Blastodinium oviforme
ASV_2627	Eukaryota	no_hit	unknown	Dinophyceae	Syndiniales	Duboscquellidae	Duboscquella	no_hit
ASV_2628	Eukaryota	no_hit	unknown	unknown	Pirsoniales	unknown	Pirsonia	Pirsonia guinardiae
ASV_2629	Eukaryota	no_hit	Cercozoa	Thecofilosea	Phaeogromida	Challengeriidae	Challengeron	Challengeron diodon
ASV_2630	Eukaryota	no_hit	Ciliophora	Spirotrichea	unknown	Strombidiidae	Strombidium	Strombidium sp. SNB99-2
ASV_2631	Eukaryota	no_hit	unknown	unknown	unknown	unknown	unknown	Acantharian sp. 6201
ASV_2632	no_hit	no_hit	no_hit	no_hit	no_hit	no_hit	no_hit	no_hit
ASV_2633	Eukaryota	no_hit	Haptophyta	unknown	Prymnesiales	Chrysochromulinaceae	Chrysochromulina	no_hit
ASV_2634	Eukaryota	no_hit	unknown	Dinophyceae	Syndiniales	no_hit	no_hit	no_hit
ASV_2635	Eukaryota	no_hit	Euglenozoa	unknown	Diplonemea	Diplonemidae	Lacrimia	no_hit
ASV_2636	Eukaryota	no_hit	no_hit	no_hit	no_hit	no_hit	no_hit	no_hit
ASV_2637	Eukaryota	no_hit	unknown	Dinophyceae	Gymnodiniales	Kareniaceae	Karlodinium	no_hit
ASV_2638	Eukaryota	no_hit	Cercozoa	no_hit	no_hit	no_hit	no_hit	no_hit
ASV_2639	Eukaryota	Metazoa	Annelida	Polychaeta	Phyllodocida	Pisionidae	Pisione	Pisione puzae
ASV_2640	Eukaryota	no_hit	Bacillariophyta	Coscinodiscophyceae	Chaetocerotales	Chaetocerotaceae	Chaetoceros	Chaetoceros sp. UNC1414
ASV_2641	Eukaryota	no_hit	unknown	Dinophyceae	Gymnodiniales	Kareniaceae	Karlodinium	no_hit
ASV_2642	Eukaryota	no_hit	unknown	Dinophyceae	Syndiniales	Amoebophryaceae	Amoebophrya	no_hit
ASV_2643	no_hit	no_hit	no_hit	no_hit	no_hit	no_hit	no_hit	no_hit
ASV_2644	Eukaryota	no_hit	no_hit	no_hit	no_hit	no_hit	no_hit	no_hit
ASV_2645	Eukaryota	no_hit	unknown	Dinophyceae	Syndiniales	Amoebophryaceae	Amoebophrya	no_hit
ASV_2646	Eukaryota	no_hit	unknown	Dinophyceae	no_hit	no_hit	no_hit	no_hit
ASV_2647	Eukaryota	no_hit	Haptophyta	unknown	Prymnesiales	Chrysochromulinaceae	Chrysochromulina	Chrysochromulina scutellum
ASV_2648	Eukaryota	no_hit	unknown	unknown	unknown	unknown	unknown	uncultured marine eukaryote
ASV_2649	Eukaryota	no_hit	unknown	Dinophyceae	Syndiniales	Duboscquellidae	Duboscquella	no_hit
ASV_2650	Eukaryota	no_hit	unknown	Dinophyceae	Syndiniales	Syndiniaceae	Hematodinium	Hematodinium sp. ex Crangon crangon
ASV_2651	Eukaryota	no_hit	unknown	Dinophyceae	Syndiniales	Ellobiopsidae	Ellobiopsis	Ellobiopsis chattonii
ASV_2652	Eukaryota	no_hit	no_hit	no_hit	no_hit	no_hit	no_hit	no_hit
ASV_2653	Eukaryota	no_hit	unknown	Dinophyceae	Syndiniales	no_hit	no_hit	no_hit
ASV_2654	Eukaryota	no_hit	no_hit	no_hit	no_hit	no_hit	no_hit	no_hit
ASV_2655	Eukaryota	no_hit	no_hit	no_hit	no_hit	no_hit	no_hit	no_hit
ASV_2656	Eukaryota	no_hit	Euglenozoa	unknown	Diplonemea	unknown	unknown	Diplonemida sp. 3 RG-2016
ASV_2657	Eukaryota	no_hit	unknown	unknown	Pirsoniales	unknown	Pirsonia	Pirsonia guinardiae
ASV_2658	no_hit	no_hit	no_hit	no_hit	no_hit	no_hit	no_hit	no_hit
ASV_2659	Eukaryota	no_hit	unknown	Dinophyceae	no_hit	no_hit	no_hit	no_hit
ASV_2660	Eukaryota	no_hit	unknown	unknown	Telonemida	unknown	Telonema	no_hit
ASV_2661	Eukaryota	no_hit	Imbricatea	unknown	Marimonadida	unknown	Pseudopirsonia	Pseudopirsonia mucosa
ASV_2662	Eukaryota	no_hit	unknown	Dinophyceae	Syndiniales	Amoebophryaceae	Amoebophrya	no_hit
ASV_2663	Eukaryota	no_hit	no_hit	no_hit	no_hit	no_hit	no_hit	no_hit
ASV_2664	Eukaryota	no_hit	unknown	Dinophyceae	Gymnodiniales	Kareniaceae	Takayama	Takayama cf. pulchellum
ASV_2665	Eukaryota	no_hit	unknown	Dinophyceae	Syndiniales	Amoebophryaceae	Amoebophrya	no_hit
ASV_2666	Eukaryota	no_hit	unknown	Dinophyceae	Syndiniales	Amoebophryaceae	Amoebophrya	no_hit
ASV_2667	Eukaryota	no_hit	unknown	unknown	unknown	unknown	unknown	uncultured marine eukaryote
ASV_2668	Eukaryota	no_hit	no_hit	no_hit	no_hit	no_hit	no_hit	no_hit
ASV_2669	Eukaryota	no_hit	unknown	Dinophyceae	Syndiniales	Amoebophryaceae	Amoebophrya	no_hit
ASV_2670	Eukaryota	no_hit	unknown	Dinophyceae	Peridiniales	Protoperidiniaceae	Protoperidinium	Protoperidinium monovelum
ASV_2671	no_hit	no_hit	no_hit	no_hit	no_hit	no_hit	no_hit	no_hit
ASV_2672	Eukaryota	Metazoa	Annelida	Polychaeta	Phyllodocida	Phyllodocidae	Pelagobia	Pelagobia longicirrata
ASV_2673	Eukaryota	Metazoa	Rotifera	Eurotatoria	no_hit	no_hit	no_hit	no_hit
ASV_2674	Eukaryota	Metazoa	Arthropoda	Hexanauplia	Poecilostomatoida	Oncaeidae	no_hit	no_hit
ASV_2675	Eukaryota	no_hit	unknown	Dinophyceae	Syndiniales	Amoebophryaceae	Amoebophrya	no_hit
ASV_2676	no_hit	no_hit	no_hit	no_hit	no_hit	no_hit	no_hit	no_hit
ASV_2677	Eukaryota	no_hit	unknown	Dinophyceae	no_hit	no_hit	no_hit	no_hit
ASV_2678	Eukaryota	no_hit	unknown	Dinophyceae	Syndiniales	Amoebophryaceae	Amoebophrya	no_hit
ASV_2679	Eukaryota	no_hit	Ciliophora	Oligohymenophorea	Philasterida	Cinetochilidae	Cinetochilum	Cinetochilum ovale
ASV_2680	no_hit	no_hit	no_hit	no_hit	no_hit	no_hit	no_hit	no_hit
ASV_2681	Eukaryota	no_hit	Ciliophora	Oligohymenophorea	Pleuronematida	Conchophthiridae	Conchophthirus	no_hit
ASV_2682	no_hit	no_hit	no_hit	no_hit	no_hit	no_hit	no_hit	no_hit
ASV_2683	Eukaryota	no_hit	unknown	Cryptophyceae	Pyrenomonadales	Geminigeraceae	Proteomonas	no_hit
ASV_2684	no_hit	no_hit	no_hit	no_hit	no_hit	no_hit	no_hit	no_hit
ASV_2685	Eukaryota	Metazoa	Annelida	Polychaeta	unknown	Opheliidae	Travisia	Travisia pupa
ASV_2686	Eukaryota	no_hit	unknown	Dinophyceae	Syndiniales	Amoebophryaceae	Amoebophrya	no_hit
ASV_2687	Eukaryota	no_hit	unknown	unknown	unknown	Vitrellaceae	Piridium	Piridium sociabile
ASV_2688	no_hit	no_hit	no_hit	no_hit	no_hit	no_hit	no_hit	no_hit
ASV_2689	Eukaryota	no_hit	unknown	unknown	unknown	unknown	unknown	eukaryote clone OLI11261
ASV_2690	Eukaryota	no_hit	unknown	unknown	unknown	unknown	unknown	eukaryote clone OLI11012
ASV_2691	no_hit	no_hit	no_hit	no_hit	no_hit	no_hit	no_hit	no_hit
ASV_2692	no_hit	no_hit	no_hit	no_hit	no_hit	no_hit	no_hit	no_hit
ASV_2693	Eukaryota	no_hit	unknown	Polycystinea	Spumellaria	unknown	Spongotrochus	Spongotrochus glacialis
ASV_2694	Eukaryota	Metazoa	Chaetognatha	Sagittoidea	Aphragmophora	Sagittidae	Sagitta	Sagitta sp. DP-2006
ASV_2695	Eukaryota	no_hit	unknown	unknown	unknown	unknown	unknown	uncultured marine eukaryote
ASV_2696	Eukaryota	no_hit	unknown	Dinophyceae	Syndiniales	Amoebophryaceae	Amoebophrya	no_hit
ASV_2697	Eukaryota	no_hit	unknown	Dinophyceae	Gymnodiniales	Kareniaceae	Karlodinium	no_hit
ASV_2698	Eukaryota	no_hit	Ciliophora	Oligohymenophorea	Apostomatida	Foettingeriidae	Gymnodinioides	Gymnodinioides pitelkae
ASV_2699	Eukaryota	no_hit	unknown	Dinophyceae	Syndiniales	no_hit	no_hit	no_hit
ASV_2700	Eukaryota	no_hit	Euglenozoa	unknown	Diplonemea	Diplonemidae	Lacrimia	Lacrimia lanifica
ASV_2701	Eukaryota	no_hit	unknown	Dinophyceae	Syndiniales	Amoebophryaceae	Amoebophrya	no_hit
ASV_2702	Eukaryota	no_hit	unknown	unknown	unknown	unknown	unknown	uncultured marine eukaryote
ASV_2703	Eukaryota	no_hit	Euglenozoa	unknown	Diplonemea	unknown	unknown	Diplonemida sp. 37 RG-2016
ASV_2704	Eukaryota	no_hit	unknown	Dinophyceae	Syndiniales	Amoebophryaceae	Amoebophrya	no_hit
ASV_2705	Eukaryota	no_hit	Bacillariophyta	Bacillariophyceae	Mastogloiales	Achnanthaceae	Achnanthes	no_hit
ASV_2706	Eukaryota	Viridiplantae	Chlorophyta	Mamiellophyceae	Dolichomastigales	Crustomastigaceae	Crustomastix	Crustomastix stigmatica
ASV_2707	Eukaryota	no_hit	unknown	Bigyra	Thraustochytrida	Thraustochytriaceae	Phycophthorum	Phycophthorum isakeiti
ASV_2708	Eukaryota	no_hit	Imbricatea	unknown	Marimonadida	unknown	Pseudopirsonia	Pseudopirsonia mucosa
ASV_2709	Eukaryota	no_hit	unknown	Dinophyceae	Gonyaulacales	no_hit	no_hit	no_hit
ASV_2710	Eukaryota	no_hit	unknown	Phaeophyceae	no_hit	no_hit	no_hit	no_hit
ASV_2711	Eukaryota	no_hit	unknown	Dinophyceae	Gymnodiniales	Gymnodiniaceae	Moestrupia	Moestrupia sp. HG228
ASV_2712	Eukaryota	no_hit	unknown	Dinophyceae	Syndiniales	Amoebophryaceae	Amoebophrya	no_hit
ASV_2713	Eukaryota	no_hit	unknown	Acantharea	Arthracanthida	no_hit	no_hit	no_hit
ASV_2714	Eukaryota	Metazoa	Chordata	Appendicularia	Copelata	Fritillariidae	Fritillaria <tunicates>	Fritillaria formica
ASV_2715	Eukaryota	no_hit	unknown	Polycystinea	Spumellaria	Actinommidae	Hexacontium	no_hit
ASV_2716	Eukaryota	no_hit	no_hit	no_hit	no_hit	no_hit	no_hit	no_hit
ASV_2717	Eukaryota	no_hit	unknown	unknown	unknown	unknown	unknown	uncultured marine eukaryote
ASV_2718	Eukaryota	no_hit	unknown	Dinophyceae	Syndiniales	Amoebophryaceae	Amoebophrya	no_hit
ASV_2719	Eukaryota	no_hit	no_hit	no_hit	no_hit	no_hit	no_hit	no_hit
ASV_2720	Eukaryota	no_hit	Euglenozoa	unknown	Diplonemea	unknown	unknown	Diplonemida sp. 37 RG-2016
ASV_2721	Eukaryota	no_hit	unknown	unknown	unknown	unknown	unknown	Uncultured marine alveolate Group II DH148-EKD14
ASV_2722	Eukaryota	no_hit	unknown	unknown	unknown	unknown	unknown	uncultured marine eukaryote
ASV_2723	Eukaryota	no_hit	no_hit	no_hit	no_hit	no_hit	no_hit	no_hit
ASV_2724	Eukaryota	no_hit	unknown	Dinophyceae	Syndiniales	Amoebophryaceae	Amoebophrya	no_hit
ASV_2725	Eukaryota	no_hit	unknown	Dinophyceae	Syndiniales	Amoebophryaceae	Amoebophrya	no_hit
ASV_2726	Eukaryota	no_hit	unknown	unknown	unknown	unknown	unknown	uncultured marine picoeukaryote
ASV_2727	Eukaryota	Metazoa	Arthropoda	Hexanauplia	Harpacticoida	Ectinosomatidae	Microsetella	Microsetella rosea
ASV_2728	Eukaryota	no_hit	unknown	Dinophyceae	no_hit	no_hit	no_hit	no_hit
ASV_2729	Eukaryota	no_hit	unknown	Dinophyceae	Syndiniales	Amoebophryaceae	Amoebophrya	no_hit
ASV_2730	no_hit	no_hit	no_hit	no_hit	no_hit	no_hit	no_hit	no_hit
ASV_2731	Eukaryota	Metazoa	Chordata	Appendicularia	Copelata	Oikopleuridae	no_hit	no_hit
ASV_2732	Eukaryota	no_hit	unknown	Dinophyceae	no_hit	no_hit	no_hit	no_hit
ASV_2733	Eukaryota	no_hit	no_hit	no_hit	no_hit	no_hit	no_hit	no_hit
ASV_2734	no_hit	no_hit	no_hit	no_hit	no_hit	no_hit	no_hit	no_hit
ASV_2735	Eukaryota	no_hit	Euglenozoa	unknown	Diplonemea	unknown	unknown	Diplonemida sp. 1sb RG-2016
ASV_2736	Eukaryota	no_hit	no_hit	no_hit	no_hit	no_hit	no_hit	no_hit
ASV_2737	Eukaryota	no_hit	Apicomplexa	Conoidasida	Eucoccidiorida	Dactylosomatidae	no_hit	no_hit
ASV_2738	Eukaryota	no_hit	unknown	Dinophyceae	Peridiniales	Protoperidiniaceae	Protoperidinium	Protoperidinium crassipes
ASV_2739	Eukaryota	no_hit	unknown	Dinophyceae	Syndiniales	Amoebophryaceae	Amoebophrya	no_hit
ASV_2740	Eukaryota	Metazoa	Arthropoda	Hexanauplia	Cyclopoida	Oithonidae	Oithona	Oithona similis
ASV_2741	Eukaryota	no_hit	unknown	Dinophyceae	Syndiniales	Amoebophryaceae	Amoebophrya	no_hit
ASV_2742	Eukaryota	no_hit	unknown	Choanoflagellata	Acanthoecida	Acanthoecidae	Acanthoeca	Acanthoeca sp. SIOpierAcanth1
ASV_2743	Eukaryota	no_hit	unknown	Dinophyceae	Syndiniales	no_hit	no_hit	no_hit
ASV_2744	no_hit	no_hit	no_hit	no_hit	no_hit	no_hit	no_hit	no_hit
ASV_2745	Eukaryota	no_hit	unknown	Dinophyceae	Syndiniales	Amoebophryaceae	Amoebophrya	no_hit
ASV_2746	Eukaryota	no_hit	Euglenozoa	unknown	Diplonemea	unknown	unknown	Diplonemida sp. 21sb RG-2016
ASV_2747	Eukaryota	no_hit	unknown	Dinophyceae	Syndiniales	no_hit	no_hit	no_hit
ASV_2748	Eukaryota	no_hit	no_hit	no_hit	no_hit	no_hit	no_hit	no_hit
ASV_2749	Eukaryota	no_hit	unknown	unknown	unknown	unknown	unknown	Uncultured marine alveolate Group II DH147-EKD6
ASV_2750	Eukaryota	no_hit	unknown	Dinophyceae	no_hit	no_hit	no_hit	no_hit
ASV_2751	Eukaryota	no_hit	unknown	unknown	unknown	unknown	unknown	Uncultured marine alveolate Group II DH147-EKD6
ASV_2752	Eukaryota	no_hit	Euglenozoa	unknown	Diplonemea	unknown	unknown	Diplonemida sp. 27 RG-2016
ASV_2753	Eukaryota	no_hit	unknown	Dinophyceae	Syndiniales	Amoebophryaceae	Amoebophrya	no_hit
ASV_2754	Eukaryota	Metazoa	Cnidaria	Hydrozoa	Leptothecata	Eutimidae	Tima	Tima bairdii
ASV_2755	Eukaryota	no_hit	unknown	Dinophyceae	Syndiniales	no_hit	no_hit	no_hit
ASV_2756	Eukaryota	no_hit	Cercozoa	unknown	Cercomonadida	Cercomonadidae	no_hit	no_hit
ASV_2757	Eukaryota	Viridiplantae	Chlorophyta	Pyramimonadophyceae	Pyramimonadales	Pyramimonadaceae	Pterosperma	Pterosperma cristatum
ASV_2758	Eukaryota	no_hit	no_hit	no_hit	no_hit	no_hit	no_hit	no_hit
ASV_2759	Eukaryota	no_hit	unknown	unknown	unknown	unknown	unknown	Uncultured marine alveolate Group I DH144-EKD3
ASV_2760	no_hit	no_hit	no_hit	no_hit	no_hit	no_hit	no_hit	no_hit
ASV_2761	Eukaryota	no_hit	unknown	Bigyra	Oblongichytrida	unknown	Oblongichytrium	no_hit
ASV_2762	Eukaryota	no_hit	unknown	unknown	unknown	unknown	unknown	uncultured marine eukaryote
ASV_2763	Eukaryota	no_hit	unknown	unknown	unknown	unknown	unknown	uncultured marine eukaryote
ASV_2764	Eukaryota	no_hit	unknown	Dinophyceae	no_hit	no_hit	no_hit	no_hit
ASV_2765	Eukaryota	no_hit	unknown	Cryptophyceae	Cyathomonadacea	Goniomonadaceae	Goniomonas	no_hit
ASV_2766	Eukaryota	no_hit	no_hit	no_hit	no_hit	no_hit	no_hit	no_hit
ASV_2767	Eukaryota	no_hit	unknown	unknown	unknown	unknown	unknown	uncultured marine picoeukaryote
ASV_2768	Eukaryota	no_hit	unknown	unknown	unknown	unknown	unknown	uncultured marine eukaryote
ASV_2769	Eukaryota	Metazoa	Annelida	Polychaeta	unknown	Capitellidae	Notomastus	no_hit
ASV_2770	Eukaryota	no_hit	unknown	Dinophyceae	no_hit	no_hit	no_hit	no_hit
ASV_2771	Eukaryota	no_hit	unknown	Dinophyceae	no_hit	no_hit	no_hit	no_hit
ASV_2772	Eukaryota	no_hit	Euglenozoa	unknown	Diplonemea	no_hit	no_hit	no_hit
ASV_2773	Eukaryota	no_hit	unknown	unknown	unknown	unknown	unknown	Uncultured marine alveolate Group II DH147-EKD3
ASV_2774	no_hit	no_hit	no_hit	no_hit	no_hit	no_hit	no_hit	no_hit
ASV_2775	Eukaryota	no_hit	Euglenozoa	unknown	Diplonemea	no_hit	no_hit	no_hit
ASV_2776	unassigned	unassigned	unassigned	unassigned	unassigned	unassigned	unassigned	unassigned
ASV_2777	Eukaryota	no_hit	unknown	Dinophyceae	Gymnodiniales	Kareniaceae	Gertia	Gertia stigmatica
ASV_2778	Eukaryota	no_hit	unknown	Dinophyceae	Syndiniales	no_hit	no_hit	no_hit
ASV_2779	Eukaryota	no_hit	Euglenozoa	unknown	Diplonemea	no_hit	no_hit	no_hit
ASV_2780	Eukaryota	no_hit	unknown	Dinophyceae	no_hit	no_hit	no_hit	no_hit
ASV_2781	Eukaryota	no_hit	unknown	Dinophyceae	Syndiniales	Amoebophryaceae	Amoebophrya	no_hit
ASV_2782	Eukaryota	no_hit	unknown	unknown	unknown	unknown	unknown	uncultured marine eukaryote
ASV_2783	Eukaryota	no_hit	Ciliophora	Spirotrichea	Tintinnida	Tintinnidae	Salpingella	Salpingella acuminata
ASV_2784	Eukaryota	Viridiplantae	Chlorophyta	Pyramimonadophyceae	Pyramimonadales	Pyramimonadaceae	Pterosperma	Pterosperma cristatum
ASV_2785	Eukaryota	no_hit	unknown	Dinophyceae	Syndiniales	no_hit	no_hit	no_hit
ASV_2786	Eukaryota	no_hit	unknown	unknown	unknown	unknown	unknown	uncultured marine eukaryote
ASV_2787	Eukaryota	no_hit	unknown	unknown	unknown	unknown	unknown	uncultured marine eukaryote
ASV_2788	Eukaryota	no_hit	unknown	Dinophyceae	Syndiniales	Amoebophryaceae	Amoebophrya	no_hit
ASV_2789	Eukaryota	no_hit	unknown	unknown	unknown	unknown	unknown	uncultured marine eukaryote
ASV_2790	Eukaryota	no_hit	unknown	unknown	unknown	unknown	unknown	Acantharian sp. 6201
ASV_2791	Eukaryota	Fungi	Basidiomycota	no_hit	no_hit	no_hit	no_hit	no_hit
ASV_2792	Eukaryota	no_hit	unknown	Dinophyceae	no_hit	no_hit	no_hit	no_hit
ASV_2793	Eukaryota	Metazoa	Chordata	Appendicularia	Copelata	Fritillariidae	Fritillaria <tunicates>	Fritillaria gracilis
ASV_2794	Eukaryota	no_hit	Rhodophyta	Florideophyceae	Batrachospermales	Batrachospermaceae	no_hit	no_hit
ASV_2795	Eukaryota	no_hit	unknown	Dinophyceae	no_hit	no_hit	no_hit	no_hit
ASV_2796	Eukaryota	no_hit	unknown	Dinophyceae	no_hit	no_hit	no_hit	no_hit
ASV_2797	Eukaryota	no_hit	Ciliophora	Colpodea	unknown	unknown	unknown	Uncultured marine colpodean ciliate DH147-EKD23
ASV_2798	no_hit	no_hit	no_hit	no_hit	no_hit	no_hit	no_hit	no_hit
ASV_2799	Eukaryota	no_hit	Cercozoa	unknown	unknown	unknown	unknown	Cercozoa sp. CC-2009d
ASV_2800	Eukaryota	no_hit	unknown	unknown	unknown	unknown	unknown	uncultured marine eukaryote
ASV_2801	Eukaryota	no_hit	unknown	Dinophyceae	Peridiniales	Protoperidiniaceae	Protoperidinium	Protoperidinium denticulatum
ASV_2802	Eukaryota	Viridiplantae	Chlorophyta	Pyramimonadophyceae	Pyramimonadales	Pyramimonadaceae	Pterosperma	Pterosperma cristatum
ASV_2803	Eukaryota	no_hit	unknown	Dinophyceae	Syndiniales	Amoebophryaceae	Amoebophrya	no_hit
ASV_2804	Eukaryota	no_hit	no_hit	no_hit	no_hit	no_hit	no_hit	no_hit
ASV_2805	Eukaryota	no_hit	Foraminifera	unknown	Rotaliida	Cassidulinidae	no_hit	no_hit
ASV_2806	Eukaryota	no_hit	unknown	Dinophyceae	Syndiniales	Amoebophryaceae	Amoebophrya	no_hit
ASV_2807	Eukaryota	no_hit	unknown	Dinophyceae	no_hit	no_hit	no_hit	no_hit
ASV_2808	Eukaryota	no_hit	Endomyxa	unknown	Vampyrellida	Vampyrellidae	no_hit	no_hit
ASV_2809	Eukaryota	no_hit	no_hit	no_hit	no_hit	no_hit	no_hit	no_hit
ASV_2810	Eukaryota	no_hit	Bacillariophyta	Bacillariophyceae	Naviculales	Sellaphoraceae	Sellaphora	no_hit
ASV_2811	Eukaryota	no_hit	unknown	unknown	unknown	unknown	unknown	uncultured marine eukaryote
ASV_2812	Eukaryota	no_hit	Ciliophora	Oligohymenophorea	Apostomatida	Colliniidae	Lynnia	Lynnia grapsolytica
ASV_2813	Eukaryota	no_hit	Euglenozoa	unknown	Diplonemea	unknown	unknown	Diplonemida sp. 27 RG-2016
ASV_2814	Eukaryota	no_hit	unknown	Cryptophyceae	Pyrenomonadales	Geminigeraceae	Geminigera	Geminigera cryophila
ASV_2815	Eukaryota	no_hit	unknown	Dinophyceae	no_hit	no_hit	no_hit	no_hit
ASV_2816	Eukaryota	no_hit	unknown	unknown	unknown	unknown	unknown	uncultured marine picoeukaryote
ASV_2817	no_hit	no_hit	no_hit	no_hit	no_hit	no_hit	no_hit	no_hit
ASV_2818	no_hit	no_hit	no_hit	no_hit	no_hit	no_hit	no_hit	no_hit
ASV_2819	Eukaryota	no_hit	Euglenozoa	unknown	Diplonemea	no_hit	no_hit	no_hit
ASV_2820	Eukaryota	no_hit	unknown	Dinophyceae	Syndiniales	no_hit	no_hit	no_hit
ASV_2821	Eukaryota	no_hit	no_hit	no_hit	no_hit	no_hit	no_hit	no_hit
ASV_2822	Eukaryota	no_hit	Euglenozoa	unknown	Diplonemea	unknown	unknown	Diplonemida sp. 27 RG-2016
ASV_2823	Eukaryota	no_hit	unknown	unknown	unknown	unknown	unknown	uncultured marine picoeukaryote
ASV_2824	Eukaryota	Metazoa	Ctenophora	Nuda	Beroida	Beroidae	Beroe	no_hit
ASV_2825	Eukaryota	no_hit	Bacillariophyta	Coscinodiscophyceae	Melosirales	Stephanopyxidaceae	Stephanopyxis	Stephanopyxis turris
ASV_2826	Eukaryota	no_hit	Picozoa	Picomonadea	Picomonadida	Picomonadidae	Picomonas	no_hit
ASV_2827	Eukaryota	no_hit	unknown	Dinophyceae	Peridiniales	Peridiniaceae	Peridinium	no_hit
ASV_2828	Eukaryota	no_hit	unknown	Dinophyceae	no_hit	no_hit	no_hit	no_hit
ASV_2829	Eukaryota	no_hit	unknown	Cryptophyceae	Pyrenomonadales	Geminigeraceae	Geminigera	Geminigera cryophila
ASV_2830	Eukaryota	no_hit	unknown	Dinophyceae	Syndiniales	Amoebophryaceae	Amoebophrya	no_hit
ASV_2831	Eukaryota	no_hit	Ciliophora	Oligohymenophorea	Philasterida	Cinetochilidae	Platynematum	no_hit
ASV_2832	Eukaryota	no_hit	unknown	Bigyra	Nanomonadea	unknown	Solenicola	no_hit
ASV_2833	Eukaryota	no_hit	no_hit	no_hit	no_hit	no_hit	no_hit	no_hit
ASV_2834	Eukaryota	no_hit	unknown	Dinophyceae	Syndiniales	no_hit	no_hit	no_hit
ASV_2835	no_hit	no_hit	no_hit	no_hit	no_hit	no_hit	no_hit	no_hit
ASV_2836	Eukaryota	no_hit	unknown	Dinophyceae	Gymnodiniales	Kareniaceae	Takayama	Takayama cf. pulchellum
ASV_2837	Eukaryota	no_hit	unknown	Dinophyceae	Syndiniales	Duboscquellidae	Duboscquella	no_hit
ASV_2838	Eukaryota	no_hit	unknown	Dinophyceae	Syndiniales	Amoebophryaceae	Amoebophrya	no_hit
ASV_2839	Eukaryota	no_hit	unknown	Dinophyceae	no_hit	no_hit	no_hit	no_hit
ASV_2840	Eukaryota	no_hit	unknown	Bolidophyceae	Parmales	Triparmaceae	Bolidomonas	no_hit
ASV_2841	Eukaryota	no_hit	unknown	unknown	unknown	unknown	unknown	uncultured marine picoeukaryote
ASV_2842	Eukaryota	no_hit	no_hit	no_hit	no_hit	no_hit	no_hit	no_hit
ASV_2843	Eukaryota	no_hit	unknown	Polycystinea	no_hit	no_hit	no_hit	no_hit
ASV_2844	no_hit	no_hit	no_hit	no_hit	no_hit	no_hit	no_hit	no_hit
ASV_2845	Eukaryota	no_hit	unknown	Dinophyceae	Syndiniales	no_hit	no_hit	no_hit
ASV_2846	Eukaryota	no_hit	unknown	unknown	unknown	unknown	unknown	eukaryote clone OLI11261
ASV_2847	Eukaryota	Viridiplantae	Chlorophyta	Pyramimonadophyceae	Pyramimonadales	Pyramimonadaceae	Pterosperma	Pterosperma cristatum
ASV_2848	Eukaryota	no_hit	Euglenozoa	unknown	Diplonemea	no_hit	no_hit	no_hit
ASV_2849	Eukaryota	no_hit	Cercozoa	Thecofilosea	unknown	unknown	Mataza	Mataza hastifera
ASV_2850	Eukaryota	no_hit	unknown	Dinophyceae	Syndiniales	Amoebophryaceae	Amoebophrya	no_hit
ASV_2851	Eukaryota	no_hit	Euglenozoa	unknown	Diplonemea	unknown	unknown	Diplonemida sp. 3 RG-2016
ASV_2852	Eukaryota	no_hit	unknown	Dinophyceae	Syndiniales	Amoebophryaceae	Amoebophrya	no_hit
ASV_2853	Eukaryota	no_hit	unknown	Dinophyceae	Gymnodiniales	Tovelliaceae	Esoptrodinium	Esoptrodinium sp. HP
ASV_2854	Eukaryota	no_hit	Ciliophora	Spirotrichea	Tintinnida	Tintinnidae	Salpingella	Salpingella acuminata
ASV_2855	Eukaryota	no_hit	unknown	Dinophyceae	Syndiniales	no_hit	no_hit	no_hit
ASV_2856	Eukaryota	no_hit	Ciliophora	Oligohymenophorea	Philasterida	Cinetochilidae	Cinetochilum	Cinetochilum ovale
ASV_2857	Eukaryota	Metazoa	Arthropoda	Hexanauplia	Poecilostomatoida	Oncaeidae	no_hit	no_hit
ASV_2858	Eukaryota	no_hit	unknown	Dinophyceae	Syndiniales	Amoebophryaceae	Amoebophrya	no_hit
ASV_2859	Eukaryota	no_hit	unknown	Dinophyceae	Syndiniales	Amoebophryaceae	Amoebophrya	no_hit
ASV_2860	Eukaryota	no_hit	unknown	Dinophyceae	Syndiniales	Amoebophryaceae	Amoebophrya	no_hit
ASV_2861	Eukaryota	no_hit	Euglenozoa	unknown	Diplonemea	no_hit	no_hit	no_hit
ASV_2862	Eukaryota	no_hit	no_hit	no_hit	no_hit	no_hit	no_hit	no_hit
ASV_2863	Eukaryota	no_hit	unknown	unknown	unknown	unknown	unknown	uncultured marine eukaryote
ASV_2864	Eukaryota	no_hit	Bacillariophyta	Fragilariophyceae	Fragilariales	Fragilariaceae	no_hit	no_hit
ASV_2865	Eukaryota	no_hit	unknown	Dinophyceae	Syndiniales	Amoebophryaceae	Amoebophrya	no_hit
ASV_2866	Eukaryota	no_hit	Cercozoa	Thecofilosea	Cryomonadida	Protaspidae	Cryothecomonas	Cryothecomonas sp. APCC MC5-1Cryo
ASV_2867	Eukaryota	no_hit	unknown	unknown	unknown	unknown	unknown	Uncultured marine alveolate Group II DH147-EKD16
ASV_2868	Eukaryota	no_hit	unknown	Dinophyceae	no_hit	no_hit	no_hit	no_hit
ASV_2869	Eukaryota	no_hit	unknown	Dinophyceae	Syndiniales	Amoebophryaceae	Amoebophrya	no_hit
ASV_2870	Eukaryota	no_hit	unknown	unknown	unknown	unknown	unknown	uncultured marine eukaryote
ASV_2871	Eukaryota	no_hit	no_hit	no_hit	no_hit	no_hit	no_hit	no_hit
ASV_2872	Eukaryota	no_hit	Apicomplexa	Conoidasida	Eucoccidiorida	Eimeriidae	no_hit	no_hit
ASV_2873	Eukaryota	no_hit	no_hit	no_hit	no_hit	no_hit	no_hit	no_hit
ASV_2874	no_hit	no_hit	no_hit	no_hit	no_hit	no_hit	no_hit	no_hit
ASV_2875	Eukaryota	no_hit	unknown	Dinophyceae	Syndiniales	Amoebophryaceae	Amoebophrya	no_hit
ASV_2876	Eukaryota	Metazoa	Cnidaria	Hydrozoa	Trachymedusae	Halicreatidae	Haliscera	Haliscera conica
ASV_2877	Eukaryota	no_hit	unknown	Dinophyceae	Gonyaulacales	Pyrophacaceae	Fragilidium	Fragilidium duplocampanaeforme
ASV_2878	Eukaryota	no_hit	Foraminifera	no_hit	no_hit	no_hit	no_hit	no_hit
ASV_2879	Eukaryota	Fungi	Chytridiomycota	Chytridiomycetes	Rhizophydiales	no_hit	no_hit	no_hit
ASV_2880	Eukaryota	no_hit	no_hit	no_hit	no_hit	no_hit	no_hit	no_hit
ASV_2881	Eukaryota	Metazoa	Ctenophora	Tentaculata	Cydippida	Dryodoridae	Dryodora	Dryodora glandiformis
ASV_2882	Eukaryota	Metazoa	Cnidaria	Hydrozoa	Narcomedusae	Cuninidae	Cunina	Cunina frugifera
ASV_2883	no_hit	no_hit	no_hit	no_hit	no_hit	no_hit	no_hit	no_hit
ASV_2884	Eukaryota	no_hit	Ciliophora	Oligohymenophorea	Philasterida	Cinetochilidae	Pseudoplatynematum	Pseudoplatynematum denticulatum
ASV_2885	Eukaryota	no_hit	unknown	Dinophyceae	no_hit	no_hit	no_hit	no_hit
ASV_2886	no_hit	no_hit	no_hit	no_hit	no_hit	no_hit	no_hit	no_hit
ASV_2887	Eukaryota	no_hit	unknown	Dinophyceae	Syndiniales	Amoebophryaceae	Amoebophrya	no_hit
ASV_2888	Eukaryota	no_hit	unknown	Dinophyceae	Syndiniales	no_hit	no_hit	no_hit
ASV_2889	Eukaryota	no_hit	no_hit	no_hit	no_hit	no_hit	no_hit	no_hit
ASV_2890	Eukaryota	no_hit	Imbricatea	unknown	unknown	Metromonadea	Metopion	Metopion fluens
ASV_2891	Eukaryota	Viridiplantae	Chlorophyta	Mamiellophyceae	Dolichomastigales	Crustomastigaceae	Crustomastix	Crustomastix sp. MBIC10709
ASV_2892	Eukaryota	no_hit	Euglenozoa	unknown	Diplonemea	Diplonemidae	Lacrimia	no_hit
ASV_2893	Eukaryota	no_hit	unknown	Dinophyceae	Blastodiniales	unknown	Blastodinium	Blastodinium mangini
ASV_2894	Eukaryota	no_hit	unknown	Polycystinea	no_hit	no_hit	no_hit	no_hit
ASV_2895	Eukaryota	no_hit	Bacillariophyta	Coscinodiscophyceae	Thalassiosirales	Thalassiosiraceae	Thalassiosira	Thalassiosira concaviuscula
ASV_2896	Eukaryota	no_hit	unknown	Dinophyceae	no_hit	no_hit	no_hit	no_hit
ASV_2897	Eukaryota	no_hit	no_hit	no_hit	no_hit	no_hit	no_hit	no_hit
ASV_2898	Eukaryota	no_hit	unknown	Dinophyceae	Syndiniales	Amoebophryaceae	Amoebophrya	no_hit
ASV_2899	Eukaryota	no_hit	unknown	Dinophyceae	Syndiniales	no_hit	no_hit	no_hit
ASV_2900	Eukaryota	no_hit	unknown	Dinophyceae	Abediniales	Abediniaceae	Abedinium	Abedinium folium
ASV_2901	Eukaryota	Metazoa	Arthropoda	Malacostraca	Cumacea	Leuconidae	Eudorella	Eudorella hirsuta
ASV_2902	Eukaryota	no_hit	unknown	Dinophyceae	no_hit	no_hit	no_hit	no_hit
ASV_2903	Eukaryota	no_hit	no_hit	no_hit	no_hit	no_hit	no_hit	no_hit
ASV_2904	no_hit	no_hit	no_hit	no_hit	no_hit	no_hit	no_hit	no_hit
ASV_2905	Eukaryota	no_hit	unknown	Dinophyceae	Syndiniales	Amoebophryaceae	Amoebophrya	no_hit
ASV_2906	Eukaryota	no_hit	unknown	Dinophyceae	Peridiniales	no_hit	no_hit	no_hit
ASV_2907	Eukaryota	no_hit	Euglenozoa	unknown	Diplonemea	unknown	unknown	Diplonemida sp. 37 RG-2016
ASV_2908	Eukaryota	no_hit	unknown	Dinophyceae	Syndiniales	Ellobiopsidae	Thalassomyces	Thalassomyces sp. JDS-2003
ASV_2909	Eukaryota	no_hit	unknown	Bigyra	Nanomonadea	unknown	Solenicola	no_hit
ASV_2910	Eukaryota	no_hit	unknown	Dinophyceae	Gymnodiniales	Ceratoperidiniaeceae	Kirithra	Kirithra sigma
ASV_2911	Eukaryota	no_hit	unknown	Polycystinea	no_hit	no_hit	no_hit	no_hit
ASV_2912	Eukaryota	no_hit	unknown	Dinophyceae	Syndiniales	Amoebophryaceae	Amoebophrya	no_hit
ASV_2913	Eukaryota	no_hit	unknown	Dinophyceae	no_hit	no_hit	no_hit	no_hit
ASV_2914	Eukaryota	no_hit	Ciliophora	Oligohymenophorea	Philasterida	Loxocephalidae	Zitheron	Zitheron hovassei
ASV_2915	Eukaryota	no_hit	unknown	Dinophyceae	no_hit	no_hit	no_hit	no_hit
ASV_2916	Eukaryota	no_hit	Euglenozoa	unknown	Diplonemea	Hemistasiidae	Hemistasia	Hemistasia phaeocysticola
ASV_2917	Eukaryota	no_hit	unknown	Dinophyceae	Gonyaulacales	Gonyaulacaceae	Alexandrium	Alexandrium minutum
ASV_2918	Eukaryota	no_hit	unknown	unknown	unknown	unknown	unknown	uncultured marine eukaryote
ASV_2919	Eukaryota	no_hit	unknown	Dinophyceae	no_hit	no_hit	no_hit	no_hit
ASV_2920	Eukaryota	no_hit	no_hit	no_hit	no_hit	no_hit	no_hit	no_hit
ASV_2921	Eukaryota	no_hit	unknown	unknown	unknown	unknown	unknown	Uncultured marine alveolate Group II DH147-EKD6
ASV_2922	Eukaryota	no_hit	unknown	unknown	unknown	unknown	unknown	uncultured marine picoeukaryote
ASV_2923	Eukaryota	no_hit	unknown	Polycystinea	Spumellaria	Ethmosphaeridae	Styptosphaera	Styptosphaera sp. 2022
ASV_2924	Eukaryota	no_hit	unknown	unknown	unknown	unknown	unknown	uncultured marine eukaryote
ASV_2925	Eukaryota	no_hit	unknown	Dinophyceae	no_hit	no_hit	no_hit	no_hit
ASV_2926	Eukaryota	no_hit	unknown	unknown	unknown	unknown	unknown	uncultured marine picoeukaryote
ASV_2927	Eukaryota	no_hit	unknown	unknown	unknown	unknown	unknown	uncultured marine eukaryote
ASV_2928	Eukaryota	no_hit	unknown	unknown	unknown	unknown	unknown	Uncultured marine alveolate Group I DH144-EKD3
ASV_2929	no_hit	no_hit	no_hit	no_hit	no_hit	no_hit	no_hit	no_hit
ASV_2930	Eukaryota	no_hit	unknown	Dinophyceae	Syndiniales	Syndiniaceae	Hematodinium	no_hit
ASV_2931	no_hit	no_hit	no_hit	no_hit	no_hit	no_hit	no_hit	no_hit
ASV_2932	Eukaryota	Metazoa	Hemichordata	Enteropneusta	no_hit	no_hit	no_hit	no_hit
ASV_2933	Eukaryota	no_hit	unknown	unknown	unknown	unknown	unknown	eukaryote clone OLI11009
ASV_2934	Eukaryota	no_hit	no_hit	no_hit	no_hit	no_hit	no_hit	no_hit
ASV_2935	Eukaryota	no_hit	no_hit	no_hit	no_hit	no_hit	no_hit	no_hit
ASV_2936	Eukaryota	no_hit	unknown	Dinophyceae	Syndiniales	Amoebophryaceae	Amoebophrya	no_hit
ASV_2937	Eukaryota	no_hit	unknown	unknown	Telonemida	unknown	Telonema	no_hit
ASV_2938	Eukaryota	no_hit	unknown	Dinophyceae	Syndiniales	Amoebophryaceae	Amoebophrya	no_hit
ASV_2939	Eukaryota	no_hit	no_hit	no_hit	no_hit	no_hit	no_hit	no_hit
ASV_2940	Eukaryota	no_hit	unknown	unknown	unknown	unknown	unknown	uncultured marine picoeukaryote
ASV_2941	Eukaryota	no_hit	unknown	Dinophyceae	Gymnodiniales	Gymnodiniaceae	Cochlodinium	no_hit
ASV_2942	no_hit	no_hit	no_hit	no_hit	no_hit	no_hit	no_hit	no_hit
ASV_2943	no_hit	no_hit	no_hit	no_hit	no_hit	no_hit	no_hit	no_hit
ASV_2944	Eukaryota	no_hit	unknown	Dinophyceae	no_hit	no_hit	no_hit	no_hit
ASV_2945	Eukaryota	no_hit	unknown	Dinophyceae	Syndiniales	Amoebophryaceae	Amoebophrya	no_hit
ASV_2946	Eukaryota	no_hit	unknown	Dinophyceae	Prorocentrales	Prorocentraceae	Prorocentrum	no_hit
ASV_2947	Eukaryota	no_hit	unknown	Dinophyceae	Peridiniales	Peridiniaceae	Pentapharsodinium	Pentapharsodinium tyrrhenicum
ASV_2948	Eukaryota	no_hit	unknown	Dinophyceae	Syndiniales	Amoebophryaceae	Amoebophrya	no_hit
ASV_2949	Eukaryota	no_hit	unknown	Dinophyceae	Syndiniales	Amoebophryaceae	Amoebophrya	no_hit
ASV_2950	Eukaryota	no_hit	Oomycota	unknown	Lagenidiales	Haliphthoraceae	no_hit	no_hit
ASV_2951	Eukaryota	no_hit	Bacillariophyta	Coscinodiscophyceae	Melosirales	Stephanopyxidaceae	Stephanopyxis	Stephanopyxis turris
ASV_2952	Eukaryota	no_hit	unknown	Dinophyceae	Syndiniales	no_hit	no_hit	no_hit
ASV_2953	Eukaryota	no_hit	unknown	unknown	unknown	unknown	unknown	Uncultured marine alveolate Group I DH145-EKD10
ASV_2954	Eukaryota	Metazoa	Arthropoda	Hexanauplia	Poecilostomatoida	Oncaeidae	Oncaea	no_hit
ASV_2955	Eukaryota	no_hit	Ciliophora	no_hit	no_hit	no_hit	no_hit	no_hit
ASV_2956	Eukaryota	Metazoa	Annelida	Polychaeta	unknown	Opheliidae	Travisia	Travisia pupa
ASV_2957	Eukaryota	no_hit	unknown	Dinophyceae	Syndiniales	no_hit	no_hit	no_hit
ASV_2958	Eukaryota	no_hit	unknown	Polycystinea	no_hit	no_hit	no_hit	no_hit
ASV_2959	Eukaryota	Metazoa	Chordata	Thaliacea	Salpida	Salpidae	unknown	Salpidae gen. nov. sp. nov. A AG-2011
ASV_2960	Eukaryota	no_hit	no_hit	no_hit	no_hit	no_hit	no_hit	no_hit
ASV_2961	Eukaryota	no_hit	unknown	Dinophyceae	Syndiniales	Amoebophryaceae	Amoebophrya	no_hit
ASV_2962	Eukaryota	no_hit	unknown	Dinophyceae	Syndiniales	Amoebophryaceae	Amoebophrya	no_hit
ASV_2963	no_hit	no_hit	no_hit	no_hit	no_hit	no_hit	no_hit	no_hit
ASV_2964	Eukaryota	no_hit	unknown	Dinophyceae	Gonyaulacales	Amphidomataceae	Azadinium	Azadinium cuneatum
ASV_2965	Eukaryota	no_hit	unknown	unknown	unknown	unknown	unknown	uncultured marine eukaryote
ASV_2966	Eukaryota	no_hit	unknown	Dinophyceae	Syndiniales	Amoebophryaceae	Amoebophrya	no_hit
ASV_2967	Eukaryota	no_hit	unknown	unknown	unknown	unknown	unknown	eukaryote clone OLI11012
ASV_2968	Eukaryota	no_hit	unknown	Dinophyceae	no_hit	no_hit	no_hit	no_hit
ASV_2969	Eukaryota	no_hit	unknown	Dinophyceae	Peridiniales	Heterocapsaceae	Heterocapsa	no_hit
ASV_2970	Eukaryota	no_hit	unknown	Dinophyceae	Syndiniales	no_hit	no_hit	no_hit
ASV_2971	Eukaryota	no_hit	Ciliophora	no_hit	no_hit	no_hit	no_hit	no_hit
ASV_2972	Eukaryota	no_hit	unknown	Dinophyceae	Peridiniales	Protoperidiniaceae	Protoperidinium	Protoperidinium divergens
ASV_2973	no_hit	no_hit	no_hit	no_hit	no_hit	no_hit	no_hit	no_hit
ASV_2974	Eukaryota	no_hit	unknown	Dinophyceae	Syndiniales	Amoebophryaceae	Amoebophrya	no_hit
ASV_2975	no_hit	no_hit	no_hit	no_hit	no_hit	no_hit	no_hit	no_hit
ASV_2976	Eukaryota	no_hit	unknown	Dinophyceae	Syndiniales	Amoebophryaceae	Amoebophrya	no_hit
ASV_2977	no_hit	no_hit	no_hit	no_hit	no_hit	no_hit	no_hit	no_hit
ASV_2978	Eukaryota	no_hit	unknown	unknown	unknown	unknown	unknown	uncultured marine picoeukaryote
ASV_2979	Eukaryota	no_hit	unknown	unknown	unknown	unknown	unknown	Uncultured marine alveolate Group II DH145-EKD20
ASV_2980	Eukaryota	no_hit	unknown	Dinophyceae	Syndiniales	Amoebophryaceae	Amoebophrya	no_hit
ASV_2981	Eukaryota	no_hit	Imbricatea	unknown	unknown	Metromonadea	Metopion	Metopion fluens
ASV_2982	Eukaryota	no_hit	no_hit	no_hit	no_hit	no_hit	no_hit	no_hit
ASV_2983	Eukaryota	no_hit	unknown	Dinophyceae	Peridiniales	Peridiniaceae	Pentapharsodinium	Pentapharsodinium tyrrhenicum
ASV_2984	Eukaryota	no_hit	unknown	Dinophyceae	Gonyaulacales	Gonyaulacaceae	Alexandrium	no_hit
ASV_2985	Eukaryota	no_hit	unknown	Dinophyceae	Syndiniales	Amoebophryaceae	Amoebophrya	no_hit
ASV_2986	Eukaryota	no_hit	unknown	Dinophyceae	Gymnodiniales	Warnowiaceae	Erythropsidinium	no_hit
ASV_2987	Eukaryota	no_hit	unknown	Dinophyceae	no_hit	no_hit	no_hit	no_hit
ASV_2988	Eukaryota	no_hit	Ciliophora	Oligohymenophorea	Apostomatida	Pseudocolliniidae	Fusiforma	Fusiforma themisticola
ASV_2989	Eukaryota	no_hit	Cercozoa	no_hit	no_hit	no_hit	no_hit	no_hit
ASV_2990	Eukaryota	Metazoa	Chordata	Appendicularia	Copelata	Oikopleuridae	Oikopleura	Oikopleura gorskyi
ASV_2991	Eukaryota	no_hit	unknown	Dinophyceae	Syndiniales	no_hit	no_hit	no_hit
ASV_2992	Eukaryota	no_hit	unknown	Polycystinea	no_hit	no_hit	no_hit	no_hit
ASV_2993	Eukaryota	no_hit	unknown	Dinophyceae	Gymnodiniales	Kareniaceae	Karlodinium	no_hit
ASV_2994	no_hit	no_hit	no_hit	no_hit	no_hit	no_hit	no_hit	no_hit
ASV_2995	Eukaryota	no_hit	unknown	Dinophyceae	no_hit	no_hit	no_hit	no_hit
ASV_2996	Eukaryota	no_hit	unknown	Phaeophyceae	Ascoseirales	unknown	Ascoseira	Ascoseira mirabilis
ASV_2997	Eukaryota	no_hit	unknown	Dinophyceae	Syndiniales	no_hit	no_hit	no_hit
ASV_2998	Eukaryota	no_hit	unknown	Dinophyceae	Syndiniales	Amoebophryaceae	Amoebophrya	no_hit
ASV_2999	no_hit	no_hit	no_hit	no_hit	no_hit	no_hit	no_hit	no_hit
ASV_3000	Eukaryota	no_hit	no_hit	no_hit	no_hit	no_hit	no_hit	no_hit
ASV_3001	Eukaryota	no_hit	unknown	Phaeophyceae	Laminariales	no_hit	no_hit	no_hit
ASV_3002	Eukaryota	no_hit	unknown	Dinophyceae	unknown	unknown	Madanidinium	Madanidinium loirii
ASV_3003	Eukaryota	no_hit	Euglenozoa	unknown	Diplonemea	unknown	unknown	Diplonemida sp. 37 RG-2016
ASV_3004	Eukaryota	no_hit	Ciliophora	Spirotrichea	no_hit	no_hit	no_hit	no_hit
ASV_3005	Eukaryota	no_hit	Bacillariophyta	Fragilariophyceae	Protoraphidales	Protoraphidaceae	Pseudohimantidium	Pseudohimantidium pacificum
ASV_3006	Eukaryota	no_hit	unknown	Cryptophyceae	no_hit	no_hit	no_hit	no_hit
ASV_3007	Eukaryota	Viridiplantae	Chlorophyta	Trebouxiophyceae	no_hit	no_hit	no_hit	no_hit
ASV_3008	Eukaryota	no_hit	unknown	Dinophyceae	Syndiniales	Amoebophryaceae	Amoebophrya	no_hit
ASV_3009	Eukaryota	no_hit	unknown	Dinophyceae	unknown	unknown	unknown	Dinophyceae sp. Bullet
ASV_3010	no_hit	no_hit	no_hit	no_hit	no_hit	no_hit	no_hit	no_hit
ASV_3011	Eukaryota	no_hit	Haptophyta	unknown	Prymnesiales	Prymnesiaceae	Prymnesium	no_hit
ASV_3012	Eukaryota	no_hit	Ciliophora	Spirotrichea	Urostylida	Holostichidae	Holosticha	no_hit
ASV_3013	Eukaryota	no_hit	unknown	Dinophyceae	Syndiniales	Amoebophryaceae	Amoebophrya	no_hit
ASV_3014	Eukaryota	no_hit	no_hit	no_hit	no_hit	no_hit	no_hit	no_hit
ASV_3015	Eukaryota	Viridiplantae	Chlorophyta	Nephroselmidophyceae	Nephroselmidales	Nephroselmidaceae	Nephroselmis	no_hit
ASV_3016	no_hit	no_hit	no_hit	no_hit	no_hit	no_hit	no_hit	no_hit
ASV_3017	Eukaryota	no_hit	unknown	unknown	Telonemida	unknown	Telonema	no_hit
ASV_3018	Eukaryota	Metazoa	Chordata	Appendicularia	Copelata	Fritillariidae	Fritillaria <tunicates>	Fritillaria helenae
ASV_3019	Eukaryota	no_hit	unknown	Bigyra	Nanomonadea	unknown	Incisomonas	Incisomonas marina
ASV_3020	Eukaryota	Metazoa	Annelida	Polychaeta	Terebellida	Flabelligeridae	Brada	Brada villosa
ASV_3021	Eukaryota	Metazoa	Cnidaria	Scyphozoa	Coronatae	Atollidae	Atolla	no_hit
ASV_3022	Eukaryota	no_hit	Euglenozoa	Euglenida	Heteronematales	Peranemidae	Peranema	no_hit
ASV_3023	Eukaryota	no_hit	unknown	unknown	unknown	unknown	unknown	Uncultured marine alveolate Group I DH145-EKD10
ASV_3024	no_hit	no_hit	no_hit	no_hit	no_hit	no_hit	no_hit	no_hit
ASV_3025	Eukaryota	no_hit	unknown	Dinophyceae	Syndiniales	Amoebophryaceae	Amoebophrya	no_hit
ASV_3026	no_hit	no_hit	no_hit	no_hit	no_hit	no_hit	no_hit	no_hit
ASV_3027	Eukaryota	no_hit	Cercozoa	no_hit	no_hit	no_hit	no_hit	no_hit
ASV_3028	Eukaryota	Metazoa	Chordata	Appendicularia	Copelata	Oikopleuridae	Oikopleura	no_hit
ASV_3029	Eukaryota	no_hit	unknown	unknown	unknown	unknown	unknown	uncultured marine picoeukaryote
ASV_3030	Eukaryota	no_hit	no_hit	no_hit	no_hit	no_hit	no_hit	no_hit
ASV_3031	Eukaryota	no_hit	unknown	Dinophyceae	Syndiniales	Amoebophryaceae	Amoebophrya	no_hit
ASV_3032	Eukaryota	no_hit	unknown	Chrysophyceae	Chromulinales	Paraphysomonadaceae	Paraphysomonas	no_hit
ASV_3033	Eukaryota	no_hit	unknown	Acantharea	Arthracanthida	Acanthometridae	Acanthometra	no_hit
ASV_3034	Eukaryota	no_hit	no_hit	no_hit	no_hit	no_hit	no_hit	no_hit
ASV_3035	no_hit	no_hit	no_hit	no_hit	no_hit	no_hit	no_hit	no_hit
ASV_3036	Eukaryota	no_hit	unknown	unknown	unknown	unknown	unknown	uncultured marine eukaryote
ASV_3037	Eukaryota	no_hit	unknown	Chrysophyceae	no_hit	no_hit	no_hit	no_hit
ASV_3038	Eukaryota	no_hit	Imbricatea	unknown	Marimonadida	unknown	Abollifer	Abollifer prolabens
ASV_3039	no_hit	no_hit	no_hit	no_hit	no_hit	no_hit	no_hit	no_hit
ASV_3040	Eukaryota	no_hit	Bacillariophyta	Coscinodiscophyceae	Chaetocerotales	Chaetocerotaceae	Chaetoceros	no_hit
ASV_3041	Eukaryota	no_hit	Euglenozoa	unknown	Diplonemea	unknown	unknown	Diplonemida sp. 37 RG-2016
ASV_3042	no_hit	no_hit	no_hit	no_hit	no_hit	no_hit	no_hit	no_hit
ASV_3043	no_hit	no_hit	no_hit	no_hit	no_hit	no_hit	no_hit	no_hit
ASV_3044	Eukaryota	Metazoa	Annelida	Polychaeta	Eunicida	Lumbrineridae	no_hit	no_hit
ASV_3045	no_hit	no_hit	no_hit	no_hit	no_hit	no_hit	no_hit	no_hit
ASV_3046	Eukaryota	no_hit	unknown	Polycystinea	no_hit	no_hit	no_hit	no_hit
ASV_3047	Eukaryota	no_hit	unknown	Dinophyceae	Blastodiniales	unknown	Blastodinium	Blastodinium mangini
ASV_3048	Eukaryota	no_hit	unknown	unknown	unknown	unknown	unknown	uncultured marine picoeukaryote
ASV_3049	Eukaryota	no_hit	unknown	Dinophyceae	no_hit	no_hit	no_hit	no_hit
ASV_3050	Eukaryota	no_hit	unknown	Dinophyceae	no_hit	no_hit	no_hit	no_hit
ASV_3051	Eukaryota	no_hit	unknown	Dinophyceae	Syndiniales	Amoebophryaceae	Amoebophrya	no_hit
ASV_3052	Eukaryota	no_hit	unknown	Dinophyceae	Syndiniales	no_hit	no_hit	no_hit
ASV_3053	Eukaryota	no_hit	no_hit	no_hit	no_hit	no_hit	no_hit	no_hit
ASV_3054	Eukaryota	no_hit	unknown	Dinophyceae	no_hit	no_hit	no_hit	no_hit
ASV_3055	Eukaryota	no_hit	unknown	Dinophyceae	Blastodiniales	unknown	Blastodinium	Blastodinium mangini
ASV_3056	unassigned	unassigned	unassigned	unassigned	unassigned	unassigned	unassigned	unassigned
ASV_3057	Eukaryota	no_hit	unknown	Dinophyceae	Gymnodiniales	Gymnodiniaceae	Gyrodinium	Gyrodinium rubrum
ASV_3058	Eukaryota	no_hit	unknown	Dinophyceae	Syndiniales	Amoebophryaceae	Amoebophrya	no_hit
ASV_3059	Eukaryota	no_hit	unknown	Dinophyceae	no_hit	no_hit	no_hit	no_hit
ASV_3060	Eukaryota	no_hit	unknown	Dinophyceae	Syndiniales	no_hit	no_hit	no_hit
ASV_3061	Eukaryota	no_hit	Bacillariophyta	Coscinodiscophyceae	Thalassiosirales	Skeletonemataceae	Skeletonema	no_hit
ASV_3062	Eukaryota	no_hit	Ciliophora	unknown	unknown	unknown	Cryptocaryon	no_hit
ASV_3063	Eukaryota	no_hit	unknown	unknown	unknown	unknown	unknown	uncultured marine eukaryote
ASV_3064	no_hit	no_hit	no_hit	no_hit	no_hit	no_hit	no_hit	no_hit
ASV_3065	Eukaryota	no_hit	unknown	Cryptophyceae	Cyathomonadacea	Goniomonadaceae	Goniomonas	no_hit
ASV_3066	no_hit	no_hit	no_hit	no_hit	no_hit	no_hit	no_hit	no_hit
ASV_3067	no_hit	no_hit	no_hit	no_hit	no_hit	no_hit	no_hit	no_hit
ASV_3068	no_hit	no_hit	no_hit	no_hit	no_hit	no_hit	no_hit	no_hit
ASV_3069	Eukaryota	no_hit	unknown	Polycystinea	Nassellaria	Plagiacanthidae	Lithomelissa	Lithomelissa sp. 8012
ASV_3070	Eukaryota	no_hit	unknown	Dinophyceae	Syndiniales	no_hit	no_hit	no_hit
ASV_3071	Eukaryota	no_hit	unknown	Dinophyceae	Syndiniales	Amoebophryaceae	Amoebophrya	no_hit
ASV_3072	Eukaryota	no_hit	Euglenozoa	unknown	Diplonemea	unknown	unknown	Diplonemida sp. 37 RG-2016
ASV_3073	Eukaryota	no_hit	no_hit	no_hit	no_hit	no_hit	no_hit	no_hit
ASV_3074	Eukaryota	no_hit	unknown	Pelagophyceae	unknown	unknown	unknown	Coccoid pelagophyte CCMP1395
ASV_3075	Eukaryota	no_hit	unknown	Dinophyceae	Syndiniales	Amoebophryaceae	Amoebophrya	no_hit
ASV_3076	Eukaryota	no_hit	unknown	Dinophyceae	no_hit	no_hit	no_hit	no_hit
ASV_3077	no_hit	no_hit	no_hit	no_hit	no_hit	no_hit	no_hit	no_hit
ASV_3078	Eukaryota	no_hit	unknown	Dinophyceae	Syndiniales	no_hit	no_hit	no_hit
ASV_3079	Eukaryota	no_hit	unknown	Dinophyceae	Peridiniales	Diplopsaliaceae	Diplopsalopsis	Diplopsalopsis bomba
ASV_3080	Eukaryota	no_hit	unknown	Bigyra	Thraustochytrida	Thraustochytriaceae	no_hit	no_hit
ASV_3081	Eukaryota	no_hit	unknown	Dinophyceae	Syndiniales	Amoebophryaceae	Amoebophrya	no_hit
ASV_3082	unassigned	unassigned	unassigned	unassigned	unassigned	unassigned	unassigned	unassigned
ASV_3083	Eukaryota	no_hit	unknown	Dinophyceae	Blastodiniales	unknown	Blastodinium	no_hit
ASV_3084	Eukaryota	no_hit	no_hit	no_hit	no_hit	no_hit	no_hit	no_hit
ASV_3085	Eukaryota	no_hit	unknown	Bigyra	Bicosoecida	no_hit	no_hit	no_hit
ASV_3086	Eukaryota	no_hit	Bacillariophyta	Coscinodiscophyceae	Rhizosoleniales	Rhizosoleniaceae	Neocalyptrella	Neocalyptrella robusta
ASV_3087	Eukaryota	no_hit	unknown	Dinophyceae	Gymnodiniales	Ceratoperidiniaeceae	Kirithra	Kirithra sigma
ASV_3088	Eukaryota	no_hit	no_hit	no_hit	no_hit	no_hit	no_hit	no_hit
ASV_3089	Eukaryota	no_hit	unknown	Bigyra	Thraustochytrida	Thraustochytriaceae	Labyrinthuloides	Labyrinthuloides minuta
ASV_3090	no_hit	no_hit	no_hit	no_hit	no_hit	no_hit	no_hit	no_hit
ASV_3091	Eukaryota	no_hit	unknown	Dinophyceae	Syndiniales	Amoebophryaceae	Amoebophrya	no_hit
ASV_3092	Eukaryota	no_hit	no_hit	no_hit	no_hit	no_hit	no_hit	no_hit
ASV_3093	Eukaryota	no_hit	unknown	Cryptophyceae	Cyathomonadacea	Goniomonadaceae	Goniomonas	no_hit
ASV_3094	Eukaryota	no_hit	unknown	Dinophyceae	Syndiniales	no_hit	no_hit	no_hit
ASV_3095	Eukaryota	no_hit	unknown	Centroplasthelida	Pterocystida	Pterocystidae	Pterocystis	no_hit
ASV_3096	Eukaryota	no_hit	unknown	Dinophyceae	no_hit	no_hit	no_hit	no_hit
ASV_3097	Eukaryota	no_hit	unknown	Cryptophyceae	no_hit	no_hit	no_hit	no_hit
ASV_3098	Eukaryota	no_hit	unknown	Dinophyceae	Syndiniales	no_hit	no_hit	no_hit
ASV_3099	Eukaryota	no_hit	unknown	Dinophyceae	Syndiniales	Amoebophryaceae	Amoebophrya	no_hit
ASV_3100	Eukaryota	no_hit	unknown	unknown	unknown	unknown	unknown	eukaryote clone OLI11005
ASV_3101	Eukaryota	no_hit	unknown	unknown	unknown	unknown	unknown	uncultured marine eukaryote
ASV_3102	no_hit	no_hit	no_hit	no_hit	no_hit	no_hit	no_hit	no_hit
ASV_3103	Eukaryota	no_hit	unknown	unknown	unknown	unknown	unknown	uncultured marine eukaryote
ASV_3104	Eukaryota	no_hit	unknown	Dinophyceae	no_hit	no_hit	no_hit	no_hit
ASV_3105	no_hit	no_hit	no_hit	no_hit	no_hit	no_hit	no_hit	no_hit
ASV_3106	Eukaryota	no_hit	Ciliophora	Oligohymenophorea	Apostomatida	Foettingeriidae	Gymnodinioides	Gymnodinioides pitelkae
ASV_3107	Eukaryota	no_hit	unknown	Polycystinea	Nassellaria	Artostrobiidae	Botryostrobus	Botryostrobus auritus-australis
ASV_3108	Eukaryota	no_hit	no_hit	no_hit	no_hit	no_hit	no_hit	no_hit
ASV_3109	Eukaryota	no_hit	unknown	Bigyra	Oblongichytrida	unknown	Oblongichytrium	no_hit
ASV_3110	Eukaryota	no_hit	unknown	unknown	unknown	unknown	unknown	eukaryote clone OLI11261
ASV_3111	no_hit	no_hit	no_hit	no_hit	no_hit	no_hit	no_hit	no_hit
ASV_3112	Eukaryota	no_hit	no_hit	no_hit	no_hit	no_hit	no_hit	no_hit
ASV_3113	no_hit	no_hit	no_hit	no_hit	no_hit	no_hit	no_hit	no_hit
ASV_3114	Eukaryota	no_hit	unknown	Dinophyceae	Syndiniales	no_hit	no_hit	no_hit
ASV_3115	Eukaryota	no_hit	unknown	Dinophyceae	Syndiniales	Amoebophryaceae	Amoebophrya	no_hit
ASV_3116	Eukaryota	no_hit	unknown	Dinophyceae	Syndiniales	no_hit	no_hit	no_hit
ASV_3117	Eukaryota	no_hit	unknown	unknown	unknown	unknown	unknown	Uncultured marine alveolate Group I DH145-EKD10
ASV_3118	Eukaryota	no_hit	unknown	unknown	unknown	unknown	unknown	uncultured marine eukaryote
ASV_3119	Eukaryota	no_hit	Euglenozoa	unknown	Diplonemea	unknown	unknown	Diplonemida sp. 37 RG-2016
ASV_3120	Eukaryota	no_hit	unknown	Dinophyceae	no_hit	no_hit	no_hit	no_hit
ASV_3121	Eukaryota	no_hit	unknown	Dinophyceae	Prorocentrales	Prorocentraceae	Prorocentrum	Prorocentrum triestinum
ASV_3122	no_hit	no_hit	no_hit	no_hit	no_hit	no_hit	no_hit	no_hit
ASV_3123	Eukaryota	no_hit	unknown	Dinophyceae	no_hit	no_hit	no_hit	no_hit
ASV_3124	Eukaryota	no_hit	unknown	unknown	unknown	unknown	unknown	Uncultured marine alveolate Group II DH147-EKD6
ASV_3125	Eukaryota	no_hit	Ciliophora	Oligohymenophorea	Philasterida	Loxocephalidae	Dexiotricha	no_hit
ASV_3126	Eukaryota	no_hit	unknown	Bigyra	Nanomonadea	unknown	Solenicola	no_hit
ASV_3127	no_hit	no_hit	no_hit	no_hit	no_hit	no_hit	no_hit	no_hit
ASV_3128	Eukaryota	no_hit	unknown	Dinophyceae	Syndiniales	Amoebophryaceae	Amoebophrya	no_hit
ASV_3129	no_hit	no_hit	no_hit	no_hit	no_hit	no_hit	no_hit	no_hit
ASV_3130	Eukaryota	no_hit	unknown	unknown	unknown	unknown	unknown	eukaryote clone OLI11005
ASV_3131	Eukaryota	Metazoa	Chordata	Actinopteri	no_hit	no_hit	no_hit	no_hit
ASV_3132	no_hit	no_hit	no_hit	no_hit	no_hit	no_hit	no_hit	no_hit
ASV_3133	Eukaryota	Metazoa	Cnidaria	Hydrozoa	Leptothecata	no_hit	no_hit	no_hit
ASV_3134	Eukaryota	Metazoa	Echinodermata	Echinoidea	Spatangoida	Schizasteridae	Abatus	Abatus cavernosus
ASV_3135	Eukaryota	no_hit	unknown	Dinophyceae	Peridiniales	Peridiniopsidaceae	Parvodinium	no_hit
ASV_3136	Eukaryota	no_hit	unknown	Cryptophyceae	Cyathomonadacea	Goniomonadaceae	Goniomonas	no_hit
ASV_3137	Eukaryota	no_hit	unknown	Dinophyceae	Syndiniales	Amoebophryaceae	Amoebophrya	no_hit
ASV_3138	Eukaryota	no_hit	no_hit	no_hit	no_hit	no_hit	no_hit	no_hit
ASV_3139	Eukaryota	no_hit	unknown	Choanoflagellata	unknown	unknown	unknown	Choanoflagellata sp. HFCC164
ASV_3140	no_hit	no_hit	no_hit	no_hit	no_hit	no_hit	no_hit	no_hit
ASV_3141	Eukaryota	no_hit	unknown	Dinophyceae	Syndiniales	no_hit	no_hit	no_hit
ASV_3142	Eukaryota	no_hit	Ciliophora	Spirotrichea	Choreotrichida	Strobilidiidae	Strobilidium	Strobilidium caudatum
ASV_3143	Eukaryota	no_hit	unknown	Dinophyceae	Peridiniales	Peridiniaceae	Peridinium	no_hit
ASV_3144	Eukaryota	no_hit	unknown	Dinophyceae	Syndiniales	Amoebophryaceae	Amoebophrya	no_hit
ASV_3145	no_hit	no_hit	no_hit	no_hit	no_hit	no_hit	no_hit	no_hit
ASV_3146	Eukaryota	no_hit	unknown	unknown	unknown	unknown	unknown	eukaryote clone OLI11007
ASV_3147	Eukaryota	no_hit	Bacillariophyta	Coscinodiscophyceae	no_hit	no_hit	no_hit	no_hit
ASV_3148	Eukaryota	no_hit	unknown	unknown	unknown	unknown	unknown	uncultured marine eukaryote
ASV_3149	Eukaryota	no_hit	unknown	Dinophyceae	Syndiniales	Amoebophryaceae	Amoebophrya	no_hit
ASV_3150	Eukaryota	no_hit	unknown	Dinophyceae	Syndiniales	Amoebophryaceae	Amoebophrya	no_hit
ASV_3151	no_hit	no_hit	no_hit	no_hit	no_hit	no_hit	no_hit	no_hit
ASV_3152	Eukaryota	no_hit	unknown	unknown	unknown	unknown	unknown	uncultured marine eukaryote
ASV_3153	Eukaryota	no_hit	unknown	Acantharea	Chaunacanthida	no_hit	no_hit	no_hit
ASV_3154	Eukaryota	no_hit	unknown	Dinophyceae	Syndiniales	Amoebophryaceae	Amoebophrya	no_hit
ASV_3155	Eukaryota	no_hit	unknown	Dinophyceae	Syndiniales	Amoebophryaceae	Amoebophrya	no_hit
ASV_3156	Eukaryota	no_hit	unknown	Dinophyceae	Gymnodiniales	Warnowiaceae	no_hit	no_hit
ASV_3157	Eukaryota	no_hit	unknown	Dinophyceae	Blastodiniales	unknown	Blastodinium	Blastodinium mangini
ASV_3158	Eukaryota	no_hit	Haptophyta	unknown	Prymnesiales	Chrysochromulinaceae	Chrysochromulina	Chrysochromulina acantha
ASV_3159	Eukaryota	Metazoa	Arthropoda	Pycnogonida	Pantopoda	Phoxichilidiidae	Phoxichilidium	Phoxichilidium femoratum
ASV_3160	Eukaryota	no_hit	unknown	unknown	unknown	unknown	unknown	Uncultured marine alveolate Group I DH147-EKD18
ASV_3161	unassigned	unassigned	unassigned	unassigned	unassigned	unassigned	unassigned	unassigned
ASV_3162	Eukaryota	no_hit	no_hit	no_hit	no_hit	no_hit	no_hit	no_hit
ASV_3163	Eukaryota	no_hit	unknown	Dinophyceae	Syndiniales	Syndiniaceae	Hematodinium	Hematodinium sp. ex Crangon crangon
ASV_3164	Eukaryota	no_hit	Bacillariophyta	Coscinodiscophyceae	Melosirales	Stephanopyxidaceae	Stephanopyxis	Stephanopyxis turris
ASV_3165	Eukaryota	no_hit	Euglenozoa	unknown	Diplonemea	unknown	unknown	Diplonemida sp. 21sb RG-2016
ASV_3166	Eukaryota	no_hit	unknown	unknown	unknown	unknown	unknown	uncultured marine picoeukaryote
ASV_3167	Eukaryota	no_hit	unknown	Dinophyceae	Gonyaulacales	Crypthecodiniaceae	Crypthecodinium	Crypthecodinium sp. CAAE-CL2
ASV_3168	Eukaryota	no_hit	Imbricatea	unknown	Euglyphida	Sphenoderiidae	Sphenoderia	Sphenoderia pseudominuta
ASV_3169	Eukaryota	no_hit	unknown	Polycystinea	Nassellaria	Pterocorythidae	Pterocorys	Pterocorys zancleus
ASV_3170	Eukaryota	no_hit	unknown	unknown	unknown	unknown	unknown	uncultured marine picoeukaryote
ASV_3171	Eukaryota	no_hit	unknown	Dinophyceae	Suessiales	unknown	Dactylodinium	Dactylodinium pterobelotum
ASV_3172	Eukaryota	no_hit	unknown	Dinophyceae	Syndiniales	Amoebophryaceae	Amoebophrya	no_hit
ASV_3173	Eukaryota	Metazoa	Chordata	Appendicularia	Copelata	Fritillariidae	Fritillaria <tunicates>	no_hit
ASV_3174	Eukaryota	no_hit	no_hit	no_hit	no_hit	no_hit	no_hit	no_hit
ASV_3175	no_hit	no_hit	no_hit	no_hit	no_hit	no_hit	no_hit	no_hit
ASV_3176	Eukaryota	Viridiplantae	Chlorophyta	Pyramimonadophyceae	Pyramimonadales	Pyramimonadaceae	Pterosperma	Pterosperma cristatum
ASV_3177	Eukaryota	no_hit	unknown	Dinophyceae	Syndiniales	Amoebophryaceae	Amoebophrya	no_hit
ASV_3178	Eukaryota	no_hit	unknown	Dinophyceae	Blastodiniales	unknown	Blastodinium	no_hit
ASV_3179	Eukaryota	Metazoa	no_hit	no_hit	no_hit	no_hit	no_hit	no_hit
ASV_3180	no_hit	no_hit	no_hit	no_hit	no_hit	no_hit	no_hit	no_hit
ASV_3181	Eukaryota	no_hit	unknown	Dinophyceae	no_hit	no_hit	no_hit	no_hit
ASV_3182	Eukaryota	no_hit	unknown	Dinophyceae	Syndiniales	Amoebophryaceae	Amoebophrya	no_hit
ASV_3183	Eukaryota	no_hit	unknown	Dinophyceae	no_hit	no_hit	no_hit	no_hit
ASV_3184	Eukaryota	no_hit	no_hit	no_hit	no_hit	no_hit	no_hit	no_hit
ASV_3185	Eukaryota	no_hit	Euglenozoa	unknown	Diplonemea	no_hit	no_hit	no_hit
ASV_3186	Eukaryota	no_hit	Apicomplexa	Conoidasida	Eucoccidiorida	Eimeriidae	no_hit	no_hit
ASV_3187	Eukaryota	no_hit	Ciliophora	Colpodea	unknown	unknown	unknown	Uncultured marine colpodean ciliate DH147-EKD23
ASV_3188	Eukaryota	no_hit	unknown	Dinophyceae	Gymnodiniales	Warnowiaceae	Proterythropsis	no_hit
ASV_3189	Eukaryota	no_hit	unknown	Dinophyceae	Gymnodiniales	Kareniaceae	Takayama	Takayama cf. pulchellum
ASV_3190	Eukaryota	no_hit	unknown	Dinophyceae	Suessiales	Suessiaceae	Piscinoodinium	Piscinoodinium sp. RWL-2007
ASV_3191	Eukaryota	no_hit	unknown	Dinophyceae	no_hit	no_hit	no_hit	no_hit
ASV_3192	Eukaryota	no_hit	unknown	unknown	unknown	unknown	unknown	uncultured marine eukaryote
ASV_3193	Eukaryota	no_hit	unknown	Dinophyceae	no_hit	no_hit	no_hit	no_hit
ASV_3194	Eukaryota	no_hit	unknown	unknown	unknown	unknown	unknown	Uncultured marine alveolate Group I DH148-EKD22
ASV_3195	Eukaryota	no_hit	Bacillariophyta	Coscinodiscophyceae	Melosirales	Stephanopyxidaceae	Stephanopyxis	Stephanopyxis turris
ASV_3196	Eukaryota	no_hit	no_hit	no_hit	no_hit	no_hit	no_hit	no_hit
ASV_3197	Eukaryota	no_hit	unknown	Dinophyceae	no_hit	no_hit	no_hit	no_hit
ASV_3198	Eukaryota	no_hit	unknown	Dinophyceae	Syndiniales	unknown	Ichthyodinium	Ichthyodinium chabelardi
ASV_3199	Eukaryota	no_hit	Bacillariophyta	Coscinodiscophyceae	Coscinodiscales	Coscinodiscaceae	Stellarima	Stellarima microtrias
ASV_3200	Eukaryota	no_hit	Bacillariophyta	Coscinodiscophyceae	Melosirales	Stephanopyxidaceae	Stephanopyxis	Stephanopyxis turris
ASV_3201	Eukaryota	Fungi	Ascomycota	Eurotiomycetes	Eurotiales	Aspergillaceae	Penicillium	no_hit
ASV_3202	Eukaryota	no_hit	unknown	unknown	unknown	unknown	unknown	uncultured marine eukaryote
ASV_3203	Eukaryota	no_hit	Cercozoa	Thecofilosea	Cryomonadida	Protaspidae	Cryothecomonas	Cryothecomonas sp. APCC MC5-1Cryo
ASV_3204	Eukaryota	Metazoa	Chordata	Actinopteri	Gadiformes	no_hit	no_hit	no_hit
ASV_3205	Eukaryota	no_hit	unknown	Polycystinea	no_hit	no_hit	no_hit	no_hit
ASV_3206	Eukaryota	no_hit	unknown	Dinophyceae	no_hit	no_hit	no_hit	no_hit
ASV_3207	Eukaryota	no_hit	Haptophyta	no_hit	no_hit	no_hit	no_hit	no_hit
ASV_3208	Eukaryota	no_hit	unknown	Dinophyceae	Syndiniales	Amoebophryaceae	Amoebophrya	no_hit
ASV_3209	Eukaryota	no_hit	unknown	Dinophyceae	Syndiniales	Amoebophryaceae	Amoebophrya	no_hit
ASV_3210	Eukaryota	no_hit	unknown	Dinophyceae	Syndiniales	Amoebophryaceae	Amoebophrya	no_hit
ASV_3211	Eukaryota	no_hit	unknown	Dinophyceae	Syndiniales	Amoebophryaceae	Amoebophrya	no_hit
ASV_3212	Eukaryota	no_hit	unknown	unknown	Telonemida	unknown	Telonema	no_hit
ASV_3213	no_hit	no_hit	no_hit	no_hit	no_hit	no_hit	no_hit	no_hit
ASV_3214	Eukaryota	no_hit	unknown	Dinophyceae	Syndiniales	Amoebophryaceae	Amoebophrya	no_hit
ASV_3215	Eukaryota	no_hit	unknown	Polycystinea	no_hit	no_hit	no_hit	no_hit
ASV_3216	Eukaryota	Fungi	Mucoromycota	no_hit	no_hit	no_hit	no_hit	no_hit
ASV_3217	Eukaryota	no_hit	no_hit	no_hit	no_hit	no_hit	no_hit	no_hit
ASV_3218	Eukaryota	no_hit	no_hit	no_hit	no_hit	no_hit	no_hit	no_hit
ASV_3219	Eukaryota	no_hit	Cercozoa	Thecofilosea	unknown	unknown	Mataza	Mataza hastifera
ASV_3220	Eukaryota	no_hit	unknown	Dinophyceae	no_hit	no_hit	no_hit	no_hit
ASV_3221	Eukaryota	no_hit	unknown	Bigyra	Nanomonadea	unknown	Solenicola	no_hit
ASV_3222	Eukaryota	no_hit	unknown	Cryptophyceae	Pyrenomonadales	Pyrenomonadaceae	Rhodomonas	no_hit
ASV_3223	Eukaryota	no_hit	unknown	Dinophyceae	Dinophysiales	Dinophysiaceae	Ornithocercus	no_hit
ASV_3224	Eukaryota	no_hit	unknown	Cryptophyceae	Pyrenomonadales	Pyrenomonadaceae	Storeatula	Storeatula major
ASV_3225	Eukaryota	no_hit	unknown	unknown	unknown	unknown	unknown	uncultured marine eukaryote
ASV_3226	Eukaryota	no_hit	unknown	unknown	Pirsoniales	unknown	Pirsonia	no_hit
ASV_3227	Eukaryota	no_hit	unknown	Dinophyceae	Gymnodiniales	no_hit	no_hit	no_hit
ASV_3228	no_hit	no_hit	no_hit	no_hit	no_hit	no_hit	no_hit	no_hit
ASV_3229	Eukaryota	no_hit	Ciliophora	Colpodea	unknown	unknown	unknown	Uncultured marine colpodean ciliate DH147-EKD23
ASV_3230	no_hit	no_hit	no_hit	no_hit	no_hit	no_hit	no_hit	no_hit
ASV_3231	Eukaryota	no_hit	Ciliophora	Oligohymenophorea	Philasterida	Loxocephalidae	Dexiotricha	no_hit
ASV_3232	Eukaryota	no_hit	Cercozoa	Thecofilosea	Cryomonadida	Protaspidae	Cryothecomonas	Cryothecomonas longipes
ASV_3233	Eukaryota	no_hit	Cercozoa	Thecofilosea	Phaeocalpida	Tuscaroridae	Tuscaretta	Tuscaretta belknapi
ASV_3234	Eukaryota	no_hit	unknown	Dinophyceae	Syndiniales	Amoebophryaceae	Amoebophrya	no_hit
ASV_3235	Eukaryota	no_hit	unknown	Dinophyceae	Gymnodiniales	Gymnodiniaceae	no_hit	no_hit
ASV_3236	Eukaryota	no_hit	unknown	Dinophyceae	Gymnodiniales	Kareniaceae	Takayama	Takayama cf. pulchellum
ASV_3237	Eukaryota	no_hit	unknown	Dinophyceae	no_hit	no_hit	no_hit	no_hit
ASV_3238	Eukaryota	no_hit	Euglenozoa	unknown	Diplonemea	no_hit	no_hit	no_hit
ASV_3239	Eukaryota	no_hit	unknown	unknown	unknown	unknown	unknown	Uncultured marine alveolate Group I DH145-EKD10
ASV_3240	Eukaryota	no_hit	unknown	Dinophyceae	no_hit	no_hit	no_hit	no_hit
ASV_3241	Eukaryota	no_hit	no_hit	no_hit	no_hit	no_hit	no_hit	no_hit
ASV_3242	Eukaryota	no_hit	unknown	Dinophyceae	Syndiniales	Amoebophryaceae	Amoebophrya	no_hit
ASV_3243	Eukaryota	no_hit	Cercozoa	Thecofilosea	unknown	unknown	Mataza	Mataza hastifera
ASV_3244	Eukaryota	no_hit	no_hit	no_hit	no_hit	no_hit	no_hit	no_hit
ASV_3245	Eukaryota	Metazoa	Arthropoda	Hexanauplia	Calanoida	Paracalanidae	Paracalanus	no_hit
ASV_3246	Eukaryota	no_hit	Ciliophora	Oligohymenophorea	Philasterida	Loxocephalidae	Kariphilus	Kariphilus muscorum
ASV_3247	Eukaryota	no_hit	unknown	Dinophyceae	Syndiniales	Amoebophryaceae	Amoebophrya	no_hit
ASV_3248	Eukaryota	no_hit	unknown	Dinophyceae	no_hit	no_hit	no_hit	no_hit
ASV_3249	Eukaryota	no_hit	unknown	Dinophyceae	Peridiniales	Protoperidiniaceae	Protoperidinium	Protoperidinium pentagonum
ASV_3250	Eukaryota	no_hit	Ciliophora	Spirotrichea	unknown	Strombidiidae	no_hit	no_hit
ASV_3251	Eukaryota	no_hit	unknown	Bigyra	Oblongichytrida	unknown	Oblongichytrium	no_hit
ASV_3252	Eukaryota	no_hit	unknown	Dinophyceae	Syndiniales	Amoebophryaceae	Amoebophrya	no_hit
ASV_3253	Eukaryota	no_hit	no_hit	no_hit	no_hit	no_hit	no_hit	no_hit
ASV_3254	no_hit	no_hit	no_hit	no_hit	no_hit	no_hit	no_hit	no_hit
ASV_3255	Eukaryota	no_hit	unknown	Dinophyceae	Syndiniales	no_hit	no_hit	no_hit
ASV_3256	no_hit	no_hit	no_hit	no_hit	no_hit	no_hit	no_hit	no_hit
ASV_3257	Eukaryota	no_hit	unknown	unknown	unknown	unknown	unknown	uncultured marine eukaryote
ASV_3258	Eukaryota	no_hit	unknown	Chrysophyceae	unknown	unknown	Segregatospumella	no_hit
ASV_3259	Eukaryota	Viridiplantae	Chlorophyta	Mamiellophyceae	Dolichomastigales	Dolichomastigaceae	Dolichomastix	Dolichomastix tenuilepis
ASV_3260	Eukaryota	no_hit	unknown	Dinophyceae	Syndiniales	Amoebophryaceae	Amoebophrya	no_hit
ASV_3261	Eukaryota	no_hit	unknown	Dinophyceae	no_hit	no_hit	no_hit	no_hit
ASV_3262	Eukaryota	no_hit	Ciliophora	Spirotrichea	Tintinnida	Tintinnidae	Salpingella	no_hit
ASV_3263	Eukaryota	no_hit	no_hit	no_hit	no_hit	no_hit	no_hit	no_hit
ASV_3264	Eukaryota	no_hit	no_hit	no_hit	no_hit	no_hit	no_hit	no_hit
ASV_3265	Eukaryota	no_hit	no_hit	no_hit	no_hit	no_hit	no_hit	no_hit
ASV_3266	no_hit	no_hit	no_hit	no_hit	no_hit	no_hit	no_hit	no_hit
ASV_3267	Eukaryota	no_hit	no_hit	no_hit	no_hit	no_hit	no_hit	no_hit
ASV_3268	Eukaryota	no_hit	unknown	Dinophyceae	no_hit	no_hit	no_hit	no_hit
ASV_3269	Eukaryota	no_hit	unknown	Dinophyceae	Prorocentrales	Prorocentraceae	Prorocentrum	Prorocentrum emarginatum
ASV_3270	Eukaryota	Metazoa	Platyhelminthes	Catenulida	unknown	Stenostomidae	Stenostomum	Stenostomum arevaloi
ASV_3271	Eukaryota	no_hit	unknown	Polycystinea	Nassellaria	Artostrobiidae	Botryostrobus	Botryostrobus auritus-australis
ASV_3272	Eukaryota	no_hit	unknown	Dinophyceae	Syndiniales	no_hit	no_hit	no_hit
ASV_3273	Eukaryota	no_hit	Euglenozoa	unknown	Diplonemea	no_hit	no_hit	no_hit
ASV_3274	Eukaryota	no_hit	unknown	Dinophyceae	Syndiniales	no_hit	no_hit	no_hit
ASV_3275	Eukaryota	no_hit	unknown	Bigyra	Oblongichytrida	unknown	Oblongichytrium	no_hit
ASV_3276	Eukaryota	no_hit	unknown	Dinophyceae	unknown	unknown	unknown	Dinophyceae sp. ex Thalassicolla nucleata
ASV_3277	no_hit	no_hit	no_hit	no_hit	no_hit	no_hit	no_hit	no_hit
ASV_3278	Eukaryota	no_hit	Euglenozoa	unknown	Diplonemea	unknown	unknown	Diplonemida sp. 3 RG-2016
ASV_3279	Eukaryota	no_hit	Euglenozoa	unknown	Diplonemea	unknown	unknown	Diplonemida sp. 37 RG-2016
ASV_3280	Eukaryota	no_hit	unknown	Dinophyceae	Peridiniales	no_hit	no_hit	no_hit
ASV_3281	Eukaryota	Viridiplantae	Streptophyta	Magnoliopsida	Liliales	Liliaceae	Fritillaria	Fritillaria tenella
ASV_3282	Eukaryota	no_hit	unknown	Dinophyceae	Syndiniales	no_hit	no_hit	no_hit
ASV_3283	Eukaryota	no_hit	unknown	Dinophyceae	no_hit	no_hit	no_hit	no_hit
ASV_3284	Eukaryota	no_hit	Ciliophora	Spirotrichea	unknown	Strombidiidae	Strombidium	Strombidium caudispina
ASV_3285	Eukaryota	no_hit	unknown	Polycystinea	no_hit	no_hit	no_hit	no_hit
ASV_3286	Eukaryota	no_hit	Bacillariophyta	Fragilariophyceae	no_hit	no_hit	no_hit	no_hit
ASV_3287	Eukaryota	Viridiplantae	Chlorophyta	Mamiellophyceae	Dolichomastigales	Crustomastigaceae	Crustomastix	Crustomastix stigmatica
ASV_3288	Eukaryota	Viridiplantae	Chlorophyta	Nephroselmidophyceae	Nephroselmidales	Nephroselmidaceae	Nephroselmis	Nephroselmis spinosa
ASV_3289	Eukaryota	Viridiplantae	Chlorophyta	Mamiellophyceae	Dolichomastigales	Crustomastigaceae	Crustomastix	Crustomastix stigmatica
ASV_3290	Eukaryota	no_hit	unknown	Dinophyceae	Gymnodiniales	Kareniaceae	Takayama	Takayama cf. pulchellum
ASV_3291	no_hit	no_hit	no_hit	no_hit	no_hit	no_hit	no_hit	no_hit
ASV_3292	Eukaryota	no_hit	unknown	Synurophyceae	Synurales	Mallomonadaceae	Synura	no_hit
ASV_3293	Eukaryota	no_hit	Euglenozoa	Euglenida	unknown	unknown	Rapaza	Rapaza viridis
ASV_3294	no_hit	no_hit	no_hit	no_hit	no_hit	no_hit	no_hit	no_hit
ASV_3295	Eukaryota	Metazoa	Cnidaria	Hydrozoa	Anthoathecata	no_hit	no_hit	no_hit
ASV_3296	Eukaryota	no_hit	unknown	Chrysophyceae	no_hit	no_hit	no_hit	no_hit
ASV_3297	Eukaryota	no_hit	unknown	Dinophyceae	Syndiniales	Amoebophryaceae	Amoebophrya	no_hit
ASV_3298	Eukaryota	no_hit	no_hit	no_hit	no_hit	no_hit	no_hit	no_hit
ASV_3299	Eukaryota	no_hit	unknown	Dinophyceae	no_hit	no_hit	no_hit	no_hit
ASV_3300	Eukaryota	no_hit	unknown	Dinophyceae	unknown	unknown	unknown	Dinophyta sp. NY011
ASV_3301	Eukaryota	Metazoa	Platyhelminthes	Cestoda	Trypanorhyncha	Tentaculariidae	Nybelinia	Nybelinia surmenicola
ASV_3302	Eukaryota	no_hit	unknown	unknown	unknown	unknown	unknown	uncultured marine picoeukaryote
ASV_3303	no_hit	no_hit	no_hit	no_hit	no_hit	no_hit	no_hit	no_hit
ASV_3304	Eukaryota	no_hit	Ciliophora	Oligohymenophorea	Philasterida	Loxocephalidae	Dexiotricha	no_hit
ASV_3305	no_hit	no_hit	no_hit	no_hit	no_hit	no_hit	no_hit	no_hit
ASV_3306	Eukaryota	no_hit	unknown	unknown	unknown	unknown	unknown	Uncultured marine alveolate Group I DH144-EKD3
ASV_3307	Eukaryota	no_hit	unknown	Polycystinea	no_hit	no_hit	no_hit	no_hit
ASV_3308	Eukaryota	no_hit	unknown	Bigyra	Thraustochytrida	Thraustochytriaceae	Parietichytrium	Parietichytrium sp. AR-8a
ASV_3309	no_hit	no_hit	no_hit	no_hit	no_hit	no_hit	no_hit	no_hit
ASV_3310	Eukaryota	no_hit	Bacillariophyta	Bacillariophyceae	Naviculales	Naviculaceae	Haslea	Haslea spicula
ASV_3311	Eukaryota	no_hit	unknown	Dinophyceae	Blastodiniales	unknown	Blastodinium	Blastodinium mangini
ASV_3312	Eukaryota	no_hit	unknown	Dinophyceae	Syndiniales	Amoebophryaceae	Amoebophrya	no_hit
ASV_3313	Eukaryota	no_hit	unknown	unknown	unknown	unknown	unknown	uncultured marine picoeukaryote
ASV_3314	Eukaryota	no_hit	unknown	unknown	unknown	unknown	unknown	eukaryote clone OLI11261
ASV_3315	Eukaryota	no_hit	unknown	Bigyra	Thraustochytrida	Thraustochytriaceae	Aplanochytrium	Aplanochytrium stocchinoi
ASV_3316	Eukaryota	no_hit	unknown	Dinophyceae	no_hit	no_hit	no_hit	no_hit
ASV_3317	Eukaryota	Metazoa	Arthropoda	Hexanauplia	Calanoida	Calanidae	no_hit	no_hit
ASV_3318	no_hit	no_hit	no_hit	no_hit	no_hit	no_hit	no_hit	no_hit
ASV_3319	Eukaryota	no_hit	unknown	Dinophyceae	no_hit	no_hit	no_hit	no_hit
ASV_3320	no_hit	no_hit	no_hit	no_hit	no_hit	no_hit	no_hit	no_hit
ASV_3321	Eukaryota	no_hit	unknown	Choanoflagellata	Acanthoecida	Stephanoecidae	Diaphanoeca	Diaphanoeca grandis
ASV_3322	Eukaryota	no_hit	Ciliophora	Oligohymenophorea	Philasterida	Cinetochilidae	Cinetochilum	Cinetochilum ovale
ASV_3323	Eukaryota	no_hit	unknown	Dinophyceae	Syndiniales	Amoebophryaceae	Amoebophrya	no_hit
ASV_3324	Eukaryota	no_hit	unknown	Dinophyceae	Syndiniales	no_hit	no_hit	no_hit
ASV_3325	Eukaryota	no_hit	unknown	Cryptophyceae	Cyathomonadacea	Goniomonadaceae	Goniomonas	no_hit
ASV_3326	no_hit	no_hit	no_hit	no_hit	no_hit	no_hit	no_hit	no_hit
ASV_3327	Eukaryota	no_hit	unknown	Dinophyceae	Peridiniales	Protoperidiniaceae	Protoperidinium	Protoperidinium punctulatum
ASV_3328	Eukaryota	no_hit	unknown	unknown	unknown	unknown	unknown	eukaryote clone OLI11012
ASV_3329	Eukaryota	no_hit	unknown	Dinophyceae	Syndiniales	Amoebophryaceae	Amoebophrya	no_hit
ASV_3330	Eukaryota	no_hit	unknown	Dinophyceae	Prorocentrales	Prorocentraceae	Prorocentrum	Prorocentrum triestinum
ASV_3331	Eukaryota	no_hit	unknown	Dinophyceae	Syndiniales	Amoebophryaceae	Amoebophrya	no_hit
ASV_3332	Eukaryota	no_hit	unknown	unknown	unknown	unknown	unknown	Uncultured marine alveolate Group I DH145-EKD10
ASV_3333	Eukaryota	no_hit	unknown	unknown	unknown	unknown	unknown	uncultured marine picoeukaryote
ASV_3334	Eukaryota	no_hit	unknown	Dinophyceae	no_hit	no_hit	no_hit	no_hit
ASV_3335	Eukaryota	no_hit	Euglenozoa	unknown	Diplonemea	unknown	unknown	Diplonemida sp. 27 RG-2016
ASV_3336	Eukaryota	no_hit	unknown	Dinophyceae	Syndiniales	no_hit	no_hit	no_hit
ASV_3337	Eukaryota	no_hit	Ciliophora	Oligohymenophorea	Philasterida	Cinetochilidae	Cinetochilum	Cinetochilum ovale
ASV_3338	Eukaryota	no_hit	no_hit	no_hit	no_hit	no_hit	no_hit	no_hit
ASV_3339	Eukaryota	no_hit	no_hit	no_hit	no_hit	no_hit	no_hit	no_hit
ASV_3340	Eukaryota	no_hit	no_hit	no_hit	no_hit	no_hit	no_hit	no_hit
ASV_3341	Eukaryota	no_hit	no_hit	no_hit	no_hit	no_hit	no_hit	no_hit
ASV_3342	Eukaryota	no_hit	unknown	unknown	unknown	unknown	unknown	eukaryote clone OLI11005
ASV_3343	Eukaryota	no_hit	unknown	unknown	Pirsoniales	unknown	Pirsonia	Pirsonia guinardiae
ASV_3344	no_hit	no_hit	no_hit	no_hit	no_hit	no_hit	no_hit	no_hit
ASV_3345	Eukaryota	no_hit	unknown	Dinophyceae	Peridiniales	Protoperidiniaceae	Protoperidinium	Protoperidinium punctulatum
ASV_3346	Eukaryota	no_hit	unknown	unknown	unknown	unknown	unknown	uncultured marine picoeukaryote
ASV_3347	Eukaryota	no_hit	unknown	Polycystinea	no_hit	no_hit	no_hit	no_hit
ASV_3348	Eukaryota	no_hit	unknown	unknown	unknown	unknown	unknown	Uncultured marine alveolate Group I DH144-EKD3
ASV_3349	Eukaryota	no_hit	Euglenozoa	unknown	Diplonemea	no_hit	no_hit	no_hit
ASV_3350	Eukaryota	no_hit	unknown	Dinophyceae	Syndiniales	Syndiniaceae	Hematodinium	no_hit
ASV_3351	Eukaryota	no_hit	unknown	unknown	unknown	unknown	unknown	uncultured marine eukaryote
ASV_3352	Eukaryota	no_hit	unknown	Dinophyceae	Syndiniales	no_hit	no_hit	no_hit
ASV_3353	Eukaryota	no_hit	Ciliophora	no_hit	no_hit	no_hit	no_hit	no_hit
ASV_3354	Eukaryota	Metazoa	Arthropoda	Malacostraca	Euphausiacea	Euphausiidae	Euphausia	Euphausia pacifica
ASV_3355	Eukaryota	no_hit	Euglenozoa	unknown	Diplonemea	unknown	unknown	Diplonemida sp. 37 RG-2016
ASV_3356	Eukaryota	no_hit	unknown	Dinophyceae	Blastodiniales	unknown	Blastodinium	no_hit
ASV_3357	Eukaryota	no_hit	Bacillariophyta	no_hit	no_hit	no_hit	no_hit	no_hit
ASV_3358	Eukaryota	no_hit	Oomycota	no_hit	no_hit	no_hit	no_hit	no_hit
ASV_3359	Eukaryota	no_hit	Ciliophora	Oligohymenophorea	Philasterida	Loxocephalidae	Paratetrahymena	Paratetrahymena parawassi
ASV_3360	Eukaryota	no_hit	unknown	Polycystinea	Nassellaria	Artostrobiidae	Botryostrobus	Botryostrobus auritus-australis
ASV_3361	Eukaryota	no_hit	Picozoa	unknown	unknown	unknown	unknown	Picobiliphyte sp. MS584-11
ASV_3362	Eukaryota	no_hit	Tubulinea	unknown	unknown	unknown	unknown	Lobosea sp. Mb_5C
ASV_3363	unassigned	unassigned	unassigned	unassigned	unassigned	unassigned	unassigned	unassigned
ASV_3364	Eukaryota	no_hit	no_hit	no_hit	no_hit	no_hit	no_hit	no_hit
ASV_3365	Eukaryota	no_hit	unknown	Dinophyceae	Syndiniales	Amoebophryaceae	Amoebophrya	no_hit
ASV_3366	Eukaryota	no_hit	unknown	unknown	unknown	unknown	unknown	uncultured marine eukaryote
ASV_3367	Eukaryota	no_hit	Imbricatea	unknown	Thaumatomonadida	no_hit	no_hit	no_hit
ASV_3368	Eukaryota	no_hit	Ciliophora	Spirotrichea	Choreotrichida	Strobilidiidae	no_hit	no_hit
ASV_3369	Eukaryota	no_hit	unknown	Dinophyceae	Syndiniales	Amoebophryaceae	Amoebophrya	no_hit
ASV_3370	Eukaryota	no_hit	unknown	Cryptophyceae	Cyathomonadacea	Goniomonadaceae	Goniomonas	no_hit
ASV_3371	Eukaryota	no_hit	unknown	Dinophyceae	Syndiniales	no_hit	no_hit	no_hit
ASV_3372	Eukaryota	no_hit	unknown	Dinophyceae	Syndiniales	Amoebophryaceae	Amoebophrya	no_hit
ASV_3373	Eukaryota	no_hit	Euglenozoa	unknown	Diplonemea	unknown	unknown	Diplonemida sp. 1sb RG-2016
ASV_3374	Eukaryota	no_hit	unknown	Dinophyceae	no_hit	no_hit	no_hit	no_hit
ASV_3375	Eukaryota	no_hit	unknown	Dinophyceae	Peridiniales	Protoperidiniaceae	Protoperidinium	Protoperidinium divergens
ASV_3376	Eukaryota	no_hit	Ciliophora	Spirotrichea	no_hit	no_hit	no_hit	no_hit
ASV_3377	Eukaryota	no_hit	unknown	Bigyra	Nanomonadea	unknown	Solenicola	Solenicola setigera
ASV_3378	Eukaryota	no_hit	unknown	Dinophyceae	no_hit	no_hit	no_hit	no_hit
ASV_3379	Eukaryota	Metazoa	Cnidaria	Hydrozoa	Narcomedusae	Tetraplatiidae	Tetraplatia	Tetraplatia volitans
ASV_3380	Eukaryota	Viridiplantae	Chlorophyta	Mamiellophyceae	Dolichomastigales	Crustomastigaceae	Crustomastix	Crustomastix stigmatica
ASV_3381	Eukaryota	no_hit	no_hit	no_hit	no_hit	no_hit	no_hit	no_hit
ASV_3382	Eukaryota	no_hit	Euglenozoa	unknown	Diplonemea	no_hit	no_hit	no_hit
ASV_3383	Eukaryota	Metazoa	Cnidaria	Hydrozoa	Siphonophorae	no_hit	no_hit	no_hit
ASV_3384	Eukaryota	no_hit	unknown	Dinophyceae	Peridiniales	Protoperidiniaceae	Protoperidinium	Protoperidinium punctulatum
ASV_3385	Eukaryota	no_hit	unknown	Centroplasthelida	Pterocystida	Pterocystidae	Pterocystis	Pterocystis sp. JJP-2003
ASV_3386	Eukaryota	no_hit	unknown	Polycystinea	Collodaria	Sphaerozoidae	Collozoum	no_hit
ASV_3387	Eukaryota	no_hit	Euglenozoa	unknown	Diplonemea	unknown	unknown	Diplonemida sp. 27 RG-2016
ASV_3388	no_hit	no_hit	no_hit	no_hit	no_hit	no_hit	no_hit	no_hit
ASV_3389	Eukaryota	no_hit	unknown	Dinophyceae	Syndiniales	Amoebophryaceae	Amoebophrya	no_hit
ASV_3390	Eukaryota	no_hit	unknown	Dinophyceae	no_hit	no_hit	no_hit	no_hit
ASV_3391	Eukaryota	no_hit	unknown	Dinophyceae	Peridiniales	Protoperidiniaceae	Protoperidinium	Protoperidinium punctulatum
ASV_3392	Eukaryota	no_hit	unknown	Dinophyceae	Syndiniales	Amoebophryaceae	Amoebophrya	no_hit
ASV_3393	Eukaryota	no_hit	unknown	Dinophyceae	no_hit	no_hit	no_hit	no_hit
ASV_3394	Eukaryota	no_hit	unknown	Dinophyceae	Syndiniales	Amoebophryaceae	Amoebophrya	no_hit
ASV_3395	Eukaryota	no_hit	unknown	unknown	unknown	unknown	unknown	Uncultured marine alveolate Group I DH145-EKD10
ASV_3396	Eukaryota	no_hit	unknown	Bigyra	Bicosoecida	unknown	Caecitellus	no_hit
ASV_3397	Eukaryota	no_hit	no_hit	no_hit	no_hit	no_hit	no_hit	no_hit
ASV_3398	Eukaryota	no_hit	unknown	unknown	unknown	unknown	unknown	Uncultured marine alveolate Group II DH145-EKD20
ASV_3399	Eukaryota	no_hit	unknown	unknown	unknown	unknown	unknown	eukaryote clone OLI11011
ASV_3400	Eukaryota	no_hit	unknown	Dinophyceae	Syndiniales	Amoebophryaceae	Amoebophrya	no_hit
ASV_3401	Eukaryota	no_hit	Euglenozoa	unknown	Diplonemea	no_hit	no_hit	no_hit
ASV_3402	Eukaryota	no_hit	Imbricatea	unknown	Marimonadida	unknown	Pseudopirsonia	Pseudopirsonia mucosa
ASV_3403	Eukaryota	no_hit	unknown	Dinophyceae	no_hit	no_hit	no_hit	no_hit
ASV_3404	Eukaryota	no_hit	unknown	Dinophyceae	no_hit	no_hit	no_hit	no_hit
ASV_3405	Eukaryota	no_hit	no_hit	no_hit	no_hit	no_hit	no_hit	no_hit
ASV_3406	Eukaryota	no_hit	unknown	Bigyra	Nanomonadea	unknown	Solenicola	no_hit
ASV_3407	Eukaryota	no_hit	unknown	Dinophyceae	Peridiniales	Peridiniaceae	Scrippsiella	no_hit
ASV_3408	Eukaryota	no_hit	Bacillariophyta	Bacillariophyceae	Naviculales	Naviculaceae	no_hit	no_hit
ASV_3409	Eukaryota	no_hit	unknown	Raphidophyceae	Chattonellales	no_hit	no_hit	no_hit
ASV_3410	Eukaryota	no_hit	unknown	Dinophyceae	no_hit	no_hit	no_hit	no_hit
ASV_3411	Eukaryota	no_hit	unknown	Dinophyceae	Peridiniales	Protoperidiniaceae	Protoperidinium	Protoperidinium claudicans
ASV_3412	Eukaryota	Viridiplantae	Chlorophyta	no_hit	no_hit	no_hit	no_hit	no_hit
ASV_3413	Eukaryota	no_hit	unknown	Bigyra	Thraustochytrida	Thraustochytriaceae	Labyrinthulochytrium	Labyrinthulochytrium arktikum
ASV_3414	Eukaryota	no_hit	unknown	Bigyra	no_hit	no_hit	no_hit	no_hit
ASV_3415	Eukaryota	no_hit	unknown	unknown	unknown	unknown	unknown	uncultured marine eukaryote
ASV_3416	Eukaryota	no_hit	unknown	unknown	unknown	unknown	unknown	eukaryote clone OLI11023
ASV_3417	no_hit	no_hit	no_hit	no_hit	no_hit	no_hit	no_hit	no_hit
ASV_3418	no_hit	no_hit	no_hit	no_hit	no_hit	no_hit	no_hit	no_hit
ASV_3419	Eukaryota	no_hit	unknown	Dinophyceae	Blastodiniales	unknown	Blastodinium	no_hit
ASV_3420	Eukaryota	no_hit	no_hit	no_hit	no_hit	no_hit	no_hit	no_hit
ASV_3421	Eukaryota	no_hit	unknown	Dinophyceae	Syndiniales	Amoebophryaceae	Amoebophrya	no_hit
ASV_3422	Eukaryota	no_hit	unknown	Chrysophyceae	Chromulinales	Dinobryaceae	Dinobryon	no_hit
ASV_3423	Eukaryota	no_hit	no_hit	no_hit	no_hit	no_hit	no_hit	no_hit
ASV_3424	Eukaryota	no_hit	unknown	Dinophyceae	Blastodiniales	unknown	Blastodinium	no_hit
ASV_3425	Eukaryota	no_hit	unknown	Dinophyceae	Syndiniales	Amoebophryaceae	Amoebophrya	no_hit
ASV_3426	Eukaryota	no_hit	Bacillariophyta	Coscinodiscophyceae	Coscinodiscales	Coscinodiscaceae	Coscinodiscus	Coscinodiscus granii
ASV_3427	Eukaryota	no_hit	Ciliophora	no_hit	no_hit	no_hit	no_hit	no_hit
ASV_3428	Eukaryota	no_hit	unknown	Dinophyceae	Syndiniales	Amoebophryaceae	Amoebophrya	no_hit
ASV_3429	Eukaryota	no_hit	unknown	Dinophyceae	no_hit	no_hit	no_hit	no_hit
ASV_3430	Eukaryota	no_hit	unknown	unknown	unknown	unknown	unknown	uncultured marine eukaryote
ASV_3431	no_hit	no_hit	no_hit	no_hit	no_hit	no_hit	no_hit	no_hit
ASV_3432	Eukaryota	Viridiplantae	Chlorophyta	Pyramimonadophyceae	Pyramimonadales	Pyramimonadaceae	Pyramimonas	Pyramimonas parkeae
ASV_3433	Eukaryota	no_hit	unknown	Dinophyceae	no_hit	no_hit	no_hit	no_hit
ASV_3434	Eukaryota	no_hit	unknown	unknown	unknown	unknown	unknown	uncultured marine picoeukaryote
ASV_3435	Eukaryota	no_hit	unknown	Dinophyceae	no_hit	no_hit	no_hit	no_hit
ASV_3436	Eukaryota	no_hit	unknown	Dinophyceae	no_hit	no_hit	no_hit	no_hit
ASV_3437	Eukaryota	no_hit	unknown	Polycystinea	Nassellaria	Theoperidae	Eucyrtidium	Eucyrtidium hexastichum
ASV_3438	Bacteria	no_hit	unknown	unknown	unknown	unknown	unknown	bacterium
ASV_3439	no_hit	no_hit	no_hit	no_hit	no_hit	no_hit	no_hit	no_hit
ASV_3440	Eukaryota	no_hit	unknown	Polycystinea	no_hit	no_hit	no_hit	no_hit
ASV_3441	Eukaryota	no_hit	unknown	unknown	unknown	unknown	unknown	Uncultured marine alveolate Group II DH147-EKD6
ASV_3442	no_hit	no_hit	no_hit	no_hit	no_hit	no_hit	no_hit	no_hit
ASV_3443	no_hit	no_hit	no_hit	no_hit	no_hit	no_hit	no_hit	no_hit
ASV_3444	Eukaryota	no_hit	unknown	Dinophyceae	Syndiniales	no_hit	no_hit	no_hit
ASV_3445	Eukaryota	no_hit	unknown	Dinophyceae	Syndiniales	no_hit	no_hit	no_hit
ASV_3446	Eukaryota	no_hit	Euglenozoa	unknown	Diplonemea	unknown	unknown	Diplonemida sp. 21sb RG-2016
ASV_3447	Eukaryota	no_hit	unknown	Dinophyceae	Syndiniales	Amoebophryaceae	Amoebophrya	no_hit
ASV_3448	Eukaryota	no_hit	unknown	Polycystinea	Nassellaria	Theoperidae	Cycladophora	Cycladophora cornuta
ASV_3449	Eukaryota	no_hit	Ciliophora	Oligohymenophorea	Philasterida	Cinetochilidae	Cinetochilum	Cinetochilum ovale
ASV_3450	Eukaryota	no_hit	unknown	Dinophyceae	Syndiniales	Amoebophryaceae	Amoebophrya	no_hit
ASV_3451	Eukaryota	no_hit	unknown	Polycystinea	no_hit	no_hit	no_hit	no_hit
ASV_3452	no_hit	no_hit	no_hit	no_hit	no_hit	no_hit	no_hit	no_hit
ASV_3453	Eukaryota	no_hit	unknown	Dinophyceae	Syndiniales	Amoebophryaceae	Amoebophrya	no_hit
ASV_3454	Eukaryota	no_hit	unknown	Dinophyceae	no_hit	no_hit	no_hit	no_hit
ASV_3455	Eukaryota	no_hit	unknown	Dinophyceae	no_hit	no_hit	no_hit	no_hit
ASV_3456	Eukaryota	no_hit	unknown	Dinophyceae	Syndiniales	Amoebophryaceae	Amoebophrya	no_hit
ASV_3457	Eukaryota	no_hit	Endomyxa	Ascetosporea	Paradiniida	unknown	Paradinium	Paradinium poucheti
ASV_3458	no_hit	no_hit	no_hit	no_hit	no_hit	no_hit	no_hit	no_hit
ASV_3459	Eukaryota	no_hit	unknown	Dinophyceae	Gymnodiniales	no_hit	no_hit	no_hit
ASV_3460	Eukaryota	no_hit	unknown	Dinophyceae	Gymnodiniales	Gymnodiniaceae	Akashiwo	Akashiwo sanguinea
ASV_3461	Eukaryota	no_hit	unknown	unknown	unknown	unknown	unknown	uncultured marine picoeukaryote
ASV_3462	Eukaryota	no_hit	Ciliophora	Oligohymenophorea	Philasterida	Loxocephalidae	Cardiostomatella	Cardiostomatella vermiformis
ASV_3463	Eukaryota	no_hit	Ciliophora	Phyllopharyngea	Dysteriida	Plesiotrichopidae	Pithites	Pithites vorax
ASV_3464	Eukaryota	no_hit	unknown	Dinophyceae	Syndiniales	Amoebophryaceae	Amoebophrya	no_hit
ASV_3465	Eukaryota	no_hit	Endomyxa	Ascetosporea	Paradiniida	unknown	Paradinium	Paradinium poucheti
ASV_3466	Eukaryota	no_hit	no_hit	no_hit	no_hit	no_hit	no_hit	no_hit
ASV_3467	Eukaryota	no_hit	unknown	unknown	unknown	unknown	unknown	Acantharian sp. 6201
ASV_3468	Eukaryota	Metazoa	Chordata	Appendicularia	Copelata	Fritillariidae	Fritillaria <tunicates>	no_hit
ASV_3469	Eukaryota	no_hit	unknown	Dinophyceae	Syndiniales	no_hit	no_hit	no_hit
ASV_3470	Eukaryota	no_hit	Bacillariophyta	Coscinodiscophyceae	Chaetocerotales	Chaetocerotaceae	Chaetoceros	no_hit
ASV_3471	Eukaryota	no_hit	unknown	unknown	unknown	unknown	unknown	uncultured marine picoeukaryote
ASV_3472	Eukaryota	no_hit	Ciliophora	Spirotrichea	Tintinnida	Ptychocylididae	Cymatocylis	no_hit
ASV_3473	Eukaryota	Metazoa	Annelida	Polychaeta	Phyllodocida	Polynoidae	no_hit	no_hit
ASV_3474	no_hit	no_hit	no_hit	no_hit	no_hit	no_hit	no_hit	no_hit
ASV_3475	Eukaryota	no_hit	Euglenozoa	unknown	Diplonemea	unknown	unknown	Diplonemida sp. 37 RG-2016
ASV_3476	Eukaryota	no_hit	unknown	Dinophyceae	no_hit	no_hit	no_hit	no_hit
ASV_3477	no_hit	no_hit	no_hit	no_hit	no_hit	no_hit	no_hit	no_hit
ASV_3478	no_hit	no_hit	no_hit	no_hit	no_hit	no_hit	no_hit	no_hit
ASV_3479	Eukaryota	no_hit	unknown	unknown	unknown	unknown	unknown	uncultured marine eukaryote
ASV_3480	Eukaryota	no_hit	unknown	unknown	unknown	unknown	unknown	eukaryote clone OLI11012
ASV_3481	no_hit	no_hit	no_hit	no_hit	no_hit	no_hit	no_hit	no_hit
ASV_3482	Eukaryota	no_hit	unknown	Cryptophyceae	Cyathomonadacea	Goniomonadaceae	Goniomonas	no_hit
ASV_3483	Eukaryota	no_hit	unknown	unknown	unknown	unknown	unknown	uncultured marine eukaryote
ASV_3484	Eukaryota	no_hit	unknown	Chrysophyceae	unknown	unknown	unknown	Spumella-like flagellate JBC22
ASV_3485	Eukaryota	no_hit	unknown	Dinophyceae	Prorocentrales	Prorocentraceae	Prorocentrum	no_hit
ASV_3486	Eukaryota	no_hit	unknown	Dinophyceae	Syndiniales	Amoebophryaceae	Amoebophrya	no_hit
ASV_3487	no_hit	no_hit	no_hit	no_hit	no_hit	no_hit	no_hit	no_hit
ASV_3488	Eukaryota	Viridiplantae	Streptophyta	Magnoliopsida	Poales	Poaceae	Triticum	Triticum monococcum
ASV_3489	Eukaryota	no_hit	unknown	Polycystinea	Spumellaria	Rhizosphaeridae	Haliommilla	Haliommilla capillacea
ASV_3490	Eukaryota	no_hit	unknown	Dinophyceae	Syndiniales	Amoebophryaceae	Amoebophrya	no_hit
ASV_3491	Eukaryota	no_hit	unknown	unknown	unknown	unknown	unknown	uncultured marine eukaryote
ASV_3492	Eukaryota	no_hit	unknown	Dinophyceae	no_hit	no_hit	no_hit	no_hit
ASV_3493	Eukaryota	no_hit	Oomycota	no_hit	no_hit	no_hit	no_hit	no_hit
ASV_3494	Eukaryota	Metazoa	Nemertea	Enopla	Monostilifera	Oerstediidae	Oerstedia	no_hit
ASV_3495	Eukaryota	no_hit	unknown	Dinophyceae	Gymnodiniales	Kareniaceae	Karlodinium	no_hit
ASV_3496	Eukaryota	no_hit	unknown	Dinophyceae	Syndiniales	Amoebophryaceae	Amoebophrya	no_hit
ASV_3497	Eukaryota	no_hit	unknown	Dinophyceae	Syndiniales	Ellobiopsidae	Ellobiopsis	Ellobiopsis chattonii
ASV_3498	Eukaryota	no_hit	unknown	Dinophyceae	Peridiniales	Diplopsaliaceae	Niea	Niea acanthocysta
ASV_3499	Eukaryota	no_hit	unknown	Dinophyceae	Syndiniales	Amoebophryaceae	Amoebophrya	no_hit
ASV_3500	Eukaryota	no_hit	unknown	Polycystinea	no_hit	no_hit	no_hit	no_hit
ASV_3501	Eukaryota	no_hit	unknown	Dinophyceae	Prorocentrales	Prorocentraceae	Prorocentrum	no_hit
ASV_3502	Eukaryota	no_hit	no_hit	no_hit	no_hit	no_hit	no_hit	no_hit
ASV_3503	Eukaryota	no_hit	Euglenozoa	unknown	Diplonemea	unknown	unknown	Diplonemida sp. 1sb RG-2016
ASV_3504	Eukaryota	no_hit	Bacillariophyta	Bacillariophyceae	Naviculales	no_hit	no_hit	no_hit
ASV_3505	no_hit	no_hit	no_hit	no_hit	no_hit	no_hit	no_hit	no_hit
ASV_3506	Eukaryota	no_hit	unknown	Dinophyceae	Syndiniales	Amoebophryaceae	Amoebophrya	no_hit
ASV_3507	Eukaryota	no_hit	unknown	Dinophyceae	Syndiniales	Amoebophryaceae	Amoebophrya	no_hit
ASV_3508	Eukaryota	no_hit	unknown	Dinophyceae	Syndiniales	Amoebophryaceae	Amoebophrya	no_hit
ASV_3509	Eukaryota	no_hit	no_hit	no_hit	no_hit	no_hit	no_hit	no_hit
ASV_3510	Eukaryota	no_hit	Ciliophora	Spirotrichea	Choreotrichida	Strombidinopsidae	Strombidinopsis	Strombidinopsis sp. NSMS0601
ASV_3511	Eukaryota	no_hit	unknown	Dinophyceae	no_hit	no_hit	no_hit	no_hit
ASV_3512	Eukaryota	no_hit	unknown	Polycystinea	no_hit	no_hit	no_hit	no_hit
ASV_3513	Eukaryota	no_hit	Euglenozoa	unknown	Diplonemea	unknown	unknown	Diplonemida sp. 1sb RG-2016
ASV_3514	Eukaryota	no_hit	unknown	Acantharea	no_hit	no_hit	no_hit	no_hit
ASV_3515	Eukaryota	no_hit	unknown	Polycystinea	no_hit	no_hit	no_hit	no_hit
ASV_3516	no_hit	no_hit	no_hit	no_hit	no_hit	no_hit	no_hit	no_hit
ASV_3517	Eukaryota	no_hit	no_hit	no_hit	no_hit	no_hit	no_hit	no_hit
ASV_3518	Eukaryota	no_hit	unknown	Chrysophyceae	unknown	unknown	Segregatospumella	no_hit
ASV_3519	Eukaryota	no_hit	unknown	unknown	unknown	unknown	unknown	eukaryote clone OLI11032
ASV_3520	Eukaryota	no_hit	unknown	unknown	unknown	unknown	unknown	Uncultured marine alveolate Group II DH145-EKD20
ASV_3521	Eukaryota	no_hit	unknown	Polycystinea	Nassellaria	Plagiacanthidae	Lithomelissa	Lithomelissa sp. 8012
ASV_3522	Eukaryota	no_hit	unknown	Dinophyceae	Syndiniales	Amoebophryaceae	Amoebophrya	no_hit
ASV_3523	Eukaryota	no_hit	unknown	unknown	unknown	unknown	unknown	uncultured marine picoeukaryote
ASV_3524	Eukaryota	no_hit	unknown	unknown	unknown	unknown	unknown	uncultured marine picoeukaryote
ASV_3525	Eukaryota	no_hit	unknown	Dinophyceae	Syndiniales	Amoebophryaceae	Amoebophrya	no_hit
ASV_3526	no_hit	no_hit	no_hit	no_hit	no_hit	no_hit	no_hit	no_hit
ASV_3527	Eukaryota	no_hit	unknown	unknown	unknown	unknown	unknown	Uncultured marine alveolate Group II DH145-EKD20
ASV_3528	Eukaryota	no_hit	unknown	Dinophyceae	Syndiniales	Amoebophryaceae	Amoebophrya	no_hit
ASV_3529	Eukaryota	no_hit	unknown	Bigyra	no_hit	no_hit	no_hit	no_hit
ASV_3530	Eukaryota	no_hit	unknown	Dinophyceae	unknown	unknown	Ailadinium	Ailadinium reticulatum
ASV_3531	Eukaryota	no_hit	no_hit	no_hit	no_hit	no_hit	no_hit	no_hit
ASV_3532	Eukaryota	no_hit	unknown	unknown	unknown	unknown	unknown	eukaryote clone OLI11261
ASV_3533	Eukaryota	Metazoa	Arthropoda	Hexanauplia	Calanoida	Calanidae	no_hit	no_hit
ASV_3534	Eukaryota	no_hit	unknown	Dinophyceae	Gonyaulacales	Amphidomataceae	Azadinium	Azadinium polongum
ASV_3535	no_hit	no_hit	no_hit	no_hit	no_hit	no_hit	no_hit	no_hit
ASV_3536	no_hit	no_hit	no_hit	no_hit	no_hit	no_hit	no_hit	no_hit
ASV_3537	Eukaryota	no_hit	unknown	Dinophyceae	Peridiniales	Peridiniaceae	Pentapharsodinium	no_hit
ASV_3538	Eukaryota	no_hit	no_hit	no_hit	no_hit	no_hit	no_hit	no_hit
ASV_3539	Eukaryota	no_hit	unknown	unknown	unknown	unknown	unknown	eukaryote clone OLI11032
ASV_3540	Eukaryota	no_hit	unknown	Dinophyceae	no_hit	no_hit	no_hit	no_hit
ASV_3541	Eukaryota	no_hit	Ciliophora	no_hit	no_hit	no_hit	no_hit	no_hit
ASV_3542	Eukaryota	no_hit	unknown	Dinophyceae	Syndiniales	Amoebophryaceae	Amoebophrya	no_hit
ASV_3543	Eukaryota	no_hit	unknown	Dinophyceae	no_hit	no_hit	no_hit	no_hit
ASV_3544	Eukaryota	no_hit	no_hit	no_hit	no_hit	no_hit	no_hit	no_hit
ASV_3545	Eukaryota	no_hit	unknown	Dinophyceae	Syndiniales	Amoebophryaceae	Amoebophrya	no_hit
ASV_3546	Eukaryota	no_hit	unknown	Polycystinea	no_hit	no_hit	no_hit	no_hit
ASV_3547	Eukaryota	no_hit	unknown	Polycystinea	no_hit	no_hit	no_hit	no_hit
ASV_3548	Eukaryota	no_hit	Ciliophora	Colpodea	unknown	unknown	unknown	Uncultured marine colpodean ciliate DH147-EKD23
ASV_3549	no_hit	no_hit	no_hit	no_hit	no_hit	no_hit	no_hit	no_hit
ASV_3550	Eukaryota	no_hit	no_hit	no_hit	no_hit	no_hit	no_hit	no_hit
ASV_3551	Eukaryota	no_hit	unknown	unknown	unknown	unknown	unknown	eukaryote clone OLI11010
ASV_3552	Eukaryota	no_hit	unknown	Dinophyceae	Syndiniales	Amoebophryaceae	Amoebophrya	no_hit
ASV_3553	Eukaryota	no_hit	Oomycota	unknown	Myzocytiopsidales	Myzocytiopsidaceae	Myzocytiopsis	no_hit
ASV_3554	Eukaryota	no_hit	unknown	Dinophyceae	Syndiniales	no_hit	no_hit	no_hit
ASV_3555	Eukaryota	no_hit	unknown	Dinophyceae	Syndiniales	Amoebophryaceae	Amoebophrya	no_hit
ASV_3556	no_hit	no_hit	no_hit	no_hit	no_hit	no_hit	no_hit	no_hit
ASV_3557	Eukaryota	no_hit	unknown	unknown	unknown	unknown	unknown	uncultured marine picoeukaryote
ASV_3558	Eukaryota	Viridiplantae	Chlorophyta	no_hit	no_hit	no_hit	no_hit	no_hit
ASV_3559	Eukaryota	Metazoa	Arthropoda	Hexanauplia	Calanoida	Metridinidae	Metridia	Metridia gerlachei
ASV_3560	Eukaryota	no_hit	no_hit	no_hit	no_hit	no_hit	no_hit	no_hit
ASV_3561	Eukaryota	no_hit	unknown	Dinophyceae	Syndiniales	Syndiniaceae	Hematodinium	no_hit
ASV_3562	Eukaryota	no_hit	unknown	Dinophyceae	Syndiniales	no_hit	no_hit	no_hit
ASV_3563	Eukaryota	no_hit	unknown	Dinophyceae	Syndiniales	Amoebophryaceae	Amoebophrya	no_hit
ASV_3564	no_hit	no_hit	no_hit	no_hit	no_hit	no_hit	no_hit	no_hit
ASV_3565	Eukaryota	no_hit	unknown	Dinophyceae	no_hit	no_hit	no_hit	no_hit
ASV_3566	Eukaryota	no_hit	unknown	unknown	unknown	unknown	unknown	uncultured marine picoeukaryote
ASV_3567	Eukaryota	no_hit	unknown	Dinophyceae	Gymnodiniales	Gymnodiniaceae	no_hit	no_hit
ASV_3568	Eukaryota	Viridiplantae	Chlorophyta	Trebouxiophyceae	no_hit	no_hit	no_hit	no_hit
ASV_3569	Eukaryota	no_hit	unknown	Dinophyceae	Gymnodiniales	Ceratoperidiniaeceae	Kirithra	Kirithra sigma
ASV_3570	Eukaryota	no_hit	unknown	Dinophyceae	Gymnodiniales	no_hit	no_hit	no_hit
ASV_3571	Eukaryota	no_hit	unknown	Dinophyceae	no_hit	no_hit	no_hit	no_hit
ASV_3572	Eukaryota	no_hit	Imbricatea	unknown	Thaumatomonadida	no_hit	no_hit	no_hit
ASV_3573	Eukaryota	no_hit	unknown	Dinophyceae	no_hit	no_hit	no_hit	no_hit
ASV_3574	Eukaryota	no_hit	no_hit	no_hit	no_hit	no_hit	no_hit	no_hit
ASV_3575	Eukaryota	Metazoa	Chaetognatha	Sagittoidea	Aphragmophora	Sagittidae	Sagitta	Sagitta sp. DP-2006
ASV_3576	Eukaryota	Viridiplantae	Chlorophyta	Mamiellophyceae	Dolichomastigales	Crustomastigaceae	Crustomastix	Crustomastix sp. MBIC10709
ASV_3577	Eukaryota	no_hit	unknown	Dinophyceae	Gymnodiniales	Warnowiaceae	no_hit	no_hit
ASV_3578	no_hit	no_hit	no_hit	no_hit	no_hit	no_hit	no_hit	no_hit
ASV_3579	Eukaryota	no_hit	no_hit	no_hit	no_hit	no_hit	no_hit	no_hit
ASV_3580	Eukaryota	no_hit	unknown	Dinophyceae	no_hit	no_hit	no_hit	no_hit
ASV_3581	no_hit	no_hit	no_hit	no_hit	no_hit	no_hit	no_hit	no_hit
ASV_3582	Eukaryota	no_hit	unknown	Dinophyceae	Syndiniales	Eudubosquellidae	Euduboscquella	Euduboscquella sp. ex Favella arcuata
ASV_3583	Eukaryota	no_hit	unknown	Dinophyceae	Syndiniales	Amoebophryaceae	Amoebophrya	no_hit
ASV_3584	Eukaryota	no_hit	Bacillariophyta	Mediophyceae	Cymatosirales	Cymatosiraceae	Leyanella	Leyanella probus
ASV_3585	Eukaryota	no_hit	Ciliophora	Oligohymenophorea	Philasterida	no_hit	no_hit	no_hit
ASV_3586	Eukaryota	no_hit	Foraminifera	unknown	Rotaliida	Pseudoparrellidae	Epistominella	no_hit
ASV_3587	Eukaryota	no_hit	unknown	Dinophyceae	Syndiniales	Amoebophryaceae	Amoebophrya	no_hit
ASV_3588	Eukaryota	no_hit	unknown	unknown	unknown	unknown	unknown	uncultured marine eukaryote
ASV_3589	Eukaryota	no_hit	no_hit	no_hit	no_hit	no_hit	no_hit	no_hit
ASV_3590	Eukaryota	no_hit	unknown	Dinophyceae	Syndiniales	Amoebophryaceae	Amoebophrya	no_hit
ASV_3591	Eukaryota	no_hit	unknown	Dinophyceae	no_hit	no_hit	no_hit	no_hit
ASV_3592	Eukaryota	Viridiplantae	Chlorophyta	Trebouxiophyceae	no_hit	no_hit	no_hit	no_hit
ASV_3593	Eukaryota	no_hit	Imbricatea	unknown	Marimonadida	unknown	Pseudopirsonia	Pseudopirsonia mucosa
ASV_3594	Eukaryota	no_hit	Apicomplexa	Conoidasida	Corallicolida	Corallicolidae	Corallicola	Corallicola aquarius
ASV_3595	Eukaryota	no_hit	unknown	Polycystinea	Nassellaria	Plagoniidae	Pseudocubus	Pseudocubus obeliscus
ASV_3596	Eukaryota	no_hit	no_hit	no_hit	no_hit	no_hit	no_hit	no_hit
ASV_3597	Eukaryota	no_hit	Haptophyta	unknown	Phaeocystales	Phaeocystaceae	Phaeocystis	no_hit
ASV_3598	Eukaryota	no_hit	unknown	Dinophyceae	Syndiniales	Amoebophryaceae	Amoebophrya	no_hit
ASV_3599	Eukaryota	no_hit	unknown	Dinophyceae	Syndiniales	Amoebophryaceae	Amoebophrya	no_hit
ASV_3600	Eukaryota	no_hit	unknown	Dinophyceae	no_hit	no_hit	no_hit	no_hit
ASV_3601	Eukaryota	no_hit	unknown	unknown	unknown	unknown	unknown	Uncultured marine alveolate Group I DH147-EKD18
ASV_3602	Eukaryota	no_hit	unknown	unknown	unknown	unknown	unknown	uncultured marine picoeukaryote
ASV_3603	Eukaryota	no_hit	unknown	unknown	unknown	unknown	unknown	uncultured marine eukaryote
ASV_3604	Eukaryota	no_hit	Euglenozoa	unknown	Diplonemea	Hemistasiidae	Hemistasia	Hemistasia phaeocysticola
ASV_3605	Eukaryota	no_hit	Cercozoa	no_hit	no_hit	no_hit	no_hit	no_hit
ASV_3606	Eukaryota	no_hit	unknown	Dinophyceae	Syndiniales	Amoebophryaceae	Amoebophrya	no_hit
ASV_3607	Eukaryota	no_hit	unknown	Dinophyceae	Gymnodiniales	Kareniaceae	Karlodinium	no_hit
ASV_3608	Eukaryota	no_hit	unknown	Dinophyceae	no_hit	no_hit	no_hit	no_hit
ASV_3609	no_hit	no_hit	no_hit	no_hit	no_hit	no_hit	no_hit	no_hit
ASV_3610	Eukaryota	no_hit	Oomycota	no_hit	no_hit	no_hit	no_hit	no_hit
ASV_3611	Eukaryota	no_hit	unknown	Cryptophyceae	Cryptomonadales	Hemiselmidaceae	Hemiselmis	Hemiselmis cryptochromatica
ASV_3612	no_hit	no_hit	no_hit	no_hit	no_hit	no_hit	no_hit	no_hit
ASV_3613	Eukaryota	no_hit	unknown	Dinophyceae	Syndiniales	Amoebophryaceae	Amoebophrya	no_hit
ASV_3614	Eukaryota	no_hit	Haptophyta	no_hit	no_hit	no_hit	no_hit	no_hit
ASV_3615	Eukaryota	no_hit	unknown	Dinophyceae	no_hit	no_hit	no_hit	no_hit
ASV_3616	Eukaryota	no_hit	unknown	Polycystinea	no_hit	no_hit	no_hit	no_hit
ASV_3617	Eukaryota	no_hit	unknown	Bigyra	Nanomonadea	unknown	Incisomonas	Incisomonas marina
ASV_3618	Eukaryota	no_hit	unknown	unknown	unknown	unknown	unknown	uncultured marine picoeukaryote
ASV_3619	unassigned	unassigned	unassigned	unassigned	unassigned	unassigned	unassigned	unassigned
ASV_3620	Eukaryota	no_hit	unknown	Dinophyceae	Syndiniales	Amoebophryaceae	Amoebophrya	no_hit
ASV_3621	no_hit	no_hit	no_hit	no_hit	no_hit	no_hit	no_hit	no_hit
ASV_3622	Eukaryota	no_hit	unknown	Dinophyceae	Syndiniales	no_hit	no_hit	no_hit
ASV_3623	Eukaryota	no_hit	Ciliophora	Spirotrichea	no_hit	no_hit	no_hit	no_hit
ASV_3624	Eukaryota	no_hit	unknown	Dinophyceae	no_hit	no_hit	no_hit	no_hit
ASV_3625	Eukaryota	no_hit	unknown	Dinophyceae	Syndiniales	Amoebophryaceae	Amoebophrya	no_hit
ASV_3626	Eukaryota	no_hit	unknown	Dinophyceae	Syndiniales	no_hit	no_hit	no_hit
ASV_3627	Eukaryota	no_hit	Bacillariophyta	Coscinodiscophyceae	Thalassiosirales	Thalassiosiraceae	no_hit	no_hit
ASV_3628	Eukaryota	no_hit	Bacillariophyta	Coscinodiscophyceae	Thalassiosirales	Thalassiosiraceae	no_hit	no_hit
ASV_3629	Eukaryota	no_hit	no_hit	no_hit	no_hit	no_hit	no_hit	no_hit
ASV_3630	Eukaryota	no_hit	unknown	Dinophyceae	no_hit	no_hit	no_hit	no_hit
ASV_3631	Eukaryota	no_hit	Cercozoa	no_hit	no_hit	no_hit	no_hit	no_hit
ASV_3632	Eukaryota	no_hit	unknown	Polycystinea	Spumellaria	Actinommidae	Hexacontium	no_hit
ASV_3633	Eukaryota	no_hit	unknown	Dinophyceae	no_hit	no_hit	no_hit	no_hit
ASV_3634	Eukaryota	no_hit	Euglenozoa	unknown	Diplonemea	unknown	unknown	Diplonemida sp. 1sb RG-2016
ASV_3635	Eukaryota	no_hit	no_hit	no_hit	no_hit	no_hit	no_hit	no_hit
ASV_3636	Eukaryota	no_hit	unknown	Dinophyceae	Peridiniales	Protoperidiniaceae	Protoperidinium	Protoperidinium thulesense
ASV_3637	Eukaryota	no_hit	Haptophyta	unknown	Prymnesiales	Chrysochromulinaceae	Chrysochromulina	no_hit
ASV_3638	no_hit	no_hit	no_hit	no_hit	no_hit	no_hit	no_hit	no_hit
ASV_3639	Eukaryota	no_hit	unknown	Dinophyceae	Syndiniales	Amoebophryaceae	Amoebophrya	no_hit
ASV_3640	Eukaryota	no_hit	Euglenozoa	unknown	Diplonemea	unknown	unknown	Diplonemida sp. 37 RG-2016
ASV_3641	Eukaryota	no_hit	no_hit	no_hit	no_hit	no_hit	no_hit	no_hit
ASV_3642	Eukaryota	no_hit	unknown	Dinophyceae	Syndiniales	Syndiniaceae	Hematodinium	Hematodinium sp. ex Crangon crangon
ASV_3643	no_hit	no_hit	no_hit	no_hit	no_hit	no_hit	no_hit	no_hit
ASV_3644	Eukaryota	no_hit	unknown	Polycystinea	no_hit	no_hit	no_hit	no_hit
ASV_3645	no_hit	no_hit	no_hit	no_hit	no_hit	no_hit	no_hit	no_hit
ASV_3646	Eukaryota	no_hit	unknown	Dinophyceae	Syndiniales	no_hit	no_hit	no_hit
ASV_3647	Eukaryota	no_hit	unknown	Dinophyceae	Syndiniales	Eudubosquellidae	Euduboscquella	no_hit
ASV_3648	Eukaryota	no_hit	unknown	Acantharea	Chaunacanthida	no_hit	no_hit	no_hit
ASV_3649	Eukaryota	no_hit	unknown	Dinophyceae	Syndiniales	Amoebophryaceae	Amoebophrya	no_hit
ASV_3650	Eukaryota	no_hit	Euglenozoa	unknown	Diplonemea	no_hit	no_hit	no_hit
ASV_3651	no_hit	no_hit	no_hit	no_hit	no_hit	no_hit	no_hit	no_hit
ASV_3652	Eukaryota	Metazoa	Arthropoda	Hexanauplia	Poecilostomatoida	Oncaeidae	Oncaea	no_hit
ASV_3653	Eukaryota	no_hit	no_hit	no_hit	no_hit	no_hit	no_hit	no_hit
ASV_3654	unassigned	unassigned	unassigned	unassigned	unassigned	unassigned	unassigned	unassigned
ASV_3655	Eukaryota	no_hit	unknown	Polycystinea	Spumellaria	Actinommidae	Hexacontium	no_hit
ASV_3656	Eukaryota	no_hit	unknown	Polycystinea	Nassellaria	Trissocyclidae	Ceratospyris	Ceratospyris hyperborea
ASV_3657	Eukaryota	no_hit	unknown	Dinophyceae	no_hit	no_hit	no_hit	no_hit
ASV_3658	Eukaryota	no_hit	unknown	Dinophyceae	Syndiniales	Amoebophryaceae	Amoebophrya	no_hit
ASV_3659	Eukaryota	no_hit	unknown	Dinophyceae	Syndiniales	Amoebophryaceae	Amoebophrya	no_hit
ASV_3660	Eukaryota	no_hit	unknown	Dinophyceae	Peridiniales	Peridiniaceae	Peridinium	Peridinium fusiformis
ASV_3661	Eukaryota	no_hit	unknown	Dinophyceae	Peridiniales	Podolampaceae	Roscoffia	Roscoffia capitata
ASV_3662	Eukaryota	no_hit	unknown	Dinophyceae	no_hit	no_hit	no_hit	no_hit
ASV_3663	no_hit	no_hit	no_hit	no_hit	no_hit	no_hit	no_hit	no_hit
ASV_3664	Eukaryota	no_hit	unknown	unknown	unknown	unknown	unknown	Uncultured marine alveolate Group I DH145-EKD10
ASV_3665	Eukaryota	no_hit	unknown	Dinophyceae	Gymnodiniales	Kareniaceae	Karlodinium	no_hit
ASV_3666	Eukaryota	no_hit	no_hit	no_hit	no_hit	no_hit	no_hit	no_hit
ASV_3667	Eukaryota	no_hit	no_hit	no_hit	no_hit	no_hit	no_hit	no_hit
ASV_3668	Eukaryota	no_hit	unknown	Dinophyceae	Blastodiniales	unknown	Blastodinium	Blastodinium crassum
ASV_3669	no_hit	no_hit	no_hit	no_hit	no_hit	no_hit	no_hit	no_hit
ASV_3670	Eukaryota	no_hit	no_hit	no_hit	no_hit	no_hit	no_hit	no_hit
ASV_3671	Eukaryota	Viridiplantae	Chlorophyta	Mamiellophyceae	Dolichomastigales	Crustomastigaceae	Crustomastix	Crustomastix stigmatica
ASV_3672	Eukaryota	Viridiplantae	Chlorophyta	Pyramimonadophyceae	Pyramimonadales	Pyramimonadaceae	Pterosperma	Pterosperma cristatum
ASV_3673	Eukaryota	no_hit	no_hit	no_hit	no_hit	no_hit	no_hit	no_hit
ASV_3674	Eukaryota	Viridiplantae	Chlorophyta	no_hit	no_hit	no_hit	no_hit	no_hit
ASV_3675	Eukaryota	no_hit	unknown	unknown	unknown	unknown	unknown	uncultured marine picoeukaryote
ASV_3676	Eukaryota	no_hit	unknown	Dinophyceae	Syndiniales	Amoebophryaceae	Amoebophrya	no_hit
ASV_3677	Eukaryota	no_hit	unknown	Dinophyceae	Gonyaulacales	Amphidomataceae	Azadinium	Azadinium polongum
ASV_3678	Eukaryota	no_hit	unknown	Dinophyceae	Gymnodiniales	Gymnodiniaceae	Lepidodinium	Lepidodinium viride
ASV_3679	Eukaryota	no_hit	unknown	Dinophyceae	Syndiniales	Amoebophryaceae	Amoebophrya	no_hit
ASV_3680	Eukaryota	no_hit	Ciliophora	Oligohymenophorea	Philasterida	Loxocephalidae	no_hit	no_hit
ASV_3681	Eukaryota	no_hit	unknown	unknown	unknown	unknown	unknown	uncultured marine eukaryote
ASV_3682	no_hit	no_hit	no_hit	no_hit	no_hit	no_hit	no_hit	no_hit
ASV_3683	Eukaryota	no_hit	unknown	Dinophyceae	Syndiniales	Amoebophryaceae	Amoebophrya	no_hit
ASV_3684	Eukaryota	no_hit	Euglenozoa	unknown	Diplonemea	unknown	unknown	Diplonemida sp. 21sb RG-2016
ASV_3685	Eukaryota	no_hit	unknown	Bigyra	Thraustochytrida	Thraustochytriaceae	no_hit	no_hit
ASV_3686	Eukaryota	no_hit	unknown	Dinophyceae	Syndiniales	Amoebophryaceae	Amoebophrya	no_hit
ASV_3687	Eukaryota	no_hit	unknown	Dinophyceae	Peridiniales	Peridiniaceae	Scrippsiella	no_hit
ASV_3688	Eukaryota	no_hit	unknown	Dinophyceae	Peridiniales	Protoperidiniaceae	Protoperidinium	Protoperidinium divergens
ASV_3689	Eukaryota	no_hit	unknown	Dinophyceae	Syndiniales	unknown	Ichthyodinium	Ichthyodinium chabelardi
ASV_3690	Eukaryota	no_hit	unknown	Dinophyceae	Syndiniales	Duboscquellidae	Duboscquella	no_hit
ASV_3691	Eukaryota	no_hit	Cercozoa	unknown	unknown	Massisteriidae	Massisteria	Massisteria marina
ASV_3692	Eukaryota	no_hit	unknown	Polycystinea	Nassellaria	Plagiacanthidae	Cladoscenium	Cladoscenium tricolpium
ASV_3693	Eukaryota	no_hit	unknown	unknown	unknown	unknown	unknown	uncultured marine picoeukaryote
ASV_3694	Eukaryota	no_hit	Ciliophora	Spirotrichea	Tintinnida	Tintinnidae	Eutintinnus	Eutintinnus fraknoi
ASV_3695	no_hit	no_hit	no_hit	no_hit	no_hit	no_hit	no_hit	no_hit
ASV_3696	Eukaryota	no_hit	unknown	Bolidophyceae	Parmales	Triparmaceae	Triparma	Triparma pacifica
ASV_3697	Eukaryota	no_hit	unknown	Dinophyceae	Syndiniales	Amoebophryaceae	Amoebophrya	no_hit
ASV_3698	Eukaryota	no_hit	unknown	Bigyra	Oblongichytrida	unknown	Oblongichytrium	Oblongichytrium sp. BAFCcult 3519
ASV_3699	Eukaryota	no_hit	unknown	Dinophyceae	Syndiniales	Amoebophryaceae	Amoebophrya	no_hit
ASV_3700	Eukaryota	no_hit	no_hit	no_hit	no_hit	no_hit	no_hit	no_hit
ASV_3701	Eukaryota	no_hit	unknown	Dinophyceae	no_hit	no_hit	no_hit	no_hit
ASV_3702	Eukaryota	no_hit	Foraminifera	unknown	Rotaliida	no_hit	no_hit	no_hit
ASV_3703	Eukaryota	no_hit	Ciliophora	Spirotrichea	Choreotrichida	Strobilidiidae	Pelagostrobilidium	no_hit
ASV_3704	Eukaryota	no_hit	Bacillariophyta	Bacillariophyceae	Naviculales	Naviculaceae	Navicula	no_hit
ASV_3705	Eukaryota	no_hit	unknown	Dinophyceae	Syndiniales	no_hit	no_hit	no_hit
ASV_3706	Eukaryota	no_hit	unknown	Dinophyceae	no_hit	no_hit	no_hit	no_hit
ASV_3707	Eukaryota	no_hit	no_hit	no_hit	no_hit	no_hit	no_hit	no_hit
ASV_3708	Eukaryota	no_hit	no_hit	no_hit	no_hit	no_hit	no_hit	no_hit
ASV_3709	no_hit	no_hit	no_hit	no_hit	no_hit	no_hit	no_hit	no_hit
ASV_3710	Eukaryota	no_hit	Ciliophora	Spirotrichea	Choreotrichida	Strombidinopsidae	Strombidinopsis	Strombidinopsis sp. NSMS0601
ASV_3711	Eukaryota	no_hit	Imbricatea	unknown	Thaumatomonadida	Thaumatomastigidae	Protaspis	Protaspis sp. CC-2009a
ASV_3712	Eukaryota	no_hit	Ciliophora	Colpodea	unknown	unknown	unknown	Uncultured marine colpodean ciliate DH147-EKD23
ASV_3713	Eukaryota	no_hit	unknown	Dinophyceae	no_hit	no_hit	no_hit	no_hit
ASV_3714	Eukaryota	no_hit	unknown	Dinophyceae	no_hit	no_hit	no_hit	no_hit
ASV_3715	Eukaryota	no_hit	unknown	Polycystinea	no_hit	no_hit	no_hit	no_hit
ASV_3716	Eukaryota	no_hit	unknown	Dinophyceae	Syndiniales	no_hit	no_hit	no_hit
ASV_3717	Eukaryota	Metazoa	Bryozoa	Gymnolaemata	Ctenostomatida	Triticellidae	Triticella	Triticella pedicellata
ASV_3718	no_hit	no_hit	no_hit	no_hit	no_hit	no_hit	no_hit	no_hit
ASV_3719	Eukaryota	Metazoa	Chordata	Actinopteri	Siluriformes	no_hit	no_hit	no_hit
ASV_3720	no_hit	no_hit	no_hit	no_hit	no_hit	no_hit	no_hit	no_hit
ASV_3721	Eukaryota	no_hit	Euglenozoa	unknown	Diplonemea	unknown	unknown	Diplonemida sp. 21sb RG-2016
ASV_3722	Eukaryota	no_hit	unknown	Dinophyceae	Syndiniales	no_hit	no_hit	no_hit
ASV_3723	Eukaryota	no_hit	unknown	Dinophyceae	Syndiniales	Duboscquellidae	Duboscquella	no_hit
ASV_3724	Eukaryota	no_hit	no_hit	no_hit	no_hit	no_hit	no_hit	no_hit
ASV_3725	Eukaryota	no_hit	unknown	unknown	unknown	unknown	unknown	uncultured marine eukaryote
ASV_3726	Eukaryota	no_hit	unknown	unknown	unknown	unknown	unknown	Stramenopiles sp. MAST-4E-sp1
ASV_3727	Eukaryota	no_hit	unknown	Cryptophyceae	Pyrenomonadales	Geminigeraceae	Proteomonas	no_hit
ASV_3728	Eukaryota	no_hit	unknown	Polycystinea	no_hit	no_hit	no_hit	no_hit
ASV_3729	Eukaryota	no_hit	unknown	Dinophyceae	Syndiniales	Amoebophryaceae	Amoebophrya	no_hit
ASV_3730	Eukaryota	no_hit	Euglenozoa	unknown	Diplonemea	unknown	unknown	Diplonemida sp. 1sb RG-2016
ASV_3731	Eukaryota	no_hit	unknown	Acantharea	Chaunacanthida	unknown	unknown	Chaunacanthid sp. 6200
ASV_3732	Eukaryota	no_hit	unknown	Dinophyceae	no_hit	no_hit	no_hit	no_hit
ASV_3733	no_hit	no_hit	no_hit	no_hit	no_hit	no_hit	no_hit	no_hit
ASV_3734	Eukaryota	no_hit	unknown	Dinophyceae	Syndiniales	Amoebophryaceae	Amoebophrya	no_hit
ASV_3735	Eukaryota	Viridiplantae	Chlorophyta	Mamiellophyceae	Mamiellales	Bathycoccaceae	Bathycoccus	Bathycoccus prasinos
ASV_3736	Eukaryota	no_hit	unknown	Centroplasthelida	unknown	unknown	Meringosphaera	Meringosphaera mediterranea
ASV_3737	Eukaryota	no_hit	no_hit	no_hit	no_hit	no_hit	no_hit	no_hit
ASV_3738	Eukaryota	no_hit	unknown	Dinophyceae	Syndiniales	no_hit	no_hit	no_hit
ASV_3739	Eukaryota	no_hit	Euglenozoa	unknown	Diplonemea	unknown	unknown	Diplonemida sp. 37 RG-2016
ASV_3740	Eukaryota	no_hit	unknown	Dinophyceae	Syndiniales	no_hit	no_hit	no_hit
ASV_3741	Eukaryota	no_hit	unknown	Dinophyceae	Syndiniales	Amoebophryaceae	Amoebophrya	no_hit
ASV_3742	Eukaryota	no_hit	unknown	unknown	unknown	unknown	unknown	uncultured marine picoeukaryote
ASV_3743	Eukaryota	Metazoa	Arthropoda	Hexanauplia	Calanoida	Paracalanidae	Paracalanus	Paracalanus parvus
ASV_3744	Eukaryota	no_hit	Endomyxa	Ascetosporea	Paradiniida	unknown	Paradinium	Paradinium poucheti
ASV_3745	Eukaryota	no_hit	unknown	Dinophyceae	no_hit	no_hit	no_hit	no_hit
ASV_3746	Eukaryota	no_hit	unknown	Dinophyceae	Peridiniales	Peridiniaceae	no_hit	no_hit
ASV_3747	Eukaryota	no_hit	Bacillariophyta	Coscinodiscophyceae	Melosirales	Stephanopyxidaceae	Stephanopyxis	Stephanopyxis turris
ASV_3748	Eukaryota	no_hit	unknown	Bolidophyceae	Parmales	Triparmaceae	Triparma	Triparma pacifica
ASV_3749	Eukaryota	no_hit	unknown	unknown	unknown	unknown	unknown	uncultured marine eukaryote
ASV_3750	Eukaryota	no_hit	unknown	Bigyra	Thraustochytrida	Thraustochytriaceae	Thraustochytrium	Thraustochytrium multirudimentale
ASV_3751	Eukaryota	no_hit	unknown	unknown	unknown	unknown	unknown	uncultured marine picoeukaryote
ASV_3752	Eukaryota	no_hit	Euglenozoa	unknown	Diplonemea	no_hit	no_hit	no_hit
ASV_3753	Eukaryota	no_hit	unknown	unknown	unknown	unknown	unknown	uncultured marine picoeukaryote
ASV_3754	Eukaryota	Metazoa	Chordata	Appendicularia	Copelata	Fritillariidae	Fritillaria <tunicates>	Fritillaria charybdae
ASV_3755	Eukaryota	no_hit	unknown	unknown	unknown	unknown	unknown	eukaryote clone OLI11032
ASV_3756	Eukaryota	no_hit	unknown	unknown	unknown	unknown	unknown	eukaryote clone OLI11010
ASV_3757	Eukaryota	no_hit	unknown	Dinophyceae	Syndiniales	Amoebophryaceae	Amoebophrya	no_hit
ASV_3758	Eukaryota	no_hit	unknown	Dinophyceae	no_hit	no_hit	no_hit	no_hit
ASV_3759	Eukaryota	no_hit	Discosea	Flabellinia	Dactylopodida	Paramoebidae	Korotnevella	Korotnevella stella
ASV_3760	Eukaryota	no_hit	unknown	Polycystinea	Spumellaria	Actinommidae	Hexacontium	no_hit
ASV_3761	Eukaryota	no_hit	unknown	unknown	unknown	unknown	unknown	Uncultured marine alveolate Group I DH144-EKD3
ASV_3762	Eukaryota	no_hit	no_hit	no_hit	no_hit	no_hit	no_hit	no_hit
ASV_3763	Eukaryota	no_hit	unknown	Polycystinea	no_hit	no_hit	no_hit	no_hit
ASV_3764	no_hit	no_hit	no_hit	no_hit	no_hit	no_hit	no_hit	no_hit
ASV_3765	no_hit	no_hit	no_hit	no_hit	no_hit	no_hit	no_hit	no_hit
ASV_3766	Eukaryota	no_hit	Haptophyta	unknown	Prymnesiales	Chrysochromulinaceae	Chrysochromulina	Chrysochromulina andersonii
ASV_3767	no_hit	no_hit	no_hit	no_hit	no_hit	no_hit	no_hit	no_hit
ASV_3768	Eukaryota	Viridiplantae	Chlorophyta	Chlorodendrophyceae	Chlorodendrales	Chlorodendraceae	Tetraselmis	no_hit
ASV_3769	Eukaryota	no_hit	unknown	Cryptophyceae	Pyrenomonadales	Geminigeraceae	Teleaulax	Teleaulax amphioxeia
ASV_3770	Eukaryota	no_hit	unknown	Dinophyceae	Syndiniales	Amoebophryaceae	Amoebophrya	no_hit
ASV_3771	Eukaryota	no_hit	unknown	Bigyra	Thraustochytrida	Thraustochytriaceae	Phycophthorum	Phycophthorum isakeiti
ASV_3772	Eukaryota	no_hit	Bacillariophyta	Coscinodiscophyceae	Melosirales	Stephanopyxidaceae	Stephanopyxis	Stephanopyxis turris
ASV_3773	Eukaryota	no_hit	unknown	Dinophyceae	Syndiniales	Amoebophryaceae	Amoebophrya	no_hit
ASV_3774	no_hit	no_hit	no_hit	no_hit	no_hit	no_hit	no_hit	no_hit
ASV_3775	Eukaryota	no_hit	Bacillariophyta	Coscinodiscophyceae	Melosirales	Stephanopyxidaceae	Stephanopyxis	Stephanopyxis turris
ASV_3776	Eukaryota	no_hit	no_hit	no_hit	no_hit	no_hit	no_hit	no_hit
ASV_3777	no_hit	no_hit	no_hit	no_hit	no_hit	no_hit	no_hit	no_hit
ASV_3778	Eukaryota	no_hit	unknown	Dinophyceae	no_hit	no_hit	no_hit	no_hit
ASV_3779	Eukaryota	no_hit	unknown	Dinophyceae	Syndiniales	Amoebophryaceae	Amoebophrya	no_hit
ASV_3780	Eukaryota	no_hit	no_hit	no_hit	no_hit	no_hit	no_hit	no_hit
ASV_3781	Eukaryota	no_hit	unknown	Polycystinea	Nassellaria	Pterocorythidae	no_hit	no_hit
ASV_3782	Eukaryota	no_hit	unknown	Dinophyceae	Syndiniales	Duboscquellidae	Duboscquella	no_hit
ASV_3783	Eukaryota	no_hit	unknown	unknown	Telonemida	no_hit	no_hit	no_hit
ASV_3784	Eukaryota	no_hit	unknown	Acantharea	no_hit	no_hit	no_hit	no_hit
ASV_3785	Eukaryota	no_hit	unknown	Dinophyceae	Syndiniales	Amoebophryaceae	Amoebophrya	no_hit
ASV_3786	Eukaryota	no_hit	Euglenozoa	unknown	Diplonemea	no_hit	no_hit	no_hit
ASV_3787	Eukaryota	no_hit	unknown	Bigyra	Nanomonadea	unknown	Solenicola	no_hit
ASV_3788	Eukaryota	no_hit	unknown	unknown	unknown	unknown	unknown	Uncultured marine alveolate Group II DH145-EKD20
ASV_3789	Eukaryota	no_hit	unknown	Dinophyceae	Syndiniales	Amoebophryaceae	Amoebophrya	no_hit
ASV_3790	no_hit	no_hit	no_hit	no_hit	no_hit	no_hit	no_hit	no_hit
ASV_3791	Eukaryota	no_hit	unknown	unknown	unknown	unknown	unknown	eukaryote clone OLI11032
ASV_3792	Eukaryota	Metazoa	Annelida	Polychaeta	Phyllodocida	Typhloscolecidae	Typhloscolex	no_hit
ASV_3793	Eukaryota	no_hit	Cercozoa	Chlorarachniophyceae	unknown	unknown	Norrisiella	Norrisiella sphaerica
ASV_3794	Eukaryota	no_hit	no_hit	no_hit	no_hit	no_hit	no_hit	no_hit
ASV_3795	Eukaryota	no_hit	unknown	unknown	unknown	unknown	unknown	Uncultured marine alveolate Group II DH145-EKD20
ASV_3796	Eukaryota	no_hit	unknown	Dinophyceae	no_hit	no_hit	no_hit	no_hit
ASV_3797	Eukaryota	no_hit	unknown	Dinophyceae	Syndiniales	Amoebophryaceae	Amoebophrya	no_hit
ASV_3798	Eukaryota	no_hit	unknown	Dinophyceae	Peridiniales	no_hit	no_hit	no_hit
ASV_3799	Eukaryota	Metazoa	Annelida	Polychaeta	Terebellida	Terebellidae	no_hit	no_hit
ASV_3800	Eukaryota	no_hit	unknown	unknown	unknown	unknown	unknown	Uncultured marine alveolate Group I DH144-EKD3
ASV_3801	no_hit	no_hit	no_hit	no_hit	no_hit	no_hit	no_hit	no_hit
ASV_3802	Eukaryota	Metazoa	Chordata	Appendicularia	Copelata	Fritillariidae	Fritillaria <tunicates>	Fritillaria helenae
ASV_3803	Eukaryota	no_hit	unknown	Polycystinea	no_hit	no_hit	no_hit	no_hit
ASV_3804	Eukaryota	no_hit	unknown	Dinophyceae	Syndiniales	Amoebophryaceae	Amoebophrya	no_hit
ASV_3805	Eukaryota	no_hit	unknown	Polycystinea	no_hit	no_hit	no_hit	no_hit
ASV_3806	Eukaryota	no_hit	unknown	Dinophyceae	no_hit	no_hit	no_hit	no_hit
ASV_3807	Eukaryota	no_hit	Apicomplexa	Conoidasida	no_hit	no_hit	no_hit	no_hit
ASV_3808	Eukaryota	no_hit	unknown	Dinophyceae	Syndiniales	Amoebophryaceae	Amoebophrya	no_hit
ASV_3809	Eukaryota	no_hit	unknown	Polycystinea	no_hit	no_hit	no_hit	no_hit
ASV_3810	Eukaryota	Viridiplantae	Chlorophyta	Pyramimonadophyceae	Pyramimonadales	Pyramimonadaceae	Pterosperma	Pterosperma cristatum
ASV_3811	Eukaryota	Metazoa	Chordata	Thaliacea	Pyrosomata	Pyrosomatidae	Pyrosoma	Pyrosoma atlanticum
ASV_3812	Eukaryota	no_hit	Cercozoa	no_hit	no_hit	no_hit	no_hit	no_hit
ASV_3813	Eukaryota	no_hit	unknown	Dinophyceae	no_hit	no_hit	no_hit	no_hit
ASV_3814	Eukaryota	no_hit	Ciliophora	Spirotrichea	no_hit	no_hit	no_hit	no_hit
ASV_3815	Eukaryota	no_hit	Bacillariophyta	Coscinodiscophyceae	Coscinodiscales	Hemidiscaceae	no_hit	no_hit
ASV_3816	Eukaryota	no_hit	unknown	unknown	unknown	unknown	unknown	uncultured marine picoeukaryote
ASV_3817	no_hit	no_hit	no_hit	no_hit	no_hit	no_hit	no_hit	no_hit
ASV_3818	Eukaryota	no_hit	unknown	Dictyochophyceae	Pedinellales	unknown	Pedinella	Pedinella sp. squamata
ASV_3819	Eukaryota	Fungi	Mucoromycota	no_hit	no_hit	no_hit	no_hit	no_hit
ASV_3820	Eukaryota	no_hit	no_hit	no_hit	no_hit	no_hit	no_hit	no_hit
ASV_3821	Eukaryota	no_hit	unknown	Dinophyceae	no_hit	no_hit	no_hit	no_hit
ASV_3822	Eukaryota	no_hit	unknown	unknown	unknown	unknown	unknown	eukaryote clone OLI11009
ASV_3823	Eukaryota	no_hit	no_hit	no_hit	no_hit	no_hit	no_hit	no_hit
ASV_3824	Eukaryota	no_hit	unknown	Dinophyceae	Syndiniales	Amoebophryaceae	Amoebophrya	no_hit
ASV_3825	Eukaryota	no_hit	unknown	Dinophyceae	Peridiniales	Protoperidiniaceae	Protoperidinium	Protoperidinium leonis
ASV_3826	Eukaryota	no_hit	no_hit	no_hit	no_hit	no_hit	no_hit	no_hit
ASV_3827	Eukaryota	no_hit	unknown	Dinophyceae	Syndiniales	no_hit	no_hit	no_hit
ASV_3828	Eukaryota	no_hit	unknown	unknown	unknown	unknown	Telonemia	no_hit
ASV_3829	Eukaryota	no_hit	no_hit	no_hit	no_hit	no_hit	no_hit	no_hit
ASV_3830	Eukaryota	no_hit	unknown	Dinophyceae	Syndiniales	no_hit	no_hit	no_hit
ASV_3831	Eukaryota	no_hit	unknown	Dinophyceae	Peridiniales	Peridiniaceae	Peridinium	no_hit
ASV_3832	Eukaryota	no_hit	unknown	Dinophyceae	Syndiniales	Amoebophryaceae	Amoebophrya	no_hit
ASV_3833	no_hit	no_hit	no_hit	no_hit	no_hit	no_hit	no_hit	no_hit
ASV_3834	Eukaryota	no_hit	unknown	Dinophyceae	no_hit	no_hit	no_hit	no_hit
ASV_3835	Eukaryota	no_hit	unknown	unknown	unknown	unknown	unknown	uncultured marine picoeukaryote
ASV_3836	Eukaryota	no_hit	unknown	Dinophyceae	no_hit	no_hit	no_hit	no_hit
ASV_3837	Eukaryota	no_hit	unknown	Dinophyceae	Syndiniales	Amoebophryaceae	Amoebophrya	no_hit
ASV_3838	Eukaryota	no_hit	no_hit	no_hit	no_hit	no_hit	no_hit	no_hit
ASV_3839	Eukaryota	Metazoa	Nemertea	Enopla	Monostilifera	no_hit	no_hit	no_hit
ASV_3840	Eukaryota	no_hit	unknown	Dinophyceae	Syndiniales	no_hit	no_hit	no_hit
ASV_3841	Eukaryota	no_hit	no_hit	no_hit	no_hit	no_hit	no_hit	no_hit
ASV_3842	Eukaryota	no_hit	Imbricatea	unknown	Thaumatomonadida	unknown	Esquamula	Esquamula lacrimiformis
ASV_3843	no_hit	no_hit	no_hit	no_hit	no_hit	no_hit	no_hit	no_hit
ASV_3844	Eukaryota	no_hit	unknown	unknown	unknown	unknown	unknown	Uncultured marine alveolate Group I DH144-EKD3
ASV_3845	Eukaryota	no_hit	no_hit	no_hit	no_hit	no_hit	no_hit	no_hit
ASV_3846	Eukaryota	no_hit	unknown	Acantharea	Arthracanthida	Phyllostauridae	Acanthostaurus	Acanthostaurus nordgaardi
ASV_3847	Eukaryota	no_hit	Ciliophora	Spirotrichea	Tintinnida	no_hit	no_hit	no_hit
ASV_3848	Eukaryota	no_hit	Ciliophora	Spirotrichea	Stichotrichida	Amphisiellidae	Amphisiella	no_hit
ASV_3849	Eukaryota	no_hit	unknown	Dinophyceae	Syndiniales	no_hit	no_hit	no_hit
ASV_3850	Eukaryota	no_hit	unknown	Cryptophyceae	Pyrenomonadales	Geminigeraceae	Geminigera	Geminigera cryophila
ASV_3851	Eukaryota	no_hit	unknown	Polycystinea	no_hit	no_hit	no_hit	no_hit
ASV_3852	Eukaryota	no_hit	Ciliophora	Spirotrichea	unknown	Tontoniidae	Pseudotontonia	Pseudotontonia simplicidens
ASV_3853	Eukaryota	no_hit	Euglenozoa	unknown	Diplonemea	unknown	unknown	Diplonemida sp. 3 RG-2016
ASV_3854	Eukaryota	no_hit	unknown	Dinophyceae	Syndiniales	Amoebophryaceae	Amoebophrya	no_hit
ASV_3855	Eukaryota	no_hit	unknown	Dinophyceae	Syndiniales	Amoebophryaceae	Amoebophrya	no_hit
ASV_3856	no_hit	no_hit	no_hit	no_hit	no_hit	no_hit	no_hit	no_hit
ASV_3857	Eukaryota	no_hit	unknown	Dinophyceae	no_hit	no_hit	no_hit	no_hit
ASV_3858	Eukaryota	no_hit	unknown	Polycystinea	no_hit	no_hit	no_hit	no_hit
ASV_3859	Eukaryota	no_hit	unknown	Dinophyceae	no_hit	no_hit	no_hit	no_hit
ASV_3860	Eukaryota	Metazoa	Annelida	Polychaeta	Phyllodocida	Alciopidae	Vanadis	no_hit
ASV_3861	no_hit	no_hit	no_hit	no_hit	no_hit	no_hit	no_hit	no_hit
ASV_3862	Eukaryota	no_hit	unknown	Dinophyceae	no_hit	no_hit	no_hit	no_hit
ASV_3863	Eukaryota	Viridiplantae	Prasinodermophyta	Prasinodermophyceae	Prasinodermales	Prasinodermaceae	Prasinoderma	no_hit
ASV_3864	Eukaryota	no_hit	Imbricatea	unknown	Thaumatomonadida	Thaumatomastigidae	Protaspis	Protaspis sp. CC-2009a
ASV_3865	Eukaryota	no_hit	unknown	Cryptophyceae	Pyrenomonadales	Chroomonadaceae	Falcomonas	Falcomonas daucoides
ASV_3866	Eukaryota	no_hit	unknown	Dinophyceae	no_hit	no_hit	no_hit	no_hit
ASV_3867	Eukaryota	no_hit	Haptophyta	unknown	unknown	unknown	Chrysoculter	Chrysoculter rhomboideus
ASV_3868	Eukaryota	no_hit	Ciliophora	Oligohymenophorea	Apostomatida	Foettingeriidae	Hyalophysa	Hyalophysa chattoni
ASV_3869	Eukaryota	no_hit	Cercozoa	unknown	unknown	unknown	Cyranomonas	Cyranomonas australis
ASV_3870	no_hit	no_hit	no_hit	no_hit	no_hit	no_hit	no_hit	no_hit
ASV_3871	Eukaryota	no_hit	no_hit	no_hit	no_hit	no_hit	no_hit	no_hit
ASV_3872	Eukaryota	no_hit	no_hit	no_hit	no_hit	no_hit	no_hit	no_hit
ASV_3873	Eukaryota	no_hit	unknown	Dinophyceae	Peridiniales	Thecadiniaceae	Thecadinium	no_hit
ASV_3874	Eukaryota	no_hit	unknown	Cryptophyceae	Cyathomonadacea	Goniomonadaceae	Goniomonas	no_hit
ASV_3875	Eukaryota	no_hit	no_hit	no_hit	no_hit	no_hit	no_hit	no_hit
ASV_3876	Eukaryota	no_hit	unknown	unknown	unknown	unknown	unknown	Uncultured marine alveolate Group II DH148-EKD27
ASV_3877	Eukaryota	no_hit	unknown	unknown	unknown	unknown	unknown	uncultured marine eukaryote
ASV_3878	Eukaryota	no_hit	unknown	Dinophyceae	no_hit	no_hit	no_hit	no_hit
ASV_3879	Eukaryota	no_hit	no_hit	no_hit	no_hit	no_hit	no_hit	no_hit
ASV_3880	Eukaryota	no_hit	Bacillariophyta	Coscinodiscophyceae	Leptocylindrales	Leptocylindraceae	Leptocylindrus	no_hit
ASV_3881	Eukaryota	no_hit	unknown	Dinophyceae	Syndiniales	Amoebophryaceae	Amoebophrya	no_hit
ASV_3882	no_hit	no_hit	no_hit	no_hit	no_hit	no_hit	no_hit	no_hit
ASV_3883	Eukaryota	no_hit	no_hit	no_hit	no_hit	no_hit	no_hit	no_hit
ASV_3884	Eukaryota	no_hit	Bacillariophyta	Coscinodiscophyceae	Chaetocerotales	Chaetocerotaceae	Chaetoceros	no_hit
ASV_3885	Eukaryota	no_hit	Euglenozoa	unknown	Diplonemea	unknown	unknown	Diplonemida sp. 13 RG-2016
ASV_3886	Eukaryota	no_hit	Cercozoa	no_hit	no_hit	no_hit	no_hit	no_hit
ASV_3887	Eukaryota	Metazoa	Arthropoda	Hexanauplia	Poecilostomatoida	Clausidiidae	no_hit	no_hit
ASV_3888	Eukaryota	no_hit	Cercozoa	Thecofilosea	unknown	unknown	Mataza	Mataza hastifera
ASV_3889	Eukaryota	no_hit	unknown	Dinophyceae	Syndiniales	Amoebophryaceae	Amoebophrya	no_hit
ASV_3890	Eukaryota	no_hit	unknown	Dinophyceae	Peridiniales	Protoperidiniaceae	Protoperidinium	Protoperidinium leonis
ASV_3891	Eukaryota	no_hit	unknown	Dinophyceae	no_hit	no_hit	no_hit	no_hit
ASV_3892	Eukaryota	no_hit	unknown	Dinophyceae	Syndiniales	Duboscquellidae	Duboscquella	no_hit
ASV_3893	Eukaryota	no_hit	unknown	Dinophyceae	Syndiniales	Amoebophryaceae	Amoebophrya	no_hit
ASV_3894	Eukaryota	Metazoa	Rotifera	Eurotatoria	Ploima	no_hit	no_hit	no_hit
ASV_3895	Eukaryota	no_hit	unknown	Dinophyceae	Gonyaulacales	Amphidomataceae	Azadinium	no_hit
ASV_3896	Eukaryota	no_hit	unknown	Dinophyceae	Syndiniales	Amoebophryaceae	Amoebophrya	no_hit
ASV_3897	Eukaryota	no_hit	unknown	Dinophyceae	Peridiniales	Peridiniaceae	Pentapharsodinium	Pentapharsodinium tyrrhenicum
ASV_3898	Eukaryota	no_hit	unknown	Choanoflagellata	no_hit	no_hit	no_hit	no_hit
ASV_3899	no_hit	no_hit	no_hit	no_hit	no_hit	no_hit	no_hit	no_hit
ASV_3900	Eukaryota	no_hit	unknown	unknown	Telonemida	unknown	Telonema	no_hit
ASV_3901	Eukaryota	no_hit	Haptophyta	unknown	Phaeocystales	Phaeocystaceae	Phaeocystis	no_hit
ASV_3902	Eukaryota	no_hit	unknown	Polycystinea	Spumellaria	Actinommidae	Hexacontium	no_hit
ASV_3903	Eukaryota	no_hit	no_hit	no_hit	no_hit	no_hit	no_hit	no_hit
ASV_3904	Eukaryota	no_hit	unknown	Dinophyceae	Syndiniales	Amoebophryaceae	Amoebophrya	no_hit
ASV_3905	Eukaryota	no_hit	unknown	Polycystinea	no_hit	no_hit	no_hit	no_hit
ASV_3906	Eukaryota	no_hit	Ciliophora	Oligohymenophorea	Philasterida	Loxocephalidae	Kariphilus	Kariphilus muscorum
ASV_3907	Eukaryota	no_hit	unknown	Dinophyceae	unknown	unknown	Theleodinium	Theleodinium calcisporum
ASV_3908	Eukaryota	no_hit	unknown	Dinophyceae	Syndiniales	Amoebophryaceae	Amoebophrya	no_hit
ASV_3909	Eukaryota	no_hit	unknown	Dinophyceae	Peridiniales	Peridiniaceae	Pentapharsodinium	Pentapharsodinium tyrrhenicum
ASV_3910	Eukaryota	no_hit	unknown	Dinophyceae	no_hit	no_hit	no_hit	no_hit
ASV_3911	Eukaryota	no_hit	Haptophyta	unknown	Zygodiscales	Braarudosphaeraceae	Braarudosphaera	Braarudosphaera bigelowii
ASV_3912	Eukaryota	no_hit	Cercozoa	Thecofilosea	Cryomonadida	Protaspidae	Cryothecomonas	Cryothecomonas longipes
ASV_3913	Eukaryota	no_hit	unknown	Dinophyceae	Syndiniales	no_hit	no_hit	no_hit
ASV_3914	Eukaryota	no_hit	no_hit	no_hit	no_hit	no_hit	no_hit	no_hit
ASV_3915	Eukaryota	Metazoa	Chordata	Appendicularia	Copelata	Fritillariidae	Fritillaria <tunicates>	no_hit
ASV_3916	Eukaryota	no_hit	Bacillariophyta	Bacillariophyceae	Cocconeidales	Achnanthidiaceae	Achnanthidium	Achnanthidium minutissimum
ASV_3917	Eukaryota	no_hit	Ciliophora	Oligohymenophorea	Philasterida	Cinetochilidae	Pseudoplatynematum	Pseudoplatynematum denticulatum
ASV_3918	no_hit	no_hit	no_hit	no_hit	no_hit	no_hit	no_hit	no_hit
ASV_3919	Eukaryota	no_hit	Imbricatea	unknown	Thaumatomonadida	no_hit	no_hit	no_hit
ASV_3920	Eukaryota	no_hit	unknown	Dinophyceae	Syndiniales	no_hit	no_hit	no_hit
ASV_3921	Eukaryota	no_hit	unknown	Dinophyceae	Syndiniales	Amoebophryaceae	Amoebophrya	no_hit
ASV_3922	Eukaryota	no_hit	unknown	unknown	unknown	unknown	unknown	uncultured marine picoeukaryote
ASV_3923	Eukaryota	no_hit	unknown	Dinophyceae	Syndiniales	no_hit	no_hit	no_hit
ASV_3924	Eukaryota	no_hit	unknown	Dinophyceae	Syndiniales	Amoebophryaceae	Amoebophrya	no_hit
ASV_3925	Eukaryota	Viridiplantae	Chlorophyta	no_hit	no_hit	no_hit	no_hit	no_hit
ASV_3926	no_hit	no_hit	no_hit	no_hit	no_hit	no_hit	no_hit	no_hit
ASV_3927	Eukaryota	no_hit	no_hit	no_hit	no_hit	no_hit	no_hit	no_hit
ASV_3928	Eukaryota	no_hit	unknown	Dinophyceae	no_hit	no_hit	no_hit	no_hit
ASV_3929	Eukaryota	no_hit	unknown	Dinophyceae	Syndiniales	Amoebophryaceae	Amoebophrya	no_hit
ASV_3930	Eukaryota	no_hit	unknown	Dinophyceae	Gonyaulacales	Goniodomataceae	Gambierdiscus	no_hit
ASV_3931	Eukaryota	no_hit	unknown	Dinophyceae	unknown	unknown	unknown	Dinophyceae sp. ex Thalassicolla nucleata
ASV_3932	Eukaryota	no_hit	Ciliophora	Spirotrichea	Tintinnida	no_hit	no_hit	no_hit
ASV_3933	no_hit	no_hit	no_hit	no_hit	no_hit	no_hit	no_hit	no_hit
ASV_3934	Eukaryota	no_hit	unknown	Dinophyceae	Gonyaulacales	Goniodomataceae	Gambierdiscus	no_hit
ASV_3935	Eukaryota	no_hit	unknown	unknown	unknown	unknown	unknown	Uncultured marine alveolate Group I DH145-EKD10
ASV_3936	Eukaryota	no_hit	unknown	Dinophyceae	Syndiniales	Amoebophryaceae	Amoebophrya	no_hit
ASV_3937	Eukaryota	Metazoa	Chordata	Appendicularia	Copelata	Fritillariidae	Fritillaria <tunicates>	no_hit
ASV_3938	Eukaryota	no_hit	no_hit	no_hit	no_hit	no_hit	no_hit	no_hit
ASV_3939	Eukaryota	no_hit	no_hit	no_hit	no_hit	no_hit	no_hit	no_hit
ASV_3940	Eukaryota	no_hit	unknown	Dinophyceae	Peridiniales	no_hit	no_hit	no_hit
ASV_3941	Eukaryota	no_hit	unknown	Dinophyceae	Syndiniales	Amoebophryaceae	Amoebophrya	no_hit
ASV_3942	Eukaryota	no_hit	Euglenozoa	unknown	Diplonemea	Hemistasiidae	Hemistasia	Hemistasia phaeocysticola
ASV_3943	Eukaryota	no_hit	unknown	Dinophyceae	Syndiniales	Amoebophryaceae	Amoebophrya	no_hit
ASV_3944	Eukaryota	no_hit	Apicomplexa	Conoidasida	Eucoccidiorida	Eimeriidae	no_hit	no_hit
ASV_3945	Eukaryota	no_hit	unknown	unknown	unknown	unknown	unknown	uncultured marine eukaryote
ASV_3946	Eukaryota	no_hit	unknown	unknown	unknown	unknown	unknown	uncultured marine eukaryote
ASV_3947	no_hit	no_hit	no_hit	no_hit	no_hit	no_hit	no_hit	no_hit
ASV_3948	Eukaryota	no_hit	unknown	unknown	unknown	unknown	unknown	uncultured marine picoeukaryote
ASV_3949	Eukaryota	no_hit	Cercozoa	unknown	Cercomonadida	Cercomonadidae	no_hit	no_hit
ASV_3950	no_hit	no_hit	no_hit	no_hit	no_hit	no_hit	no_hit	no_hit
ASV_3951	Eukaryota	no_hit	unknown	Dinophyceae	Syndiniales	Amoebophryaceae	Amoebophrya	no_hit
ASV_3952	Eukaryota	no_hit	unknown	Dinophyceae	Syndiniales	no_hit	no_hit	no_hit
ASV_3953	Eukaryota	no_hit	unknown	Dinophyceae	no_hit	no_hit	no_hit	no_hit
ASV_3954	Eukaryota	no_hit	Euglenozoa	unknown	Diplonemea	Diplonemidae	Diplonema	Diplonema sp. ATCC 50232
ASV_3955	Eukaryota	no_hit	unknown	Dinophyceae	Syndiniales	Amoebophryaceae	Amoebophrya	no_hit
ASV_3956	Eukaryota	no_hit	unknown	unknown	unknown	unknown	unknown	uncultured marine eukaryote
ASV_3957	Eukaryota	Metazoa	Annelida	Polychaeta	unknown	Opheliidae	no_hit	no_hit
ASV_3958	Eukaryota	no_hit	unknown	Bigyra	Oblongichytrida	unknown	Oblongichytrium	no_hit
ASV_3959	Eukaryota	Metazoa	Cnidaria	Hydrozoa	Anthoathecata	Corymorphidae	Euphysa	no_hit
ASV_3960	Eukaryota	Metazoa	Cnidaria	Hydrozoa	Siphonophorae	Diphyidae	no_hit	no_hit
ASV_3961	Eukaryota	no_hit	unknown	Dinophyceae	Syndiniales	Amoebophryaceae	Amoebophrya	no_hit
ASV_3962	Eukaryota	no_hit	Euglenozoa	unknown	Diplonemea	unknown	unknown	Diplonemida sp. 37 RG-2016
ASV_3963	no_hit	no_hit	no_hit	no_hit	no_hit	no_hit	no_hit	no_hit
ASV_3964	Eukaryota	no_hit	unknown	Dinophyceae	Syndiniales	Syndiniaceae	Hematodinium	no_hit
ASV_3965	Eukaryota	no_hit	unknown	unknown	unknown	unknown	unknown	eukaryote clone OLI11012
ASV_3966	no_hit	no_hit	no_hit	no_hit	no_hit	no_hit	no_hit	no_hit
ASV_3967	Eukaryota	no_hit	Bacillariophyta	no_hit	no_hit	no_hit	no_hit	no_hit
ASV_3968	Eukaryota	no_hit	unknown	Dinophyceae	Syndiniales	Amoebophryaceae	Amoebophrya	no_hit
ASV_3969	Eukaryota	no_hit	unknown	Dinophyceae	Syndiniales	no_hit	no_hit	no_hit
ASV_3970	Eukaryota	no_hit	Ciliophora	Spirotrichea	Choreotrichida	Strobilidiidae	Pelagostrobilidium	Pelagostrobilidium paraepacrum
ASV_3971	Eukaryota	no_hit	unknown	Dinophyceae	Gymnodiniales	Gymnodiniaceae	Gymnodinium	Gymnodinium litoralis
ASV_3972	Eukaryota	no_hit	no_hit	no_hit	no_hit	no_hit	no_hit	no_hit
ASV_3973	Eukaryota	no_hit	unknown	Dinophyceae	Syndiniales	no_hit	no_hit	no_hit
ASV_3974	no_hit	no_hit	no_hit	no_hit	no_hit	no_hit	no_hit	no_hit
ASV_3975	no_hit	no_hit	no_hit	no_hit	no_hit	no_hit	no_hit	no_hit
ASV_3976	Eukaryota	no_hit	unknown	Polycystinea	no_hit	no_hit	no_hit	no_hit
ASV_3977	Eukaryota	no_hit	unknown	Dinophyceae	Syndiniales	no_hit	no_hit	no_hit
ASV_3978	Eukaryota	no_hit	no_hit	no_hit	no_hit	no_hit	no_hit	no_hit
ASV_3979	Eukaryota	no_hit	unknown	Dinophyceae	Gymnodiniales	Kareniaceae	Karlodinium	no_hit
ASV_3980	Eukaryota	no_hit	unknown	unknown	unknown	unknown	unknown	eukaryote clone OLI11023
ASV_3981	Eukaryota	no_hit	unknown	Dinophyceae	Syndiniales	no_hit	no_hit	no_hit
ASV_3982	Eukaryota	no_hit	unknown	Dinophyceae	Syndiniales	Amoebophryaceae	Amoebophrya	no_hit
ASV_3983	Eukaryota	no_hit	unknown	Dinophyceae	Gonyaulacales	Amphidomataceae	Azadinium	no_hit
ASV_3984	Eukaryota	no_hit	Cercozoa	no_hit	no_hit	no_hit	no_hit	no_hit
ASV_3985	Eukaryota	no_hit	unknown	Dinophyceae	Syndiniales	Amoebophryaceae	Amoebophrya	no_hit
ASV_3986	Eukaryota	no_hit	Ciliophora	Spirotrichea	unknown	Tontoniidae	Pseudotontonia	Pseudotontonia simplicidens
ASV_3987	Eukaryota	no_hit	unknown	unknown	unknown	unknown	unknown	Uncultured marine alveolate Group I DH144-EKD3
ASV_3988	Eukaryota	no_hit	unknown	Dinophyceae	no_hit	no_hit	no_hit	no_hit
ASV_3989	Eukaryota	no_hit	unknown	Dinophyceae	Syndiniales	Amoebophryaceae	Amoebophrya	no_hit
ASV_3990	Eukaryota	no_hit	unknown	Dinophyceae	Syndiniales	Amoebophryaceae	Amoebophrya	no_hit
ASV_3991	Eukaryota	no_hit	Haptophyta	no_hit	no_hit	no_hit	no_hit	no_hit
ASV_3992	Eukaryota	no_hit	unknown	Dinophyceae	Syndiniales	Amoebophryaceae	Amoebophrya	no_hit
ASV_3993	Eukaryota	no_hit	unknown	Dinophyceae	Syndiniales	Eudubosquellidae	Euduboscquella	no_hit
ASV_3994	Eukaryota	no_hit	unknown	unknown	unknown	unknown	unknown	eukaryote clone OLI11261
ASV_3995	Eukaryota	no_hit	Cercozoa	Thecofilosea	Tectofilosida	Chlamydophryidae	Trachyrhizium	Trachyrhizium urniformis
ASV_3996	Eukaryota	no_hit	unknown	Dinophyceae	no_hit	no_hit	no_hit	no_hit
ASV_3997	Eukaryota	no_hit	unknown	unknown	unknown	unknown	unknown	eukaryote clone OLI11009
ASV_3998	Eukaryota	no_hit	unknown	unknown	unknown	unknown	unknown	Uncultured marine alveolate Group I DH145-EKD10
ASV_3999	Eukaryota	no_hit	unknown	Polycystinea	Nassellaria	Artostrobiidae	Botryostrobus	Botryostrobus auritus-australis
ASV_4000	Eukaryota	no_hit	Euglenozoa	unknown	Diplonemea	unknown	unknown	Diplonemida sp. 37 RG-2016
ASV_4001	Eukaryota	no_hit	unknown	Dinophyceae	Syndiniales	Amoebophryaceae	Amoebophrya	no_hit
ASV_4002	Eukaryota	no_hit	unknown	Dinophyceae	Syndiniales	Eudubosquellidae	Euduboscquella	Euduboscquella sp. ex Favella arcuata
ASV_4003	Eukaryota	no_hit	no_hit	no_hit	no_hit	no_hit	no_hit	no_hit
ASV_4004	Eukaryota	no_hit	Bacillariophyta	no_hit	no_hit	no_hit	no_hit	no_hit
ASV_4005	Eukaryota	no_hit	unknown	Dinophyceae	Syndiniales	Amoebophryaceae	Amoebophrya	no_hit
ASV_4006	no_hit	no_hit	no_hit	no_hit	no_hit	no_hit	no_hit	no_hit
ASV_4007	Eukaryota	Metazoa	Annelida	Polychaeta	Sabellida	Sabellariidae	no_hit	no_hit
ASV_4008	Eukaryota	no_hit	unknown	Dinophyceae	Peridiniales	Peridiniaceae	Peridinium	no_hit
ASV_4009	Eukaryota	no_hit	unknown	Dinophyceae	Syndiniales	Amoebophryaceae	Amoebophrya	no_hit
ASV_4010	Eukaryota	no_hit	unknown	Bolidophyceae	Parmales	Triparmaceae	Bolidomonas	Bolidomonas mediterranea
ASV_4011	Eukaryota	no_hit	unknown	Dinophyceae	Syndiniales	Amoebophryaceae	Amoebophrya	no_hit
ASV_4012	Eukaryota	no_hit	unknown	Dinophyceae	Syndiniales	Amoebophryaceae	Amoebophrya	no_hit
ASV_4013	no_hit	no_hit	no_hit	no_hit	no_hit	no_hit	no_hit	no_hit
ASV_4014	Eukaryota	no_hit	no_hit	no_hit	no_hit	no_hit	no_hit	no_hit
ASV_4015	no_hit	no_hit	no_hit	no_hit	no_hit	no_hit	no_hit	no_hit
ASV_4016	Eukaryota	no_hit	unknown	Dinophyceae	Syndiniales	Amoebophryaceae	Amoebophrya	no_hit
ASV_4017	Eukaryota	no_hit	unknown	Dinophyceae	Syndiniales	Amoebophryaceae	Amoebophrya	no_hit
ASV_4018	Eukaryota	no_hit	Euglenozoa	unknown	Diplonemea	unknown	unknown	Diplonemida sp. 37 RG-2016
ASV_4019	no_hit	no_hit	no_hit	no_hit	no_hit	no_hit	no_hit	no_hit
ASV_4020	Eukaryota	no_hit	unknown	Dinophyceae	Syndiniales	Duboscquellidae	Duboscquella	no_hit
ASV_4021	Eukaryota	no_hit	Euglenozoa	unknown	Diplonemea	no_hit	no_hit	no_hit
ASV_4022	Eukaryota	no_hit	unknown	unknown	unknown	unknown	unknown	Uncultured marine alveolate Group II DH148-EKD27
ASV_4023	Eukaryota	no_hit	unknown	unknown	unknown	unknown	unknown	uncultured marine picoeukaryote
ASV_4024	Eukaryota	no_hit	unknown	Dinophyceae	no_hit	no_hit	no_hit	no_hit
ASV_4025	Eukaryota	no_hit	unknown	Dinophyceae	Syndiniales	Amoebophryaceae	Amoebophrya	no_hit
ASV_4026	Eukaryota	no_hit	unknown	unknown	unknown	unknown	unknown	uncultured marine eukaryote
ASV_4027	Eukaryota	no_hit	unknown	unknown	unknown	unknown	unknown	uncultured marine eukaryote
ASV_4028	Eukaryota	no_hit	no_hit	no_hit	no_hit	no_hit	no_hit	no_hit
ASV_4029	Eukaryota	no_hit	no_hit	no_hit	no_hit	no_hit	no_hit	no_hit
ASV_4030	no_hit	no_hit	no_hit	no_hit	no_hit	no_hit	no_hit	no_hit
ASV_4031	Eukaryota	no_hit	unknown	unknown	unknown	unknown	unknown	eukaryote clone OLI11055
ASV_4032	no_hit	no_hit	no_hit	no_hit	no_hit	no_hit	no_hit	no_hit
ASV_4033	Eukaryota	no_hit	unknown	Dinophyceae	Syndiniales	Amoebophryaceae	Amoebophrya	no_hit
ASV_4034	Eukaryota	no_hit	unknown	Dinophyceae	Syndiniales	Amoebophryaceae	Amoebophrya	no_hit
ASV_4035	Eukaryota	no_hit	Ciliophora	Spirotrichea	Tintinnida	Tintinnidae	Eutintinnus	Eutintinnus tenuis
ASV_4036	Eukaryota	no_hit	Bacillariophyta	Coscinodiscophyceae	Melosirales	Stephanopyxidaceae	Stephanopyxis	Stephanopyxis turris
ASV_4037	Eukaryota	no_hit	Euglenozoa	unknown	Diplonemea	Hemistasiidae	Hemistasia	Hemistasia phaeocysticola
ASV_4038	Eukaryota	no_hit	no_hit	no_hit	no_hit	no_hit	no_hit	no_hit
ASV_4039	Eukaryota	no_hit	unknown	unknown	unknown	unknown	unknown	uncultured marine eukaryote
ASV_4040	Eukaryota	no_hit	no_hit	no_hit	no_hit	no_hit	no_hit	no_hit
ASV_4041	Eukaryota	no_hit	unknown	Dinophyceae	Syndiniales	Amoebophryaceae	Amoebophrya	no_hit
ASV_4042	Eukaryota	no_hit	unknown	Cryptophyceae	Kathablepharidacea	Katablepharidaceae	no_hit	no_hit
ASV_4043	Eukaryota	no_hit	unknown	Cryptophyceae	Cryptomonadales	Hemiselmidaceae	Hemiselmis	Hemiselmis rufescens
ASV_4044	Eukaryota	no_hit	unknown	Dinophyceae	no_hit	no_hit	no_hit	no_hit
ASV_4045	Eukaryota	no_hit	unknown	unknown	unknown	unknown	unknown	eukaryote clone OLI11032
ASV_4046	Eukaryota	no_hit	unknown	unknown	Pirsoniales	unknown	Pirsonia	Pirsonia guinardiae
ASV_4047	no_hit	no_hit	no_hit	no_hit	no_hit	no_hit	no_hit	no_hit
ASV_4048	Eukaryota	no_hit	unknown	unknown	unknown	unknown	unknown	Stramenopiles sp. MAST-3F-sp1
ASV_4049	no_hit	no_hit	no_hit	no_hit	no_hit	no_hit	no_hit	no_hit
ASV_4050	Eukaryota	no_hit	unknown	Dinophyceae	Blastodiniales	unknown	Blastodinium	no_hit
ASV_4051	Eukaryota	Metazoa	Cnidaria	Anthozoa	Pennatulacea	Virgulariidae	Virgularia	no_hit
ASV_4052	Eukaryota	Metazoa	Porifera	Demospongiae	Suberitida	Halichondriidae	Hymeniacidon	no_hit
ASV_4053	Eukaryota	no_hit	unknown	Dinophyceae	Syndiniales	Amoebophryaceae	Amoebophrya	no_hit
ASV_4054	Eukaryota	no_hit	unknown	Bigyra	Opalinata	Blastocystidae	Blastocystis	no_hit
ASV_4055	Eukaryota	no_hit	unknown	Bigyra	Nanomonadea	unknown	Incisomonas	Incisomonas marina
ASV_4056	no_hit	no_hit	no_hit	no_hit	no_hit	no_hit	no_hit	no_hit
ASV_4057	Eukaryota	no_hit	no_hit	no_hit	no_hit	no_hit	no_hit	no_hit
ASV_4058	Eukaryota	no_hit	Ciliophora	Oligohymenophorea	Philasterida	Loxocephalidae	Kariphilus	Kariphilus muscorum
ASV_4059	Eukaryota	no_hit	unknown	unknown	unknown	unknown	unknown	eukaryote clone OLI11055
ASV_4060	no_hit	no_hit	no_hit	no_hit	no_hit	no_hit	no_hit	no_hit
ASV_4061	Eukaryota	no_hit	unknown	Dinophyceae	Syndiniales	Amoebophryaceae	Amoebophrya	no_hit
ASV_4062	Eukaryota	no_hit	unknown	Dinophyceae	Syndiniales	Amoebophryaceae	Amoebophrya	no_hit
ASV_4063	Eukaryota	no_hit	unknown	Dinophyceae	Syndiniales	no_hit	no_hit	no_hit
ASV_4064	no_hit	no_hit	no_hit	no_hit	no_hit	no_hit	no_hit	no_hit
ASV_4065	Eukaryota	no_hit	unknown	Dinophyceae	Gymnodiniales	Gymnodiniaceae	no_hit	no_hit
ASV_4066	Eukaryota	no_hit	unknown	unknown	unknown	unknown	unknown	uncultured marine picoeukaryote
ASV_4067	Eukaryota	no_hit	no_hit	no_hit	no_hit	no_hit	no_hit	no_hit
ASV_4068	Eukaryota	no_hit	no_hit	no_hit	no_hit	no_hit	no_hit	no_hit
ASV_4069	Eukaryota	no_hit	unknown	Dinophyceae	Syndiniales	Amoebophryaceae	Amoebophrya	no_hit
ASV_4070	Eukaryota	no_hit	unknown	Bigyra	Nanomonadea	unknown	Solenicola	Solenicola setigera
ASV_4071	Eukaryota	no_hit	unknown	Acantharea	no_hit	no_hit	no_hit	no_hit
ASV_4072	no_hit	no_hit	no_hit	no_hit	no_hit	no_hit	no_hit	no_hit
ASV_4073	Eukaryota	no_hit	unknown	Dinophyceae	Syndiniales	no_hit	no_hit	no_hit
ASV_4074	Eukaryota	no_hit	unknown	Cryptophyceae	Pyrenomonadales	Geminigeraceae	Teleaulax	Teleaulax amphioxeia
ASV_4075	Eukaryota	no_hit	unknown	Dinophyceae	Syndiniales	Amoebophryaceae	Amoebophrya	no_hit
ASV_4076	no_hit	no_hit	no_hit	no_hit	no_hit	no_hit	no_hit	no_hit
ASV_4077	Eukaryota	no_hit	unknown	Dinophyceae	Syndiniales	no_hit	no_hit	no_hit
ASV_4078	Eukaryota	no_hit	Ciliophora	Spirotrichea	Choreotrichida	Strobilidiidae	Pelagostrobilidium	no_hit
ASV_4079	no_hit	no_hit	no_hit	no_hit	no_hit	no_hit	no_hit	no_hit
ASV_4080	Eukaryota	no_hit	no_hit	no_hit	no_hit	no_hit	no_hit	no_hit
ASV_4081	Eukaryota	no_hit	Euglenozoa	unknown	Diplonemea	unknown	unknown	Diplonemida sp. 37 RG-2016
ASV_4082	Eukaryota	no_hit	Discosea	Flabellinia	Dactylopodida	Paramoebidae	Korotnevella	no_hit
ASV_4083	Eukaryota	no_hit	Tubulinea	Elardia	Leptomyxida	Flabellulidae	Flabellula	Flabellula pomeranica
ASV_4084	Eukaryota	no_hit	unknown	Dinophyceae	Syndiniales	Amoebophryaceae	Amoebophrya	no_hit
ASV_4085	Eukaryota	no_hit	Apicomplexa	Conoidasida	Eucoccidiorida	Sarcocystidae	Sarcocystis	no_hit
ASV_4086	Eukaryota	no_hit	unknown	Dinophyceae	no_hit	no_hit	no_hit	no_hit
ASV_4087	Eukaryota	no_hit	unknown	unknown	unknown	unknown	unknown	uncultured marine eukaryote
ASV_4088	Eukaryota	Metazoa	Chordata	Appendicularia	Copelata	Fritillariidae	Fritillaria <tunicates>	Fritillaria fagei
ASV_4089	no_hit	no_hit	no_hit	no_hit	no_hit	no_hit	no_hit	no_hit
ASV_4090	Eukaryota	no_hit	no_hit	no_hit	no_hit	no_hit	no_hit	no_hit
ASV_4091	Eukaryota	no_hit	unknown	unknown	unknown	unknown	unknown	Uncultured marine alveolate Group I DH145-EKD10
ASV_4092	Eukaryota	no_hit	unknown	Polycystinea	no_hit	no_hit	no_hit	no_hit
ASV_4093	Eukaryota	no_hit	Perkinsozoa	unknown	Perkinsida	Xcellidae	Salmoxcellia	Salmoxcellia vastator
ASV_4094	Eukaryota	no_hit	unknown	Dinophyceae	Syndiniales	no_hit	no_hit	no_hit
ASV_4095	Eukaryota	no_hit	unknown	Dinophyceae	Syndiniales	Amoebophryaceae	Amoebophrya	no_hit
ASV_4096	Eukaryota	no_hit	unknown	Dinophyceae	Gonyaulacales	Amphidomataceae	Azadinium	Azadinium cuneatum
ASV_4097	Eukaryota	no_hit	unknown	Dinophyceae	no_hit	no_hit	no_hit	no_hit
ASV_4098	Eukaryota	no_hit	unknown	Polycystinea	no_hit	no_hit	no_hit	no_hit
ASV_4099	Eukaryota	no_hit	Ciliophora	Spirotrichea	Choreotrichida	Strobilidiidae	no_hit	no_hit
ASV_4100	Eukaryota	no_hit	unknown	Dinophyceae	Syndiniales	Amoebophryaceae	Amoebophrya	no_hit
ASV_4101	Eukaryota	no_hit	unknown	Dinophyceae	Syndiniales	Amoebophryaceae	Amoebophrya	no_hit
ASV_4102	Eukaryota	no_hit	unknown	unknown	unknown	unknown	unknown	uncultured marine picoeukaryote
ASV_4103	Eukaryota	no_hit	unknown	Dinophyceae	Syndiniales	no_hit	no_hit	no_hit
ASV_4104	Eukaryota	no_hit	Euglenozoa	unknown	Diplonemea	Hemistasiidae	Hemistasia	Hemistasia phaeocysticola
ASV_4105	Eukaryota	no_hit	unknown	unknown	unknown	unknown	unknown	uncultured marine eukaryote
ASV_4106	Eukaryota	no_hit	unknown	unknown	unknown	unknown	unknown	uncultured marine picoeukaryote
ASV_4107	Eukaryota	no_hit	unknown	Bigyra	Oblongichytrida	unknown	Oblongichytrium	no_hit
ASV_4108	Eukaryota	no_hit	no_hit	no_hit	no_hit	no_hit	no_hit	no_hit
ASV_4109	Eukaryota	no_hit	unknown	Dinophyceae	Syndiniales	Amoebophryaceae	Amoebophrya	no_hit
ASV_4110	Eukaryota	no_hit	no_hit	no_hit	no_hit	no_hit	no_hit	no_hit
ASV_4111	Eukaryota	no_hit	unknown	Bigyra	Oblongichytrida	unknown	Oblongichytrium	no_hit
ASV_4112	Eukaryota	no_hit	unknown	Dinophyceae	no_hit	no_hit	no_hit	no_hit
ASV_4113	Eukaryota	no_hit	Foraminifera	unknown	Rotaliida	Cassidulinidae	Evolvocassidulina	Evolvocassidulina orientalis
ASV_4114	Eukaryota	no_hit	unknown	Dinophyceae	Syndiniales	Amoebophryaceae	Amoebophrya	no_hit
ASV_4115	Eukaryota	no_hit	Ciliophora	Oligohymenophorea	Philasterida	Cinetochilidae	Pseudoplatynematum	Pseudoplatynematum denticulatum
ASV_4116	Eukaryota	no_hit	unknown	Acantharea	Chaunacanthida	unknown	unknown	Chaunacanthid sp. 6200
ASV_4117	Eukaryota	no_hit	unknown	Dinophyceae	Syndiniales	no_hit	no_hit	no_hit
ASV_4118	Eukaryota	no_hit	Ciliophora	Spirotrichea	unknown	Tontoniidae	Pseudotontonia	Pseudotontonia sp. JG-2011a
ASV_4119	Eukaryota	no_hit	unknown	unknown	unknown	unknown	unknown	eukaryote clone OLI11016
ASV_4120	no_hit	no_hit	no_hit	no_hit	no_hit	no_hit	no_hit	no_hit
ASV_4121	Eukaryota	no_hit	no_hit	no_hit	no_hit	no_hit	no_hit	no_hit
ASV_4122	Eukaryota	no_hit	unknown	unknown	unknown	unknown	unknown	uncultured marine picoeukaryote
ASV_4123	Eukaryota	no_hit	unknown	Dinophyceae	Syndiniales	Amoebophryaceae	Amoebophrya	no_hit
ASV_4124	Eukaryota	no_hit	Bacillariophyta	Coscinodiscophyceae	Thalassiosirales	Thalassiosiraceae	Thalassiosira	Thalassiosira hendeyi
ASV_4125	Eukaryota	no_hit	no_hit	no_hit	no_hit	no_hit	no_hit	no_hit
ASV_4126	Eukaryota	no_hit	unknown	Dinophyceae	Blastodiniales	unknown	Blastodinium	Blastodinium mangini
ASV_4127	Eukaryota	no_hit	unknown	Bolidophyceae	Parmales	Triparmaceae	Bolidomonas	Bolidomonas mediterranea
ASV_4128	Eukaryota	no_hit	unknown	Dinophyceae	Syndiniales	no_hit	no_hit	no_hit
ASV_4129	Eukaryota	no_hit	unknown	Dinophyceae	Syndiniales	Syndiniaceae	Hematodinium	no_hit
ASV_4130	no_hit	no_hit	no_hit	no_hit	no_hit	no_hit	no_hit	no_hit
ASV_4131	Eukaryota	no_hit	Ciliophora	Oligohymenophorea	Apostomatida	Colliniidae	Lynnia	Lynnia grapsolytica
ASV_4132	no_hit	no_hit	no_hit	no_hit	no_hit	no_hit	no_hit	no_hit
ASV_4133	Eukaryota	no_hit	unknown	unknown	unknown	unknown	unknown	Uncultured marine alveolate Group I DH145-EKD10
ASV_4134	Eukaryota	no_hit	no_hit	no_hit	no_hit	no_hit	no_hit	no_hit
ASV_4135	Eukaryota	no_hit	unknown	Dinophyceae	Syndiniales	Amoebophryaceae	Amoebophrya	no_hit
ASV_4136	Eukaryota	no_hit	unknown	Dinophyceae	Syndiniales	no_hit	no_hit	no_hit
ASV_4137	Eukaryota	no_hit	unknown	Dinophyceae	Syndiniales	Amoebophryaceae	Amoebophrya	no_hit
ASV_4138	Eukaryota	no_hit	unknown	Dinophyceae	Peridiniales	Pfiesteriaceae	no_hit	no_hit
ASV_4139	Eukaryota	no_hit	unknown	unknown	unknown	unknown	unknown	Acantharian sp. 6201
ASV_4140	Eukaryota	Viridiplantae	Chlorophyta	Chlorophyceae	Chlamydomonadales	no_hit	no_hit	no_hit
ASV_4141	Eukaryota	Viridiplantae	Chlorophyta	no_hit	no_hit	no_hit	no_hit	no_hit
ASV_4142	Eukaryota	no_hit	unknown	Dinophyceae	Syndiniales	no_hit	no_hit	no_hit
ASV_4143	no_hit	no_hit	no_hit	no_hit	no_hit	no_hit	no_hit	no_hit
ASV_4144	Eukaryota	no_hit	no_hit	no_hit	no_hit	no_hit	no_hit	no_hit
ASV_4145	Eukaryota	no_hit	unknown	Dinophyceae	Syndiniales	Amoebophryaceae	Amoebophrya	no_hit
ASV_4146	Eukaryota	no_hit	unknown	Dinophyceae	Syndiniales	Amoebophryaceae	Amoebophrya	no_hit
ASV_4147	Eukaryota	no_hit	unknown	Dinophyceae	Syndiniales	Amoebophryaceae	Amoebophrya	no_hit
ASV_4148	Eukaryota	no_hit	unknown	Dinophyceae	Syndiniales	Syndiniaceae	Hematodinium	no_hit
ASV_4149	Eukaryota	no_hit	unknown	Dinophyceae	Syndiniales	Amoebophryaceae	Amoebophrya	no_hit
ASV_4150	no_hit	no_hit	no_hit	no_hit	no_hit	no_hit	no_hit	no_hit
ASV_4151	Eukaryota	no_hit	unknown	Dinophyceae	no_hit	no_hit	no_hit	no_hit
ASV_4152	Eukaryota	no_hit	unknown	Dinophyceae	Syndiniales	Eudubosquellidae	Euduboscquella	Euduboscquella sp. ex Favella panamensis
ASV_4153	Eukaryota	no_hit	unknown	Dinophyceae	Syndiniales	Amoebophryaceae	Amoebophrya	no_hit
ASV_4154	Eukaryota	no_hit	Bacillariophyta	Bacillariophyceae	Bacillariales	Bacillariaceae	Pseudo-nitzschia	no_hit
ASV_4155	no_hit	no_hit	no_hit	no_hit	no_hit	no_hit	no_hit	no_hit
ASV_4156	Eukaryota	no_hit	unknown	unknown	Telonemida	unknown	Telonema	no_hit
ASV_4157	Eukaryota	no_hit	unknown	Dinophyceae	no_hit	no_hit	no_hit	no_hit
ASV_4158	Eukaryota	no_hit	Endomyxa	Ascetosporea	Haplosporida	unknown	unknown	Haplosporidian parasite of Pandalus platyceros
ASV_4159	Eukaryota	Viridiplantae	Chlorophyta	Mamiellophyceae	Dolichomastigales	Crustomastigaceae	Crustomastix	no_hit
ASV_4160	Eukaryota	no_hit	no_hit	no_hit	no_hit	no_hit	no_hit	no_hit
ASV_4161	Eukaryota	no_hit	unknown	Dinophyceae	Peridiniales	Peridiniaceae	Pentapharsodinium	Pentapharsodinium tyrrhenicum
ASV_4162	Eukaryota	no_hit	unknown	unknown	unknown	unknown	unknown	uncultured marine eukaryote
ASV_4163	Eukaryota	Metazoa	Cnidaria	Hydrozoa	Leptothecata	Mitrocomidae	Halopsis	Halopsis ocellata
ASV_4164	Eukaryota	no_hit	no_hit	no_hit	no_hit	no_hit	no_hit	no_hit
ASV_4165	Eukaryota	no_hit	unknown	Dinophyceae	no_hit	no_hit	no_hit	no_hit
ASV_4166	Eukaryota	no_hit	unknown	Polycystinea	no_hit	no_hit	no_hit	no_hit
ASV_4167	Eukaryota	no_hit	unknown	Bolidophyceae	Parmales	Triparmaceae	Triparma	Triparma pacifica
ASV_4168	Eukaryota	no_hit	unknown	unknown	unknown	unknown	unknown	uncultured marine eukaryote
ASV_4169	Eukaryota	no_hit	unknown	Dinophyceae	Lophodiniales	Lophodiniaceae	Woloszynskia	Woloszynskia leopoliensis
ASV_4170	Eukaryota	no_hit	unknown	unknown	unknown	unknown	unknown	uncultured marine eukaryote
ASV_4171	Eukaryota	no_hit	unknown	Dinophyceae	Syndiniales	Amoebophryaceae	Amoebophrya	no_hit
ASV_4172	Eukaryota	Metazoa	Annelida	Polychaeta	Phyllodocida	Nephtyidae	Nephtys	no_hit
ASV_4173	Eukaryota	no_hit	Ciliophora	Spirotrichea	unknown	Tontoniidae	Pseudotontonia	Pseudotontonia simplicidens
ASV_4174	unassigned	unassigned	unassigned	unassigned	unassigned	unassigned	unassigned	unassigned
ASV_4175	Eukaryota	no_hit	unknown	Dinophyceae	Syndiniales	Amoebophryaceae	Amoebophrya	no_hit
ASV_4176	Eukaryota	no_hit	unknown	Dinophyceae	Gymnodiniales	no_hit	no_hit	no_hit
ASV_4177	Eukaryota	no_hit	Ciliophora	Spirotrichea	unknown	Strombidiidae	Strombidium	Strombidium paracapitatum
ASV_4178	Eukaryota	no_hit	unknown	Dinophyceae	Syndiniales	Amoebophryaceae	Amoebophrya	no_hit
ASV_4179	Eukaryota	no_hit	unknown	Dinophyceae	Gymnodiniales	Kareniaceae	Karlodinium	no_hit
ASV_4180	Eukaryota	no_hit	unknown	Bigyra	Nanomonadea	unknown	Solenicola	Solenicola setigera
ASV_4181	Eukaryota	Viridiplantae	Chlorophyta	no_hit	no_hit	no_hit	no_hit	no_hit
ASV_4182	Eukaryota	no_hit	unknown	unknown	unknown	unknown	unknown	Uncultured marine alveolate Group II DH147-EKD3
ASV_4183	Eukaryota	Metazoa	Nemertea	Palaeonemertea	unknown	Carinomidae	Carinoma	no_hit
ASV_4184	Eukaryota	no_hit	unknown	Dinophyceae	Dinophysiales	Dinophysiaceae	Dinophysis	Dinophysis acuminata
ASV_4185	Eukaryota	no_hit	unknown	unknown	unknown	unknown	unknown	uncultured marine eukaryote
ASV_4186	Eukaryota	no_hit	unknown	Dinophyceae	Syndiniales	Amoebophryaceae	Amoebophrya	no_hit
ASV_4187	Eukaryota	no_hit	unknown	Dinophyceae	Syndiniales	no_hit	no_hit	no_hit
ASV_4188	Eukaryota	no_hit	unknown	unknown	unknown	unknown	unknown	eukaryote clone OLI11009
ASV_4189	Eukaryota	no_hit	unknown	Polycystinea	no_hit	no_hit	no_hit	no_hit
ASV_4190	no_hit	no_hit	no_hit	no_hit	no_hit	no_hit	no_hit	no_hit
ASV_4191	Eukaryota	no_hit	unknown	Dinophyceae	no_hit	no_hit	no_hit	no_hit
ASV_4192	Eukaryota	no_hit	unknown	Bolidophyceae	Parmales	Triparmaceae	Bolidomonas	Bolidomonas mediterranea
ASV_4193	Eukaryota	no_hit	unknown	Cryptophyceae	Pyrenomonadales	Geminigeraceae	Proteomonas	no_hit
ASV_4194	no_hit	no_hit	no_hit	no_hit	no_hit	no_hit	no_hit	no_hit
ASV_4195	Eukaryota	Metazoa	Ctenophora	Tentaculata	Lobata	Bathocyroidae	Bathocyroe	no_hit
ASV_4196	Eukaryota	no_hit	unknown	unknown	unknown	unknown	unknown	uncultured marine eukaryote
ASV_4197	Eukaryota	no_hit	unknown	Pelagophyceae	Pelagomonadales	unknown	Aureococcus	Aureococcus anophagefferens
ASV_4198	Eukaryota	no_hit	Cercozoa	Thecofilosea	Cryomonadida	Protaspidae	Cryothecomonas	Cryothecomonas longipes
ASV_4199	Eukaryota	no_hit	unknown	Dinophyceae	Syndiniales	Amoebophryaceae	Amoebophrya	no_hit
ASV_4200	Eukaryota	no_hit	Apicomplexa	Conoidasida	Eucoccidiorida	Sarcocystidae	no_hit	no_hit
ASV_4201	Eukaryota	no_hit	unknown	Dinophyceae	Syndiniales	no_hit	no_hit	no_hit
ASV_4202	Eukaryota	no_hit	unknown	Dinophyceae	Syndiniales	Duboscquellidae	Duboscquella	no_hit
ASV_4203	Eukaryota	no_hit	unknown	Dinophyceae	Syndiniales	Amoebophryaceae	Amoebophrya	no_hit
ASV_4204	Eukaryota	no_hit	unknown	Cryptophyceae	Pyrenomonadales	Geminigeraceae	Geminigera	Geminigera cryophila
ASV_4205	Eukaryota	no_hit	Haptophyta	no_hit	no_hit	no_hit	no_hit	no_hit
ASV_4206	Eukaryota	no_hit	unknown	Dinophyceae	Syndiniales	Amoebophryaceae	Amoebophrya	no_hit
ASV_4207	Eukaryota	no_hit	unknown	Dictyochophyceae	Rhizochromulinales	unknown	Rhizochromulina	Rhizochromulina sp. MBIC10538
ASV_4208	Eukaryota	Metazoa	Annelida	Polychaeta	Spionida	Spionidae	Spiophanes	Spiophanes soederstroemi
ASV_4209	Eukaryota	no_hit	unknown	unknown	unknown	unknown	unknown	uncultured marine picoeukaryote
ASV_4210	Eukaryota	no_hit	unknown	unknown	unknown	unknown	unknown	uncultured marine picoeukaryote
ASV_4211	Eukaryota	no_hit	Cercozoa	no_hit	no_hit	no_hit	no_hit	no_hit
ASV_4212	no_hit	no_hit	no_hit	no_hit	no_hit	no_hit	no_hit	no_hit
ASV_4213	Eukaryota	no_hit	no_hit	no_hit	no_hit	no_hit	no_hit	no_hit
ASV_4214	Eukaryota	no_hit	Ciliophora	Spirotrichea	no_hit	no_hit	no_hit	no_hit
ASV_4215	no_hit	no_hit	no_hit	no_hit	no_hit	no_hit	no_hit	no_hit
ASV_4216	Eukaryota	Viridiplantae	Chlorophyta	Mamiellophyceae	Dolichomastigales	Crustomastigaceae	Crustomastix	Crustomastix stigmatica
ASV_4217	Eukaryota	no_hit	unknown	Dinophyceae	Syndiniales	no_hit	no_hit	no_hit
ASV_4218	Eukaryota	no_hit	unknown	Dinophyceae	Syndiniales	Amoebophryaceae	Amoebophrya	no_hit
ASV_4219	Eukaryota	no_hit	Imbricatea	unknown	Thaumatomonadida	Thaumatomastigidae	Thaumatomastix	Thaumatomastix sp. 4 JMS-2012
ASV_4220	Eukaryota	no_hit	unknown	Dinophyceae	no_hit	no_hit	no_hit	no_hit
ASV_4221	Eukaryota	no_hit	unknown	Dinophyceae	Syndiniales	no_hit	no_hit	no_hit
ASV_4222	Eukaryota	no_hit	Haptophyta	no_hit	no_hit	no_hit	no_hit	no_hit
ASV_4223	Eukaryota	no_hit	unknown	Dinophyceae	Syndiniales	no_hit	no_hit	no_hit
ASV_4224	Eukaryota	Metazoa	Cnidaria	Scyphozoa	Coronatae	Linuchidae	Linuche	no_hit
ASV_4225	Eukaryota	no_hit	unknown	Polycystinea	Nassellaria	Theoperidae	Pterocanium	Pterocanium trilobum
ASV_4226	Eukaryota	no_hit	unknown	Polycystinea	no_hit	no_hit	no_hit	no_hit
ASV_4227	no_hit	no_hit	no_hit	no_hit	no_hit	no_hit	no_hit	no_hit
ASV_4228	Eukaryota	no_hit	unknown	Chrysophyceae	Phaeothamnales	Phaeosaccionaceae	Antarctosaccion	Antarctosaccion applanatum
ASV_4229	Eukaryota	no_hit	unknown	unknown	unknown	unknown	unknown	Uncultured marine alveolate Group I DH144-EKD3
ASV_4230	Eukaryota	no_hit	unknown	unknown	unknown	unknown	unknown	uncultured marine picoeukaryote
ASV_4231	Eukaryota	no_hit	unknown	Dinophyceae	Peridiniales	Peridiniaceae	Pentapharsodinium	Pentapharsodinium tyrrhenicum
ASV_4232	Eukaryota	no_hit	no_hit	no_hit	no_hit	no_hit	no_hit	no_hit
ASV_4233	Eukaryota	no_hit	unknown	Dinophyceae	Syndiniales	Amoebophryaceae	Amoebophrya	no_hit
ASV_4234	Eukaryota	no_hit	Bacillariophyta	Coscinodiscophyceae	Thalassiosirales	Thalassiosiraceae	no_hit	no_hit
ASV_4235	Eukaryota	no_hit	unknown	Dinophyceae	Syndiniales	Amoebophryaceae	Amoebophrya	no_hit
ASV_4236	Bacteria	no_hit	unknown	unknown	unknown	unknown	unknown	bacterium
ASV_4237	Eukaryota	no_hit	unknown	Bigyra	no_hit	no_hit	no_hit	no_hit
ASV_4238	Eukaryota	no_hit	unknown	Dinophyceae	no_hit	no_hit	no_hit	no_hit
ASV_4239	Eukaryota	no_hit	unknown	Dinophyceae	Syndiniales	no_hit	no_hit	no_hit
ASV_4240	Eukaryota	no_hit	unknown	Chrysophyceae	no_hit	no_hit	no_hit	no_hit
ASV_4241	Eukaryota	no_hit	unknown	unknown	unknown	unknown	unknown	uncultured marine eukaryote
ASV_4242	Eukaryota	no_hit	unknown	Dinophyceae	Syndiniales	Amoebophryaceae	Amoebophrya	no_hit
ASV_4243	Eukaryota	no_hit	unknown	unknown	unknown	unknown	unknown	Uncultured marine alveolate Group I DH145-EKD10
ASV_4244	Eukaryota	no_hit	unknown	Polycystinea	Nassellaria	Plagiacanthidae	no_hit	no_hit
ASV_4245	no_hit	no_hit	no_hit	no_hit	no_hit	no_hit	no_hit	no_hit
ASV_4246	Eukaryota	no_hit	no_hit	no_hit	no_hit	no_hit	no_hit	no_hit
ASV_4247	Eukaryota	no_hit	unknown	Dinophyceae	Peridiniales	no_hit	no_hit	no_hit
ASV_4248	Eukaryota	no_hit	unknown	Polycystinea	no_hit	no_hit	no_hit	no_hit
ASV_4249	no_hit	no_hit	no_hit	no_hit	no_hit	no_hit	no_hit	no_hit
ASV_4250	Eukaryota	no_hit	no_hit	no_hit	no_hit	no_hit	no_hit	no_hit
ASV_4251	Eukaryota	no_hit	unknown	Bigyra	Oblongichytrida	unknown	Oblongichytrium	no_hit
ASV_4252	Eukaryota	no_hit	unknown	Dinophyceae	Syndiniales	Amoebophryaceae	Amoebophrya	no_hit
ASV_4253	no_hit	no_hit	no_hit	no_hit	no_hit	no_hit	no_hit	no_hit
ASV_4254	Eukaryota	no_hit	unknown	Dinophyceae	Syndiniales	no_hit	no_hit	no_hit
ASV_4255	Eukaryota	no_hit	unknown	Dinophyceae	Syndiniales	Duboscquellidae	Duboscquella	no_hit
ASV_4256	Eukaryota	Metazoa	Cnidaria	Hydrozoa	Leptothecata	Mitrocomidae	Earleria	Earleria panicula
ASV_4257	Eukaryota	Viridiplantae	Streptophyta	Magnoliopsida	Santalales	Viscaceae	Arceuthobium	no_hit
ASV_4258	Eukaryota	no_hit	Foraminifera	unknown	Rotaliida	Globorotaliidae	Neogloboquadrina	no_hit
ASV_4259	Eukaryota	no_hit	no_hit	no_hit	no_hit	no_hit	no_hit	no_hit
ASV_4260	Eukaryota	no_hit	unknown	unknown	unknown	unknown	unknown	uncultured marine eukaryote
ASV_4261	no_hit	no_hit	no_hit	no_hit	no_hit	no_hit	no_hit	no_hit
ASV_4262	Eukaryota	Viridiplantae	Streptophyta	no_hit	no_hit	no_hit	no_hit	no_hit
ASV_4263	Eukaryota	no_hit	unknown	Dinophyceae	Syndiniales	Amoebophryaceae	Amoebophrya	no_hit
ASV_4264	Eukaryota	no_hit	unknown	Dinophyceae	no_hit	no_hit	no_hit	no_hit
ASV_4265	Eukaryota	no_hit	unknown	Dinophyceae	no_hit	no_hit	no_hit	no_hit
ASV_4266	Eukaryota	no_hit	Ciliophora	Spirotrichea	unknown	Strombidiidae	Strombidium	Strombidium sp. JG-2011a
ASV_4267	Eukaryota	no_hit	unknown	Dinophyceae	no_hit	no_hit	no_hit	no_hit
ASV_4268	Eukaryota	no_hit	Ciliophora	no_hit	no_hit	no_hit	no_hit	no_hit
ASV_4269	Eukaryota	no_hit	unknown	unknown	unknown	unknown	unknown	uncultured marine eukaryote
ASV_4270	Eukaryota	no_hit	unknown	Polycystinea	Spumellaria	Pyloniidae	Tetrapyle	Tetrapyle octacantha
ASV_4271	Eukaryota	no_hit	unknown	Dinophyceae	Syndiniales	Amoebophryaceae	Amoebophrya	no_hit
ASV_4272	Eukaryota	no_hit	unknown	Dinophyceae	Syndiniales	Amoebophryaceae	Amoebophrya	no_hit
ASV_4273	Eukaryota	no_hit	unknown	Dinophyceae	Syndiniales	Amoebophryaceae	Amoebophrya	no_hit
ASV_4274	Eukaryota	no_hit	unknown	Dinophyceae	Gymnodiniales	Gymnodiniaceae	no_hit	no_hit
ASV_4275	Eukaryota	no_hit	no_hit	no_hit	no_hit	no_hit	no_hit	no_hit
ASV_4276	no_hit	no_hit	no_hit	no_hit	no_hit	no_hit	no_hit	no_hit
ASV_4277	Eukaryota	no_hit	no_hit	no_hit	no_hit	no_hit	no_hit	no_hit
ASV_4278	Eukaryota	Viridiplantae	Chlorophyta	Mamiellophyceae	Dolichomastigales	Crustomastigaceae	Crustomastix	Crustomastix stigmatica
ASV_4279	Eukaryota	no_hit	unknown	Dinophyceae	Peridiniales	Protoperidiniaceae	Islandinium	Islandinium minutum
ASV_4280	Eukaryota	no_hit	unknown	Cryptophyceae	Pyrenomonadales	Geminigeraceae	Geminigera	Geminigera cryophila
ASV_4281	Eukaryota	no_hit	unknown	Dinophyceae	Syndiniales	Amoebophryaceae	Amoebophrya	no_hit
ASV_4282	Eukaryota	no_hit	no_hit	no_hit	no_hit	no_hit	no_hit	no_hit
ASV_4283	Eukaryota	no_hit	Haptophyta	unknown	Pavlovales	Pavlovaceae	no_hit	no_hit
ASV_4284	Eukaryota	no_hit	no_hit	no_hit	no_hit	no_hit	no_hit	no_hit
ASV_4285	Eukaryota	no_hit	Ciliophora	Phyllopharyngea	Dysteriida	Plesiotrichopidae	Pithites	Pithites vorax
ASV_4286	Eukaryota	no_hit	unknown	Dinophyceae	no_hit	no_hit	no_hit	no_hit
ASV_4287	Eukaryota	no_hit	Ciliophora	Oligohymenophorea	Peniculida	Parameciidae	Paramecium	Paramecium duboscqui
ASV_4288	Eukaryota	no_hit	no_hit	no_hit	no_hit	no_hit	no_hit	no_hit
ASV_4289	Eukaryota	no_hit	Cercozoa	Thecofilosea	unknown	unknown	Mataza	Mataza hastifera
ASV_4290	Eukaryota	no_hit	Bacillariophyta	Coscinodiscophyceae	Thalassiosirales	Thalassiosiraceae	Thalassiosira	Thalassiosira concaviuscula
ASV_4291	Eukaryota	no_hit	Ciliophora	no_hit	no_hit	no_hit	no_hit	no_hit
ASV_4292	Eukaryota	no_hit	unknown	Dinophyceae	no_hit	no_hit	no_hit	no_hit
ASV_4293	Eukaryota	no_hit	no_hit	no_hit	no_hit	no_hit	no_hit	no_hit
ASV_4294	Eukaryota	no_hit	unknown	Polycystinea	Nassellaria	Plagiacanthidae	Lithomelissa	Lithomelissa sp. 2003
ASV_4295	Eukaryota	no_hit	Cercozoa	unknown	Cercomonadida	Cercomonadidae	no_hit	no_hit
ASV_4296	Eukaryota	no_hit	Ciliophora	Oligohymenophorea	Philasterida	no_hit	no_hit	no_hit
ASV_4297	Eukaryota	no_hit	unknown	Dinophyceae	no_hit	no_hit	no_hit	no_hit
ASV_4298	Eukaryota	no_hit	unknown	Dinophyceae	no_hit	no_hit	no_hit	no_hit
ASV_4299	Eukaryota	no_hit	Ciliophora	no_hit	no_hit	no_hit	no_hit	no_hit
ASV_4300	Eukaryota	no_hit	Oomycota	unknown	Lagenidiales	Haliphthoraceae	Halocrusticida	Halocrusticida baliensis
ASV_4301	Eukaryota	no_hit	unknown	Dinophyceae	Gymnodiniales	Kareniaceae	Takayama	Takayama cf. pulchellum
ASV_4302	no_hit	no_hit	no_hit	no_hit	no_hit	no_hit	no_hit	no_hit
ASV_4303	Eukaryota	no_hit	unknown	Dinophyceae	no_hit	no_hit	no_hit	no_hit
ASV_4304	Eukaryota	no_hit	no_hit	no_hit	no_hit	no_hit	no_hit	no_hit
ASV_4305	Eukaryota	Fungi	Mucoromycota	Glomeromycetes	Archaeosporales	Archaeosporaceae	Archaeospora	no_hit
ASV_4306	Eukaryota	no_hit	unknown	Dinophyceae	no_hit	no_hit	no_hit	no_hit
ASV_4307	Eukaryota	no_hit	unknown	Dinophyceae	Syndiniales	no_hit	no_hit	no_hit
ASV_4308	Eukaryota	no_hit	unknown	Dinophyceae	Peridiniales	Peridiniaceae	Peridinium	no_hit
ASV_4309	Eukaryota	no_hit	unknown	Dinophyceae	Syndiniales	Amoebophryaceae	Amoebophrya	no_hit
ASV_4310	Eukaryota	no_hit	unknown	Dinophyceae	Syndiniales	Amoebophryaceae	Amoebophrya	no_hit
ASV_4311	no_hit	no_hit	no_hit	no_hit	no_hit	no_hit	no_hit	no_hit
ASV_4312	Eukaryota	no_hit	unknown	Ichthyosporea	Ichthyophonida	Ichthyophonidae	Ichthyophonus	no_hit
ASV_4313	Eukaryota	no_hit	unknown	Dinophyceae	no_hit	no_hit	no_hit	no_hit
ASV_4314	Eukaryota	no_hit	unknown	Centroplasthelida	Pterocystida	no_hit	no_hit	no_hit
ASV_4315	Eukaryota	no_hit	Ciliophora	Spirotrichea	Tintinnida	Tintinnidae	Salpingella	no_hit
ASV_4316	Eukaryota	no_hit	Ciliophora	Colpodea	unknown	unknown	unknown	Uncultured marine colpodean ciliate DH147-EKD23
ASV_4317	Eukaryota	no_hit	no_hit	no_hit	no_hit	no_hit	no_hit	no_hit
ASV_4318	Eukaryota	no_hit	unknown	Polycystinea	no_hit	no_hit	no_hit	no_hit
ASV_4319	Eukaryota	no_hit	unknown	Dinophyceae	Thoracosphaerales	Thoracosphaeraceae	Thoracosphaera	Thoracosphaera heimii
ASV_4320	Eukaryota	no_hit	unknown	Dinophyceae	Syndiniales	Amoebophryaceae	Amoebophrya	no_hit
ASV_4321	no_hit	no_hit	no_hit	no_hit	no_hit	no_hit	no_hit	no_hit
ASV_4322	Eukaryota	no_hit	unknown	Dinophyceae	Syndiniales	Amoebophryaceae	Amoebophrya	no_hit
ASV_4323	Eukaryota	no_hit	no_hit	no_hit	no_hit	no_hit	no_hit	no_hit
ASV_4324	no_hit	no_hit	no_hit	no_hit	no_hit	no_hit	no_hit	no_hit
ASV_4325	Eukaryota	no_hit	unknown	Dinophyceae	no_hit	no_hit	no_hit	no_hit
ASV_4326	Eukaryota	no_hit	no_hit	no_hit	no_hit	no_hit	no_hit	no_hit
ASV_4327	Eukaryota	no_hit	Bacillariophyta	Bacillariophyceae	Naviculales	no_hit	no_hit	no_hit
ASV_4328	Eukaryota	no_hit	Bacillariophyta	Fragilariophyceae	no_hit	no_hit	no_hit	no_hit
ASV_4329	Eukaryota	no_hit	unknown	Choanoflagellata	no_hit	no_hit	no_hit	no_hit
ASV_4330	Eukaryota	no_hit	Imbricatea	unknown	Thaumatomonadida	Thaumatomastigidae	Thaumatomonas	Thaumatomonas seravini
ASV_4331	Eukaryota	no_hit	unknown	unknown	unknown	unknown	unknown	eukaryote clone OLI11032
ASV_4332	Eukaryota	no_hit	unknown	Dinophyceae	no_hit	no_hit	no_hit	no_hit
ASV_4333	no_hit	no_hit	no_hit	no_hit	no_hit	no_hit	no_hit	no_hit
ASV_4334	Eukaryota	no_hit	no_hit	no_hit	no_hit	no_hit	no_hit	no_hit
ASV_4335	Eukaryota	no_hit	unknown	Dinophyceae	no_hit	no_hit	no_hit	no_hit
ASV_4336	no_hit	no_hit	no_hit	no_hit	no_hit	no_hit	no_hit	no_hit
ASV_4337	Eukaryota	no_hit	Ciliophora	Spirotrichea	unknown	Strombidiidae	Laboea	Laboea strobila
ASV_4338	Eukaryota	no_hit	unknown	Dinophyceae	Syndiniales	Amoebophryaceae	Amoebophrya	no_hit
ASV_4339	Eukaryota	no_hit	unknown	Dinophyceae	Syndiniales	Amoebophryaceae	Amoebophrya	no_hit
ASV_4340	Eukaryota	Viridiplantae	Chlorophyta	Mamiellophyceae	Dolichomastigales	Crustomastigaceae	Crustomastix	Crustomastix sp. MBIC10709
ASV_4341	Eukaryota	no_hit	unknown	Dinophyceae	Syndiniales	Amoebophryaceae	Amoebophrya	no_hit
ASV_4342	Eukaryota	Viridiplantae	Chlorophyta	Mamiellophyceae	Dolichomastigales	Crustomastigaceae	Crustomastix	Crustomastix stigmatica
ASV_4343	Eukaryota	no_hit	Imbricatea	unknown	Marimonadida	unknown	Pseudopirsonia	Pseudopirsonia mucosa
ASV_4344	Eukaryota	no_hit	unknown	Dinophyceae	Gymnodiniales	Kareniaceae	Karlodinium	no_hit
ASV_4345	Eukaryota	no_hit	unknown	Dinophyceae	no_hit	no_hit	no_hit	no_hit
ASV_4346	Eukaryota	no_hit	unknown	Polycystinea	Nassellaria	Theoperidae	Pterocanium	Pterocanium trilobum
ASV_4347	Eukaryota	no_hit	unknown	Dinophyceae	Syndiniales	Amoebophryaceae	Amoebophrya	no_hit
ASV_4348	Eukaryota	Viridiplantae	Chlorophyta	no_hit	no_hit	no_hit	no_hit	no_hit
ASV_4349	Eukaryota	no_hit	Haptophyta	no_hit	no_hit	no_hit	no_hit	no_hit
ASV_4350	Eukaryota	no_hit	unknown	Dinophyceae	Syndiniales	Amoebophryaceae	Amoebophrya	no_hit
ASV_4351	Eukaryota	Viridiplantae	Chlorophyta	Mamiellophyceae	Dolichomastigales	Crustomastigaceae	Crustomastix	Crustomastix stigmatica
ASV_4352	Eukaryota	no_hit	unknown	unknown	unknown	unknown	unknown	uncultured marine eukaryote
ASV_4353	Eukaryota	no_hit	unknown	unknown	unknown	unknown	unknown	eukaryote clone OLI11261
ASV_4354	Eukaryota	Viridiplantae	Chlorophyta	Mamiellophyceae	Dolichomastigales	Crustomastigaceae	Crustomastix	no_hit
ASV_4355	Eukaryota	no_hit	Bacillariophyta	Coscinodiscophyceae	Melosirales	Stephanopyxidaceae	Stephanopyxis	Stephanopyxis turris
ASV_4356	Eukaryota	no_hit	Bacillariophyta	Coscinodiscophyceae	Chaetocerotales	Chaetocerotaceae	Chaetoceros	Chaetoceros diadema
ASV_4357	Eukaryota	no_hit	no_hit	no_hit	no_hit	no_hit	no_hit	no_hit
ASV_4358	no_hit	no_hit	no_hit	no_hit	no_hit	no_hit	no_hit	no_hit
ASV_4359	Eukaryota	no_hit	unknown	Dinophyceae	no_hit	no_hit	no_hit	no_hit
ASV_4360	Eukaryota	no_hit	unknown	Dinophyceae	Syndiniales	Amoebophryaceae	Amoebophrya	no_hit
ASV_4361	Eukaryota	no_hit	unknown	Dictyochophyceae	Pedinellales	unknown	Pseudopedinella	Pseudopedinella elastica
ASV_4362	Eukaryota	Viridiplantae	Chlorophyta	Mamiellophyceae	Dolichomastigales	Crustomastigaceae	Crustomastix	Crustomastix stigmatica
ASV_4363	Eukaryota	no_hit	Ciliophora	Colpodea	unknown	unknown	unknown	Uncultured marine colpodean ciliate DH147-EKD23
ASV_4364	no_hit	no_hit	no_hit	no_hit	no_hit	no_hit	no_hit	no_hit
ASV_4365	Eukaryota	no_hit	unknown	Polycystinea	Nassellaria	Plagiacanthidae	no_hit	no_hit
ASV_4366	no_hit	no_hit	no_hit	no_hit	no_hit	no_hit	no_hit	no_hit
ASV_4367	Eukaryota	no_hit	unknown	unknown	unknown	unknown	unknown	Uncultured marine alveolate Group I DH145-EKD10
ASV_4368	Eukaryota	no_hit	no_hit	no_hit	no_hit	no_hit	no_hit	no_hit
ASV_4369	no_hit	no_hit	no_hit	no_hit	no_hit	no_hit	no_hit	no_hit
ASV_4370	Eukaryota	no_hit	no_hit	no_hit	no_hit	no_hit	no_hit	no_hit
ASV_4371	Eukaryota	no_hit	unknown	unknown	unknown	unknown	unknown	eukaryote clone OLI11032
ASV_4372	Bacteria	no_hit	no_hit	no_hit	no_hit	no_hit	no_hit	no_hit
ASV_4373	no_hit	no_hit	no_hit	no_hit	no_hit	no_hit	no_hit	no_hit
ASV_4374	Eukaryota	no_hit	no_hit	no_hit	no_hit	no_hit	no_hit	no_hit
ASV_4375	no_hit	no_hit	no_hit	no_hit	no_hit	no_hit	no_hit	no_hit
ASV_4376	Eukaryota	no_hit	unknown	Dinophyceae	no_hit	no_hit	no_hit	no_hit
ASV_4377	Eukaryota	no_hit	Ciliophora	Spirotrichea	Choreotrichida	Strobilidiidae	Pelagostrobilidium	no_hit
ASV_4378	Eukaryota	no_hit	unknown	Polycystinea	no_hit	no_hit	no_hit	no_hit
ASV_4379	Eukaryota	Metazoa	Arthropoda	Malacostraca	Euphausiacea	Bentheuphausiidae	Bentheuphausia	Bentheuphausia amblyops
ASV_4380	unassigned	unassigned	unassigned	unassigned	unassigned	unassigned	unassigned	unassigned
ASV_4381	Eukaryota	no_hit	unknown	Dinophyceae	no_hit	no_hit	no_hit	no_hit
ASV_4382	Eukaryota	no_hit	Cercozoa	unknown	unknown	unknown	Cyranomonas	Cyranomonas australis
ASV_4383	Eukaryota	no_hit	no_hit	no_hit	no_hit	no_hit	no_hit	no_hit
ASV_4384	Eukaryota	no_hit	unknown	Dinophyceae	Peridiniales	Pfiesteriaceae	Cryptoperidiniopsis	Cryptoperidiniopsis brodyi
ASV_4385	Eukaryota	no_hit	Haptophyta	unknown	Prymnesiales	no_hit	no_hit	no_hit
ASV_4386	Eukaryota	no_hit	unknown	unknown	unknown	unknown	unknown	Acantharian sp. 6201
ASV_4387	Eukaryota	no_hit	unknown	Polycystinea	Collodaria	Sphaerozoidae	Collozoum	no_hit
ASV_4388	Eukaryota	no_hit	unknown	Dinophyceae	Gymnodiniales	Kareniaceae	Karlodinium	no_hit
ASV_4389	Eukaryota	no_hit	no_hit	no_hit	no_hit	no_hit	no_hit	no_hit
ASV_4390	no_hit	no_hit	no_hit	no_hit	no_hit	no_hit	no_hit	no_hit
ASV_4391	Eukaryota	no_hit	unknown	Dinophyceae	Dinophysiales	Dinophysiaceae	Dinophysis	no_hit
ASV_4392	Eukaryota	no_hit	unknown	Dinophyceae	Syndiniales	Amoebophryaceae	Amoebophrya	no_hit
ASV_4393	no_hit	no_hit	no_hit	no_hit	no_hit	no_hit	no_hit	no_hit
ASV_4394	Eukaryota	no_hit	unknown	Dinophyceae	Gymnodiniales	Gymnodiniaceae	no_hit	no_hit
ASV_4395	Eukaryota	no_hit	unknown	Dinophyceae	Peridiniales	no_hit	no_hit	no_hit
ASV_4396	Eukaryota	no_hit	unknown	Dinophyceae	Dinophysiales	Dinophysiaceae	Ornithocercus	no_hit
ASV_4397	Eukaryota	no_hit	unknown	Acantharea	Chaunacanthida	unknown	unknown	Chaunacanthid sp. 6200
ASV_4398	Eukaryota	no_hit	unknown	Dinophyceae	Peridiniales	Peridiniaceae	Pentapharsodinium	Pentapharsodinium tyrrhenicum
ASV_4399	Eukaryota	no_hit	unknown	unknown	unknown	unknown	unknown	Acantharian sp. 6201
ASV_4400	Eukaryota	no_hit	unknown	unknown	unknown	unknown	unknown	uncultured marine eukaryote
ASV_4401	Eukaryota	no_hit	unknown	Dinophyceae	Syndiniales	Amoebophryaceae	Amoebophrya	no_hit
ASV_4402	no_hit	no_hit	no_hit	no_hit	no_hit	no_hit	no_hit	no_hit
ASV_4403	Eukaryota	no_hit	no_hit	no_hit	no_hit	no_hit	no_hit	no_hit
ASV_4404	Eukaryota	no_hit	unknown	unknown	unknown	unknown	unknown	uncultured marine picoeukaryote
ASV_4405	Eukaryota	no_hit	Euglenozoa	unknown	Diplonemea	unknown	unknown	Diplonemida sp. 3 RG-2016
ASV_4406	Eukaryota	no_hit	unknown	Dinophyceae	Syndiniales	Amoebophryaceae	Amoebophrya	no_hit
ASV_4407	Eukaryota	no_hit	unknown	unknown	unknown	unknown	unknown	eukaryote clone OLI11012
ASV_4408	Eukaryota	no_hit	unknown	Dinophyceae	Syndiniales	no_hit	no_hit	no_hit
ASV_4409	Eukaryota	no_hit	unknown	Dinophyceae	no_hit	no_hit	no_hit	no_hit
ASV_4410	Eukaryota	no_hit	unknown	Dinophyceae	Syndiniales	Amoebophryaceae	Amoebophrya	no_hit
ASV_4411	no_hit	no_hit	no_hit	no_hit	no_hit	no_hit	no_hit	no_hit
ASV_4412	Eukaryota	no_hit	Ciliophora	Phyllopharyngea	Dysteriida	Plesiotrichopidae	Pithites	Pithites vorax
ASV_4413	Eukaryota	Viridiplantae	Chlorophyta	Pyramimonadophyceae	Pyramimonadales	Pyramimonadaceae	Pterosperma	Pterosperma cristatum
ASV_4414	Eukaryota	no_hit	unknown	Dinophyceae	Syndiniales	Amoebophryaceae	Amoebophrya	no_hit
ASV_4415	unassigned	unassigned	unassigned	unassigned	unassigned	unassigned	unassigned	unassigned
ASV_4416	Eukaryota	no_hit	unknown	unknown	unknown	unknown	unknown	uncultured marine eukaryote
ASV_4417	Eukaryota	no_hit	Euglenozoa	unknown	Diplonemea	Hemistasiidae	Hemistasia	Hemistasia phaeocysticola
ASV_4418	Eukaryota	no_hit	unknown	Polycystinea	Nassellaria	Theoperidae	Artostrobus	Artostrobus sp. 2014
ASV_4419	Eukaryota	no_hit	unknown	Cryptophyceae	Cyathomonadacea	Goniomonadaceae	Goniomonas	no_hit
ASV_4420	Eukaryota	Metazoa	Chordata	Appendicularia	Copelata	Oikopleuridae	Oikopleura	Oikopleura fusiformis
ASV_4421	Eukaryota	no_hit	unknown	Dinophyceae	no_hit	no_hit	no_hit	no_hit
ASV_4422	Eukaryota	Viridiplantae	Chlorophyta	Mamiellophyceae	Dolichomastigales	Crustomastigaceae	Crustomastix	Crustomastix stigmatica
ASV_4423	Eukaryota	Viridiplantae	Chlorophyta	Mamiellophyceae	Dolichomastigales	Crustomastigaceae	Crustomastix	Crustomastix stigmatica
ASV_4424	Eukaryota	Viridiplantae	Chlorophyta	Mamiellophyceae	Dolichomastigales	Crustomastigaceae	Crustomastix	Crustomastix stigmatica
ASV_4425	Eukaryota	Metazoa	Annelida	Polychaeta	Terebellida	Trichobranchidae	Terebellides	Terebellides californica
ASV_4426	no_hit	no_hit	no_hit	no_hit	no_hit	no_hit	no_hit	no_hit
ASV_4427	Eukaryota	no_hit	Haptophyta	no_hit	no_hit	no_hit	no_hit	no_hit
ASV_4428	Eukaryota	no_hit	unknown	unknown	unknown	unknown	unknown	uncultured marine eukaryote
ASV_4429	Eukaryota	no_hit	unknown	Dinophyceae	no_hit	no_hit	no_hit	no_hit
ASV_4430	Eukaryota	Fungi	Chytridiomycota	Chytridiomycetes	no_hit	no_hit	no_hit	no_hit
ASV_4431	Eukaryota	no_hit	Bacillariophyta	Coscinodiscophyceae	Chaetocerotales	Chaetocerotaceae	Chaetoceros	Chaetoceros curvisetus
ASV_4432	Eukaryota	no_hit	unknown	Chrysophyceae	Chromulinales	Chromulinaceae	no_hit	no_hit
ASV_4433	no_hit	no_hit	no_hit	no_hit	no_hit	no_hit	no_hit	no_hit
ASV_4434	Eukaryota	no_hit	unknown	Dinophyceae	Gonyaulacales	Pyrophacaceae	Fragilidium	Fragilidium duplocampanaeforme
ASV_4435	Eukaryota	Viridiplantae	Chlorophyta	Pyramimonadophyceae	Pyramimonadales	Pyramimonadaceae	Pyramimonas	no_hit
ASV_4436	Eukaryota	no_hit	unknown	Dinophyceae	Syndiniales	no_hit	no_hit	no_hit
ASV_4437	Eukaryota	no_hit	unknown	unknown	unknown	unknown	unknown	uncultured marine picoeukaryote
ASV_4438	Eukaryota	no_hit	unknown	unknown	unknown	unknown	unknown	uncultured marine picoeukaryote
ASV_4439	Eukaryota	no_hit	Euglenozoa	unknown	Diplonemea	no_hit	no_hit	no_hit
ASV_4440	Eukaryota	no_hit	unknown	Dinophyceae	Syndiniales	no_hit	no_hit	no_hit
ASV_4441	Eukaryota	no_hit	Ciliophora	no_hit	no_hit	no_hit	no_hit	no_hit
ASV_4442	Eukaryota	no_hit	unknown	Dinophyceae	Peridiniales	Kryptoperidiniaceae	Unruhdinium	Unruhdinium penardii
ASV_4443	Eukaryota	no_hit	no_hit	no_hit	no_hit	no_hit	no_hit	no_hit
ASV_4444	Eukaryota	no_hit	Haptophyta	unknown	Prymnesiales	Prymnesiaceae	no_hit	no_hit
ASV_4445	Eukaryota	no_hit	Bacillariophyta	Coscinodiscophyceae	Melosirales	Stephanopyxidaceae	Stephanopyxis	Stephanopyxis turris
ASV_4446	Eukaryota	no_hit	unknown	Dinophyceae	Syndiniales	Amoebophryaceae	Amoebophrya	no_hit
ASV_4447	Eukaryota	no_hit	unknown	unknown	unknown	unknown	unknown	eukaryote clone OLI11005
ASV_4448	Eukaryota	Viridiplantae	Chlorophyta	Mamiellophyceae	Dolichomastigales	Crustomastigaceae	Crustomastix	Crustomastix stigmatica
ASV_4449	Eukaryota	no_hit	no_hit	no_hit	no_hit	no_hit	no_hit	no_hit
ASV_4450	Eukaryota	no_hit	unknown	Dinophyceae	Gymnodiniales	Kareniaceae	Takayama	Takayama cf. pulchellum
ASV_4451	Eukaryota	no_hit	unknown	Dinophyceae	Gonyaulacales	Gonyaulacaceae	Amylax	Amylax triacantha
ASV_4452	no_hit	no_hit	no_hit	no_hit	no_hit	no_hit	no_hit	no_hit
ASV_4453	Eukaryota	no_hit	unknown	unknown	unknown	unknown	unknown	uncultured marine eukaryote
ASV_4454	Eukaryota	no_hit	unknown	Dinophyceae	Syndiniales	Amoebophryaceae	Amoebophrya	no_hit
ASV_4455	Eukaryota	no_hit	unknown	Dinophyceae	Syndiniales	Amoebophryaceae	Amoebophrya	no_hit
ASV_4456	Eukaryota	no_hit	unknown	Dinophyceae	Blastodiniales	unknown	Blastodinium	Blastodinium mangini
ASV_4457	Eukaryota	no_hit	unknown	unknown	unknown	Apusomonadidae	Amastigomonas	Amastigomonas mutabilis
ASV_4458	Eukaryota	no_hit	unknown	Dinophyceae	Syndiniales	Amoebophryaceae	Amoebophrya	no_hit
ASV_4459	Eukaryota	no_hit	unknown	Dinophyceae	Peridiniales	Pfiesteriaceae	Pfiesteria	Pfiesteria piscicida
ASV_4460	no_hit	no_hit	no_hit	no_hit	no_hit	no_hit	no_hit	no_hit
ASV_4461	Eukaryota	no_hit	Ciliophora	no_hit	no_hit	no_hit	no_hit	no_hit
ASV_4462	Eukaryota	no_hit	Ciliophora	Colpodea	unknown	unknown	unknown	Uncultured marine colpodean ciliate DH147-EKD23
ASV_4463	Eukaryota	no_hit	Ciliophora	Phyllopharyngea	Dysteriida	Plesiotrichopidae	Pithites	Pithites vorax
ASV_4464	Eukaryota	no_hit	unknown	unknown	unknown	unknown	unknown	Uncultured marine alveolate Group I DH148-EKD22
ASV_4465	Eukaryota	no_hit	unknown	Dinophyceae	Gonyaulacales	Amphidomataceae	Azadinium	no_hit
ASV_4466	Eukaryota	no_hit	unknown	Dinophyceae	no_hit	no_hit	no_hit	no_hit
ASV_4467	no_hit	no_hit	no_hit	no_hit	no_hit	no_hit	no_hit	no_hit
ASV_4468	Eukaryota	no_hit	no_hit	no_hit	no_hit	no_hit	no_hit	no_hit
ASV_4469	Eukaryota	no_hit	unknown	unknown	unknown	unknown	unknown	Uncultured marine alveolate Group I DH144-EKD3
ASV_4470	Eukaryota	no_hit	unknown	unknown	unknown	unknown	unknown	uncultured marine picoeukaryote
ASV_4471	Eukaryota	no_hit	Foraminifera	unknown	Rotaliida	Globorotaliidae	Neogloboquadrina	Neogloboquadrina pachyderma
ASV_4472	Eukaryota	no_hit	unknown	Polycystinea	no_hit	no_hit	no_hit	no_hit
ASV_4473	Eukaryota	no_hit	unknown	Dinophyceae	no_hit	no_hit	no_hit	no_hit
ASV_4474	Eukaryota	no_hit	unknown	unknown	unknown	unknown	unknown	Acantharian sp. 6201
ASV_4475	Eukaryota	no_hit	no_hit	no_hit	no_hit	no_hit	no_hit	no_hit
ASV_4476	Eukaryota	no_hit	unknown	unknown	unknown	unknown	unknown	eukaryote clone OLI11032
ASV_4477	Eukaryota	no_hit	unknown	Dinophyceae	Syndiniales	no_hit	no_hit	no_hit
ASV_4478	Eukaryota	no_hit	no_hit	no_hit	no_hit	no_hit	no_hit	no_hit
ASV_4479	Eukaryota	no_hit	unknown	unknown	unknown	unknown	unknown	uncultured marine eukaryote
ASV_4480	no_hit	no_hit	no_hit	no_hit	no_hit	no_hit	no_hit	no_hit
ASV_4481	Eukaryota	no_hit	unknown	Dinophyceae	Syndiniales	Amoebophryaceae	Amoebophrya	no_hit
ASV_4482	Eukaryota	no_hit	unknown	unknown	unknown	unknown	unknown	eukaryote clone OLI11001
ASV_4483	Eukaryota	no_hit	no_hit	no_hit	no_hit	no_hit	no_hit	no_hit
ASV_4484	no_hit	no_hit	no_hit	no_hit	no_hit	no_hit	no_hit	no_hit
ASV_4485	Eukaryota	no_hit	unknown	Polycystinea	Nassellaria	Theoperidae	Pterocanium	Pterocanium trilobum
ASV_4486	Eukaryota	no_hit	unknown	Dinophyceae	Syndiniales	Amoebophryaceae	Amoebophrya	no_hit
ASV_4487	Eukaryota	no_hit	unknown	Centroplasthelida	Pterocystida	Pterocystidae	Pterocystis	no_hit
ASV_4488	Eukaryota	no_hit	unknown	Polycystinea	Nassellaria	Theoperidae	Lipmanella	Lipmanella dictyoceras
ASV_4489	Eukaryota	no_hit	unknown	Dinophyceae	Syndiniales	Amoebophryaceae	Amoebophrya	no_hit
ASV_4490	Eukaryota	no_hit	unknown	Dinophyceae	unknown	unknown	Madanidinium	Madanidinium loirii
ASV_4491	Eukaryota	no_hit	unknown	Dinophyceae	Peridiniales	Ostreopsidaceae	Coolia	Coolia malayensis
ASV_4492	Eukaryota	no_hit	no_hit	no_hit	no_hit	no_hit	no_hit	no_hit
ASV_4493	no_hit	no_hit	no_hit	no_hit	no_hit	no_hit	no_hit	no_hit
ASV_4494	Eukaryota	no_hit	no_hit	no_hit	no_hit	no_hit	no_hit	no_hit
ASV_4495	Eukaryota	no_hit	unknown	Dinophyceae	Syndiniales	Amoebophryaceae	Amoebophrya	no_hit
ASV_4496	Eukaryota	no_hit	unknown	Dinophyceae	Peridiniales	Peridiniaceae	Peridinium	no_hit
ASV_4497	Eukaryota	no_hit	Haptophyta	no_hit	no_hit	no_hit	no_hit	no_hit
ASV_4498	Eukaryota	Viridiplantae	Chlorophyta	Mamiellophyceae	Dolichomastigales	Crustomastigaceae	Crustomastix	Crustomastix stigmatica
ASV_4499	no_hit	no_hit	no_hit	no_hit	no_hit	no_hit	no_hit	no_hit
ASV_4500	Eukaryota	no_hit	unknown	Dinophyceae	Syndiniales	Amoebophryaceae	Amoebophrya	no_hit
ASV_4501	Eukaryota	no_hit	unknown	unknown	unknown	unknown	unknown	uncultured marine eukaryote
ASV_4502	Eukaryota	no_hit	unknown	Dinophyceae	Gymnodiniales	Warnowiaceae	Erythropsidinium	no_hit
ASV_4503	Eukaryota	no_hit	unknown	Dinophyceae	Syndiniales	Amoebophryaceae	Amoebophrya	no_hit
ASV_4504	no_hit	no_hit	no_hit	no_hit	no_hit	no_hit	no_hit	no_hit
ASV_4505	no_hit	no_hit	no_hit	no_hit	no_hit	no_hit	no_hit	no_hit
ASV_4506	Eukaryota	no_hit	unknown	Bigyra	Nanomonadea	unknown	Solenicola	Solenicola setigera
ASV_4507	Eukaryota	no_hit	Ciliophora	Oligohymenophorea	Apostomatida	Pseudocolliniidae	Fusiforma	Fusiforma themisticola
ASV_4508	Eukaryota	no_hit	unknown	Acantharea	Chaunacanthida	unknown	unknown	Chaunacanthid sp. 6200
ASV_4509	Eukaryota	no_hit	unknown	Dinophyceae	Syndiniales	Eudubosquellidae	Euduboscquella	no_hit
ASV_4510	Eukaryota	no_hit	unknown	Bigyra	Nanomonadea	unknown	Solenicola	no_hit
ASV_4511	Eukaryota	no_hit	unknown	Dinophyceae	Gymnodiniales	Kareniaceae	Takayama	Takayama cf. pulchellum
ASV_4512	Eukaryota	no_hit	Euglenozoa	unknown	Diplonemea	unknown	unknown	Diplonemida sp. 1sb RG-2016
ASV_4513	Eukaryota	no_hit	Euglenozoa	unknown	Diplonemea	unknown	unknown	Diplonemida sp. 37 RG-2016
ASV_4514	Eukaryota	no_hit	unknown	Polycystinea	Collodaria	Sphaerozoidae	no_hit	no_hit
ASV_4515	no_hit	no_hit	no_hit	no_hit	no_hit	no_hit	no_hit	no_hit
ASV_4516	Eukaryota	no_hit	unknown	Dinophyceae	Syndiniales	no_hit	no_hit	no_hit
ASV_4517	Eukaryota	no_hit	unknown	Dinophyceae	Syndiniales	Amoebophryaceae	Amoebophrya	no_hit
ASV_4518	no_hit	no_hit	no_hit	no_hit	no_hit	no_hit	no_hit	no_hit
ASV_4519	Eukaryota	no_hit	no_hit	no_hit	no_hit	no_hit	no_hit	no_hit
ASV_4520	no_hit	no_hit	no_hit	no_hit	no_hit	no_hit	no_hit	no_hit
ASV_4521	Eukaryota	no_hit	Bacillariophyta	Bacillariophyceae	Bacillariales	Bacillariaceae	Nitzschia	no_hit
ASV_4522	Eukaryota	no_hit	unknown	unknown	unknown	unknown	unknown	Uncultured marine alveolate Group II DH148-EKD27
ASV_4523	Eukaryota	no_hit	unknown	unknown	unknown	unknown	unknown	uncultured marine eukaryote
ASV_4524	Eukaryota	no_hit	unknown	Dinophyceae	no_hit	no_hit	no_hit	no_hit
ASV_4525	Eukaryota	no_hit	unknown	unknown	unknown	unknown	unknown	Uncultured marine alveolate Group I DH144-EKD3
ASV_4526	Eukaryota	no_hit	unknown	Dinophyceae	no_hit	no_hit	no_hit	no_hit
ASV_4527	Eukaryota	no_hit	unknown	Dinophyceae	Syndiniales	Amoebophryaceae	Amoebophrya	no_hit
ASV_4528	Eukaryota	no_hit	unknown	Bolidophyceae	Parmales	Triparmaceae	Bolidomonas	Bolidomonas mediterranea
ASV_4529	Eukaryota	no_hit	unknown	unknown	unknown	unknown	unknown	uncultured marine eukaryote
ASV_4530	Eukaryota	no_hit	no_hit	no_hit	no_hit	no_hit	no_hit	no_hit
ASV_4531	Eukaryota	no_hit	unknown	Dinophyceae	Peridiniales	Peridiniaceae	Pentapharsodinium	Pentapharsodinium tyrrhenicum
ASV_4532	Eukaryota	no_hit	unknown	Dinophyceae	no_hit	no_hit	no_hit	no_hit
ASV_4533	Eukaryota	no_hit	unknown	Dinophyceae	Syndiniales	no_hit	no_hit	no_hit
ASV_4534	Eukaryota	no_hit	Bacillariophyta	Coscinodiscophyceae	Rhizosoleniales	Rhizosoleniaceae	Neocalyptrella	Neocalyptrella robusta
ASV_4535	no_hit	no_hit	no_hit	no_hit	no_hit	no_hit	no_hit	no_hit
ASV_4536	unassigned	unassigned	unassigned	unassigned	unassigned	unassigned	unassigned	unassigned
ASV_4537	Eukaryota	no_hit	unknown	unknown	unknown	unknown	unknown	uncultured marine eukaryote
ASV_4538	Eukaryota	no_hit	Apicomplexa	Conoidasida	Eugregarinorida	Lecudinidae	Ancora	Ancora sagittata
ASV_4539	Eukaryota	no_hit	unknown	unknown	unknown	unknown	unknown	uncultured marine picoeukaryote
ASV_4540	no_hit	no_hit	no_hit	no_hit	no_hit	no_hit	no_hit	no_hit
ASV_4541	no_hit	no_hit	no_hit	no_hit	no_hit	no_hit	no_hit	no_hit
ASV_4542	Eukaryota	no_hit	Oomycota	unknown	Lagenidiales	Haliphthoraceae	Haliphthoros	no_hit
ASV_4543	Eukaryota	no_hit	unknown	Dinophyceae	Peridiniales	Peridiniaceae	Leonella	Leonella granifera
ASV_4544	Eukaryota	no_hit	unknown	Dinophyceae	no_hit	no_hit	no_hit	no_hit
ASV_4545	Eukaryota	no_hit	unknown	Dinophyceae	Peridiniales	Peridiniaceae	Peridinium	no_hit
ASV_4546	Eukaryota	Metazoa	Nemertea	Palaeonemertea	unknown	Tubulanidae	Tubulanus	no_hit
ASV_4547	Eukaryota	no_hit	unknown	Bigyra	Bicosoecida	Bicosoecidae	Bicosoeca	Bicosoeca petiolata
ASV_4548	Eukaryota	no_hit	unknown	unknown	unknown	unknown	unknown	uncultured marine picoeukaryote
ASV_4549	Eukaryota	no_hit	unknown	Acantharea	no_hit	no_hit	no_hit	no_hit
ASV_4550	Eukaryota	no_hit	unknown	Polycystinea	no_hit	no_hit	no_hit	no_hit
ASV_4551	Eukaryota	no_hit	unknown	unknown	unknown	unknown	unknown	uncultured marine eukaryote
ASV_4552	Eukaryota	no_hit	Bacillariophyta	Bacillariophyceae	Eunotiales	Eunotiaceae	Eunotia	no_hit
ASV_4553	Eukaryota	no_hit	unknown	Dinophyceae	no_hit	no_hit	no_hit	no_hit
ASV_4554	Eukaryota	no_hit	unknown	Dinophyceae	Syndiniales	no_hit	no_hit	no_hit
ASV_4555	Eukaryota	no_hit	unknown	unknown	unknown	unknown	unknown	uncultured marine picoeukaryote
ASV_4556	Eukaryota	no_hit	unknown	Dictyochophyceae	Pedinellales	unknown	Pseudopedinella	Pseudopedinella elastica
ASV_4557	Eukaryota	no_hit	unknown	unknown	unknown	unknown	unknown	uncultured marine eukaryote
ASV_4558	Eukaryota	no_hit	unknown	Dinophyceae	Peridiniales	Pfiesteriaceae	no_hit	no_hit
ASV_4559	Eukaryota	no_hit	unknown	Dinophyceae	Syndiniales	Amoebophryaceae	Amoebophrya	no_hit
ASV_4560	Eukaryota	no_hit	no_hit	no_hit	no_hit	no_hit	no_hit	no_hit
ASV_4561	Eukaryota	no_hit	no_hit	no_hit	no_hit	no_hit	no_hit	no_hit
ASV_4562	no_hit	no_hit	no_hit	no_hit	no_hit	no_hit	no_hit	no_hit
ASV_4563	Eukaryota	no_hit	Bacillariophyta	Coscinodiscophyceae	Chaetocerotales	Chaetocerotaceae	Chaetoceros	Chaetoceros tenuissimus
ASV_4564	no_hit	no_hit	no_hit	no_hit	no_hit	no_hit	no_hit	no_hit
ASV_4565	Eukaryota	no_hit	unknown	Bigyra	Thraustochytrida	Thraustochytriaceae	Thraustochytrium	no_hit
ASV_4566	Eukaryota	no_hit	unknown	Dinophyceae	Coccidiniales	Chytriodiniaceae	Chytriodinium	Chytriodinium sp. Atlantic
ASV_4567	Eukaryota	no_hit	unknown	Dinophyceae	Peridiniales	Protoperidiniaceae	Protoperidinium	no_hit
ASV_4568	Eukaryota	Metazoa	Arthropoda	Hexanauplia	Calanoida	no_hit	no_hit	no_hit
ASV_4569	Eukaryota	no_hit	unknown	Dinophyceae	no_hit	no_hit	no_hit	no_hit
ASV_4570	Eukaryota	no_hit	unknown	unknown	Jakobida	no_hit	no_hit	no_hit
ASV_4571	Eukaryota	no_hit	unknown	unknown	unknown	unknown	unknown	eukaryote clone OLI11023
ASV_4572	Eukaryota	no_hit	Bacillariophyta	no_hit	no_hit	no_hit	no_hit	no_hit
ASV_4573	Eukaryota	no_hit	Euglenozoa	Euglenida	Petalomonadida	Scytomonadidae	Notosolenus	Notosolenus urceolatus
ASV_4574	Eukaryota	no_hit	unknown	Choanoflagellata	unknown	unknown	unknown	Choanoflagellida sp. SL163
ASV_4575	no_hit	no_hit	no_hit	no_hit	no_hit	no_hit	no_hit	no_hit
ASV_4576	Eukaryota	Metazoa	Cnidaria	Anthozoa	Actiniaria	Halcampoididae	Halcampoides	no_hit
ASV_4577	Eukaryota	Metazoa	Chordata	Appendicularia	Copelata	Oikopleuridae	Oikopleura	Oikopleura dioica
ASV_4578	Eukaryota	no_hit	unknown	Dinophyceae	no_hit	no_hit	no_hit	no_hit
ASV_4579	Eukaryota	Fungi	Basidiomycota	Agaricomycetes	Agaricales	no_hit	no_hit	no_hit
ASV_4580	Eukaryota	no_hit	no_hit	no_hit	no_hit	no_hit	no_hit	no_hit
ASV_4581	Eukaryota	no_hit	unknown	Dinophyceae	Syndiniales	no_hit	no_hit	no_hit
ASV_4582	Eukaryota	no_hit	Ciliophora	Oligohymenophorea	Peniculida	Urocentridae	Urocentrum	no_hit
ASV_4583	Eukaryota	no_hit	unknown	Dinophyceae	Syndiniales	Amoebophryaceae	Amoebophrya	no_hit
ASV_4584	Eukaryota	no_hit	unknown	Dinophyceae	Syndiniales	Amoebophryaceae	Amoebophrya	no_hit
ASV_4585	Eukaryota	no_hit	unknown	Bigyra	Oblongichytrida	unknown	Oblongichytrium	no_hit
ASV_4586	Eukaryota	no_hit	Ciliophora	Spirotrichea	unknown	Strombidiidae	Spirostrombidium	Spirostrombidium faurefremieti
ASV_4587	no_hit	no_hit	no_hit	no_hit	no_hit	no_hit	no_hit	no_hit
ASV_4588	Eukaryota	no_hit	no_hit	no_hit	no_hit	no_hit	no_hit	no_hit
ASV_4589	Eukaryota	no_hit	unknown	Dinophyceae	Gymnodiniales	Gymnodiniaceae	Gyrodinium	no_hit
ASV_4590	Eukaryota	no_hit	unknown	Dinophyceae	Syndiniales	Amoebophryaceae	Amoebophrya	no_hit
ASV_4591	Eukaryota	no_hit	unknown	unknown	unknown	unknown	unknown	uncultured marine eukaryote
ASV_4592	Eukaryota	no_hit	unknown	Dinophyceae	no_hit	no_hit	no_hit	no_hit
ASV_4593	Eukaryota	no_hit	Bacillariophyta	Bacillariophyceae	Naviculales	Naviculaceae	Navicula	no_hit
ASV_4594	Eukaryota	no_hit	unknown	Dinophyceae	Syndiniales	Amoebophryaceae	Amoebophrya	no_hit
ASV_4595	no_hit	no_hit	no_hit	no_hit	no_hit	no_hit	no_hit	no_hit
ASV_4596	Eukaryota	no_hit	unknown	Dinophyceae	Gymnodiniales	Gymnodiniaceae	Gyrodiniellum	Gyrodiniellum shiwhaense
ASV_4597	Eukaryota	no_hit	unknown	Polycystinea	no_hit	no_hit	no_hit	no_hit
ASV_4598	no_hit	no_hit	no_hit	no_hit	no_hit	no_hit	no_hit	no_hit
ASV_4599	Eukaryota	no_hit	Ciliophora	Oligohymenophorea	Philasterida	Loxocephalidae	Kariphilus	Kariphilus muscorum
ASV_4600	Eukaryota	no_hit	unknown	Dinophyceae	Syndiniales	Amoebophryaceae	Amoebophrya	no_hit
ASV_4601	Eukaryota	no_hit	Ciliophora	Spirotrichea	Tintinnida	Codonellidae	Tintinnopsis	Tintinnopsis sp. JG-2011a
ASV_4602	Eukaryota	no_hit	no_hit	no_hit	no_hit	no_hit	no_hit	no_hit
ASV_4603	Eukaryota	no_hit	Imbricatea	unknown	Thaumatomonadida	Thaumatomastigidae	Protaspis	Protaspis sp. CC-2009c
ASV_4604	Eukaryota	no_hit	unknown	Acantharea	Arthracanthida	Hexalaspididae	Hexaconus	Hexaconus serratus
ASV_4605	Eukaryota	Metazoa	Chordata	Appendicularia	Copelata	Fritillariidae	Fritillaria <tunicates>	Fritillaria formica
ASV_4606	Eukaryota	no_hit	unknown	Dinophyceae	Syndiniales	no_hit	no_hit	no_hit
ASV_4607	Eukaryota	no_hit	no_hit	no_hit	no_hit	no_hit	no_hit	no_hit
ASV_4608	Eukaryota	no_hit	Apicomplexa	Conoidasida	Eugregarinorida	Lecudinidae	Lecudina	Lecudina polymorpha
ASV_4609	Eukaryota	no_hit	unknown	unknown	Pirsoniales	unknown	Pirsonia	Pirsonia punctigera
ASV_4610	Eukaryota	Metazoa	Platyhelminthes	Trematoda	Azygiida	Didymozoidae	no_hit	no_hit
ASV_4611	Eukaryota	no_hit	no_hit	no_hit	no_hit	no_hit	no_hit	no_hit
ASV_4612	Eukaryota	Metazoa	Arthropoda	Hexanauplia	Calanoida	no_hit	no_hit	no_hit
ASV_4613	Eukaryota	no_hit	Ciliophora	Prostomatea	Prorodontida	Urotrichidae	Urotricha	no_hit
ASV_4614	Eukaryota	no_hit	unknown	Dinophyceae	no_hit	no_hit	no_hit	no_hit
ASV_4615	Eukaryota	no_hit	Discosea	unknown	Stygamoebida	unknown	Stygamoeba	Stygamoeba regulata
ASV_4616	Eukaryota	no_hit	unknown	Dinophyceae	Syndiniales	no_hit	no_hit	no_hit
ASV_4617	Eukaryota	no_hit	no_hit	no_hit	no_hit	no_hit	no_hit	no_hit
ASV_4618	Eukaryota	no_hit	unknown	Dinophyceae	Gonyaulacales	Amphidomataceae	Azadinium	Azadinium cuneatum
ASV_4619	no_hit	no_hit	no_hit	no_hit	no_hit	no_hit	no_hit	no_hit
ASV_4620	no_hit	no_hit	no_hit	no_hit	no_hit	no_hit	no_hit	no_hit
ASV_4621	Eukaryota	no_hit	no_hit	no_hit	no_hit	no_hit	no_hit	no_hit
ASV_4622	Eukaryota	no_hit	unknown	Cryptophyceae	Cyathomonadacea	Goniomonadaceae	Goniomonas	no_hit
ASV_4623	Eukaryota	no_hit	unknown	unknown	unknown	unknown	unknown	Uncultured marine alveolate Group I DH147-EKD18
ASV_4624	Eukaryota	no_hit	unknown	Dinophyceae	no_hit	no_hit	no_hit	no_hit
ASV_4625	Eukaryota	no_hit	unknown	Dinophyceae	Syndiniales	Amoebophryaceae	Amoebophrya	no_hit
ASV_4626	Eukaryota	no_hit	unknown	Acantharea	Chaunacanthida	no_hit	no_hit	no_hit
ASV_4627	Eukaryota	no_hit	unknown	unknown	unknown	unknown	unknown	Uncultured marine alveolate Group II DH147-EKD16
ASV_4628	Eukaryota	no_hit	no_hit	no_hit	no_hit	no_hit	no_hit	no_hit
ASV_4629	no_hit	no_hit	no_hit	no_hit	no_hit	no_hit	no_hit	no_hit
ASV_4630	Eukaryota	no_hit	no_hit	no_hit	no_hit	no_hit	no_hit	no_hit
ASV_4631	Eukaryota	no_hit	no_hit	no_hit	no_hit	no_hit	no_hit	no_hit
ASV_4632	Eukaryota	no_hit	unknown	Dinophyceae	Syndiniales	Duboscquellidae	Duboscquella	no_hit
ASV_4633	Eukaryota	no_hit	Oomycota	unknown	Peronosporales	Peronosporaceae	Hyaloperonospora	Hyaloperonospora parasitica
ASV_4634	no_hit	no_hit	no_hit	no_hit	no_hit	no_hit	no_hit	no_hit
ASV_4635	Eukaryota	Fungi	Ascomycota	Saccharomycetes	Saccharomycetales	unknown	Candida	no_hit
ASV_4636	no_hit	no_hit	no_hit	no_hit	no_hit	no_hit	no_hit	no_hit
ASV_4637	Eukaryota	no_hit	Cercozoa	unknown	Cercomonadida	Cercomonadidae	no_hit	no_hit
ASV_4638	Eukaryota	no_hit	no_hit	no_hit	no_hit	no_hit	no_hit	no_hit
ASV_4639	Eukaryota	no_hit	no_hit	no_hit	no_hit	no_hit	no_hit	no_hit
ASV_4640	Eukaryota	no_hit	unknown	Dinophyceae	no_hit	no_hit	no_hit	no_hit
ASV_4641	Eukaryota	no_hit	unknown	Dinophyceae	Syndiniales	Amoebophryaceae	Amoebophrya	no_hit
ASV_4642	Eukaryota	no_hit	unknown	Dinophyceae	Peridiniales	Peridiniaceae	Peridinium	Peridinium fusiformis
ASV_4643	Eukaryota	no_hit	unknown	Dinophyceae	Syndiniales	Amoebophryaceae	Amoebophrya	no_hit
ASV_4644	no_hit	no_hit	no_hit	no_hit	no_hit	no_hit	no_hit	no_hit
ASV_4645	Eukaryota	no_hit	unknown	Dinophyceae	no_hit	no_hit	no_hit	no_hit
ASV_4646	Eukaryota	no_hit	Ciliophora	Colpodea	unknown	unknown	unknown	Uncultured marine colpodean ciliate DH147-EKD23
ASV_4647	Eukaryota	no_hit	unknown	unknown	unknown	unknown	unknown	uncultured marine eukaryote
ASV_4648	Eukaryota	no_hit	unknown	unknown	unknown	unknown	unknown	uncultured marine picoeukaryote
ASV_4649	Eukaryota	no_hit	no_hit	no_hit	no_hit	no_hit	no_hit	no_hit
ASV_4650	no_hit	no_hit	no_hit	no_hit	no_hit	no_hit	no_hit	no_hit
ASV_4651	Eukaryota	no_hit	Haptophyta	unknown	Prymnesiales	Chrysochromulinaceae	Chrysochromulina	Chrysochromulina campanulifera
ASV_4652	Eukaryota	no_hit	Euglenozoa	unknown	Diplonemea	unknown	unknown	Diplonemida sp. 37 RG-2016
ASV_4653	Eukaryota	no_hit	no_hit	no_hit	no_hit	no_hit	no_hit	no_hit
ASV_4654	Eukaryota	no_hit	unknown	unknown	unknown	unknown	unknown	eukaryote clone OLI11261
ASV_4655	Eukaryota	no_hit	unknown	Dinophyceae	Syndiniales	Amoebophryaceae	Amoebophrya	no_hit
ASV_4656	Eukaryota	no_hit	unknown	unknown	unknown	unknown	unknown	eukaryote clone OLI11023
ASV_4657	Eukaryota	no_hit	unknown	Dinophyceae	Syndiniales	Syndiniaceae	Hematodinium	no_hit
ASV_4658	Eukaryota	no_hit	Cercozoa	no_hit	no_hit	no_hit	no_hit	no_hit
ASV_4659	no_hit	no_hit	no_hit	no_hit	no_hit	no_hit	no_hit	no_hit
ASV_4660	Eukaryota	no_hit	unknown	Dinophyceae	Syndiniales	no_hit	no_hit	no_hit
ASV_4661	Eukaryota	no_hit	unknown	unknown	unknown	unknown	unknown	uncultured marine picoeukaryote
ASV_4662	Eukaryota	Metazoa	Arthropoda	Hexanauplia	Cyclopoida	Cyclopidae	no_hit	no_hit
ASV_4663	Eukaryota	Metazoa	Arthropoda	Hexanauplia	Calanoida	Paracalanidae	Paracalanus	no_hit
ASV_4664	Eukaryota	no_hit	unknown	Dinophyceae	Syndiniales	Duboscquellidae	Duboscquella	no_hit
ASV_4665	Eukaryota	no_hit	unknown	Acantharea	no_hit	no_hit	no_hit	no_hit
ASV_4666	Eukaryota	no_hit	Ciliophora	no_hit	no_hit	no_hit	no_hit	no_hit
ASV_4667	Eukaryota	Viridiplantae	Chlorophyta	Chlorophyceae	Chlamydomonadales	Chlamydomonadaceae	Chlamydomonas	Chlamydomonas fottii
ASV_4668	no_hit	no_hit	no_hit	no_hit	no_hit	no_hit	no_hit	no_hit
ASV_4669	no_hit	no_hit	no_hit	no_hit	no_hit	no_hit	no_hit	no_hit
ASV_4670	no_hit	no_hit	no_hit	no_hit	no_hit	no_hit	no_hit	no_hit
ASV_4671	Eukaryota	no_hit	no_hit	no_hit	no_hit	no_hit	no_hit	no_hit
ASV_4672	Eukaryota	no_hit	unknown	Bigyra	no_hit	no_hit	no_hit	no_hit
ASV_4673	Eukaryota	no_hit	unknown	unknown	unknown	unknown	unknown	Uncultured marine alveolate Group I DH144-EKD3
ASV_4674	Eukaryota	no_hit	Cercozoa	no_hit	no_hit	no_hit	no_hit	no_hit
ASV_4675	Eukaryota	Metazoa	Mollusca	Bivalvia	Mytiloida	Mytilidae	Modiolus	no_hit
ASV_4676	no_hit	no_hit	no_hit	no_hit	no_hit	no_hit	no_hit	no_hit
ASV_4677	Eukaryota	Metazoa	Annelida	Polychaeta	unknown	Maldanidae	no_hit	no_hit
ASV_4678	Eukaryota	no_hit	Imbricatea	unknown	Thaumatomonadida	Thaumatomastigidae	Protaspis	Protaspis sp. CC-2009c
ASV_4679	no_hit	no_hit	no_hit	no_hit	no_hit	no_hit	no_hit	no_hit
ASV_4680	no_hit	no_hit	no_hit	no_hit	no_hit	no_hit	no_hit	no_hit
ASV_4681	no_hit	no_hit	no_hit	no_hit	no_hit	no_hit	no_hit	no_hit
ASV_4682	no_hit	no_hit	no_hit	no_hit	no_hit	no_hit	no_hit	no_hit
ASV_4683	Eukaryota	no_hit	unknown	Dinophyceae	Peridiniales	Protoperidiniaceae	Protoperidinium	Protoperidinium punctulatum
ASV_4684	Eukaryota	no_hit	unknown	Polycystinea	no_hit	no_hit	no_hit	no_hit
ASV_4685	Eukaryota	no_hit	unknown	Polycystinea	Collodaria	Sphaerozoidae	no_hit	no_hit
ASV_4686	Eukaryota	no_hit	unknown	Polycystinea	Spumellaria	Actinommidae	Hexacontium	no_hit
ASV_4687	no_hit	no_hit	no_hit	no_hit	no_hit	no_hit	no_hit	no_hit
ASV_4688	Eukaryota	no_hit	unknown	unknown	unknown	unknown	unknown	Uncultured marine alveolate Group I DH144-EKD3
ASV_4689	Eukaryota	no_hit	unknown	Dinophyceae	Syndiniales	Amoebophryaceae	Amoebophrya	no_hit
ASV_4690	Eukaryota	no_hit	unknown	unknown	Telonemida	no_hit	no_hit	no_hit
ASV_4691	Eukaryota	no_hit	Endomyxa	Ascetosporea	Paradiniida	unknown	Paradinium	Paradinium poucheti
ASV_4692	no_hit	no_hit	no_hit	no_hit	no_hit	no_hit	no_hit	no_hit
ASV_4693	Eukaryota	no_hit	Bacillariophyta	no_hit	no_hit	no_hit	no_hit	no_hit
ASV_4694	Eukaryota	no_hit	no_hit	no_hit	no_hit	no_hit	no_hit	no_hit
ASV_4695	Eukaryota	no_hit	unknown	Dinophyceae	Syndiniales	no_hit	no_hit	no_hit
ASV_4696	Eukaryota	no_hit	unknown	unknown	unknown	unknown	unknown	uncultured marine eukaryote
ASV_4697	Eukaryota	no_hit	no_hit	no_hit	no_hit	no_hit	no_hit	no_hit
ASV_4698	Eukaryota	no_hit	unknown	Dinophyceae	Syndiniales	Amoebophryaceae	Amoebophrya	no_hit
ASV_4699	Eukaryota	no_hit	no_hit	no_hit	no_hit	no_hit	no_hit	no_hit
ASV_4700	Eukaryota	no_hit	Haptophyta	no_hit	no_hit	no_hit	no_hit	no_hit
ASV_4701	Eukaryota	no_hit	unknown	Dinophyceae	no_hit	no_hit	no_hit	no_hit
ASV_4702	Eukaryota	no_hit	no_hit	no_hit	no_hit	no_hit	no_hit	no_hit
ASV_4703	Eukaryota	no_hit	unknown	Dinophyceae	Syndiniales	Amoebophryaceae	Amoebophrya	no_hit
ASV_4704	no_hit	no_hit	no_hit	no_hit	no_hit	no_hit	no_hit	no_hit
ASV_4705	Eukaryota	no_hit	unknown	Dinophyceae	Gonyaulacales	Gonyaulacaceae	Alexandrium	no_hit
ASV_4706	Eukaryota	no_hit	unknown	Cryptophyceae	Pyrenomonadales	Geminigeraceae	Geminigera	Geminigera cryophila
ASV_4707	Eukaryota	no_hit	unknown	Dinophyceae	Syndiniales	no_hit	no_hit	no_hit
ASV_4708	Eukaryota	Viridiplantae	Prasinodermophyta	Prasinodermophyceae	Prasinodermales	Prasinodermaceae	Prasinoderma	no_hit
ASV_4709	Eukaryota	no_hit	unknown	Dinophyceae	Peridiniales	Protoperidiniaceae	Protoperidinium	no_hit
ASV_4710	Eukaryota	no_hit	unknown	Bigyra	Oblongichytrida	unknown	Oblongichytrium	no_hit
ASV_4711	no_hit	no_hit	no_hit	no_hit	no_hit	no_hit	no_hit	no_hit
ASV_4712	Eukaryota	no_hit	no_hit	no_hit	no_hit	no_hit	no_hit	no_hit
ASV_4713	Eukaryota	no_hit	Cercozoa	Thecofilosea	Cryomonadida	Protaspidae	Cryothecomonas	Cryothecomonas sp. APCC MC5-1Cryo
ASV_4714	Eukaryota	no_hit	no_hit	no_hit	no_hit	no_hit	no_hit	no_hit
ASV_4715	no_hit	no_hit	no_hit	no_hit	no_hit	no_hit	no_hit	no_hit
ASV_4716	Eukaryota	no_hit	unknown	Dinophyceae	Syndiniales	Amoebophryaceae	Amoebophrya	no_hit
ASV_4717	Eukaryota	no_hit	Rhodophyta	Bangiophyceae	Porphyridiales	Porphyridiaceae	Erythrolobus	Erythrolobus australicus
ASV_4718	Eukaryota	no_hit	unknown	unknown	unknown	unknown	unknown	eukaryote clone OLI11032
ASV_4719	Eukaryota	no_hit	unknown	Centroplasthelida	Pterocystida	Pterocystidae	Pterocystis	no_hit
ASV_4720	Eukaryota	no_hit	unknown	Polycystinea	no_hit	no_hit	no_hit	no_hit
ASV_4721	Eukaryota	no_hit	unknown	Dinophyceae	no_hit	no_hit	no_hit	no_hit
ASV_4722	Eukaryota	no_hit	unknown	Dinophyceae	Syndiniales	Amoebophryaceae	Amoebophrya	no_hit
ASV_4723	Eukaryota	no_hit	unknown	Bigyra	Thraustochytrida	Thraustochytriaceae	Aplanochytrium	no_hit
ASV_4724	Eukaryota	no_hit	Perkinsozoa	unknown	Perkinsida	Perkinsidae	Perkinsus	Perkinsus qugwadi
ASV_4725	Eukaryota	no_hit	unknown	unknown	unknown	unknown	unknown	uncultured marine eukaryote
ASV_4726	Eukaryota	no_hit	unknown	Dinophyceae	Syndiniales	Amoebophryaceae	Amoebophrya	no_hit
ASV_4727	Eukaryota	no_hit	unknown	Dinophyceae	Gymnodiniales	Gymnodiniaceae	Gyrodinium	no_hit
ASV_4728	Eukaryota	Viridiplantae	Chlorophyta	Pyramimonadophyceae	Pyramimonadales	Pyramimonadaceae	Pterosperma	Pterosperma cristatum
ASV_4729	Eukaryota	no_hit	unknown	unknown	unknown	unknown	unknown	eukaryote clone OLI11006
ASV_4730	Eukaryota	Viridiplantae	Chlorophyta	no_hit	no_hit	no_hit	no_hit	no_hit
ASV_4731	no_hit	no_hit	no_hit	no_hit	no_hit	no_hit	no_hit	no_hit
ASV_4732	no_hit	no_hit	no_hit	no_hit	no_hit	no_hit	no_hit	no_hit
ASV_4733	Eukaryota	no_hit	no_hit	no_hit	no_hit	no_hit	no_hit	no_hit
ASV_4734	Eukaryota	Metazoa	Arthropoda	Hexanauplia	Poecilostomatoida	Oncaeidae	no_hit	no_hit
ASV_4735	Eukaryota	no_hit	unknown	Dinophyceae	Syndiniales	Amoebophryaceae	Amoebophrya	no_hit
ASV_4736	Eukaryota	Metazoa	Arthropoda	Malacostraca	Cumacea	Leuconidae	Eudorella	Eudorella hirsuta
ASV_4737	Eukaryota	no_hit	unknown	unknown	unknown	unknown	unknown	uncultured marine eukaryote
ASV_4738	no_hit	no_hit	no_hit	no_hit	no_hit	no_hit	no_hit	no_hit
ASV_4739	Eukaryota	no_hit	Euglenozoa	unknown	Diplonemea	Diplonemidae	Diplonema	no_hit
ASV_4740	Eukaryota	no_hit	Endomyxa	Ascetosporea	Paradiniida	unknown	Paradinium	Paradinium poucheti
ASV_4741	Eukaryota	no_hit	unknown	Dinophyceae	Peridiniales	Heterocapsaceae	Heterocapsa	no_hit
ASV_4742	Eukaryota	no_hit	no_hit	no_hit	no_hit	no_hit	no_hit	no_hit
ASV_4743	Eukaryota	no_hit	Euglenozoa	unknown	Diplonemea	unknown	unknown	Diplonemida sp. 13 RG-2016
ASV_4744	Eukaryota	no_hit	unknown	Dinophyceae	no_hit	no_hit	no_hit	no_hit
ASV_4745	Eukaryota	no_hit	unknown	Dinophyceae	Gymnodiniales	Kareniaceae	Karlodinium	Karlodinium veneficum
ASV_4746	Eukaryota	no_hit	unknown	Dinophyceae	Syndiniales	Amoebophryaceae	Amoebophrya	no_hit
ASV_4747	Eukaryota	no_hit	Foraminifera	unknown	Rotaliida	Nonionidae	Nonion	Nonion sp. 17986
ASV_4748	no_hit	no_hit	no_hit	no_hit	no_hit	no_hit	no_hit	no_hit
ASV_4749	Eukaryota	no_hit	Ciliophora	no_hit	no_hit	no_hit	no_hit	no_hit
ASV_4750	no_hit	no_hit	no_hit	no_hit	no_hit	no_hit	no_hit	no_hit
ASV_4751	Eukaryota	no_hit	no_hit	no_hit	no_hit	no_hit	no_hit	no_hit
ASV_4752	no_hit	no_hit	no_hit	no_hit	no_hit	no_hit	no_hit	no_hit
ASV_4753	Eukaryota	no_hit	unknown	unknown	unknown	unknown	unknown	uncultured marine eukaryote
ASV_4754	Eukaryota	no_hit	unknown	Dinophyceae	Syndiniales	no_hit	no_hit	no_hit
ASV_4755	Eukaryota	no_hit	unknown	unknown	unknown	unknown	unknown	eukaryote clone OLI11013
ASV_4756	Eukaryota	no_hit	Cercozoa	Thecofilosea	unknown	unknown	Mataza	Mataza hastifera
ASV_4757	Eukaryota	no_hit	Euglenozoa	unknown	Diplonemea	no_hit	no_hit	no_hit
ASV_4758	no_hit	no_hit	no_hit	no_hit	no_hit	no_hit	no_hit	no_hit
ASV_4759	no_hit	no_hit	no_hit	no_hit	no_hit	no_hit	no_hit	no_hit
ASV_4760	Eukaryota	no_hit	unknown	Dinophyceae	Syndiniales	Amoebophryaceae	Amoebophrya	no_hit
ASV_4761	Eukaryota	no_hit	Haptophyta	unknown	Phaeocystales	Phaeocystaceae	Phaeocystis	Phaeocystis cordata
ASV_4762	Eukaryota	no_hit	unknown	unknown	unknown	unknown	unknown	uncultured marine eukaryote
ASV_4763	no_hit	no_hit	no_hit	no_hit	no_hit	no_hit	no_hit	no_hit
ASV_4764	Eukaryota	no_hit	unknown	Dinophyceae	Dinophysiales	Dinophysiaceae	Dinophysis	Dinophysis acuminata
ASV_4765	Eukaryota	no_hit	unknown	Dinophyceae	Peridiniales	Amphidiniopsidaceae	Herdmania <dinoflagellates>	Herdmania litoralis
ASV_4766	Eukaryota	no_hit	unknown	Dinophyceae	no_hit	no_hit	no_hit	no_hit
ASV_4767	Eukaryota	no_hit	Oomycota	no_hit	no_hit	no_hit	no_hit	no_hit
ASV_4768	Eukaryota	no_hit	unknown	Dinophyceae	no_hit	no_hit	no_hit	no_hit
ASV_4769	Eukaryota	no_hit	unknown	Dinophyceae	Peridiniales	no_hit	no_hit	no_hit
ASV_4770	Eukaryota	no_hit	unknown	Dinophyceae	Peridiniales	Protoperidiniaceae	Protoperidinium	Protoperidinium claudicans
ASV_4771	Eukaryota	Viridiplantae	Chlorophyta	Mamiellophyceae	Dolichomastigales	Crustomastigaceae	Crustomastix	Crustomastix sp. MBIC10709
ASV_4772	Eukaryota	no_hit	unknown	Dinophyceae	Syndiniales	no_hit	no_hit	no_hit
ASV_4773	Eukaryota	no_hit	unknown	Dinophyceae	no_hit	no_hit	no_hit	no_hit
ASV_4774	Eukaryota	Metazoa	Chordata	Thaliacea	Salpida	Salpidae	Thetys	Thetys vagina
ASV_4775	Eukaryota	no_hit	unknown	Bigyra	Oblongichytrida	unknown	Oblongichytrium	no_hit
ASV_4776	Eukaryota	no_hit	unknown	unknown	Pirsoniales	unknown	Pirsonia	Pirsonia guinardiae
ASV_4777	Eukaryota	no_hit	unknown	unknown	Ancyromonadida	Planomonadidae	Planomonas	Planomonas micra
ASV_4778	Eukaryota	Fungi	Mucoromycota	Glomeromycetes	Glomerales	Glomeraceae	Glomus	no_hit
ASV_4779	Eukaryota	no_hit	unknown	Cryptophyceae	Cyathomonadacea	Goniomonadaceae	Goniomonas	no_hit
ASV_4780	Eukaryota	no_hit	Ciliophora	unknown	unknown	unknown	unknown	Ciliate sp. NCMS0601
ASV_4781	no_hit	no_hit	no_hit	no_hit	no_hit	no_hit	no_hit	no_hit
ASV_4782	Eukaryota	no_hit	unknown	unknown	unknown	unknown	unknown	uncultured marine eukaryote
ASV_4783	Eukaryota	no_hit	unknown	Dinophyceae	no_hit	no_hit	no_hit	no_hit
ASV_4784	Eukaryota	no_hit	unknown	unknown	unknown	unknown	unknown	uncultured marine picoeukaryote
ASV_4785	Eukaryota	Metazoa	Cnidaria	Hydrozoa	Trachymedusae	Rhopalonematidae	Pantachogon	Pantachogon haeckeli
ASV_4786	no_hit	no_hit	no_hit	no_hit	no_hit	no_hit	no_hit	no_hit
ASV_4787	no_hit	no_hit	no_hit	no_hit	no_hit	no_hit	no_hit	no_hit
ASV_4788	Eukaryota	no_hit	unknown	Dinophyceae	Syndiniales	Amoebophryaceae	Amoebophrya	no_hit
ASV_4789	Eukaryota	no_hit	no_hit	no_hit	no_hit	no_hit	no_hit	no_hit
ASV_4790	Eukaryota	no_hit	unknown	Dinophyceae	Syndiniales	Amoebophryaceae	Amoebophrya	no_hit
ASV_4791	Eukaryota	no_hit	unknown	Bigyra	Nanomonadea	unknown	Solenicola	Solenicola setigera
ASV_4792	Eukaryota	no_hit	unknown	Cryptophyceae	Cyathomonadacea	Goniomonadaceae	Goniomonas	no_hit
ASV_4793	Eukaryota	no_hit	unknown	Polycystinea	Nassellaria	Pterocorythidae	Pterocorys	Pterocorys zancleus
ASV_4794	Eukaryota	no_hit	unknown	Dinophyceae	unknown	unknown	Madanidinium	Madanidinium loirii
ASV_4795	Eukaryota	Viridiplantae	Chlorophyta	Mamiellophyceae	Dolichomastigales	Crustomastigaceae	Crustomastix	Crustomastix stigmatica
ASV_4796	Eukaryota	no_hit	unknown	Dinophyceae	Syndiniales	Amoebophryaceae	Amoebophrya	no_hit
ASV_4797	Eukaryota	no_hit	Ciliophora	Spirotrichea	no_hit	no_hit	no_hit	no_hit
ASV_4798	Eukaryota	no_hit	unknown	Dinophyceae	unknown	unknown	Tintinnophagus	Tintinnophagus acutus
ASV_4799	Eukaryota	no_hit	unknown	Dinophyceae	no_hit	no_hit	no_hit	no_hit
ASV_4800	Eukaryota	no_hit	unknown	Dinophyceae	no_hit	no_hit	no_hit	no_hit
ASV_4801	Eukaryota	no_hit	unknown	Dinophyceae	Syndiniales	Amoebophryaceae	Amoebophrya	no_hit
ASV_4802	Eukaryota	no_hit	unknown	Dinophyceae	Syndiniales	Amoebophryaceae	Amoebophrya	no_hit
ASV_4803	Eukaryota	no_hit	no_hit	no_hit	no_hit	no_hit	no_hit	no_hit
ASV_4804	Eukaryota	Viridiplantae	Chlorophyta	Mamiellophyceae	Dolichomastigales	Crustomastigaceae	Crustomastix	no_hit
ASV_4805	Eukaryota	no_hit	unknown	Dinophyceae	Syndiniales	Amoebophryaceae	Amoebophrya	no_hit
ASV_4806	Eukaryota	no_hit	no_hit	no_hit	no_hit	no_hit	no_hit	no_hit
ASV_4807	no_hit	no_hit	no_hit	no_hit	no_hit	no_hit	no_hit	no_hit
ASV_4808	no_hit	no_hit	no_hit	no_hit	no_hit	no_hit	no_hit	no_hit
ASV_4809	Eukaryota	no_hit	unknown	Dinophyceae	Syndiniales	Amoebophryaceae	Amoebophrya	no_hit
ASV_4810	Eukaryota	no_hit	Cercozoa	no_hit	no_hit	no_hit	no_hit	no_hit
ASV_4811	Eukaryota	no_hit	unknown	unknown	unknown	unknown	unknown	Uncultured marine alveolate Group I DH147-EKD18
ASV_4812	Eukaryota	no_hit	Apicomplexa	Conoidasida	Eucoccidiorida	no_hit	no_hit	no_hit
ASV_4813	Eukaryota	no_hit	Ciliophora	Spirotrichea	Tintinnida	Tintinnidae	Tintinnidium	Tintinnidium mucicola
ASV_4814	Eukaryota	no_hit	Ciliophora	Spirotrichea	no_hit	no_hit	no_hit	no_hit
ASV_4815	Eukaryota	Fungi	Mucoromycota	Mortierellomycetes	Mortierellales	Mortierellaceae	Mortierella	Mortierella sp. 1 ZHNL-2013
ASV_4816	Eukaryota	no_hit	Cercozoa	unknown	unknown	unknown	Auranticordis	Auranticordis quadriverberis
ASV_4817	Eukaryota	no_hit	unknown	Dinophyceae	Peridiniales	Peridiniaceae	Pentapharsodinium	Pentapharsodinium tyrrhenicum
ASV_4818	Eukaryota	no_hit	Ciliophora	Colpodea	unknown	unknown	unknown	Uncultured marine colpodean ciliate DH147-EKD23
ASV_4819	Eukaryota	no_hit	Ciliophora	Spirotrichea	Choreotrichida	Strobilidiidae	Pelagostrobilidium	Pelagostrobilidium paraepacrum
ASV_4820	Eukaryota	no_hit	unknown	Dinophyceae	no_hit	no_hit	no_hit	no_hit
ASV_4821	Eukaryota	no_hit	unknown	Dinophyceae	Peridiniales	Glenodiniaceae	Glenodiniopsis	Glenodiniopsis steinii
ASV_4822	Eukaryota	Metazoa	Chordata	Appendicularia	Copelata	Oikopleuridae	Mesoikopleura	Mesoikopleura haranti
ASV_4823	Eukaryota	no_hit	no_hit	no_hit	no_hit	no_hit	no_hit	no_hit
ASV_4824	Eukaryota	no_hit	no_hit	no_hit	no_hit	no_hit	no_hit	no_hit
ASV_4825	Eukaryota	no_hit	unknown	Dinophyceae	Suessiales	no_hit	no_hit	no_hit
ASV_4826	Eukaryota	no_hit	unknown	unknown	unknown	unknown	unknown	Uncultured marine alveolate Group I DH144-EKD3
ASV_4827	Eukaryota	no_hit	unknown	Dinophyceae	Peridiniales	Protoperidiniaceae	Protoperidinium	Protoperidinium claudicans
ASV_4828	no_hit	no_hit	no_hit	no_hit	no_hit	no_hit	no_hit	no_hit
ASV_4829	no_hit	no_hit	no_hit	no_hit	no_hit	no_hit	no_hit	no_hit
ASV_4830	Eukaryota	no_hit	unknown	Dinophyceae	Syndiniales	Amoebophryaceae	Amoebophrya	no_hit
ASV_4831	Eukaryota	no_hit	unknown	Choanoflagellata	Craspedida	Salpingoecidae	Paramonosiga	Paramonosiga coloniensis
ASV_4832	Eukaryota	no_hit	unknown	Polycystinea	no_hit	no_hit	no_hit	no_hit
ASV_4833	Eukaryota	no_hit	unknown	Dinophyceae	no_hit	no_hit	no_hit	no_hit
ASV_4834	Eukaryota	no_hit	unknown	unknown	unknown	unknown	unknown	eukaryote clone OLI11032
ASV_4835	Eukaryota	no_hit	unknown	Dinophyceae	Syndiniales	Amoebophryaceae	Amoebophrya	no_hit
ASV_4836	Eukaryota	no_hit	unknown	Dinophyceae	Syndiniales	Amoebophryaceae	Amoebophrya	no_hit
ASV_4837	no_hit	no_hit	no_hit	no_hit	no_hit	no_hit	no_hit	no_hit
ASV_4838	Eukaryota	no_hit	unknown	unknown	unknown	unknown	unknown	uncultured marine eukaryote
ASV_4839	Eukaryota	no_hit	unknown	Dinophyceae	Gymnodiniales	Kareniaceae	Karlodinium	no_hit
ASV_4840	Eukaryota	no_hit	unknown	Dinophyceae	Syndiniales	Amoebophryaceae	Amoebophrya	no_hit
ASV_4841	Eukaryota	no_hit	no_hit	no_hit	no_hit	no_hit	no_hit	no_hit
ASV_4842	Eukaryota	no_hit	no_hit	no_hit	no_hit	no_hit	no_hit	no_hit
ASV_4843	Eukaryota	no_hit	no_hit	no_hit	no_hit	no_hit	no_hit	no_hit
ASV_4844	Eukaryota	no_hit	unknown	Bigyra	Thraustochytrida	Thraustochytriaceae	Aplanochytrium	Aplanochytrium stocchinoi
ASV_4845	Eukaryota	no_hit	unknown	Dinophyceae	unknown	unknown	unknown	Dinophyceae sp. ex Thalassicolla nucleata
ASV_4846	Eukaryota	no_hit	unknown	unknown	Telonemida	no_hit	no_hit	no_hit
ASV_4847	no_hit	no_hit	no_hit	no_hit	no_hit	no_hit	no_hit	no_hit
ASV_4848	Eukaryota	no_hit	unknown	Dinophyceae	Syndiniales	Amoebophryaceae	Amoebophrya	no_hit
ASV_4849	no_hit	no_hit	no_hit	no_hit	no_hit	no_hit	no_hit	no_hit
ASV_4850	Eukaryota	no_hit	unknown	Dinophyceae	Gonyaulacales	Amphidomataceae	Azadinium	no_hit
ASV_4851	no_hit	no_hit	no_hit	no_hit	no_hit	no_hit	no_hit	no_hit
ASV_4852	no_hit	no_hit	no_hit	no_hit	no_hit	no_hit	no_hit	no_hit
ASV_4853	Eukaryota	Metazoa	Nemertea	Palaeonemertea	unknown	Carinomidae	Carinoma	no_hit
ASV_4854	Eukaryota	no_hit	unknown	Dinophyceae	Syndiniales	Amoebophryaceae	Amoebophrya	no_hit
ASV_4855	Eukaryota	no_hit	unknown	unknown	unknown	Apusomonadidae	Amastigomonas	Amastigomonas mutabilis
ASV_4856	Eukaryota	no_hit	Euglenozoa	Euglenida	Petalomonadida	Sphenomonadidae	Sphenomonas	Sphenomonas cf. tristriata
ASV_4857	no_hit	no_hit	no_hit	no_hit	no_hit	no_hit	no_hit	no_hit
ASV_4858	Eukaryota	no_hit	no_hit	no_hit	no_hit	no_hit	no_hit	no_hit
ASV_4859	Bacteria	no_hit	unknown	unknown	unknown	unknown	unknown	bacterium
ASV_4860	Eukaryota	no_hit	unknown	Acantharea	Symphyacanthida	Amphilithiidae	Amphibelone	Amphibelone anomala
ASV_4861	Eukaryota	no_hit	Ciliophora	Spirotrichea	no_hit	no_hit	no_hit	no_hit
ASV_4862	Eukaryota	no_hit	unknown	Dinophyceae	Gymnodiniales	Gymnodiniaceae	Cochlodinium	no_hit
ASV_4863	Eukaryota	Viridiplantae	Chlorophyta	Mamiellophyceae	Dolichomastigales	Crustomastigaceae	Crustomastix	Crustomastix sp. MBIC10709
ASV_4864	Eukaryota	no_hit	unknown	Dinophyceae	no_hit	no_hit	no_hit	no_hit
ASV_4865	Eukaryota	no_hit	unknown	Dinophyceae	Syndiniales	Amoebophryaceae	Amoebophrya	no_hit
ASV_4866	Eukaryota	no_hit	unknown	Dinophyceae	Syndiniales	Amoebophryaceae	Amoebophrya	no_hit
ASV_4867	Eukaryota	Metazoa	Porifera	Calcarea	Leucosolenida	Grantiidae	Synute	Synute pulchella
ASV_4868	no_hit	no_hit	no_hit	no_hit	no_hit	no_hit	no_hit	no_hit
ASV_4869	Eukaryota	no_hit	no_hit	no_hit	no_hit	no_hit	no_hit	no_hit
ASV_4870	Eukaryota	no_hit	Ciliophora	Spirotrichea	no_hit	no_hit	no_hit	no_hit
ASV_4871	Eukaryota	no_hit	unknown	Dinophyceae	Syndiniales	no_hit	no_hit	no_hit
ASV_4872	Eukaryota	no_hit	unknown	unknown	Pirsoniales	unknown	Pirsonia	Pirsonia formosa
ASV_4873	Eukaryota	no_hit	Euglenozoa	unknown	Diplonemea	unknown	unknown	Diplonemida sp. 1sb RG-2016
ASV_4874	Eukaryota	no_hit	unknown	unknown	unknown	unknown	unknown	eukaryote clone OLI11055
ASV_4875	Eukaryota	no_hit	unknown	Dinophyceae	Syndiniales	Amoebophryaceae	Amoebophrya	no_hit
ASV_4876	Eukaryota	no_hit	unknown	Dinophyceae	Peridiniales	Peridiniaceae	Peridinium	no_hit
ASV_4877	no_hit	no_hit	no_hit	no_hit	no_hit	no_hit	no_hit	no_hit
ASV_4878	Eukaryota	no_hit	unknown	Dinophyceae	Prorocentrales	Prorocentraceae	Prorocentrum	no_hit
ASV_4879	Eukaryota	no_hit	Foraminifera	unknown	Miliolida	Miliolidae	Quinqueloculina	no_hit
ASV_4880	Eukaryota	no_hit	Cercozoa	Thecofilosea	Tectofilosida	Chlamydophryidae	Lecythium	no_hit
ASV_4881	Eukaryota	no_hit	unknown	unknown	unknown	unknown	unknown	eukaryote clone OLI11001
ASV_4882	no_hit	no_hit	no_hit	no_hit	no_hit	no_hit	no_hit	no_hit
ASV_4883	Eukaryota	no_hit	unknown	Dinophyceae	Syndiniales	Amoebophryaceae	Amoebophrya	no_hit
ASV_4884	Eukaryota	no_hit	Imbricatea	unknown	Thaumatomonadida	Thaumatomastigidae	Protaspis	Protaspis sp. CC-2009c
ASV_4885	Eukaryota	no_hit	unknown	Dinophyceae	Syndiniales	Amoebophryaceae	Amoebophrya	no_hit
ASV_4886	no_hit	no_hit	no_hit	no_hit	no_hit	no_hit	no_hit	no_hit
ASV_4887	Eukaryota	no_hit	unknown	unknown	unknown	unknown	unknown	uncultured marine eukaryote
ASV_4888	Eukaryota	no_hit	unknown	Dinophyceae	Syndiniales	Amoebophryaceae	Amoebophrya	no_hit
ASV_4889	Eukaryota	no_hit	Imbricatea	unknown	Thaumatomonadida	no_hit	no_hit	no_hit
ASV_4890	Eukaryota	no_hit	unknown	Dinophyceae	Syndiniales	Amoebophryaceae	Amoebophrya	no_hit
ASV_4891	Eukaryota	no_hit	unknown	Polycystinea	no_hit	no_hit	no_hit	no_hit
ASV_4892	no_hit	no_hit	no_hit	no_hit	no_hit	no_hit	no_hit	no_hit
ASV_4893	Eukaryota	no_hit	unknown	Polycystinea	Spumellaria	no_hit	no_hit	no_hit
ASV_4894	no_hit	no_hit	no_hit	no_hit	no_hit	no_hit	no_hit	no_hit
ASV_4895	Eukaryota	no_hit	unknown	unknown	Sticholonchida	Sticholonchidae	Sticholonche	Sticholonche sp. JB-2011
ASV_4896	no_hit	no_hit	no_hit	no_hit	no_hit	no_hit	no_hit	no_hit
ASV_4897	no_hit	no_hit	no_hit	no_hit	no_hit	no_hit	no_hit	no_hit
ASV_4898	Eukaryota	no_hit	unknown	Dinophyceae	Syndiniales	Amoebophryaceae	Amoebophrya	no_hit
ASV_4899	Eukaryota	no_hit	unknown	Dinophyceae	Peridiniales	Protoperidiniaceae	Protoperidinium	Protoperidinium conicum
ASV_4900	Eukaryota	no_hit	unknown	Dinophyceae	Syndiniales	no_hit	no_hit	no_hit
ASV_4901	Eukaryota	no_hit	unknown	Bigyra	Bicosoecida	Siluaniidae	Adriamonas	no_hit
ASV_4902	Eukaryota	no_hit	unknown	Dinophyceae	Syndiniales	no_hit	no_hit	no_hit
ASV_4903	Eukaryota	no_hit	no_hit	no_hit	no_hit	no_hit	no_hit	no_hit
ASV_4904	Eukaryota	no_hit	unknown	unknown	unknown	unknown	unknown	uncultured marine eukaryote
ASV_4905	Eukaryota	no_hit	Haptophyta	no_hit	no_hit	no_hit	no_hit	no_hit
ASV_4906	no_hit	no_hit	no_hit	no_hit	no_hit	no_hit	no_hit	no_hit
ASV_4907	no_hit	no_hit	no_hit	no_hit	no_hit	no_hit	no_hit	no_hit
ASV_4908	Eukaryota	no_hit	unknown	Dinophyceae	Syndiniales	no_hit	no_hit	no_hit
ASV_4909	Eukaryota	no_hit	unknown	Dictyochophyceae	Florenciellales	no_hit	no_hit	no_hit
ASV_4910	Eukaryota	no_hit	unknown	Dinophyceae	Torodiniales	Torodiniaceae	Torodinium	Torodinium teredo
ASV_4911	Eukaryota	no_hit	unknown	unknown	unknown	unknown	unknown	Uncultured marine alveolate Group I DH147-EKD18
ASV_4912	Eukaryota	no_hit	Euglenozoa	unknown	Diplonemea	no_hit	no_hit	no_hit
ASV_4913	Eukaryota	no_hit	unknown	Polycystinea	Nassellaria	Trissocyclidae	Ceratospyris	Ceratospyris hyperborea
ASV_4914	Eukaryota	no_hit	no_hit	no_hit	no_hit	no_hit	no_hit	no_hit
ASV_4915	Eukaryota	no_hit	unknown	Dinophyceae	Gymnodiniales	Gymnodiniaceae	Akashiwo	Akashiwo sanguinea
ASV_4916	Eukaryota	no_hit	unknown	Dinophyceae	Syndiniales	Amoebophryaceae	Amoebophrya	no_hit
ASV_4917	Eukaryota	no_hit	unknown	unknown	unknown	unknown	unknown	uncultured marine picoeukaryote
ASV_4918	Eukaryota	no_hit	no_hit	no_hit	no_hit	no_hit	no_hit	no_hit
ASV_4919	no_hit	no_hit	no_hit	no_hit	no_hit	no_hit	no_hit	no_hit
ASV_4920	Eukaryota	no_hit	unknown	Dinophyceae	Peridiniales	Heterocapsaceae	Heterocapsa	no_hit
ASV_4921	Eukaryota	no_hit	unknown	unknown	unknown	unknown	unknown	uncultured marine eukaryote
ASV_4922	no_hit	no_hit	no_hit	no_hit	no_hit	no_hit	no_hit	no_hit
ASV_4923	Eukaryota	no_hit	unknown	unknown	unknown	unknown	unknown	uncultured marine eukaryote
ASV_4924	Eukaryota	no_hit	unknown	Centroplasthelida	Pterocystida	Pterocystidae	no_hit	no_hit
ASV_4925	Eukaryota	no_hit	unknown	unknown	unknown	unknown	unknown	eukaryote clone OLI11005
ASV_4926	Eukaryota	no_hit	unknown	Dinophyceae	Syndiniales	Amoebophryaceae	Amoebophrya	no_hit
ASV_4927	Eukaryota	no_hit	no_hit	no_hit	no_hit	no_hit	no_hit	no_hit
ASV_4928	Eukaryota	no_hit	no_hit	no_hit	no_hit	no_hit	no_hit	no_hit
ASV_4929	Eukaryota	no_hit	unknown	unknown	Pirsoniales	unknown	Pirsonia	Pirsonia guinardiae
ASV_4930	Eukaryota	no_hit	unknown	Dinophyceae	no_hit	no_hit	no_hit	no_hit
ASV_4931	Eukaryota	no_hit	unknown	Bigyra	Labyrinthulida	Labyrinthulaceae	Labyrinthula	no_hit
ASV_4932	Eukaryota	no_hit	unknown	Dinophyceae	Syndiniales	Amoebophryaceae	Amoebophrya	no_hit
ASV_4933	Eukaryota	no_hit	unknown	Bigyra	Thraustochytrida	Thraustochytriaceae	Thraustochytrium	Thraustochytrium multirudimentale
ASV_4934	Eukaryota	no_hit	unknown	Dinophyceae	Syndiniales	Amoebophryaceae	Amoebophrya	no_hit
ASV_4935	Eukaryota	no_hit	unknown	unknown	unknown	unknown	unknown	uncultured marine picoeukaryote
ASV_4936	Eukaryota	no_hit	unknown	Dinophyceae	Syndiniales	Amoebophryaceae	Amoebophrya	no_hit
ASV_4937	Eukaryota	no_hit	Cercozoa	unknown	unknown	Massisteriidae	Massisteria	no_hit
ASV_4938	Eukaryota	no_hit	unknown	Dinophyceae	no_hit	no_hit	no_hit	no_hit
ASV_4939	Eukaryota	Metazoa	Chordata	Appendicularia	Copelata	Fritillariidae	Fritillaria <tunicates>	Fritillaria formica
ASV_4940	Eukaryota	no_hit	unknown	Dinophyceae	Syndiniales	Amoebophryaceae	Amoebophrya	no_hit
ASV_4941	Eukaryota	no_hit	unknown	Dinophyceae	Gymnodiniales	Warnowiaceae	Warnowia	Warnowia sp. BSL-2009a
ASV_4942	Eukaryota	no_hit	Bacillariophyta	Coscinodiscophyceae	Chaetocerotales	Chaetocerotaceae	Chaetoceros	no_hit
ASV_4943	unassigned	unassigned	unassigned	unassigned	unassigned	unassigned	unassigned	unassigned
ASV_4944	Eukaryota	no_hit	unknown	Dinophyceae	Syndiniales	Amoebophryaceae	Amoebophrya	no_hit
ASV_4945	no_hit	no_hit	no_hit	no_hit	no_hit	no_hit	no_hit	no_hit
ASV_4946	Eukaryota	no_hit	no_hit	no_hit	no_hit	no_hit	no_hit	no_hit
ASV_4947	Eukaryota	no_hit	Foraminifera	no_hit	no_hit	no_hit	no_hit	no_hit
ASV_4948	Eukaryota	no_hit	Ciliophora	Spirotrichea	no_hit	no_hit	no_hit	no_hit
ASV_4949	Eukaryota	no_hit	unknown	unknown	unknown	Apusomonadidae	Amastigomonas	Amastigomonas mutabilis
ASV_4950	Eukaryota	no_hit	no_hit	no_hit	no_hit	no_hit	no_hit	no_hit
ASV_4951	Eukaryota	no_hit	unknown	Dinophyceae	Syndiniales	Amoebophryaceae	Amoebophrya	no_hit
ASV_4952	Eukaryota	no_hit	unknown	Bigyra	no_hit	no_hit	no_hit	no_hit
ASV_4953	Eukaryota	no_hit	unknown	unknown	unknown	Apusomonadidae	Amastigomonas	Amastigomonas mutabilis
ASV_4954	no_hit	no_hit	no_hit	no_hit	no_hit	no_hit	no_hit	no_hit
ASV_4955	Eukaryota	no_hit	no_hit	no_hit	no_hit	no_hit	no_hit	no_hit
ASV_4956	Eukaryota	no_hit	unknown	Polycystinea	no_hit	no_hit	no_hit	no_hit
ASV_4957	Eukaryota	no_hit	unknown	Dinophyceae	Blastodiniales	unknown	Blastodinium	Blastodinium spinulosum
ASV_4958	Eukaryota	no_hit	Ciliophora	Spirotrichea	no_hit	no_hit	no_hit	no_hit
ASV_4959	Eukaryota	no_hit	Cercozoa	Thecofilosea	Cryomonadida	Protaspidae	Cryothecomonas	Cryothecomonas aestivalis
ASV_4960	Eukaryota	no_hit	Ciliophora	Phyllopharyngea	Dysteriida	Plesiotrichopidae	Pithites	Pithites vorax
ASV_4961	Eukaryota	no_hit	unknown	Polycystinea	Spumellaria	no_hit	no_hit	no_hit
ASV_4962	Eukaryota	no_hit	unknown	Dinophyceae	Syndiniales	Amoebophryaceae	Amoebophrya	no_hit
ASV_4963	Eukaryota	no_hit	unknown	Dinophyceae	Syndiniales	Amoebophryaceae	Amoebophrya	no_hit
ASV_4964	no_hit	no_hit	no_hit	no_hit	no_hit	no_hit	no_hit	no_hit
ASV_4965	Eukaryota	no_hit	unknown	Dinophyceae	no_hit	no_hit	no_hit	no_hit
ASV_4966	Eukaryota	no_hit	unknown	Dinophyceae	Gymnodiniales	Gymnodiniaceae	Paulsenella	Paulsenella vonstoschii
ASV_4967	no_hit	no_hit	no_hit	no_hit	no_hit	no_hit	no_hit	no_hit
ASV_4968	Eukaryota	no_hit	Ciliophora	Spirotrichea	Choreotrichida	Strombidinopsidae	Parastrombidinopsis	Parastrombidinopsis shimi
ASV_4969	Eukaryota	no_hit	unknown	Dinophyceae	Peridiniales	Protoperidiniaceae	Islandinium	Islandinium tricingulatum
ASV_4970	Eukaryota	no_hit	unknown	Dinophyceae	Syndiniales	no_hit	no_hit	no_hit
ASV_4971	no_hit	no_hit	no_hit	no_hit	no_hit	no_hit	no_hit	no_hit
ASV_4972	Eukaryota	no_hit	unknown	Dinophyceae	Syndiniales	Amoebophryaceae	Amoebophrya	no_hit
ASV_4973	Eukaryota	no_hit	unknown	Dinophyceae	Gymnodiniales	no_hit	no_hit	no_hit
ASV_4974	no_hit	no_hit	no_hit	no_hit	no_hit	no_hit	no_hit	no_hit
ASV_4975	Eukaryota	no_hit	unknown	Dinophyceae	Syndiniales	Amoebophryaceae	Amoebophrya	no_hit
ASV_4976	Eukaryota	no_hit	unknown	Dinophyceae	Prorocentrales	Prorocentraceae	Prorocentrum	Prorocentrum pseudopanamense
ASV_4977	Eukaryota	no_hit	unknown	Dinophyceae	Syndiniales	no_hit	no_hit	no_hit
ASV_4978	Eukaryota	no_hit	unknown	Dinophyceae	Syndiniales	Eudubosquellidae	Euduboscquella	no_hit
ASV_4979	Eukaryota	no_hit	unknown	Dinophyceae	Syndiniales	Amoebophryaceae	Amoebophrya	no_hit
ASV_4980	no_hit	no_hit	no_hit	no_hit	no_hit	no_hit	no_hit	no_hit
ASV_4981	Eukaryota	no_hit	unknown	Pelagophyceae	Pelagomonadales	unknown	Aureococcus	Aureococcus anophagefferens
ASV_4982	Eukaryota	no_hit	unknown	Dinophyceae	Syndiniales	no_hit	no_hit	no_hit
ASV_4983	Eukaryota	no_hit	unknown	unknown	unknown	unknown	unknown	uncultured marine picoeukaryote
ASV_4984	Eukaryota	no_hit	Apicomplexa	Conoidasida	Eucoccidiorida	Adeleidae	Klossia	Klossia helicina
ASV_4985	no_hit	no_hit	no_hit	no_hit	no_hit	no_hit	no_hit	no_hit
ASV_4986	Eukaryota	no_hit	no_hit	no_hit	no_hit	no_hit	no_hit	no_hit
ASV_4987	no_hit	no_hit	no_hit	no_hit	no_hit	no_hit	no_hit	no_hit
ASV_4988	Eukaryota	no_hit	no_hit	no_hit	no_hit	no_hit	no_hit	no_hit
ASV_4989	Eukaryota	no_hit	unknown	Dinophyceae	Syndiniales	no_hit	no_hit	no_hit
ASV_4990	Eukaryota	no_hit	Haptophyta	no_hit	no_hit	no_hit	no_hit	no_hit
ASV_4991	Eukaryota	no_hit	unknown	Dinophyceae	Syndiniales	no_hit	no_hit	no_hit
ASV_4992	Eukaryota	no_hit	unknown	Dinophyceae	Syndiniales	Amoebophryaceae	Amoebophrya	no_hit
ASV_4993	no_hit	no_hit	no_hit	no_hit	no_hit	no_hit	no_hit	no_hit
ASV_4994	Eukaryota	no_hit	Bacillariophyta	Coscinodiscophyceae	Melosirales	Stephanopyxidaceae	Stephanopyxis	Stephanopyxis turris
ASV_4995	Eukaryota	no_hit	Oomycota	unknown	Lagenidiales	Haliphthoraceae	Haliphthoros	Haliphthoros sp. NJM 0034
ASV_4996	Eukaryota	Metazoa	Annelida	Polychaeta	unknown	Nerillidae	Paranerilla	Paranerilla limicola
ASV_4997	Eukaryota	no_hit	unknown	unknown	unknown	unknown	unknown	uncultured marine eukaryote
ASV_4998	Eukaryota	no_hit	Oomycota	no_hit	no_hit	no_hit	no_hit	no_hit
ASV_4999	no_hit	no_hit	no_hit	no_hit	no_hit	no_hit	no_hit	no_hit
ASV_5000	Eukaryota	no_hit	unknown	Cryptophyceae	Cyathomonadacea	Goniomonadaceae	Goniomonas	Goniomonas sp. NIES-1374
ASV_5001	Eukaryota	no_hit	unknown	Acantharea	Chaunacanthida	unknown	unknown	Chaunacanthid sp. 6200
ASV_5002	unassigned	unassigned	unassigned	unassigned	unassigned	unassigned	unassigned	unassigned
ASV_5003	Eukaryota	Metazoa	Arthropoda	Ostracoda	Halocyprida	Halocyprididae	Conchoecia	Conchoecia sp. SN008
ASV_5004	Eukaryota	no_hit	no_hit	no_hit	no_hit	no_hit	no_hit	no_hit
ASV_5005	Eukaryota	no_hit	no_hit	no_hit	no_hit	no_hit	no_hit	no_hit
ASV_5006	Eukaryota	Metazoa	Ctenophora	Tentaculata	Lobata	Bathocyroidae	Bathocyroe	no_hit
ASV_5007	Eukaryota	no_hit	unknown	Dinophyceae	no_hit	no_hit	no_hit	no_hit
ASV_5008	Eukaryota	no_hit	unknown	unknown	unknown	unknown	unknown	Uncultured marine alveolate Group I DH145-EKD10
ASV_5009	Eukaryota	no_hit	unknown	Dinophyceae	no_hit	no_hit	no_hit	no_hit
ASV_5010	Eukaryota	no_hit	unknown	Chrysophyceae	no_hit	no_hit	no_hit	no_hit
ASV_5011	Eukaryota	no_hit	Ciliophora	no_hit	no_hit	no_hit	no_hit	no_hit
ASV_5012	no_hit	no_hit	no_hit	no_hit	no_hit	no_hit	no_hit	no_hit
ASV_5013	Eukaryota	no_hit	unknown	Dinophyceae	Syndiniales	no_hit	no_hit	no_hit
ASV_5014	Eukaryota	no_hit	no_hit	no_hit	no_hit	no_hit	no_hit	no_hit
ASV_5015	Eukaryota	no_hit	Cercozoa	no_hit	no_hit	no_hit	no_hit	no_hit
ASV_5016	Eukaryota	no_hit	unknown	Dinophyceae	Syndiniales	Amoebophryaceae	Amoebophrya	no_hit
ASV_5017	Eukaryota	no_hit	unknown	Dinophyceae	no_hit	no_hit	no_hit	no_hit
ASV_5018	Eukaryota	Metazoa	Chordata	Appendicularia	Copelata	Fritillariidae	Tectillaria	Tectillaria fertilis
ASV_5019	Eukaryota	no_hit	Oomycota	unknown	Albuginales	Albuginaceae	Albugo	Albugo candida
ASV_5020	Eukaryota	Fungi	Chytridiomycota	Chytridiomycetes	Rhizophydiales	no_hit	no_hit	no_hit
ASV_5021	Eukaryota	no_hit	unknown	Dinophyceae	Syndiniales	Duboscquellidae	Duboscquella	no_hit
ASV_5022	Eukaryota	no_hit	unknown	Polycystinea	Nassellaria	Theoperidae	Cycladophora	Cycladophora cornuta
ASV_5023	no_hit	no_hit	no_hit	no_hit	no_hit	no_hit	no_hit	no_hit
ASV_5024	no_hit	no_hit	no_hit	no_hit	no_hit	no_hit	no_hit	no_hit
ASV_5025	Eukaryota	no_hit	unknown	Cryptophyceae	Pyrenomonadales	Geminigeraceae	Geminigera	Geminigera cryophila
ASV_5026	Eukaryota	no_hit	unknown	unknown	unknown	unknown	unknown	uncultured marine picoeukaryote
ASV_5027	Eukaryota	no_hit	unknown	Dinophyceae	Syndiniales	no_hit	no_hit	no_hit
ASV_5028	Eukaryota	no_hit	unknown	unknown	Telonemida	no_hit	no_hit	no_hit
ASV_5029	Eukaryota	no_hit	no_hit	no_hit	no_hit	no_hit	no_hit	no_hit
ASV_5030	Eukaryota	no_hit	unknown	Dinophyceae	Syndiniales	Amoebophryaceae	Amoebophrya	no_hit
ASV_5031	Eukaryota	no_hit	no_hit	no_hit	no_hit	no_hit	no_hit	no_hit
ASV_5032	Eukaryota	no_hit	Cercozoa	no_hit	no_hit	no_hit	no_hit	no_hit
ASV_5033	no_hit	no_hit	no_hit	no_hit	no_hit	no_hit	no_hit	no_hit
ASV_5034	Eukaryota	no_hit	unknown	Dinophyceae	Syndiniales	no_hit	no_hit	no_hit
ASV_5035	Eukaryota	no_hit	unknown	Dinophyceae	Syndiniales	no_hit	no_hit	no_hit
ASV_5036	Eukaryota	no_hit	unknown	Dinophyceae	Syndiniales	Amoebophryaceae	Amoebophrya	no_hit
ASV_5037	Eukaryota	no_hit	no_hit	no_hit	no_hit	no_hit	no_hit	no_hit
ASV_5038	no_hit	no_hit	no_hit	no_hit	no_hit	no_hit	no_hit	no_hit
ASV_5039	Eukaryota	no_hit	Imbricatea	unknown	Euglyphida	Euglyphidae	Euglypha	Euglypha rotunda
ASV_5040	Eukaryota	no_hit	unknown	Dinophyceae	unknown	unknown	unknown	Dinophyceae sp. ex Thalassicolla nucleata
ASV_5041	Eukaryota	no_hit	unknown	unknown	unknown	unknown	unknown	uncultured marine picoeukaryote
ASV_5042	Eukaryota	no_hit	unknown	Dinophyceae	no_hit	no_hit	no_hit	no_hit
ASV_5043	Eukaryota	no_hit	unknown	Dinophyceae	Syndiniales	Amoebophryaceae	Amoebophrya	no_hit
ASV_5044	no_hit	no_hit	no_hit	no_hit	no_hit	no_hit	no_hit	no_hit
ASV_5045	Eukaryota	no_hit	Cercozoa	Thecofilosea	Cryomonadida	Protaspidae	Cryothecomonas	no_hit
ASV_5046	Eukaryota	no_hit	unknown	Dinophyceae	no_hit	no_hit	no_hit	no_hit
ASV_5047	Eukaryota	no_hit	Bacillariophyta	Bacillariophyceae	Naviculales	Naviculaceae	Haslea	Haslea avium
ASV_5048	Eukaryota	no_hit	unknown	Polycystinea	Spumellaria	no_hit	no_hit	no_hit
ASV_5049	Eukaryota	no_hit	unknown	Dinophyceae	no_hit	no_hit	no_hit	no_hit
ASV_5050	Eukaryota	no_hit	unknown	Dinophyceae	Syndiniales	Amoebophryaceae	Amoebophrya	no_hit
ASV_5051	no_hit	no_hit	no_hit	no_hit	no_hit	no_hit	no_hit	no_hit
ASV_5052	Eukaryota	no_hit	unknown	Dinophyceae	Syndiniales	Amoebophryaceae	Amoebophrya	no_hit
ASV_5053	Eukaryota	no_hit	unknown	Bigyra	Thraustochytrida	Thraustochytriaceae	unknown	Thraustochytriidae sp. C9G
ASV_5054	Eukaryota	no_hit	unknown	unknown	unknown	unknown	unknown	uncultured marine picoeukaryote
ASV_5055	Eukaryota	no_hit	unknown	Dinophyceae	Syndiniales	no_hit	no_hit	no_hit
ASV_5056	Eukaryota	no_hit	unknown	Bigyra	Nanomonadea	unknown	Solenicola	no_hit
ASV_5057	Eukaryota	no_hit	unknown	Bolidophyceae	Parmales	Triparmaceae	Bolidomonas	no_hit
ASV_5058	Eukaryota	no_hit	unknown	Dinophyceae	Syndiniales	no_hit	no_hit	no_hit
ASV_5059	Eukaryota	no_hit	no_hit	no_hit	no_hit	no_hit	no_hit	no_hit
ASV_5060	Eukaryota	no_hit	unknown	Dinophyceae	Syndiniales	no_hit	no_hit	no_hit
ASV_5061	Eukaryota	no_hit	unknown	Dinophyceae	Gymnodiniales	Gymnodiniaceae	Gyrodinium	no_hit
ASV_5062	Eukaryota	Metazoa	Chordata	Appendicularia	Copelata	Oikopleuridae	Oikopleura	Oikopleura gorskyi
ASV_5063	Eukaryota	no_hit	unknown	Dinophyceae	Syndiniales	Syndiniaceae	Hematodinium	no_hit
ASV_5064	Eukaryota	no_hit	no_hit	no_hit	no_hit	no_hit	no_hit	no_hit
ASV_5065	no_hit	no_hit	no_hit	no_hit	no_hit	no_hit	no_hit	no_hit
ASV_5066	Eukaryota	no_hit	unknown	Cryptophyceae	Pyrenomonadales	Geminigeraceae	Geminigera	Geminigera cryophila
ASV_5067	Eukaryota	Viridiplantae	Prasinodermophyta	Prasinodermophyceae	Prasinodermales	Prasinodermaceae	Prasinoderma	no_hit
ASV_5068	Eukaryota	no_hit	Cercozoa	unknown	Cercomonadida	Cercomonadidae	no_hit	no_hit
ASV_5069	Eukaryota	no_hit	unknown	Dinophyceae	Syndiniales	Amoebophryaceae	Amoebophrya	no_hit
ASV_5070	no_hit	no_hit	no_hit	no_hit	no_hit	no_hit	no_hit	no_hit
ASV_5071	Eukaryota	Viridiplantae	Chlorophyta	Pyramimonadophyceae	Pyramimonadales	Pyramimonadaceae	Pterosperma	Pterosperma cristatum
ASV_5072	Eukaryota	no_hit	Ciliophora	Spirotrichea	unknown	Strombidiidae	no_hit	no_hit
ASV_5073	Eukaryota	no_hit	unknown	Chrysophyceae	Hibberdiales	Hibberdiaceae	Hibberdia	Hibberdia magna
ASV_5074	Eukaryota	no_hit	unknown	Dinophyceae	Syndiniales	no_hit	no_hit	no_hit
ASV_5075	Eukaryota	no_hit	unknown	unknown	Telonemida	no_hit	no_hit	no_hit
ASV_5076	Eukaryota	Viridiplantae	Chlorophyta	no_hit	no_hit	no_hit	no_hit	no_hit
ASV_5077	no_hit	no_hit	no_hit	no_hit	no_hit	no_hit	no_hit	no_hit
ASV_5078	Eukaryota	Fungi	Chytridiomycota	Chytridiomycetes	Rhizophydiales	no_hit	no_hit	no_hit
ASV_5079	Eukaryota	no_hit	Bacillariophyta	Fragilariophyceae	Rhaponeidales	Rhaphoneidaceae	Rhaphoneis	Rhaphoneis sp. s0366
ASV_5080	Eukaryota	no_hit	Ciliophora	Spirotrichea	Sporadotrichida	Oxytrichidae	unknown	Oxytrichidae sp. MD-2012
ASV_5081	Eukaryota	no_hit	Bacillariophyta	Bacillariophyceae	Bacillariales	Bacillariaceae	Pseudo-nitzschia	no_hit
ASV_5082	Eukaryota	no_hit	unknown	Acantharea	Arthracanthida	Acanthometridae	Acanthometra	no_hit
ASV_5083	Eukaryota	Metazoa	Cnidaria	Hydrozoa	Siphonophorae	no_hit	no_hit	no_hit
ASV_5084	Eukaryota	no_hit	unknown	Dinophyceae	Syndiniales	Amoebophryaceae	Amoebophrya	no_hit
ASV_5085	Eukaryota	Viridiplantae	Chlorophyta	no_hit	no_hit	no_hit	no_hit	no_hit
ASV_5086	Eukaryota	no_hit	no_hit	no_hit	no_hit	no_hit	no_hit	no_hit
ASV_5087	Eukaryota	no_hit	unknown	unknown	unknown	unknown	unknown	uncultured marine picoeukaryote
ASV_5088	Eukaryota	no_hit	Imbricatea	unknown	Thaumatomonadida	no_hit	no_hit	no_hit
ASV_5089	Eukaryota	no_hit	unknown	Dinophyceae	Syndiniales	Amoebophryaceae	Amoebophrya	no_hit
ASV_5090	Eukaryota	Viridiplantae	Chlorophyta	no_hit	no_hit	no_hit	no_hit	no_hit
ASV_5091	Eukaryota	no_hit	unknown	unknown	unknown	unknown	unknown	Uncultured marine alveolate Group II DH148-EKD14
ASV_5092	Eukaryota	no_hit	Ciliophora	Oligohymenophorea	Apostomatida	Colliniidae	Lynnia	Lynnia grapsolytica
ASV_5093	Eukaryota	no_hit	Bacillariophyta	Coscinodiscophyceae	Chaetocerotales	Chaetocerotaceae	Chaetoceros	Chaetoceros diadema
ASV_5094	Eukaryota	no_hit	unknown	unknown	unknown	unknown	unknown	eukaryote clone OLI11032
ASV_5095	Eukaryota	no_hit	unknown	Dinophyceae	Syndiniales	Syndiniaceae	Hematodinium	no_hit
ASV_5096	Eukaryota	no_hit	no_hit	no_hit	no_hit	no_hit	no_hit	no_hit
ASV_5097	Eukaryota	no_hit	unknown	Dinophyceae	no_hit	no_hit	no_hit	no_hit
ASV_5098	Eukaryota	no_hit	unknown	Dinophyceae	no_hit	no_hit	no_hit	no_hit
ASV_5099	Eukaryota	no_hit	Ciliophora	Oligohymenophorea	Philasterida	Cinetochilidae	Cinetochilum	Cinetochilum ovale
ASV_5100	Eukaryota	no_hit	unknown	Dinophyceae	no_hit	no_hit	no_hit	no_hit
ASV_5101	Eukaryota	no_hit	unknown	Dinophyceae	Gonyaulacales	Gonyaulacaceae	Alexandrium	no_hit
ASV_5102	Eukaryota	no_hit	unknown	unknown	unknown	unknown	unknown	uncultured marine eukaryote
ASV_5103	Eukaryota	no_hit	unknown	Dinophyceae	Syndiniales	Amoebophryaceae	Amoebophrya	no_hit
ASV_5104	Eukaryota	no_hit	Bacillariophyta	Fragilariophyceae	no_hit	no_hit	no_hit	no_hit
ASV_5105	no_hit	no_hit	no_hit	no_hit	no_hit	no_hit	no_hit	no_hit
ASV_5106	Eukaryota	Metazoa	Cnidaria	Scyphozoa	Semaeostomeae	Pelagiidae	no_hit	no_hit
ASV_5107	Eukaryota	no_hit	unknown	Cryptophyceae	Pyrenomonadales	Geminigeraceae	Geminigera	Geminigera cryophila
ASV_5108	no_hit	no_hit	no_hit	no_hit	no_hit	no_hit	no_hit	no_hit
ASV_5109	Eukaryota	Viridiplantae	Streptophyta	Magnoliopsida	Brassicales	Brassicaceae	Arabidopsis	Arabidopsis thaliana
ASV_5110	no_hit	no_hit	no_hit	no_hit	no_hit	no_hit	no_hit	no_hit
ASV_5111	Eukaryota	no_hit	no_hit	no_hit	no_hit	no_hit	no_hit	no_hit
ASV_5112	Eukaryota	no_hit	unknown	unknown	unknown	unknown	unknown	uncultured marine eukaryote
ASV_5113	no_hit	no_hit	no_hit	no_hit	no_hit	no_hit	no_hit	no_hit
ASV_5114	unassigned	unassigned	unassigned	unassigned	unassigned	unassigned	unassigned	unassigned
ASV_5115	Eukaryota	no_hit	Bacillariophyta	Bacillariophyceae	Naviculales	Naviculaceae	Seminavis	Seminavis sp. 4a LKM-2015
ASV_5116	Eukaryota	no_hit	unknown	Dinophyceae	Peridiniales	Peridiniaceae	Peridinium	no_hit
ASV_5117	Eukaryota	no_hit	unknown	Dinophyceae	Syndiniales	Amoebophryaceae	Amoebophrya	no_hit
ASV_5118	Eukaryota	no_hit	Imbricatea	unknown	Marimonadida	unknown	Abollifer	Abollifer globosa
ASV_5119	Eukaryota	no_hit	unknown	Dinophyceae	Syndiniales	Amoebophryaceae	Amoebophrya	no_hit
ASV_5120	Eukaryota	Metazoa	Annelida	Polychaeta	unknown	Protodrilidae	Protodrilus	Protodrilus sp. 1 KW107
ASV_5121	Eukaryota	no_hit	no_hit	no_hit	no_hit	no_hit	no_hit	no_hit
ASV_5122	no_hit	no_hit	no_hit	no_hit	no_hit	no_hit	no_hit	no_hit
ASV_5123	Eukaryota	no_hit	unknown	Polycystinea	Nassellaria	Theoperidae	Pterocanium	Pterocanium trilobum
ASV_5124	Eukaryota	no_hit	unknown	Polycystinea	Nassellaria	Plagiacanthidae	Lithomelissa	Lithomelissa sp. 8012
ASV_5125	Eukaryota	no_hit	unknown	unknown	unknown	unknown	unknown	Uncultured marine alveolate Group II DH147-EKD3
ASV_5126	no_hit	no_hit	no_hit	no_hit	no_hit	no_hit	no_hit	no_hit
ASV_5127	no_hit	no_hit	no_hit	no_hit	no_hit	no_hit	no_hit	no_hit
ASV_5128	no_hit	no_hit	no_hit	no_hit	no_hit	no_hit	no_hit	no_hit
ASV_5129	no_hit	no_hit	no_hit	no_hit	no_hit	no_hit	no_hit	no_hit
ASV_5130	Eukaryota	no_hit	unknown	Cryptophyceae	Cyathomonadacea	Goniomonadaceae	Goniomonas	Goniomonas sp. SH-8
ASV_5131	Eukaryota	Metazoa	Cnidaria	Hydrozoa	Anthoathecata	no_hit	no_hit	no_hit
ASV_5132	Eukaryota	no_hit	unknown	Acantharea	Chaunacanthida	Gigartacontidae	no_hit	no_hit
ASV_5133	no_hit	no_hit	no_hit	no_hit	no_hit	no_hit	no_hit	no_hit
ASV_5134	Eukaryota	no_hit	unknown	unknown	unknown	unknown	unknown	Acantharian sp. 6201
ASV_5135	Eukaryota	no_hit	unknown	Dinophyceae	Syndiniales	Amoebophryaceae	Amoebophrya	no_hit
ASV_5136	Eukaryota	no_hit	unknown	unknown	unknown	unknown	unknown	uncultured marine eukaryote
ASV_5137	Eukaryota	no_hit	unknown	unknown	unknown	unknown	unknown	uncultured marine eukaryote
ASV_5138	Eukaryota	no_hit	unknown	Dinophyceae	Peridiniales	Protoperidiniaceae	Protoperidinium	Protoperidinium conicum
ASV_5139	Eukaryota	no_hit	no_hit	no_hit	no_hit	no_hit	no_hit	no_hit
ASV_5140	Eukaryota	no_hit	no_hit	no_hit	no_hit	no_hit	no_hit	no_hit
ASV_5141	Eukaryota	no_hit	no_hit	no_hit	no_hit	no_hit	no_hit	no_hit
ASV_5142	Eukaryota	no_hit	unknown	Dinophyceae	Syndiniales	no_hit	no_hit	no_hit
ASV_5143	Eukaryota	no_hit	no_hit	no_hit	no_hit	no_hit	no_hit	no_hit
ASV_5144	Eukaryota	no_hit	unknown	unknown	unknown	unknown	unknown	uncultured marine picoeukaryote
ASV_5145	Eukaryota	Metazoa	Chordata	Appendicularia	Copelata	Fritillariidae	Fritillaria <tunicates>	Fritillaria borealis
ASV_5146	Eukaryota	no_hit	Haptophyta	no_hit	no_hit	no_hit	no_hit	no_hit
ASV_5147	Eukaryota	Fungi	Chytridiomycota	Chytridiomycetes	Rhizophydiales	no_hit	no_hit	no_hit
ASV_5148	Eukaryota	Fungi	Mucoromycota	Glomeromycetes	Glomerales	Glomeraceae	Glomus	no_hit
ASV_5149	no_hit	no_hit	no_hit	no_hit	no_hit	no_hit	no_hit	no_hit
ASV_5150	Eukaryota	no_hit	unknown	Dinophyceae	unknown	unknown	unknown	Dinophyceae sp. ex Thalassicolla nucleata
ASV_5151	Eukaryota	no_hit	unknown	Bigyra	Thraustochytrida	Thraustochytriaceae	Thraustochytrium	Thraustochytrium multirudimentale
ASV_5152	Eukaryota	Fungi	Chytridiomycota	Chytridiomycetes	Rhizophydiales	no_hit	no_hit	no_hit
ASV_5153	Eukaryota	no_hit	unknown	unknown	unknown	unknown	unknown	uncultured marine picoeukaryote
ASV_5154	no_hit	no_hit	no_hit	no_hit	no_hit	no_hit	no_hit	no_hit
ASV_5155	Eukaryota	no_hit	unknown	Dinophyceae	Syndiniales	Amoebophryaceae	Amoebophrya	no_hit
ASV_5156	Eukaryota	no_hit	unknown	Dinophyceae	Syndiniales	Amoebophryaceae	Amoebophrya	no_hit
ASV_5157	Eukaryota	no_hit	unknown	unknown	unknown	unknown	unknown	Uncultured marine alveolate Group II DH148-EKD27
ASV_5158	Eukaryota	no_hit	no_hit	no_hit	no_hit	no_hit	no_hit	no_hit
ASV_5159	no_hit	no_hit	no_hit	no_hit	no_hit	no_hit	no_hit	no_hit
ASV_5160	Eukaryota	no_hit	unknown	Dinophyceae	Gymnodiniales	Gymnodiniaceae	Gymnodinium	Gymnodinium sp. Dino2
ASV_5161	Eukaryota	no_hit	unknown	Dinophyceae	no_hit	no_hit	no_hit	no_hit
ASV_5162	Eukaryota	no_hit	unknown	Dinophyceae	Syndiniales	Amoebophryaceae	Amoebophrya	no_hit
ASV_5163	Eukaryota	no_hit	unknown	Polycystinea	Nassellaria	Plagoniidae	Pseudocubus	Pseudocubus obeliscus
ASV_5164	Eukaryota	no_hit	Euglenozoa	unknown	Diplonemea	Diplonemidae	Lacrimia	Lacrimia lanifica
ASV_5165	no_hit	no_hit	no_hit	no_hit	no_hit	no_hit	no_hit	no_hit
ASV_5166	no_hit	no_hit	no_hit	no_hit	no_hit	no_hit	no_hit	no_hit
ASV_5167	Eukaryota	no_hit	unknown	Dinophyceae	Syndiniales	Amoebophryaceae	Amoebophrya	no_hit
ASV_5168	Eukaryota	no_hit	Imbricatea	unknown	Thaumatomonadida	Thaumatomastigidae	Protaspis	Protaspis sp. CC-2009a
ASV_5169	Eukaryota	no_hit	unknown	Cryptophyceae	Pyrenomonadales	Geminigeraceae	Geminigera	Geminigera cryophila
ASV_5170	no_hit	no_hit	no_hit	no_hit	no_hit	no_hit	no_hit	no_hit
ASV_5171	Eukaryota	no_hit	unknown	unknown	unknown	unknown	unknown	uncultured marine eukaryote
ASV_5172	Eukaryota	no_hit	Bacillariophyta	Coscinodiscophyceae	no_hit	no_hit	no_hit	no_hit
ASV_5173	Eukaryota	no_hit	unknown	Synurophyceae	Synurales	Mallomonadaceae	Mallomonas	Mallomonas akrokomos
ASV_5174	Eukaryota	no_hit	Cercozoa	unknown	unknown	unknown	Auranticordis	Auranticordis quadriverberis
ASV_5175	Eukaryota	Metazoa	Annelida	Polychaeta	unknown	Capitellidae	Heteromastus	Heteromastus filiformis
ASV_5176	Eukaryota	no_hit	Ciliophora	Spirotrichea	Tintinnida	no_hit	no_hit	no_hit
ASV_5177	Eukaryota	no_hit	Ciliophora	Spirotrichea	Sporadotrichida	Oxytrichidae	Hemigastrostyla	Hemigastrostyla sp. JJM08111401
ASV_5178	Eukaryota	no_hit	unknown	Dinophyceae	Syndiniales	Amoebophryaceae	Amoebophrya	no_hit
ASV_5179	Eukaryota	no_hit	Apicomplexa	Aconoidasida	Piroplasmida	Babesiidae	Babesia	no_hit
ASV_5180	Eukaryota	no_hit	unknown	unknown	unknown	unknown	unknown	uncultured marine eukaryote
ASV_5181	Eukaryota	no_hit	unknown	Dinophyceae	Peridiniales	Amphidiniopsidaceae	Amphidiniopsis	Amphidiniopsis cf. kofoidii BB3
ASV_5182	Eukaryota	no_hit	unknown	Dinophyceae	Syndiniales	Amoebophryaceae	Amoebophrya	no_hit
ASV_5183	Eukaryota	no_hit	unknown	Dinophyceae	no_hit	no_hit	no_hit	no_hit
ASV_5184	Eukaryota	no_hit	no_hit	no_hit	no_hit	no_hit	no_hit	no_hit
ASV_5185	Eukaryota	no_hit	unknown	Dinophyceae	Prorocentrales	Prorocentraceae	Prorocentrum	Prorocentrum minimum
ASV_5186	no_hit	no_hit	no_hit	no_hit	no_hit	no_hit	no_hit	no_hit
ASV_5187	Eukaryota	no_hit	Ciliophora	Prostomatea	Prorodontida	Urotrichidae	Urotricha	no_hit
ASV_5188	Eukaryota	no_hit	unknown	Dinophyceae	Syndiniales	Amoebophryaceae	Amoebophrya	no_hit
ASV_5189	no_hit	no_hit	no_hit	no_hit	no_hit	no_hit	no_hit	no_hit
ASV_5190	Eukaryota	Metazoa	Cnidaria	Myxozoa	Bivalvulida	Parvicapsulidae	unknown	Parvicapsulidae gen. sp. EK-2011
ASV_5191	Eukaryota	no_hit	Cercozoa	unknown	unknown	unknown	Auranticordis	Auranticordis quadriverberis
ASV_5192	no_hit	no_hit	no_hit	no_hit	no_hit	no_hit	no_hit	no_hit
ASV_5193	Eukaryota	Metazoa	Annelida	Polychaeta	Terebellida	Ampharetidae	Amphisamytha	no_hit
ASV_5194	Eukaryota	no_hit	unknown	Choanoflagellata	Craspedida	Salpingoecidae	Salpingoeca	Salpingoeca tuba
ASV_5195	Eukaryota	no_hit	unknown	unknown	unknown	unknown	unknown	Uncultured marine alveolate Group I DH147-EKD18
ASV_5196	Eukaryota	no_hit	unknown	unknown	unknown	unknown	unknown	Uncultured marine alveolate Group I DH145-EKD10
ASV_5197	Eukaryota	no_hit	unknown	Dinophyceae	no_hit	no_hit	no_hit	no_hit
ASV_5198	Eukaryota	no_hit	unknown	Acantharea	Chaunacanthida	Gigartacontidae	Gigartacon	Gigartacon muelleri
ASV_5199	Eukaryota	no_hit	unknown	Acantharea	Holacanthida	Acanthochiasmidae	Trizona	Trizona brandti
ASV_5200	Eukaryota	no_hit	unknown	unknown	unknown	unknown	unknown	uncultured marine eukaryote
ASV_5201	no_hit	no_hit	no_hit	no_hit	no_hit	no_hit	no_hit	no_hit
ASV_5202	no_hit	no_hit	no_hit	no_hit	no_hit	no_hit	no_hit	no_hit
ASV_5203	no_hit	no_hit	no_hit	no_hit	no_hit	no_hit	no_hit	no_hit
ASV_5204	Eukaryota	no_hit	unknown	Dinophyceae	Syndiniales	no_hit	no_hit	no_hit
ASV_5205	Eukaryota	no_hit	unknown	Dinophyceae	unknown	unknown	Tintinnophagus	Tintinnophagus acutus
ASV_5206	Eukaryota	no_hit	unknown	Dinophyceae	Syndiniales	Amoebophryaceae	Amoebophrya	no_hit
ASV_5207	Eukaryota	no_hit	Cercozoa	no_hit	no_hit	no_hit	no_hit	no_hit
ASV_5208	Eukaryota	no_hit	Cercozoa	unknown	Cercomonadida	Cercomonadidae	Cercomonas	no_hit
ASV_5209	Eukaryota	no_hit	unknown	Choanoflagellata	Craspedida	Salpingoecidae	Monosiga	Monosiga ovata
ASV_5210	no_hit	no_hit	no_hit	no_hit	no_hit	no_hit	no_hit	no_hit
ASV_5211	Eukaryota	no_hit	unknown	Dinophyceae	no_hit	no_hit	no_hit	no_hit
ASV_5212	Eukaryota	no_hit	unknown	unknown	unknown	unknown	unknown	uncultured marine eukaryote
ASV_5213	Eukaryota	no_hit	unknown	Bigyra	no_hit	no_hit	no_hit	no_hit
ASV_5214	Eukaryota	no_hit	unknown	Dinophyceae	Syndiniales	no_hit	no_hit	no_hit
ASV_5215	no_hit	no_hit	no_hit	no_hit	no_hit	no_hit	no_hit	no_hit
ASV_5216	no_hit	no_hit	no_hit	no_hit	no_hit	no_hit	no_hit	no_hit
ASV_5217	Eukaryota	no_hit	unknown	Dinophyceae	no_hit	no_hit	no_hit	no_hit
ASV_5218	Eukaryota	no_hit	unknown	Bigyra	Oblongichytrida	unknown	Oblongichytrium	no_hit
ASV_5219	Eukaryota	no_hit	unknown	Dinophyceae	Syndiniales	no_hit	no_hit	no_hit
ASV_5220	Eukaryota	no_hit	unknown	Polycystinea	no_hit	no_hit	no_hit	no_hit
ASV_5221	Eukaryota	no_hit	unknown	unknown	Telonemida	no_hit	no_hit	no_hit
ASV_5222	Eukaryota	no_hit	no_hit	no_hit	no_hit	no_hit	no_hit	no_hit
ASV_5223	Eukaryota	no_hit	unknown	Dinophyceae	Dinophysiales	Dinophysiaceae	Dinophysis	Dinophysis acuminata
ASV_5224	no_hit	no_hit	no_hit	no_hit	no_hit	no_hit	no_hit	no_hit
ASV_5225	Eukaryota	no_hit	no_hit	no_hit	no_hit	no_hit	no_hit	no_hit
ASV_5226	Eukaryota	no_hit	unknown	Dinophyceae	Syndiniales	Duboscquellidae	Duboscquella	no_hit
ASV_5227	Eukaryota	no_hit	unknown	Polycystinea	Spumellaria	Actinommidae	Actinomma	Actinomma boreale
ASV_5228	Eukaryota	no_hit	no_hit	no_hit	no_hit	no_hit	no_hit	no_hit
ASV_5229	Eukaryota	no_hit	unknown	Dinophyceae	Gymnodiniales	Warnowiaceae	Erythropsidinium	no_hit
ASV_5230	Eukaryota	Viridiplantae	Chlorophyta	Trebouxiophyceae	no_hit	no_hit	no_hit	no_hit
ASV_5231	Eukaryota	Viridiplantae	Chlorophyta	Mamiellophyceae	Dolichomastigales	Crustomastigaceae	Crustomastix	no_hit
ASV_5232	Eukaryota	no_hit	unknown	Dinophyceae	Syndiniales	Amoebophryaceae	Amoebophrya	no_hit
ASV_5233	Eukaryota	no_hit	unknown	Raphidophyceae	Chattonellales	Vacuolariaceae	Gonyostomum	Gonyostomum semen
ASV_5234	Eukaryota	no_hit	unknown	Dinophyceae	no_hit	no_hit	no_hit	no_hit
ASV_5235	Eukaryota	no_hit	Cercozoa	Thecofilosea	unknown	unknown	Mataza	Mataza hastifera
ASV_5236	Eukaryota	Metazoa	Annelida	Polychaeta	unknown	Orbiniidae	Leitoscoloplos	Leitoscoloplos pugettensis
ASV_5237	Eukaryota	Metazoa	Annelida	Polychaeta	unknown	Capitellidae	Heteromastus	Heteromastus filiformis
ASV_5238	Eukaryota	Fungi	Chytridiomycota	Chytridiomycetes	Chytridiales	no_hit	no_hit	no_hit
ASV_5239	Eukaryota	no_hit	unknown	Dinophyceae	Peridiniales	Diplopsaliaceae	Niea	Niea acanthocysta
ASV_5240	Eukaryota	no_hit	unknown	unknown	unknown	unknown	unknown	uncultured marine eukaryote
ASV_5241	Eukaryota	Viridiplantae	Chlorophyta	Pyramimonadophyceae	Pyramimonadales	Pyramimonadaceae	Pyramimonas	Pyramimonas parkeae
ASV_5242	Eukaryota	no_hit	unknown	Dinophyceae	Syndiniales	Amoebophryaceae	Amoebophrya	no_hit
ASV_5243	Eukaryota	Metazoa	Arthropoda	Hexanauplia	Calanoida	Clausocalanidae	Clausocalanus	no_hit
ASV_5244	Eukaryota	no_hit	unknown	Dinophyceae	Syndiniales	no_hit	no_hit	no_hit
ASV_5245	Eukaryota	no_hit	unknown	Chrysophyceae	Phaeothamnales	Phaeosaccionaceae	Antarctosaccion	Antarctosaccion applanatum
ASV_5246	Eukaryota	no_hit	unknown	Dinophyceae	Syndiniales	no_hit	no_hit	no_hit
ASV_5247	Eukaryota	no_hit	unknown	Dinophyceae	Syndiniales	Amoebophryaceae	Amoebophrya	no_hit
ASV_5248	Eukaryota	Metazoa	Mollusca	Bivalvia	Mytiloida	Mytilidae	no_hit	no_hit
ASV_5249	Eukaryota	no_hit	unknown	Choanoflagellata	no_hit	no_hit	no_hit	no_hit
ASV_5250	no_hit	no_hit	no_hit	no_hit	no_hit	no_hit	no_hit	no_hit
ASV_5251	no_hit	no_hit	no_hit	no_hit	no_hit	no_hit	no_hit	no_hit
ASV_5252	Eukaryota	no_hit	no_hit	no_hit	no_hit	no_hit	no_hit	no_hit
ASV_5253	Eukaryota	no_hit	unknown	unknown	unknown	unknown	unknown	uncultured marine picoeukaryote
ASV_5254	Eukaryota	no_hit	unknown	Dinophyceae	Syndiniales	Amoebophryaceae	Amoebophrya	no_hit
ASV_5255	no_hit	no_hit	no_hit	no_hit	no_hit	no_hit	no_hit	no_hit
ASV_5256	Eukaryota	Viridiplantae	Chlorophyta	Mamiellophyceae	Dolichomastigales	Crustomastigaceae	Crustomastix	Crustomastix sp. MBIC10709
ASV_5257	Eukaryota	no_hit	Haptophyta	unknown	unknown	unknown	unknown	Haptophyceae sp. EE-2014
ASV_5258	no_hit	no_hit	no_hit	no_hit	no_hit	no_hit	no_hit	no_hit
ASV_5259	Eukaryota	no_hit	Ciliophora	Phyllopharyngea	Dysteriida	Plesiotrichopidae	Pithites	Pithites vorax
ASV_5260	Eukaryota	no_hit	unknown	Dinophyceae	Peridiniales	Protoperidiniaceae	Islandinium	Islandinium minutum
ASV_5261	Eukaryota	no_hit	unknown	Dinophyceae	Peridiniales	Peridiniaceae	Pentapharsodinium	no_hit
ASV_5262	Eukaryota	no_hit	unknown	Bigyra	Opalinata	Blastocystidae	Blastocystis	no_hit
ASV_5263	Eukaryota	no_hit	Bacillariophyta	Coscinodiscophyceae	Chaetocerotales	Attheyaceae	Attheya	Attheya longicornis
ASV_5264	Eukaryota	no_hit	Imbricatea	unknown	Thaumatomonadida	Thaumatomastigidae	Protaspis	Protaspis sp. CC-2009c
ASV_5265	Eukaryota	no_hit	no_hit	no_hit	no_hit	no_hit	no_hit	no_hit
ASV_5266	Eukaryota	no_hit	unknown	Dinophyceae	Gymnodiniales	Gymnodiniaceae	Cochlodinium	no_hit
ASV_5267	no_hit	no_hit	no_hit	no_hit	no_hit	no_hit	no_hit	no_hit
ASV_5268	Eukaryota	no_hit	unknown	unknown	unknown	unknown	unknown	uncultured marine eukaryote
ASV_5269	no_hit	no_hit	no_hit	no_hit	no_hit	no_hit	no_hit	no_hit
ASV_5270	Eukaryota	no_hit	unknown	Dinophyceae	no_hit	no_hit	no_hit	no_hit
ASV_5271	Eukaryota	no_hit	unknown	Dinophyceae	Syndiniales	no_hit	no_hit	no_hit
ASV_5272	no_hit	no_hit	no_hit	no_hit	no_hit	no_hit	no_hit	no_hit
ASV_5273	Eukaryota	no_hit	unknown	Dinophyceae	Prorocentrales	Prorocentraceae	Prorocentrum	Prorocentrum triestinum
ASV_5274	Eukaryota	Metazoa	Mollusca	Bivalvia	Venerida	Veneridae	Gemma	Gemma gemma
ASV_5275	Eukaryota	Metazoa	Nemertea	Enopla	Monostilifera	Poseidonemertidae	Poseidonemertes	Poseidonemertes maslakovae
ASV_5276	Eukaryota	no_hit	unknown	Dinophyceae	Syndiniales	Amoebophryaceae	Amoebophrya	no_hit
ASV_5277	Eukaryota	no_hit	unknown	Polycystinea	no_hit	no_hit	no_hit	no_hit
ASV_5278	Eukaryota	no_hit	unknown	Choanoflagellata	Craspedida	Salpingoecidae	no_hit	no_hit
ASV_5279	Eukaryota	no_hit	unknown	unknown	unknown	Apusomonadidae	Apusomonas	Apusomonas proboscidea
ASV_5280	Eukaryota	no_hit	unknown	Polycystinea	no_hit	no_hit	no_hit	no_hit
ASV_5281	Eukaryota	no_hit	unknown	Dinophyceae	Syndiniales	Amoebophryaceae	Amoebophrya	no_hit
ASV_5282	Eukaryota	Viridiplantae	Chlorophyta	no_hit	no_hit	no_hit	no_hit	no_hit
ASV_5283	no_hit	no_hit	no_hit	no_hit	no_hit	no_hit	no_hit	no_hit
ASV_5284	no_hit	no_hit	no_hit	no_hit	no_hit	no_hit	no_hit	no_hit
ASV_5285	Eukaryota	no_hit	Cercozoa	unknown	unknown	unknown	Auranticordis	Auranticordis quadriverberis
ASV_5286	Eukaryota	no_hit	unknown	Dinophyceae	Syndiniales	no_hit	no_hit	no_hit
ASV_5287	Eukaryota	no_hit	unknown	Dinophyceae	Peridiniales	Protoperidiniaceae	Protoperidinium	Protoperidinium thulesense
ASV_5288	Eukaryota	no_hit	unknown	Phaeophyceae	Ectocarpales	Ectocarpaceae	Ectocarpus	no_hit
ASV_5289	Eukaryota	no_hit	unknown	Dinophyceae	Syndiniales	Amoebophryaceae	Amoebophrya	no_hit
ASV_5290	Eukaryota	no_hit	unknown	Eustigmatophyceae	unknown	unknown	unknown	Eustigmatophyceae sp. Tow 9/21 P-2w
ASV_5291	Eukaryota	no_hit	Foraminifera	unknown	Rotaliida	no_hit	no_hit	no_hit
ASV_5292	Eukaryota	no_hit	unknown	Dinophyceae	Syndiniales	Amoebophryaceae	Amoebophrya	no_hit
ASV_5293	Eukaryota	no_hit	unknown	Dinophyceae	no_hit	no_hit	no_hit	no_hit
ASV_5294	no_hit	no_hit	no_hit	no_hit	no_hit	no_hit	no_hit	no_hit
ASV_5295	Eukaryota	Fungi	Mucoromycota	Mortierellomycetes	Mortierellales	Mortierellaceae	Mortierella	Mortierella sp. 1 ZHNL-2013
ASV_5296	Eukaryota	Metazoa	Cnidaria	Hydrozoa	Trachymedusae	Ptychogastriidae	Ptychogastria	Ptychogastria polaris
ASV_5297	Eukaryota	no_hit	unknown	Choanoflagellata	no_hit	no_hit	no_hit	no_hit
ASV_5298	Eukaryota	no_hit	no_hit	no_hit	no_hit	no_hit	no_hit	no_hit
ASV_5299	no_hit	no_hit	no_hit	no_hit	no_hit	no_hit	no_hit	no_hit
ASV_5300	Eukaryota	Metazoa	Chordata	Appendicularia	Copelata	Fritillariidae	Tectillaria	Tectillaria fertilis
ASV_5301	no_hit	no_hit	no_hit	no_hit	no_hit	no_hit	no_hit	no_hit
ASV_5302	Eukaryota	no_hit	unknown	Dinophyceae	Syndiniales	Duboscquellidae	Duboscquella	no_hit
ASV_5303	no_hit	no_hit	no_hit	no_hit	no_hit	no_hit	no_hit	no_hit
ASV_5304	Eukaryota	no_hit	unknown	Pelagophyceae	no_hit	no_hit	no_hit	no_hit
ASV_5305	no_hit	no_hit	no_hit	no_hit	no_hit	no_hit	no_hit	no_hit
ASV_5306	Eukaryota	no_hit	unknown	Dinophyceae	Gonyaulacales	Amphidomataceae	Azadinium	Azadinium caudatum
ASV_5307	no_hit	no_hit	no_hit	no_hit	no_hit	no_hit	no_hit	no_hit
ASV_5308	Eukaryota	no_hit	unknown	Dinophyceae	Syndiniales	Amoebophryaceae	Amoebophrya	no_hit
ASV_5309	Eukaryota	no_hit	unknown	unknown	unknown	unknown	unknown	uncultured marine picoeukaryote
ASV_5310	Eukaryota	no_hit	unknown	Dinophyceae	Suessiales	unknown	Dactylodinium	Dactylodinium arachnoides
ASV_5311	Eukaryota	no_hit	unknown	Dinophyceae	Dinophysiales	Dinophysiaceae	Dinophysis	Dinophysis acuminata
ASV_5312	Eukaryota	no_hit	unknown	Dinophyceae	Syndiniales	Amoebophryaceae	Amoebophrya	no_hit
ASV_5313	Eukaryota	no_hit	unknown	unknown	unknown	unknown	unknown	uncultured marine eukaryote
ASV_5314	Eukaryota	no_hit	Euglenozoa	unknown	Diplonemea	Diplonemidae	Diplonema	no_hit
ASV_5315	Eukaryota	no_hit	Oomycota	unknown	Myzocytiopsidales	Myzocytiopsidaceae	Myzocytiopsis	Myzocytiopsis humicola
ASV_5316	Eukaryota	no_hit	Foraminifera	no_hit	no_hit	no_hit	no_hit	no_hit
ASV_5317	Eukaryota	no_hit	unknown	Bigyra	Oblongichytrida	unknown	Oblongichytrium	no_hit
ASV_5318	Eukaryota	Viridiplantae	Streptophyta	no_hit	no_hit	no_hit	no_hit	no_hit
ASV_5319	Eukaryota	no_hit	unknown	Dinophyceae	no_hit	no_hit	no_hit	no_hit
ASV_5320	Eukaryota	no_hit	Cercozoa	Chlorarachniophyceae	unknown	unknown	Minorisa	Minorisa minuta
ASV_5321	Eukaryota	no_hit	Fornicata	unknown	unknown	unknown	Kipferlia	Kipferlia bialata
ASV_5322	Eukaryota	Fungi	Ascomycota	Dothideomycetes	no_hit	no_hit	no_hit	no_hit
ASV_5323	Eukaryota	no_hit	no_hit	no_hit	no_hit	no_hit	no_hit	no_hit
ASV_5324	Eukaryota	no_hit	Haptophyta	unknown	Prymnesiales	Chrysochromulinaceae	Chrysochromulina	Chrysochromulina andersonii
ASV_5325	Eukaryota	no_hit	unknown	unknown	unknown	unknown	unknown	uncultured marine picoeukaryote
ASV_5326	no_hit	no_hit	no_hit	no_hit	no_hit	no_hit	no_hit	no_hit
ASV_5327	Eukaryota	no_hit	Ciliophora	Spirotrichea	Tintinnida	Tintinnidae	Eutintinnus	Eutintinnus cf. apertus
ASV_5328	Eukaryota	no_hit	unknown	unknown	unknown	unknown	unknown	uncultured marine eukaryote
ASV_5329	Eukaryota	no_hit	unknown	Dictyochophyceae	Florenciellales	unknown	Florenciella	no_hit
ASV_5330	Eukaryota	no_hit	unknown	Dinophyceae	Syndiniales	Amoebophryaceae	Amoebophrya	no_hit
ASV_5331	no_hit	no_hit	no_hit	no_hit	no_hit	no_hit	no_hit	no_hit
ASV_5332	Eukaryota	no_hit	unknown	Dinophyceae	Peridiniales	Amphidiniopsidaceae	Amphidiniopsis	Amphidiniopsis korewalensis
ASV_5333	Eukaryota	no_hit	unknown	Centroplasthelida	Pterocystida	Pterocystidae	Pterocystis	no_hit
ASV_5334	Eukaryota	no_hit	unknown	Acantharea	no_hit	no_hit	no_hit	no_hit
ASV_5335	Eukaryota	no_hit	unknown	Dinophyceae	Syndiniales	Amoebophryaceae	Amoebophrya	no_hit
ASV_5336	Eukaryota	no_hit	unknown	Dinophyceae	Syndiniales	Amoebophryaceae	Amoebophrya	no_hit
ASV_5337	no_hit	no_hit	no_hit	no_hit	no_hit	no_hit	no_hit	no_hit
ASV_5338	Eukaryota	no_hit	unknown	Polycystinea	Nassellaria	Plagiacanthidae	Lithomelissa	Lithomelissa sp. 2003
ASV_5339	Eukaryota	no_hit	unknown	Dinophyceae	Syndiniales	Amoebophryaceae	Amoebophrya	no_hit
ASV_5340	Eukaryota	no_hit	unknown	unknown	unknown	unknown	unknown	uncultured marine picoeukaryote
ASV_5341	Eukaryota	no_hit	unknown	Dinophyceae	Syndiniales	Duboscquellidae	Duboscquella	no_hit
ASV_5342	no_hit	no_hit	no_hit	no_hit	no_hit	no_hit	no_hit	no_hit
ASV_5343	Eukaryota	no_hit	unknown	unknown	unknown	unknown	unknown	uncultured marine eukaryote
ASV_5344	no_hit	no_hit	no_hit	no_hit	no_hit	no_hit	no_hit	no_hit
ASV_5345	Eukaryota	Viridiplantae	Chlorophyta	Trebouxiophyceae	Chlorellales	Chlorellaceae	no_hit	no_hit
ASV_5346	Eukaryota	no_hit	unknown	Dinophyceae	Syndiniales	no_hit	no_hit	no_hit
ASV_5347	no_hit	no_hit	no_hit	no_hit	no_hit	no_hit	no_hit	no_hit
ASV_5348	Eukaryota	no_hit	unknown	Dinophyceae	Syndiniales	no_hit	no_hit	no_hit
ASV_5349	Eukaryota	Viridiplantae	Chlorophyta	Chlorophyceae	Chlamydomonadales	Chlamydomonadaceae	Chlamydomonas	Chlamydomonas parkeae
ASV_5350	no_hit	no_hit	no_hit	no_hit	no_hit	no_hit	no_hit	no_hit
ASV_5351	Eukaryota	no_hit	unknown	Dinophyceae	Syndiniales	Amoebophryaceae	Amoebophrya	no_hit
ASV_5352	Eukaryota	no_hit	Cercozoa	Chlorarachniophyceae	unknown	unknown	Bigelowiella	Bigelowiella natans
ASV_5353	Eukaryota	no_hit	unknown	Dinophyceae	Peridiniales	Protoperidiniaceae	Islandinium	Islandinium tricingulatum
ASV_5354	no_hit	no_hit	no_hit	no_hit	no_hit	no_hit	no_hit	no_hit
ASV_5355	Eukaryota	no_hit	unknown	Dinophyceae	Blastodiniales	unknown	Blastodinium	no_hit
ASV_5356	Eukaryota	no_hit	unknown	Polycystinea	no_hit	no_hit	no_hit	no_hit
ASV_5357	Eukaryota	no_hit	no_hit	no_hit	no_hit	no_hit	no_hit	no_hit
ASV_5358	no_hit	no_hit	no_hit	no_hit	no_hit	no_hit	no_hit	no_hit
ASV_5359	no_hit	no_hit	no_hit	no_hit	no_hit	no_hit	no_hit	no_hit
ASV_5360	Eukaryota	no_hit	unknown	Phaeophyceae	no_hit	no_hit	no_hit	no_hit
ASV_5361	Eukaryota	no_hit	unknown	Dinophyceae	Syndiniales	Amoebophryaceae	Amoebophrya	no_hit
ASV_5362	Eukaryota	no_hit	unknown	Dinophyceae	Syndiniales	Amoebophryaceae	Amoebophrya	no_hit
ASV_5363	Eukaryota	no_hit	unknown	Dinophyceae	no_hit	no_hit	no_hit	no_hit
ASV_5364	Eukaryota	no_hit	unknown	Dinophyceae	Gymnodiniales	Gymnodiniaceae	Akashiwo	Akashiwo sanguinea
ASV_5365	no_hit	no_hit	no_hit	no_hit	no_hit	no_hit	no_hit	no_hit
ASV_5366	Eukaryota	no_hit	Cercozoa	Thecofilosea	Phaeocalpida	Tuscaroridae	Tuscaretta	Tuscaretta belknapi
ASV_5367	Eukaryota	no_hit	unknown	Dinophyceae	no_hit	no_hit	no_hit	no_hit
ASV_5368	Eukaryota	no_hit	no_hit	no_hit	no_hit	no_hit	no_hit	no_hit
ASV_5369	Eukaryota	no_hit	unknown	unknown	unknown	unknown	unknown	uncultured marine picoeukaryote
ASV_5370	Eukaryota	no_hit	Cercozoa	unknown	unknown	unknown	Rhabdamoeba	Rhabdamoeba marina
ASV_5371	Eukaryota	no_hit	unknown	Polycystinea	Nassellaria	no_hit	no_hit	no_hit
ASV_5372	Eukaryota	no_hit	unknown	unknown	unknown	unknown	unknown	Uncultured marine alveolate Group II DH145-EKD20
ASV_5373	Eukaryota	no_hit	no_hit	no_hit	no_hit	no_hit	no_hit	no_hit
ASV_5374	Eukaryota	no_hit	Cercozoa	Thecofilosea	Tectofilosida	Chlamydophryidae	Trachyrhizium	Trachyrhizium urniformis
ASV_5375	Eukaryota	no_hit	unknown	Dinophyceae	Syndiniales	Amoebophryaceae	Amoebophrya	no_hit
ASV_5376	no_hit	no_hit	no_hit	no_hit	no_hit	no_hit	no_hit	no_hit
ASV_5377	Eukaryota	no_hit	unknown	unknown	unknown	unknown	unknown	Uncultured marine alveolate Group I DH144-EKD3
ASV_5378	Eukaryota	no_hit	no_hit	no_hit	no_hit	no_hit	no_hit	no_hit
ASV_5379	Eukaryota	no_hit	unknown	Dinophyceae	Syndiniales	Amoebophryaceae	Amoebophrya	no_hit
ASV_5380	Eukaryota	Viridiplantae	Chlorophyta	no_hit	no_hit	no_hit	no_hit	no_hit
ASV_5381	Eukaryota	no_hit	unknown	Bigyra	Labyrinthulida	unknown	Stellarchytrium	Stellarchytrium dubum
ASV_5382	Eukaryota	no_hit	Apicomplexa	Conoidasida	Eugregarinorida	Lecudinidae	Trichotokara	Trichotokara nothriae
ASV_5383	no_hit	no_hit	no_hit	no_hit	no_hit	no_hit	no_hit	no_hit
ASV_5384	Eukaryota	no_hit	no_hit	no_hit	no_hit	no_hit	no_hit	no_hit
ASV_5385	no_hit	no_hit	no_hit	no_hit	no_hit	no_hit	no_hit	no_hit
ASV_5386	Eukaryota	Metazoa	Annelida	Polychaeta	Spionida	Spionidae	Spiophanes	no_hit
ASV_5387	no_hit	no_hit	no_hit	no_hit	no_hit	no_hit	no_hit	no_hit
ASV_5388	no_hit	no_hit	no_hit	no_hit	no_hit	no_hit	no_hit	no_hit
ASV_5389	no_hit	no_hit	no_hit	no_hit	no_hit	no_hit	no_hit	no_hit
ASV_5390	Eukaryota	no_hit	Cercozoa	Thecofilosea	Phaeogromida	Challengeriidae	Challengeron	Challengeron diodon
ASV_5391	Eukaryota	no_hit	Ciliophora	Spirotrichea	Choreotrichida	Strobilidiidae	Pelagostrobilidium	no_hit
ASV_5392	Eukaryota	no_hit	Discosea	Flabellinia	Dactylopodida	Paramoebidae	no_hit	no_hit
ASV_5393	Eukaryota	no_hit	unknown	Dinophyceae	Syndiniales	Amoebophryaceae	Amoebophrya	no_hit
ASV_5394	Eukaryota	no_hit	unknown	unknown	Ancyromonadida	Planomonadidae	Fabomonas	Fabomonas tropica
ASV_5395	Eukaryota	no_hit	unknown	Dinophyceae	Syndiniales	Amoebophryaceae	Amoebophrya	no_hit
ASV_5396	Eukaryota	no_hit	Cercozoa	no_hit	no_hit	no_hit	no_hit	no_hit
ASV_5397	no_hit	no_hit	no_hit	no_hit	no_hit	no_hit	no_hit	no_hit
ASV_5398	no_hit	no_hit	no_hit	no_hit	no_hit	no_hit	no_hit	no_hit
ASV_5399	Eukaryota	no_hit	unknown	Dinophyceae	Dinophysiales	Dinophysiaceae	Dinophysis	Dinophysis acuminata
ASV_5400	no_hit	no_hit	no_hit	no_hit	no_hit	no_hit	no_hit	no_hit
ASV_5401	Eukaryota	Metazoa	Cnidaria	Hydrozoa	Leptothecata	Campanulariidae	Stegella	Stegella lobata
ASV_5402	no_hit	no_hit	no_hit	no_hit	no_hit	no_hit	no_hit	no_hit
ASV_5403	Eukaryota	Metazoa	Annelida	Polychaeta	Terebellida	Terebellidae	Proclea	Proclea malmgreni
ASV_5404	Eukaryota	Viridiplantae	Streptophyta	Bryopsida	Funariales	Funariaceae	no_hit	no_hit
ASV_5405	Eukaryota	no_hit	Bacillariophyta	Coscinodiscophyceae	Chaetocerotales	Chaetocerotaceae	Chaetoceros	Chaetoceros socialis
ASV_5406	Eukaryota	no_hit	Apicomplexa	Conoidasida	Eugregarinorida	Lecudinidae	Paralecudina	Paralecudina anankea
ASV_5407	Eukaryota	no_hit	unknown	unknown	Telonemida	no_hit	no_hit	no_hit
ASV_5408	Eukaryota	no_hit	unknown	Raphidophyceae	Chattonellales	Vacuolariaceae	Gonyostomum	Gonyostomum semen
ASV_5409	no_hit	no_hit	no_hit	no_hit	no_hit	no_hit	no_hit	no_hit
ASV_5410	Eukaryota	no_hit	Euglenozoa	Euglenida	Petalomonadida	Scytomonadidae	Notosolenus	Notosolenus urceolatus
ASV_5411	no_hit	no_hit	no_hit	no_hit	no_hit	no_hit	no_hit	no_hit
ASV_5412	Eukaryota	no_hit	Cercozoa	unknown	Cercomonadida	Cercomonadidae	Cavernomonas	Cavernomonas stercoris
ASV_5413	Eukaryota	no_hit	unknown	Acantharea	Arthracanthida	Acanthometridae	Acanthometra	no_hit
ASV_5414	no_hit	no_hit	no_hit	no_hit	no_hit	no_hit	no_hit	no_hit
ASV_5415	no_hit	no_hit	no_hit	no_hit	no_hit	no_hit	no_hit	no_hit
ASV_5416	Eukaryota	no_hit	unknown	Dinophyceae	Suessiales	unknown	Dactylodinium	Dactylodinium arachnoides
ASV_5417	Eukaryota	no_hit	Euglenozoa	Euglenida	Petalomonadida	Scytomonadidae	Notosolenus	Notosolenus urceolatus
ASV_5418	Eukaryota	no_hit	unknown	Dinophyceae	Syndiniales	no_hit	no_hit	no_hit
ASV_5419	no_hit	no_hit	no_hit	no_hit	no_hit	no_hit	no_hit	no_hit
ASV_5420	Eukaryota	no_hit	unknown	Dinophyceae	Blastodiniales	unknown	Blastodinium	Blastodinium mangini
ASV_5421	Eukaryota	no_hit	unknown	Dinophyceae	Syndiniales	Amoebophryaceae	Amoebophrya	no_hit
ASV_5422	Eukaryota	no_hit	unknown	Dinophyceae	Syndiniales	no_hit	no_hit	no_hit
ASV_5423	Eukaryota	no_hit	Imbricatea	unknown	Thaumatomonadida	Thaumatomastigidae	Protaspis	Protaspis sp. CC-2009a
ASV_5424	Eukaryota	no_hit	unknown	Bigyra	no_hit	no_hit	no_hit	no_hit
ASV_5425	Eukaryota	no_hit	Bacillariophyta	Coscinodiscophyceae	no_hit	no_hit	no_hit	no_hit
ASV_5426	Eukaryota	no_hit	Haptophyta	no_hit	no_hit	no_hit	no_hit	no_hit
ASV_5427	Eukaryota	no_hit	Euglenozoa	unknown	Diplonemea	Hemistasiidae	Hemistasia	Hemistasia phaeocysticola
ASV_5428	Eukaryota	no_hit	unknown	Dinophyceae	unknown	unknown	Echinidinium	Echinidinium karaense
ASV_5429	Eukaryota	no_hit	unknown	Dinophyceae	no_hit	no_hit	no_hit	no_hit
ASV_5430	Eukaryota	no_hit	unknown	Dinophyceae	no_hit	no_hit	no_hit	no_hit
ASV_5431	Eukaryota	Viridiplantae	Chlorophyta	Mamiellophyceae	Dolichomastigales	Dolichomastigaceae	Dolichomastix	Dolichomastix tenuilepis
ASV_5432	Eukaryota	no_hit	unknown	unknown	unknown	unknown	unknown	uncultured marine eukaryote
ASV_5433	no_hit	no_hit	no_hit	no_hit	no_hit	no_hit	no_hit	no_hit
ASV_5434	Eukaryota	Metazoa	Porifera	Demospongiae	Haplosclerida	Chalinidae	Haliclona	Haliclona curacaoensis
ASV_5435	Eukaryota	no_hit	no_hit	no_hit	no_hit	no_hit	no_hit	no_hit
ASV_5436	no_hit	no_hit	no_hit	no_hit	no_hit	no_hit	no_hit	no_hit
ASV_5437	no_hit	no_hit	no_hit	no_hit	no_hit	no_hit	no_hit	no_hit
ASV_5438	Eukaryota	no_hit	unknown	Dinophyceae	Syndiniales	Eudubosquellidae	Euduboscquella	no_hit
ASV_5439	Eukaryota	no_hit	Endomyxa	Ascetosporea	Haplosporida	Haplosporidiidae	Haplosporidium	Haplosporidium pinnae
ASV_5440	Eukaryota	no_hit	Foraminifera	unknown	Rotaliida	Bolivinitidae	Bolivina	Bolivina variabilis
ASV_5441	Eukaryota	no_hit	unknown	Cryptophyceae	Pyrenomonadales	Geminigeraceae	Geminigera	Geminigera cryophila
ASV_5442	no_hit	no_hit	no_hit	no_hit	no_hit	no_hit	no_hit	no_hit
ASV_5443	Eukaryota	no_hit	Bacillariophyta	Coscinodiscophyceae	no_hit	no_hit	no_hit	no_hit
ASV_5444	Eukaryota	no_hit	unknown	Dinophyceae	Syndiniales	no_hit	no_hit	no_hit
ASV_5445	no_hit	no_hit	no_hit	no_hit	no_hit	no_hit	no_hit	no_hit
ASV_5446	no_hit	no_hit	no_hit	no_hit	no_hit	no_hit	no_hit	no_hit
ASV_5447	Eukaryota	no_hit	Euglenozoa	unknown	Diplonemea	Diplonemidae	no_hit	no_hit
ASV_5448	Eukaryota	no_hit	Apicomplexa	Conoidasida	Eugregarinorida	Lecudinidae	Lecudina	Lecudina cf. tuzetae
ASV_5449	Eukaryota	no_hit	unknown	Dinophyceae	Syndiniales	Amoebophryaceae	Amoebophrya	no_hit
ASV_5450	Eukaryota	no_hit	no_hit	no_hit	no_hit	no_hit	no_hit	no_hit
ASV_5451	Eukaryota	no_hit	unknown	Dinophyceae	Gymnodiniales	Gymnodiniaceae	Cochlodinium	no_hit
ASV_5452	Eukaryota	no_hit	unknown	Dinophyceae	Gymnodiniales	Gymnodiniaceae	Gyrodinium	no_hit
ASV_5453	Eukaryota	no_hit	unknown	Synurophyceae	Synurales	Mallomonadaceae	Synura	Synura sp. HCB-2005
ASV_5454	Eukaryota	no_hit	unknown	unknown	unknown	unknown	unknown	uncultured marine eukaryote
ASV_5455	no_hit	no_hit	no_hit	no_hit	no_hit	no_hit	no_hit	no_hit
ASV_5456	Eukaryota	no_hit	unknown	Dinophyceae	Dinophysiales	Dinophysiaceae	Dinophysis	Dinophysis acuminata
ASV_5457	Eukaryota	no_hit	unknown	Dinophyceae	Dinophysiales	Dinophysiaceae	Dinophysis	Dinophysis acuminata
ASV_5458	Eukaryota	Viridiplantae	Chlorophyta	Mamiellophyceae	Mamiellales	Mamiellaceae	Mamiella	no_hit
ASV_5459	Eukaryota	no_hit	Ciliophora	Colpodea	unknown	unknown	unknown	Uncultured marine colpodean ciliate DH147-EKD23
ASV_5460	Eukaryota	no_hit	unknown	Acantharea	Arthracanthida	Phyllostauridae	Phyllostaurus	Phyllostaurus cuspidatus
ASV_5461	Eukaryota	Fungi	Ascomycota	Leotiomycetes	Helotiales	Sclerotiniaceae	Sclerotinia	Sclerotinia sclerotiorum
ASV_5462	Eukaryota	no_hit	unknown	Dinophyceae	Syndiniales	Amoebophryaceae	Amoebophrya	no_hit
ASV_5463	Eukaryota	no_hit	Cercozoa	unknown	unknown	Massisteriidae	Massisteria	no_hit
ASV_5464	Eukaryota	Viridiplantae	Chlorophyta	unknown	unknown	unknown	unknown	prasinophyte sp. MBIC10622
ASV_5465	Eukaryota	Metazoa	Mollusca	Bivalvia	no_hit	no_hit	no_hit	no_hit
ASV_5466	no_hit	no_hit	no_hit	no_hit	no_hit	no_hit	no_hit	no_hit
ASV_5467	Eukaryota	no_hit	unknown	unknown	unknown	unknown	unknown	Stramenopile sp. RCC862
ASV_5468	Eukaryota	no_hit	unknown	Dinophyceae	no_hit	no_hit	no_hit	no_hit
ASV_5469	Eukaryota	no_hit	unknown	Dinophyceae	no_hit	no_hit	no_hit	no_hit
ASV_5470	Eukaryota	no_hit	unknown	Acantharea	Chaunacanthida	no_hit	no_hit	no_hit
ASV_5471	Eukaryota	no_hit	unknown	Dinophyceae	Syndiniales	Amoebophryaceae	Amoebophrya	no_hit
ASV_5472	no_hit	no_hit	no_hit	no_hit	no_hit	no_hit	no_hit	no_hit
ASV_5473	no_hit	no_hit	no_hit	no_hit	no_hit	no_hit	no_hit	no_hit
ASV_5474	Eukaryota	no_hit	unknown	Dinophyceae	Peridiniales	Amphidiniopsidaceae	Amphidiniopsis	Amphidiniopsis korewalensis
ASV_5475	no_hit	no_hit	no_hit	no_hit	no_hit	no_hit	no_hit	no_hit
ASV_5476	Eukaryota	Metazoa	Annelida	Polychaeta	Terebellida	Cirratulidae	Chaetozone	Chaetozone setosa
ASV_5477	Eukaryota	no_hit	unknown	Dinophyceae	Blastodiniales	unknown	Blastodinium	Blastodinium mangini
ASV_5478	no_hit	no_hit	no_hit	no_hit	no_hit	no_hit	no_hit	no_hit
ASV_5479	Eukaryota	no_hit	Cercozoa	unknown	Cercomonadida	Cercomonadidae	Cercomonas	no_hit
ASV_5480	no_hit	no_hit	no_hit	no_hit	no_hit	no_hit	no_hit	no_hit
ASV_5481	Eukaryota	no_hit	unknown	Bigyra	Thraustochytrida	Thraustochytriaceae	Thraustochytrium	Thraustochytrium multirudimentale
ASV_5482	no_hit	no_hit	no_hit	no_hit	no_hit	no_hit	no_hit	no_hit
ASV_5483	Eukaryota	no_hit	Cercozoa	Thecofilosea	unknown	unknown	Mataza	Mataza hastifera
ASV_5484	Eukaryota	no_hit	unknown	Dinophyceae	Syndiniales	Amoebophryaceae	Amoebophrya	no_hit
ASV_5485	Eukaryota	no_hit	Bacillariophyta	no_hit	no_hit	no_hit	no_hit	no_hit
ASV_5486	Eukaryota	no_hit	unknown	Dinophyceae	no_hit	no_hit	no_hit	no_hit
ASV_5487	Eukaryota	no_hit	Euglenozoa	unknown	Diplonemea	unknown	unknown	Diplonemida sp. 37 RG-2016
ASV_5488	Eukaryota	Metazoa	Chordata	Mammalia	no_hit	no_hit	no_hit	no_hit
ASV_5489	Eukaryota	no_hit	Euglenozoa	unknown	Diplonemea	unknown	unknown	Diplonemida sp. 27 RG-2016
ASV_5490	no_hit	no_hit	no_hit	no_hit	no_hit	no_hit	no_hit	no_hit
ASV_5491	Eukaryota	no_hit	no_hit	no_hit	no_hit	no_hit	no_hit	no_hit
ASV_5492	no_hit	no_hit	no_hit	no_hit	no_hit	no_hit	no_hit	no_hit
ASV_5493	no_hit	no_hit	no_hit	no_hit	no_hit	no_hit	no_hit	no_hit
ASV_5494	no_hit	no_hit	no_hit	no_hit	no_hit	no_hit	no_hit	no_hit
ASV_5495	Eukaryota	no_hit	no_hit	no_hit	no_hit	no_hit	no_hit	no_hit
ASV_5496	Eukaryota	Fungi	Basidiomycota	Tremellomycetes	no_hit	no_hit	no_hit	no_hit
ASV_5497	Eukaryota	no_hit	Imbricatea	unknown	Thaumatomonadida	no_hit	no_hit	no_hit
ASV_5498	Eukaryota	no_hit	unknown	Dinophyceae	Syndiniales	Amoebophryaceae	Amoebophrya	no_hit
ASV_5499	Eukaryota	no_hit	Bacillariophyta	Coscinodiscophyceae	Thalassiosirales	Thalassiosiraceae	Thalassiosira	no_hit
ASV_5500	Eukaryota	no_hit	Cercozoa	no_hit	no_hit	no_hit	no_hit	no_hit
ASV_5501	Eukaryota	no_hit	no_hit	no_hit	no_hit	no_hit	no_hit	no_hit
ASV_5502	Eukaryota	no_hit	unknown	unknown	unknown	unknown	unknown	uncultured marine picoeukaryote
ASV_5503	no_hit	no_hit	no_hit	no_hit	no_hit	no_hit	no_hit	no_hit
ASV_5504	Eukaryota	no_hit	unknown	Dinophyceae	Coccidiniales	Chytriodiniaceae	Chytriodinium	Chytriodinium sp. Atlantic
ASV_5505	Eukaryota	no_hit	unknown	unknown	unknown	unknown	unknown	eukaryote clone OLI11261
ASV_5506	no_hit	no_hit	no_hit	no_hit	no_hit	no_hit	no_hit	no_hit
ASV_5507	Eukaryota	no_hit	no_hit	no_hit	no_hit	no_hit	no_hit	no_hit
ASV_5508	Eukaryota	no_hit	Foraminifera	unknown	unknown	unknown	unknown	Foraminiferan sp. 347
ASV_5509	Eukaryota	no_hit	Bacillariophyta	Coscinodiscophyceae	Melosirales	Melosiraceae	Melosira	no_hit
ASV_5510	no_hit	no_hit	no_hit	no_hit	no_hit	no_hit	no_hit	no_hit
ASV_5511	Eukaryota	no_hit	unknown	Acantharea	Arthracanthida	Hexalaspididae	Hexaconus	Hexaconus serratus
ASV_5512	Eukaryota	no_hit	unknown	Breviatea	unknown	unknown	Subulatomonas	Subulatomonas tetraspora
ASV_5513	Eukaryota	no_hit	Foraminifera	unknown	Rotaliida	Chilostomellidae	Chilostomella	Chilostomella ovoidea
ASV_5514	no_hit	no_hit	no_hit	no_hit	no_hit	no_hit	no_hit	no_hit
ASV_5515	Eukaryota	no_hit	unknown	Dinophyceae	Syndiniales	Amoebophryaceae	Amoebophrya	no_hit
ASV_5516	Eukaryota	no_hit	unknown	Dinophyceae	Syndiniales	no_hit	no_hit	no_hit
ASV_5517	Eukaryota	no_hit	unknown	Dinophyceae	Syndiniales	Amoebophryaceae	Amoebophrya	no_hit
ASV_5518	Eukaryota	no_hit	Endomyxa	unknown	Gromiida	Gromiidae	Gromia	Gromia oviformis
ASV_5519	Eukaryota	Viridiplantae	Chlorophyta	Nephroselmidophyceae	Nephroselmidales	Nephroselmidaceae	Nephroselmis	no_hit
ASV_5520	Eukaryota	no_hit	unknown	Dinophyceae	Syndiniales	Amoebophryaceae	Amoebophrya	no_hit
ASV_5521	Eukaryota	no_hit	Cercozoa	Thecofilosea	unknown	unknown	Mataza	Mataza hastifera
ASV_5522	Eukaryota	no_hit	unknown	unknown	unknown	unknown	unknown	Uncultured marine alveolate Group II DH148-EKD14
ASV_5523	no_hit	no_hit	no_hit	no_hit	no_hit	no_hit	no_hit	no_hit
ASV_5524	no_hit	no_hit	no_hit	no_hit	no_hit	no_hit	no_hit	no_hit
ASV_5525	Eukaryota	Metazoa	Chordata	Actinopteri	Myctophiformes	Myctophidae	no_hit	no_hit
ASV_5526	Eukaryota	no_hit	no_hit	no_hit	no_hit	no_hit	no_hit	no_hit
ASV_5527	Eukaryota	no_hit	Apicomplexa	Conoidasida	Corallicolida	no_hit	no_hit	no_hit
ASV_5528	Eukaryota	Metazoa	Annelida	Polychaeta	Spionida	Spionidae	no_hit	no_hit
ASV_5529	no_hit	no_hit	no_hit	no_hit	no_hit	no_hit	no_hit	no_hit
ASV_5530	Eukaryota	no_hit	Rhodophyta	Florideophyceae	Gigartinales	Peyssonneliaceae	Peyssonnelia	no_hit
ASV_5531	Eukaryota	no_hit	Euglenozoa	unknown	Diplonemea	no_hit	no_hit	no_hit
ASV_5532	Eukaryota	no_hit	Bacillariophyta	Coscinodiscophyceae	Melosirales	Stephanopyxidaceae	Stephanopyxis	Stephanopyxis turris
ASV_5533	Eukaryota	Metazoa	Cnidaria	Hydrozoa	Leptothecata	Aequoreidae	Aequorea	no_hit
ASV_5534	no_hit	no_hit	no_hit	no_hit	no_hit	no_hit	no_hit	no_hit
ASV_5535	Eukaryota	no_hit	Euglenozoa	unknown	Diplonemea	Diplonemidae	Rhynchopus	no_hit
ASV_5536	no_hit	no_hit	no_hit	no_hit	no_hit	no_hit	no_hit	no_hit
ASV_5537	Eukaryota	no_hit	Cercozoa	unknown	unknown	unknown	Auranticordis	Auranticordis quadriverberis
ASV_5538	Eukaryota	Viridiplantae	Chlorophyta	Pyramimonadophyceae	Pyramimonadales	Pyramimonadaceae	Pyramimonas	no_hit
ASV_5539	Eukaryota	no_hit	unknown	unknown	unknown	unknown	unknown	uncultured marine eukaryote
ASV_5540	no_hit	no_hit	no_hit	no_hit	no_hit	no_hit	no_hit	no_hit
ASV_5541	Eukaryota	no_hit	Bacillariophyta	Coscinodiscophyceae	Thalassiosirales	Thalassiosiraceae	no_hit	no_hit
ASV_5542	Eukaryota	no_hit	unknown	Dinophyceae	Syndiniales	Amoebophryaceae	Amoebophrya	no_hit
ASV_5543	no_hit	no_hit	no_hit	no_hit	no_hit	no_hit	no_hit	no_hit
ASV_5544	no_hit	no_hit	no_hit	no_hit	no_hit	no_hit	no_hit	no_hit
ASV_5545	Eukaryota	no_hit	no_hit	no_hit	no_hit	no_hit	no_hit	no_hit
ASV_5546	Eukaryota	no_hit	unknown	Dinophyceae	Peridiniales	Pfiesteriaceae	no_hit	no_hit
ASV_5547	no_hit	no_hit	no_hit	no_hit	no_hit	no_hit	no_hit	no_hit
ASV_5548	Eukaryota	no_hit	unknown	unknown	unknown	unknown	unknown	eukaryote clone OLI11055
ASV_5549	Eukaryota	no_hit	unknown	Dinophyceae	Syndiniales	Amoebophryaceae	Amoebophrya	no_hit
ASV_5550	Eukaryota	no_hit	unknown	Dinophyceae	Peridiniales	no_hit	no_hit	no_hit
ASV_5551	Eukaryota	no_hit	unknown	Dinophyceae	Peridiniales	Peridiniaceae	Pentapharsodinium	Pentapharsodinium tyrrhenicum
ASV_5552	Eukaryota	no_hit	Imbricatea	unknown	Euglyphida	no_hit	no_hit	no_hit
ASV_5553	Eukaryota	no_hit	unknown	Dinophyceae	Gymnodiniales	Gymnodiniaceae	Akashiwo	Akashiwo sanguinea
ASV_5554	Eukaryota	no_hit	unknown	Cryptophyceae	Pyrenomonadales	Pyrenomonadaceae	Rhodomonas	Rhodomonas abbreviata
ASV_5555	Eukaryota	no_hit	unknown	Polycystinea	Spumellaria	no_hit	no_hit	no_hit
ASV_5556	no_hit	no_hit	no_hit	no_hit	no_hit	no_hit	no_hit	no_hit
ASV_5557	Eukaryota	Metazoa	Cnidaria	Hydrozoa	Trachymedusae	Geryoniidae	Liriope	Liriope tetraphylla
ASV_5558	Eukaryota	no_hit	unknown	Dinophyceae	no_hit	no_hit	no_hit	no_hit
ASV_5559	Eukaryota	no_hit	unknown	Dinophyceae	no_hit	no_hit	no_hit	no_hit
ASV_5560	no_hit	no_hit	no_hit	no_hit	no_hit	no_hit	no_hit	no_hit
ASV_5561	Eukaryota	no_hit	unknown	Dinophyceae	Syndiniales	no_hit	no_hit	no_hit
ASV_5562	no_hit	no_hit	no_hit	no_hit	no_hit	no_hit	no_hit	no_hit
ASV_5563	no_hit	no_hit	no_hit	no_hit	no_hit	no_hit	no_hit	no_hit
ASV_5564	Eukaryota	Metazoa	Cnidaria	Hydrozoa	Anthoathecata	Corymorphidae	Corymorpha	Corymorpha glacialis
ASV_5565	Eukaryota	no_hit	unknown	Acantharea	Arthracanthida	Acanthometridae	Acanthometra	no_hit
ASV_5566	Eukaryota	no_hit	unknown	Dinophyceae	Gymnodiniales	Ceratoperidiniaeceae	Kirithra	Kirithra sigma
ASV_5567	Eukaryota	no_hit	Cercozoa	no_hit	no_hit	no_hit	no_hit	no_hit
ASV_5568	no_hit	no_hit	no_hit	no_hit	no_hit	no_hit	no_hit	no_hit
ASV_5569	Eukaryota	no_hit	Ciliophora	Spirotrichea	Euplotida	Uronychiidae	Uronychia	Uronychia setigera
ASV_5570	no_hit	no_hit	no_hit	no_hit	no_hit	no_hit	no_hit	no_hit
ASV_5571	Eukaryota	no_hit	unknown	Acantharea	Chaunacanthida	unknown	unknown	Chaunacanthid sp. 6200
ASV_5572	no_hit	no_hit	no_hit	no_hit	no_hit	no_hit	no_hit	no_hit
ASV_5573	Eukaryota	no_hit	Bacillariophyta	Coscinodiscophyceae	Chaetocerotales	Chaetocerotaceae	Chaetoceros	Chaetoceros sp. UNC1414
ASV_5574	no_hit	no_hit	no_hit	no_hit	no_hit	no_hit	no_hit	no_hit
ASV_5575	Eukaryota	no_hit	unknown	Dinophyceae	no_hit	no_hit	no_hit	no_hit
ASV_5576	Eukaryota	Metazoa	Cnidaria	Hydrozoa	Narcomedusae	Solmarisidae	Pegantha	Pegantha rubiginosa
ASV_5577	Eukaryota	no_hit	unknown	Ichthyosporea	Ichthyophonida	Amoebidiaceae	Amoebidium	Amoebidium parasiticum
ASV_5578	no_hit	no_hit	no_hit	no_hit	no_hit	no_hit	no_hit	no_hit
ASV_5579	Eukaryota	Viridiplantae	Chlorophyta	Trebouxiophyceae	no_hit	no_hit	no_hit	no_hit
ASV_5580	Eukaryota	no_hit	Ciliophora	Spirotrichea	no_hit	no_hit	no_hit	no_hit
ASV_5581	Eukaryota	Metazoa	Arthropoda	Malacostraca	Cumacea	Leuconidae	Eudorella	Eudorella hirsuta
ASV_5582	Eukaryota	no_hit	unknown	unknown	Pirsoniales	unknown	Pirsonia	Pirsonia guinardiae
ASV_5583	Eukaryota	no_hit	unknown	Xanthophyceae	Tribonematales	no_hit	no_hit	no_hit
ASV_5584	no_hit	no_hit	no_hit	no_hit	no_hit	no_hit	no_hit	no_hit
ASV_5585	Eukaryota	no_hit	no_hit	no_hit	no_hit	no_hit	no_hit	no_hit
ASV_5586	Eukaryota	no_hit	Oomycota	no_hit	no_hit	no_hit	no_hit	no_hit
ASV_5587	no_hit	no_hit	no_hit	no_hit	no_hit	no_hit	no_hit	no_hit
ASV_5588	no_hit	no_hit	no_hit	no_hit	no_hit	no_hit	no_hit	no_hit
ASV_5589	no_hit	no_hit	no_hit	no_hit	no_hit	no_hit	no_hit	no_hit
ASV_5590	Eukaryota	no_hit	no_hit	no_hit	no_hit	no_hit	no_hit	no_hit
ASV_5591	no_hit	no_hit	no_hit	no_hit	no_hit	no_hit	no_hit	no_hit
ASV_5592	Eukaryota	no_hit	unknown	Dinophyceae	Syndiniales	no_hit	no_hit	no_hit
ASV_5593	Eukaryota	no_hit	unknown	Dinophyceae	Gymnodiniales	Gymnodiniaceae	Akashiwo	Akashiwo sanguinea
ASV_5594	no_hit	no_hit	no_hit	no_hit	no_hit	no_hit	no_hit	no_hit
ASV_5595	no_hit	no_hit	no_hit	no_hit	no_hit	no_hit	no_hit	no_hit
ASV_5596	Eukaryota	no_hit	Bacillariophyta	Mediophyceae	Cymatosirales	Cymatosiraceae	Leyanella	Leyanella probus
ASV_5597	no_hit	no_hit	no_hit	no_hit	no_hit	no_hit	no_hit	no_hit
ASV_5598	Eukaryota	no_hit	Haptophyta	unknown	Phaeocystales	Phaeocystaceae	Phaeocystis	Phaeocystis globosa
ASV_5599	Eukaryota	no_hit	unknown	Cryptophyceae	Kathablepharidacea	unknown	Roombia	Roombia truncata
ASV_5600	Eukaryota	no_hit	unknown	Bigyra	Amphifilida	unknown	Sorodiplophrys	no_hit
ASV_5601	Eukaryota	Viridiplantae	Chlorophyta	no_hit	no_hit	no_hit	no_hit	no_hit
ASV_5602	Eukaryota	Fungi	Ascomycota	Leotiomycetes	Helotiales	Sclerotiniaceae	no_hit	no_hit
ASV_5603	Eukaryota	Fungi	Chytridiomycota	Chytridiomycetes	Rhizophydiales	Uebelmesseromycetaceae	Uebelmesseromyces	Uebelmesseromyces harderi
ASV_5604	Eukaryota	Metazoa	Cnidaria	Hydrozoa	Narcomedusae	Cuninidae	Solmissus	Solmissus albescens
ASV_5605	Eukaryota	Metazoa	Cnidaria	Myxozoa	Bivalvulida	Myxidiidae	Zschokkella	Zschokkella siegfriedi
ASV_5606	Eukaryota	no_hit	unknown	Dinophyceae	Gymnodiniales	Gymnodiniaceae	Gymnodinium	no_hit
ASV_5607	Eukaryota	no_hit	Cercozoa	Thecofilosea	Phaeocalpida	Porospathidae	Porospathis	Porospathis holostoma
ASV_5608	Eukaryota	no_hit	Bacillariophyta	no_hit	no_hit	no_hit	no_hit	no_hit
ASV_5609	no_hit	no_hit	no_hit	no_hit	no_hit	no_hit	no_hit	no_hit
ASV_5610	Eukaryota	no_hit	Euglenozoa	unknown	Diplonemea	unknown	unknown	Diplonemida sp. 21sb RG-2016
ASV_5611	Eukaryota	no_hit	unknown	unknown	unknown	unknown	unknown	uncultured marine eukaryote
ASV_5612	Eukaryota	no_hit	unknown	Polycystinea	no_hit	no_hit	no_hit	no_hit
ASV_5613	no_hit	no_hit	no_hit	no_hit	no_hit	no_hit	no_hit	no_hit
ASV_5614	Eukaryota	no_hit	Haptophyta	unknown	Phaeocystales	Phaeocystaceae	Phaeocystis	no_hit
ASV_5615	Eukaryota	no_hit	unknown	Dinophyceae	Gonyaulacales	Gonyaulacaceae	Alexandrium	no_hit
ASV_5616	Eukaryota	no_hit	unknown	Dinophyceae	no_hit	no_hit	no_hit	no_hit
ASV_5617	Eukaryota	no_hit	unknown	Dinophyceae	no_hit	no_hit	no_hit	no_hit
ASV_5618	no_hit	no_hit	no_hit	no_hit	no_hit	no_hit	no_hit	no_hit
ASV_5619	Eukaryota	no_hit	Imbricatea	unknown	Euglyphida	Paulinellidae	Paulinella	Paulinella chromatophora
ASV_5620	Eukaryota	no_hit	Ciliophora	Spirotrichea	Choreotrichida	Strombidinopsidae	Parastrombidinopsis	no_hit
ASV_5621	Eukaryota	no_hit	Ciliophora	Colpodea	unknown	unknown	unknown	Uncultured marine colpodean ciliate DH147-EKD23
ASV_5622	Eukaryota	no_hit	unknown	unknown	unknown	unknown	unknown	eukaryote clone OLI11009
ASV_5623	Eukaryota	no_hit	Imbricatea	unknown	Thaumatomonadida	Thaumatomastigidae	no_hit	no_hit
ASV_5624	Eukaryota	no_hit	Oomycota	no_hit	no_hit	no_hit	no_hit	no_hit
ASV_5625	Eukaryota	Metazoa	Annelida	Polychaeta	Spionida	Trochochaetidae	Trochochaeta	Trochochaeta multisetosa
ASV_5626	no_hit	no_hit	no_hit	no_hit	no_hit	no_hit	no_hit	no_hit
ASV_5627	Eukaryota	Fungi	Ascomycota	no_hit	no_hit	no_hit	no_hit	no_hit
ASV_5628	no_hit	no_hit	no_hit	no_hit	no_hit	no_hit	no_hit	no_hit
ASV_5629	no_hit	no_hit	no_hit	no_hit	no_hit	no_hit	no_hit	no_hit
ASV_5630	Eukaryota	no_hit	unknown	Dinophyceae	no_hit	no_hit	no_hit	no_hit
ASV_5631	no_hit	no_hit	no_hit	no_hit	no_hit	no_hit	no_hit	no_hit
ASV_5632	no_hit	no_hit	no_hit	no_hit	no_hit	no_hit	no_hit	no_hit
ASV_5633	Eukaryota	Metazoa	Platyhelminthes	Rhabditophora	Macrostomida	Microstomidae	Microstomum	no_hit
ASV_5634	no_hit	no_hit	no_hit	no_hit	no_hit	no_hit	no_hit	no_hit
ASV_5635	Eukaryota	Fungi	Zoopagomycota	Zoopagomycetes	Zoopagales	Piptocephalidaceae	Syncephalis	no_hit
ASV_5636	no_hit	no_hit	no_hit	no_hit	no_hit	no_hit	no_hit	no_hit
ASV_5637	Eukaryota	Fungi	Zoopagomycota	Entomophthoromycetes	Entomophthorales	Entomophthoraceae	Pandora	no_hit
ASV_5638	Eukaryota	no_hit	Endomyxa	Ascetosporea	Haplosporida	unknown	Bonamia	Bonamia exitiosa
ASV_5639	Eukaryota	no_hit	unknown	Polycystinea	Nassellaria	Theoperidae	Artostrobus	Artostrobus sp. 2014
ASV_5640	Eukaryota	no_hit	Euglenozoa	unknown	Diplonemea	unknown	unknown	Diplonemida sp. 37 RG-2016
ASV_5641	Eukaryota	no_hit	unknown	unknown	Pirsoniales	no_hit	no_hit	no_hit
ASV_5642	no_hit	no_hit	no_hit	no_hit	no_hit	no_hit	no_hit	no_hit
ASV_5643	no_hit	no_hit	no_hit	no_hit	no_hit	no_hit	no_hit	no_hit
ASV_5644	no_hit	no_hit	no_hit	no_hit	no_hit	no_hit	no_hit	no_hit
ASV_5645	Eukaryota	no_hit	unknown	Polycystinea	Nassellaria	Theoperidae	Cycladophora	Cycladophora cornuta
ASV_5646	Eukaryota	no_hit	unknown	Dinophyceae	Syndiniales	no_hit	no_hit	no_hit
ASV_5647	Eukaryota	no_hit	Ciliophora	Prostomatea	Prorodontida	no_hit	no_hit	no_hit
ASV_5648	Eukaryota	Viridiplantae	Chlorophyta	Pyramimonadophyceae	Pyramimonadales	Pyramimonadaceae	Pterosperma	Pterosperma cristatum
ASV_5649	Eukaryota	no_hit	Oomycota	unknown	Lagenidiales	Haliphthoraceae	Haliphthoros	no_hit
ASV_5650	no_hit	no_hit	no_hit	no_hit	no_hit	no_hit	no_hit	no_hit
ASV_5651	Eukaryota	no_hit	unknown	unknown	unknown	unknown	unknown	eukaryote clone OLI11055
ASV_5652	Eukaryota	no_hit	unknown	Dinophyceae	Prorocentrales	Prorocentraceae	Prorocentrum	no_hit
ASV_5653	Eukaryota	Metazoa	Mollusca	Bivalvia	Cardiida	no_hit	no_hit	no_hit
ASV_5654	Eukaryota	no_hit	Endomyxa	Ascetosporea	Haplosporida	Haplosporidiidae	Minchinia	Minchinia tapetis
ASV_5655	Eukaryota	no_hit	Oomycota	unknown	Lagenidiales	Lagenidiaceae	Lagenidium	Lagenidium giganteum
ASV_5656	Eukaryota	Viridiplantae	Streptophyta	Magnoliopsida	Asterales	Asteraceae	Pectis	no_hit
ASV_5657	Eukaryota	no_hit	Oomycota	unknown	Lagenidiales	Haliphthoraceae	Haliphthoros	no_hit
ASV_5658	Eukaryota	no_hit	unknown	Dinophyceae	Noctilucales	Kofoidiniaceae	Kofoidinium	no_hit
ASV_5659	Eukaryota	no_hit	unknown	Dinophyceae	Syndiniales	no_hit	no_hit	no_hit
ASV_5660	Eukaryota	Metazoa	Chordata	Appendicularia	Copelata	Fritillariidae	Fritillaria <tunicates>	no_hit
ASV_5661	Eukaryota	Fungi	Ascomycota	Saccharomycetes	Saccharomycetales	Saccharomycetaceae	Saccharomyces	no_hit
ASV_5662	Eukaryota	no_hit	Ciliophora	Colpodea	Colpodida	Colpodidae	Colpoda	no_hit
ASV_5663	Eukaryota	Fungi	Chytridiomycota	no_hit	no_hit	no_hit	no_hit	no_hit
ASV_5664	no_hit	no_hit	no_hit	no_hit	no_hit	no_hit	no_hit	no_hit
ASV_5665	no_hit	no_hit	no_hit	no_hit	no_hit	no_hit	no_hit	no_hit
ASV_5666	no_hit	no_hit	no_hit	no_hit	no_hit	no_hit	no_hit	no_hit
ASV_5667	no_hit	no_hit	no_hit	no_hit	no_hit	no_hit	no_hit	no_hit
ASV_5668	no_hit	no_hit	no_hit	no_hit	no_hit	no_hit	no_hit	no_hit
ASV_5669	Eukaryota	no_hit	unknown	Dinophyceae	Dinophysiales	Dinophysiaceae	Dinophysis	Dinophysis acuminata
ASV_5670	Eukaryota	no_hit	unknown	Dinophyceae	Gymnodiniales	Gymnodiniaceae	Akashiwo	Akashiwo sanguinea
ASV_5671	Eukaryota	no_hit	unknown	Acantharea	Chaunacanthida	unknown	unknown	Chaunacanthid sp. 6200
ASV_5672	Eukaryota	no_hit	unknown	unknown	unknown	unknown	unknown	uncultured marine eukaryote
ASV_5673	Eukaryota	Viridiplantae	Chlorophyta	no_hit	no_hit	no_hit	no_hit	no_hit
ASV_5674	no_hit	no_hit	no_hit	no_hit	no_hit	no_hit	no_hit	no_hit
ASV_5675	Eukaryota	no_hit	no_hit	no_hit	no_hit	no_hit	no_hit	no_hit
ASV_5676	Eukaryota	Viridiplantae	Chlorophyta	Mamiellophyceae	Dolichomastigales	Crustomastigaceae	Crustomastix	Crustomastix stigmatica
ASV_5677	Eukaryota	no_hit	unknown	unknown	unknown	Apusomonadidae	Apusomonas	Apusomonas proboscidea
ASV_5678	no_hit	no_hit	no_hit	no_hit	no_hit	no_hit	no_hit	no_hit
ASV_5679	Eukaryota	no_hit	unknown	Bigyra	Bicosoecida	Cafeteriaceae	Cafeteria	no_hit
ASV_5680	Eukaryota	no_hit	unknown	Cryptophyceae	Cryptomonadales	Hemiselmidaceae	Hemiselmis	Hemiselmis rufescens
ASV_5681	Eukaryota	no_hit	unknown	Bigyra	Bicosoecida	unknown	Caecitellus	Caecitellus sp. HFCC761
ASV_5682	Eukaryota	no_hit	unknown	unknown	unknown	unknown	unknown	uncultured marine picoeukaryote
ASV_5683	no_hit	no_hit	no_hit	no_hit	no_hit	no_hit	no_hit	no_hit
ASV_5684	no_hit	no_hit	no_hit	no_hit	no_hit	no_hit	no_hit	no_hit
ASV_5685	no_hit	no_hit	no_hit	no_hit	no_hit	no_hit	no_hit	no_hit
ASV_5686	no_hit	no_hit	no_hit	no_hit	no_hit	no_hit	no_hit	no_hit
ASV_5687	no_hit	no_hit	no_hit	no_hit	no_hit	no_hit	no_hit	no_hit
ASV_5688	Eukaryota	no_hit	unknown	Dinophyceae	Syndiniales	Amoebophryaceae	Amoebophrya	no_hit
ASV_5689	Eukaryota	no_hit	unknown	unknown	unknown	unknown	unknown	Uncultured marine alveolate Group II DH148-EKD14
ASV_5690	Eukaryota	no_hit	unknown	Dinophyceae	Syndiniales	Amoebophryaceae	Amoebophrya	no_hit
ASV_5691	Eukaryota	no_hit	unknown	Dinophyceae	no_hit	no_hit	no_hit	no_hit
ASV_5692	no_hit	no_hit	no_hit	no_hit	no_hit	no_hit	no_hit	no_hit
ASV_5693	no_hit	no_hit	no_hit	no_hit	no_hit	no_hit	no_hit	no_hit
ASV_5694	Eukaryota	no_hit	Euglenozoa	unknown	Diplonemea	Diplonemidae	Diplonema	Diplonema sp. ATCC 50224
ASV_5695	Eukaryota	no_hit	Apicomplexa	Conoidasida	Archigregarinorida	Selenidiidae	Selenidium	Selenidium fallax
ASV_5696	Eukaryota	no_hit	unknown	Dinophyceae	Gymnodiniales	Warnowiaceae	no_hit	no_hit
ASV_5697	Eukaryota	no_hit	unknown	Dinophyceae	Gonyaulacales	Gonyaulacaceae	Alexandrium	no_hit
ASV_5698	no_hit	no_hit	no_hit	no_hit	no_hit	no_hit	no_hit	no_hit
ASV_5699	no_hit	no_hit	no_hit	no_hit	no_hit	no_hit	no_hit	no_hit
ASV_5700	Eukaryota	no_hit	unknown	Dinophyceae	Peridiniales	Podolampaceae	Lessardia	Lessardia elongata
ASV_5701	Eukaryota	Viridiplantae	Chlorophyta	Pyramimonadophyceae	Pyramimonadales	Pyramimonadaceae	no_hit	no_hit
ASV_5702	no_hit	no_hit	no_hit	no_hit	no_hit	no_hit	no_hit	no_hit
ASV_5703	no_hit	no_hit	no_hit	no_hit	no_hit	no_hit	no_hit	no_hit
ASV_5704	no_hit	no_hit	no_hit	no_hit	no_hit	no_hit	no_hit	no_hit
ASV_5705	Eukaryota	no_hit	unknown	Dinophyceae	Peridiniales	Peridiniaceae	Scrippsiella	no_hit
ASV_5706	no_hit	no_hit	no_hit	no_hit	no_hit	no_hit	no_hit	no_hit
ASV_5707	Eukaryota	no_hit	unknown	Bigyra	Oblongichytrida	unknown	Oblongichytrium	Oblongichytrium sp. PBS05
ASV_5708	no_hit	no_hit	no_hit	no_hit	no_hit	no_hit	no_hit	no_hit
ASV_5709	no_hit	no_hit	no_hit	no_hit	no_hit	no_hit	no_hit	no_hit
ASV_5710	Eukaryota	no_hit	Bacillariophyta	Bacillariophyceae	Naviculales	Naviculaceae	Navicula	no_hit
ASV_5711	Eukaryota	no_hit	Euglenozoa	Euglenida	Petalomonadida	Sphenomonadidae	Sphenomonas	Sphenomonas cf. tristriata
ASV_5712	Eukaryota	no_hit	unknown	Dinophyceae	Gymnodiniales	Gymnodiniaceae	Akashiwo	Akashiwo sanguinea
ASV_5713	Eukaryota	no_hit	unknown	unknown	unknown	unknown	unknown	uncultured marine picoeukaryote
ASV_5714	no_hit	no_hit	no_hit	no_hit	no_hit	no_hit	no_hit	no_hit
ASV_5715	Eukaryota	no_hit	Cercozoa	Thecofilosea	unknown	Ebriacea	Ebria	Ebria tripartita
ASV_5716	Eukaryota	no_hit	unknown	Dinophyceae	Syndiniales	Amoebophryaceae	Amoebophrya	no_hit
ASV_5717	Eukaryota	no_hit	unknown	Dinophyceae	Prorocentrales	Prorocentraceae	Prorocentrum	no_hit
ASV_5718	no_hit	no_hit	no_hit	no_hit	no_hit	no_hit	no_hit	no_hit
ASV_5719	Eukaryota	no_hit	Euglenozoa	unknown	Diplonemea	unknown	unknown	Diplonemida sp. 37 RG-2016
ASV_5720	Eukaryota	Metazoa	Annelida	Polychaeta	Terebellida	Cirratulidae	Chaetozone	Chaetozone setosa
ASV_5721	Eukaryota	no_hit	no_hit	no_hit	no_hit	no_hit	no_hit	no_hit
ASV_5722	no_hit	no_hit	no_hit	no_hit	no_hit	no_hit	no_hit	no_hit
ASV_5723	Eukaryota	Metazoa	Annelida	Polychaeta	Sabellida	Sabellidae	Chone	Chone infundibuliformis
ASV_5724	Eukaryota	Metazoa	Cnidaria	Anthozoa	Scleractinia	no_hit	no_hit	no_hit
ASV_5725	Eukaryota	no_hit	unknown	Dinophyceae	Dinophysiales	Dinophysiaceae	Dinophysis	Dinophysis acuminata
ASV_5726	no_hit	no_hit	no_hit	no_hit	no_hit	no_hit	no_hit	no_hit
ASV_5727	no_hit	no_hit	no_hit	no_hit	no_hit	no_hit	no_hit	no_hit
ASV_5728	no_hit	no_hit	no_hit	no_hit	no_hit	no_hit	no_hit	no_hit
ASV_5729	Eukaryota	no_hit	unknown	Dinophyceae	Syndiniales	Amoebophryaceae	Amoebophrya	no_hit
ASV_5730	no_hit	no_hit	no_hit	no_hit	no_hit	no_hit	no_hit	no_hit
ASV_5731	Eukaryota	no_hit	unknown	Dinophyceae	no_hit	no_hit	no_hit	no_hit
ASV_5732	no_hit	no_hit	no_hit	no_hit	no_hit	no_hit	no_hit	no_hit
ASV_5733	Eukaryota	no_hit	Apicomplexa	Conoidasida	Eugregarinorida	Lecudinidae	Paralecudina	Paralecudina anankea
ASV_5734	no_hit	no_hit	no_hit	no_hit	no_hit	no_hit	no_hit	no_hit
ASV_5735	Eukaryota	no_hit	unknown	Bigyra	Oblongichytrida	unknown	Oblongichytrium	no_hit
ASV_5736	no_hit	no_hit	no_hit	no_hit	no_hit	no_hit	no_hit	no_hit
ASV_5737	Eukaryota	no_hit	unknown	Dinophyceae	Syndiniales	Amoebophryaceae	Amoebophrya	no_hit
ASV_5738	Eukaryota	no_hit	unknown	Dinophyceae	Syndiniales	no_hit	no_hit	no_hit
ASV_5739	Eukaryota	no_hit	unknown	Dinophyceae	Peridiniales	Peridiniaceae	Pentapharsodinium	no_hit
ASV_5740	Eukaryota	no_hit	unknown	unknown	unknown	unknown	unknown	Uncultured marine alveolate Group II DH148-EKD14
ASV_5741	no_hit	no_hit	no_hit	no_hit	no_hit	no_hit	no_hit	no_hit
ASV_5742	Eukaryota	Metazoa	Cnidaria	Myxozoa	Multivalvulida	Trilosporidae	Unicapsula	Unicapsula muscularis
ASV_5743	no_hit	no_hit	no_hit	no_hit	no_hit	no_hit	no_hit	no_hit
ASV_5744	Eukaryota	Metazoa	Annelida	Polychaeta	unknown	Orbiniidae	Leitoscoloplos	Leitoscoloplos fragilis
ASV_5745	Eukaryota	no_hit	unknown	unknown	unknown	unknown	unknown	uncultured marine eukaryote
ASV_5746	Eukaryota	Metazoa	Nemertea	Pilidiophora	Heteronemertea	Valenciniidae	Sonnenemertes	Sonnenemertes cantelli
ASV_5747	Eukaryota	Metazoa	Hemichordata	Enteropneusta	unknown	Harrimaniidae	Meioglossus	Meioglossus psammophilus
ASV_5748	Eukaryota	no_hit	Bacillariophyta	no_hit	no_hit	no_hit	no_hit	no_hit
ASV_5749	Eukaryota	Metazoa	Bryozoa	Gymnolaemata	Cheilostomatida	Cellariidae	Cellaria	Cellaria diffusa
ASV_5750	no_hit	no_hit	no_hit	no_hit	no_hit	no_hit	no_hit	no_hit
ASV_5751	Eukaryota	no_hit	unknown	unknown	unknown	unknown	unknown	uncultured marine eukaryote
ASV_5752	Eukaryota	no_hit	unknown	Dinophyceae	Suessiales	unknown	Dactylodinium	Dactylodinium arachnoides
ASV_5753	Eukaryota	Metazoa	Cnidaria	Anthozoa	Pennatulacea	Balticinidae	Balticina	Balticina finmarchica
ASV_5754	no_hit	no_hit	no_hit	no_hit	no_hit	no_hit	no_hit	no_hit
ASV_5755	no_hit	no_hit	no_hit	no_hit	no_hit	no_hit	no_hit	no_hit
ASV_5756	no_hit	no_hit	no_hit	no_hit	no_hit	no_hit	no_hit	no_hit
ASV_5757	Eukaryota	no_hit	Cercozoa	no_hit	no_hit	no_hit	no_hit	no_hit
ASV_5758	no_hit	no_hit	no_hit	no_hit	no_hit	no_hit	no_hit	no_hit
ASV_5759	Eukaryota	no_hit	unknown	Dinophyceae	Gonyaulacales	Amphidomataceae	Azadinium	no_hit
ASV_5760	Eukaryota	no_hit	Rhodophyta	Stylonematophyceae	Stylonematales	Stylonemataceae	Stylonema	Stylonema alsidii
ASV_5761	no_hit	no_hit	no_hit	no_hit	no_hit	no_hit	no_hit	no_hit
ASV_5762	Eukaryota	no_hit	Oomycota	unknown	Myzocytiopsidales	Myzocytiopsidaceae	Myzocytiopsis	Myzocytiopsis sp. venatrix
ASV_5763	Eukaryota	no_hit	unknown	Bigyra	Thraustochytrida	Thraustochytriaceae	Thraustochytrium	no_hit
ASV_5764	no_hit	no_hit	no_hit	no_hit	no_hit	no_hit	no_hit	no_hit
ASV_5765	Eukaryota	Metazoa	Annelida	Polychaeta	Spionida	Spionidae	Laonice	Laonice cirrata
ASV_5766	Eukaryota	no_hit	Ciliophora	Spirotrichea	unknown	Tontoniidae	Spirotontonia	Spirotontonia grandis
ASV_5767	no_hit	no_hit	no_hit	no_hit	no_hit	no_hit	no_hit	no_hit
ASV_5768	no_hit	no_hit	no_hit	no_hit	no_hit	no_hit	no_hit	no_hit
ASV_5769	Eukaryota	no_hit	no_hit	no_hit	no_hit	no_hit	no_hit	no_hit
ASV_5770	no_hit	no_hit	no_hit	no_hit	no_hit	no_hit	no_hit	no_hit
ASV_5771	no_hit	no_hit	no_hit	no_hit	no_hit	no_hit	no_hit	no_hit
ASV_5772	Eukaryota	no_hit	Tubulinea	Elardia	Euamoebida	Hartmannellidae	Ptolemeba	Ptolemeba bulliensis
ASV_5773	Eukaryota	no_hit	unknown	Filasterea	unknown	unknown	Pigoraptor	Pigoraptor chileana
ASV_5774	Eukaryota	no_hit	unknown	unknown	Ancyromonadida	unknown	Nutomonas	Nutomonas longa
ASV_5775	no_hit	no_hit	no_hit	no_hit	no_hit	no_hit	no_hit	no_hit
ASV_5776	Eukaryota	no_hit	Apicomplexa	Conoidasida	Eucoccidiorida	Eimeriidae	no_hit	no_hit
ASV_5777	no_hit	no_hit	no_hit	no_hit	no_hit	no_hit	no_hit	no_hit
ASV_5778	Eukaryota	no_hit	Euglenozoa	unknown	Diplonemea	unknown	unknown	Diplonemida sp. 3 RG-2016
ASV_5779	no_hit	no_hit	no_hit	no_hit	no_hit	no_hit	no_hit	no_hit
ASV_5780	unassigned	unassigned	unassigned	unassigned	unassigned	unassigned	unassigned	unassigned
ASV_5781	Eukaryota	no_hit	unknown	Dinophyceae	no_hit	no_hit	no_hit	no_hit
ASV_5782	no_hit	no_hit	no_hit	no_hit	no_hit	no_hit	no_hit	no_hit
ASV_5783	Eukaryota	no_hit	unknown	Dinophyceae	Suessiales	Suessiaceae	Leiocephalium	Leiocephalium pseudosanguineum
ASV_5784	Eukaryota	no_hit	unknown	unknown	unknown	unknown	unknown	uncultured marine picoeukaryote
ASV_5785	no_hit	no_hit	no_hit	no_hit	no_hit	no_hit	no_hit	no_hit
ASV_5786	no_hit	no_hit	no_hit	no_hit	no_hit	no_hit	no_hit	no_hit
ASV_5787	no_hit	no_hit	no_hit	no_hit	no_hit	no_hit	no_hit	no_hit
ASV_5788	no_hit	no_hit	no_hit	no_hit	no_hit	no_hit	no_hit	no_hit
ASV_5789	Eukaryota	no_hit	unknown	unknown	Ancyromonadida	Planomonadidae	Fabomonas	Fabomonas tropica
ASV_5790	Eukaryota	no_hit	Apicomplexa	Conoidasida	Eucoccidiorida	unknown	unknown	Eucoccidiorida sp. Okushiri-2009
ASV_5791	Eukaryota	no_hit	unknown	Dinophyceae	no_hit	no_hit	no_hit	no_hit
ASV_5792	no_hit	no_hit	no_hit	no_hit	no_hit	no_hit	no_hit	no_hit
ASV_5793	Eukaryota	no_hit	unknown	Dinophyceae	Dinophysiales	Dinophysiaceae	Dinophysis	no_hit
ASV_5794	Eukaryota	no_hit	unknown	Dinophyceae	Peridiniales	Protoperidiniaceae	Protoperidinium	Protoperidinium leonis
ASV_5795	no_hit	no_hit	no_hit	no_hit	no_hit	no_hit	no_hit	no_hit
ASV_5796	no_hit	no_hit	no_hit	no_hit	no_hit	no_hit	no_hit	no_hit
ASV_5797	Eukaryota	no_hit	unknown	Bigyra	Thraustochytrida	Thraustochytriaceae	Schizochytrium	Schizochytrium minutum
ASV_5798	Eukaryota	no_hit	unknown	Dinophyceae	Syndiniales	no_hit	no_hit	no_hit
ASV_5799	Eukaryota	no_hit	unknown	Bigyra	Thraustochytrida	Thraustochytriaceae	Schizochytrium	Schizochytrium minutum
ASV_5800	Eukaryota	Metazoa	Arthropoda	Thecostraca	no_hit	no_hit	no_hit	no_hit
ASV_5801	no_hit	no_hit	no_hit	no_hit	no_hit	no_hit	no_hit	no_hit
ASV_5802	no_hit	no_hit	no_hit	no_hit	no_hit	no_hit	no_hit	no_hit
ASV_5803	no_hit	no_hit	no_hit	no_hit	no_hit	no_hit	no_hit	no_hit
ASV_5804	Eukaryota	no_hit	unknown	Dinophyceae	no_hit	no_hit	no_hit	no_hit
ASV_5805	no_hit	no_hit	no_hit	no_hit	no_hit	no_hit	no_hit	no_hit
ASV_5806	no_hit	no_hit	no_hit	no_hit	no_hit	no_hit	no_hit	no_hit
ASV_5807	no_hit	no_hit	no_hit	no_hit	no_hit	no_hit	no_hit	no_hit
ASV_5808	Eukaryota	no_hit	Ciliophora	Litostomatea	Cyclotrichida	Mesodiniidae	Mesodinium	no_hit
ASV_5809	no_hit	no_hit	no_hit	no_hit	no_hit	no_hit	no_hit	no_hit
ASV_5810	no_hit	no_hit	no_hit	no_hit	no_hit	no_hit	no_hit	no_hit
ASV_5811	Eukaryota	no_hit	Foraminifera	unknown	Astrorhizida	Astrorhizidae	Pelosina	Pelosina sp. 1029
ASV_5812	Eukaryota	Metazoa	Arthropoda	Hexanauplia	Poecilostomatoida	Oncaeidae	Triconia	Triconia conifera
ASV_5813	Eukaryota	no_hit	unknown	Polycystinea	no_hit	no_hit	no_hit	no_hit
ASV_5814	no_hit	no_hit	no_hit	no_hit	no_hit	no_hit	no_hit	no_hit
ASV_5815	no_hit	no_hit	no_hit	no_hit	no_hit	no_hit	no_hit	no_hit
ASV_5816	Eukaryota	Metazoa	Chordata	Ascidiacea	Stolidobranchia	Molgulidae	Molgula	no_hit
ASV_5817	Eukaryota	Metazoa	Porifera	Demospongiae	Suberitida	unknown	Terpios	Terpios aploos
ASV_5818	Eukaryota	no_hit	Foraminifera	unknown	Astrorhizida	Bathysiphonidae	Bathysiphon	Bathysiphon minuta
ASV_5819	Eukaryota	no_hit	unknown	Dinophyceae	Syndiniales	Ellobiopsidae	Thalassomyces	no_hit
ASV_5820	no_hit	no_hit	no_hit	no_hit	no_hit	no_hit	no_hit	no_hit
ASV_5821	no_hit	no_hit	no_hit	no_hit	no_hit	no_hit	no_hit	no_hit
ASV_5822	no_hit	no_hit	no_hit	no_hit	no_hit	no_hit	no_hit	no_hit
ASV_5823	Eukaryota	no_hit	Imbricatea	unknown	Thaumatomonadida	Thaumatomastigidae	Protaspis	Protaspis sp. CC-2009c
ASV_5824	Eukaryota	no_hit	Cercozoa	Thecofilosea	Phaeogromida	Medusettidae	Gazelletta	Gazelletta kashiwaensis
ASV_5825	no_hit	no_hit	no_hit	no_hit	no_hit	no_hit	no_hit	no_hit
ASV_5826	no_hit	no_hit	no_hit	no_hit	no_hit	no_hit	no_hit	no_hit
ASV_5827	Eukaryota	no_hit	unknown	Dinophyceae	no_hit	no_hit	no_hit	no_hit
ASV_5828	Eukaryota	no_hit	unknown	Dinophyceae	no_hit	no_hit	no_hit	no_hit
ASV_5829	no_hit	no_hit	no_hit	no_hit	no_hit	no_hit	no_hit	no_hit
ASV_5830	no_hit	no_hit	no_hit	no_hit	no_hit	no_hit	no_hit	no_hit
ASV_5831	no_hit	no_hit	no_hit	no_hit	no_hit	no_hit	no_hit	no_hit
ASV_5832	Eukaryota	Fungi	Zoopagomycota	Zoopagomycetes	Zoopagales	Piptocephalidaceae	Syncephalis	no_hit
ASV_5833	Eukaryota	no_hit	Foraminifera	no_hit	no_hit	no_hit	no_hit	no_hit
ASV_5834	Eukaryota	no_hit	Cercozoa	unknown	Cercomonadida	Cercomonadidae	Cercomonas	no_hit
ASV_5835	Eukaryota	no_hit	no_hit	no_hit	no_hit	no_hit	no_hit	no_hit
ASV_5836	Eukaryota	no_hit	unknown	unknown	unknown	unknown	unknown	uncultured marine picoeukaryote
ASV_5837	Eukaryota	no_hit	unknown	Cryptophyceae	Pyrenomonadales	Chroomonadaceae	Falcomonas	Falcomonas daucoides
ASV_5838	no_hit	no_hit	no_hit	no_hit	no_hit	no_hit	no_hit	no_hit
ASV_5839	Eukaryota	no_hit	Euglenozoa	unknown	Diplonemea	unknown	unknown	Diplonemida sp. 37 RG-2016
ASV_5840	Eukaryota	no_hit	unknown	Dinophyceae	Gymnodiniales	Kareniaceae	Karlodinium	Karlodinium veneficum
ASV_5841	no_hit	no_hit	no_hit	no_hit	no_hit	no_hit	no_hit	no_hit
ASV_5842	no_hit	no_hit	no_hit	no_hit	no_hit	no_hit	no_hit	no_hit
ASV_5843	Eukaryota	Metazoa	Cnidaria	Hydrozoa	Narcomedusae	Cuninidae	Solmissus	no_hit
ASV_5844	Eukaryota	no_hit	unknown	Dinophyceae	Gymnodiniales	Gymnodiniaceae	Akashiwo	Akashiwo sanguinea
ASV_5845	no_hit	no_hit	no_hit	no_hit	no_hit	no_hit	no_hit	no_hit
ASV_5846	Eukaryota	Metazoa	Arthropoda	Malacostraca	Euphausiacea	Euphausiidae	no_hit	no_hit
ASV_5847	Eukaryota	no_hit	unknown	Dinophyceae	Dinophysiales	Dinophysiaceae	Phalacroma	Phalacroma oxytoxoides
ASV_5848	Eukaryota	no_hit	Euglenozoa	Kinetoplastea	Eubodonida	Bodonidae	no_hit	no_hit
ASV_5849	no_hit	no_hit	no_hit	no_hit	no_hit	no_hit	no_hit	no_hit
ASV_5850	no_hit	no_hit	no_hit	no_hit	no_hit	no_hit	no_hit	no_hit
ASV_5851	no_hit	no_hit	no_hit	no_hit	no_hit	no_hit	no_hit	no_hit
ASV_5852	Eukaryota	no_hit	unknown	Dinophyceae	Syndiniales	Amoebophryaceae	Amoebophrya	no_hit
ASV_5853	Eukaryota	no_hit	unknown	Dinophyceae	Syndiniales	Amoebophryaceae	Amoebophrya	no_hit
ASV_5854	Eukaryota	no_hit	Cercozoa	unknown	Cercomonadida	Cercomonadidae	Cercomonas	no_hit
ASV_5855	Eukaryota	no_hit	unknown	unknown	unknown	unknown	unknown	eukaryote clone OLI11013
ASV_5856	Eukaryota	no_hit	no_hit	no_hit	no_hit	no_hit	no_hit	no_hit
ASV_5857	Eukaryota	no_hit	unknown	Chrysophyceae	Hibberdiales	Hibberdiaceae	Hibberdia	Hibberdia magna
ASV_5858	Eukaryota	no_hit	unknown	Dinophyceae	Gonyaulacales	Gonyaulacaceae	no_hit	no_hit
ASV_5859	no_hit	no_hit	no_hit	no_hit	no_hit	no_hit	no_hit	no_hit
ASV_5860	Eukaryota	no_hit	unknown	Bigyra	unknown	Pseudophyllomitidae	Pseudophyllomitus	no_hit
ASV_5861	Eukaryota	no_hit	Rhodophyta	Florideophyceae	Ceramiales	Rhodomelaceae	Osmundea	Osmundea pinnatifida
ASV_5862	Eukaryota	no_hit	Euglenozoa	unknown	Diplonemea	no_hit	no_hit	no_hit
ASV_5863	no_hit	no_hit	no_hit	no_hit	no_hit	no_hit	no_hit	no_hit
ASV_5864	Eukaryota	no_hit	Foraminifera	unknown	Rotaliida	Candeinidae	Candeina	Candeina nitida
ASV_5865	Eukaryota	no_hit	no_hit	no_hit	no_hit	no_hit	no_hit	no_hit
ASV_5866	Bacteria	no_hit	no_hit	no_hit	no_hit	no_hit	no_hit	no_hit
ASV_5867	Eukaryota	no_hit	unknown	unknown	unknown	unknown	unknown	uncultured marine picoeukaryote
ASV_5868	Eukaryota	no_hit	Euglenozoa	unknown	Diplonemea	no_hit	no_hit	no_hit
ASV_5869	Eukaryota	Metazoa	Nemertea	Palaeonemertea	unknown	Tubulanidae	Tubulanus	no_hit
ASV_5870	Eukaryota	no_hit	Ciliophora	Prostomatea	Prorodontida	Colepidae	Tiarina	Tiarina fusa
ASV_5871	Eukaryota	Metazoa	Nemertea	Palaeonemertea	unknown	Tubulanidae	no_hit	no_hit
ASV_5872	no_hit	no_hit	no_hit	no_hit	no_hit	no_hit	no_hit	no_hit
ASV_5873	Eukaryota	no_hit	unknown	Dinophyceae	Gonyaulacales	Amphidomataceae	Azadinium	Azadinium cuneatum
ASV_5874	Eukaryota	Metazoa	Porifera	Demospongiae	Dendroceratida	no_hit	no_hit	no_hit
ASV_5875	no_hit	no_hit	no_hit	no_hit	no_hit	no_hit	no_hit	no_hit
ASV_5876	no_hit	no_hit	no_hit	no_hit	no_hit	no_hit	no_hit	no_hit
ASV_5877	Eukaryota	no_hit	Tubulinea	Elardia	Euamoebida	Hartmannellidae	no_hit	no_hit
ASV_5878	no_hit	no_hit	no_hit	no_hit	no_hit	no_hit	no_hit	no_hit
ASV_5879	no_hit	no_hit	no_hit	no_hit	no_hit	no_hit	no_hit	no_hit
ASV_5880	no_hit	no_hit	no_hit	no_hit	no_hit	no_hit	no_hit	no_hit
ASV_5881	Eukaryota	no_hit	Foraminifera	no_hit	no_hit	no_hit	no_hit	no_hit
ASV_5882	no_hit	no_hit	no_hit	no_hit	no_hit	no_hit	no_hit	no_hit
ASV_5883	Eukaryota	no_hit	Apicomplexa	Conoidasida	Eugregarinorida	Lecudinidae	Trollidium	Trollidium akkeshiense
ASV_5884	Eukaryota	no_hit	unknown	Dinophyceae	no_hit	no_hit	no_hit	no_hit
ASV_5885	no_hit	no_hit	no_hit	no_hit	no_hit	no_hit	no_hit	no_hit
ASV_5886	no_hit	no_hit	no_hit	no_hit	no_hit	no_hit	no_hit	no_hit
ASV_5887	Eukaryota	no_hit	unknown	Bigyra	Oblongichytrida	unknown	Oblongichytrium	Oblongichytrium sp. HK9
ASV_5888	Eukaryota	Metazoa	Platyhelminthes	Rhabditophora	Proseriata	unknown	Polystyliphora	Polystyliphora karlingi
ASV_5889	Eukaryota	no_hit	Bacillariophyta	Fragilariophyceae	no_hit	no_hit	no_hit	no_hit
ASV_5890	Eukaryota	no_hit	unknown	Bigyra	Amphifilida	unknown	Sorodiplophrys	Sorodiplophrys stercorea
ASV_5891	Eukaryota	Metazoa	Porifera	Demospongiae	Poecilosclerida	Hymedesmiidae	Hemimycale	Hemimycale ceadensis
ASV_5892	no_hit	no_hit	no_hit	no_hit	no_hit	no_hit	no_hit	no_hit
ASV_5893	no_hit	no_hit	no_hit	no_hit	no_hit	no_hit	no_hit	no_hit
ASV_5894	no_hit	no_hit	no_hit	no_hit	no_hit	no_hit	no_hit	no_hit
ASV_5895	Eukaryota	no_hit	unknown	Dinophyceae	Peridiniales	Pfiesteriaceae	no_hit	no_hit
ASV_5896	no_hit	no_hit	no_hit	no_hit	no_hit	no_hit	no_hit	no_hit
ASV_5897	no_hit	no_hit	no_hit	no_hit	no_hit	no_hit	no_hit	no_hit
ASV_5898	no_hit	no_hit	no_hit	no_hit	no_hit	no_hit	no_hit	no_hit
ASV_5899	no_hit	no_hit	no_hit	no_hit	no_hit	no_hit	no_hit	no_hit
ASV_5900	no_hit	no_hit	no_hit	no_hit	no_hit	no_hit	no_hit	no_hit
ASV_5901	Eukaryota	no_hit	Bacillariophyta	Coscinodiscophyceae	Thalassiosirales	Thalassiosiraceae	Thalassiosira	Thalassiosira punctigera
ASV_5902	Eukaryota	no_hit	Imbricatea	unknown	Euglyphida	Euglyphidae	Euglypha	no_hit
ASV_5903	unassigned	unassigned	unassigned	unassigned	unassigned	unassigned	unassigned	unassigned
ASV_5904	Eukaryota	no_hit	Cercozoa	unknown	Cercomonadida	Cercomonadidae	Cercomonas	no_hit
ASV_5905	Eukaryota	no_hit	Cercozoa	unknown	Cercomonadida	Cercomonadidae	Cercomonas	no_hit
ASV_5906	Eukaryota	no_hit	Euglenozoa	unknown	Diplonemea	unknown	unknown	Diplonemida sp. 21sb RG-2016
ASV_5907	Eukaryota	no_hit	unknown	Bigyra	Thraustochytrida	Thraustochytriaceae	Thraustochytrium	Thraustochytrium multirudimentale
ASV_5908	Bacteria	no_hit	unknown	unknown	unknown	unknown	unknown	bacterium
ASV_5909	Eukaryota	no_hit	no_hit	no_hit	no_hit	no_hit	no_hit	no_hit
ASV_5910	no_hit	no_hit	no_hit	no_hit	no_hit	no_hit	no_hit	no_hit
ASV_5911	no_hit	no_hit	no_hit	no_hit	no_hit	no_hit	no_hit	no_hit
ASV_5912	Eukaryota	Metazoa	Chordata	Appendicularia	Copelata	Oikopleuridae	Oikopleura	Oikopleura dioica
ASV_5913	no_hit	no_hit	no_hit	no_hit	no_hit	no_hit	no_hit	no_hit
ASV_5914	no_hit	no_hit	no_hit	no_hit	no_hit	no_hit	no_hit	no_hit
ASV_5915	Eukaryota	no_hit	Cercozoa	unknown	Cercomonadida	Cercomonadidae	Cercomonas	Cercomonas mutans
ASV_5916	Eukaryota	no_hit	Discosea	unknown	Longamoebia	Thecamoebida	Stenamoeba	Stenamoeba limacina
ASV_5917	Eukaryota	no_hit	Euglenozoa	unknown	Diplonemea	unknown	unknown	Diplonemida sp. 37 RG-2016
ASV_5918	Eukaryota	no_hit	Discosea	unknown	Himatismenida	Cochliopodiidae	Cochliopodium	Cochliopodium larifeili
ASV_5919	Eukaryota	no_hit	Apicomplexa	Conoidasida	Eucoccidiorida	Eimeriidae	no_hit	no_hit
ASV_5920	Eukaryota	no_hit	Euglenozoa	unknown	Diplonemea	unknown	unknown	Diplonemida sp. 1sb RG-2016
ASV_5921	no_hit	no_hit	no_hit	no_hit	no_hit	no_hit	no_hit	no_hit
ASV_5922	no_hit	no_hit	no_hit	no_hit	no_hit	no_hit	no_hit	no_hit
ASV_5923	no_hit	no_hit	no_hit	no_hit	no_hit	no_hit	no_hit	no_hit
ASV_5924	Eukaryota	no_hit	Bacillariophyta	Coscinodiscophyceae	Chaetocerotales	Chaetocerotaceae	Chaetoceros	no_hit
ASV_5925	Eukaryota	no_hit	unknown	Dinophyceae	Gymnodiniales	no_hit	no_hit	no_hit
ASV_5926	Eukaryota	no_hit	unknown	Dinophyceae	Syndiniales	no_hit	no_hit	no_hit
ASV_5927	Eukaryota	Metazoa	Cnidaria	Hydrozoa	Leptothecata	Plumulariidae	Plumularia	no_hit
ASV_5928	Eukaryota	Metazoa	Platyhelminthes	Monogenea	Mazocraeidea	Mazocraeidae	Mazocraeoides	Mazocraeoides prashadi
ASV_5929	Eukaryota	no_hit	unknown	unknown	unknown	Colpodellaceae	Colpodella	no_hit
ASV_5930	no_hit	no_hit	no_hit	no_hit	no_hit	no_hit	no_hit	no_hit
ASV_5931	Eukaryota	no_hit	Heterolobosea	unknown	unknown	Stephanopogonidae	Stephanopogon	Stephanopogon minuta
ASV_5932	Eukaryota	no_hit	Cercozoa	no_hit	no_hit	no_hit	no_hit	no_hit
ASV_5933	Bacteria	no_hit	unknown	unknown	unknown	unknown	unknown	bacterium
ASV_5934	no_hit	no_hit	no_hit	no_hit	no_hit	no_hit	no_hit	no_hit
ASV_5935	Eukaryota	no_hit	unknown	unknown	unknown	unknown	unknown	uncultured marine picoeukaryote
ASV_5936	Eukaryota	no_hit	Bacillariophyta	Coscinodiscophyceae	Thalassiosirales	Thalassiosiraceae	Thalassiosira	no_hit
ASV_5937	no_hit	no_hit	no_hit	no_hit	no_hit	no_hit	no_hit	no_hit
ASV_5938	Eukaryota	no_hit	Tubulinea	Elardia	Leptomyxida	Flabellulidae	Paraflabellula	Paraflabellula hoguae
ASV_5939	Eukaryota	no_hit	Discosea	Flabellinia	Dactylopodida	Paramoebidae	Paramoeba	Paramoeba atlantica
ASV_5940	no_hit	no_hit	no_hit	no_hit	no_hit	no_hit	no_hit	no_hit
ASV_5941	Eukaryota	no_hit	unknown	Polycystinea	Nassellaria	Artostrobiidae	Botryostrobus	Botryostrobus auritus-australis
ASV_5942	no_hit	no_hit	no_hit	no_hit	no_hit	no_hit	no_hit	no_hit
ASV_5943	Eukaryota	no_hit	Euglenozoa	unknown	Diplonemea	no_hit	no_hit	no_hit
ASV_5944	no_hit	no_hit	no_hit	no_hit	no_hit	no_hit	no_hit	no_hit
ASV_5945	no_hit	no_hit	no_hit	no_hit	no_hit	no_hit	no_hit	no_hit
ASV_5946	Eukaryota	no_hit	unknown	Dinophyceae	Prorocentrales	Prorocentraceae	Prorocentrum	no_hit
ASV_5947	no_hit	no_hit	no_hit	no_hit	no_hit	no_hit	no_hit	no_hit
ASV_5948	Eukaryota	no_hit	Euglenozoa	unknown	Diplonemea	unknown	unknown	Diplonemida sp. 1sb RG-2016
ASV_5949	no_hit	no_hit	no_hit	no_hit	no_hit	no_hit	no_hit	no_hit
ASV_5950	no_hit	no_hit	no_hit	no_hit	no_hit	no_hit	no_hit	no_hit
ASV_5951	Eukaryota	no_hit	no_hit	no_hit	no_hit	no_hit	no_hit	no_hit
ASV_5952	Eukaryota	no_hit	no_hit	no_hit	no_hit	no_hit	no_hit	no_hit
ASV_5953	Eukaryota	no_hit	Oomycota	unknown	Lagenidiales	Haliphthoraceae	Haliphthoros	Haliphthoros sp. NJM 0034
ASV_5954	no_hit	no_hit	no_hit	no_hit	no_hit	no_hit	no_hit	no_hit
ASV_5955	no_hit	no_hit	no_hit	no_hit	no_hit	no_hit	no_hit	no_hit
ASV_5956	no_hit	no_hit	no_hit	no_hit	no_hit	no_hit	no_hit	no_hit
ASV_5957	no_hit	no_hit	no_hit	no_hit	no_hit	no_hit	no_hit	no_hit
ASV_5958	no_hit	no_hit	no_hit	no_hit	no_hit	no_hit	no_hit	no_hit
ASV_5959	no_hit	no_hit	no_hit	no_hit	no_hit	no_hit	no_hit	no_hit
ASV_5960	no_hit	no_hit	no_hit	no_hit	no_hit	no_hit	no_hit	no_hit
ASV_5961	Eukaryota	no_hit	unknown	Dinophyceae	Torodiniales	Torodiniaceae	Torodinium	Torodinium teredo
ASV_5962	no_hit	no_hit	no_hit	no_hit	no_hit	no_hit	no_hit	no_hit
ASV_5963	Eukaryota	Metazoa	Arthropoda	Malacostraca	Amphipoda	Hyperiidae	no_hit	no_hit
ASV_5964	Eukaryota	no_hit	unknown	Dinophyceae	no_hit	no_hit	no_hit	no_hit
ASV_5965	Eukaryota	Viridiplantae	Chlorophyta	Mamiellophyceae	Mamiellales	Bathycoccaceae	Bathycoccus	Bathycoccus prasinos
ASV_5966	Eukaryota	no_hit	unknown	Dinophyceae	Coccidiniales	Chytriodiniaceae	Chytriodinium	Chytriodinium sp. Atlantic
ASV_5967	no_hit	no_hit	no_hit	no_hit	no_hit	no_hit	no_hit	no_hit
ASV_5968	no_hit	no_hit	no_hit	no_hit	no_hit	no_hit	no_hit	no_hit
ASV_5969	Eukaryota	Fungi	Basidiomycota	Microbotryomycetes	unknown	unknown	Heitmania	no_hit
ASV_5970	no_hit	no_hit	no_hit	no_hit	no_hit	no_hit	no_hit	no_hit
ASV_5971	no_hit	no_hit	no_hit	no_hit	no_hit	no_hit	no_hit	no_hit
ASV_5972	Eukaryota	no_hit	Apicomplexa	Conoidasida	Eugregarinorida	Gregarinidae	unknown	Gregarinidae sp. from Paranemertes peregrina SR-2009a
ASV_5973	no_hit	no_hit	no_hit	no_hit	no_hit	no_hit	no_hit	no_hit
ASV_5974	no_hit	no_hit	no_hit	no_hit	no_hit	no_hit	no_hit	no_hit
ASV_5975	no_hit	no_hit	no_hit	no_hit	no_hit	no_hit	no_hit	no_hit
ASV_5976	Eukaryota	no_hit	unknown	Dinophyceae	no_hit	no_hit	no_hit	no_hit
ASV_5977	Eukaryota	no_hit	Euglenozoa	Kinetoplastea	Neobodonida	Rhynchomonadidae	Rhynchomonas	Rhynchomonas nasuta
ASV_5978	Eukaryota	no_hit	no_hit	no_hit	no_hit	no_hit	no_hit	no_hit
ASV_5979	no_hit	no_hit	no_hit	no_hit	no_hit	no_hit	no_hit	no_hit
ASV_5980	no_hit	no_hit	no_hit	no_hit	no_hit	no_hit	no_hit	no_hit
ASV_5981	no_hit	no_hit	no_hit	no_hit	no_hit	no_hit	no_hit	no_hit
ASV_5982	Eukaryota	Metazoa	Annelida	Polychaeta	Terebellida	Flabelligeridae	Poeobius	Poeobius meseres
ASV_5983	no_hit	no_hit	no_hit	no_hit	no_hit	no_hit	no_hit	no_hit
ASV_5984	no_hit	no_hit	no_hit	no_hit	no_hit	no_hit	no_hit	no_hit
ASV_5985	Eukaryota	no_hit	Euglenozoa	unknown	Diplonemea	unknown	unknown	Diplonemida sp. 13 RG-2016
ASV_5986	no_hit	no_hit	no_hit	no_hit	no_hit	no_hit	no_hit	no_hit
ASV_5987	Eukaryota	Fungi	Chytridiomycota	no_hit	no_hit	no_hit	no_hit	no_hit
ASV_5988	unassigned	unassigned	unassigned	unassigned	unassigned	unassigned	unassigned	unassigned
ASV_5989	Eukaryota	Fungi	Basidiomycota	Pucciniomycetes	Pucciniales	Pucciniaceae	Puccinia	no_hit
ASV_5990	no_hit	no_hit	no_hit	no_hit	no_hit	no_hit	no_hit	no_hit
ASV_5991	Eukaryota	Fungi	Basidiomycota	Agaricomycetes	Hymenochaetales	Schizoporaceae	Xylodon	Xylodon taiwanianus
ASV_5992	no_hit	no_hit	no_hit	no_hit	no_hit	no_hit	no_hit	no_hit
ASV_5993	no_hit	no_hit	no_hit	no_hit	no_hit	no_hit	no_hit	no_hit
ASV_5994	no_hit	no_hit	no_hit	no_hit	no_hit	no_hit	no_hit	no_hit
ASV_5995	no_hit	no_hit	no_hit	no_hit	no_hit	no_hit	no_hit	no_hit
ASV_5996	Eukaryota	no_hit	unknown	Dinophyceae	Gonyaulacales	Gonyaulacaceae	Gonyaulax	Gonyaulax spinifera
ASV_5997	no_hit	no_hit	no_hit	no_hit	no_hit	no_hit	no_hit	no_hit
ASV_5998	Eukaryota	no_hit	Endomyxa	unknown	Gromiida	Gromiidae	Gromia	Gromia oviformis
ASV_5999	no_hit	no_hit	no_hit	no_hit	no_hit	no_hit	no_hit	no_hit
ASV_6000	no_hit	no_hit	no_hit	no_hit	no_hit	no_hit	no_hit	no_hit
ASV_6001	Eukaryota	no_hit	Apicomplexa	Conoidasida	Eugregarinorida	Stylocephalidae	Stylocephalus	Stylocephalus giganteus
ASV_6002	Eukaryota	Metazoa	Porifera	Demospongiae	Poecilosclerida	Mycalidae	Mycale	no_hit
ASV_6003	no_hit	no_hit	no_hit	no_hit	no_hit	no_hit	no_hit	no_hit
ASV_6004	Eukaryota	no_hit	Euglenozoa	unknown	Diplonemea	unknown	unknown	Diplonemida sp. 21sb RG-2016
ASV_6005	Eukaryota	no_hit	no_hit	no_hit	no_hit	no_hit	no_hit	no_hit
ASV_6006	Eukaryota	no_hit	unknown	Bigyra	Oblongichytrida	unknown	Oblongichytrium	no_hit
ASV_6007	Eukaryota	Metazoa	Arthropoda	Malacostraca	Tanaidacea	no_hit	no_hit	no_hit
ASV_6008	no_hit	no_hit	no_hit	no_hit	no_hit	no_hit	no_hit	no_hit
ASV_6009	no_hit	no_hit	no_hit	no_hit	no_hit	no_hit	no_hit	no_hit
ASV_6010	no_hit	no_hit	no_hit	no_hit	no_hit	no_hit	no_hit	no_hit
ASV_6011	Eukaryota	no_hit	Cercozoa	unknown	unknown	unknown	Rhabdamoeba	Rhabdamoeba marina
ASV_6012	no_hit	no_hit	no_hit	no_hit	no_hit	no_hit	no_hit	no_hit
ASV_6013	Eukaryota	no_hit	unknown	unknown	Telonemida	no_hit	no_hit	no_hit
ASV_6014	no_hit	no_hit	no_hit	no_hit	no_hit	no_hit	no_hit	no_hit
ASV_6015	no_hit	no_hit	no_hit	no_hit	no_hit	no_hit	no_hit	no_hit
ASV_6016	Eukaryota	no_hit	unknown	Eustigmatophyceae	Eustigmatales	Monodopsidaceae	Nannochloropsis	no_hit
ASV_6017	no_hit	no_hit	no_hit	no_hit	no_hit	no_hit	no_hit	no_hit
ASV_6018	Eukaryota	no_hit	Endomyxa	Phytomyxea	Plasmodiophorida	Plasmodiophoridae	no_hit	no_hit
ASV_6019	no_hit	no_hit	no_hit	no_hit	no_hit	no_hit	no_hit	no_hit
ASV_6020	Eukaryota	Fungi	Ascomycota	Saccharomycetes	Saccharomycetales	unknown	Candida	no_hit
ASV_6021	no_hit	no_hit	no_hit	no_hit	no_hit	no_hit	no_hit	no_hit
ASV_6022	no_hit	no_hit	no_hit	no_hit	no_hit	no_hit	no_hit	no_hit
ASV_6023	Eukaryota	no_hit	unknown	unknown	unknown	unknown	unknown	uncultured marine eukaryote
ASV_6024	Eukaryota	no_hit	unknown	Ichthyosporea	no_hit	no_hit	no_hit	no_hit
ASV_6025	Eukaryota	no_hit	Discosea	unknown	Longamoebia	Balamuthiidae	Balamuthia	no_hit
ASV_6026	Eukaryota	no_hit	unknown	Dinophyceae	Gymnodiniales	Gymnodiniaceae	Gyrodinium	Gyrodinium rubrum
ASV_6027	no_hit	no_hit	no_hit	no_hit	no_hit	no_hit	no_hit	no_hit
ASV_6028	Eukaryota	no_hit	unknown	unknown	unknown	Apusomonadidae	Amastigomonas	Amastigomonas mutabilis
ASV_6029	no_hit	no_hit	no_hit	no_hit	no_hit	no_hit	no_hit	no_hit
ASV_6030	no_hit	no_hit	no_hit	no_hit	no_hit	no_hit	no_hit	no_hit
ASV_6031	no_hit	no_hit	no_hit	no_hit	no_hit	no_hit	no_hit	no_hit
ASV_6032	Eukaryota	Fungi	no_hit	no_hit	no_hit	no_hit	no_hit	no_hit
ASV_6033	no_hit	no_hit	no_hit	no_hit	no_hit	no_hit	no_hit	no_hit
ASV_6034	Eukaryota	Fungi	Chytridiomycota	no_hit	no_hit	no_hit	no_hit	no_hit
ASV_6035	no_hit	no_hit	no_hit	no_hit	no_hit	no_hit	no_hit	no_hit
ASV_6036	Eukaryota	no_hit	Imbricatea	unknown	Euglyphida	Euglyphidae	Euglypha	Euglypha filifera
ASV_6037	no_hit	no_hit	no_hit	no_hit	no_hit	no_hit	no_hit	no_hit
ASV_6038	Eukaryota	no_hit	Bacillariophyta	Coscinodiscophyceae	Chaetocerotales	Chaetocerotaceae	Chaetoceros	Chaetoceros diadema
ASV_6039	Eukaryota	no_hit	Bacillariophyta	no_hit	no_hit	no_hit	no_hit	no_hit
ASV_6040	Eukaryota	no_hit	unknown	Dinophyceae	Gymnodiniales	Gymnodiniaceae	Gymnodinium	Gymnodinium sp. LaTo2
