sample_name,ESP,PlateID,R1,R2,SAMPLING_PI,SAMPLING_bottle,SAMPLING_cruise,SAMPLING_institute,SAMPLING_platform,SAMPLING_platform_type,SAMPLING_rdepth,SAMPLING_station,SAMPLING_station_number,SC,chlorophyll,decimalLatitude,decimalLongitude,density,depth,diss_oxygen,env_broad_scale,env_local_scale,env_medium,eventDate,fluor,geo_loc_name,library,nitrate,order,original_name,pressure,primer_sequence_forward,primer_sequence_reverse,project_name,replicate,salinity,samp_filter_ext_type,samp_filter_size_ext,samp_store_temp,sample_type,seqID,seq_meth,sequencing_facility,tag_sequence,target_gene,temp,year,month,day,sample_source,depth_round,sequencer,source_depth
14223c01_05c_eDNA_FD,,FD,14223c01_05c_eDNA_S1_L001_R1_001.fastq.gz,14223c01_05c_eDNA_S1_L001_R2_001.fastq.gz,Francisco Chavez,5.0,14223.0,MBARI,Rachel Carson,ship,301.012,MARS,1.0,,-0.0994,36.711,-122.196,26.6553,300.0,1.0366,marine biome  (ENVO:00000447),coastal water (ENVO:00001250),waterborne particulate matter (ENVO:01000436),2023-05-22 17:53:00,0.1247,USA:California:Monterey Bay,FD1,37.857,1,14223c01_05c_eDNA,303.469,GTACACACCGCCCGTC,TGATCCTTCTGCAGGTTCACCTAC,Cannon,c,34.1852,Poretics,0.22um,-80,environmental,14223c01_05c_eDNA_FD,NGS Illumina Miseq,MSU,GATTCACGAC,18S,7.8849,2023.0,5.0,22.0,CN23S MARS,300,MiSeq,CN23S MARS 300
14223c01_07c_eDNA_FD,,FD,14223c01_07c_eDNA_S2_L001_R1_001.fastq.gz,14223c01_07c_eDNA_S2_L001_R2_001.fastq.gz,Francisco Chavez,7.0,14223.0,MBARI,Rachel Carson,ship,202.055,MARS,1.0,,-0.0468,36.711,-122.196,26.5257,200.0,1.3929,marine biome  (ENVO:00000447),coastal water (ENVO:00001250),waterborne particulate matter (ENVO:01000436),2023-05-22 17:53:00,0.1296,USA:California:Monterey Bay,FD2,27.967,2,14223c01_07c_eDNA,203.656,GTACACACCGCCCGTC,TGATCCTTCTGCAGGTTCACCTAC,Cannon,c,34.1371,Poretics,0.22um,-80,environmental,14223c01_07c_eDNA_FD,NGS Illumina Miseq,MSU,AGAACCTCGC,18S,8.4879,2023.0,5.0,22.0,CN23S MARS,200,MiSeq,CN23S MARS 200
14223c01_06c_eDNA_FD,,FD,14223c01_06c_eDNA_S3_L001_R1_001.fastq.gz,14223c01_06c_eDNA_S3_L001_R2_001.fastq.gz,Francisco Chavez,6.0,14223.0,MBARI,Rachel Carson,ship,251.868,MARS,1.0,,-0.0791,36.711,-122.196,26.5679,250.0,1.2635,marine biome  (ENVO:00000447),coastal water (ENVO:00001250),waterborne particulate matter (ENVO:01000436),2023-05-22 17:53:00,0.1266,USA:California:Monterey Bay,FD3,31.056,3,14223c01_06c_eDNA,253.894,GTACACACCGCCCGTC,TGATCCTTCTGCAGGTTCACCTAC,Cannon,c,34.1584,Poretics,0.22um,-80,environmental,14223c01_06c_eDNA_FD,NGS Illumina Miseq,MSU,ATCCGATCTT,18S,8.3253,2023.0,5.0,22.0,CN23S MARS,250,MiSeq,CN23S MARS 250
14223c01_10c_eDNA_FD,,FD,14223c01_10c_eDNA_S4_L001_R1_001.fastq.gz,14223c01_10c_eDNA_S4_L001_R2_001.fastq.gz,Francisco Chavez,10.0,14223.0,MBARI,Rachel Carson,ship,21.024,MARS,1.0,,1.7658,36.711,-122.196,25.1101,20.0,6.0492,marine biome  (ENVO:00000447),coastal water (ENVO:00001250),waterborne particulate matter (ENVO:01000436),2023-05-22 17:53:00,0.2989,USA:California:Monterey Bay,FD4,7.481,4,14223c01_10c_eDNA,21.181,GTACACACCGCCCGTC,TGATCCTTCTGCAGGTTCACCTAC,Cannon,c,33.2522,Poretics,0.22um,-80,environmental,14223c01_10c_eDNA_FD,NGS Illumina Miseq,MSU,AGAGAGACCG,18S,12.6401,2023.0,5.0,22.0,CN23S MARS,20,MiSeq,CN23S MARS 20
14223c01_04c_eDNA_FD,,FD,14223c01_04c_eDNA_S5_L001_R1_001.fastq.gz,14223c01_04c_eDNA_S5_L001_R2_001.fastq.gz,Francisco Chavez,4.0,14223.0,MBARI,Rachel Carson,ship,401.441,MARS,1.0,,-0.1082,36.711,-122.196,26.7393,400.0,0.8192,marine biome  (ENVO:00000447),coastal water (ENVO:00001250),waterborne particulate matter (ENVO:01000436),2023-05-22 17:53:00,0.1239,USA:California:Monterey Bay,FD5,39.831,5,14223c01_04c_eDNA,404.817,GTACACACCGCCCGTC,TGATCCTTCTGCAGGTTCACCTAC,Cannon,c,34.1991,Poretics,0.22um,-80,environmental,14223c01_04c_eDNA_FD,NGS Illumina Miseq,MSU,CTTGAAGAGG,18S,7.3874,2023.0,5.0,22.0,CN23S MARS,400,MiSeq,CN23S MARS 400
14223c01_09c_eDNA_FD,,FD,14223c01_09c_eDNA_S6_L001_R1_001.fastq.gz,14223c01_09c_eDNA_S6_L001_R2_001.fastq.gz,Francisco Chavez,9.0,14223.0,MBARI,Rachel Carson,ship,61.34,MARS,1.0,,0.0674,36.711,-122.196,26.0385,60.0,3.4987,marine biome  (ENVO:00000447),coastal water (ENVO:00001250),waterborne particulate matter (ENVO:01000436),2023-05-22 17:53:00,0.1403,USA:California:Monterey Bay,FD6,25.001,6,14223c01_09c_eDNA,61.805,GTACACACCGCCCGTC,TGATCCTTCTGCAGGTTCACCTAC,Cannon,c,33.8392,Poretics,0.22um,-80,environmental,14223c01_09c_eDNA_FD,NGS Illumina Miseq,MSU,GAGAAGCCGT,18S,10.0487,2023.0,5.0,22.0,CN23S MARS,60,MiSeq,CN23S MARS 60
14223c01_02c_eDNA_FD,,FD,14223c01_02c_eDNA_S7_L001_R1_001.fastq.gz,14223c01_02c_eDNA_S7_L001_R2_001.fastq.gz,Francisco Chavez,2.0,14223.0,MBARI,Rachel Carson,ship,601.895,MARS,1.0,,-0.1048,36.711,-122.196,26.9458,600.0,0.3844,marine biome  (ENVO:00000447),coastal water (ENVO:00001250),waterborne particulate matter (ENVO:01000436),2023-05-22 17:53:00,0.1242,USA:California:Monterey Bay,FD7,43.736,7,14223c01_02c_eDNA,607.252,GTACACACCGCCCGTC,TGATCCTTCTGCAGGTTCACCTAC,Cannon,c,34.2505,Poretics,0.22um,-80,environmental,14223c01_02c_eDNA_FD,NGS Illumina Miseq,MSU,GAAGACTCGG,18S,6.1689,2023.0,5.0,22.0,CN23S MARS,600,MiSeq,CN23S MARS 600
14223c01_01c_eDNA_FD,,FD,14223c01_01c_eDNA_S8_L001_R1_001.fastq.gz,14223c01_01c_eDNA_S8_L001_R2_001.fastq.gz,Francisco Chavez,1.0,14223.0,MBARI,Rachel Carson,ship,699.856,MARS,1.0,,-0.0637,36.711,-122.196,27.1194,700.0,0.2595,marine biome  (ENVO:00000447),coastal water (ENVO:00001250),waterborne particulate matter (ENVO:01000436),2023-05-22 17:53:00,0.128,USA:California:Monterey Bay,FD8,46.121,8,14223c01_01c_eDNA,706.253,GTACACACCGCCCGTC,TGATCCTTCTGCAGGTTCACCTAC,Cannon,c,34.3191,Poretics,0.22um,-80,environmental,14223c01_01c_eDNA_FD,NGS Illumina Miseq,MSU,AACGTGAACG,18S,5.1966,2023.0,5.0,22.0,CN23S MARS,700,MiSeq,CN23S MARS 700
14223c01_03c_eDNA_FD,,FD,14223c01_03c_eDNA_S9_L001_R1_001.fastq.gz,14223c01_03c_eDNA_S9_L001_R2_001.fastq.gz,Francisco Chavez,3.0,14223.0,MBARI,Rachel Carson,ship,500.926,MARS,1.0,,-0.112,36.711,-122.196,26.8855,500.0,0.504,marine biome  (ENVO:00000447),coastal water (ENVO:00001250),waterborne particulate matter (ENVO:01000436),2023-05-22 17:53:00,0.1235,USA:California:Monterey Bay,FD9,35.907,9,14223c01_03c_eDNA,505.26,GTACACACCGCCCGTC,TGATCCTTCTGCAGGTTCACCTAC,Cannon,c,34.2243,Poretics,0.22um,-80,environmental,14223c01_03c_eDNA_FD,NGS Illumina Miseq,MSU,CGTAGAACAG,18S,6.4669,2023.0,5.0,22.0,CN23S MARS,500,MiSeq,CN23S MARS 500
14223c01_12c_eDNA_FD,,FD,14223c01_12c_eDNA_S10_L001_R1_001.fastq.gz,14223c01_12c_eDNA_S10_L001_R2_001.fastq.gz,Francisco Chavez,12.0,14223.0,MBARI,Rachel Carson,ship,3.112,MARS,1.0,,1.1456,36.711,-122.196,25.0996,0.0,6.0942,marine biome  (ENVO:00000447),coastal water (ENVO:00001250),waterborne particulate matter (ENVO:01000436),2023-05-22 17:53:00,0.241,USA:California:Monterey Bay,FD10,6.645,10,14223c01_12c_eDNA,3.135,GTACACACCGCCCGTC,TGATCCTTCTGCAGGTTCACCTAC,Cannon,c,33.2531,Poretics,0.22um,-80,environmental,14223c01_12c_eDNA_FD,NGS Illumina Miseq,MSU,CCTACGGACA,18S,12.6957,2023.0,5.0,22.0,CN23S MARS,0,MiSeq,CN23S MARS 0
14223c01_08c_eDNA_FD,,FD,14223c01_08c_eDNA_S11_L001_R1_001.fastq.gz,14223c01_08c_eDNA_S11_L001_R2_001.fastq.gz,Francisco Chavez,8.0,14223.0,MBARI,Rachel Carson,ship,101.114,MARS,1.0,,-0.0212,36.711,-122.196,26.2686,100.0,2.4491,marine biome  (ENVO:00000447),coastal water (ENVO:00001250),waterborne particulate matter (ENVO:01000436),2023-05-22 17:53:00,0.132,USA:California:Monterey Bay,FD11,23.505,11,14223c01_08c_eDNA,101.89,GTACACACCGCCCGTC,TGATCCTTCTGCAGGTTCACCTAC,Cannon,c,33.9602,Poretics,0.22um,-80,environmental,14223c01_08c_eDNA_FD,NGS Illumina Miseq,MSU,CGGACGTTAA,18S,9.2321,2023.0,5.0,22.0,CN23S MARS,100,MiSeq,CN23S MARS 100
25424c01_12c_eDNA_FD,,FD,25424c01_12c_eDNA_S12_L001_R1_001.fastq.gz,25424c01_12c_eDNA_S12_L001_R2_001.fastq.gz,Francisco Chavez,12.0,25424.0,MBARI,Rachel Carson,ship,3.072,c1,1.0,,3.3251,36.7975,-121.8475,25.0484,0.0,5.8805,marine biome  (ENVO:00000447),coastal water (ENVO:00001250),waterborne particulate matter (ENVO:01000436),2024-09-10 14:48:00,0.4445,USA:California:Monterey Bay,FD12,,12,25424c01_12c_eDNA,3.094,GTACACACCGCCCGTC,TGATCCTTCTGCAGGTTCACCTAC,PTLO,c,33.8047,Poretics,0.22um,-80,environmental,25424c01_12c_eDNA_FD,NGS Illumina Miseq,MSU,CATTGCTGTT,18S,15.01,2024.0,9.0,10.0,MBTS 25424,0,MiSeq,MBTS 25424 0
25424c01_10c_eDNA_FD,,FD,25424c01_10c_eDNA_S13_L001_R1_001.fastq.gz,25424c01_10c_eDNA_S13_L001_R2_001.fastq.gz,Francisco Chavez,10.0,25424.0,MBARI,Rachel Carson,ship,10.238,c1,1.0,,0.7041,36.7975,-121.8475,25.6966,10.0,3.9941,marine biome  (ENVO:00000447),coastal water (ENVO:00001250),waterborne particulate matter (ENVO:01000436),2024-09-10 14:48:00,0.1997,USA:California:Monterey Bay,FD13,,13,25424c01_10c_eDNA,10.314,GTACACACCGCCCGTC,TGATCCTTCTGCAGGTTCACCTAC,PTLO,c,33.8077,Poretics,0.22um,-80,environmental,25424c01_10c_eDNA_FD,NGS Illumina Miseq,MSU,AGATGCGACG,18S,11.8235,2024.0,9.0,10.0,MBTS 25424,10,MiSeq,MBTS 25424 10
25424c01_09c_eDNA_FD,,FD,25424c01_09c_eDNA_S14_L001_R1_001.fastq.gz,25424c01_09c_eDNA_S14_L001_R2_001.fastq.gz,Francisco Chavez,9.0,25424.0,MBARI,Rachel Carson,ship,20.421,c1,1.0,,0.4298,36.7975,-121.8475,25.8362,20.0,3.4435,marine biome  (ENVO:00000447),coastal water (ENVO:00001250),waterborne particulate matter (ENVO:01000436),2024-09-10 14:48:00,0.1741,USA:California:Monterey Bay,FD14,,14,25424c01_09c_eDNA,20.574,GTACACACCGCCCGTC,TGATCCTTCTGCAGGTTCACCTAC,PTLO,c,33.8352,Poretics,0.22um,-80,environmental,25424c01_09c_eDNA_FD,NGS Illumina Miseq,MSU,ATACATCGCA,18S,11.1818,2024.0,9.0,10.0,MBTS 25424,20,MiSeq,MBTS 25424 20
25424c01_06c_eDNA_FD,,FD,25424c01_06c_eDNA_S15_L001_R1_001.fastq.gz,25424c01_06c_eDNA_S15_L001_R2_001.fastq.gz,Francisco Chavez,6.0,25424.0,MBARI,Rachel Carson,ship,59.967,c1,1.0,,0.0431,36.7975,-121.8475,26.0666,60.0,2.0678,marine biome  (ENVO:00000447),coastal water (ENVO:00001250),waterborne particulate matter (ENVO:01000436),2024-09-10 14:48:00,0.138,USA:California:Monterey Bay,FD15,,15,25424c01_06c_eDNA,60.422,GTACACACCGCCCGTC,TGATCCTTCTGCAGGTTCACCTAC,PTLO,c,33.918,Poretics,0.22um,-80,environmental,25424c01_06c_eDNA_FD,NGS Illumina Miseq,MSU,TAGCGCAATA,18S,10.2451,2024.0,9.0,10.0,MBTS 25424,60,MiSeq,MBTS 25424 60
25424c01_03c_eDNA_FD,,FD,25424c01_03c_eDNA_S16_L001_R1_001.fastq.gz,25424c01_03c_eDNA_S16_L001_R2_001.fastq.gz,Francisco Chavez,3.0,25424.0,MBARI,Rachel Carson,ship,149.061,c1,1.0,,0.0169,36.7975,-121.8475,26.3645,150.0,1.1609,marine biome  (ENVO:00000447),coastal water (ENVO:00001250),waterborne particulate matter (ENVO:01000436),2024-09-10 14:48:00,0.1356,USA:California:Monterey Bay,FD16,,16,25424c01_03c_eDNA,150.223,GTACACACCGCCCGTC,TGATCCTTCTGCAGGTTCACCTAC,PTLO,c,34.047,Poretics,0.22um,-80,environmental,25424c01_03c_eDNA_FD,NGS Illumina Miseq,MSU,TAACGCAGTC,18S,9.062,2024.0,9.0,10.0,MBTS 25424,150,MiSeq,MBTS 25424 150
25424c02_12c_eDNA_FD,,FD,25424c02_12c_eDNA_S17_L001_R1_001.fastq.gz,25424c02_12c_eDNA_S17_L001_R2_001.fastq.gz,Francisco Chavez,12.0,25424.0,MBARI,Rachel Carson,ship,3.087,Mooring1,2.0,,3.2152,36.7465,-122.0202,25.1026,0.0,5.9011,marine biome  (ENVO:00000447),coastal water (ENVO:00001250),waterborne particulate matter (ENVO:01000436),2024-09-10 16:26:00,0.4342,USA:California:Monterey Bay,FD17,,17,25424c02_12c_eDNA,3.11,GTACACACCGCCCGTC,TGATCCTTCTGCAGGTTCACCTAC,PTLO,c,33.7859,Poretics,0.22um,-80,environmental,25424c02_12c_eDNA_FD,NGS Illumina Miseq,MSU,ACCTAAGAGC,18S,14.6922,2024.0,9.0,10.0,MBTS 25424,0,MiSeq,MBTS 25424 0
25424c02_10c_eDNA_FD,,FD,25424c02_10c_eDNA_S18_L001_R1_001.fastq.gz,25424c02_10c_eDNA_S18_L001_R2_001.fastq.gz,Francisco Chavez,10.0,25424.0,MBARI,Rachel Carson,ship,10.18,Mooring1,2.0,,4.1594,36.7465,-122.0202,25.22,10.0,5.6191,marine biome  (ENVO:00000447),coastal water (ENVO:00001250),waterborne particulate matter (ENVO:01000436),2024-09-10 16:26:00,0.5224,USA:California:Monterey Bay,FD18,,18,25424c02_10c_eDNA,10.255,GTACACACCGCCCGTC,TGATCCTTCTGCAGGTTCACCTAC,PTLO,c,33.7692,Poretics,0.22um,-80,environmental,25424c02_10c_eDNA_FD,NGS Illumina Miseq,MSU,AGGCATAATG,18S,14.0783,2024.0,9.0,10.0,MBTS 25424,10,MiSeq,MBTS 25424 10
25424c02_09c_eDNA_FD,,FD,25424c02_09c_eDNA_S19_L001_R1_001.fastq.gz,25424c02_09c_eDNA_S19_L001_R2_001.fastq.gz,Francisco Chavez,9.0,25424.0,MBARI,Rachel Carson,ship,20.181,Mooring1,2.0,,1.6478,36.7465,-122.0202,25.6007,20.0,4.0424,marine biome  (ENVO:00000447),coastal water (ENVO:00001250),waterborne particulate matter (ENVO:01000436),2024-09-10 16:26:00,0.2879,USA:California:Monterey Bay,FD19,,19,25424c02_09c_eDNA,20.332,GTACACACCGCCCGTC,TGATCCTTCTGCAGGTTCACCTAC,PTLO,c,33.758,Poretics,0.22um,-80,environmental,25424c02_09c_eDNA_FD,NGS Illumina Miseq,MSU,GATCGGTAAT,18S,12.1278,2024.0,9.0,10.0,MBTS 25424,20,MiSeq,MBTS 25424 20
25424c02_06c_eDNA_FD,,FD,25424c02_06c_eDNA_S20_L001_R1_001.fastq.gz,25424c02_06c_eDNA_S20_L001_R2_001.fastq.gz,Francisco Chavez,6.0,25424.0,MBARI,Rachel Carson,ship,60.456,Mooring1,2.0,,-0.0074,36.7465,-122.0202,26.0483,60.0,2.187,marine biome  (ENVO:00000447),coastal water (ENVO:00001250),waterborne particulate matter (ENVO:01000436),2024-09-10 16:26:00,0.1333,USA:California:Monterey Bay,FD20,,20,25424c02_06c_eDNA,60.914,GTACACACCGCCCGTC,TGATCCTTCTGCAGGTTCACCTAC,PTLO,c,33.8969,Poretics,0.22um,-80,environmental,25424c02_06c_eDNA_FD,NGS Illumina Miseq,MSU,GCAACACGGA,18S,10.2553,2024.0,9.0,10.0,MBTS 25424,60,MiSeq,MBTS 25424 60
25424c02_03c_eDNA_FD,,FD,25424c02_03c_eDNA_S21_L001_R1_001.fastq.gz,25424c02_03c_eDNA_S21_L001_R2_001.fastq.gz,Francisco Chavez,3.0,25424.0,MBARI,Rachel Carson,ship,150.486,Mooring1,2.0,,-0.0498,36.7465,-122.0202,26.2959,150.0,1.4903,marine biome  (ENVO:00000447),coastal water (ENVO:00001250),waterborne particulate matter (ENVO:01000436),2024-09-10 16:26:00,0.1293,USA:California:Monterey Bay,FD21,,21,25424c02_03c_eDNA,151.659,GTACACACCGCCCGTC,TGATCCTTCTGCAGGTTCACCTAC,PTLO,c,34.0379,Poretics,0.22um,-80,environmental,25424c02_03c_eDNA_FD,NGS Illumina Miseq,MSU,GAACGTTCGG,18S,9.4442,2024.0,9.0,10.0,MBTS 25424,150,MiSeq,MBTS 25424 150
25424c03_12c_eDNA_FD,,FD,25424c03_12c_eDNA_S22_L001_R1_001.fastq.gz,25424c03_12c_eDNA_S22_L001_R2_001.fastq.gz,Francisco Chavez,12.0,25424.0,MBARI,Rachel Carson,ship,2.626,Mooring2,3.0,,4.8098,36.695,-122.3813,25.1923,0.0,6.5254,marine biome  (ENVO:00000447),coastal water (ENVO:00001250),waterborne particulate matter (ENVO:01000436),2024-09-10 19:04:00,0.5831,USA:California:Monterey Bay,FD22,,22,25424c03_12c_eDNA,2.646,GTACACACCGCCCGTC,TGATCCTTCTGCAGGTTCACCTAC,PTLO,c,33.6627,Poretics,0.22um,-80,environmental,25424c03_12c_eDNA_FD,NGS Illumina Miseq,MSU,TGCTGAACGC,18S,13.8142,2024.0,9.0,10.0,MBTS 25424,0,MiSeq,MBTS 25424 0
25424c03_10c_eDNA_FD,,FD,25424c03_10c_eDNA_S23_L001_R1_001.fastq.gz,25424c03_10c_eDNA_S23_L001_R2_001.fastq.gz,Francisco Chavez,10.0,25424.0,MBARI,Rachel Carson,ship,10.316,Mooring2,3.0,,6.4959,36.695,-122.3813,25.4318,10.0,5.4528,marine biome  (ENVO:00000447),coastal water (ENVO:00001250),waterborne particulate matter (ENVO:01000436),2024-09-10 19:04:00,0.7405,USA:California:Monterey Bay,FD23,,23,25424c03_10c_eDNA,10.392,GTACACACCGCCCGTC,TGATCCTTCTGCAGGTTCACCTAC,PTLO,c,33.7459,Poretics,0.22um,-80,environmental,25424c03_10c_eDNA_FD,NGS Illumina Miseq,MSU,TTAGACCACA,18S,12.9488,2024.0,9.0,10.0,MBTS 25424,10,MiSeq,MBTS 25424 10
25424c03_09c_eDNA_FD,,FD,25424c03_09c_eDNA_S24_L001_R1_001.fastq.gz,25424c03_09c_eDNA_S24_L001_R2_001.fastq.gz,Francisco Chavez,9.0,25424.0,MBARI,Rachel Carson,ship,20.289,Mooring2,3.0,,0.6123,36.695,-122.3813,25.56,20.0,4.4551,marine biome  (ENVO:00000447),coastal water (ENVO:00001250),waterborne particulate matter (ENVO:01000436),2024-09-10 19:04:00,0.1912,USA:California:Monterey Bay,FD24,,24,25424c03_09c_eDNA,20.441,GTACACACCGCCCGTC,TGATCCTTCTGCAGGTTCACCTAC,PTLO,c,33.6052,Poretics,0.22um,-80,environmental,25424c03_09c_eDNA_FD,NGS Illumina Miseq,MSU,CCATAAGCCA,18S,11.7133,2024.0,9.0,10.0,MBTS 25424,20,MiSeq,MBTS 25424 20
25424c03_06c_eDNA_FD,,FD,25424c03_06c_eDNA_S25_L001_R1_001.fastq.gz,25424c03_06c_eDNA_S25_L001_R2_001.fastq.gz,Francisco Chavez,6.0,25424.0,MBARI,Rachel Carson,ship,60.038,Mooring2,3.0,,-0.0354,36.695,-122.3813,26.0261,60.0,2.0215,marine biome  (ENVO:00000447),coastal water (ENVO:00001250),waterborne particulate matter (ENVO:01000436),2024-09-10 19:04:00,0.1307,USA:California:Monterey Bay,FD25,,25,25424c03_06c_eDNA,60.493,GTACACACCGCCCGTC,TGATCCTTCTGCAGGTTCACCTAC,PTLO,c,33.8599,Poretics,0.22um,-80,environmental,25424c03_06c_eDNA_FD,NGS Illumina Miseq,MSU,ATGGCTTCTA,18S,10.2163,2024.0,9.0,10.0,MBTS 25424,60,MiSeq,MBTS 25424 60
25424c03_03c_eDNA_FD,,FD,25424c03_03c_eDNA_S26_L001_R1_001.fastq.gz,25424c03_03c_eDNA_S26_L001_R2_001.fastq.gz,Francisco Chavez,3.0,25424.0,MBARI,Rachel Carson,ship,149.85,Mooring2,3.0,,-0.0634,36.695,-122.3813,26.2385,150.0,1.5513,marine biome  (ENVO:00000447),coastal water (ENVO:00001250),waterborne particulate matter (ENVO:01000436),2024-09-10 19:04:00,0.1281,USA:California:Monterey Bay,FD26,,26,25424c03_03c_eDNA,151.017,GTACACACCGCCCGTC,TGATCCTTCTGCAGGTTCACCTAC,PTLO,c,34.0117,Poretics,0.22um,-80,environmental,25424c03_03c_eDNA_FD,NGS Illumina Miseq,MSU,CAACAGTGGA,18S,9.6688,2024.0,9.0,10.0,MBTS 25424,150,MiSeq,MBTS 25424 150
22624c01_12c_eDNA_FD,,FD,22624c01_12c_eDNA_S27_L001_R1_001.fastq.gz,22624c01_12c_eDNA_S27_L001_R2_001.fastq.gz,Francisco Chavez,12.0,22624.0,MBARI,RACHEL CARSON,ship,3.164,C1,1.0,,8.941,36.7973,-121.847,25.6757,0.0,5.5359,marine biome  (ENVO:00000447),coastal water (ENVO:00001250),waterborne particulate matter (ENVO:01000436),2024-08-13 15:53:00,0.9688,USA:California:Monterey Bay,FD27,,27,22624c01_12c_eDNA,3.187,GTACACACCGCCCGTC,TGATCCTTCTGCAGGTTCACCTAC,PTLO,c,33.8171,Poretics,0.22um,-80,environmental,22624c01_12c_eDNA_FD,NGS Illumina Miseq,MSU,ACGATGCAAC,18S,11.9723,2024.0,8.0,13.0,MBTS 22624,0,MiSeq,MBTS 22624 0
22624c01_10c_eDNA_FD,,FD,22624c01_10c_eDNA_S28_L001_R1_001.fastq.gz,22624c01_10c_eDNA_S28_L001_R2_001.fastq.gz,Francisco Chavez,10.0,22624.0,MBARI,RACHEL CARSON,ship,11.021,C1,1.0,,5.9354,36.7973,-121.847,25.7897,10.0,4.1396,marine biome  (ENVO:00000447),coastal water (ENVO:00001250),waterborne particulate matter (ENVO:01000436),2024-08-13 15:53:00,0.6882,USA:California:Monterey Bay,FD28,,28,22624c01_10c_eDNA,11.103,GTACACACCGCCCGTC,TGATCCTTCTGCAGGTTCACCTAC,PTLO,c,33.8282,Poretics,0.22um,-80,environmental,22624c01_10c_eDNA_FD,NGS Illumina Miseq,MSU,TCACTTCGCA,18S,11.4065,2024.0,8.0,13.0,MBTS 22624,10,MiSeq,MBTS 22624 10
22624c01_09c_eDNA_FD,,FD,22624c01_09c_eDNA_S29_L001_R1_001.fastq.gz,22624c01_09c_eDNA_S29_L001_R2_001.fastq.gz,Francisco Chavez,9.0,22624.0,MBARI,RACHEL CARSON,ship,20.8,C1,1.0,,0.1589,36.7973,-121.847,26.0656,20.0,2.1549,marine biome  (ENVO:00000447),coastal water (ENVO:00001250),waterborne particulate matter (ENVO:01000436),2024-08-13 15:53:00,0.1488,USA:California:Monterey Bay,FD29,,29,22624c01_09c_eDNA,20.955,GTACACACCGCCCGTC,TGATCCTTCTGCAGGTTCACCTAC,PTLO,c,33.8705,Poretics,0.22um,-80,environmental,22624c01_09c_eDNA_FD,NGS Illumina Miseq,MSU,AACGCCATTC,18S,10.0285,2024.0,8.0,13.0,MBTS 22624,20,MiSeq,MBTS 22624 20
22624c01_06c_eDNA_FD,,FD,22624c01_06c_eDNA_S30_L001_R1_001.fastq.gz,22624c01_06c_eDNA_S30_L001_R2_001.fastq.gz,Francisco Chavez,6.0,22624.0,MBARI,RACHEL CARSON,ship,61.245,C1,1.0,,-0.0148,36.7973,-121.847,26.2464,60.0,1.5823,marine biome  (ENVO:00000447),coastal water (ENVO:00001250),waterborne particulate matter (ENVO:01000436),2024-08-13 15:53:00,0.1326,USA:California:Monterey Bay,FD30,,30,22624c01_06c_eDNA,61.709,GTACACACCGCCCGTC,TGATCCTTCTGCAGGTTCACCTAC,PTLO,c,33.9986,Poretics,0.22um,-80,environmental,22624c01_06c_eDNA_FD,NGS Illumina Miseq,MSU,CTTCCTAGGC,18S,9.5484,2024.0,8.0,13.0,MBTS 22624,60,MiSeq,MBTS 22624 60
22624c01_03c_eDNA_FD,,FD,22624c01_03c_eDNA_S31_L001_R1_001.fastq.gz,22624c01_03c_eDNA_S31_L001_R2_001.fastq.gz,Francisco Chavez,3.0,22624.0,MBARI,RACHEL CARSON,ship,150.604,C1,1.0,,-0.037,36.7973,-121.847,26.437,150.0,1.3372,marine biome  (ENVO:00000447),coastal water (ENVO:00001250),waterborne particulate matter (ENVO:01000436),2024-08-13 15:53:00,0.1305,USA:California:Monterey Bay,FD31,,31,22624c01_03c_eDNA,151.779,GTACACACCGCCCGTC,TGATCCTTCTGCAGGTTCACCTAC,PTLO,c,34.0616,Poretics,0.22um,-80,environmental,22624c01_03c_eDNA_FD,NGS Illumina Miseq,MSU,CGTAGACGTG,18S,8.674,2024.0,8.0,13.0,MBTS 22624,150,MiSeq,MBTS 22624 150
22624c02_12c_eDNA_FD,,FD,22624c02_12c_eDNA_S32_L001_R1_001.fastq.gz,22624c02_12c_eDNA_S32_L001_R2_001.fastq.gz,Francisco Chavez,12.0,22624.0,MBARI,RACHEL CARSON,ship,2.958,MOORING1,2.0,,1.4298,36.7472,-122.0217,25.4541,0.0,5.5156,marine biome  (ENVO:00000447),coastal water (ENVO:00001250),waterborne particulate matter (ENVO:01000436),2024-08-13 17:36:00,0.2675,USA:California:Monterey Bay,FD32,,32,22624c02_12c_eDNA,2.979,GTACACACCGCCCGTC,TGATCCTTCTGCAGGTTCACCTAC,PTLO,c,33.7542,Poretics,0.22um,-80,environmental,22624c02_12c_eDNA_FD,NGS Illumina Miseq,MSU,GTGCCTCTGA,18S,12.8679,2024.0,8.0,13.0,MBTS 22624,0,MiSeq,MBTS 22624 0
22624c02_10c_eDNA_FD,,FD,22624c02_10c_eDNA_S33_L001_R1_001.fastq.gz,22624c02_10c_eDNA_S33_L001_R2_001.fastq.gz,Francisco Chavez,10.0,22624.0,MBARI,RACHEL CARSON,ship,10.591,MOORING1,2.0,,5.1999,36.7472,-122.0217,25.5357,10.0,5.446,marine biome  (ENVO:00000447),coastal water (ENVO:00001250),waterborne particulate matter (ENVO:01000436),2024-08-13 17:36:00,0.6195,USA:California:Monterey Bay,FD33,,33,22624c02_10c_eDNA,10.67,GTACACACCGCCCGTC,TGATCCTTCTGCAGGTTCACCTAC,PTLO,c,33.7655,Poretics,0.22um,-80,environmental,22624c02_10c_eDNA_FD,NGS Illumina Miseq,MSU,TACCTAAGTG,18S,12.4964,2024.0,8.0,13.0,MBTS 22624,10,MiSeq,MBTS 22624 10
22624c02_09c_eDNA_FD,,FD,22624c02_09c_eDNA_S34_L001_R1_001.fastq.gz,22624c02_09c_eDNA_S34_L001_R2_001.fastq.gz,Francisco Chavez,9.0,22624.0,MBARI,RACHEL CARSON,ship,20.485,MOORING1,2.0,,7.9923,36.7472,-122.0217,25.6475,20.0,5.0903,marine biome  (ENVO:00000447),coastal water (ENVO:00001250),waterborne particulate matter (ENVO:01000436),2024-08-13 17:36:00,0.8802,USA:California:Monterey Bay,FD34,,34,22624c02_09c_eDNA,20.638,GTACACACCGCCCGTC,TGATCCTTCTGCAGGTTCACCTAC,PTLO,c,33.8058,Poretics,0.22um,-80,environmental,22624c02_09c_eDNA_FD,NGS Illumina Miseq,MSU,TGTCGTTAAG,18S,12.0772,2024.0,8.0,13.0,MBTS 22624,20,MiSeq,MBTS 22624 20
22624c02_06c_eDNA_FD,,FD,22624c02_06c_eDNA_S35_L001_R1_001.fastq.gz,22624c02_06c_eDNA_S35_L001_R2_001.fastq.gz,Francisco Chavez,6.0,22624.0,MBARI,RACHEL CARSON,ship,60.306,MOORING1,2.0,,0.0775,36.7472,-122.0217,26.0722,60.0,2.2572,marine biome  (ENVO:00000447),coastal water (ENVO:00001250),waterborne particulate matter (ENVO:01000436),2024-08-13 17:36:00,0.1412,USA:California:Monterey Bay,FD35,,35,22624c02_06c_eDNA,60.763,GTACACACCGCCCGTC,TGATCCTTCTGCAGGTTCACCTAC,PTLO,c,33.8953,Poretics,0.22um,-80,environmental,22624c02_06c_eDNA_FD,NGS Illumina Miseq,MSU,AACGTCCAGT,18S,10.1082,2024.0,8.0,13.0,MBTS 22624,60,MiSeq,MBTS 22624 60
22624c02_03c_eDNA_FD,,FD,22624c02_03c_eDNA_S36_L001_R1_001.fastq.gz,22624c02_03c_eDNA_S36_L001_R2_001.fastq.gz,Francisco Chavez,3.0,22624.0,MBARI,RACHEL CARSON,ship,150.696,MOORING1,2.0,,-0.0698,36.7472,-122.0217,26.3675,150.0,1.588,marine biome  (ENVO:00000447),coastal water (ENVO:00001250),waterborne particulate matter (ENVO:01000436),2024-08-13 17:36:00,0.1275,USA:California:Monterey Bay,FD36,,36,22624c02_03c_eDNA,151.871,GTACACACCGCCCGTC,TGATCCTTCTGCAGGTTCACCTAC,PTLO,c,34.1,Poretics,0.22um,-80,environmental,22624c02_03c_eDNA_FD,NGS Illumina Miseq,MSU,AATAGCTGTG,18S,9.3023,2024.0,8.0,13.0,MBTS 22624,150,MiSeq,MBTS 22624 150
22624c03_12c_eDNA_FD,,FD,22624c03_12c_eDNA_S37_L001_R1_001.fastq.gz,22624c03_12c_eDNA_S37_L001_R2_001.fastq.gz,Francisco Chavez,12.0,22624.0,MBARI,RACHEL CARSON,ship,3.292,MOORING2,3.0,,1.125,36.6968,-122.3775,25.3035,0.0,5.7844,marine biome  (ENVO:00000447),coastal water (ENVO:00001250),waterborne particulate matter (ENVO:01000436),2024-08-13 20:07:00,0.239,USA:California:Monterey Bay,FD37,,37,22624c03_12c_eDNA,3.316,GTACACACCGCCCGTC,TGATCCTTCTGCAGGTTCACCTAC,PTLO,c,33.72,Poretics,0.22um,-80,environmental,22624c03_12c_eDNA_FD,NGS Illumina Miseq,MSU,TCCTGAACTT,18S,13.4873,2024.0,8.0,13.0,MBTS 22624,0,MiSeq,MBTS 22624 0
22624c03_10c_eDNA_FD,,FD,22624c03_10c_eDNA_S38_L001_R1_001.fastq.gz,22624c03_10c_eDNA_S38_L001_R2_001.fastq.gz,Francisco Chavez,10.0,22624.0,MBARI,RACHEL CARSON,ship,10.795,MOORING2,3.0,,4.4473,36.6968,-122.3775,25.4209,10.0,5.9201,marine biome  (ENVO:00000447),coastal water (ENVO:00001250),waterborne particulate matter (ENVO:01000436),2024-08-13 20:07:00,0.5493,USA:California:Monterey Bay,FD38,,38,22624c03_10c_eDNA,10.875,GTACACACCGCCCGTC,TGATCCTTCTGCAGGTTCACCTAC,PTLO,c,33.7393,Poretics,0.22um,-80,environmental,22624c03_10c_eDNA_FD,NGS Illumina Miseq,MSU,CGTTGGTAAC,18S,12.9779,2024.0,8.0,13.0,MBTS 22624,10,MiSeq,MBTS 22624 10
22624c03_09c_eDNA_FD,,FD,22624c03_09c_eDNA_S39_L001_R1_001.fastq.gz,22624c03_09c_eDNA_S39_L001_R2_001.fastq.gz,Francisco Chavez,9.0,22624.0,MBARI,RACHEL CARSON,ship,20.375,MOORING2,3.0,,4.0849,36.6968,-122.3775,25.4515,20.0,5.5692,marine biome  (ENVO:00000447),coastal water (ENVO:00001250),waterborne particulate matter (ENVO:01000436),2024-08-13 20:07:00,0.5154,USA:California:Monterey Bay,FD39,,39,22624c03_09c_eDNA,20.527,GTACACACCGCCCGTC,TGATCCTTCTGCAGGTTCACCTAC,PTLO,c,33.7369,Poretics,0.22um,-80,environmental,22624c03_09c_eDNA_FD,NGS Illumina Miseq,MSU,TCACTGGACT,18S,12.8153,2024.0,8.0,13.0,MBTS 22624,20,MiSeq,MBTS 22624 20
22624c03_06c_eDNA_FD,,FD,22624c03_06c_eDNA_S40_L001_R1_001.fastq.gz,22624c03_06c_eDNA_S40_L001_R2_001.fastq.gz,Francisco Chavez,6.0,22624.0,MBARI,RACHEL CARSON,ship,60.383,MOORING2,3.0,,0.0159,36.6968,-122.3775,26.0543,60.0,2.3923,marine biome  (ENVO:00000447),coastal water (ENVO:00001250),waterborne particulate matter (ENVO:01000436),2024-08-13 20:07:00,0.1355,USA:California:Monterey Bay,FD40,,40,22624c03_06c_eDNA,60.84,GTACACACCGCCCGTC,TGATCCTTCTGCAGGTTCACCTAC,PTLO,c,33.8559,Poretics,0.22um,-80,environmental,22624c03_06c_eDNA_FD,NGS Illumina Miseq,MSU,TAGCCTAGCG,18S,10.0319,2024.0,8.0,13.0,MBTS 22624,60,MiSeq,MBTS 22624 60
22624c03_03c_eDNA_FD,,FD,22624c03_03c_eDNA_S41_L001_R1_001.fastq.gz,22624c03_03c_eDNA_S41_L001_R2_001.fastq.gz,Francisco Chavez,3.0,22624.0,MBARI,RACHEL CARSON,ship,150.793,MOORING2,3.0,,-0.0733,36.6968,-122.3775,26.411,150.0,1.5728,marine biome  (ENVO:00000447),coastal water (ENVO:00001250),waterborne particulate matter (ENVO:01000436),2024-08-13 20:07:00,0.1272,USA:California:Monterey Bay,FD41,,41,22624c03_03c_eDNA,151.969,GTACACACCGCCCGTC,TGATCCTTCTGCAGGTTCACCTAC,PTLO,c,34.1293,Poretics,0.22um,-80,environmental,22624c03_03c_eDNA_FD,NGS Illumina Miseq,MSU,CCTTACCTAT,18S,9.1746,2024.0,8.0,13.0,MBTS 22624,150,MiSeq,MBTS 22624 150
20524c02_12c_eDNA_FD,,FD,20524c02_12c_eDNA_S42_L001_R1_001.fastq.gz,20524c02_12c_eDNA_S42_L001_R2_001.fastq.gz,Francisco Chavez,12.0,20524.0,MBARI,RACHEL CARSON,ship,2.817,MOORING 1,2.0,,3.7425,36.7477,-122.0225,25.2873,0.0,6.8747,marine biome  (ENVO:00000447),coastal water (ENVO:00001250),waterborne particulate matter (ENVO:01000436),2024-07-23 17:30:00,0.4834,USA:California:Monterey Bay,FD42,,42,20524c02_12c_eDNA,2.838,GTACACACCGCCCGTC,TGATCCTTCTGCAGGTTCACCTAC,PTLO,c,33.6997,Poretics,0.22um,-80,environmental,20524c02_12c_eDNA_FD,NGS Illumina Miseq,MSU,AGCTCGAGGA,18S,13.4898,2024.0,7.0,23.0,MBTS 20524,0,MiSeq,MBTS 20524 0
20524c02_10c_eDNA_FD,,FD,20524c02_10c_eDNA_S43_L001_R1_001.fastq.gz,20524c02_10c_eDNA_S43_L001_R2_001.fastq.gz,Francisco Chavez,10.0,20524.0,MBARI,RACHEL CARSON,ship,10.958,MOORING 1,2.0,,4.9072,36.7477,-122.0225,25.4425,10.0,5.3319,marine biome  (ENVO:00000447),coastal water (ENVO:00001250),waterborne particulate matter (ENVO:01000436),2024-07-23 17:30:00,0.5922,USA:California:Monterey Bay,FD43,,43,20524c02_10c_eDNA,11.04,GTACACACCGCCCGTC,TGATCCTTCTGCAGGTTCACCTAC,PTLO,c,33.6948,Poretics,0.22um,-80,environmental,20524c02_10c_eDNA_FD,NGS Illumina Miseq,MSU,ACACGAACAA,18S,12.6933,2024.0,7.0,23.0,MBTS 20524,10,MiSeq,MBTS 20524 10
20524c02_09c_eDNA_FD,,FD,20524c02_09c_eDNA_S44_L001_R1_001.fastq.gz,20524c02_09c_eDNA_S44_L001_R2_001.fastq.gz,Francisco Chavez,9.0,20524.0,MBARI,RACHEL CARSON,ship,20.77,MOORING 1,2.0,,0.5323,36.7477,-122.0225,25.8104,20.0,3.7582,marine biome  (ENVO:00000447),coastal water (ENVO:00001250),waterborne particulate matter (ENVO:01000436),2024-07-23 17:30:00,0.1837,USA:California:Monterey Bay,FD44,,44,20524c02_09c_eDNA,20.925,GTACACACCGCCCGTC,TGATCCTTCTGCAGGTTCACCTAC,PTLO,c,33.7688,Poretics,0.22um,-80,environmental,20524c02_09c_eDNA_FD,NGS Illumina Miseq,MSU,GAACACTATC,18S,11.0379,2024.0,7.0,23.0,MBTS 20524,20,MiSeq,MBTS 20524 20
20524c02_06c_eDNA_FD,,FD,20524c02_06c_eDNA_S45_L001_R1_001.fastq.gz,20524c02_06c_eDNA_S45_L001_R2_001.fastq.gz,Francisco Chavez,6.0,20524.0,MBARI,RACHEL CARSON,ship,60.98,MOORING 1,2.0,,-0.0533,36.7477,-122.0225,26.1549,60.0,2.2115,marine biome  (ENVO:00000447),coastal water (ENVO:00001250),waterborne particulate matter (ENVO:01000436),2024-07-23 17:30:00,0.129,USA:California:Monterey Bay,FD45,,45,20524c02_06c_eDNA,61.442,GTACACACCGCCCGTC,TGATCCTTCTGCAGGTTCACCTAC,PTLO,c,33.8968,Poretics,0.22um,-80,environmental,20524c02_06c_eDNA_FD,NGS Illumina Miseq,MSU,ACAATTGGTC,18S,9.6213,2024.0,7.0,23.0,MBTS 20524,60,MiSeq,MBTS 20524 60
20524c02_03c_eDNA_FD,,FD,20524c02_03c_eDNA_S46_L001_R1_001.fastq.gz,20524c02_03c_eDNA_S46_L001_R2_001.fastq.gz,Francisco Chavez,3.0,20524.0,MBARI,RACHEL CARSON,ship,151.117,MOORING 1,2.0,,-0.0525,36.7477,-122.0225,26.3877,150.0,1.5514,marine biome  (ENVO:00000447),coastal water (ENVO:00001250),waterborne particulate matter (ENVO:01000436),2024-07-23 17:30:00,0.1291,USA:California:Monterey Bay,FD46,,46,20524c02_03c_eDNA,152.295,GTACACACCGCCCGTC,TGATCCTTCTGCAGGTTCACCTAC,PTLO,c,34.057,Poretics,0.22um,-80,environmental,20524c02_03c_eDNA_FD,NGS Illumina Miseq,MSU,CTTGGTTCGT,18S,8.9659,2024.0,7.0,23.0,MBTS 20524,150,MiSeq,MBTS 20524 150
20524c01_12c_eDNA_FD,,FD,20524c01_12c_eDNA_S47_L001_R1_001.fastq.gz,20524c01_12c_eDNA_S47_L001_R2_001.fastq.gz,Francisco Chavez,12.0,20524.0,MBARI,RACHEL CARSON,ship,2.94,C1,1.0,,2.8909,36.7985,-121.847,25.228,0.0,5.5433,marine biome  (ENVO:00000447),coastal water (ENVO:00001250),waterborne particulate matter (ENVO:01000436),2024-07-23 15:56:00,0.4039,USA:California:Monterey Bay,FD47,,47,20524c01_12c_eDNA,2.961,GTACACACCGCCCGTC,TGATCCTTCTGCAGGTTCACCTAC,PTLO,c,33.7075,Poretics,0.22um,-80,environmental,20524c01_12c_eDNA_FD,NGS Illumina Miseq,MSU,GACCAAGCAT,18S,13.8092,2024.0,7.0,23.0,MBTS 20524,0,MiSeq,MBTS 20524 0
20524c01_10c_eDNA_FD,,FD,20524c01_10c_eDNA_S48_L001_R1_001.fastq.gz,20524c01_10c_eDNA_S48_L001_R2_001.fastq.gz,Francisco Chavez,10.0,20524.0,MBARI,RACHEL CARSON,ship,10.743,C1,1.0,,2.4874,36.7985,-121.847,25.4306,10.0,4.9831,marine biome  (ENVO:00000447),coastal water (ENVO:00001250),waterborne particulate matter (ENVO:01000436),2024-07-23 15:56:00,0.3663,USA:California:Monterey Bay,FD48,,48,20524c01_10c_eDNA,10.823,GTACACACCGCCCGTC,TGATCCTTCTGCAGGTTCACCTAC,PTLO,c,33.7481,Poretics,0.22um,-80,environmental,20524c01_10c_eDNA_FD,NGS Illumina Miseq,MSU,TGTTACGGTT,18S,12.9636,2024.0,7.0,23.0,MBTS 20524,10,MiSeq,MBTS 20524 10
20524c01_09c_eDNA_FD,,FD,20524c01_09c_eDNA_S49_L001_R1_001.fastq.gz,20524c01_09c_eDNA_S49_L001_R2_001.fastq.gz,Francisco Chavez,9.0,20524.0,MBARI,RACHEL CARSON,ship,21.056,C1,1.0,,0.5195,36.7985,-121.847,25.908,20.0,3.6565,marine biome  (ENVO:00000447),coastal water (ENVO:00001250),waterborne particulate matter (ENVO:01000436),2024-07-23 15:56:00,0.1825,USA:California:Monterey Bay,FD49,,49,20524c01_09c_eDNA,21.214,GTACACACCGCCCGTC,TGATCCTTCTGCAGGTTCACCTAC,PTLO,c,33.8585,Poretics,0.22um,-80,environmental,20524c01_09c_eDNA_FD,NGS Illumina Miseq,MSU,ATATAAGGCG,18S,10.8825,2024.0,7.0,23.0,MBTS 20524,20,MiSeq,MBTS 20524 20
20524c01_06c_eDNA_FD,,FD,20524c01_06c_eDNA_S50_L001_R1_001.fastq.gz,20524c01_06c_eDNA_S50_L001_R2_001.fastq.gz,Francisco Chavez,6.0,20524.0,MBARI,RACHEL CARSON,ship,60.315,C1,1.0,,0.0885,36.7985,-121.847,26.1061,60.0,2.5892,marine biome  (ENVO:00000447),coastal water (ENVO:00001250),waterborne particulate matter (ENVO:01000436),2024-07-23 15:56:00,0.1423,USA:California:Monterey Bay,FD50,,50,20524c01_06c_eDNA,60.772,GTACACACCGCCCGTC,TGATCCTTCTGCAGGTTCACCTAC,PTLO,c,33.9089,Poretics,0.22um,-80,environmental,20524c01_06c_eDNA_FD,NGS Illumina Miseq,MSU,ACATTACTCG,18S,9.971,2024.0,7.0,23.0,MBTS 20524,60,MiSeq,MBTS 20524 60
20524c01_03c_eDNA_FD,,FD,20524c01_03c_eDNA_S51_L001_R1_001.fastq.gz,20524c01_03c_eDNA_S51_L001_R2_001.fastq.gz,Francisco Chavez,3.0,20524.0,MBARI,RACHEL CARSON,ship,150.809,C1,1.0,,0.0375,36.7985,-121.847,26.3209,150.0,1.9228,marine biome  (ENVO:00000447),coastal water (ENVO:00001250),waterborne particulate matter (ENVO:01000436),2024-07-23 15:56:00,0.1375,USA:California:Monterey Bay,FD51,,51,20524c01_03c_eDNA,151.985,GTACACACCGCCCGTC,TGATCCTTCTGCAGGTTCACCTAC,PTLO,c,34.0013,Poretics,0.22um,-80,environmental,20524c01_03c_eDNA_FD,NGS Illumina Miseq,MSU,CTCAGTCCGT,18S,9.1118,2024.0,7.0,23.0,MBTS 20524,150,MiSeq,MBTS 20524 150
20524c03_12c_eDNA_FD,,FD,20524c03_12c_eDNA_S52_L001_R1_001.fastq.gz,20524c03_12c_eDNA_S52_L001_R2_001.fastq.gz,Francisco Chavez,12.0,20524.0,MBARI,RACHEL CARSON,ship,2.759,MOORING 2,3.0,,10.9805,36.6982,-122.378,25.0906,0.0,9.0136,marine biome  (ENVO:00000447),coastal water (ENVO:00001250),waterborne particulate matter (ENVO:01000436),2024-07-23 20:06:00,1.1592,USA:California:Monterey Bay,FD52,,52,20524c03_12c_eDNA,2.779,GTACACACCGCCCGTC,TGATCCTTCTGCAGGTTCACCTAC,PTLO,c,33.7366,Poretics,0.22um,-80,environmental,20524c03_12c_eDNA_FD,NGS Illumina Miseq,MSU,CTGGTAGCTA,18S,14.571,2024.0,7.0,23.0,MBTS 20524,0,MiSeq,MBTS 20524 0
20524c03_10c_eDNA_FD,,FD,20524c03_10c_eDNA_S53_L001_R1_001.fastq.gz,20524c03_10c_eDNA_S53_L001_R2_001.fastq.gz,Francisco Chavez,10.0,20524.0,MBARI,RACHEL CARSON,ship,10.778,MOORING 2,3.0,,3.3014,36.6982,-122.378,25.3853,10.0,5.9974,marine biome  (ENVO:00000447),coastal water (ENVO:00001250),waterborne particulate matter (ENVO:01000436),2024-07-23 20:06:00,0.4423,USA:California:Monterey Bay,FD53,,53,20524c03_10c_eDNA,10.859,GTACACACCGCCCGTC,TGATCCTTCTGCAGGTTCACCTAC,PTLO,c,33.7419,Poretics,0.22um,-80,environmental,20524c03_10c_eDNA_FD,NGS Illumina Miseq,MSU,GTCACAGACA,18S,13.167,2024.0,7.0,23.0,MBTS 20524,10,MiSeq,MBTS 20524 10
20524c03_09c_eDNA_FD,,FD,20524c03_09c_eDNA_S54_L001_R1_001.fastq.gz,20524c03_09c_eDNA_S54_L001_R2_001.fastq.gz,Francisco Chavez,9.0,20524.0,MBARI,RACHEL CARSON,ship,21.702,MOORING 2,3.0,,1.5942,36.6982,-122.378,25.5046,20.0,5.0864,marine biome  (ENVO:00000447),coastal water (ENVO:00001250),waterborne particulate matter (ENVO:01000436),2024-07-23 20:06:00,0.2828,USA:California:Monterey Bay,FD54,,54,20524c03_09c_eDNA,21.864,GTACACACCGCCCGTC,TGATCCTTCTGCAGGTTCACCTAC,PTLO,c,33.7287,Poretics,0.22um,-80,environmental,20524c03_09c_eDNA_FD,NGS Illumina Miseq,MSU,GACTTGCGTG,18S,12.5109,2024.0,7.0,23.0,MBTS 20524,20,MiSeq,MBTS 20524 20
20524c03_06c_eDNA_FD,,FD,20524c03_06c_eDNA_S55_L001_R1_001.fastq.gz,20524c03_06c_eDNA_S55_L001_R2_001.fastq.gz,Francisco Chavez,6.0,20524.0,MBARI,RACHEL CARSON,ship,60.883,MOORING 2,3.0,,-0.002,36.6982,-122.378,26.02,60.0,2.6047,marine biome  (ENVO:00000447),coastal water (ENVO:00001250),waterborne particulate matter (ENVO:01000436),2024-07-23 20:06:00,0.1338,USA:California:Monterey Bay,FD55,,55,20524c03_06c_eDNA,61.345,GTACACACCGCCCGTC,TGATCCTTCTGCAGGTTCACCTAC,PTLO,c,33.813,Poretics,0.22um,-80,environmental,20524c03_06c_eDNA_FD,NGS Illumina Miseq,MSU,GCGAGTATCA,18S,10.0372,2024.0,7.0,23.0,MBTS 20524,60,MiSeq,MBTS 20524 60
20524c03_03c_eDNA_FD,,FD,20524c03_03c_eDNA_S56_L001_R1_001.fastq.gz,20524c03_03c_eDNA_S56_L001_R2_001.fastq.gz,Francisco Chavez,3.0,20524.0,MBARI,RACHEL CARSON,ship,150.594,MOORING 2,3.0,,-0.0631,36.6982,-122.378,26.3322,150.0,1.635,marine biome  (ENVO:00000447),coastal water (ENVO:00001250),waterborne particulate matter (ENVO:01000436),2024-07-23 20:06:00,0.1281,USA:California:Monterey Bay,FD56,,56,20524c03_03c_eDNA,151.768,GTACACACCGCCCGTC,TGATCCTTCTGCAGGTTCACCTAC,PTLO,c,34.0385,Poretics,0.22um,-80,environmental,20524c03_03c_eDNA_FD,NGS Illumina Miseq,MSU,TCATACCAAG,18S,9.2232,2024.0,7.0,23.0,MBTS 20524,150,MiSeq,MBTS 20524 150
17024c03_03c_eDNA_FD,,FD,17024c03_03c_eDNA_S57_L001_R1_001.fastq.gz,17024c03_03c_eDNA_S57_L001_R2_001.fastq.gz,Francisco Chavez,3.0,17024.0,MBARI,RACHEL CARSON,ship,151.154,MOORING 2,3.0,,-0.0711,36.6942,-122.3785,26.4364,150.0,2.0085,marine biome  (ENVO:00000447),coastal water (ENVO:00001250),waterborne particulate matter (ENVO:01000436),2024-06-18 19:25:00,0.1274,USA:California:Monterey Bay,FD57,,57,17024c03_03c_eDNA,152.332,GTACACACCGCCCGTC,TGATCCTTCTGCAGGTTCACCTAC,PTLO,c,34.0072,Poretics,0.22um,-80,environmental,17024c03_03c_eDNA_FD,NGS Illumina Miseq,MSU,AGCATCGTGC,18S,8.4001,2024.0,6.0,18.0,MBTS 17024,150,MiSeq,MBTS 17024 150
17024c03_06c_eDNA_FD,,FD,17024c03_06c_eDNA_S58_L001_R1_001.fastq.gz,17024c03_06c_eDNA_S58_L001_R2_001.fastq.gz,Francisco Chavez,6.0,17024.0,MBARI,RACHEL CARSON,ship,61.079,MOORING 2,3.0,,-0.0199,36.6942,-122.3785,26.0472,60.0,2.6978,marine biome  (ENVO:00000447),coastal water (ENVO:00001250),waterborne particulate matter (ENVO:01000436),2024-06-18 19:25:00,0.1321,USA:California:Monterey Bay,FD58,,58,17024c03_06c_eDNA,61.542,GTACACACCGCCCGTC,TGATCCTTCTGCAGGTTCACCTAC,PTLO,c,33.7522,Poretics,0.22um,-80,environmental,17024c03_06c_eDNA_FD,NGS Illumina Miseq,MSU,CATACCGCTG,18S,9.5887,2024.0,6.0,18.0,MBTS 17024,60,MiSeq,MBTS 17024 60
17024c03_09c_eDNA_FD,,FD,17024c03_09c_eDNA_S59_L001_R1_001.fastq.gz,17024c03_09c_eDNA_S59_L001_R2_001.fastq.gz,Francisco Chavez,9.0,17024.0,MBARI,RACHEL CARSON,ship,22.058,MOORING 2,3.0,,4.1052,36.6942,-122.3785,25.6959,20.0,5.3583,marine biome  (ENVO:00000447),coastal water (ENVO:00001250),waterborne particulate matter (ENVO:01000436),2024-06-18 19:25:00,0.5173,USA:California:Monterey Bay,FD59,,59,17024c03_09c_eDNA,22.223,GTACACACCGCCCGTC,TGATCCTTCTGCAGGTTCACCTAC,PTLO,c,33.7405,Poretics,0.22um,-80,environmental,17024c03_09c_eDNA_FD,NGS Illumina Miseq,MSU,TATGACGGTG,18S,11.5474,2024.0,6.0,18.0,MBTS 17024,20,MiSeq,MBTS 17024 20
17024c03_10c_eDNA_FD,,FD,17024c03_10c_eDNA_S60_L001_R1_001.fastq.gz,17024c03_10c_eDNA_S60_L001_R2_001.fastq.gz,Francisco Chavez,10.0,17024.0,MBARI,RACHEL CARSON,ship,12.107,MOORING 2,3.0,,4.3958,36.6942,-122.3785,25.6825,10.0,5.476,marine biome  (ENVO:00000447),coastal water (ENVO:00001250),waterborne particulate matter (ENVO:01000436),2024-06-18 19:25:00,0.5444,USA:California:Monterey Bay,FD60,,60,17024c03_10c_eDNA,12.197,GTACACACCGCCCGTC,TGATCCTTCTGCAGGTTCACCTAC,PTLO,c,33.7404,Poretics,0.22um,-80,environmental,17024c03_10c_eDNA_FD,NGS Illumina Miseq,MSU,TGCGTGAGCA,18S,11.6184,2024.0,6.0,18.0,MBTS 17024,10,MiSeq,MBTS 17024 10
17024c03_12c_eDNA_FD,,FD,17024c03_12c_eDNA_S61_L001_R1_001.fastq.gz,17024c03_12c_eDNA_S61_L001_R2_001.fastq.gz,Francisco Chavez,12.0,17024.0,MBARI,RACHEL CARSON,ship,3.253,MOORING 2,3.0,,1.5232,36.6942,-122.3785,25.6768,0.0,5.529,marine biome  (ENVO:00000447),coastal water (ENVO:00001250),waterborne particulate matter (ENVO:01000436),2024-06-18 19:25:00,0.2762,USA:California:Monterey Bay,FD61,,61,17024c03_12c_eDNA,3.277,GTACACACCGCCCGTC,TGATCCTTCTGCAGGTTCACCTAC,PTLO,c,33.7401,Poretics,0.22um,-80,environmental,17024c03_12c_eDNA_FD,NGS Illumina Miseq,MSU,GCCAATGTTC,18S,11.6465,2024.0,6.0,18.0,MBTS 17024,0,MiSeq,MBTS 17024 0
17024c02_03c_eDNA_FD,,FD,17024c02_03c_eDNA_S62_L001_R1_001.fastq.gz,17024c02_03c_eDNA_S62_L001_R2_001.fastq.gz,Francisco Chavez,3.0,17024.0,MBARI,RACHEL CARSON,ship,151.895,MOORING 1,2.0,,-0.0586,36.746,-122.0202,26.5569,150.0,1.3839,marine biome  (ENVO:00000447),coastal water (ENVO:00001250),waterborne particulate matter (ENVO:01000436),2024-06-18 16:32:00,0.1285,USA:California:Monterey Bay,FD62,,62,17024c02_03c_eDNA,153.079,GTACACACCGCCCGTC,TGATCCTTCTGCAGGTTCACCTAC,PTLO,c,34.1188,Poretics,0.22um,-80,environmental,17024c02_03c_eDNA_FD,NGS Illumina Miseq,MSU,CTTCTCCAGC,18S,8.1818,2024.0,6.0,18.0,MBTS 17024,150,MiSeq,MBTS 17024 150
17024c02_06c_eDNA_FD,,FD,17024c02_06c_eDNA_S63_L001_R1_001.fastq.gz,17024c02_06c_eDNA_S63_L001_R2_001.fastq.gz,Francisco Chavez,6.0,17024.0,MBARI,RACHEL CARSON,ship,60.941,MOORING 1,2.0,,0.0506,36.746,-122.0202,26.2623,60.0,2.1372,marine biome  (ENVO:00000447),coastal water (ENVO:00001250),waterborne particulate matter (ENVO:01000436),2024-06-18 16:32:00,0.1387,USA:California:Monterey Bay,FD63,,63,17024c02_06c_eDNA,61.403,GTACACACCGCCCGTC,TGATCCTTCTGCAGGTTCACCTAC,PTLO,c,33.9574,Poretics,0.22um,-80,environmental,17024c02_06c_eDNA_FD,NGS Illumina Miseq,MSU,CTCTCGATAA,18S,9.253,2024.0,6.0,18.0,MBTS 17024,60,MiSeq,MBTS 17024 60
17024c02_09c_eDNA_FD,,FD,17024c02_09c_eDNA_S64_L001_R1_001.fastq.gz,17024c02_09c_eDNA_S64_L001_R2_001.fastq.gz,Francisco Chavez,9.0,17024.0,MBARI,RACHEL CARSON,ship,20.614,MOORING 1,2.0,,0.9414,36.746,-122.0202,26.0365,20.0,3.612,marine biome  (ENVO:00000447),coastal water (ENVO:00001250),waterborne particulate matter (ENVO:01000436),2024-06-18 16:32:00,0.2219,USA:California:Monterey Bay,FD64,,64,17024c02_09c_eDNA,20.767,GTACACACCGCCCGTC,TGATCCTTCTGCAGGTTCACCTAC,PTLO,c,33.8423,Poretics,0.22um,-80,environmental,17024c02_09c_eDNA_FD,NGS Illumina Miseq,MSU,CGGATCTACA,18S,10.07,2024.0,6.0,18.0,MBTS 17024,20,MiSeq,MBTS 17024 20
17024c02_10c_eDNA_FD,,FD,17024c02_10c_eDNA_S65_L001_R1_001.fastq.gz,17024c02_10c_eDNA_S65_L001_R2_001.fastq.gz,Francisco Chavez,10.0,17024.0,MBARI,RACHEL CARSON,ship,10.885,MOORING 1,2.0,,0.8851,36.746,-122.0202,26.0181,10.0,3.7566,marine biome  (ENVO:00000447),coastal water (ENVO:00001250),waterborne particulate matter (ENVO:01000436),2024-06-18 16:32:00,0.2166,USA:California:Monterey Bay,FD65,,65,17024c02_10c_eDNA,10.966,GTACACACCGCCCGTC,TGATCCTTCTGCAGGTTCACCTAC,PTLO,c,33.8387,Poretics,0.22um,-80,environmental,17024c02_10c_eDNA_FD,NGS Illumina Miseq,MSU,CTGGCATATT,18S,10.1609,2024.0,6.0,18.0,MBTS 17024,10,MiSeq,MBTS 17024 10
17024c02_12c_eDNA_FD,,FD,17024c02_12c_eDNA_S66_L001_R1_001.fastq.gz,17024c02_12c_eDNA_S66_L001_R2_001.fastq.gz,Francisco Chavez,12.0,17024.0,MBARI,RACHEL CARSON,ship,3.006,MOORING 1,2.0,,0.3006,36.746,-122.0202,25.7693,0.0,4.6399,marine biome  (ENVO:00000447),coastal water (ENVO:00001250),waterborne particulate matter (ENVO:01000436),2024-06-18 16:32:00,0.1621,USA:California:Monterey Bay,FD66,,66,17024c02_12c_eDNA,3.029,GTACACACCGCCCGTC,TGATCCTTCTGCAGGTTCACCTAC,PTLO,c,33.7954,Poretics,0.22um,-80,environmental,17024c02_12c_eDNA_FD,NGS Illumina Miseq,MSU,TGCAAGTAGC,18S,11.3775,2024.0,6.0,18.0,MBTS 17024,0,MiSeq,MBTS 17024 0
17024c01_03c_eDNA_FD,,FD,17024c01_03c_eDNA_S67_L001_R1_001.fastq.gz,17024c01_03c_eDNA_S67_L001_R2_001.fastq.gz,Francisco Chavez,3.0,17024.0,MBARI,RACHEL CARSON,ship,150.653,C1,1.0,,0.0127,36.7982,-121.8468,26.5255,150.0,1.4072,marine biome  (ENVO:00000447),coastal water (ENVO:00001250),waterborne particulate matter (ENVO:01000436),2024-06-18 14:54:00,0.1352,USA:California:Monterey Bay,FD67,32.027,67,17024c01_03c_eDNA,151.829,GTACACACCGCCCGTC,TGATCCTTCTGCAGGTTCACCTAC,PTLO,c,34.0735,Poretics,0.22um,-80,environmental,17024c01_03c_eDNA_FD,NGS Illumina Miseq,MSU,ACACAACTAC,18S,8.1545,2024.0,6.0,18.0,MBTS 17024,150,MiSeq,MBTS 17024 150
17024c01_06c_eDNA_FD,,FD,17024c01_06c_eDNA_S68_L001_R1_001.fastq.gz,17024c01_06c_eDNA_S68_L001_R2_001.fastq.gz,Francisco Chavez,6.0,17024.0,MBARI,RACHEL CARSON,ship,59.956,C1,1.0,,0.0823,36.7982,-121.8468,26.3147,60.0,1.8801,marine biome  (ENVO:00000447),coastal water (ENVO:00001250),waterborne particulate matter (ENVO:01000436),2024-06-18 14:54:00,0.1417,USA:California:Monterey Bay,FD68,28.146,68,17024c01_06c_eDNA,60.41,GTACACACCGCCCGTC,TGATCCTTCTGCAGGTTCACCTAC,PTLO,c,33.9718,Poretics,0.22um,-80,environmental,17024c01_06c_eDNA_FD,NGS Illumina Miseq,MSU,TAGCACACTT,18S,8.9956,2024.0,6.0,18.0,MBTS 17024,60,MiSeq,MBTS 17024 60
17024c01_09c_eDNA_FD,,FD,17024c01_09c_eDNA_S69_L001_R1_001.fastq.gz,17024c01_09c_eDNA_S69_L001_R2_001.fastq.gz,Francisco Chavez,9.0,17024.0,MBARI,RACHEL CARSON,ship,21.251,C1,1.0,,0.4341,36.7982,-121.8468,26.0151,20.0,3.2835,marine biome  (ENVO:00000447),coastal water (ENVO:00001250),waterborne particulate matter (ENVO:01000436),2024-06-18 14:54:00,0.1745,USA:California:Monterey Bay,FD69,23.958,69,17024c01_09c_eDNA,21.41,GTACACACCGCCCGTC,TGATCCTTCTGCAGGTTCACCTAC,PTLO,c,33.8335,Poretics,0.22um,-80,environmental,17024c01_09c_eDNA_FD,NGS Illumina Miseq,MSU,TAGTGTTACG,18S,10.1561,2024.0,6.0,18.0,MBTS 17024,20,MiSeq,MBTS 17024 20
17024c01_10c_eDNA_FD,,FD,17024c01_10c_eDNA_S70_L001_R1_001.fastq.gz,17024c01_10c_eDNA_S70_L001_R2_001.fastq.gz,Francisco Chavez,10.0,17024.0,MBARI,RACHEL CARSON,ship,10.605,C1,1.0,,0.6625,36.7982,-121.8468,25.8107,10.0,4.1077,marine biome  (ENVO:00000447),coastal water (ENVO:00001250),waterborne particulate matter (ENVO:01000436),2024-06-18 14:54:00,0.1959,USA:California:Monterey Bay,FD70,22.198,70,17024c01_10c_eDNA,10.684,GTACACACCGCCCGTC,TGATCCTTCTGCAGGTTCACCTAC,PTLO,c,33.7882,Poretics,0.22um,-80,environmental,17024c01_10c_eDNA_FD,NGS Illumina Miseq,MSU,CGTACACTGG,18S,11.1195,2024.0,6.0,18.0,MBTS 17024,10,MiSeq,MBTS 17024 10
17024c01_12c_eDNA_FD,,FD,17024c01_12c_eDNA_S71_L001_R1_001.fastq.gz,17024c01_12c_eDNA_S71_L001_R2_001.fastq.gz,Francisco Chavez,12.0,17024.0,MBARI,RACHEL CARSON,ship,2.744,C1,1.0,,0.8344,36.7982,-121.8468,25.3231,0.0,6.3169,marine biome  (ENVO:00000447),coastal water (ENVO:00001250),waterborne particulate matter (ENVO:01000436),2024-06-18 14:54:00,0.2119,USA:California:Monterey Bay,FD71,4.796,71,17024c01_12c_eDNA,2.764,GTACACACCGCCCGTC,TGATCCTTCTGCAGGTTCACCTAC,PTLO,c,33.7722,Poretics,0.22um,-80,environmental,17024c01_12c_eDNA_FD,NGS Illumina Miseq,MSU,AATACTGGCA,18S,13.5893,2024.0,6.0,18.0,MBTS 17024,0,MiSeq,MBTS 17024 0
CN24F150mMV2_SC42_FD,,FD,CN24F150mMV2_SC42_S72_L001_R1_001.fastq.gz,CN24F150mMV2_SC42_S72_L001_R2_001.fastq.gz,Francisco Chavez,,,MBARI,,,,,,,,,,,150.0,,marine biome  (ENVO:00000447),coastal water (ENVO:00001250),waterborne particulate matter (ENVO:01000436),,,USA:California:Monterey Bay,FD72,,72,CN24F150mMV2_SC42,,GTACACACCGCCCGTC,TGATCCTTCTGCAGGTTCACCTAC,,,,Poretics,0.22um,-80,environmental,CN24F150mMV2_SC42_FD,NGS Illumina Miseq,MSU,CGGTAGAGTT,18S,,,,,CN24F 150m exp,150,MiSeq,CN24F 150m exp 150
CN24F150mMV2_SC43_FD,,FD,CN24F150mMV2_SC43_S73_L001_R1_001.fastq.gz,CN24F150mMV2_SC43_S73_L001_R2_001.fastq.gz,Francisco Chavez,,,MBARI,,,,,,,,,,,150.0,,marine biome  (ENVO:00000447),coastal water (ENVO:00001250),waterborne particulate matter (ENVO:01000436),,,USA:California:Monterey Bay,FD73,,73,CN24F150mMV2_SC43,,GTACACACCGCCCGTC,TGATCCTTCTGCAGGTTCACCTAC,,,,Poretics,0.22um,-80,environmental,CN24F150mMV2_SC43_FD,NGS Illumina Miseq,MSU,CGTGACTCTA,18S,,,,,CN24F 150m exp,150,MiSeq,CN24F 150m exp 150
CN24F150mMV2_SC44_FD,,FD,CN24F150mMV2_SC44_S74_L001_R1_001.fastq.gz,CN24F150mMV2_SC44_S74_L001_R2_001.fastq.gz,Francisco Chavez,,,MBARI,,,,,,,,,,,150.0,,marine biome  (ENVO:00000447),coastal water (ENVO:00001250),waterborne particulate matter (ENVO:01000436),,,USA:California:Monterey Bay,FD74,,74,CN24F150mMV2_SC44,,GTACACACCGCCCGTC,TGATCCTTCTGCAGGTTCACCTAC,,,,Poretics,0.22um,-80,environmental,CN24F150mMV2_SC44_FD,NGS Illumina Miseq,MSU,CTTCAATAGC,18S,,,,,CN24F 150m exp,150,MiSeq,CN24F 150m exp 150
CN24F150mMV2_SC45_FD,,FD,CN24F150mMV2_SC45_S75_L001_R1_001.fastq.gz,CN24F150mMV2_SC45_S75_L001_R2_001.fastq.gz,Francisco Chavez,,,MBARI,,,,,,,,,,,150.0,,marine biome  (ENVO:00000447),coastal water (ENVO:00001250),waterborne particulate matter (ENVO:01000436),,,USA:California:Monterey Bay,FD75,,75,CN24F150mMV2_SC45,,GTACACACCGCCCGTC,TGATCCTTCTGCAGGTTCACCTAC,,,,Poretics,0.22um,-80,environmental,CN24F150mMV2_SC45_FD,NGS Illumina Miseq,MSU,AAGGACTCAG,18S,,,,,CN24F 150m exp,150,MiSeq,CN24F 150m exp 150
CN24F150mMV2_SC46_FD,,FD,CN24F150mMV2_SC46_S76_L001_R1_001.fastq.gz,CN24F150mMV2_SC46_S76_L001_R2_001.fastq.gz,Francisco Chavez,,,MBARI,,,,,,,,,,,150.0,,marine biome  (ENVO:00000447),coastal water (ENVO:00001250),waterborne particulate matter (ENVO:01000436),,,USA:California:Monterey Bay,FD76,,76,CN24F150mMV2_SC46,,GTACACACCGCCCGTC,TGATCCTTCTGCAGGTTCACCTAC,,,,Poretics,0.22um,-80,environmental,CN24F150mMV2_SC46_FD,NGS Illumina Miseq,MSU,CAGACGATGA,18S,,,,,CN24F 150m exp,150,MiSeq,CN24F 150m exp 150
CN24F150mMV2_SC47_FD,,FD,CN24F150mMV2_SC47_S77_L001_R1_001.fastq.gz,CN24F150mMV2_SC47_S77_L001_R2_001.fastq.gz,Francisco Chavez,,,MBARI,,,,,,,,,,,150.0,,marine biome  (ENVO:00000447),coastal water (ENVO:00001250),waterborne particulate matter (ENVO:01000436),,,USA:California:Monterey Bay,FD77,,77,CN24F150mMV2_SC47,,GTACACACCGCCCGTC,TGATCCTTCTGCAGGTTCACCTAC,,,,Poretics,0.22um,-80,environmental,CN24F150mMV2_SC47_FD,NGS Illumina Miseq,MSU,TTGGAAGTAC,18S,,,,,CN24F 150m exp,150,MiSeq,CN24F 150m exp 150
CN24F150mMV2_SC48_FD,,FD,CN24F150mMV2_SC48_S78_L001_R1_001.fastq.gz,CN24F150mMV2_SC48_S78_L001_R2_001.fastq.gz,Francisco Chavez,,,MBARI,,,,,,,,,,,150.0,,marine biome  (ENVO:00000447),coastal water (ENVO:00001250),waterborne particulate matter (ENVO:01000436),,,USA:California:Monterey Bay,FD78,,78,CN24F150mMV2_SC48,,GTACACACCGCCCGTC,TGATCCTTCTGCAGGTTCACCTAC,,,,Poretics,0.22um,-80,environmental,CN24F150mMV2_SC48_FD,NGS Illumina Miseq,MSU,TCGCATCAAC,18S,,,,,CN24F 150m exp,150,MiSeq,CN24F 150m exp 150
CN24F150mMV2_SC49_FD,,FD,CN24F150mMV2_SC49_S79_L001_R1_001.fastq.gz,CN24F150mMV2_SC49_S79_L001_R2_001.fastq.gz,Francisco Chavez,,,MBARI,,,,,,,,,,,150.0,,marine biome  (ENVO:00000447),coastal water (ENVO:00001250),waterborne particulate matter (ENVO:01000436),,,USA:California:Monterey Bay,FD79,,79,CN24F150mMV2_SC49,,GTACACACCGCCCGTC,TGATCCTTCTGCAGGTTCACCTAC,,,,Poretics,0.22um,-80,environmental,CN24F150mMV2_SC49_FD,NGS Illumina Miseq,MSU,TATGCAACTC,18S,,,,,CN24F 150m exp,150,MiSeq,CN24F 150m exp 150
CN24F150mMV2_SC50_FD,,FD,CN24F150mMV2_SC50_S80_L001_R1_001.fastq.gz,CN24F150mMV2_SC50_S80_L001_R2_001.fastq.gz,Francisco Chavez,,,MBARI,,,,,,,,,,,150.0,,marine biome  (ENVO:00000447),coastal water (ENVO:00001250),waterborne particulate matter (ENVO:01000436),,,USA:California:Monterey Bay,FD80,,80,CN24F150mMV2_SC50,,GTACACACCGCCCGTC,TGATCCTTCTGCAGGTTCACCTAC,,,,Poretics,0.22um,-80,environmental,CN24F150mMV2_SC50_FD,NGS Illumina Miseq,MSU,GAATGTCACG,18S,,,,,CN24F 150m exp,150,MiSeq,CN24F 150m exp 150
CN24F150mMV2_SC51_FD,,FD,CN24F150mMV2_SC51_S81_L001_R1_001.fastq.gz,CN24F150mMV2_SC51_S81_L001_R2_001.fastq.gz,Francisco Chavez,,,MBARI,,,,,,,,,,,150.0,,marine biome  (ENVO:00000447),coastal water (ENVO:00001250),waterborne particulate matter (ENVO:01000436),,,USA:California:Monterey Bay,FD81,,81,CN24F150mMV2_SC51,,GTACACACCGCCCGTC,TGATCCTTCTGCAGGTTCACCTAC,,,,Poretics,0.22um,-80,environmental,CN24F150mMV2_SC51_FD,NGS Illumina Miseq,MSU,GACCTGTTAA,18S,,,,,CN24F 150m exp,150,MiSeq,CN24F 150m exp 150
CN24F150mMV2_SC52_FD,,FD,CN24F150mMV2_SC52_S82_L001_R1_001.fastq.gz,CN24F150mMV2_SC52_S82_L001_R2_001.fastq.gz,Francisco Chavez,,,MBARI,,,,,,,,,,,150.0,,marine biome  (ENVO:00000447),coastal water (ENVO:00001250),waterborne particulate matter (ENVO:01000436),,,USA:California:Monterey Bay,FD82,,82,CN24F150mMV2_SC52,,GTACACACCGCCCGTC,TGATCCTTCTGCAGGTTCACCTAC,,,,Poretics,0.22um,-80,environmental,CN24F150mMV2_SC52_FD,NGS Illumina Miseq,MSU,CGGATGCTGA,18S,,,,,CN24F 150m exp,150,MiSeq,CN24F 150m exp 150
CN24F150mMV2_SC53_FD,,FD,CN24F150mMV2_SC53_S83_L001_R1_001.fastq.gz,CN24F150mMV2_SC53_S83_L001_R2_001.fastq.gz,Francisco Chavez,,,MBARI,,,,,,,,,,,150.0,,marine biome  (ENVO:00000447),coastal water (ENVO:00001250),waterborne particulate matter (ENVO:01000436),,,USA:California:Monterey Bay,FD83,,83,CN24F150mMV2_SC53,,GTACACACCGCCCGTC,TGATCCTTCTGCAGGTTCACCTAC,,,,Poretics,0.22um,-80,environmental,CN24F150mMV2_SC53_FD,NGS Illumina Miseq,MSU,GCAACTGTGA,18S,,,,,CN24F 150m exp,150,MiSeq,CN24F 150m exp 150
CN24F150mMV2_SC54_FD,,FD,CN24F150mMV2_SC54_S84_L001_R1_001.fastq.gz,CN24F150mMV2_SC54_S84_L001_R2_001.fastq.gz,Francisco Chavez,,,MBARI,,,,,,,,,,,150.0,,marine biome  (ENVO:00000447),coastal water (ENVO:00001250),waterborne particulate matter (ENVO:01000436),,,USA:California:Monterey Bay,FD84,,84,CN24F150mMV2_SC54,,GTACACACCGCCCGTC,TGATCCTTCTGCAGGTTCACCTAC,,,,Poretics,0.22um,-80,environmental,CN24F150mMV2_SC54_FD,NGS Illumina Miseq,MSU,CGGAGCATCT,18S,,,,,CN24F 150m exp,150,MiSeq,CN24F 150m exp 150
CN24F150mMV2_SC55_FD,,FD,CN24F150mMV2_SC55_S85_L001_R1_001.fastq.gz,CN24F150mMV2_SC55_S85_L001_R2_001.fastq.gz,Francisco Chavez,,,MBARI,,,,,,,,,,,150.0,,marine biome  (ENVO:00000447),coastal water (ENVO:00001250),waterborne particulate matter (ENVO:01000436),,,USA:California:Monterey Bay,FD85,,85,CN24F150mMV2_SC55,,GTACACACCGCCCGTC,TGATCCTTCTGCAGGTTCACCTAC,,,,Poretics,0.22um,-80,environmental,CN24F150mMV2_SC55_FD,NGS Illumina Miseq,MSU,AAGACGCTAA,18S,,,,,CN24F 150m exp,150,MiSeq,CN24F 150m exp 150
CN24F150mMV2_SC56_FD,,FD,CN24F150mMV2_SC56_S86_L001_R1_001.fastq.gz,CN24F150mMV2_SC56_S86_L001_R2_001.fastq.gz,Francisco Chavez,,,MBARI,,,,,,,,,,,150.0,,marine biome  (ENVO:00000447),coastal water (ENVO:00001250),waterborne particulate matter (ENVO:01000436),,,USA:California:Monterey Bay,FD86,,86,CN24F150mMV2_SC56,,GTACACACCGCCCGTC,TGATCCTTCTGCAGGTTCACCTAC,,,,Poretics,0.22um,-80,environmental,CN24F150mMV2_SC56_FD,NGS Illumina Miseq,MSU,ATAACAAGCG,18S,,,,,CN24F 150m exp,150,MiSeq,CN24F 150m exp 150
CN24F150mMV2_SC57_FD,,FD,CN24F150mMV2_SC57_S87_L001_R1_001.fastq.gz,CN24F150mMV2_SC57_S87_L001_R2_001.fastq.gz,Francisco Chavez,,,MBARI,,,,,,,,,,,150.0,,marine biome  (ENVO:00000447),coastal water (ENVO:00001250),waterborne particulate matter (ENVO:01000436),,,USA:California:Monterey Bay,FD87,,87,CN24F150mMV2_SC57,,GTACACACCGCCCGTC,TGATCCTTCTGCAGGTTCACCTAC,,,,Poretics,0.22um,-80,environmental,CN24F150mMV2_SC57_FD,NGS Illumina Miseq,MSU,ATGCTAGTGT,18S,,,,,CN24F 150m exp,150,MiSeq,CN24F 150m exp 150
CN24F150mMV2_SC58_FD,,FD,CN24F150mMV2_SC58_S88_L001_R1_001.fastq.gz,CN24F150mMV2_SC58_S88_L001_R2_001.fastq.gz,Francisco Chavez,,,MBARI,,,,,,,,,,,150.0,,marine biome  (ENVO:00000447),coastal water (ENVO:00001250),waterborne particulate matter (ENVO:01000436),,,USA:California:Monterey Bay,FD88,,88,CN24F150mMV2_SC58,,GTACACACCGCCCGTC,TGATCCTTCTGCAGGTTCACCTAC,,,,Poretics,0.22um,-80,environmental,CN24F150mMV2_SC58_FD,NGS Illumina Miseq,MSU,CCTGGTACAG,18S,,,,,CN24F 150m exp,150,MiSeq,CN24F 150m exp 150
CN24F150mMV2_SC59_FD,,FD,CN24F150mMV2_SC59_S89_L001_R1_001.fastq.gz,CN24F150mMV2_SC59_S89_L001_R2_001.fastq.gz,Francisco Chavez,,,MBARI,,,,,,,,,,,150.0,,marine biome  (ENVO:00000447),coastal water (ENVO:00001250),waterborne particulate matter (ENVO:01000436),,,USA:California:Monterey Bay,FD89,,89,CN24F150mMV2_SC59,,GTACACACCGCCCGTC,TGATCCTTCTGCAGGTTCACCTAC,,,,Poretics,0.22um,-80,environmental,CN24F150mMV2_SC59_FD,NGS Illumina Miseq,MSU,TGGCTCATGT,18S,,,,,CN24F 150m exp,150,MiSeq,CN24F 150m exp 150
14223c01_05c_eDNA_FK,,FK,14223c01_05c_eDNA_L1_R1.fastq.gz,14223c01_05c_eDNA_L1_R2.fastq.gz,Francisco Chavez,5.0,14223.0,MBARI,Rachel Carson,ship,301.012,MARS,1.0,,-0.0994,36.711,-122.196,26.6553,300.0,1.0366,marine biome  (ENVO:00000447),coastal water (ENVO:00001250),waterborne particulate matter (ENVO:01000436),2023-05-22 17:53:00,0.1247,USA:California:Monterey Bay,FK1,37.857,1,14223c01_05c_eDNA,303.469,GTACACACCGCCCGTC,TGATCCTTCTGCAGGTTCACCTAC,Cannon,c,34.1852,Poretics,0.22um,-80,environmental,14223c01_05c_eDNA_FK,AVITI 2x150 bp low output flow cell,MSU,,18S,7.8849,2023.0,5.0,22.0,CN23S MARS,300,AVITI,CN23S MARS 300
14223c01_07c_eDNA_FK,,FK,14223c01_07c_eDNA_L1_R1.fastq.gz,14223c01_07c_eDNA_L1_R2.fastq.gz,Francisco Chavez,7.0,14223.0,MBARI,Rachel Carson,ship,202.055,MARS,1.0,,-0.0468,36.711,-122.196,26.5257,200.0,1.3929,marine biome  (ENVO:00000447),coastal water (ENVO:00001250),waterborne particulate matter (ENVO:01000436),2023-05-22 17:53:00,0.1296,USA:California:Monterey Bay,FK2,27.967,2,14223c01_07c_eDNA,203.656,GTACACACCGCCCGTC,TGATCCTTCTGCAGGTTCACCTAC,Cannon,c,34.1371,Poretics,0.22um,-80,environmental,14223c01_07c_eDNA_FK,AVITI 2x150 bp low output flow cell,MSU,,18S,8.4879,2023.0,5.0,22.0,CN23S MARS,200,AVITI,CN23S MARS 200
14223c01_06c_eDNA_FK,,FK,14223c01_06c_eDNA_L1_R1.fastq.gz,14223c01_06c_eDNA_L1_R2.fastq.gz,Francisco Chavez,6.0,14223.0,MBARI,Rachel Carson,ship,251.868,MARS,1.0,,-0.0791,36.711,-122.196,26.5679,250.0,1.2635,marine biome  (ENVO:00000447),coastal water (ENVO:00001250),waterborne particulate matter (ENVO:01000436),2023-05-22 17:53:00,0.1266,USA:California:Monterey Bay,FK3,31.056,3,14223c01_06c_eDNA,253.894,GTACACACCGCCCGTC,TGATCCTTCTGCAGGTTCACCTAC,Cannon,c,34.1584,Poretics,0.22um,-80,environmental,14223c01_06c_eDNA_FK,AVITI 2x150 bp low output flow cell,MSU,,18S,8.3253,2023.0,5.0,22.0,CN23S MARS,250,AVITI,CN23S MARS 250
14223c01_10c_eDNA_FK,,FK,14223c01_10c_eDNA_L1_R1.fastq.gz,14223c01_10c_eDNA_L1_R2.fastq.gz,Francisco Chavez,10.0,14223.0,MBARI,Rachel Carson,ship,21.024,MARS,1.0,,1.7658,36.711,-122.196,25.1101,20.0,6.0492,marine biome  (ENVO:00000447),coastal water (ENVO:00001250),waterborne particulate matter (ENVO:01000436),2023-05-22 17:53:00,0.2989,USA:California:Monterey Bay,FK4,7.481,4,14223c01_10c_eDNA,21.181,GTACACACCGCCCGTC,TGATCCTTCTGCAGGTTCACCTAC,Cannon,c,33.2522,Poretics,0.22um,-80,environmental,14223c01_10c_eDNA_FK,AVITI 2x150 bp low output flow cell,MSU,,18S,12.6401,2023.0,5.0,22.0,CN23S MARS,20,AVITI,CN23S MARS 20
14223c01_04c_eDNA_FK,,FK,14223c01_04c_eDNA_L1_R1.fastq.gz,14223c01_04c_eDNA_L1_R2.fastq.gz,Francisco Chavez,4.0,14223.0,MBARI,Rachel Carson,ship,401.441,MARS,1.0,,-0.1082,36.711,-122.196,26.7393,400.0,0.8192,marine biome  (ENVO:00000447),coastal water (ENVO:00001250),waterborne particulate matter (ENVO:01000436),2023-05-22 17:53:00,0.1239,USA:California:Monterey Bay,FK5,39.831,5,14223c01_04c_eDNA,404.817,GTACACACCGCCCGTC,TGATCCTTCTGCAGGTTCACCTAC,Cannon,c,34.1991,Poretics,0.22um,-80,environmental,14223c01_04c_eDNA_FK,AVITI 2x150 bp low output flow cell,MSU,,18S,7.3874,2023.0,5.0,22.0,CN23S MARS,400,AVITI,CN23S MARS 400
14223c01_09c_eDNA_FK,,FK,14223c01_09c_eDNA_L1_R1.fastq.gz,14223c01_09c_eDNA_L1_R2.fastq.gz,Francisco Chavez,9.0,14223.0,MBARI,Rachel Carson,ship,61.34,MARS,1.0,,0.0674,36.711,-122.196,26.0385,60.0,3.4987,marine biome  (ENVO:00000447),coastal water (ENVO:00001250),waterborne particulate matter (ENVO:01000436),2023-05-22 17:53:00,0.1403,USA:California:Monterey Bay,FK6,25.001,6,14223c01_09c_eDNA,61.805,GTACACACCGCCCGTC,TGATCCTTCTGCAGGTTCACCTAC,Cannon,c,33.8392,Poretics,0.22um,-80,environmental,14223c01_09c_eDNA_FK,AVITI 2x150 bp low output flow cell,MSU,,18S,10.0487,2023.0,5.0,22.0,CN23S MARS,60,AVITI,CN23S MARS 60
14223c01_02c_eDNA_FK,,FK,14223c01_02c_eDNA_L1_R1.fastq.gz,14223c01_02c_eDNA_L1_R2.fastq.gz,Francisco Chavez,2.0,14223.0,MBARI,Rachel Carson,ship,601.895,MARS,1.0,,-0.1048,36.711,-122.196,26.9458,600.0,0.3844,marine biome  (ENVO:00000447),coastal water (ENVO:00001250),waterborne particulate matter (ENVO:01000436),2023-05-22 17:53:00,0.1242,USA:California:Monterey Bay,FK7,43.736,7,14223c01_02c_eDNA,607.252,GTACACACCGCCCGTC,TGATCCTTCTGCAGGTTCACCTAC,Cannon,c,34.2505,Poretics,0.22um,-80,environmental,14223c01_02c_eDNA_FK,AVITI 2x150 bp low output flow cell,MSU,,18S,6.1689,2023.0,5.0,22.0,CN23S MARS,600,AVITI,CN23S MARS 600
14223c01_01c_eDNA_FK,,FK,14223c01_01c_eDNA_L1_R1.fastq.gz,14223c01_01c_eDNA_L1_R2.fastq.gz,Francisco Chavez,1.0,14223.0,MBARI,Rachel Carson,ship,699.856,MARS,1.0,,-0.0637,36.711,-122.196,27.1194,700.0,0.2595,marine biome  (ENVO:00000447),coastal water (ENVO:00001250),waterborne particulate matter (ENVO:01000436),2023-05-22 17:53:00,0.128,USA:California:Monterey Bay,FK8,46.121,8,14223c01_01c_eDNA,706.253,GTACACACCGCCCGTC,TGATCCTTCTGCAGGTTCACCTAC,Cannon,c,34.3191,Poretics,0.22um,-80,environmental,14223c01_01c_eDNA_FK,AVITI 2x150 bp low output flow cell,MSU,,18S,5.1966,2023.0,5.0,22.0,CN23S MARS,700,AVITI,CN23S MARS 700
14223c01_03c_eDNA_FK,,FK,14223c01_03c_eDNA_L1_R1.fastq.gz,14223c01_03c_eDNA_L1_R2.fastq.gz,Francisco Chavez,3.0,14223.0,MBARI,Rachel Carson,ship,500.926,MARS,1.0,,-0.112,36.711,-122.196,26.8855,500.0,0.504,marine biome  (ENVO:00000447),coastal water (ENVO:00001250),waterborne particulate matter (ENVO:01000436),2023-05-22 17:53:00,0.1235,USA:California:Monterey Bay,FK9,35.907,9,14223c01_03c_eDNA,505.26,GTACACACCGCCCGTC,TGATCCTTCTGCAGGTTCACCTAC,Cannon,c,34.2243,Poretics,0.22um,-80,environmental,14223c01_03c_eDNA_FK,AVITI 2x150 bp low output flow cell,MSU,,18S,6.4669,2023.0,5.0,22.0,CN23S MARS,500,AVITI,CN23S MARS 500
14223c01_12c_eDNA_FK,,FK,14223c01_12c_eDNA_L1_R1.fastq.gz,14223c01_12c_eDNA_L1_R2.fastq.gz,Francisco Chavez,12.0,14223.0,MBARI,Rachel Carson,ship,3.112,MARS,1.0,,1.1456,36.711,-122.196,25.0996,0.0,6.0942,marine biome  (ENVO:00000447),coastal water (ENVO:00001250),waterborne particulate matter (ENVO:01000436),2023-05-22 17:53:00,0.241,USA:California:Monterey Bay,FK10,6.645,10,14223c01_12c_eDNA,3.135,GTACACACCGCCCGTC,TGATCCTTCTGCAGGTTCACCTAC,Cannon,c,33.2531,Poretics,0.22um,-80,environmental,14223c01_12c_eDNA_FK,AVITI 2x150 bp low output flow cell,MSU,,18S,12.6957,2023.0,5.0,22.0,CN23S MARS,0,AVITI,CN23S MARS 0
14223c01_08c_eDNA_FK,,FK,14223c01_08c_eDNA_L1_R1.fastq.gz,14223c01_08c_eDNA_L1_R2.fastq.gz,Francisco Chavez,8.0,14223.0,MBARI,Rachel Carson,ship,101.114,MARS,1.0,,-0.0212,36.711,-122.196,26.2686,100.0,2.4491,marine biome  (ENVO:00000447),coastal water (ENVO:00001250),waterborne particulate matter (ENVO:01000436),2023-05-22 17:53:00,0.132,USA:California:Monterey Bay,FK11,23.505,11,14223c01_08c_eDNA,101.89,GTACACACCGCCCGTC,TGATCCTTCTGCAGGTTCACCTAC,Cannon,c,33.9602,Poretics,0.22um,-80,environmental,14223c01_08c_eDNA_FK,AVITI 2x150 bp low output flow cell,MSU,,18S,9.2321,2023.0,5.0,22.0,CN23S MARS,100,AVITI,CN23S MARS 100
25424c01_12c_eDNA_FK,,FK,25424c01_12c_eDNA_L1_R1.fastq.gz,25424c01_12c_eDNA_L1_R2.fastq.gz,Francisco Chavez,12.0,25424.0,MBARI,Rachel Carson,ship,3.072,c1,1.0,,3.3251,36.7975,-121.8475,25.0484,0.0,5.8805,marine biome  (ENVO:00000447),coastal water (ENVO:00001250),waterborne particulate matter (ENVO:01000436),2024-09-10 14:48:00,0.4445,USA:California:Monterey Bay,FK12,,12,25424c01_12c_eDNA,3.094,GTACACACCGCCCGTC,TGATCCTTCTGCAGGTTCACCTAC,PTLO,c,33.8047,Poretics,0.22um,-80,environmental,25424c01_12c_eDNA_FK,AVITI 2x150 bp low output flow cell,MSU,,18S,15.01,2024.0,9.0,10.0,MBTS 25424,0,AVITI,MBTS 25424 0
25424c01_10c_eDNA_FK,,FK,25424c01_10c_eDNA_L1_R1.fastq.gz,25424c01_10c_eDNA_L1_R2.fastq.gz,Francisco Chavez,10.0,25424.0,MBARI,Rachel Carson,ship,10.238,c1,1.0,,0.7041,36.7975,-121.8475,25.6966,10.0,3.9941,marine biome  (ENVO:00000447),coastal water (ENVO:00001250),waterborne particulate matter (ENVO:01000436),2024-09-10 14:48:00,0.1997,USA:California:Monterey Bay,FK13,,13,25424c01_10c_eDNA,10.314,GTACACACCGCCCGTC,TGATCCTTCTGCAGGTTCACCTAC,PTLO,c,33.8077,Poretics,0.22um,-80,environmental,25424c01_10c_eDNA_FK,AVITI 2x150 bp low output flow cell,MSU,,18S,11.8235,2024.0,9.0,10.0,MBTS 25424,10,AVITI,MBTS 25424 10
25424c01_09c_eDNA_FK,,FK,25424c01_09c_eDNA_L1_R1.fastq.gz,25424c01_09c_eDNA_L1_R2.fastq.gz,Francisco Chavez,9.0,25424.0,MBARI,Rachel Carson,ship,20.421,c1,1.0,,0.4298,36.7975,-121.8475,25.8362,20.0,3.4435,marine biome  (ENVO:00000447),coastal water (ENVO:00001250),waterborne particulate matter (ENVO:01000436),2024-09-10 14:48:00,0.1741,USA:California:Monterey Bay,FK14,,14,25424c01_09c_eDNA,20.574,GTACACACCGCCCGTC,TGATCCTTCTGCAGGTTCACCTAC,PTLO,c,33.8352,Poretics,0.22um,-80,environmental,25424c01_09c_eDNA_FK,AVITI 2x150 bp low output flow cell,MSU,,18S,11.1818,2024.0,9.0,10.0,MBTS 25424,20,AVITI,MBTS 25424 20
25424c01_06c_eDNA_FK,,FK,25424c01_06c_eDNA_L1_R1.fastq.gz,25424c01_06c_eDNA_L1_R2.fastq.gz,Francisco Chavez,6.0,25424.0,MBARI,Rachel Carson,ship,59.967,c1,1.0,,0.0431,36.7975,-121.8475,26.0666,60.0,2.0678,marine biome  (ENVO:00000447),coastal water (ENVO:00001250),waterborne particulate matter (ENVO:01000436),2024-09-10 14:48:00,0.138,USA:California:Monterey Bay,FK15,,15,25424c01_06c_eDNA,60.422,GTACACACCGCCCGTC,TGATCCTTCTGCAGGTTCACCTAC,PTLO,c,33.918,Poretics,0.22um,-80,environmental,25424c01_06c_eDNA_FK,AVITI 2x150 bp low output flow cell,MSU,,18S,10.2451,2024.0,9.0,10.0,MBTS 25424,60,AVITI,MBTS 25424 60
25424c01_03c_eDNA_FK,,FK,25424c01_03c_eDNA_L1_R1.fastq.gz,25424c01_03c_eDNA_L1_R2.fastq.gz,Francisco Chavez,3.0,25424.0,MBARI,Rachel Carson,ship,149.061,c1,1.0,,0.0169,36.7975,-121.8475,26.3645,150.0,1.1609,marine biome  (ENVO:00000447),coastal water (ENVO:00001250),waterborne particulate matter (ENVO:01000436),2024-09-10 14:48:00,0.1356,USA:California:Monterey Bay,FK16,,16,25424c01_03c_eDNA,150.223,GTACACACCGCCCGTC,TGATCCTTCTGCAGGTTCACCTAC,PTLO,c,34.047,Poretics,0.22um,-80,environmental,25424c01_03c_eDNA_FK,AVITI 2x150 bp low output flow cell,MSU,,18S,9.062,2024.0,9.0,10.0,MBTS 25424,150,AVITI,MBTS 25424 150
25424c02_12c_eDNA_FK,,FK,25424c02_12c_eDNA_L1_R1.fastq.gz,25424c02_12c_eDNA_L1_R2.fastq.gz,Francisco Chavez,12.0,25424.0,MBARI,Rachel Carson,ship,3.087,Mooring1,2.0,,3.2152,36.7465,-122.0202,25.1026,0.0,5.9011,marine biome  (ENVO:00000447),coastal water (ENVO:00001250),waterborne particulate matter (ENVO:01000436),2024-09-10 16:26:00,0.4342,USA:California:Monterey Bay,FK17,,17,25424c02_12c_eDNA,3.11,GTACACACCGCCCGTC,TGATCCTTCTGCAGGTTCACCTAC,PTLO,c,33.7859,Poretics,0.22um,-80,environmental,25424c02_12c_eDNA_FK,AVITI 2x150 bp low output flow cell,MSU,,18S,14.6922,2024.0,9.0,10.0,MBTS 25424,0,AVITI,MBTS 25424 0
25424c02_10c_eDNA_FK,,FK,25424c02_10c_eDNA_L1_R1.fastq.gz,25424c02_10c_eDNA_L1_R2.fastq.gz,Francisco Chavez,10.0,25424.0,MBARI,Rachel Carson,ship,10.18,Mooring1,2.0,,4.1594,36.7465,-122.0202,25.22,10.0,5.6191,marine biome  (ENVO:00000447),coastal water (ENVO:00001250),waterborne particulate matter (ENVO:01000436),2024-09-10 16:26:00,0.5224,USA:California:Monterey Bay,FK18,,18,25424c02_10c_eDNA,10.255,GTACACACCGCCCGTC,TGATCCTTCTGCAGGTTCACCTAC,PTLO,c,33.7692,Poretics,0.22um,-80,environmental,25424c02_10c_eDNA_FK,AVITI 2x150 bp low output flow cell,MSU,,18S,14.0783,2024.0,9.0,10.0,MBTS 25424,10,AVITI,MBTS 25424 10
25424c02_09c_eDNA_FK,,FK,25424c02_09c_eDNA_L1_R1.fastq.gz,25424c02_09c_eDNA_L1_R2.fastq.gz,Francisco Chavez,9.0,25424.0,MBARI,Rachel Carson,ship,20.181,Mooring1,2.0,,1.6478,36.7465,-122.0202,25.6007,20.0,4.0424,marine biome  (ENVO:00000447),coastal water (ENVO:00001250),waterborne particulate matter (ENVO:01000436),2024-09-10 16:26:00,0.2879,USA:California:Monterey Bay,FK19,,19,25424c02_09c_eDNA,20.332,GTACACACCGCCCGTC,TGATCCTTCTGCAGGTTCACCTAC,PTLO,c,33.758,Poretics,0.22um,-80,environmental,25424c02_09c_eDNA_FK,AVITI 2x150 bp low output flow cell,MSU,,18S,12.1278,2024.0,9.0,10.0,MBTS 25424,20,AVITI,MBTS 25424 20
25424c02_06c_eDNA_FK,,FK,25424c02_06c_eDNA_L1_R1.fastq.gz,25424c02_06c_eDNA_L1_R2.fastq.gz,Francisco Chavez,6.0,25424.0,MBARI,Rachel Carson,ship,60.456,Mooring1,2.0,,-0.0074,36.7465,-122.0202,26.0483,60.0,2.187,marine biome  (ENVO:00000447),coastal water (ENVO:00001250),waterborne particulate matter (ENVO:01000436),2024-09-10 16:26:00,0.1333,USA:California:Monterey Bay,FK20,,20,25424c02_06c_eDNA,60.914,GTACACACCGCCCGTC,TGATCCTTCTGCAGGTTCACCTAC,PTLO,c,33.8969,Poretics,0.22um,-80,environmental,25424c02_06c_eDNA_FK,AVITI 2x150 bp low output flow cell,MSU,,18S,10.2553,2024.0,9.0,10.0,MBTS 25424,60,AVITI,MBTS 25424 60
25424c02_03c_eDNA_FK,,FK,25424c02_03c_eDNA_L1_R1.fastq.gz,25424c02_03c_eDNA_L1_R2.fastq.gz,Francisco Chavez,3.0,25424.0,MBARI,Rachel Carson,ship,150.486,Mooring1,2.0,,-0.0498,36.7465,-122.0202,26.2959,150.0,1.4903,marine biome  (ENVO:00000447),coastal water (ENVO:00001250),waterborne particulate matter (ENVO:01000436),2024-09-10 16:26:00,0.1293,USA:California:Monterey Bay,FK21,,21,25424c02_03c_eDNA,151.659,GTACACACCGCCCGTC,TGATCCTTCTGCAGGTTCACCTAC,PTLO,c,34.0379,Poretics,0.22um,-80,environmental,25424c02_03c_eDNA_FK,AVITI 2x150 bp low output flow cell,MSU,,18S,9.4442,2024.0,9.0,10.0,MBTS 25424,150,AVITI,MBTS 25424 150
25424c03_12c_eDNA_FK,,FK,25424c03_12c_eDNA_L1_R1.fastq.gz,25424c03_12c_eDNA_L1_R2.fastq.gz,Francisco Chavez,12.0,25424.0,MBARI,Rachel Carson,ship,2.626,Mooring2,3.0,,4.8098,36.695,-122.3813,25.1923,0.0,6.5254,marine biome  (ENVO:00000447),coastal water (ENVO:00001250),waterborne particulate matter (ENVO:01000436),2024-09-10 19:04:00,0.5831,USA:California:Monterey Bay,FK22,,22,25424c03_12c_eDNA,2.646,GTACACACCGCCCGTC,TGATCCTTCTGCAGGTTCACCTAC,PTLO,c,33.6627,Poretics,0.22um,-80,environmental,25424c03_12c_eDNA_FK,AVITI 2x150 bp low output flow cell,MSU,,18S,13.8142,2024.0,9.0,10.0,MBTS 25424,0,AVITI,MBTS 25424 0
25424c03_10c_eDNA_FK,,FK,25424c03_10c_eDNA_L1_R1.fastq.gz,25424c03_10c_eDNA_L1_R2.fastq.gz,Francisco Chavez,10.0,25424.0,MBARI,Rachel Carson,ship,10.316,Mooring2,3.0,,6.4959,36.695,-122.3813,25.4318,10.0,5.4528,marine biome  (ENVO:00000447),coastal water (ENVO:00001250),waterborne particulate matter (ENVO:01000436),2024-09-10 19:04:00,0.7405,USA:California:Monterey Bay,FK23,,23,25424c03_10c_eDNA,10.392,GTACACACCGCCCGTC,TGATCCTTCTGCAGGTTCACCTAC,PTLO,c,33.7459,Poretics,0.22um,-80,environmental,25424c03_10c_eDNA_FK,AVITI 2x150 bp low output flow cell,MSU,,18S,12.9488,2024.0,9.0,10.0,MBTS 25424,10,AVITI,MBTS 25424 10
25424c03_09c_eDNA_FK,,FK,25424c03_09c_eDNA_L1_R1.fastq.gz,25424c03_09c_eDNA_L1_R2.fastq.gz,Francisco Chavez,9.0,25424.0,MBARI,Rachel Carson,ship,20.289,Mooring2,3.0,,0.6123,36.695,-122.3813,25.56,20.0,4.4551,marine biome  (ENVO:00000447),coastal water (ENVO:00001250),waterborne particulate matter (ENVO:01000436),2024-09-10 19:04:00,0.1912,USA:California:Monterey Bay,FK24,,24,25424c03_09c_eDNA,20.441,GTACACACCGCCCGTC,TGATCCTTCTGCAGGTTCACCTAC,PTLO,c,33.6052,Poretics,0.22um,-80,environmental,25424c03_09c_eDNA_FK,AVITI 2x150 bp low output flow cell,MSU,,18S,11.7133,2024.0,9.0,10.0,MBTS 25424,20,AVITI,MBTS 25424 20
25424c03_06c_eDNA_FK,,FK,25424c03_06c_eDNA_L1_R1.fastq.gz,25424c03_06c_eDNA_L1_R2.fastq.gz,Francisco Chavez,6.0,25424.0,MBARI,Rachel Carson,ship,60.038,Mooring2,3.0,,-0.0354,36.695,-122.3813,26.0261,60.0,2.0215,marine biome  (ENVO:00000447),coastal water (ENVO:00001250),waterborne particulate matter (ENVO:01000436),2024-09-10 19:04:00,0.1307,USA:California:Monterey Bay,FK25,,25,25424c03_06c_eDNA,60.493,GTACACACCGCCCGTC,TGATCCTTCTGCAGGTTCACCTAC,PTLO,c,33.8599,Poretics,0.22um,-80,environmental,25424c03_06c_eDNA_FK,AVITI 2x150 bp low output flow cell,MSU,,18S,10.2163,2024.0,9.0,10.0,MBTS 25424,60,AVITI,MBTS 25424 60
25424c03_03c_eDNA_FK,,FK,25424c03_03c_eDNA_L1_R1.fastq.gz,25424c03_03c_eDNA_L1_R2.fastq.gz,Francisco Chavez,3.0,25424.0,MBARI,Rachel Carson,ship,149.85,Mooring2,3.0,,-0.0634,36.695,-122.3813,26.2385,150.0,1.5513,marine biome  (ENVO:00000447),coastal water (ENVO:00001250),waterborne particulate matter (ENVO:01000436),2024-09-10 19:04:00,0.1281,USA:California:Monterey Bay,FK26,,26,25424c03_03c_eDNA,151.017,GTACACACCGCCCGTC,TGATCCTTCTGCAGGTTCACCTAC,PTLO,c,34.0117,Poretics,0.22um,-80,environmental,25424c03_03c_eDNA_FK,AVITI 2x150 bp low output flow cell,MSU,,18S,9.6688,2024.0,9.0,10.0,MBTS 25424,150,AVITI,MBTS 25424 150
22624c01_12c_eDNA_FK,,FK,22624c01_12c_eDNA_L1_R1.fastq.gz,22624c01_12c_eDNA_L1_R2.fastq.gz,Francisco Chavez,12.0,22624.0,MBARI,RACHEL CARSON,ship,3.164,C1,1.0,,8.941,36.7973,-121.847,25.6757,0.0,5.5359,marine biome  (ENVO:00000447),coastal water (ENVO:00001250),waterborne particulate matter (ENVO:01000436),2024-08-13 15:53:00,0.9688,USA:California:Monterey Bay,FK27,,27,22624c01_12c_eDNA,3.187,GTACACACCGCCCGTC,TGATCCTTCTGCAGGTTCACCTAC,PTLO,c,33.8171,Poretics,0.22um,-80,environmental,22624c01_12c_eDNA_FK,AVITI 2x150 bp low output flow cell,MSU,,18S,11.9723,2024.0,8.0,13.0,MBTS 22624,0,AVITI,MBTS 22624 0
22624c01_10c_eDNA_FK,,FK,22624c01_10c_eDNA_L1_R1.fastq.gz,22624c01_10c_eDNA_L1_R2.fastq.gz,Francisco Chavez,10.0,22624.0,MBARI,RACHEL CARSON,ship,11.021,C1,1.0,,5.9354,36.7973,-121.847,25.7897,10.0,4.1396,marine biome  (ENVO:00000447),coastal water (ENVO:00001250),waterborne particulate matter (ENVO:01000436),2024-08-13 15:53:00,0.6882,USA:California:Monterey Bay,FK28,,28,22624c01_10c_eDNA,11.103,GTACACACCGCCCGTC,TGATCCTTCTGCAGGTTCACCTAC,PTLO,c,33.8282,Poretics,0.22um,-80,environmental,22624c01_10c_eDNA_FK,AVITI 2x150 bp low output flow cell,MSU,,18S,11.4065,2024.0,8.0,13.0,MBTS 22624,10,AVITI,MBTS 22624 10
22624c01_09c_eDNA_FK,,FK,22624c01_09c_eDNA_L1_R1.fastq.gz,22624c01_09c_eDNA_L1_R2.fastq.gz,Francisco Chavez,9.0,22624.0,MBARI,RACHEL CARSON,ship,20.8,C1,1.0,,0.1589,36.7973,-121.847,26.0656,20.0,2.1549,marine biome  (ENVO:00000447),coastal water (ENVO:00001250),waterborne particulate matter (ENVO:01000436),2024-08-13 15:53:00,0.1488,USA:California:Monterey Bay,FK29,,29,22624c01_09c_eDNA,20.955,GTACACACCGCCCGTC,TGATCCTTCTGCAGGTTCACCTAC,PTLO,c,33.8705,Poretics,0.22um,-80,environmental,22624c01_09c_eDNA_FK,AVITI 2x150 bp low output flow cell,MSU,,18S,10.0285,2024.0,8.0,13.0,MBTS 22624,20,AVITI,MBTS 22624 20
22624c01_06c_eDNA_FK,,FK,22624c01_06c_eDNA_L1_R1.fastq.gz,22624c01_06c_eDNA_L1_R2.fastq.gz,Francisco Chavez,6.0,22624.0,MBARI,RACHEL CARSON,ship,61.245,C1,1.0,,-0.0148,36.7973,-121.847,26.2464,60.0,1.5823,marine biome  (ENVO:00000447),coastal water (ENVO:00001250),waterborne particulate matter (ENVO:01000436),2024-08-13 15:53:00,0.1326,USA:California:Monterey Bay,FK30,,30,22624c01_06c_eDNA,61.709,GTACACACCGCCCGTC,TGATCCTTCTGCAGGTTCACCTAC,PTLO,c,33.9986,Poretics,0.22um,-80,environmental,22624c01_06c_eDNA_FK,AVITI 2x150 bp low output flow cell,MSU,,18S,9.5484,2024.0,8.0,13.0,MBTS 22624,60,AVITI,MBTS 22624 60
22624c01_03c_eDNA_FK,,FK,22624c01_03c_eDNA_L1_R1.fastq.gz,22624c01_03c_eDNA_L1_R2.fastq.gz,Francisco Chavez,3.0,22624.0,MBARI,RACHEL CARSON,ship,150.604,C1,1.0,,-0.037,36.7973,-121.847,26.437,150.0,1.3372,marine biome  (ENVO:00000447),coastal water (ENVO:00001250),waterborne particulate matter (ENVO:01000436),2024-08-13 15:53:00,0.1305,USA:California:Monterey Bay,FK31,,31,22624c01_03c_eDNA,151.779,GTACACACCGCCCGTC,TGATCCTTCTGCAGGTTCACCTAC,PTLO,c,34.0616,Poretics,0.22um,-80,environmental,22624c01_03c_eDNA_FK,AVITI 2x150 bp low output flow cell,MSU,,18S,8.674,2024.0,8.0,13.0,MBTS 22624,150,AVITI,MBTS 22624 150
22624c02_12c_eDNA_FK,,FK,22624c02_12c_eDNA_L1_R1.fastq.gz,22624c02_12c_eDNA_L1_R2.fastq.gz,Francisco Chavez,12.0,22624.0,MBARI,RACHEL CARSON,ship,2.958,MOORING1,2.0,,1.4298,36.7472,-122.0217,25.4541,0.0,5.5156,marine biome  (ENVO:00000447),coastal water (ENVO:00001250),waterborne particulate matter (ENVO:01000436),2024-08-13 17:36:00,0.2675,USA:California:Monterey Bay,FK32,,32,22624c02_12c_eDNA,2.979,GTACACACCGCCCGTC,TGATCCTTCTGCAGGTTCACCTAC,PTLO,c,33.7542,Poretics,0.22um,-80,environmental,22624c02_12c_eDNA_FK,AVITI 2x150 bp low output flow cell,MSU,,18S,12.8679,2024.0,8.0,13.0,MBTS 22624,0,AVITI,MBTS 22624 0
22624c02_10c_eDNA_FK,,FK,22624c02_10c_eDNA_L1_R1.fastq.gz,22624c02_10c_eDNA_L1_R2.fastq.gz,Francisco Chavez,10.0,22624.0,MBARI,RACHEL CARSON,ship,10.591,MOORING1,2.0,,5.1999,36.7472,-122.0217,25.5357,10.0,5.446,marine biome  (ENVO:00000447),coastal water (ENVO:00001250),waterborne particulate matter (ENVO:01000436),2024-08-13 17:36:00,0.6195,USA:California:Monterey Bay,FK33,,33,22624c02_10c_eDNA,10.67,GTACACACCGCCCGTC,TGATCCTTCTGCAGGTTCACCTAC,PTLO,c,33.7655,Poretics,0.22um,-80,environmental,22624c02_10c_eDNA_FK,AVITI 2x150 bp low output flow cell,MSU,,18S,12.4964,2024.0,8.0,13.0,MBTS 22624,10,AVITI,MBTS 22624 10
22624c02_09c_eDNA_FK,,FK,22624c02_09c_eDNA_L1_R1.fastq.gz,22624c02_09c_eDNA_L1_R2.fastq.gz,Francisco Chavez,9.0,22624.0,MBARI,RACHEL CARSON,ship,20.485,MOORING1,2.0,,7.9923,36.7472,-122.0217,25.6475,20.0,5.0903,marine biome  (ENVO:00000447),coastal water (ENVO:00001250),waterborne particulate matter (ENVO:01000436),2024-08-13 17:36:00,0.8802,USA:California:Monterey Bay,FK34,,34,22624c02_09c_eDNA,20.638,GTACACACCGCCCGTC,TGATCCTTCTGCAGGTTCACCTAC,PTLO,c,33.8058,Poretics,0.22um,-80,environmental,22624c02_09c_eDNA_FK,AVITI 2x150 bp low output flow cell,MSU,,18S,12.0772,2024.0,8.0,13.0,MBTS 22624,20,AVITI,MBTS 22624 20
22624c02_06c_eDNA_FK,,FK,22624c02_06c_eDNA_L1_R1.fastq.gz,22624c02_06c_eDNA_L1_R2.fastq.gz,Francisco Chavez,6.0,22624.0,MBARI,RACHEL CARSON,ship,60.306,MOORING1,2.0,,0.0775,36.7472,-122.0217,26.0722,60.0,2.2572,marine biome  (ENVO:00000447),coastal water (ENVO:00001250),waterborne particulate matter (ENVO:01000436),2024-08-13 17:36:00,0.1412,USA:California:Monterey Bay,FK35,,35,22624c02_06c_eDNA,60.763,GTACACACCGCCCGTC,TGATCCTTCTGCAGGTTCACCTAC,PTLO,c,33.8953,Poretics,0.22um,-80,environmental,22624c02_06c_eDNA_FK,AVITI 2x150 bp low output flow cell,MSU,,18S,10.1082,2024.0,8.0,13.0,MBTS 22624,60,AVITI,MBTS 22624 60
22624c02_03c_eDNA_FK,,FK,22624c02_03c_eDNA_L1_R1.fastq.gz,22624c02_03c_eDNA_L1_R2.fastq.gz,Francisco Chavez,3.0,22624.0,MBARI,RACHEL CARSON,ship,150.696,MOORING1,2.0,,-0.0698,36.7472,-122.0217,26.3675,150.0,1.588,marine biome  (ENVO:00000447),coastal water (ENVO:00001250),waterborne particulate matter (ENVO:01000436),2024-08-13 17:36:00,0.1275,USA:California:Monterey Bay,FK36,,36,22624c02_03c_eDNA,151.871,GTACACACCGCCCGTC,TGATCCTTCTGCAGGTTCACCTAC,PTLO,c,34.1,Poretics,0.22um,-80,environmental,22624c02_03c_eDNA_FK,AVITI 2x150 bp low output flow cell,MSU,,18S,9.3023,2024.0,8.0,13.0,MBTS 22624,150,AVITI,MBTS 22624 150
22624c03_12c_eDNA_FK,,FK,22624c03_12c_eDNA_L1_R1.fastq.gz,22624c03_12c_eDNA_L1_R2.fastq.gz,Francisco Chavez,12.0,22624.0,MBARI,RACHEL CARSON,ship,3.292,MOORING2,3.0,,1.125,36.6968,-122.3775,25.3035,0.0,5.7844,marine biome  (ENVO:00000447),coastal water (ENVO:00001250),waterborne particulate matter (ENVO:01000436),2024-08-13 20:07:00,0.239,USA:California:Monterey Bay,FK37,,37,22624c03_12c_eDNA,3.316,GTACACACCGCCCGTC,TGATCCTTCTGCAGGTTCACCTAC,PTLO,c,33.72,Poretics,0.22um,-80,environmental,22624c03_12c_eDNA_FK,AVITI 2x150 bp low output flow cell,MSU,,18S,13.4873,2024.0,8.0,13.0,MBTS 22624,0,AVITI,MBTS 22624 0
22624c03_10c_eDNA_FK,,FK,22624c03_10c_eDNA_L1_R1.fastq.gz,22624c03_10c_eDNA_L1_R2.fastq.gz,Francisco Chavez,10.0,22624.0,MBARI,RACHEL CARSON,ship,10.795,MOORING2,3.0,,4.4473,36.6968,-122.3775,25.4209,10.0,5.9201,marine biome  (ENVO:00000447),coastal water (ENVO:00001250),waterborne particulate matter (ENVO:01000436),2024-08-13 20:07:00,0.5493,USA:California:Monterey Bay,FK38,,38,22624c03_10c_eDNA,10.875,GTACACACCGCCCGTC,TGATCCTTCTGCAGGTTCACCTAC,PTLO,c,33.7393,Poretics,0.22um,-80,environmental,22624c03_10c_eDNA_FK,AVITI 2x150 bp low output flow cell,MSU,,18S,12.9779,2024.0,8.0,13.0,MBTS 22624,10,AVITI,MBTS 22624 10
22624c03_09c_eDNA_FK,,FK,22624c03_09c_eDNA_L1_R1.fastq.gz,22624c03_09c_eDNA_L1_R2.fastq.gz,Francisco Chavez,9.0,22624.0,MBARI,RACHEL CARSON,ship,20.375,MOORING2,3.0,,4.0849,36.6968,-122.3775,25.4515,20.0,5.5692,marine biome  (ENVO:00000447),coastal water (ENVO:00001250),waterborne particulate matter (ENVO:01000436),2024-08-13 20:07:00,0.5154,USA:California:Monterey Bay,FK39,,39,22624c03_09c_eDNA,20.527,GTACACACCGCCCGTC,TGATCCTTCTGCAGGTTCACCTAC,PTLO,c,33.7369,Poretics,0.22um,-80,environmental,22624c03_09c_eDNA_FK,AVITI 2x150 bp low output flow cell,MSU,,18S,12.8153,2024.0,8.0,13.0,MBTS 22624,20,AVITI,MBTS 22624 20
22624c03_06c_eDNA_FK,,FK,22624c03_06c_eDNA_L1_R1.fastq.gz,22624c03_06c_eDNA_L1_R2.fastq.gz,Francisco Chavez,6.0,22624.0,MBARI,RACHEL CARSON,ship,60.383,MOORING2,3.0,,0.0159,36.6968,-122.3775,26.0543,60.0,2.3923,marine biome  (ENVO:00000447),coastal water (ENVO:00001250),waterborne particulate matter (ENVO:01000436),2024-08-13 20:07:00,0.1355,USA:California:Monterey Bay,FK40,,40,22624c03_06c_eDNA,60.84,GTACACACCGCCCGTC,TGATCCTTCTGCAGGTTCACCTAC,PTLO,c,33.8559,Poretics,0.22um,-80,environmental,22624c03_06c_eDNA_FK,AVITI 2x150 bp low output flow cell,MSU,,18S,10.0319,2024.0,8.0,13.0,MBTS 22624,60,AVITI,MBTS 22624 60
22624c03_03c_eDNA_FK,,FK,22624c03_03c_eDNA_L1_R1.fastq.gz,22624c03_03c_eDNA_L1_R2.fastq.gz,Francisco Chavez,3.0,22624.0,MBARI,RACHEL CARSON,ship,150.793,MOORING2,3.0,,-0.0733,36.6968,-122.3775,26.411,150.0,1.5728,marine biome  (ENVO:00000447),coastal water (ENVO:00001250),waterborne particulate matter (ENVO:01000436),2024-08-13 20:07:00,0.1272,USA:California:Monterey Bay,FK41,,41,22624c03_03c_eDNA,151.969,GTACACACCGCCCGTC,TGATCCTTCTGCAGGTTCACCTAC,PTLO,c,34.1293,Poretics,0.22um,-80,environmental,22624c03_03c_eDNA_FK,AVITI 2x150 bp low output flow cell,MSU,,18S,9.1746,2024.0,8.0,13.0,MBTS 22624,150,AVITI,MBTS 22624 150
20524c02_12c_eDNA_FK,,FK,20524c02_12c_eDNA_L1_R1.fastq.gz,20524c02_12c_eDNA_L1_R2.fastq.gz,Francisco Chavez,12.0,20524.0,MBARI,RACHEL CARSON,ship,2.817,MOORING 1,2.0,,3.7425,36.7477,-122.0225,25.2873,0.0,6.8747,marine biome  (ENVO:00000447),coastal water (ENVO:00001250),waterborne particulate matter (ENVO:01000436),2024-07-23 17:30:00,0.4834,USA:California:Monterey Bay,FK42,,42,20524c02_12c_eDNA,2.838,GTACACACCGCCCGTC,TGATCCTTCTGCAGGTTCACCTAC,PTLO,c,33.6997,Poretics,0.22um,-80,environmental,20524c02_12c_eDNA_FK,AVITI 2x150 bp low output flow cell,MSU,,18S,13.4898,2024.0,7.0,23.0,MBTS 20524,0,AVITI,MBTS 20524 0
20524c02_10c_eDNA_FK,,FK,20524c02_10c_eDNA_L1_R1.fastq.gz,20524c02_10c_eDNA_L1_R2.fastq.gz,Francisco Chavez,10.0,20524.0,MBARI,RACHEL CARSON,ship,10.958,MOORING 1,2.0,,4.9072,36.7477,-122.0225,25.4425,10.0,5.3319,marine biome  (ENVO:00000447),coastal water (ENVO:00001250),waterborne particulate matter (ENVO:01000436),2024-07-23 17:30:00,0.5922,USA:California:Monterey Bay,FK43,,43,20524c02_10c_eDNA,11.04,GTACACACCGCCCGTC,TGATCCTTCTGCAGGTTCACCTAC,PTLO,c,33.6948,Poretics,0.22um,-80,environmental,20524c02_10c_eDNA_FK,AVITI 2x150 bp low output flow cell,MSU,,18S,12.6933,2024.0,7.0,23.0,MBTS 20524,10,AVITI,MBTS 20524 10
20524c02_09c_eDNA_FK,,FK,20524c02_09c_eDNA_L1_R1.fastq.gz,20524c02_09c_eDNA_L1_R2.fastq.gz,Francisco Chavez,9.0,20524.0,MBARI,RACHEL CARSON,ship,20.77,MOORING 1,2.0,,0.5323,36.7477,-122.0225,25.8104,20.0,3.7582,marine biome  (ENVO:00000447),coastal water (ENVO:00001250),waterborne particulate matter (ENVO:01000436),2024-07-23 17:30:00,0.1837,USA:California:Monterey Bay,FK44,,44,20524c02_09c_eDNA,20.925,GTACACACCGCCCGTC,TGATCCTTCTGCAGGTTCACCTAC,PTLO,c,33.7688,Poretics,0.22um,-80,environmental,20524c02_09c_eDNA_FK,AVITI 2x150 bp low output flow cell,MSU,,18S,11.0379,2024.0,7.0,23.0,MBTS 20524,20,AVITI,MBTS 20524 20
20524c02_06c_eDNA_FK,,FK,20524c02_06c_eDNA_L1_R1.fastq.gz,20524c02_06c_eDNA_L1_R2.fastq.gz,Francisco Chavez,6.0,20524.0,MBARI,RACHEL CARSON,ship,60.98,MOORING 1,2.0,,-0.0533,36.7477,-122.0225,26.1549,60.0,2.2115,marine biome  (ENVO:00000447),coastal water (ENVO:00001250),waterborne particulate matter (ENVO:01000436),2024-07-23 17:30:00,0.129,USA:California:Monterey Bay,FK45,,45,20524c02_06c_eDNA,61.442,GTACACACCGCCCGTC,TGATCCTTCTGCAGGTTCACCTAC,PTLO,c,33.8968,Poretics,0.22um,-80,environmental,20524c02_06c_eDNA_FK,AVITI 2x150 bp low output flow cell,MSU,,18S,9.6213,2024.0,7.0,23.0,MBTS 20524,60,AVITI,MBTS 20524 60
20524c02_03c_eDNA_FK,,FK,20524c02_03c_eDNA_L1_R1.fastq.gz,20524c02_03c_eDNA_L1_R2.fastq.gz,Francisco Chavez,3.0,20524.0,MBARI,RACHEL CARSON,ship,151.117,MOORING 1,2.0,,-0.0525,36.7477,-122.0225,26.3877,150.0,1.5514,marine biome  (ENVO:00000447),coastal water (ENVO:00001250),waterborne particulate matter (ENVO:01000436),2024-07-23 17:30:00,0.1291,USA:California:Monterey Bay,FK46,,46,20524c02_03c_eDNA,152.295,GTACACACCGCCCGTC,TGATCCTTCTGCAGGTTCACCTAC,PTLO,c,34.057,Poretics,0.22um,-80,environmental,20524c02_03c_eDNA_FK,AVITI 2x150 bp low output flow cell,MSU,,18S,8.9659,2024.0,7.0,23.0,MBTS 20524,150,AVITI,MBTS 20524 150
20524c01_12c_eDNA_FK,,FK,20524c01_12c_eDNA_L1_R1.fastq.gz,20524c01_12c_eDNA_L1_R2.fastq.gz,Francisco Chavez,12.0,20524.0,MBARI,RACHEL CARSON,ship,2.94,C1,1.0,,2.8909,36.7985,-121.847,25.228,0.0,5.5433,marine biome  (ENVO:00000447),coastal water (ENVO:00001250),waterborne particulate matter (ENVO:01000436),2024-07-23 15:56:00,0.4039,USA:California:Monterey Bay,FK47,,47,20524c01_12c_eDNA,2.961,GTACACACCGCCCGTC,TGATCCTTCTGCAGGTTCACCTAC,PTLO,c,33.7075,Poretics,0.22um,-80,environmental,20524c01_12c_eDNA_FK,AVITI 2x150 bp low output flow cell,MSU,,18S,13.8092,2024.0,7.0,23.0,MBTS 20524,0,AVITI,MBTS 20524 0
20524c01_10c_eDNA_FK,,FK,20524c01_10c_eDNA_L1_R1.fastq.gz,20524c01_10c_eDNA_L1_R2.fastq.gz,Francisco Chavez,10.0,20524.0,MBARI,RACHEL CARSON,ship,10.743,C1,1.0,,2.4874,36.7985,-121.847,25.4306,10.0,4.9831,marine biome  (ENVO:00000447),coastal water (ENVO:00001250),waterborne particulate matter (ENVO:01000436),2024-07-23 15:56:00,0.3663,USA:California:Monterey Bay,FK48,,48,20524c01_10c_eDNA,10.823,GTACACACCGCCCGTC,TGATCCTTCTGCAGGTTCACCTAC,PTLO,c,33.7481,Poretics,0.22um,-80,environmental,20524c01_10c_eDNA_FK,AVITI 2x150 bp low output flow cell,MSU,,18S,12.9636,2024.0,7.0,23.0,MBTS 20524,10,AVITI,MBTS 20524 10
20524c01_09c_eDNA_FK,,FK,20524c01_09c_eDNA_L1_R1.fastq.gz,20524c01_09c_eDNA_L1_R2.fastq.gz,Francisco Chavez,9.0,20524.0,MBARI,RACHEL CARSON,ship,21.056,C1,1.0,,0.5195,36.7985,-121.847,25.908,20.0,3.6565,marine biome  (ENVO:00000447),coastal water (ENVO:00001250),waterborne particulate matter (ENVO:01000436),2024-07-23 15:56:00,0.1825,USA:California:Monterey Bay,FK49,,49,20524c01_09c_eDNA,21.214,GTACACACCGCCCGTC,TGATCCTTCTGCAGGTTCACCTAC,PTLO,c,33.8585,Poretics,0.22um,-80,environmental,20524c01_09c_eDNA_FK,AVITI 2x150 bp low output flow cell,MSU,,18S,10.8825,2024.0,7.0,23.0,MBTS 20524,20,AVITI,MBTS 20524 20
20524c01_06c_eDNA_FK,,FK,20524c01_06c_eDNA_L1_R1.fastq.gz,20524c01_06c_eDNA_L1_R2.fastq.gz,Francisco Chavez,6.0,20524.0,MBARI,RACHEL CARSON,ship,60.315,C1,1.0,,0.0885,36.7985,-121.847,26.1061,60.0,2.5892,marine biome  (ENVO:00000447),coastal water (ENVO:00001250),waterborne particulate matter (ENVO:01000436),2024-07-23 15:56:00,0.1423,USA:California:Monterey Bay,FK50,,50,20524c01_06c_eDNA,60.772,GTACACACCGCCCGTC,TGATCCTTCTGCAGGTTCACCTAC,PTLO,c,33.9089,Poretics,0.22um,-80,environmental,20524c01_06c_eDNA_FK,AVITI 2x150 bp low output flow cell,MSU,,18S,9.971,2024.0,7.0,23.0,MBTS 20524,60,AVITI,MBTS 20524 60
20524c01_03c_eDNA_FK,,FK,20524c01_03c_eDNA_L1_R1.fastq.gz,20524c01_03c_eDNA_L1_R2.fastq.gz,Francisco Chavez,3.0,20524.0,MBARI,RACHEL CARSON,ship,150.809,C1,1.0,,0.0375,36.7985,-121.847,26.3209,150.0,1.9228,marine biome  (ENVO:00000447),coastal water (ENVO:00001250),waterborne particulate matter (ENVO:01000436),2024-07-23 15:56:00,0.1375,USA:California:Monterey Bay,FK51,,51,20524c01_03c_eDNA,151.985,GTACACACCGCCCGTC,TGATCCTTCTGCAGGTTCACCTAC,PTLO,c,34.0013,Poretics,0.22um,-80,environmental,20524c01_03c_eDNA_FK,AVITI 2x150 bp low output flow cell,MSU,,18S,9.1118,2024.0,7.0,23.0,MBTS 20524,150,AVITI,MBTS 20524 150
20524c03_12c_eDNA_FK,,FK,20524c03_12c_eDNA_L1_R1.fastq.gz,20524c03_12c_eDNA_L1_R2.fastq.gz,Francisco Chavez,12.0,20524.0,MBARI,RACHEL CARSON,ship,2.759,MOORING 2,3.0,,10.9805,36.6982,-122.378,25.0906,0.0,9.0136,marine biome  (ENVO:00000447),coastal water (ENVO:00001250),waterborne particulate matter (ENVO:01000436),2024-07-23 20:06:00,1.1592,USA:California:Monterey Bay,FK52,,52,20524c03_12c_eDNA,2.779,GTACACACCGCCCGTC,TGATCCTTCTGCAGGTTCACCTAC,PTLO,c,33.7366,Poretics,0.22um,-80,environmental,20524c03_12c_eDNA_FK,AVITI 2x150 bp low output flow cell,MSU,,18S,14.571,2024.0,7.0,23.0,MBTS 20524,0,AVITI,MBTS 20524 0
20524c03_10c_eDNA_FK,,FK,20524c03_10c_eDNA_L1_R1.fastq.gz,20524c03_10c_eDNA_L1_R2.fastq.gz,Francisco Chavez,10.0,20524.0,MBARI,RACHEL CARSON,ship,10.778,MOORING 2,3.0,,3.3014,36.6982,-122.378,25.3853,10.0,5.9974,marine biome  (ENVO:00000447),coastal water (ENVO:00001250),waterborne particulate matter (ENVO:01000436),2024-07-23 20:06:00,0.4423,USA:California:Monterey Bay,FK53,,53,20524c03_10c_eDNA,10.859,GTACACACCGCCCGTC,TGATCCTTCTGCAGGTTCACCTAC,PTLO,c,33.7419,Poretics,0.22um,-80,environmental,20524c03_10c_eDNA_FK,AVITI 2x150 bp low output flow cell,MSU,,18S,13.167,2024.0,7.0,23.0,MBTS 20524,10,AVITI,MBTS 20524 10
20524c03_09c_eDNA_FK,,FK,20524c03_09c_eDNA_L1_R1.fastq.gz,20524c03_09c_eDNA_L1_R2.fastq.gz,Francisco Chavez,9.0,20524.0,MBARI,RACHEL CARSON,ship,21.702,MOORING 2,3.0,,1.5942,36.6982,-122.378,25.5046,20.0,5.0864,marine biome  (ENVO:00000447),coastal water (ENVO:00001250),waterborne particulate matter (ENVO:01000436),2024-07-23 20:06:00,0.2828,USA:California:Monterey Bay,FK54,,54,20524c03_09c_eDNA,21.864,GTACACACCGCCCGTC,TGATCCTTCTGCAGGTTCACCTAC,PTLO,c,33.7287,Poretics,0.22um,-80,environmental,20524c03_09c_eDNA_FK,AVITI 2x150 bp low output flow cell,MSU,,18S,12.5109,2024.0,7.0,23.0,MBTS 20524,20,AVITI,MBTS 20524 20
20524c03_06c_eDNA_FK,,FK,20524c03_06c_eDNA_L1_R1.fastq.gz,20524c03_06c_eDNA_L1_R2.fastq.gz,Francisco Chavez,6.0,20524.0,MBARI,RACHEL CARSON,ship,60.883,MOORING 2,3.0,,-0.002,36.6982,-122.378,26.02,60.0,2.6047,marine biome  (ENVO:00000447),coastal water (ENVO:00001250),waterborne particulate matter (ENVO:01000436),2024-07-23 20:06:00,0.1338,USA:California:Monterey Bay,FK55,,55,20524c03_06c_eDNA,61.345,GTACACACCGCCCGTC,TGATCCTTCTGCAGGTTCACCTAC,PTLO,c,33.813,Poretics,0.22um,-80,environmental,20524c03_06c_eDNA_FK,AVITI 2x150 bp low output flow cell,MSU,,18S,10.0372,2024.0,7.0,23.0,MBTS 20524,60,AVITI,MBTS 20524 60
20524c03_03c_eDNA_FK,,FK,20524c03_03c_eDNA_L1_R1.fastq.gz,20524c03_03c_eDNA_L1_R2.fastq.gz,Francisco Chavez,3.0,20524.0,MBARI,RACHEL CARSON,ship,150.594,MOORING 2,3.0,,-0.0631,36.6982,-122.378,26.3322,150.0,1.635,marine biome  (ENVO:00000447),coastal water (ENVO:00001250),waterborne particulate matter (ENVO:01000436),2024-07-23 20:06:00,0.1281,USA:California:Monterey Bay,FK56,,56,20524c03_03c_eDNA,151.768,GTACACACCGCCCGTC,TGATCCTTCTGCAGGTTCACCTAC,PTLO,c,34.0385,Poretics,0.22um,-80,environmental,20524c03_03c_eDNA_FK,AVITI 2x150 bp low output flow cell,MSU,,18S,9.2232,2024.0,7.0,23.0,MBTS 20524,150,AVITI,MBTS 20524 150
17024c03_03c_eDNA_FK,,FK,17024c03_03c_eDNA_L1_R1.fastq.gz,17024c03_03c_eDNA_L1_R2.fastq.gz,Francisco Chavez,3.0,17024.0,MBARI,RACHEL CARSON,ship,151.154,MOORING 2,3.0,,-0.0711,36.6942,-122.3785,26.4364,150.0,2.0085,marine biome  (ENVO:00000447),coastal water (ENVO:00001250),waterborne particulate matter (ENVO:01000436),2024-06-18 19:25:00,0.1274,USA:California:Monterey Bay,FK57,,57,17024c03_03c_eDNA,152.332,GTACACACCGCCCGTC,TGATCCTTCTGCAGGTTCACCTAC,PTLO,c,34.0072,Poretics,0.22um,-80,environmental,17024c03_03c_eDNA_FK,AVITI 2x150 bp low output flow cell,MSU,,18S,8.4001,2024.0,6.0,18.0,MBTS 17024,150,AVITI,MBTS 17024 150
17024c03_06c_eDNA_FK,,FK,17024c03_06c_eDNA_L1_R1.fastq.gz,17024c03_06c_eDNA_L1_R2.fastq.gz,Francisco Chavez,6.0,17024.0,MBARI,RACHEL CARSON,ship,61.079,MOORING 2,3.0,,-0.0199,36.6942,-122.3785,26.0472,60.0,2.6978,marine biome  (ENVO:00000447),coastal water (ENVO:00001250),waterborne particulate matter (ENVO:01000436),2024-06-18 19:25:00,0.1321,USA:California:Monterey Bay,FK58,,58,17024c03_06c_eDNA,61.542,GTACACACCGCCCGTC,TGATCCTTCTGCAGGTTCACCTAC,PTLO,c,33.7522,Poretics,0.22um,-80,environmental,17024c03_06c_eDNA_FK,AVITI 2x150 bp low output flow cell,MSU,,18S,9.5887,2024.0,6.0,18.0,MBTS 17024,60,AVITI,MBTS 17024 60
17024c03_09c_eDNA_FK,,FK,17024c03_09c_eDNA_L1_R1.fastq.gz,17024c03_09c_eDNA_L1_R2.fastq.gz,Francisco Chavez,9.0,17024.0,MBARI,RACHEL CARSON,ship,22.058,MOORING 2,3.0,,4.1052,36.6942,-122.3785,25.6959,20.0,5.3583,marine biome  (ENVO:00000447),coastal water (ENVO:00001250),waterborne particulate matter (ENVO:01000436),2024-06-18 19:25:00,0.5173,USA:California:Monterey Bay,FK59,,59,17024c03_09c_eDNA,22.223,GTACACACCGCCCGTC,TGATCCTTCTGCAGGTTCACCTAC,PTLO,c,33.7405,Poretics,0.22um,-80,environmental,17024c03_09c_eDNA_FK,AVITI 2x150 bp low output flow cell,MSU,,18S,11.5474,2024.0,6.0,18.0,MBTS 17024,20,AVITI,MBTS 17024 20
17024c03_10c_eDNA_FK,,FK,17024c03_10c_eDNA_L1_R1.fastq.gz,17024c03_10c_eDNA_L1_R2.fastq.gz,Francisco Chavez,10.0,17024.0,MBARI,RACHEL CARSON,ship,12.107,MOORING 2,3.0,,4.3958,36.6942,-122.3785,25.6825,10.0,5.476,marine biome  (ENVO:00000447),coastal water (ENVO:00001250),waterborne particulate matter (ENVO:01000436),2024-06-18 19:25:00,0.5444,USA:California:Monterey Bay,FK60,,60,17024c03_10c_eDNA,12.197,GTACACACCGCCCGTC,TGATCCTTCTGCAGGTTCACCTAC,PTLO,c,33.7404,Poretics,0.22um,-80,environmental,17024c03_10c_eDNA_FK,AVITI 2x150 bp low output flow cell,MSU,,18S,11.6184,2024.0,6.0,18.0,MBTS 17024,10,AVITI,MBTS 17024 10
17024c03_12c_eDNA_FK,,FK,17024c03_12c_eDNA_L1_R1.fastq.gz,17024c03_12c_eDNA_L1_R2.fastq.gz,Francisco Chavez,12.0,17024.0,MBARI,RACHEL CARSON,ship,3.253,MOORING 2,3.0,,1.5232,36.6942,-122.3785,25.6768,0.0,5.529,marine biome  (ENVO:00000447),coastal water (ENVO:00001250),waterborne particulate matter (ENVO:01000436),2024-06-18 19:25:00,0.2762,USA:California:Monterey Bay,FK61,,61,17024c03_12c_eDNA,3.277,GTACACACCGCCCGTC,TGATCCTTCTGCAGGTTCACCTAC,PTLO,c,33.7401,Poretics,0.22um,-80,environmental,17024c03_12c_eDNA_FK,AVITI 2x150 bp low output flow cell,MSU,,18S,11.6465,2024.0,6.0,18.0,MBTS 17024,0,AVITI,MBTS 17024 0
17024c02_03c_eDNA_FK,,FK,17024c02_03c_eDNA_L1_R1.fastq.gz,17024c02_03c_eDNA_L1_R2.fastq.gz,Francisco Chavez,3.0,17024.0,MBARI,RACHEL CARSON,ship,151.895,MOORING 1,2.0,,-0.0586,36.746,-122.0202,26.5569,150.0,1.3839,marine biome  (ENVO:00000447),coastal water (ENVO:00001250),waterborne particulate matter (ENVO:01000436),2024-06-18 16:32:00,0.1285,USA:California:Monterey Bay,FK62,,62,17024c02_03c_eDNA,153.079,GTACACACCGCCCGTC,TGATCCTTCTGCAGGTTCACCTAC,PTLO,c,34.1188,Poretics,0.22um,-80,environmental,17024c02_03c_eDNA_FK,AVITI 2x150 bp low output flow cell,MSU,,18S,8.1818,2024.0,6.0,18.0,MBTS 17024,150,AVITI,MBTS 17024 150
17024c02_06c_eDNA_FK,,FK,17024c02_06c_eDNA_L1_R1.fastq.gz,17024c02_06c_eDNA_L1_R2.fastq.gz,Francisco Chavez,6.0,17024.0,MBARI,RACHEL CARSON,ship,60.941,MOORING 1,2.0,,0.0506,36.746,-122.0202,26.2623,60.0,2.1372,marine biome  (ENVO:00000447),coastal water (ENVO:00001250),waterborne particulate matter (ENVO:01000436),2024-06-18 16:32:00,0.1387,USA:California:Monterey Bay,FK63,,63,17024c02_06c_eDNA,61.403,GTACACACCGCCCGTC,TGATCCTTCTGCAGGTTCACCTAC,PTLO,c,33.9574,Poretics,0.22um,-80,environmental,17024c02_06c_eDNA_FK,AVITI 2x150 bp low output flow cell,MSU,,18S,9.253,2024.0,6.0,18.0,MBTS 17024,60,AVITI,MBTS 17024 60
17024c02_09c_eDNA_FK,,FK,17024c02_09c_eDNA_L1_R1.fastq.gz,17024c02_09c_eDNA_L1_R2.fastq.gz,Francisco Chavez,9.0,17024.0,MBARI,RACHEL CARSON,ship,20.614,MOORING 1,2.0,,0.9414,36.746,-122.0202,26.0365,20.0,3.612,marine biome  (ENVO:00000447),coastal water (ENVO:00001250),waterborne particulate matter (ENVO:01000436),2024-06-18 16:32:00,0.2219,USA:California:Monterey Bay,FK64,,64,17024c02_09c_eDNA,20.767,GTACACACCGCCCGTC,TGATCCTTCTGCAGGTTCACCTAC,PTLO,c,33.8423,Poretics,0.22um,-80,environmental,17024c02_09c_eDNA_FK,AVITI 2x150 bp low output flow cell,MSU,,18S,10.07,2024.0,6.0,18.0,MBTS 17024,20,AVITI,MBTS 17024 20
17024c02_10c_eDNA_FK,,FK,17024c02_10c_eDNA_L1_R1.fastq.gz,17024c02_10c_eDNA_L1_R2.fastq.gz,Francisco Chavez,10.0,17024.0,MBARI,RACHEL CARSON,ship,10.885,MOORING 1,2.0,,0.8851,36.746,-122.0202,26.0181,10.0,3.7566,marine biome  (ENVO:00000447),coastal water (ENVO:00001250),waterborne particulate matter (ENVO:01000436),2024-06-18 16:32:00,0.2166,USA:California:Monterey Bay,FK65,,65,17024c02_10c_eDNA,10.966,GTACACACCGCCCGTC,TGATCCTTCTGCAGGTTCACCTAC,PTLO,c,33.8387,Poretics,0.22um,-80,environmental,17024c02_10c_eDNA_FK,AVITI 2x150 bp low output flow cell,MSU,,18S,10.1609,2024.0,6.0,18.0,MBTS 17024,10,AVITI,MBTS 17024 10
17024c02_12c_eDNA_FK,,FK,17024c02_12c_eDNA_L1_R1.fastq.gz,17024c02_12c_eDNA_L1_R2.fastq.gz,Francisco Chavez,12.0,17024.0,MBARI,RACHEL CARSON,ship,3.006,MOORING 1,2.0,,0.3006,36.746,-122.0202,25.7693,0.0,4.6399,marine biome  (ENVO:00000447),coastal water (ENVO:00001250),waterborne particulate matter (ENVO:01000436),2024-06-18 16:32:00,0.1621,USA:California:Monterey Bay,FK66,,66,17024c02_12c_eDNA,3.029,GTACACACCGCCCGTC,TGATCCTTCTGCAGGTTCACCTAC,PTLO,c,33.7954,Poretics,0.22um,-80,environmental,17024c02_12c_eDNA_FK,AVITI 2x150 bp low output flow cell,MSU,,18S,11.3775,2024.0,6.0,18.0,MBTS 17024,0,AVITI,MBTS 17024 0
17024c01_03c_eDNA_FK,,FK,17024c01_03c_eDNA_L1_R1.fastq.gz,17024c01_03c_eDNA_L1_R2.fastq.gz,Francisco Chavez,3.0,17024.0,MBARI,RACHEL CARSON,ship,150.653,C1,1.0,,0.0127,36.7982,-121.8468,26.5255,150.0,1.4072,marine biome  (ENVO:00000447),coastal water (ENVO:00001250),waterborne particulate matter (ENVO:01000436),2024-06-18 14:54:00,0.1352,USA:California:Monterey Bay,FK67,32.027,67,17024c01_03c_eDNA,151.829,GTACACACCGCCCGTC,TGATCCTTCTGCAGGTTCACCTAC,PTLO,c,34.0735,Poretics,0.22um,-80,environmental,17024c01_03c_eDNA_FK,AVITI 2x150 bp low output flow cell,MSU,,18S,8.1545,2024.0,6.0,18.0,MBTS 17024,150,AVITI,MBTS 17024 150
17024c01_06c_eDNA_FK,,FK,17024c01_06c_eDNA_L1_R1.fastq.gz,17024c01_06c_eDNA_L1_R2.fastq.gz,Francisco Chavez,6.0,17024.0,MBARI,RACHEL CARSON,ship,59.956,C1,1.0,,0.0823,36.7982,-121.8468,26.3147,60.0,1.8801,marine biome  (ENVO:00000447),coastal water (ENVO:00001250),waterborne particulate matter (ENVO:01000436),2024-06-18 14:54:00,0.1417,USA:California:Monterey Bay,FK68,28.146,68,17024c01_06c_eDNA,60.41,GTACACACCGCCCGTC,TGATCCTTCTGCAGGTTCACCTAC,PTLO,c,33.9718,Poretics,0.22um,-80,environmental,17024c01_06c_eDNA_FK,AVITI 2x150 bp low output flow cell,MSU,,18S,8.9956,2024.0,6.0,18.0,MBTS 17024,60,AVITI,MBTS 17024 60
17024c01_09c_eDNA_FK,,FK,17024c01_09c_eDNA_L1_R1.fastq.gz,17024c01_09c_eDNA_L1_R2.fastq.gz,Francisco Chavez,9.0,17024.0,MBARI,RACHEL CARSON,ship,21.251,C1,1.0,,0.4341,36.7982,-121.8468,26.0151,20.0,3.2835,marine biome  (ENVO:00000447),coastal water (ENVO:00001250),waterborne particulate matter (ENVO:01000436),2024-06-18 14:54:00,0.1745,USA:California:Monterey Bay,FK69,23.958,69,17024c01_09c_eDNA,21.41,GTACACACCGCCCGTC,TGATCCTTCTGCAGGTTCACCTAC,PTLO,c,33.8335,Poretics,0.22um,-80,environmental,17024c01_09c_eDNA_FK,AVITI 2x150 bp low output flow cell,MSU,,18S,10.1561,2024.0,6.0,18.0,MBTS 17024,20,AVITI,MBTS 17024 20
17024c01_10c_eDNA_FK,,FK,17024c01_10c_eDNA_L1_R1.fastq.gz,17024c01_10c_eDNA_L1_R2.fastq.gz,Francisco Chavez,10.0,17024.0,MBARI,RACHEL CARSON,ship,10.605,C1,1.0,,0.6625,36.7982,-121.8468,25.8107,10.0,4.1077,marine biome  (ENVO:00000447),coastal water (ENVO:00001250),waterborne particulate matter (ENVO:01000436),2024-06-18 14:54:00,0.1959,USA:California:Monterey Bay,FK70,22.198,70,17024c01_10c_eDNA,10.684,GTACACACCGCCCGTC,TGATCCTTCTGCAGGTTCACCTAC,PTLO,c,33.7882,Poretics,0.22um,-80,environmental,17024c01_10c_eDNA_FK,AVITI 2x150 bp low output flow cell,MSU,,18S,11.1195,2024.0,6.0,18.0,MBTS 17024,10,AVITI,MBTS 17024 10
17024c01_12c_eDNA_FK,,FK,17024c01_12c_eDNA_L1_R1.fastq.gz,17024c01_12c_eDNA_L1_R2.fastq.gz,Francisco Chavez,12.0,17024.0,MBARI,RACHEL CARSON,ship,2.744,C1,1.0,,0.8344,36.7982,-121.8468,25.3231,0.0,6.3169,marine biome  (ENVO:00000447),coastal water (ENVO:00001250),waterborne particulate matter (ENVO:01000436),2024-06-18 14:54:00,0.2119,USA:California:Monterey Bay,FK71,4.796,71,17024c01_12c_eDNA,2.764,GTACACACCGCCCGTC,TGATCCTTCTGCAGGTTCACCTAC,PTLO,c,33.7722,Poretics,0.22um,-80,environmental,17024c01_12c_eDNA_FK,AVITI 2x150 bp low output flow cell,MSU,,18S,13.5893,2024.0,6.0,18.0,MBTS 17024,0,AVITI,MBTS 17024 0
CN24F150mMV2_SC42_FK,MV2,FK,CN24F150mMV2_SC42_L1_R1.fastq.gz,CN24F150mMV2_SC42_L1_R2.fastq.gz,Francisco Chavez,,,MBARI,,ESP,,,,42.0,,,,,150.0,,marine biome  (ENVO:00000447),coastal water (ENVO:00001250),waterborne particulate matter (ENVO:01000436),,,USA:California:Monterey Bay,FK72,,72,CN24F150mMV2_SC42,,GTACACACCGCCCGTC,TGATCCTTCTGCAGGTTCACCTAC,,,,Poretics,0.22um,-80,environmental,CN24F150mMV2_SC42_FK,AVITI 2x150 bp low output flow cell,MSU,,18S,,,,,CN24F 150m exp,150,AVITI,CN24F 150m exp 150
CN24F150mMV2_SC43_FK,MV2,FK,CN24F150mMV2_SC43_L1_R1.fastq.gz,CN24F150mMV2_SC43_L1_R2.fastq.gz,Francisco Chavez,,,MBARI,,ESP,,,,43.0,,,,,150.0,,marine biome  (ENVO:00000447),coastal water (ENVO:00001250),waterborne particulate matter (ENVO:01000436),,,USA:California:Monterey Bay,FK73,,73,CN24F150mMV2_SC43,,GTACACACCGCCCGTC,TGATCCTTCTGCAGGTTCACCTAC,,,,Poretics,0.22um,-80,environmental,CN24F150mMV2_SC43_FK,AVITI 2x150 bp low output flow cell,MSU,,18S,,,,,CN24F 150m exp,150,AVITI,CN24F 150m exp 150
CN24F150mMV2_SC44_FK,MV2,FK,CN24F150mMV2_SC44_L1_R1.fastq.gz,CN24F150mMV2_SC44_L1_R2.fastq.gz,Francisco Chavez,,,MBARI,,ESP,,,,44.0,,,,,150.0,,marine biome  (ENVO:00000447),coastal water (ENVO:00001250),waterborne particulate matter (ENVO:01000436),,,USA:California:Monterey Bay,FK74,,74,CN24F150mMV2_SC44,,GTACACACCGCCCGTC,TGATCCTTCTGCAGGTTCACCTAC,,,,Poretics,0.22um,-80,environmental,CN24F150mMV2_SC44_FK,AVITI 2x150 bp low output flow cell,MSU,,18S,,,,,CN24F 150m exp,150,AVITI,CN24F 150m exp 150
CN24F150mMV2_SC45_FK,MV2,FK,CN24F150mMV2_SC45_L1_R1.fastq.gz,CN24F150mMV2_SC45_L1_R2.fastq.gz,Francisco Chavez,,,MBARI,,ESP,,,,45.0,,,,,150.0,,marine biome  (ENVO:00000447),coastal water (ENVO:00001250),waterborne particulate matter (ENVO:01000436),,,USA:California:Monterey Bay,FK75,,75,CN24F150mMV2_SC45,,GTACACACCGCCCGTC,TGATCCTTCTGCAGGTTCACCTAC,,,,Poretics,0.22um,-80,environmental,CN24F150mMV2_SC45_FK,AVITI 2x150 bp low output flow cell,MSU,,18S,,,,,CN24F 150m exp,150,AVITI,CN24F 150m exp 150
CN24F150mMV2_SC46_FK,MV2,FK,CN24F150mMV2_SC46_L1_R1.fastq.gz,CN24F150mMV2_SC46_L1_R2.fastq.gz,Francisco Chavez,,,MBARI,,ESP,,,,46.0,,,,,150.0,,marine biome  (ENVO:00000447),coastal water (ENVO:00001250),waterborne particulate matter (ENVO:01000436),,,USA:California:Monterey Bay,FK76,,76,CN24F150mMV2_SC46,,GTACACACCGCCCGTC,TGATCCTTCTGCAGGTTCACCTAC,,,,Poretics,0.22um,-80,environmental,CN24F150mMV2_SC46_FK,AVITI 2x150 bp low output flow cell,MSU,,18S,,,,,CN24F 150m exp,150,AVITI,CN24F 150m exp 150
CN24F150mMV2_SC47_FK,MV2,FK,CN24F150mMV2_SC47_L1_R1.fastq.gz,CN24F150mMV2_SC47_L1_R2.fastq.gz,Francisco Chavez,,,MBARI,,ESP,,,,47.0,,,,,150.0,,marine biome  (ENVO:00000447),coastal water (ENVO:00001250),waterborne particulate matter (ENVO:01000436),,,USA:California:Monterey Bay,FK77,,77,CN24F150mMV2_SC47,,GTACACACCGCCCGTC,TGATCCTTCTGCAGGTTCACCTAC,,,,Poretics,0.22um,-80,environmental,CN24F150mMV2_SC47_FK,AVITI 2x150 bp low output flow cell,MSU,,18S,,,,,CN24F 150m exp,150,AVITI,CN24F 150m exp 150
CN24F150mMV2_SC48_FK,MV2,FK,CN24F150mMV2_SC48_L1_R1.fastq.gz,CN24F150mMV2_SC48_L1_R2.fastq.gz,Francisco Chavez,,,MBARI,,ESP,,,,48.0,,,,,150.0,,marine biome  (ENVO:00000447),coastal water (ENVO:00001250),waterborne particulate matter (ENVO:01000436),,,USA:California:Monterey Bay,FK78,,78,CN24F150mMV2_SC48,,GTACACACCGCCCGTC,TGATCCTTCTGCAGGTTCACCTAC,,,,Poretics,0.22um,-80,environmental,CN24F150mMV2_SC48_FK,AVITI 2x150 bp low output flow cell,MSU,,18S,,,,,CN24F 150m exp,150,AVITI,CN24F 150m exp 150
CN24F150mMV2_SC49_FK,MV2,FK,CN24F150mMV2_SC49_L1_R1.fastq.gz,CN24F150mMV2_SC49_L1_R2.fastq.gz,Francisco Chavez,,,MBARI,,ESP,,,,49.0,,,,,150.0,,marine biome  (ENVO:00000447),coastal water (ENVO:00001250),waterborne particulate matter (ENVO:01000436),,,USA:California:Monterey Bay,FK79,,79,CN24F150mMV2_SC49,,GTACACACCGCCCGTC,TGATCCTTCTGCAGGTTCACCTAC,,,,Poretics,0.22um,-80,environmental,CN24F150mMV2_SC49_FK,AVITI 2x150 bp low output flow cell,MSU,,18S,,,,,CN24F 150m exp,150,AVITI,CN24F 150m exp 150
CN24F150mMV2_SC50_FK,MV2,FK,CN24F150mMV2_SC50_L1_R1.fastq.gz,CN24F150mMV2_SC50_L1_R2.fastq.gz,Francisco Chavez,,,MBARI,,ESP,,,,50.0,,,,,150.0,,marine biome  (ENVO:00000447),coastal water (ENVO:00001250),waterborne particulate matter (ENVO:01000436),,,USA:California:Monterey Bay,FK80,,80,CN24F150mMV2_SC50,,GTACACACCGCCCGTC,TGATCCTTCTGCAGGTTCACCTAC,,,,Poretics,0.22um,-80,environmental,CN24F150mMV2_SC50_FK,AVITI 2x150 bp low output flow cell,MSU,,18S,,,,,CN24F 150m exp,150,AVITI,CN24F 150m exp 150
CN24F150mMV2_SC51_FK,MV2,FK,CN24F150mMV2_SC51_L1_R1.fastq.gz,CN24F150mMV2_SC51_L1_R2.fastq.gz,Francisco Chavez,,,MBARI,,ESP,,,,51.0,,,,,150.0,,marine biome  (ENVO:00000447),coastal water (ENVO:00001250),waterborne particulate matter (ENVO:01000436),,,USA:California:Monterey Bay,FK81,,81,CN24F150mMV2_SC51,,GTACACACCGCCCGTC,TGATCCTTCTGCAGGTTCACCTAC,,,,Poretics,0.22um,-80,environmental,CN24F150mMV2_SC51_FK,AVITI 2x150 bp low output flow cell,MSU,,18S,,,,,CN24F 150m exp,150,AVITI,CN24F 150m exp 150
CN24F150mMV2_SC52_FK,MV2,FK,CN24F150mMV2_SC52_L1_R1.fastq.gz,CN24F150mMV2_SC52_L1_R2.fastq.gz,Francisco Chavez,,,MBARI,,ESP,,,,52.0,,,,,150.0,,marine biome  (ENVO:00000447),coastal water (ENVO:00001250),waterborne particulate matter (ENVO:01000436),,,USA:California:Monterey Bay,FK82,,82,CN24F150mMV2_SC52,,GTACACACCGCCCGTC,TGATCCTTCTGCAGGTTCACCTAC,,,,Poretics,0.22um,-80,environmental,CN24F150mMV2_SC52_FK,AVITI 2x150 bp low output flow cell,MSU,,18S,,,,,CN24F 150m exp,150,AVITI,CN24F 150m exp 150
CN24F150mMV2_SC53_FK,MV2,FK,CN24F150mMV2_SC53_L1_R1.fastq.gz,CN24F150mMV2_SC53_L1_R2.fastq.gz,Francisco Chavez,,,MBARI,,ESP,,,,53.0,,,,,150.0,,marine biome  (ENVO:00000447),coastal water (ENVO:00001250),waterborne particulate matter (ENVO:01000436),,,USA:California:Monterey Bay,FK83,,83,CN24F150mMV2_SC53,,GTACACACCGCCCGTC,TGATCCTTCTGCAGGTTCACCTAC,,,,Poretics,0.22um,-80,environmental,CN24F150mMV2_SC53_FK,AVITI 2x150 bp low output flow cell,MSU,,18S,,,,,CN24F 150m exp,150,AVITI,CN24F 150m exp 150
CN24F150mMV2_SC54_FK,MV2,FK,CN24F150mMV2_SC54_L1_R1.fastq.gz,CN24F150mMV2_SC54_L1_R2.fastq.gz,Francisco Chavez,,,MBARI,,ESP,,,,54.0,,,,,150.0,,marine biome  (ENVO:00000447),coastal water (ENVO:00001250),waterborne particulate matter (ENVO:01000436),,,USA:California:Monterey Bay,FK84,,84,CN24F150mMV2_SC54,,GTACACACCGCCCGTC,TGATCCTTCTGCAGGTTCACCTAC,,,,Poretics,0.22um,-80,environmental,CN24F150mMV2_SC54_FK,AVITI 2x150 bp low output flow cell,MSU,,18S,,,,,CN24F 150m exp,150,AVITI,CN24F 150m exp 150
CN24F150mMV2_SC55_FK,MV2,FK,CN24F150mMV2_SC55_L1_R1.fastq.gz,CN24F150mMV2_SC55_L1_R2.fastq.gz,Francisco Chavez,,,MBARI,,ESP,,,,55.0,,,,,150.0,,marine biome  (ENVO:00000447),coastal water (ENVO:00001250),waterborne particulate matter (ENVO:01000436),,,USA:California:Monterey Bay,FK85,,85,CN24F150mMV2_SC55,,GTACACACCGCCCGTC,TGATCCTTCTGCAGGTTCACCTAC,,,,Poretics,0.22um,-80,environmental,CN24F150mMV2_SC55_FK,AVITI 2x150 bp low output flow cell,MSU,,18S,,,,,CN24F 150m exp,150,AVITI,CN24F 150m exp 150
CN24F150mMV2_SC56_FK,MV2,FK,CN24F150mMV2_SC56_L1_R1.fastq.gz,CN24F150mMV2_SC56_L1_R2.fastq.gz,Francisco Chavez,,,MBARI,,ESP,,,,56.0,,,,,150.0,,marine biome  (ENVO:00000447),coastal water (ENVO:00001250),waterborne particulate matter (ENVO:01000436),,,USA:California:Monterey Bay,FK86,,86,CN24F150mMV2_SC56,,GTACACACCGCCCGTC,TGATCCTTCTGCAGGTTCACCTAC,,,,Poretics,0.22um,-80,environmental,CN24F150mMV2_SC56_FK,AVITI 2x150 bp low output flow cell,MSU,,18S,,,,,CN24F 150m exp,150,AVITI,CN24F 150m exp 150
CN24F150mMV2_SC57_FK,MV2,FK,CN24F150mMV2_SC57_L1_R1.fastq.gz,CN24F150mMV2_SC57_L1_R2.fastq.gz,Francisco Chavez,,,MBARI,,ESP,,,,57.0,,,,,150.0,,marine biome  (ENVO:00000447),coastal water (ENVO:00001250),waterborne particulate matter (ENVO:01000436),,,USA:California:Monterey Bay,FK87,,87,CN24F150mMV2_SC57,,GTACACACCGCCCGTC,TGATCCTTCTGCAGGTTCACCTAC,,,,Poretics,0.22um,-80,environmental,CN24F150mMV2_SC57_FK,AVITI 2x150 bp low output flow cell,MSU,,18S,,,,,CN24F 150m exp,150,AVITI,CN24F 150m exp 150
CN24F150mMV2_SC58_FK,MV2,FK,CN24F150mMV2_SC58_L1_R1.fastq.gz,CN24F150mMV2_SC58_L1_R2.fastq.gz,Francisco Chavez,,,MBARI,,ESP,,,,58.0,,,,,150.0,,marine biome  (ENVO:00000447),coastal water (ENVO:00001250),waterborne particulate matter (ENVO:01000436),,,USA:California:Monterey Bay,FK88,,88,CN24F150mMV2_SC58,,GTACACACCGCCCGTC,TGATCCTTCTGCAGGTTCACCTAC,,,,Poretics,0.22um,-80,environmental,CN24F150mMV2_SC58_FK,AVITI 2x150 bp low output flow cell,MSU,,18S,,,,,CN24F 150m exp,150,AVITI,CN24F 150m exp 150
CN24F150mMV2_SC59_FK,MV2,FK,CN24F150mMV2_SC59_L1_R1.fastq.gz,CN24F150mMV2_SC59_L1_R2.fastq.gz,Francisco Chavez,,,MBARI,,ESP,,,,59.0,,,,,150.0,,marine biome  (ENVO:00000447),coastal water (ENVO:00001250),waterborne particulate matter (ENVO:01000436),,,USA:California:Monterey Bay,FK89,,89,CN24F150mMV2_SC59,,GTACACACCGCCCGTC,TGATCCTTCTGCAGGTTCACCTAC,,,,Poretics,0.22um,-80,environmental,CN24F150mMV2_SC59_FK,AVITI 2x150 bp low output flow cell,MSU,,18S,,,,,CN24F 150m exp,150,AVITI,CN24F 150m exp 150
