"","sample_name","ESP","PlateID","R1","R2","SAMPLING_PI","SAMPLING_bottle","SAMPLING_cruise","SAMPLING_institute","SAMPLING_platform","SAMPLING_platform_type","SAMPLING_rdepth","SAMPLING_station","SAMPLING_station_number","SC","chlorophyll","decimalLatitude","decimalLongitude","density","depth","diss_oxygen","env_broad_scale","env_local_scale","env_medium","eventDate","fluor","geo_loc_name","library","nitrate","order","original_name","pressure","primer_sequence_forward","primer_sequence_reverse","project_name","replicate","salinity","samp_filter_ext_type","samp_filter_size_ext","samp_store_temp","sample_type","seqID","seq_meth","sequencing_facility","tag_sequence","target_gene","temp","year","month","day","sample_source","depth_round","sequencer","source_depth","depth_bin"
"1","14223c01_07c_eDNA_FD",NA,"FD","14223c01_07c_eDNA_S2_L001_R1_001.fastq.gz","14223c01_07c_eDNA_S2_L001_R2_001.fastq.gz","Francisco Chavez"," 7","14223","MBARI","Rachel Carson","ship","202.055","MARS"," 1",NA,"-0.0468","36.7110","-122.1960","26.5257","200","1.3929","marine biome  (ENVO:00000447)","coastal water (ENVO:00001250)","waterborne particulate matter (ENVO:01000436)","2023-05-22 17:53:00","0.1296","USA:California:Monterey Bay","FD2","27.967"," 2","14223c01_07c_eDNA","203.656","GTACACACCGCCCGTC","TGATCCTTCTGCAGGTTCACCTAC","Cannon","c","34.1371","Poretics","0.22um","-80","environmental","14223c01_07c_eDNA_FD","NGS Illumina Miseq","MSU","AGAACCTCGC","18"," 8.4879","2023"," 5","22","CN23S MARS","200","MiSeq","CN23S MARS 200","200-700"
"2","14223c01_10c_eDNA_FD",NA,"FD","14223c01_10c_eDNA_S4_L001_R1_001.fastq.gz","14223c01_10c_eDNA_S4_L001_R2_001.fastq.gz","Francisco Chavez","10","14223","MBARI","Rachel Carson","ship"," 21.024","MARS"," 1",NA," 1.7658","36.7110","-122.1960","25.1101"," 20","6.0492","marine biome  (ENVO:00000447)","coastal water (ENVO:00001250)","waterborne particulate matter (ENVO:01000436)","2023-05-22 17:53:00","0.2989","USA:California:Monterey Bay","FD4"," 7.481"," 4","14223c01_10c_eDNA"," 21.181","GTACACACCGCCCGTC","TGATCCTTCTGCAGGTTCACCTAC","Cannon","c","33.2522","Poretics","0.22um","-80","environmental","14223c01_10c_eDNA_FD","NGS Illumina Miseq","MSU","AGAGAGACCG","18","12.6401","2023"," 5","22","CN23S MARS"," 20","MiSeq","CN23S MARS 20","0-20"
"3","14223c01_09c_eDNA_FD",NA,"FD","14223c01_09c_eDNA_S6_L001_R1_001.fastq.gz","14223c01_09c_eDNA_S6_L001_R2_001.fastq.gz","Francisco Chavez"," 9","14223","MBARI","Rachel Carson","ship"," 61.340","MARS"," 1",NA," 0.0674","36.7110","-122.1960","26.0385"," 60","3.4987","marine biome  (ENVO:00000447)","coastal water (ENVO:00001250)","waterborne particulate matter (ENVO:01000436)","2023-05-22 17:53:00","0.1403","USA:California:Monterey Bay","FD6","25.001"," 6","14223c01_09c_eDNA"," 61.805","GTACACACCGCCCGTC","TGATCCTTCTGCAGGTTCACCTAC","Cannon","c","33.8392","Poretics","0.22um","-80","environmental","14223c01_09c_eDNA_FD","NGS Illumina Miseq","MSU","GAGAAGCCGT","18","10.0487","2023"," 5","22","CN23S MARS"," 60","MiSeq","CN23S MARS 60","60"
"4","14223c01_12c_eDNA_FD",NA,"FD","14223c01_12c_eDNA_S10_L001_R1_001.fastq.gz","14223c01_12c_eDNA_S10_L001_R2_001.fastq.gz","Francisco Chavez","12","14223","MBARI","Rachel Carson","ship","  3.112","MARS"," 1",NA," 1.1456","36.7110","-122.1960","25.0996","  0","6.0942","marine biome  (ENVO:00000447)","coastal water (ENVO:00001250)","waterborne particulate matter (ENVO:01000436)","2023-05-22 17:53:00","0.2410","USA:California:Monterey Bay","FD10"," 6.645","10","14223c01_12c_eDNA","  3.135","GTACACACCGCCCGTC","TGATCCTTCTGCAGGTTCACCTAC","Cannon","c","33.2531","Poretics","0.22um","-80","environmental","14223c01_12c_eDNA_FD","NGS Illumina Miseq","MSU","CCTACGGACA","18","12.6957","2023"," 5","22","CN23S MARS","  0","MiSeq","CN23S MARS 0","0-20"
"5","14223c01_08c_eDNA_FD",NA,"FD","14223c01_08c_eDNA_S11_L001_R1_001.fastq.gz","14223c01_08c_eDNA_S11_L001_R2_001.fastq.gz","Francisco Chavez"," 8","14223","MBARI","Rachel Carson","ship","101.114","MARS"," 1",NA,"-0.0212","36.7110","-122.1960","26.2686","100","2.4491","marine biome  (ENVO:00000447)","coastal water (ENVO:00001250)","waterborne particulate matter (ENVO:01000436)","2023-05-22 17:53:00","0.1320","USA:California:Monterey Bay","FD11","23.505","11","14223c01_08c_eDNA","101.890","GTACACACCGCCCGTC","TGATCCTTCTGCAGGTTCACCTAC","Cannon","c","33.9602","Poretics","0.22um","-80","environmental","14223c01_08c_eDNA_FD","NGS Illumina Miseq","MSU","CGGACGTTAA","18"," 9.2321","2023"," 5","22","CN23S MARS","100","MiSeq","CN23S MARS 100","100"
"6","25424c01_12c_eDNA_FD",NA,"FD","25424c01_12c_eDNA_S12_L001_R1_001.fastq.gz","25424c01_12c_eDNA_S12_L001_R2_001.fastq.gz","Francisco Chavez","12","25424","MBARI","Rachel Carson","ship","  3.072","c1"," 1",NA," 3.3251","36.7975","-121.8475","25.0484","  0","5.8805","marine biome  (ENVO:00000447)","coastal water (ENVO:00001250)","waterborne particulate matter (ENVO:01000436)","2024-09-10 14:48:00","0.4445","USA:California:Monterey Bay","FD12",NA,"12","25424c01_12c_eDNA","  3.094","GTACACACCGCCCGTC","TGATCCTTCTGCAGGTTCACCTAC","PTLO","c","33.8047","Poretics","0.22um","-80","environmental","25424c01_12c_eDNA_FD","NGS Illumina Miseq","MSU","CATTGCTGTT","18","15.0100","2024"," 9","10","MBTS 25424","  0","MiSeq","MBTS 25424 0","0-20"
"7","25424c01_10c_eDNA_FD",NA,"FD","25424c01_10c_eDNA_S13_L001_R1_001.fastq.gz","25424c01_10c_eDNA_S13_L001_R2_001.fastq.gz","Francisco Chavez","10","25424","MBARI","Rachel Carson","ship"," 10.238","c1"," 1",NA," 0.7041","36.7975","-121.8475","25.6966"," 10","3.9941","marine biome  (ENVO:00000447)","coastal water (ENVO:00001250)","waterborne particulate matter (ENVO:01000436)","2024-09-10 14:48:00","0.1997","USA:California:Monterey Bay","FD13",NA,"13","25424c01_10c_eDNA"," 10.314","GTACACACCGCCCGTC","TGATCCTTCTGCAGGTTCACCTAC","PTLO","c","33.8077","Poretics","0.22um","-80","environmental","25424c01_10c_eDNA_FD","NGS Illumina Miseq","MSU","AGATGCGACG","18","11.8235","2024"," 9","10","MBTS 25424"," 10","MiSeq","MBTS 25424 10","0-20"
"8","25424c01_09c_eDNA_FD",NA,"FD","25424c01_09c_eDNA_S14_L001_R1_001.fastq.gz","25424c01_09c_eDNA_S14_L001_R2_001.fastq.gz","Francisco Chavez"," 9","25424","MBARI","Rachel Carson","ship"," 20.421","c1"," 1",NA," 0.4298","36.7975","-121.8475","25.8362"," 20","3.4435","marine biome  (ENVO:00000447)","coastal water (ENVO:00001250)","waterborne particulate matter (ENVO:01000436)","2024-09-10 14:48:00","0.1741","USA:California:Monterey Bay","FD14",NA,"14","25424c01_09c_eDNA"," 20.574","GTACACACCGCCCGTC","TGATCCTTCTGCAGGTTCACCTAC","PTLO","c","33.8352","Poretics","0.22um","-80","environmental","25424c01_09c_eDNA_FD","NGS Illumina Miseq","MSU","ATACATCGCA","18","11.1818","2024"," 9","10","MBTS 25424"," 20","MiSeq","MBTS 25424 20","0-20"
"9","25424c01_06c_eDNA_FD",NA,"FD","25424c01_06c_eDNA_S15_L001_R1_001.fastq.gz","25424c01_06c_eDNA_S15_L001_R2_001.fastq.gz","Francisco Chavez"," 6","25424","MBARI","Rachel Carson","ship"," 59.967","c1"," 1",NA," 0.0431","36.7975","-121.8475","26.0666"," 60","2.0678","marine biome  (ENVO:00000447)","coastal water (ENVO:00001250)","waterborne particulate matter (ENVO:01000436)","2024-09-10 14:48:00","0.1380","USA:California:Monterey Bay","FD15",NA,"15","25424c01_06c_eDNA"," 60.422","GTACACACCGCCCGTC","TGATCCTTCTGCAGGTTCACCTAC","PTLO","c","33.9180","Poretics","0.22um","-80","environmental","25424c01_06c_eDNA_FD","NGS Illumina Miseq","MSU","TAGCGCAATA","18","10.2451","2024"," 9","10","MBTS 25424"," 60","MiSeq","MBTS 25424 60","60"
"10","25424c01_03c_eDNA_FD",NA,"FD","25424c01_03c_eDNA_S16_L001_R1_001.fastq.gz","25424c01_03c_eDNA_S16_L001_R2_001.fastq.gz","Francisco Chavez"," 3","25424","MBARI","Rachel Carson","ship","149.061","c1"," 1",NA," 0.0169","36.7975","-121.8475","26.3645","150","1.1609","marine biome  (ENVO:00000447)","coastal water (ENVO:00001250)","waterborne particulate matter (ENVO:01000436)","2024-09-10 14:48:00","0.1356","USA:California:Monterey Bay","FD16",NA,"16","25424c01_03c_eDNA","150.223","GTACACACCGCCCGTC","TGATCCTTCTGCAGGTTCACCTAC","PTLO","c","34.0470","Poretics","0.22um","-80","environmental","25424c01_03c_eDNA_FD","NGS Illumina Miseq","MSU","TAACGCAGTC","18"," 9.0620","2024"," 9","10","MBTS 25424","150","MiSeq","MBTS 25424 150","150"
"11","25424c02_12c_eDNA_FD",NA,"FD","25424c02_12c_eDNA_S17_L001_R1_001.fastq.gz","25424c02_12c_eDNA_S17_L001_R2_001.fastq.gz","Francisco Chavez","12","25424","MBARI","Rachel Carson","ship","  3.087","Mooring1"," 2",NA," 3.2152","36.7465","-122.0202","25.1026","  0","5.9011","marine biome  (ENVO:00000447)","coastal water (ENVO:00001250)","waterborne particulate matter (ENVO:01000436)","2024-09-10 16:26:00","0.4342","USA:California:Monterey Bay","FD17",NA,"17","25424c02_12c_eDNA","  3.110","GTACACACCGCCCGTC","TGATCCTTCTGCAGGTTCACCTAC","PTLO","c","33.7859","Poretics","0.22um","-80","environmental","25424c02_12c_eDNA_FD","NGS Illumina Miseq","MSU","ACCTAAGAGC","18","14.6922","2024"," 9","10","MBTS 25424","  0","MiSeq","MBTS 25424 0","0-20"
"12","25424c02_10c_eDNA_FD",NA,"FD","25424c02_10c_eDNA_S18_L001_R1_001.fastq.gz","25424c02_10c_eDNA_S18_L001_R2_001.fastq.gz","Francisco Chavez","10","25424","MBARI","Rachel Carson","ship"," 10.180","Mooring1"," 2",NA," 4.1594","36.7465","-122.0202","25.2200"," 10","5.6191","marine biome  (ENVO:00000447)","coastal water (ENVO:00001250)","waterborne particulate matter (ENVO:01000436)","2024-09-10 16:26:00","0.5224","USA:California:Monterey Bay","FD18",NA,"18","25424c02_10c_eDNA"," 10.255","GTACACACCGCCCGTC","TGATCCTTCTGCAGGTTCACCTAC","PTLO","c","33.7692","Poretics","0.22um","-80","environmental","25424c02_10c_eDNA_FD","NGS Illumina Miseq","MSU","AGGCATAATG","18","14.0783","2024"," 9","10","MBTS 25424"," 10","MiSeq","MBTS 25424 10","0-20"
"13","25424c02_09c_eDNA_FD",NA,"FD","25424c02_09c_eDNA_S19_L001_R1_001.fastq.gz","25424c02_09c_eDNA_S19_L001_R2_001.fastq.gz","Francisco Chavez"," 9","25424","MBARI","Rachel Carson","ship"," 20.181","Mooring1"," 2",NA," 1.6478","36.7465","-122.0202","25.6007"," 20","4.0424","marine biome  (ENVO:00000447)","coastal water (ENVO:00001250)","waterborne particulate matter (ENVO:01000436)","2024-09-10 16:26:00","0.2879","USA:California:Monterey Bay","FD19",NA,"19","25424c02_09c_eDNA"," 20.332","GTACACACCGCCCGTC","TGATCCTTCTGCAGGTTCACCTAC","PTLO","c","33.7580","Poretics","0.22um","-80","environmental","25424c02_09c_eDNA_FD","NGS Illumina Miseq","MSU","GATCGGTAAT","18","12.1278","2024"," 9","10","MBTS 25424"," 20","MiSeq","MBTS 25424 20","0-20"
"14","25424c02_06c_eDNA_FD",NA,"FD","25424c02_06c_eDNA_S20_L001_R1_001.fastq.gz","25424c02_06c_eDNA_S20_L001_R2_001.fastq.gz","Francisco Chavez"," 6","25424","MBARI","Rachel Carson","ship"," 60.456","Mooring1"," 2",NA,"-0.0074","36.7465","-122.0202","26.0483"," 60","2.1870","marine biome  (ENVO:00000447)","coastal water (ENVO:00001250)","waterborne particulate matter (ENVO:01000436)","2024-09-10 16:26:00","0.1333","USA:California:Monterey Bay","FD20",NA,"20","25424c02_06c_eDNA"," 60.914","GTACACACCGCCCGTC","TGATCCTTCTGCAGGTTCACCTAC","PTLO","c","33.8969","Poretics","0.22um","-80","environmental","25424c02_06c_eDNA_FD","NGS Illumina Miseq","MSU","GCAACACGGA","18","10.2553","2024"," 9","10","MBTS 25424"," 60","MiSeq","MBTS 25424 60","60"
"15","25424c03_12c_eDNA_FD",NA,"FD","25424c03_12c_eDNA_S22_L001_R1_001.fastq.gz","25424c03_12c_eDNA_S22_L001_R2_001.fastq.gz","Francisco Chavez","12","25424","MBARI","Rachel Carson","ship","  2.626","Mooring2"," 3",NA," 4.8098","36.6950","-122.3813","25.1923","  0","6.5254","marine biome  (ENVO:00000447)","coastal water (ENVO:00001250)","waterborne particulate matter (ENVO:01000436)","2024-09-10 19:04:00","0.5831","USA:California:Monterey Bay","FD22",NA,"22","25424c03_12c_eDNA","  2.646","GTACACACCGCCCGTC","TGATCCTTCTGCAGGTTCACCTAC","PTLO","c","33.6627","Poretics","0.22um","-80","environmental","25424c03_12c_eDNA_FD","NGS Illumina Miseq","MSU","TGCTGAACGC","18","13.8142","2024"," 9","10","MBTS 25424","  0","MiSeq","MBTS 25424 0","0-20"
"16","25424c03_10c_eDNA_FD",NA,"FD","25424c03_10c_eDNA_S23_L001_R1_001.fastq.gz","25424c03_10c_eDNA_S23_L001_R2_001.fastq.gz","Francisco Chavez","10","25424","MBARI","Rachel Carson","ship"," 10.316","Mooring2"," 3",NA," 6.4959","36.6950","-122.3813","25.4318"," 10","5.4528","marine biome  (ENVO:00000447)","coastal water (ENVO:00001250)","waterborne particulate matter (ENVO:01000436)","2024-09-10 19:04:00","0.7405","USA:California:Monterey Bay","FD23",NA,"23","25424c03_10c_eDNA"," 10.392","GTACACACCGCCCGTC","TGATCCTTCTGCAGGTTCACCTAC","PTLO","c","33.7459","Poretics","0.22um","-80","environmental","25424c03_10c_eDNA_FD","NGS Illumina Miseq","MSU","TTAGACCACA","18","12.9488","2024"," 9","10","MBTS 25424"," 10","MiSeq","MBTS 25424 10","0-20"
"17","25424c03_09c_eDNA_FD",NA,"FD","25424c03_09c_eDNA_S24_L001_R1_001.fastq.gz","25424c03_09c_eDNA_S24_L001_R2_001.fastq.gz","Francisco Chavez"," 9","25424","MBARI","Rachel Carson","ship"," 20.289","Mooring2"," 3",NA," 0.6123","36.6950","-122.3813","25.5600"," 20","4.4551","marine biome  (ENVO:00000447)","coastal water (ENVO:00001250)","waterborne particulate matter (ENVO:01000436)","2024-09-10 19:04:00","0.1912","USA:California:Monterey Bay","FD24",NA,"24","25424c03_09c_eDNA"," 20.441","GTACACACCGCCCGTC","TGATCCTTCTGCAGGTTCACCTAC","PTLO","c","33.6052","Poretics","0.22um","-80","environmental","25424c03_09c_eDNA_FD","NGS Illumina Miseq","MSU","CCATAAGCCA","18","11.7133","2024"," 9","10","MBTS 25424"," 20","MiSeq","MBTS 25424 20","0-20"
"18","25424c03_06c_eDNA_FD",NA,"FD","25424c03_06c_eDNA_S25_L001_R1_001.fastq.gz","25424c03_06c_eDNA_S25_L001_R2_001.fastq.gz","Francisco Chavez"," 6","25424","MBARI","Rachel Carson","ship"," 60.038","Mooring2"," 3",NA,"-0.0354","36.6950","-122.3813","26.0261"," 60","2.0215","marine biome  (ENVO:00000447)","coastal water (ENVO:00001250)","waterborne particulate matter (ENVO:01000436)","2024-09-10 19:04:00","0.1307","USA:California:Monterey Bay","FD25",NA,"25","25424c03_06c_eDNA"," 60.493","GTACACACCGCCCGTC","TGATCCTTCTGCAGGTTCACCTAC","PTLO","c","33.8599","Poretics","0.22um","-80","environmental","25424c03_06c_eDNA_FD","NGS Illumina Miseq","MSU","ATGGCTTCTA","18","10.2163","2024"," 9","10","MBTS 25424"," 60","MiSeq","MBTS 25424 60","60"
"19","25424c03_03c_eDNA_FD",NA,"FD","25424c03_03c_eDNA_S26_L001_R1_001.fastq.gz","25424c03_03c_eDNA_S26_L001_R2_001.fastq.gz","Francisco Chavez"," 3","25424","MBARI","Rachel Carson","ship","149.850","Mooring2"," 3",NA,"-0.0634","36.6950","-122.3813","26.2385","150","1.5513","marine biome  (ENVO:00000447)","coastal water (ENVO:00001250)","waterborne particulate matter (ENVO:01000436)","2024-09-10 19:04:00","0.1281","USA:California:Monterey Bay","FD26",NA,"26","25424c03_03c_eDNA","151.017","GTACACACCGCCCGTC","TGATCCTTCTGCAGGTTCACCTAC","PTLO","c","34.0117","Poretics","0.22um","-80","environmental","25424c03_03c_eDNA_FD","NGS Illumina Miseq","MSU","CAACAGTGGA","18"," 9.6688","2024"," 9","10","MBTS 25424","150","MiSeq","MBTS 25424 150","150"
"20","22624c01_12c_eDNA_FD",NA,"FD","22624c01_12c_eDNA_S27_L001_R1_001.fastq.gz","22624c01_12c_eDNA_S27_L001_R2_001.fastq.gz","Francisco Chavez","12","22624","MBARI","RACHEL CARSON","ship","  3.164","C1"," 1",NA," 8.9410","36.7973","-121.8470","25.6757","  0","5.5359","marine biome  (ENVO:00000447)","coastal water (ENVO:00001250)","waterborne particulate matter (ENVO:01000436)","2024-08-13 15:53:00","0.9688","USA:California:Monterey Bay","FD27",NA,"27","22624c01_12c_eDNA","  3.187","GTACACACCGCCCGTC","TGATCCTTCTGCAGGTTCACCTAC","PTLO","c","33.8171","Poretics","0.22um","-80","environmental","22624c01_12c_eDNA_FD","NGS Illumina Miseq","MSU","ACGATGCAAC","18","11.9723","2024"," 8","13","MBTS 22624","  0","MiSeq","MBTS 22624 0","0-20"
"21","22624c01_10c_eDNA_FD",NA,"FD","22624c01_10c_eDNA_S28_L001_R1_001.fastq.gz","22624c01_10c_eDNA_S28_L001_R2_001.fastq.gz","Francisco Chavez","10","22624","MBARI","RACHEL CARSON","ship"," 11.021","C1"," 1",NA," 5.9354","36.7973","-121.8470","25.7897"," 10","4.1396","marine biome  (ENVO:00000447)","coastal water (ENVO:00001250)","waterborne particulate matter (ENVO:01000436)","2024-08-13 15:53:00","0.6882","USA:California:Monterey Bay","FD28",NA,"28","22624c01_10c_eDNA"," 11.103","GTACACACCGCCCGTC","TGATCCTTCTGCAGGTTCACCTAC","PTLO","c","33.8282","Poretics","0.22um","-80","environmental","22624c01_10c_eDNA_FD","NGS Illumina Miseq","MSU","TCACTTCGCA","18","11.4065","2024"," 8","13","MBTS 22624"," 10","MiSeq","MBTS 22624 10","0-20"
"22","22624c01_09c_eDNA_FD",NA,"FD","22624c01_09c_eDNA_S29_L001_R1_001.fastq.gz","22624c01_09c_eDNA_S29_L001_R2_001.fastq.gz","Francisco Chavez"," 9","22624","MBARI","RACHEL CARSON","ship"," 20.800","C1"," 1",NA," 0.1589","36.7973","-121.8470","26.0656"," 20","2.1549","marine biome  (ENVO:00000447)","coastal water (ENVO:00001250)","waterborne particulate matter (ENVO:01000436)","2024-08-13 15:53:00","0.1488","USA:California:Monterey Bay","FD29",NA,"29","22624c01_09c_eDNA"," 20.955","GTACACACCGCCCGTC","TGATCCTTCTGCAGGTTCACCTAC","PTLO","c","33.8705","Poretics","0.22um","-80","environmental","22624c01_09c_eDNA_FD","NGS Illumina Miseq","MSU","AACGCCATTC","18","10.0285","2024"," 8","13","MBTS 22624"," 20","MiSeq","MBTS 22624 20","0-20"
"23","22624c01_06c_eDNA_FD",NA,"FD","22624c01_06c_eDNA_S30_L001_R1_001.fastq.gz","22624c01_06c_eDNA_S30_L001_R2_001.fastq.gz","Francisco Chavez"," 6","22624","MBARI","RACHEL CARSON","ship"," 61.245","C1"," 1",NA,"-0.0148","36.7973","-121.8470","26.2464"," 60","1.5823","marine biome  (ENVO:00000447)","coastal water (ENVO:00001250)","waterborne particulate matter (ENVO:01000436)","2024-08-13 15:53:00","0.1326","USA:California:Monterey Bay","FD30",NA,"30","22624c01_06c_eDNA"," 61.709","GTACACACCGCCCGTC","TGATCCTTCTGCAGGTTCACCTAC","PTLO","c","33.9986","Poretics","0.22um","-80","environmental","22624c01_06c_eDNA_FD","NGS Illumina Miseq","MSU","CTTCCTAGGC","18"," 9.5484","2024"," 8","13","MBTS 22624"," 60","MiSeq","MBTS 22624 60","60"
"24","22624c01_03c_eDNA_FD",NA,"FD","22624c01_03c_eDNA_S31_L001_R1_001.fastq.gz","22624c01_03c_eDNA_S31_L001_R2_001.fastq.gz","Francisco Chavez"," 3","22624","MBARI","RACHEL CARSON","ship","150.604","C1"," 1",NA,"-0.0370","36.7973","-121.8470","26.4370","150","1.3372","marine biome  (ENVO:00000447)","coastal water (ENVO:00001250)","waterborne particulate matter (ENVO:01000436)","2024-08-13 15:53:00","0.1305","USA:California:Monterey Bay","FD31",NA,"31","22624c01_03c_eDNA","151.779","GTACACACCGCCCGTC","TGATCCTTCTGCAGGTTCACCTAC","PTLO","c","34.0616","Poretics","0.22um","-80","environmental","22624c01_03c_eDNA_FD","NGS Illumina Miseq","MSU","CGTAGACGTG","18"," 8.6740","2024"," 8","13","MBTS 22624","150","MiSeq","MBTS 22624 150","150"
"25","22624c02_12c_eDNA_FD",NA,"FD","22624c02_12c_eDNA_S32_L001_R1_001.fastq.gz","22624c02_12c_eDNA_S32_L001_R2_001.fastq.gz","Francisco Chavez","12","22624","MBARI","RACHEL CARSON","ship","  2.958","MOORING1"," 2",NA," 1.4298","36.7472","-122.0217","25.4541","  0","5.5156","marine biome  (ENVO:00000447)","coastal water (ENVO:00001250)","waterborne particulate matter (ENVO:01000436)","2024-08-13 17:36:00","0.2675","USA:California:Monterey Bay","FD32",NA,"32","22624c02_12c_eDNA","  2.979","GTACACACCGCCCGTC","TGATCCTTCTGCAGGTTCACCTAC","PTLO","c","33.7542","Poretics","0.22um","-80","environmental","22624c02_12c_eDNA_FD","NGS Illumina Miseq","MSU","GTGCCTCTGA","18","12.8679","2024"," 8","13","MBTS 22624","  0","MiSeq","MBTS 22624 0","0-20"
"26","22624c02_10c_eDNA_FD",NA,"FD","22624c02_10c_eDNA_S33_L001_R1_001.fastq.gz","22624c02_10c_eDNA_S33_L001_R2_001.fastq.gz","Francisco Chavez","10","22624","MBARI","RACHEL CARSON","ship"," 10.591","MOORING1"," 2",NA," 5.1999","36.7472","-122.0217","25.5357"," 10","5.4460","marine biome  (ENVO:00000447)","coastal water (ENVO:00001250)","waterborne particulate matter (ENVO:01000436)","2024-08-13 17:36:00","0.6195","USA:California:Monterey Bay","FD33",NA,"33","22624c02_10c_eDNA"," 10.670","GTACACACCGCCCGTC","TGATCCTTCTGCAGGTTCACCTAC","PTLO","c","33.7655","Poretics","0.22um","-80","environmental","22624c02_10c_eDNA_FD","NGS Illumina Miseq","MSU","TACCTAAGTG","18","12.4964","2024"," 8","13","MBTS 22624"," 10","MiSeq","MBTS 22624 10","0-20"
"27","22624c02_09c_eDNA_FD",NA,"FD","22624c02_09c_eDNA_S34_L001_R1_001.fastq.gz","22624c02_09c_eDNA_S34_L001_R2_001.fastq.gz","Francisco Chavez"," 9","22624","MBARI","RACHEL CARSON","ship"," 20.485","MOORING1"," 2",NA," 7.9923","36.7472","-122.0217","25.6475"," 20","5.0903","marine biome  (ENVO:00000447)","coastal water (ENVO:00001250)","waterborne particulate matter (ENVO:01000436)","2024-08-13 17:36:00","0.8802","USA:California:Monterey Bay","FD34",NA,"34","22624c02_09c_eDNA"," 20.638","GTACACACCGCCCGTC","TGATCCTTCTGCAGGTTCACCTAC","PTLO","c","33.8058","Poretics","0.22um","-80","environmental","22624c02_09c_eDNA_FD","NGS Illumina Miseq","MSU","TGTCGTTAAG","18","12.0772","2024"," 8","13","MBTS 22624"," 20","MiSeq","MBTS 22624 20","0-20"
"28","22624c02_06c_eDNA_FD",NA,"FD","22624c02_06c_eDNA_S35_L001_R1_001.fastq.gz","22624c02_06c_eDNA_S35_L001_R2_001.fastq.gz","Francisco Chavez"," 6","22624","MBARI","RACHEL CARSON","ship"," 60.306","MOORING1"," 2",NA," 0.0775","36.7472","-122.0217","26.0722"," 60","2.2572","marine biome  (ENVO:00000447)","coastal water (ENVO:00001250)","waterborne particulate matter (ENVO:01000436)","2024-08-13 17:36:00","0.1412","USA:California:Monterey Bay","FD35",NA,"35","22624c02_06c_eDNA"," 60.763","GTACACACCGCCCGTC","TGATCCTTCTGCAGGTTCACCTAC","PTLO","c","33.8953","Poretics","0.22um","-80","environmental","22624c02_06c_eDNA_FD","NGS Illumina Miseq","MSU","AACGTCCAGT","18","10.1082","2024"," 8","13","MBTS 22624"," 60","MiSeq","MBTS 22624 60","60"
"29","22624c02_03c_eDNA_FD",NA,"FD","22624c02_03c_eDNA_S36_L001_R1_001.fastq.gz","22624c02_03c_eDNA_S36_L001_R2_001.fastq.gz","Francisco Chavez"," 3","22624","MBARI","RACHEL CARSON","ship","150.696","MOORING1"," 2",NA,"-0.0698","36.7472","-122.0217","26.3675","150","1.5880","marine biome  (ENVO:00000447)","coastal water (ENVO:00001250)","waterborne particulate matter (ENVO:01000436)","2024-08-13 17:36:00","0.1275","USA:California:Monterey Bay","FD36",NA,"36","22624c02_03c_eDNA","151.871","GTACACACCGCCCGTC","TGATCCTTCTGCAGGTTCACCTAC","PTLO","c","34.1000","Poretics","0.22um","-80","environmental","22624c02_03c_eDNA_FD","NGS Illumina Miseq","MSU","AATAGCTGTG","18"," 9.3023","2024"," 8","13","MBTS 22624","150","MiSeq","MBTS 22624 150","150"
"30","22624c03_12c_eDNA_FD",NA,"FD","22624c03_12c_eDNA_S37_L001_R1_001.fastq.gz","22624c03_12c_eDNA_S37_L001_R2_001.fastq.gz","Francisco Chavez","12","22624","MBARI","RACHEL CARSON","ship","  3.292","MOORING2"," 3",NA," 1.1250","36.6968","-122.3775","25.3035","  0","5.7844","marine biome  (ENVO:00000447)","coastal water (ENVO:00001250)","waterborne particulate matter (ENVO:01000436)","2024-08-13 20:07:00","0.2390","USA:California:Monterey Bay","FD37",NA,"37","22624c03_12c_eDNA","  3.316","GTACACACCGCCCGTC","TGATCCTTCTGCAGGTTCACCTAC","PTLO","c","33.7200","Poretics","0.22um","-80","environmental","22624c03_12c_eDNA_FD","NGS Illumina Miseq","MSU","TCCTGAACTT","18","13.4873","2024"," 8","13","MBTS 22624","  0","MiSeq","MBTS 22624 0","0-20"
"31","22624c03_10c_eDNA_FD",NA,"FD","22624c03_10c_eDNA_S38_L001_R1_001.fastq.gz","22624c03_10c_eDNA_S38_L001_R2_001.fastq.gz","Francisco Chavez","10","22624","MBARI","RACHEL CARSON","ship"," 10.795","MOORING2"," 3",NA," 4.4473","36.6968","-122.3775","25.4209"," 10","5.9201","marine biome  (ENVO:00000447)","coastal water (ENVO:00001250)","waterborne particulate matter (ENVO:01000436)","2024-08-13 20:07:00","0.5493","USA:California:Monterey Bay","FD38",NA,"38","22624c03_10c_eDNA"," 10.875","GTACACACCGCCCGTC","TGATCCTTCTGCAGGTTCACCTAC","PTLO","c","33.7393","Poretics","0.22um","-80","environmental","22624c03_10c_eDNA_FD","NGS Illumina Miseq","MSU","CGTTGGTAAC","18","12.9779","2024"," 8","13","MBTS 22624"," 10","MiSeq","MBTS 22624 10","0-20"
"32","22624c03_09c_eDNA_FD",NA,"FD","22624c03_09c_eDNA_S39_L001_R1_001.fastq.gz","22624c03_09c_eDNA_S39_L001_R2_001.fastq.gz","Francisco Chavez"," 9","22624","MBARI","RACHEL CARSON","ship"," 20.375","MOORING2"," 3",NA," 4.0849","36.6968","-122.3775","25.4515"," 20","5.5692","marine biome  (ENVO:00000447)","coastal water (ENVO:00001250)","waterborne particulate matter (ENVO:01000436)","2024-08-13 20:07:00","0.5154","USA:California:Monterey Bay","FD39",NA,"39","22624c03_09c_eDNA"," 20.527","GTACACACCGCCCGTC","TGATCCTTCTGCAGGTTCACCTAC","PTLO","c","33.7369","Poretics","0.22um","-80","environmental","22624c03_09c_eDNA_FD","NGS Illumina Miseq","MSU","TCACTGGACT","18","12.8153","2024"," 8","13","MBTS 22624"," 20","MiSeq","MBTS 22624 20","0-20"
"33","22624c03_06c_eDNA_FD",NA,"FD","22624c03_06c_eDNA_S40_L001_R1_001.fastq.gz","22624c03_06c_eDNA_S40_L001_R2_001.fastq.gz","Francisco Chavez"," 6","22624","MBARI","RACHEL CARSON","ship"," 60.383","MOORING2"," 3",NA," 0.0159","36.6968","-122.3775","26.0543"," 60","2.3923","marine biome  (ENVO:00000447)","coastal water (ENVO:00001250)","waterborne particulate matter (ENVO:01000436)","2024-08-13 20:07:00","0.1355","USA:California:Monterey Bay","FD40",NA,"40","22624c03_06c_eDNA"," 60.840","GTACACACCGCCCGTC","TGATCCTTCTGCAGGTTCACCTAC","PTLO","c","33.8559","Poretics","0.22um","-80","environmental","22624c03_06c_eDNA_FD","NGS Illumina Miseq","MSU","TAGCCTAGCG","18","10.0319","2024"," 8","13","MBTS 22624"," 60","MiSeq","MBTS 22624 60","60"
"34","20524c02_12c_eDNA_FD",NA,"FD","20524c02_12c_eDNA_S42_L001_R1_001.fastq.gz","20524c02_12c_eDNA_S42_L001_R2_001.fastq.gz","Francisco Chavez","12","20524","MBARI","RACHEL CARSON","ship","  2.817","MOORING 1"," 2",NA," 3.7425","36.7477","-122.0225","25.2873","  0","6.8747","marine biome  (ENVO:00000447)","coastal water (ENVO:00001250)","waterborne particulate matter (ENVO:01000436)","2024-07-23 17:30:00","0.4834","USA:California:Monterey Bay","FD42",NA,"42","20524c02_12c_eDNA","  2.838","GTACACACCGCCCGTC","TGATCCTTCTGCAGGTTCACCTAC","PTLO","c","33.6997","Poretics","0.22um","-80","environmental","20524c02_12c_eDNA_FD","NGS Illumina Miseq","MSU","AGCTCGAGGA","18","13.4898","2024"," 7","23","MBTS 20524","  0","MiSeq","MBTS 20524 0","0-20"
"35","20524c02_10c_eDNA_FD",NA,"FD","20524c02_10c_eDNA_S43_L001_R1_001.fastq.gz","20524c02_10c_eDNA_S43_L001_R2_001.fastq.gz","Francisco Chavez","10","20524","MBARI","RACHEL CARSON","ship"," 10.958","MOORING 1"," 2",NA," 4.9072","36.7477","-122.0225","25.4425"," 10","5.3319","marine biome  (ENVO:00000447)","coastal water (ENVO:00001250)","waterborne particulate matter (ENVO:01000436)","2024-07-23 17:30:00","0.5922","USA:California:Monterey Bay","FD43",NA,"43","20524c02_10c_eDNA"," 11.040","GTACACACCGCCCGTC","TGATCCTTCTGCAGGTTCACCTAC","PTLO","c","33.6948","Poretics","0.22um","-80","environmental","20524c02_10c_eDNA_FD","NGS Illumina Miseq","MSU","ACACGAACAA","18","12.6933","2024"," 7","23","MBTS 20524"," 10","MiSeq","MBTS 20524 10","0-20"
"36","20524c02_09c_eDNA_FD",NA,"FD","20524c02_09c_eDNA_S44_L001_R1_001.fastq.gz","20524c02_09c_eDNA_S44_L001_R2_001.fastq.gz","Francisco Chavez"," 9","20524","MBARI","RACHEL CARSON","ship"," 20.770","MOORING 1"," 2",NA," 0.5323","36.7477","-122.0225","25.8104"," 20","3.7582","marine biome  (ENVO:00000447)","coastal water (ENVO:00001250)","waterborne particulate matter (ENVO:01000436)","2024-07-23 17:30:00","0.1837","USA:California:Monterey Bay","FD44",NA,"44","20524c02_09c_eDNA"," 20.925","GTACACACCGCCCGTC","TGATCCTTCTGCAGGTTCACCTAC","PTLO","c","33.7688","Poretics","0.22um","-80","environmental","20524c02_09c_eDNA_FD","NGS Illumina Miseq","MSU","GAACACTATC","18","11.0379","2024"," 7","23","MBTS 20524"," 20","MiSeq","MBTS 20524 20","0-20"
"37","20524c02_06c_eDNA_FD",NA,"FD","20524c02_06c_eDNA_S45_L001_R1_001.fastq.gz","20524c02_06c_eDNA_S45_L001_R2_001.fastq.gz","Francisco Chavez"," 6","20524","MBARI","RACHEL CARSON","ship"," 60.980","MOORING 1"," 2",NA,"-0.0533","36.7477","-122.0225","26.1549"," 60","2.2115","marine biome  (ENVO:00000447)","coastal water (ENVO:00001250)","waterborne particulate matter (ENVO:01000436)","2024-07-23 17:30:00","0.1290","USA:California:Monterey Bay","FD45",NA,"45","20524c02_06c_eDNA"," 61.442","GTACACACCGCCCGTC","TGATCCTTCTGCAGGTTCACCTAC","PTLO","c","33.8968","Poretics","0.22um","-80","environmental","20524c02_06c_eDNA_FD","NGS Illumina Miseq","MSU","ACAATTGGTC","18"," 9.6213","2024"," 7","23","MBTS 20524"," 60","MiSeq","MBTS 20524 60","60"
"38","20524c02_03c_eDNA_FD",NA,"FD","20524c02_03c_eDNA_S46_L001_R1_001.fastq.gz","20524c02_03c_eDNA_S46_L001_R2_001.fastq.gz","Francisco Chavez"," 3","20524","MBARI","RACHEL CARSON","ship","151.117","MOORING 1"," 2",NA,"-0.0525","36.7477","-122.0225","26.3877","150","1.5514","marine biome  (ENVO:00000447)","coastal water (ENVO:00001250)","waterborne particulate matter (ENVO:01000436)","2024-07-23 17:30:00","0.1291","USA:California:Monterey Bay","FD46",NA,"46","20524c02_03c_eDNA","152.295","GTACACACCGCCCGTC","TGATCCTTCTGCAGGTTCACCTAC","PTLO","c","34.0570","Poretics","0.22um","-80","environmental","20524c02_03c_eDNA_FD","NGS Illumina Miseq","MSU","CTTGGTTCGT","18"," 8.9659","2024"," 7","23","MBTS 20524","150","MiSeq","MBTS 20524 150","150"
"39","20524c01_12c_eDNA_FD",NA,"FD","20524c01_12c_eDNA_S47_L001_R1_001.fastq.gz","20524c01_12c_eDNA_S47_L001_R2_001.fastq.gz","Francisco Chavez","12","20524","MBARI","RACHEL CARSON","ship","  2.940","C1"," 1",NA," 2.8909","36.7985","-121.8470","25.2280","  0","5.5433","marine biome  (ENVO:00000447)","coastal water (ENVO:00001250)","waterborne particulate matter (ENVO:01000436)","2024-07-23 15:56:00","0.4039","USA:California:Monterey Bay","FD47",NA,"47","20524c01_12c_eDNA","  2.961","GTACACACCGCCCGTC","TGATCCTTCTGCAGGTTCACCTAC","PTLO","c","33.7075","Poretics","0.22um","-80","environmental","20524c01_12c_eDNA_FD","NGS Illumina Miseq","MSU","GACCAAGCAT","18","13.8092","2024"," 7","23","MBTS 20524","  0","MiSeq","MBTS 20524 0","0-20"
"40","20524c01_10c_eDNA_FD",NA,"FD","20524c01_10c_eDNA_S48_L001_R1_001.fastq.gz","20524c01_10c_eDNA_S48_L001_R2_001.fastq.gz","Francisco Chavez","10","20524","MBARI","RACHEL CARSON","ship"," 10.743","C1"," 1",NA," 2.4874","36.7985","-121.8470","25.4306"," 10","4.9831","marine biome  (ENVO:00000447)","coastal water (ENVO:00001250)","waterborne particulate matter (ENVO:01000436)","2024-07-23 15:56:00","0.3663","USA:California:Monterey Bay","FD48",NA,"48","20524c01_10c_eDNA"," 10.823","GTACACACCGCCCGTC","TGATCCTTCTGCAGGTTCACCTAC","PTLO","c","33.7481","Poretics","0.22um","-80","environmental","20524c01_10c_eDNA_FD","NGS Illumina Miseq","MSU","TGTTACGGTT","18","12.9636","2024"," 7","23","MBTS 20524"," 10","MiSeq","MBTS 20524 10","0-20"
"41","20524c01_09c_eDNA_FD",NA,"FD","20524c01_09c_eDNA_S49_L001_R1_001.fastq.gz","20524c01_09c_eDNA_S49_L001_R2_001.fastq.gz","Francisco Chavez"," 9","20524","MBARI","RACHEL CARSON","ship"," 21.056","C1"," 1",NA," 0.5195","36.7985","-121.8470","25.9080"," 20","3.6565","marine biome  (ENVO:00000447)","coastal water (ENVO:00001250)","waterborne particulate matter (ENVO:01000436)","2024-07-23 15:56:00","0.1825","USA:California:Monterey Bay","FD49",NA,"49","20524c01_09c_eDNA"," 21.214","GTACACACCGCCCGTC","TGATCCTTCTGCAGGTTCACCTAC","PTLO","c","33.8585","Poretics","0.22um","-80","environmental","20524c01_09c_eDNA_FD","NGS Illumina Miseq","MSU","ATATAAGGCG","18","10.8825","2024"," 7","23","MBTS 20524"," 20","MiSeq","MBTS 20524 20","0-20"
"42","20524c01_06c_eDNA_FD",NA,"FD","20524c01_06c_eDNA_S50_L001_R1_001.fastq.gz","20524c01_06c_eDNA_S50_L001_R2_001.fastq.gz","Francisco Chavez"," 6","20524","MBARI","RACHEL CARSON","ship"," 60.315","C1"," 1",NA," 0.0885","36.7985","-121.8470","26.1061"," 60","2.5892","marine biome  (ENVO:00000447)","coastal water (ENVO:00001250)","waterborne particulate matter (ENVO:01000436)","2024-07-23 15:56:00","0.1423","USA:California:Monterey Bay","FD50",NA,"50","20524c01_06c_eDNA"," 60.772","GTACACACCGCCCGTC","TGATCCTTCTGCAGGTTCACCTAC","PTLO","c","33.9089","Poretics","0.22um","-80","environmental","20524c01_06c_eDNA_FD","NGS Illumina Miseq","MSU","ACATTACTCG","18"," 9.9710","2024"," 7","23","MBTS 20524"," 60","MiSeq","MBTS 20524 60","60"
"43","20524c01_03c_eDNA_FD",NA,"FD","20524c01_03c_eDNA_S51_L001_R1_001.fastq.gz","20524c01_03c_eDNA_S51_L001_R2_001.fastq.gz","Francisco Chavez"," 3","20524","MBARI","RACHEL CARSON","ship","150.809","C1"," 1",NA," 0.0375","36.7985","-121.8470","26.3209","150","1.9228","marine biome  (ENVO:00000447)","coastal water (ENVO:00001250)","waterborne particulate matter (ENVO:01000436)","2024-07-23 15:56:00","0.1375","USA:California:Monterey Bay","FD51",NA,"51","20524c01_03c_eDNA","151.985","GTACACACCGCCCGTC","TGATCCTTCTGCAGGTTCACCTAC","PTLO","c","34.0013","Poretics","0.22um","-80","environmental","20524c01_03c_eDNA_FD","NGS Illumina Miseq","MSU","CTCAGTCCGT","18"," 9.1118","2024"," 7","23","MBTS 20524","150","MiSeq","MBTS 20524 150","150"
"44","20524c03_10c_eDNA_FD",NA,"FD","20524c03_10c_eDNA_S53_L001_R1_001.fastq.gz","20524c03_10c_eDNA_S53_L001_R2_001.fastq.gz","Francisco Chavez","10","20524","MBARI","RACHEL CARSON","ship"," 10.778","MOORING 2"," 3",NA," 3.3014","36.6982","-122.3780","25.3853"," 10","5.9974","marine biome  (ENVO:00000447)","coastal water (ENVO:00001250)","waterborne particulate matter (ENVO:01000436)","2024-07-23 20:06:00","0.4423","USA:California:Monterey Bay","FD53",NA,"53","20524c03_10c_eDNA"," 10.859","GTACACACCGCCCGTC","TGATCCTTCTGCAGGTTCACCTAC","PTLO","c","33.7419","Poretics","0.22um","-80","environmental","20524c03_10c_eDNA_FD","NGS Illumina Miseq","MSU","GTCACAGACA","18","13.1670","2024"," 7","23","MBTS 20524"," 10","MiSeq","MBTS 20524 10","0-20"
"45","20524c03_09c_eDNA_FD",NA,"FD","20524c03_09c_eDNA_S54_L001_R1_001.fastq.gz","20524c03_09c_eDNA_S54_L001_R2_001.fastq.gz","Francisco Chavez"," 9","20524","MBARI","RACHEL CARSON","ship"," 21.702","MOORING 2"," 3",NA," 1.5942","36.6982","-122.3780","25.5046"," 20","5.0864","marine biome  (ENVO:00000447)","coastal water (ENVO:00001250)","waterborne particulate matter (ENVO:01000436)","2024-07-23 20:06:00","0.2828","USA:California:Monterey Bay","FD54",NA,"54","20524c03_09c_eDNA"," 21.864","GTACACACCGCCCGTC","TGATCCTTCTGCAGGTTCACCTAC","PTLO","c","33.7287","Poretics","0.22um","-80","environmental","20524c03_09c_eDNA_FD","NGS Illumina Miseq","MSU","GACTTGCGTG","18","12.5109","2024"," 7","23","MBTS 20524"," 20","MiSeq","MBTS 20524 20","0-20"
"46","20524c03_06c_eDNA_FD",NA,"FD","20524c03_06c_eDNA_S55_L001_R1_001.fastq.gz","20524c03_06c_eDNA_S55_L001_R2_001.fastq.gz","Francisco Chavez"," 6","20524","MBARI","RACHEL CARSON","ship"," 60.883","MOORING 2"," 3",NA,"-0.0020","36.6982","-122.3780","26.0200"," 60","2.6047","marine biome  (ENVO:00000447)","coastal water (ENVO:00001250)","waterborne particulate matter (ENVO:01000436)","2024-07-23 20:06:00","0.1338","USA:California:Monterey Bay","FD55",NA,"55","20524c03_06c_eDNA"," 61.345","GTACACACCGCCCGTC","TGATCCTTCTGCAGGTTCACCTAC","PTLO","c","33.8130","Poretics","0.22um","-80","environmental","20524c03_06c_eDNA_FD","NGS Illumina Miseq","MSU","GCGAGTATCA","18","10.0372","2024"," 7","23","MBTS 20524"," 60","MiSeq","MBTS 20524 60","60"
"47","17024c03_09c_eDNA_FD",NA,"FD","17024c03_09c_eDNA_S59_L001_R1_001.fastq.gz","17024c03_09c_eDNA_S59_L001_R2_001.fastq.gz","Francisco Chavez"," 9","17024","MBARI","RACHEL CARSON","ship"," 22.058","MOORING 2"," 3",NA," 4.1052","36.6942","-122.3785","25.6959"," 20","5.3583","marine biome  (ENVO:00000447)","coastal water (ENVO:00001250)","waterborne particulate matter (ENVO:01000436)","2024-06-18 19:25:00","0.5173","USA:California:Monterey Bay","FD59",NA,"59","17024c03_09c_eDNA"," 22.223","GTACACACCGCCCGTC","TGATCCTTCTGCAGGTTCACCTAC","PTLO","c","33.7405","Poretics","0.22um","-80","environmental","17024c03_09c_eDNA_FD","NGS Illumina Miseq","MSU","TATGACGGTG","18","11.5474","2024"," 6","18","MBTS 17024"," 20","MiSeq","MBTS 17024 20","0-20"
"48","17024c03_10c_eDNA_FD",NA,"FD","17024c03_10c_eDNA_S60_L001_R1_001.fastq.gz","17024c03_10c_eDNA_S60_L001_R2_001.fastq.gz","Francisco Chavez","10","17024","MBARI","RACHEL CARSON","ship"," 12.107","MOORING 2"," 3",NA," 4.3958","36.6942","-122.3785","25.6825"," 10","5.4760","marine biome  (ENVO:00000447)","coastal water (ENVO:00001250)","waterborne particulate matter (ENVO:01000436)","2024-06-18 19:25:00","0.5444","USA:California:Monterey Bay","FD60",NA,"60","17024c03_10c_eDNA"," 12.197","GTACACACCGCCCGTC","TGATCCTTCTGCAGGTTCACCTAC","PTLO","c","33.7404","Poretics","0.22um","-80","environmental","17024c03_10c_eDNA_FD","NGS Illumina Miseq","MSU","TGCGTGAGCA","18","11.6184","2024"," 6","18","MBTS 17024"," 10","MiSeq","MBTS 17024 10","0-20"
"49","17024c03_12c_eDNA_FD",NA,"FD","17024c03_12c_eDNA_S61_L001_R1_001.fastq.gz","17024c03_12c_eDNA_S61_L001_R2_001.fastq.gz","Francisco Chavez","12","17024","MBARI","RACHEL CARSON","ship","  3.253","MOORING 2"," 3",NA," 1.5232","36.6942","-122.3785","25.6768","  0","5.5290","marine biome  (ENVO:00000447)","coastal water (ENVO:00001250)","waterborne particulate matter (ENVO:01000436)","2024-06-18 19:25:00","0.2762","USA:California:Monterey Bay","FD61",NA,"61","17024c03_12c_eDNA","  3.277","GTACACACCGCCCGTC","TGATCCTTCTGCAGGTTCACCTAC","PTLO","c","33.7401","Poretics","0.22um","-80","environmental","17024c03_12c_eDNA_FD","NGS Illumina Miseq","MSU","GCCAATGTTC","18","11.6465","2024"," 6","18","MBTS 17024","  0","MiSeq","MBTS 17024 0","0-20"
"50","17024c02_03c_eDNA_FD",NA,"FD","17024c02_03c_eDNA_S62_L001_R1_001.fastq.gz","17024c02_03c_eDNA_S62_L001_R2_001.fastq.gz","Francisco Chavez"," 3","17024","MBARI","RACHEL CARSON","ship","151.895","MOORING 1"," 2",NA,"-0.0586","36.7460","-122.0202","26.5569","150","1.3839","marine biome  (ENVO:00000447)","coastal water (ENVO:00001250)","waterborne particulate matter (ENVO:01000436)","2024-06-18 16:32:00","0.1285","USA:California:Monterey Bay","FD62",NA,"62","17024c02_03c_eDNA","153.079","GTACACACCGCCCGTC","TGATCCTTCTGCAGGTTCACCTAC","PTLO","c","34.1188","Poretics","0.22um","-80","environmental","17024c02_03c_eDNA_FD","NGS Illumina Miseq","MSU","CTTCTCCAGC","18"," 8.1818","2024"," 6","18","MBTS 17024","150","MiSeq","MBTS 17024 150","150"
"51","17024c02_06c_eDNA_FD",NA,"FD","17024c02_06c_eDNA_S63_L001_R1_001.fastq.gz","17024c02_06c_eDNA_S63_L001_R2_001.fastq.gz","Francisco Chavez"," 6","17024","MBARI","RACHEL CARSON","ship"," 60.941","MOORING 1"," 2",NA," 0.0506","36.7460","-122.0202","26.2623"," 60","2.1372","marine biome  (ENVO:00000447)","coastal water (ENVO:00001250)","waterborne particulate matter (ENVO:01000436)","2024-06-18 16:32:00","0.1387","USA:California:Monterey Bay","FD63",NA,"63","17024c02_06c_eDNA"," 61.403","GTACACACCGCCCGTC","TGATCCTTCTGCAGGTTCACCTAC","PTLO","c","33.9574","Poretics","0.22um","-80","environmental","17024c02_06c_eDNA_FD","NGS Illumina Miseq","MSU","CTCTCGATAA","18"," 9.2530","2024"," 6","18","MBTS 17024"," 60","MiSeq","MBTS 17024 60","60"
"52","17024c02_09c_eDNA_FD",NA,"FD","17024c02_09c_eDNA_S64_L001_R1_001.fastq.gz","17024c02_09c_eDNA_S64_L001_R2_001.fastq.gz","Francisco Chavez"," 9","17024","MBARI","RACHEL CARSON","ship"," 20.614","MOORING 1"," 2",NA," 0.9414","36.7460","-122.0202","26.0365"," 20","3.6120","marine biome  (ENVO:00000447)","coastal water (ENVO:00001250)","waterborne particulate matter (ENVO:01000436)","2024-06-18 16:32:00","0.2219","USA:California:Monterey Bay","FD64",NA,"64","17024c02_09c_eDNA"," 20.767","GTACACACCGCCCGTC","TGATCCTTCTGCAGGTTCACCTAC","PTLO","c","33.8423","Poretics","0.22um","-80","environmental","17024c02_09c_eDNA_FD","NGS Illumina Miseq","MSU","CGGATCTACA","18","10.0700","2024"," 6","18","MBTS 17024"," 20","MiSeq","MBTS 17024 20","0-20"
"53","17024c02_10c_eDNA_FD",NA,"FD","17024c02_10c_eDNA_S65_L001_R1_001.fastq.gz","17024c02_10c_eDNA_S65_L001_R2_001.fastq.gz","Francisco Chavez","10","17024","MBARI","RACHEL CARSON","ship"," 10.885","MOORING 1"," 2",NA," 0.8851","36.7460","-122.0202","26.0181"," 10","3.7566","marine biome  (ENVO:00000447)","coastal water (ENVO:00001250)","waterborne particulate matter (ENVO:01000436)","2024-06-18 16:32:00","0.2166","USA:California:Monterey Bay","FD65",NA,"65","17024c02_10c_eDNA"," 10.966","GTACACACCGCCCGTC","TGATCCTTCTGCAGGTTCACCTAC","PTLO","c","33.8387","Poretics","0.22um","-80","environmental","17024c02_10c_eDNA_FD","NGS Illumina Miseq","MSU","CTGGCATATT","18","10.1609","2024"," 6","18","MBTS 17024"," 10","MiSeq","MBTS 17024 10","0-20"
"54","17024c02_12c_eDNA_FD",NA,"FD","17024c02_12c_eDNA_S66_L001_R1_001.fastq.gz","17024c02_12c_eDNA_S66_L001_R2_001.fastq.gz","Francisco Chavez","12","17024","MBARI","RACHEL CARSON","ship","  3.006","MOORING 1"," 2",NA," 0.3006","36.7460","-122.0202","25.7693","  0","4.6399","marine biome  (ENVO:00000447)","coastal water (ENVO:00001250)","waterborne particulate matter (ENVO:01000436)","2024-06-18 16:32:00","0.1621","USA:California:Monterey Bay","FD66",NA,"66","17024c02_12c_eDNA","  3.029","GTACACACCGCCCGTC","TGATCCTTCTGCAGGTTCACCTAC","PTLO","c","33.7954","Poretics","0.22um","-80","environmental","17024c02_12c_eDNA_FD","NGS Illumina Miseq","MSU","TGCAAGTAGC","18","11.3775","2024"," 6","18","MBTS 17024","  0","MiSeq","MBTS 17024 0","0-20"
"55","17024c01_03c_eDNA_FD",NA,"FD","17024c01_03c_eDNA_S67_L001_R1_001.fastq.gz","17024c01_03c_eDNA_S67_L001_R2_001.fastq.gz","Francisco Chavez"," 3","17024","MBARI","RACHEL CARSON","ship","150.653","C1"," 1",NA," 0.0127","36.7982","-121.8468","26.5255","150","1.4072","marine biome  (ENVO:00000447)","coastal water (ENVO:00001250)","waterborne particulate matter (ENVO:01000436)","2024-06-18 14:54:00","0.1352","USA:California:Monterey Bay","FD67","32.027","67","17024c01_03c_eDNA","151.829","GTACACACCGCCCGTC","TGATCCTTCTGCAGGTTCACCTAC","PTLO","c","34.0735","Poretics","0.22um","-80","environmental","17024c01_03c_eDNA_FD","NGS Illumina Miseq","MSU","ACACAACTAC","18"," 8.1545","2024"," 6","18","MBTS 17024","150","MiSeq","MBTS 17024 150","150"
"56","17024c01_06c_eDNA_FD",NA,"FD","17024c01_06c_eDNA_S68_L001_R1_001.fastq.gz","17024c01_06c_eDNA_S68_L001_R2_001.fastq.gz","Francisco Chavez"," 6","17024","MBARI","RACHEL CARSON","ship"," 59.956","C1"," 1",NA," 0.0823","36.7982","-121.8468","26.3147"," 60","1.8801","marine biome  (ENVO:00000447)","coastal water (ENVO:00001250)","waterborne particulate matter (ENVO:01000436)","2024-06-18 14:54:00","0.1417","USA:California:Monterey Bay","FD68","28.146","68","17024c01_06c_eDNA"," 60.410","GTACACACCGCCCGTC","TGATCCTTCTGCAGGTTCACCTAC","PTLO","c","33.9718","Poretics","0.22um","-80","environmental","17024c01_06c_eDNA_FD","NGS Illumina Miseq","MSU","TAGCACACTT","18"," 8.9956","2024"," 6","18","MBTS 17024"," 60","MiSeq","MBTS 17024 60","60"
"57","17024c01_09c_eDNA_FD",NA,"FD","17024c01_09c_eDNA_S69_L001_R1_001.fastq.gz","17024c01_09c_eDNA_S69_L001_R2_001.fastq.gz","Francisco Chavez"," 9","17024","MBARI","RACHEL CARSON","ship"," 21.251","C1"," 1",NA," 0.4341","36.7982","-121.8468","26.0151"," 20","3.2835","marine biome  (ENVO:00000447)","coastal water (ENVO:00001250)","waterborne particulate matter (ENVO:01000436)","2024-06-18 14:54:00","0.1745","USA:California:Monterey Bay","FD69","23.958","69","17024c01_09c_eDNA"," 21.410","GTACACACCGCCCGTC","TGATCCTTCTGCAGGTTCACCTAC","PTLO","c","33.8335","Poretics","0.22um","-80","environmental","17024c01_09c_eDNA_FD","NGS Illumina Miseq","MSU","TAGTGTTACG","18","10.1561","2024"," 6","18","MBTS 17024"," 20","MiSeq","MBTS 17024 20","0-20"
"58","17024c01_10c_eDNA_FD",NA,"FD","17024c01_10c_eDNA_S70_L001_R1_001.fastq.gz","17024c01_10c_eDNA_S70_L001_R2_001.fastq.gz","Francisco Chavez","10","17024","MBARI","RACHEL CARSON","ship"," 10.605","C1"," 1",NA," 0.6625","36.7982","-121.8468","25.8107"," 10","4.1077","marine biome  (ENVO:00000447)","coastal water (ENVO:00001250)","waterborne particulate matter (ENVO:01000436)","2024-06-18 14:54:00","0.1959","USA:California:Monterey Bay","FD70","22.198","70","17024c01_10c_eDNA"," 10.684","GTACACACCGCCCGTC","TGATCCTTCTGCAGGTTCACCTAC","PTLO","c","33.7882","Poretics","0.22um","-80","environmental","17024c01_10c_eDNA_FD","NGS Illumina Miseq","MSU","CGTACACTGG","18","11.1195","2024"," 6","18","MBTS 17024"," 10","MiSeq","MBTS 17024 10","0-20"
"59","17024c01_12c_eDNA_FD",NA,"FD","17024c01_12c_eDNA_S71_L001_R1_001.fastq.gz","17024c01_12c_eDNA_S71_L001_R2_001.fastq.gz","Francisco Chavez","12","17024","MBARI","RACHEL CARSON","ship","  2.744","C1"," 1",NA," 0.8344","36.7982","-121.8468","25.3231","  0","6.3169","marine biome  (ENVO:00000447)","coastal water (ENVO:00001250)","waterborne particulate matter (ENVO:01000436)","2024-06-18 14:54:00","0.2119","USA:California:Monterey Bay","FD71"," 4.796","71","17024c01_12c_eDNA","  2.764","GTACACACCGCCCGTC","TGATCCTTCTGCAGGTTCACCTAC","PTLO","c","33.7722","Poretics","0.22um","-80","environmental","17024c01_12c_eDNA_FD","NGS Illumina Miseq","MSU","AATACTGGCA","18","13.5893","2024"," 6","18","MBTS 17024","  0","MiSeq","MBTS 17024 0","0-20"
"60","CN24F150mMV2_SC42_FD",NA,"FD","CN24F150mMV2_SC42_S72_L001_R1_001.fastq.gz","CN24F150mMV2_SC42_S72_L001_R2_001.fastq.gz","Francisco Chavez",NA,NA,"MBARI",NA,NA,NA,NA,NA,NA,NA,NA,NA,NA,"150",NA,"marine biome  (ENVO:00000447)","coastal water (ENVO:00001250)","waterborne particulate matter (ENVO:01000436)",NA,NA,"USA:California:Monterey Bay","FD72",NA,"72","CN24F150mMV2_SC42",NA,"GTACACACCGCCCGTC","TGATCCTTCTGCAGGTTCACCTAC",NA,NA,NA,"Poretics","0.22um","-80","environmental","CN24F150mMV2_SC42_FD","NGS Illumina Miseq","MSU","CGGTAGAGTT","18",NA,NA,NA,NA,"CN24F 150m exp","150","MiSeq","CN24F 150m exp 150","150 - benchtop experiment"
"61","CN24F150mMV2_SC43_FD",NA,"FD","CN24F150mMV2_SC43_S73_L001_R1_001.fastq.gz","CN24F150mMV2_SC43_S73_L001_R2_001.fastq.gz","Francisco Chavez",NA,NA,"MBARI",NA,NA,NA,NA,NA,NA,NA,NA,NA,NA,"150",NA,"marine biome  (ENVO:00000447)","coastal water (ENVO:00001250)","waterborne particulate matter (ENVO:01000436)",NA,NA,"USA:California:Monterey Bay","FD73",NA,"73","CN24F150mMV2_SC43",NA,"GTACACACCGCCCGTC","TGATCCTTCTGCAGGTTCACCTAC",NA,NA,NA,"Poretics","0.22um","-80","environmental","CN24F150mMV2_SC43_FD","NGS Illumina Miseq","MSU","CGTGACTCTA","18",NA,NA,NA,NA,"CN24F 150m exp","150","MiSeq","CN24F 150m exp 150","150 - benchtop experiment"
"62","CN24F150mMV2_SC44_FD",NA,"FD","CN24F150mMV2_SC44_S74_L001_R1_001.fastq.gz","CN24F150mMV2_SC44_S74_L001_R2_001.fastq.gz","Francisco Chavez",NA,NA,"MBARI",NA,NA,NA,NA,NA,NA,NA,NA,NA,NA,"150",NA,"marine biome  (ENVO:00000447)","coastal water (ENVO:00001250)","waterborne particulate matter (ENVO:01000436)",NA,NA,"USA:California:Monterey Bay","FD74",NA,"74","CN24F150mMV2_SC44",NA,"GTACACACCGCCCGTC","TGATCCTTCTGCAGGTTCACCTAC",NA,NA,NA,"Poretics","0.22um","-80","environmental","CN24F150mMV2_SC44_FD","NGS Illumina Miseq","MSU","CTTCAATAGC","18",NA,NA,NA,NA,"CN24F 150m exp","150","MiSeq","CN24F 150m exp 150","150 - benchtop experiment"
"63","CN24F150mMV2_SC45_FD",NA,"FD","CN24F150mMV2_SC45_S75_L001_R1_001.fastq.gz","CN24F150mMV2_SC45_S75_L001_R2_001.fastq.gz","Francisco Chavez",NA,NA,"MBARI",NA,NA,NA,NA,NA,NA,NA,NA,NA,NA,"150",NA,"marine biome  (ENVO:00000447)","coastal water (ENVO:00001250)","waterborne particulate matter (ENVO:01000436)",NA,NA,"USA:California:Monterey Bay","FD75",NA,"75","CN24F150mMV2_SC45",NA,"GTACACACCGCCCGTC","TGATCCTTCTGCAGGTTCACCTAC",NA,NA,NA,"Poretics","0.22um","-80","environmental","CN24F150mMV2_SC45_FD","NGS Illumina Miseq","MSU","AAGGACTCAG","18",NA,NA,NA,NA,"CN24F 150m exp","150","MiSeq","CN24F 150m exp 150","150 - benchtop experiment"
"64","CN24F150mMV2_SC46_FD",NA,"FD","CN24F150mMV2_SC46_S76_L001_R1_001.fastq.gz","CN24F150mMV2_SC46_S76_L001_R2_001.fastq.gz","Francisco Chavez",NA,NA,"MBARI",NA,NA,NA,NA,NA,NA,NA,NA,NA,NA,"150",NA,"marine biome  (ENVO:00000447)","coastal water (ENVO:00001250)","waterborne particulate matter (ENVO:01000436)",NA,NA,"USA:California:Monterey Bay","FD76",NA,"76","CN24F150mMV2_SC46",NA,"GTACACACCGCCCGTC","TGATCCTTCTGCAGGTTCACCTAC",NA,NA,NA,"Poretics","0.22um","-80","environmental","CN24F150mMV2_SC46_FD","NGS Illumina Miseq","MSU","CAGACGATGA","18",NA,NA,NA,NA,"CN24F 150m exp","150","MiSeq","CN24F 150m exp 150","150 - benchtop experiment"
"65","CN24F150mMV2_SC47_FD",NA,"FD","CN24F150mMV2_SC47_S77_L001_R1_001.fastq.gz","CN24F150mMV2_SC47_S77_L001_R2_001.fastq.gz","Francisco Chavez",NA,NA,"MBARI",NA,NA,NA,NA,NA,NA,NA,NA,NA,NA,"150",NA,"marine biome  (ENVO:00000447)","coastal water (ENVO:00001250)","waterborne particulate matter (ENVO:01000436)",NA,NA,"USA:California:Monterey Bay","FD77",NA,"77","CN24F150mMV2_SC47",NA,"GTACACACCGCCCGTC","TGATCCTTCTGCAGGTTCACCTAC",NA,NA,NA,"Poretics","0.22um","-80","environmental","CN24F150mMV2_SC47_FD","NGS Illumina Miseq","MSU","TTGGAAGTAC","18",NA,NA,NA,NA,"CN24F 150m exp","150","MiSeq","CN24F 150m exp 150","150 - benchtop experiment"
"66","CN24F150mMV2_SC48_FD",NA,"FD","CN24F150mMV2_SC48_S78_L001_R1_001.fastq.gz","CN24F150mMV2_SC48_S78_L001_R2_001.fastq.gz","Francisco Chavez",NA,NA,"MBARI",NA,NA,NA,NA,NA,NA,NA,NA,NA,NA,"150",NA,"marine biome  (ENVO:00000447)","coastal water (ENVO:00001250)","waterborne particulate matter (ENVO:01000436)",NA,NA,"USA:California:Monterey Bay","FD78",NA,"78","CN24F150mMV2_SC48",NA,"GTACACACCGCCCGTC","TGATCCTTCTGCAGGTTCACCTAC",NA,NA,NA,"Poretics","0.22um","-80","environmental","CN24F150mMV2_SC48_FD","NGS Illumina Miseq","MSU","TCGCATCAAC","18",NA,NA,NA,NA,"CN24F 150m exp","150","MiSeq","CN24F 150m exp 150","150 - benchtop experiment"
"67","CN24F150mMV2_SC49_FD",NA,"FD","CN24F150mMV2_SC49_S79_L001_R1_001.fastq.gz","CN24F150mMV2_SC49_S79_L001_R2_001.fastq.gz","Francisco Chavez",NA,NA,"MBARI",NA,NA,NA,NA,NA,NA,NA,NA,NA,NA,"150",NA,"marine biome  (ENVO:00000447)","coastal water (ENVO:00001250)","waterborne particulate matter (ENVO:01000436)",NA,NA,"USA:California:Monterey Bay","FD79",NA,"79","CN24F150mMV2_SC49",NA,"GTACACACCGCCCGTC","TGATCCTTCTGCAGGTTCACCTAC",NA,NA,NA,"Poretics","0.22um","-80","environmental","CN24F150mMV2_SC49_FD","NGS Illumina Miseq","MSU","TATGCAACTC","18",NA,NA,NA,NA,"CN24F 150m exp","150","MiSeq","CN24F 150m exp 150","150 - benchtop experiment"
"68","CN24F150mMV2_SC50_FD",NA,"FD","CN24F150mMV2_SC50_S80_L001_R1_001.fastq.gz","CN24F150mMV2_SC50_S80_L001_R2_001.fastq.gz","Francisco Chavez",NA,NA,"MBARI",NA,NA,NA,NA,NA,NA,NA,NA,NA,NA,"150",NA,"marine biome  (ENVO:00000447)","coastal water (ENVO:00001250)","waterborne particulate matter (ENVO:01000436)",NA,NA,"USA:California:Monterey Bay","FD80",NA,"80","CN24F150mMV2_SC50",NA,"GTACACACCGCCCGTC","TGATCCTTCTGCAGGTTCACCTAC",NA,NA,NA,"Poretics","0.22um","-80","environmental","CN24F150mMV2_SC50_FD","NGS Illumina Miseq","MSU","GAATGTCACG","18",NA,NA,NA,NA,"CN24F 150m exp","150","MiSeq","CN24F 150m exp 150","150 - benchtop experiment"
"69","CN24F150mMV2_SC51_FD",NA,"FD","CN24F150mMV2_SC51_S81_L001_R1_001.fastq.gz","CN24F150mMV2_SC51_S81_L001_R2_001.fastq.gz","Francisco Chavez",NA,NA,"MBARI",NA,NA,NA,NA,NA,NA,NA,NA,NA,NA,"150",NA,"marine biome  (ENVO:00000447)","coastal water (ENVO:00001250)","waterborne particulate matter (ENVO:01000436)",NA,NA,"USA:California:Monterey Bay","FD81",NA,"81","CN24F150mMV2_SC51",NA,"GTACACACCGCCCGTC","TGATCCTTCTGCAGGTTCACCTAC",NA,NA,NA,"Poretics","0.22um","-80","environmental","CN24F150mMV2_SC51_FD","NGS Illumina Miseq","MSU","GACCTGTTAA","18",NA,NA,NA,NA,"CN24F 150m exp","150","MiSeq","CN24F 150m exp 150","150 - benchtop experiment"
"70","CN24F150mMV2_SC52_FD",NA,"FD","CN24F150mMV2_SC52_S82_L001_R1_001.fastq.gz","CN24F150mMV2_SC52_S82_L001_R2_001.fastq.gz","Francisco Chavez",NA,NA,"MBARI",NA,NA,NA,NA,NA,NA,NA,NA,NA,NA,"150",NA,"marine biome  (ENVO:00000447)","coastal water (ENVO:00001250)","waterborne particulate matter (ENVO:01000436)",NA,NA,"USA:California:Monterey Bay","FD82",NA,"82","CN24F150mMV2_SC52",NA,"GTACACACCGCCCGTC","TGATCCTTCTGCAGGTTCACCTAC",NA,NA,NA,"Poretics","0.22um","-80","environmental","CN24F150mMV2_SC52_FD","NGS Illumina Miseq","MSU","CGGATGCTGA","18",NA,NA,NA,NA,"CN24F 150m exp","150","MiSeq","CN24F 150m exp 150","150 - benchtop experiment"
"71","CN24F150mMV2_SC53_FD",NA,"FD","CN24F150mMV2_SC53_S83_L001_R1_001.fastq.gz","CN24F150mMV2_SC53_S83_L001_R2_001.fastq.gz","Francisco Chavez",NA,NA,"MBARI",NA,NA,NA,NA,NA,NA,NA,NA,NA,NA,"150",NA,"marine biome  (ENVO:00000447)","coastal water (ENVO:00001250)","waterborne particulate matter (ENVO:01000436)",NA,NA,"USA:California:Monterey Bay","FD83",NA,"83","CN24F150mMV2_SC53",NA,"GTACACACCGCCCGTC","TGATCCTTCTGCAGGTTCACCTAC",NA,NA,NA,"Poretics","0.22um","-80","environmental","CN24F150mMV2_SC53_FD","NGS Illumina Miseq","MSU","GCAACTGTGA","18",NA,NA,NA,NA,"CN24F 150m exp","150","MiSeq","CN24F 150m exp 150","150 - benchtop experiment"
"72","CN24F150mMV2_SC54_FD",NA,"FD","CN24F150mMV2_SC54_S84_L001_R1_001.fastq.gz","CN24F150mMV2_SC54_S84_L001_R2_001.fastq.gz","Francisco Chavez",NA,NA,"MBARI",NA,NA,NA,NA,NA,NA,NA,NA,NA,NA,"150",NA,"marine biome  (ENVO:00000447)","coastal water (ENVO:00001250)","waterborne particulate matter (ENVO:01000436)",NA,NA,"USA:California:Monterey Bay","FD84",NA,"84","CN24F150mMV2_SC54",NA,"GTACACACCGCCCGTC","TGATCCTTCTGCAGGTTCACCTAC",NA,NA,NA,"Poretics","0.22um","-80","environmental","CN24F150mMV2_SC54_FD","NGS Illumina Miseq","MSU","CGGAGCATCT","18",NA,NA,NA,NA,"CN24F 150m exp","150","MiSeq","CN24F 150m exp 150","150 - benchtop experiment"
"73","CN24F150mMV2_SC55_FD",NA,"FD","CN24F150mMV2_SC55_S85_L001_R1_001.fastq.gz","CN24F150mMV2_SC55_S85_L001_R2_001.fastq.gz","Francisco Chavez",NA,NA,"MBARI",NA,NA,NA,NA,NA,NA,NA,NA,NA,NA,"150",NA,"marine biome  (ENVO:00000447)","coastal water (ENVO:00001250)","waterborne particulate matter (ENVO:01000436)",NA,NA,"USA:California:Monterey Bay","FD85",NA,"85","CN24F150mMV2_SC55",NA,"GTACACACCGCCCGTC","TGATCCTTCTGCAGGTTCACCTAC",NA,NA,NA,"Poretics","0.22um","-80","environmental","CN24F150mMV2_SC55_FD","NGS Illumina Miseq","MSU","AAGACGCTAA","18",NA,NA,NA,NA,"CN24F 150m exp","150","MiSeq","CN24F 150m exp 150","150 - benchtop experiment"
"74","CN24F150mMV2_SC56_FD",NA,"FD","CN24F150mMV2_SC56_S86_L001_R1_001.fastq.gz","CN24F150mMV2_SC56_S86_L001_R2_001.fastq.gz","Francisco Chavez",NA,NA,"MBARI",NA,NA,NA,NA,NA,NA,NA,NA,NA,NA,"150",NA,"marine biome  (ENVO:00000447)","coastal water (ENVO:00001250)","waterborne particulate matter (ENVO:01000436)",NA,NA,"USA:California:Monterey Bay","FD86",NA,"86","CN24F150mMV2_SC56",NA,"GTACACACCGCCCGTC","TGATCCTTCTGCAGGTTCACCTAC",NA,NA,NA,"Poretics","0.22um","-80","environmental","CN24F150mMV2_SC56_FD","NGS Illumina Miseq","MSU","ATAACAAGCG","18",NA,NA,NA,NA,"CN24F 150m exp","150","MiSeq","CN24F 150m exp 150","150 - benchtop experiment"
"75","CN24F150mMV2_SC57_FD",NA,"FD","CN24F150mMV2_SC57_S87_L001_R1_001.fastq.gz","CN24F150mMV2_SC57_S87_L001_R2_001.fastq.gz","Francisco Chavez",NA,NA,"MBARI",NA,NA,NA,NA,NA,NA,NA,NA,NA,NA,"150",NA,"marine biome  (ENVO:00000447)","coastal water (ENVO:00001250)","waterborne particulate matter (ENVO:01000436)",NA,NA,"USA:California:Monterey Bay","FD87",NA,"87","CN24F150mMV2_SC57",NA,"GTACACACCGCCCGTC","TGATCCTTCTGCAGGTTCACCTAC",NA,NA,NA,"Poretics","0.22um","-80","environmental","CN24F150mMV2_SC57_FD","NGS Illumina Miseq","MSU","ATGCTAGTGT","18",NA,NA,NA,NA,"CN24F 150m exp","150","MiSeq","CN24F 150m exp 150","150 - benchtop experiment"
"76","CN24F150mMV2_SC58_FD",NA,"FD","CN24F150mMV2_SC58_S88_L001_R1_001.fastq.gz","CN24F150mMV2_SC58_S88_L001_R2_001.fastq.gz","Francisco Chavez",NA,NA,"MBARI",NA,NA,NA,NA,NA,NA,NA,NA,NA,NA,"150",NA,"marine biome  (ENVO:00000447)","coastal water (ENVO:00001250)","waterborne particulate matter (ENVO:01000436)",NA,NA,"USA:California:Monterey Bay","FD88",NA,"88","CN24F150mMV2_SC58",NA,"GTACACACCGCCCGTC","TGATCCTTCTGCAGGTTCACCTAC",NA,NA,NA,"Poretics","0.22um","-80","environmental","CN24F150mMV2_SC58_FD","NGS Illumina Miseq","MSU","CCTGGTACAG","18",NA,NA,NA,NA,"CN24F 150m exp","150","MiSeq","CN24F 150m exp 150","150 - benchtop experiment"
"77","CN24F150mMV2_SC59_FD",NA,"FD","CN24F150mMV2_SC59_S89_L001_R1_001.fastq.gz","CN24F150mMV2_SC59_S89_L001_R2_001.fastq.gz","Francisco Chavez",NA,NA,"MBARI",NA,NA,NA,NA,NA,NA,NA,NA,NA,NA,"150",NA,"marine biome  (ENVO:00000447)","coastal water (ENVO:00001250)","waterborne particulate matter (ENVO:01000436)",NA,NA,"USA:California:Monterey Bay","FD89",NA,"89","CN24F150mMV2_SC59",NA,"GTACACACCGCCCGTC","TGATCCTTCTGCAGGTTCACCTAC",NA,NA,NA,"Poretics","0.22um","-80","environmental","CN24F150mMV2_SC59_FD","NGS Illumina Miseq","MSU","TGGCTCATGT","18",NA,NA,NA,NA,"CN24F 150m exp","150","MiSeq","CN24F 150m exp 150","150 - benchtop experiment"
"78","14223c01_10c_eDNA_FK",NA,"FK","14223c01_10c_eDNA_L1_R1.fastq.gz","14223c01_10c_eDNA_L1_R2.fastq.gz","Francisco Chavez","10","14223","MBARI","Rachel Carson","ship"," 21.024","MARS"," 1",NA," 1.7658","36.7110","-122.1960","25.1101"," 20","6.0492","marine biome  (ENVO:00000447)","coastal water (ENVO:00001250)","waterborne particulate matter (ENVO:01000436)","2023-05-22 17:53:00","0.2989","USA:California:Monterey Bay","FK4"," 7.481"," 4","14223c01_10c_eDNA"," 21.181","GTACACACCGCCCGTC","TGATCCTTCTGCAGGTTCACCTAC","Cannon","c","33.2522","Poretics","0.22um","-80","environmental","14223c01_10c_eDNA_FK","AVITI 2x150 bp low output flow cell","MSU",NA,"18","12.6401","2023"," 5","22","CN23S MARS"," 20","AVITI","CN23S MARS 20","0-20"
"79","14223c01_09c_eDNA_FK",NA,"FK","14223c01_09c_eDNA_L1_R1.fastq.gz","14223c01_09c_eDNA_L1_R2.fastq.gz","Francisco Chavez"," 9","14223","MBARI","Rachel Carson","ship"," 61.340","MARS"," 1",NA," 0.0674","36.7110","-122.1960","26.0385"," 60","3.4987","marine biome  (ENVO:00000447)","coastal water (ENVO:00001250)","waterborne particulate matter (ENVO:01000436)","2023-05-22 17:53:00","0.1403","USA:California:Monterey Bay","FK6","25.001"," 6","14223c01_09c_eDNA"," 61.805","GTACACACCGCCCGTC","TGATCCTTCTGCAGGTTCACCTAC","Cannon","c","33.8392","Poretics","0.22um","-80","environmental","14223c01_09c_eDNA_FK","AVITI 2x150 bp low output flow cell","MSU",NA,"18","10.0487","2023"," 5","22","CN23S MARS"," 60","AVITI","CN23S MARS 60","60"
"80","14223c01_02c_eDNA_FK",NA,"FK","14223c01_02c_eDNA_L1_R1.fastq.gz","14223c01_02c_eDNA_L1_R2.fastq.gz","Francisco Chavez"," 2","14223","MBARI","Rachel Carson","ship","601.895","MARS"," 1",NA,"-0.1048","36.7110","-122.1960","26.9458","600","0.3844","marine biome  (ENVO:00000447)","coastal water (ENVO:00001250)","waterborne particulate matter (ENVO:01000436)","2023-05-22 17:53:00","0.1242","USA:California:Monterey Bay","FK7","43.736"," 7","14223c01_02c_eDNA","607.252","GTACACACCGCCCGTC","TGATCCTTCTGCAGGTTCACCTAC","Cannon","c","34.2505","Poretics","0.22um","-80","environmental","14223c01_02c_eDNA_FK","AVITI 2x150 bp low output flow cell","MSU",NA,"18"," 6.1689","2023"," 5","22","CN23S MARS","600","AVITI","CN23S MARS 600","200-700"
"81","14223c01_03c_eDNA_FK",NA,"FK","14223c01_03c_eDNA_L1_R1.fastq.gz","14223c01_03c_eDNA_L1_R2.fastq.gz","Francisco Chavez"," 3","14223","MBARI","Rachel Carson","ship","500.926","MARS"," 1",NA,"-0.1120","36.7110","-122.1960","26.8855","500","0.5040","marine biome  (ENVO:00000447)","coastal water (ENVO:00001250)","waterborne particulate matter (ENVO:01000436)","2023-05-22 17:53:00","0.1235","USA:California:Monterey Bay","FK9","35.907"," 9","14223c01_03c_eDNA","505.260","GTACACACCGCCCGTC","TGATCCTTCTGCAGGTTCACCTAC","Cannon","c","34.2243","Poretics","0.22um","-80","environmental","14223c01_03c_eDNA_FK","AVITI 2x150 bp low output flow cell","MSU",NA,"18"," 6.4669","2023"," 5","22","CN23S MARS","500","AVITI","CN23S MARS 500","200-700"
"82","14223c01_12c_eDNA_FK",NA,"FK","14223c01_12c_eDNA_L1_R1.fastq.gz","14223c01_12c_eDNA_L1_R2.fastq.gz","Francisco Chavez","12","14223","MBARI","Rachel Carson","ship","  3.112","MARS"," 1",NA," 1.1456","36.7110","-122.1960","25.0996","  0","6.0942","marine biome  (ENVO:00000447)","coastal water (ENVO:00001250)","waterborne particulate matter (ENVO:01000436)","2023-05-22 17:53:00","0.2410","USA:California:Monterey Bay","FK10"," 6.645","10","14223c01_12c_eDNA","  3.135","GTACACACCGCCCGTC","TGATCCTTCTGCAGGTTCACCTAC","Cannon","c","33.2531","Poretics","0.22um","-80","environmental","14223c01_12c_eDNA_FK","AVITI 2x150 bp low output flow cell","MSU",NA,"18","12.6957","2023"," 5","22","CN23S MARS","  0","AVITI","CN23S MARS 0","0-20"
"83","14223c01_08c_eDNA_FK",NA,"FK","14223c01_08c_eDNA_L1_R1.fastq.gz","14223c01_08c_eDNA_L1_R2.fastq.gz","Francisco Chavez"," 8","14223","MBARI","Rachel Carson","ship","101.114","MARS"," 1",NA,"-0.0212","36.7110","-122.1960","26.2686","100","2.4491","marine biome  (ENVO:00000447)","coastal water (ENVO:00001250)","waterborne particulate matter (ENVO:01000436)","2023-05-22 17:53:00","0.1320","USA:California:Monterey Bay","FK11","23.505","11","14223c01_08c_eDNA","101.890","GTACACACCGCCCGTC","TGATCCTTCTGCAGGTTCACCTAC","Cannon","c","33.9602","Poretics","0.22um","-80","environmental","14223c01_08c_eDNA_FK","AVITI 2x150 bp low output flow cell","MSU",NA,"18"," 9.2321","2023"," 5","22","CN23S MARS","100","AVITI","CN23S MARS 100","100"
"84","25424c01_12c_eDNA_FK",NA,"FK","25424c01_12c_eDNA_L1_R1.fastq.gz","25424c01_12c_eDNA_L1_R2.fastq.gz","Francisco Chavez","12","25424","MBARI","Rachel Carson","ship","  3.072","c1"," 1",NA," 3.3251","36.7975","-121.8475","25.0484","  0","5.8805","marine biome  (ENVO:00000447)","coastal water (ENVO:00001250)","waterborne particulate matter (ENVO:01000436)","2024-09-10 14:48:00","0.4445","USA:California:Monterey Bay","FK12",NA,"12","25424c01_12c_eDNA","  3.094","GTACACACCGCCCGTC","TGATCCTTCTGCAGGTTCACCTAC","PTLO","c","33.8047","Poretics","0.22um","-80","environmental","25424c01_12c_eDNA_FK","AVITI 2x150 bp low output flow cell","MSU",NA,"18","15.0100","2024"," 9","10","MBTS 25424","  0","AVITI","MBTS 25424 0","0-20"
"85","25424c01_10c_eDNA_FK",NA,"FK","25424c01_10c_eDNA_L1_R1.fastq.gz","25424c01_10c_eDNA_L1_R2.fastq.gz","Francisco Chavez","10","25424","MBARI","Rachel Carson","ship"," 10.238","c1"," 1",NA," 0.7041","36.7975","-121.8475","25.6966"," 10","3.9941","marine biome  (ENVO:00000447)","coastal water (ENVO:00001250)","waterborne particulate matter (ENVO:01000436)","2024-09-10 14:48:00","0.1997","USA:California:Monterey Bay","FK13",NA,"13","25424c01_10c_eDNA"," 10.314","GTACACACCGCCCGTC","TGATCCTTCTGCAGGTTCACCTAC","PTLO","c","33.8077","Poretics","0.22um","-80","environmental","25424c01_10c_eDNA_FK","AVITI 2x150 bp low output flow cell","MSU",NA,"18","11.8235","2024"," 9","10","MBTS 25424"," 10","AVITI","MBTS 25424 10","0-20"
"86","25424c01_09c_eDNA_FK",NA,"FK","25424c01_09c_eDNA_L1_R1.fastq.gz","25424c01_09c_eDNA_L1_R2.fastq.gz","Francisco Chavez"," 9","25424","MBARI","Rachel Carson","ship"," 20.421","c1"," 1",NA," 0.4298","36.7975","-121.8475","25.8362"," 20","3.4435","marine biome  (ENVO:00000447)","coastal water (ENVO:00001250)","waterborne particulate matter (ENVO:01000436)","2024-09-10 14:48:00","0.1741","USA:California:Monterey Bay","FK14",NA,"14","25424c01_09c_eDNA"," 20.574","GTACACACCGCCCGTC","TGATCCTTCTGCAGGTTCACCTAC","PTLO","c","33.8352","Poretics","0.22um","-80","environmental","25424c01_09c_eDNA_FK","AVITI 2x150 bp low output flow cell","MSU",NA,"18","11.1818","2024"," 9","10","MBTS 25424"," 20","AVITI","MBTS 25424 20","0-20"
"87","25424c01_06c_eDNA_FK",NA,"FK","25424c01_06c_eDNA_L1_R1.fastq.gz","25424c01_06c_eDNA_L1_R2.fastq.gz","Francisco Chavez"," 6","25424","MBARI","Rachel Carson","ship"," 59.967","c1"," 1",NA," 0.0431","36.7975","-121.8475","26.0666"," 60","2.0678","marine biome  (ENVO:00000447)","coastal water (ENVO:00001250)","waterborne particulate matter (ENVO:01000436)","2024-09-10 14:48:00","0.1380","USA:California:Monterey Bay","FK15",NA,"15","25424c01_06c_eDNA"," 60.422","GTACACACCGCCCGTC","TGATCCTTCTGCAGGTTCACCTAC","PTLO","c","33.9180","Poretics","0.22um","-80","environmental","25424c01_06c_eDNA_FK","AVITI 2x150 bp low output flow cell","MSU",NA,"18","10.2451","2024"," 9","10","MBTS 25424"," 60","AVITI","MBTS 25424 60","60"
"88","25424c01_03c_eDNA_FK",NA,"FK","25424c01_03c_eDNA_L1_R1.fastq.gz","25424c01_03c_eDNA_L1_R2.fastq.gz","Francisco Chavez"," 3","25424","MBARI","Rachel Carson","ship","149.061","c1"," 1",NA," 0.0169","36.7975","-121.8475","26.3645","150","1.1609","marine biome  (ENVO:00000447)","coastal water (ENVO:00001250)","waterborne particulate matter (ENVO:01000436)","2024-09-10 14:48:00","0.1356","USA:California:Monterey Bay","FK16",NA,"16","25424c01_03c_eDNA","150.223","GTACACACCGCCCGTC","TGATCCTTCTGCAGGTTCACCTAC","PTLO","c","34.0470","Poretics","0.22um","-80","environmental","25424c01_03c_eDNA_FK","AVITI 2x150 bp low output flow cell","MSU",NA,"18"," 9.0620","2024"," 9","10","MBTS 25424","150","AVITI","MBTS 25424 150","150"
"89","25424c02_12c_eDNA_FK",NA,"FK","25424c02_12c_eDNA_L1_R1.fastq.gz","25424c02_12c_eDNA_L1_R2.fastq.gz","Francisco Chavez","12","25424","MBARI","Rachel Carson","ship","  3.087","Mooring1"," 2",NA," 3.2152","36.7465","-122.0202","25.1026","  0","5.9011","marine biome  (ENVO:00000447)","coastal water (ENVO:00001250)","waterborne particulate matter (ENVO:01000436)","2024-09-10 16:26:00","0.4342","USA:California:Monterey Bay","FK17",NA,"17","25424c02_12c_eDNA","  3.110","GTACACACCGCCCGTC","TGATCCTTCTGCAGGTTCACCTAC","PTLO","c","33.7859","Poretics","0.22um","-80","environmental","25424c02_12c_eDNA_FK","AVITI 2x150 bp low output flow cell","MSU",NA,"18","14.6922","2024"," 9","10","MBTS 25424","  0","AVITI","MBTS 25424 0","0-20"
"90","25424c02_10c_eDNA_FK",NA,"FK","25424c02_10c_eDNA_L1_R1.fastq.gz","25424c02_10c_eDNA_L1_R2.fastq.gz","Francisco Chavez","10","25424","MBARI","Rachel Carson","ship"," 10.180","Mooring1"," 2",NA," 4.1594","36.7465","-122.0202","25.2200"," 10","5.6191","marine biome  (ENVO:00000447)","coastal water (ENVO:00001250)","waterborne particulate matter (ENVO:01000436)","2024-09-10 16:26:00","0.5224","USA:California:Monterey Bay","FK18",NA,"18","25424c02_10c_eDNA"," 10.255","GTACACACCGCCCGTC","TGATCCTTCTGCAGGTTCACCTAC","PTLO","c","33.7692","Poretics","0.22um","-80","environmental","25424c02_10c_eDNA_FK","AVITI 2x150 bp low output flow cell","MSU",NA,"18","14.0783","2024"," 9","10","MBTS 25424"," 10","AVITI","MBTS 25424 10","0-20"
"91","25424c02_09c_eDNA_FK",NA,"FK","25424c02_09c_eDNA_L1_R1.fastq.gz","25424c02_09c_eDNA_L1_R2.fastq.gz","Francisco Chavez"," 9","25424","MBARI","Rachel Carson","ship"," 20.181","Mooring1"," 2",NA," 1.6478","36.7465","-122.0202","25.6007"," 20","4.0424","marine biome  (ENVO:00000447)","coastal water (ENVO:00001250)","waterborne particulate matter (ENVO:01000436)","2024-09-10 16:26:00","0.2879","USA:California:Monterey Bay","FK19",NA,"19","25424c02_09c_eDNA"," 20.332","GTACACACCGCCCGTC","TGATCCTTCTGCAGGTTCACCTAC","PTLO","c","33.7580","Poretics","0.22um","-80","environmental","25424c02_09c_eDNA_FK","AVITI 2x150 bp low output flow cell","MSU",NA,"18","12.1278","2024"," 9","10","MBTS 25424"," 20","AVITI","MBTS 25424 20","0-20"
"92","25424c02_06c_eDNA_FK",NA,"FK","25424c02_06c_eDNA_L1_R1.fastq.gz","25424c02_06c_eDNA_L1_R2.fastq.gz","Francisco Chavez"," 6","25424","MBARI","Rachel Carson","ship"," 60.456","Mooring1"," 2",NA,"-0.0074","36.7465","-122.0202","26.0483"," 60","2.1870","marine biome  (ENVO:00000447)","coastal water (ENVO:00001250)","waterborne particulate matter (ENVO:01000436)","2024-09-10 16:26:00","0.1333","USA:California:Monterey Bay","FK20",NA,"20","25424c02_06c_eDNA"," 60.914","GTACACACCGCCCGTC","TGATCCTTCTGCAGGTTCACCTAC","PTLO","c","33.8969","Poretics","0.22um","-80","environmental","25424c02_06c_eDNA_FK","AVITI 2x150 bp low output flow cell","MSU",NA,"18","10.2553","2024"," 9","10","MBTS 25424"," 60","AVITI","MBTS 25424 60","60"
"93","25424c02_03c_eDNA_FK",NA,"FK","25424c02_03c_eDNA_L1_R1.fastq.gz","25424c02_03c_eDNA_L1_R2.fastq.gz","Francisco Chavez"," 3","25424","MBARI","Rachel Carson","ship","150.486","Mooring1"," 2",NA,"-0.0498","36.7465","-122.0202","26.2959","150","1.4903","marine biome  (ENVO:00000447)","coastal water (ENVO:00001250)","waterborne particulate matter (ENVO:01000436)","2024-09-10 16:26:00","0.1293","USA:California:Monterey Bay","FK21",NA,"21","25424c02_03c_eDNA","151.659","GTACACACCGCCCGTC","TGATCCTTCTGCAGGTTCACCTAC","PTLO","c","34.0379","Poretics","0.22um","-80","environmental","25424c02_03c_eDNA_FK","AVITI 2x150 bp low output flow cell","MSU",NA,"18"," 9.4442","2024"," 9","10","MBTS 25424","150","AVITI","MBTS 25424 150","150"
"94","25424c03_12c_eDNA_FK",NA,"FK","25424c03_12c_eDNA_L1_R1.fastq.gz","25424c03_12c_eDNA_L1_R2.fastq.gz","Francisco Chavez","12","25424","MBARI","Rachel Carson","ship","  2.626","Mooring2"," 3",NA," 4.8098","36.6950","-122.3813","25.1923","  0","6.5254","marine biome  (ENVO:00000447)","coastal water (ENVO:00001250)","waterborne particulate matter (ENVO:01000436)","2024-09-10 19:04:00","0.5831","USA:California:Monterey Bay","FK22",NA,"22","25424c03_12c_eDNA","  2.646","GTACACACCGCCCGTC","TGATCCTTCTGCAGGTTCACCTAC","PTLO","c","33.6627","Poretics","0.22um","-80","environmental","25424c03_12c_eDNA_FK","AVITI 2x150 bp low output flow cell","MSU",NA,"18","13.8142","2024"," 9","10","MBTS 25424","  0","AVITI","MBTS 25424 0","0-20"
"95","25424c03_10c_eDNA_FK",NA,"FK","25424c03_10c_eDNA_L1_R1.fastq.gz","25424c03_10c_eDNA_L1_R2.fastq.gz","Francisco Chavez","10","25424","MBARI","Rachel Carson","ship"," 10.316","Mooring2"," 3",NA," 6.4959","36.6950","-122.3813","25.4318"," 10","5.4528","marine biome  (ENVO:00000447)","coastal water (ENVO:00001250)","waterborne particulate matter (ENVO:01000436)","2024-09-10 19:04:00","0.7405","USA:California:Monterey Bay","FK23",NA,"23","25424c03_10c_eDNA"," 10.392","GTACACACCGCCCGTC","TGATCCTTCTGCAGGTTCACCTAC","PTLO","c","33.7459","Poretics","0.22um","-80","environmental","25424c03_10c_eDNA_FK","AVITI 2x150 bp low output flow cell","MSU",NA,"18","12.9488","2024"," 9","10","MBTS 25424"," 10","AVITI","MBTS 25424 10","0-20"
"96","25424c03_09c_eDNA_FK",NA,"FK","25424c03_09c_eDNA_L1_R1.fastq.gz","25424c03_09c_eDNA_L1_R2.fastq.gz","Francisco Chavez"," 9","25424","MBARI","Rachel Carson","ship"," 20.289","Mooring2"," 3",NA," 0.6123","36.6950","-122.3813","25.5600"," 20","4.4551","marine biome  (ENVO:00000447)","coastal water (ENVO:00001250)","waterborne particulate matter (ENVO:01000436)","2024-09-10 19:04:00","0.1912","USA:California:Monterey Bay","FK24",NA,"24","25424c03_09c_eDNA"," 20.441","GTACACACCGCCCGTC","TGATCCTTCTGCAGGTTCACCTAC","PTLO","c","33.6052","Poretics","0.22um","-80","environmental","25424c03_09c_eDNA_FK","AVITI 2x150 bp low output flow cell","MSU",NA,"18","11.7133","2024"," 9","10","MBTS 25424"," 20","AVITI","MBTS 25424 20","0-20"
"97","25424c03_06c_eDNA_FK",NA,"FK","25424c03_06c_eDNA_L1_R1.fastq.gz","25424c03_06c_eDNA_L1_R2.fastq.gz","Francisco Chavez"," 6","25424","MBARI","Rachel Carson","ship"," 60.038","Mooring2"," 3",NA,"-0.0354","36.6950","-122.3813","26.0261"," 60","2.0215","marine biome  (ENVO:00000447)","coastal water (ENVO:00001250)","waterborne particulate matter (ENVO:01000436)","2024-09-10 19:04:00","0.1307","USA:California:Monterey Bay","FK25",NA,"25","25424c03_06c_eDNA"," 60.493","GTACACACCGCCCGTC","TGATCCTTCTGCAGGTTCACCTAC","PTLO","c","33.8599","Poretics","0.22um","-80","environmental","25424c03_06c_eDNA_FK","AVITI 2x150 bp low output flow cell","MSU",NA,"18","10.2163","2024"," 9","10","MBTS 25424"," 60","AVITI","MBTS 25424 60","60"
"98","25424c03_03c_eDNA_FK",NA,"FK","25424c03_03c_eDNA_L1_R1.fastq.gz","25424c03_03c_eDNA_L1_R2.fastq.gz","Francisco Chavez"," 3","25424","MBARI","Rachel Carson","ship","149.850","Mooring2"," 3",NA,"-0.0634","36.6950","-122.3813","26.2385","150","1.5513","marine biome  (ENVO:00000447)","coastal water (ENVO:00001250)","waterborne particulate matter (ENVO:01000436)","2024-09-10 19:04:00","0.1281","USA:California:Monterey Bay","FK26",NA,"26","25424c03_03c_eDNA","151.017","GTACACACCGCCCGTC","TGATCCTTCTGCAGGTTCACCTAC","PTLO","c","34.0117","Poretics","0.22um","-80","environmental","25424c03_03c_eDNA_FK","AVITI 2x150 bp low output flow cell","MSU",NA,"18"," 9.6688","2024"," 9","10","MBTS 25424","150","AVITI","MBTS 25424 150","150"
"99","22624c01_12c_eDNA_FK",NA,"FK","22624c01_12c_eDNA_L1_R1.fastq.gz","22624c01_12c_eDNA_L1_R2.fastq.gz","Francisco Chavez","12","22624","MBARI","RACHEL CARSON","ship","  3.164","C1"," 1",NA," 8.9410","36.7973","-121.8470","25.6757","  0","5.5359","marine biome  (ENVO:00000447)","coastal water (ENVO:00001250)","waterborne particulate matter (ENVO:01000436)","2024-08-13 15:53:00","0.9688","USA:California:Monterey Bay","FK27",NA,"27","22624c01_12c_eDNA","  3.187","GTACACACCGCCCGTC","TGATCCTTCTGCAGGTTCACCTAC","PTLO","c","33.8171","Poretics","0.22um","-80","environmental","22624c01_12c_eDNA_FK","AVITI 2x150 bp low output flow cell","MSU",NA,"18","11.9723","2024"," 8","13","MBTS 22624","  0","AVITI","MBTS 22624 0","0-20"
"100","22624c01_10c_eDNA_FK",NA,"FK","22624c01_10c_eDNA_L1_R1.fastq.gz","22624c01_10c_eDNA_L1_R2.fastq.gz","Francisco Chavez","10","22624","MBARI","RACHEL CARSON","ship"," 11.021","C1"," 1",NA," 5.9354","36.7973","-121.8470","25.7897"," 10","4.1396","marine biome  (ENVO:00000447)","coastal water (ENVO:00001250)","waterborne particulate matter (ENVO:01000436)","2024-08-13 15:53:00","0.6882","USA:California:Monterey Bay","FK28",NA,"28","22624c01_10c_eDNA"," 11.103","GTACACACCGCCCGTC","TGATCCTTCTGCAGGTTCACCTAC","PTLO","c","33.8282","Poretics","0.22um","-80","environmental","22624c01_10c_eDNA_FK","AVITI 2x150 bp low output flow cell","MSU",NA,"18","11.4065","2024"," 8","13","MBTS 22624"," 10","AVITI","MBTS 22624 10","0-20"
"101","22624c01_09c_eDNA_FK",NA,"FK","22624c01_09c_eDNA_L1_R1.fastq.gz","22624c01_09c_eDNA_L1_R2.fastq.gz","Francisco Chavez"," 9","22624","MBARI","RACHEL CARSON","ship"," 20.800","C1"," 1",NA," 0.1589","36.7973","-121.8470","26.0656"," 20","2.1549","marine biome  (ENVO:00000447)","coastal water (ENVO:00001250)","waterborne particulate matter (ENVO:01000436)","2024-08-13 15:53:00","0.1488","USA:California:Monterey Bay","FK29",NA,"29","22624c01_09c_eDNA"," 20.955","GTACACACCGCCCGTC","TGATCCTTCTGCAGGTTCACCTAC","PTLO","c","33.8705","Poretics","0.22um","-80","environmental","22624c01_09c_eDNA_FK","AVITI 2x150 bp low output flow cell","MSU",NA,"18","10.0285","2024"," 8","13","MBTS 22624"," 20","AVITI","MBTS 22624 20","0-20"
"102","22624c01_06c_eDNA_FK",NA,"FK","22624c01_06c_eDNA_L1_R1.fastq.gz","22624c01_06c_eDNA_L1_R2.fastq.gz","Francisco Chavez"," 6","22624","MBARI","RACHEL CARSON","ship"," 61.245","C1"," 1",NA,"-0.0148","36.7973","-121.8470","26.2464"," 60","1.5823","marine biome  (ENVO:00000447)","coastal water (ENVO:00001250)","waterborne particulate matter (ENVO:01000436)","2024-08-13 15:53:00","0.1326","USA:California:Monterey Bay","FK30",NA,"30","22624c01_06c_eDNA"," 61.709","GTACACACCGCCCGTC","TGATCCTTCTGCAGGTTCACCTAC","PTLO","c","33.9986","Poretics","0.22um","-80","environmental","22624c01_06c_eDNA_FK","AVITI 2x150 bp low output flow cell","MSU",NA,"18"," 9.5484","2024"," 8","13","MBTS 22624"," 60","AVITI","MBTS 22624 60","60"
"103","22624c01_03c_eDNA_FK",NA,"FK","22624c01_03c_eDNA_L1_R1.fastq.gz","22624c01_03c_eDNA_L1_R2.fastq.gz","Francisco Chavez"," 3","22624","MBARI","RACHEL CARSON","ship","150.604","C1"," 1",NA,"-0.0370","36.7973","-121.8470","26.4370","150","1.3372","marine biome  (ENVO:00000447)","coastal water (ENVO:00001250)","waterborne particulate matter (ENVO:01000436)","2024-08-13 15:53:00","0.1305","USA:California:Monterey Bay","FK31",NA,"31","22624c01_03c_eDNA","151.779","GTACACACCGCCCGTC","TGATCCTTCTGCAGGTTCACCTAC","PTLO","c","34.0616","Poretics","0.22um","-80","environmental","22624c01_03c_eDNA_FK","AVITI 2x150 bp low output flow cell","MSU",NA,"18"," 8.6740","2024"," 8","13","MBTS 22624","150","AVITI","MBTS 22624 150","150"
"104","22624c02_12c_eDNA_FK",NA,"FK","22624c02_12c_eDNA_L1_R1.fastq.gz","22624c02_12c_eDNA_L1_R2.fastq.gz","Francisco Chavez","12","22624","MBARI","RACHEL CARSON","ship","  2.958","MOORING1"," 2",NA," 1.4298","36.7472","-122.0217","25.4541","  0","5.5156","marine biome  (ENVO:00000447)","coastal water (ENVO:00001250)","waterborne particulate matter (ENVO:01000436)","2024-08-13 17:36:00","0.2675","USA:California:Monterey Bay","FK32",NA,"32","22624c02_12c_eDNA","  2.979","GTACACACCGCCCGTC","TGATCCTTCTGCAGGTTCACCTAC","PTLO","c","33.7542","Poretics","0.22um","-80","environmental","22624c02_12c_eDNA_FK","AVITI 2x150 bp low output flow cell","MSU",NA,"18","12.8679","2024"," 8","13","MBTS 22624","  0","AVITI","MBTS 22624 0","0-20"
"105","22624c02_10c_eDNA_FK",NA,"FK","22624c02_10c_eDNA_L1_R1.fastq.gz","22624c02_10c_eDNA_L1_R2.fastq.gz","Francisco Chavez","10","22624","MBARI","RACHEL CARSON","ship"," 10.591","MOORING1"," 2",NA," 5.1999","36.7472","-122.0217","25.5357"," 10","5.4460","marine biome  (ENVO:00000447)","coastal water (ENVO:00001250)","waterborne particulate matter (ENVO:01000436)","2024-08-13 17:36:00","0.6195","USA:California:Monterey Bay","FK33",NA,"33","22624c02_10c_eDNA"," 10.670","GTACACACCGCCCGTC","TGATCCTTCTGCAGGTTCACCTAC","PTLO","c","33.7655","Poretics","0.22um","-80","environmental","22624c02_10c_eDNA_FK","AVITI 2x150 bp low output flow cell","MSU",NA,"18","12.4964","2024"," 8","13","MBTS 22624"," 10","AVITI","MBTS 22624 10","0-20"
"106","22624c02_09c_eDNA_FK",NA,"FK","22624c02_09c_eDNA_L1_R1.fastq.gz","22624c02_09c_eDNA_L1_R2.fastq.gz","Francisco Chavez"," 9","22624","MBARI","RACHEL CARSON","ship"," 20.485","MOORING1"," 2",NA," 7.9923","36.7472","-122.0217","25.6475"," 20","5.0903","marine biome  (ENVO:00000447)","coastal water (ENVO:00001250)","waterborne particulate matter (ENVO:01000436)","2024-08-13 17:36:00","0.8802","USA:California:Monterey Bay","FK34",NA,"34","22624c02_09c_eDNA"," 20.638","GTACACACCGCCCGTC","TGATCCTTCTGCAGGTTCACCTAC","PTLO","c","33.8058","Poretics","0.22um","-80","environmental","22624c02_09c_eDNA_FK","AVITI 2x150 bp low output flow cell","MSU",NA,"18","12.0772","2024"," 8","13","MBTS 22624"," 20","AVITI","MBTS 22624 20","0-20"
"107","22624c02_06c_eDNA_FK",NA,"FK","22624c02_06c_eDNA_L1_R1.fastq.gz","22624c02_06c_eDNA_L1_R2.fastq.gz","Francisco Chavez"," 6","22624","MBARI","RACHEL CARSON","ship"," 60.306","MOORING1"," 2",NA," 0.0775","36.7472","-122.0217","26.0722"," 60","2.2572","marine biome  (ENVO:00000447)","coastal water (ENVO:00001250)","waterborne particulate matter (ENVO:01000436)","2024-08-13 17:36:00","0.1412","USA:California:Monterey Bay","FK35",NA,"35","22624c02_06c_eDNA"," 60.763","GTACACACCGCCCGTC","TGATCCTTCTGCAGGTTCACCTAC","PTLO","c","33.8953","Poretics","0.22um","-80","environmental","22624c02_06c_eDNA_FK","AVITI 2x150 bp low output flow cell","MSU",NA,"18","10.1082","2024"," 8","13","MBTS 22624"," 60","AVITI","MBTS 22624 60","60"
"108","22624c03_10c_eDNA_FK",NA,"FK","22624c03_10c_eDNA_L1_R1.fastq.gz","22624c03_10c_eDNA_L1_R2.fastq.gz","Francisco Chavez","10","22624","MBARI","RACHEL CARSON","ship"," 10.795","MOORING2"," 3",NA," 4.4473","36.6968","-122.3775","25.4209"," 10","5.9201","marine biome  (ENVO:00000447)","coastal water (ENVO:00001250)","waterborne particulate matter (ENVO:01000436)","2024-08-13 20:07:00","0.5493","USA:California:Monterey Bay","FK38",NA,"38","22624c03_10c_eDNA"," 10.875","GTACACACCGCCCGTC","TGATCCTTCTGCAGGTTCACCTAC","PTLO","c","33.7393","Poretics","0.22um","-80","environmental","22624c03_10c_eDNA_FK","AVITI 2x150 bp low output flow cell","MSU",NA,"18","12.9779","2024"," 8","13","MBTS 22624"," 10","AVITI","MBTS 22624 10","0-20"
"109","22624c03_09c_eDNA_FK",NA,"FK","22624c03_09c_eDNA_L1_R1.fastq.gz","22624c03_09c_eDNA_L1_R2.fastq.gz","Francisco Chavez"," 9","22624","MBARI","RACHEL CARSON","ship"," 20.375","MOORING2"," 3",NA," 4.0849","36.6968","-122.3775","25.4515"," 20","5.5692","marine biome  (ENVO:00000447)","coastal water (ENVO:00001250)","waterborne particulate matter (ENVO:01000436)","2024-08-13 20:07:00","0.5154","USA:California:Monterey Bay","FK39",NA,"39","22624c03_09c_eDNA"," 20.527","GTACACACCGCCCGTC","TGATCCTTCTGCAGGTTCACCTAC","PTLO","c","33.7369","Poretics","0.22um","-80","environmental","22624c03_09c_eDNA_FK","AVITI 2x150 bp low output flow cell","MSU",NA,"18","12.8153","2024"," 8","13","MBTS 22624"," 20","AVITI","MBTS 22624 20","0-20"
"110","22624c03_06c_eDNA_FK",NA,"FK","22624c03_06c_eDNA_L1_R1.fastq.gz","22624c03_06c_eDNA_L1_R2.fastq.gz","Francisco Chavez"," 6","22624","MBARI","RACHEL CARSON","ship"," 60.383","MOORING2"," 3",NA," 0.0159","36.6968","-122.3775","26.0543"," 60","2.3923","marine biome  (ENVO:00000447)","coastal water (ENVO:00001250)","waterborne particulate matter (ENVO:01000436)","2024-08-13 20:07:00","0.1355","USA:California:Monterey Bay","FK40",NA,"40","22624c03_06c_eDNA"," 60.840","GTACACACCGCCCGTC","TGATCCTTCTGCAGGTTCACCTAC","PTLO","c","33.8559","Poretics","0.22um","-80","environmental","22624c03_06c_eDNA_FK","AVITI 2x150 bp low output flow cell","MSU",NA,"18","10.0319","2024"," 8","13","MBTS 22624"," 60","AVITI","MBTS 22624 60","60"
"111","20524c02_12c_eDNA_FK",NA,"FK","20524c02_12c_eDNA_L1_R1.fastq.gz","20524c02_12c_eDNA_L1_R2.fastq.gz","Francisco Chavez","12","20524","MBARI","RACHEL CARSON","ship","  2.817","MOORING 1"," 2",NA," 3.7425","36.7477","-122.0225","25.2873","  0","6.8747","marine biome  (ENVO:00000447)","coastal water (ENVO:00001250)","waterborne particulate matter (ENVO:01000436)","2024-07-23 17:30:00","0.4834","USA:California:Monterey Bay","FK42",NA,"42","20524c02_12c_eDNA","  2.838","GTACACACCGCCCGTC","TGATCCTTCTGCAGGTTCACCTAC","PTLO","c","33.6997","Poretics","0.22um","-80","environmental","20524c02_12c_eDNA_FK","AVITI 2x150 bp low output flow cell","MSU",NA,"18","13.4898","2024"," 7","23","MBTS 20524","  0","AVITI","MBTS 20524 0","0-20"
"112","20524c02_10c_eDNA_FK",NA,"FK","20524c02_10c_eDNA_L1_R1.fastq.gz","20524c02_10c_eDNA_L1_R2.fastq.gz","Francisco Chavez","10","20524","MBARI","RACHEL CARSON","ship"," 10.958","MOORING 1"," 2",NA," 4.9072","36.7477","-122.0225","25.4425"," 10","5.3319","marine biome  (ENVO:00000447)","coastal water (ENVO:00001250)","waterborne particulate matter (ENVO:01000436)","2024-07-23 17:30:00","0.5922","USA:California:Monterey Bay","FK43",NA,"43","20524c02_10c_eDNA"," 11.040","GTACACACCGCCCGTC","TGATCCTTCTGCAGGTTCACCTAC","PTLO","c","33.6948","Poretics","0.22um","-80","environmental","20524c02_10c_eDNA_FK","AVITI 2x150 bp low output flow cell","MSU",NA,"18","12.6933","2024"," 7","23","MBTS 20524"," 10","AVITI","MBTS 20524 10","0-20"
"113","20524c02_09c_eDNA_FK",NA,"FK","20524c02_09c_eDNA_L1_R1.fastq.gz","20524c02_09c_eDNA_L1_R2.fastq.gz","Francisco Chavez"," 9","20524","MBARI","RACHEL CARSON","ship"," 20.770","MOORING 1"," 2",NA," 0.5323","36.7477","-122.0225","25.8104"," 20","3.7582","marine biome  (ENVO:00000447)","coastal water (ENVO:00001250)","waterborne particulate matter (ENVO:01000436)","2024-07-23 17:30:00","0.1837","USA:California:Monterey Bay","FK44",NA,"44","20524c02_09c_eDNA"," 20.925","GTACACACCGCCCGTC","TGATCCTTCTGCAGGTTCACCTAC","PTLO","c","33.7688","Poretics","0.22um","-80","environmental","20524c02_09c_eDNA_FK","AVITI 2x150 bp low output flow cell","MSU",NA,"18","11.0379","2024"," 7","23","MBTS 20524"," 20","AVITI","MBTS 20524 20","0-20"
"114","20524c02_06c_eDNA_FK",NA,"FK","20524c02_06c_eDNA_L1_R1.fastq.gz","20524c02_06c_eDNA_L1_R2.fastq.gz","Francisco Chavez"," 6","20524","MBARI","RACHEL CARSON","ship"," 60.980","MOORING 1"," 2",NA,"-0.0533","36.7477","-122.0225","26.1549"," 60","2.2115","marine biome  (ENVO:00000447)","coastal water (ENVO:00001250)","waterborne particulate matter (ENVO:01000436)","2024-07-23 17:30:00","0.1290","USA:California:Monterey Bay","FK45",NA,"45","20524c02_06c_eDNA"," 61.442","GTACACACCGCCCGTC","TGATCCTTCTGCAGGTTCACCTAC","PTLO","c","33.8968","Poretics","0.22um","-80","environmental","20524c02_06c_eDNA_FK","AVITI 2x150 bp low output flow cell","MSU",NA,"18"," 9.6213","2024"," 7","23","MBTS 20524"," 60","AVITI","MBTS 20524 60","60"
"115","20524c02_03c_eDNA_FK",NA,"FK","20524c02_03c_eDNA_L1_R1.fastq.gz","20524c02_03c_eDNA_L1_R2.fastq.gz","Francisco Chavez"," 3","20524","MBARI","RACHEL CARSON","ship","151.117","MOORING 1"," 2",NA,"-0.0525","36.7477","-122.0225","26.3877","150","1.5514","marine biome  (ENVO:00000447)","coastal water (ENVO:00001250)","waterborne particulate matter (ENVO:01000436)","2024-07-23 17:30:00","0.1291","USA:California:Monterey Bay","FK46",NA,"46","20524c02_03c_eDNA","152.295","GTACACACCGCCCGTC","TGATCCTTCTGCAGGTTCACCTAC","PTLO","c","34.0570","Poretics","0.22um","-80","environmental","20524c02_03c_eDNA_FK","AVITI 2x150 bp low output flow cell","MSU",NA,"18"," 8.9659","2024"," 7","23","MBTS 20524","150","AVITI","MBTS 20524 150","150"
"116","20524c01_12c_eDNA_FK",NA,"FK","20524c01_12c_eDNA_L1_R1.fastq.gz","20524c01_12c_eDNA_L1_R2.fastq.gz","Francisco Chavez","12","20524","MBARI","RACHEL CARSON","ship","  2.940","C1"," 1",NA," 2.8909","36.7985","-121.8470","25.2280","  0","5.5433","marine biome  (ENVO:00000447)","coastal water (ENVO:00001250)","waterborne particulate matter (ENVO:01000436)","2024-07-23 15:56:00","0.4039","USA:California:Monterey Bay","FK47",NA,"47","20524c01_12c_eDNA","  2.961","GTACACACCGCCCGTC","TGATCCTTCTGCAGGTTCACCTAC","PTLO","c","33.7075","Poretics","0.22um","-80","environmental","20524c01_12c_eDNA_FK","AVITI 2x150 bp low output flow cell","MSU",NA,"18","13.8092","2024"," 7","23","MBTS 20524","  0","AVITI","MBTS 20524 0","0-20"
"117","20524c01_10c_eDNA_FK",NA,"FK","20524c01_10c_eDNA_L1_R1.fastq.gz","20524c01_10c_eDNA_L1_R2.fastq.gz","Francisco Chavez","10","20524","MBARI","RACHEL CARSON","ship"," 10.743","C1"," 1",NA," 2.4874","36.7985","-121.8470","25.4306"," 10","4.9831","marine biome  (ENVO:00000447)","coastal water (ENVO:00001250)","waterborne particulate matter (ENVO:01000436)","2024-07-23 15:56:00","0.3663","USA:California:Monterey Bay","FK48",NA,"48","20524c01_10c_eDNA"," 10.823","GTACACACCGCCCGTC","TGATCCTTCTGCAGGTTCACCTAC","PTLO","c","33.7481","Poretics","0.22um","-80","environmental","20524c01_10c_eDNA_FK","AVITI 2x150 bp low output flow cell","MSU",NA,"18","12.9636","2024"," 7","23","MBTS 20524"," 10","AVITI","MBTS 20524 10","0-20"
"118","20524c01_09c_eDNA_FK",NA,"FK","20524c01_09c_eDNA_L1_R1.fastq.gz","20524c01_09c_eDNA_L1_R2.fastq.gz","Francisco Chavez"," 9","20524","MBARI","RACHEL CARSON","ship"," 21.056","C1"," 1",NA," 0.5195","36.7985","-121.8470","25.9080"," 20","3.6565","marine biome  (ENVO:00000447)","coastal water (ENVO:00001250)","waterborne particulate matter (ENVO:01000436)","2024-07-23 15:56:00","0.1825","USA:California:Monterey Bay","FK49",NA,"49","20524c01_09c_eDNA"," 21.214","GTACACACCGCCCGTC","TGATCCTTCTGCAGGTTCACCTAC","PTLO","c","33.8585","Poretics","0.22um","-80","environmental","20524c01_09c_eDNA_FK","AVITI 2x150 bp low output flow cell","MSU",NA,"18","10.8825","2024"," 7","23","MBTS 20524"," 20","AVITI","MBTS 20524 20","0-20"
"119","20524c01_06c_eDNA_FK",NA,"FK","20524c01_06c_eDNA_L1_R1.fastq.gz","20524c01_06c_eDNA_L1_R2.fastq.gz","Francisco Chavez"," 6","20524","MBARI","RACHEL CARSON","ship"," 60.315","C1"," 1",NA," 0.0885","36.7985","-121.8470","26.1061"," 60","2.5892","marine biome  (ENVO:00000447)","coastal water (ENVO:00001250)","waterborne particulate matter (ENVO:01000436)","2024-07-23 15:56:00","0.1423","USA:California:Monterey Bay","FK50",NA,"50","20524c01_06c_eDNA"," 60.772","GTACACACCGCCCGTC","TGATCCTTCTGCAGGTTCACCTAC","PTLO","c","33.9089","Poretics","0.22um","-80","environmental","20524c01_06c_eDNA_FK","AVITI 2x150 bp low output flow cell","MSU",NA,"18"," 9.9710","2024"," 7","23","MBTS 20524"," 60","AVITI","MBTS 20524 60","60"
"120","20524c01_03c_eDNA_FK",NA,"FK","20524c01_03c_eDNA_L1_R1.fastq.gz","20524c01_03c_eDNA_L1_R2.fastq.gz","Francisco Chavez"," 3","20524","MBARI","RACHEL CARSON","ship","150.809","C1"," 1",NA," 0.0375","36.7985","-121.8470","26.3209","150","1.9228","marine biome  (ENVO:00000447)","coastal water (ENVO:00001250)","waterborne particulate matter (ENVO:01000436)","2024-07-23 15:56:00","0.1375","USA:California:Monterey Bay","FK51",NA,"51","20524c01_03c_eDNA","151.985","GTACACACCGCCCGTC","TGATCCTTCTGCAGGTTCACCTAC","PTLO","c","34.0013","Poretics","0.22um","-80","environmental","20524c01_03c_eDNA_FK","AVITI 2x150 bp low output flow cell","MSU",NA,"18"," 9.1118","2024"," 7","23","MBTS 20524","150","AVITI","MBTS 20524 150","150"
"121","20524c03_10c_eDNA_FK",NA,"FK","20524c03_10c_eDNA_L1_R1.fastq.gz","20524c03_10c_eDNA_L1_R2.fastq.gz","Francisco Chavez","10","20524","MBARI","RACHEL CARSON","ship"," 10.778","MOORING 2"," 3",NA," 3.3014","36.6982","-122.3780","25.3853"," 10","5.9974","marine biome  (ENVO:00000447)","coastal water (ENVO:00001250)","waterborne particulate matter (ENVO:01000436)","2024-07-23 20:06:00","0.4423","USA:California:Monterey Bay","FK53",NA,"53","20524c03_10c_eDNA"," 10.859","GTACACACCGCCCGTC","TGATCCTTCTGCAGGTTCACCTAC","PTLO","c","33.7419","Poretics","0.22um","-80","environmental","20524c03_10c_eDNA_FK","AVITI 2x150 bp low output flow cell","MSU",NA,"18","13.1670","2024"," 7","23","MBTS 20524"," 10","AVITI","MBTS 20524 10","0-20"
"122","20524c03_09c_eDNA_FK",NA,"FK","20524c03_09c_eDNA_L1_R1.fastq.gz","20524c03_09c_eDNA_L1_R2.fastq.gz","Francisco Chavez"," 9","20524","MBARI","RACHEL CARSON","ship"," 21.702","MOORING 2"," 3",NA," 1.5942","36.6982","-122.3780","25.5046"," 20","5.0864","marine biome  (ENVO:00000447)","coastal water (ENVO:00001250)","waterborne particulate matter (ENVO:01000436)","2024-07-23 20:06:00","0.2828","USA:California:Monterey Bay","FK54",NA,"54","20524c03_09c_eDNA"," 21.864","GTACACACCGCCCGTC","TGATCCTTCTGCAGGTTCACCTAC","PTLO","c","33.7287","Poretics","0.22um","-80","environmental","20524c03_09c_eDNA_FK","AVITI 2x150 bp low output flow cell","MSU",NA,"18","12.5109","2024"," 7","23","MBTS 20524"," 20","AVITI","MBTS 20524 20","0-20"
"123","20524c03_06c_eDNA_FK",NA,"FK","20524c03_06c_eDNA_L1_R1.fastq.gz","20524c03_06c_eDNA_L1_R2.fastq.gz","Francisco Chavez"," 6","20524","MBARI","RACHEL CARSON","ship"," 60.883","MOORING 2"," 3",NA,"-0.0020","36.6982","-122.3780","26.0200"," 60","2.6047","marine biome  (ENVO:00000447)","coastal water (ENVO:00001250)","waterborne particulate matter (ENVO:01000436)","2024-07-23 20:06:00","0.1338","USA:California:Monterey Bay","FK55",NA,"55","20524c03_06c_eDNA"," 61.345","GTACACACCGCCCGTC","TGATCCTTCTGCAGGTTCACCTAC","PTLO","c","33.8130","Poretics","0.22um","-80","environmental","20524c03_06c_eDNA_FK","AVITI 2x150 bp low output flow cell","MSU",NA,"18","10.0372","2024"," 7","23","MBTS 20524"," 60","AVITI","MBTS 20524 60","60"
"124","20524c03_03c_eDNA_FK",NA,"FK","20524c03_03c_eDNA_L1_R1.fastq.gz","20524c03_03c_eDNA_L1_R2.fastq.gz","Francisco Chavez"," 3","20524","MBARI","RACHEL CARSON","ship","150.594","MOORING 2"," 3",NA,"-0.0631","36.6982","-122.3780","26.3322","150","1.6350","marine biome  (ENVO:00000447)","coastal water (ENVO:00001250)","waterborne particulate matter (ENVO:01000436)","2024-07-23 20:06:00","0.1281","USA:California:Monterey Bay","FK56",NA,"56","20524c03_03c_eDNA","151.768","GTACACACCGCCCGTC","TGATCCTTCTGCAGGTTCACCTAC","PTLO","c","34.0385","Poretics","0.22um","-80","environmental","20524c03_03c_eDNA_FK","AVITI 2x150 bp low output flow cell","MSU",NA,"18"," 9.2232","2024"," 7","23","MBTS 20524","150","AVITI","MBTS 20524 150","150"
"125","17024c03_06c_eDNA_FK",NA,"FK","17024c03_06c_eDNA_L1_R1.fastq.gz","17024c03_06c_eDNA_L1_R2.fastq.gz","Francisco Chavez"," 6","17024","MBARI","RACHEL CARSON","ship"," 61.079","MOORING 2"," 3",NA,"-0.0199","36.6942","-122.3785","26.0472"," 60","2.6978","marine biome  (ENVO:00000447)","coastal water (ENVO:00001250)","waterborne particulate matter (ENVO:01000436)","2024-06-18 19:25:00","0.1321","USA:California:Monterey Bay","FK58",NA,"58","17024c03_06c_eDNA"," 61.542","GTACACACCGCCCGTC","TGATCCTTCTGCAGGTTCACCTAC","PTLO","c","33.7522","Poretics","0.22um","-80","environmental","17024c03_06c_eDNA_FK","AVITI 2x150 bp low output flow cell","MSU",NA,"18"," 9.5887","2024"," 6","18","MBTS 17024"," 60","AVITI","MBTS 17024 60","60"
"126","17024c03_09c_eDNA_FK",NA,"FK","17024c03_09c_eDNA_L1_R1.fastq.gz","17024c03_09c_eDNA_L1_R2.fastq.gz","Francisco Chavez"," 9","17024","MBARI","RACHEL CARSON","ship"," 22.058","MOORING 2"," 3",NA," 4.1052","36.6942","-122.3785","25.6959"," 20","5.3583","marine biome  (ENVO:00000447)","coastal water (ENVO:00001250)","waterborne particulate matter (ENVO:01000436)","2024-06-18 19:25:00","0.5173","USA:California:Monterey Bay","FK59",NA,"59","17024c03_09c_eDNA"," 22.223","GTACACACCGCCCGTC","TGATCCTTCTGCAGGTTCACCTAC","PTLO","c","33.7405","Poretics","0.22um","-80","environmental","17024c03_09c_eDNA_FK","AVITI 2x150 bp low output flow cell","MSU",NA,"18","11.5474","2024"," 6","18","MBTS 17024"," 20","AVITI","MBTS 17024 20","0-20"
"127","17024c03_10c_eDNA_FK",NA,"FK","17024c03_10c_eDNA_L1_R1.fastq.gz","17024c03_10c_eDNA_L1_R2.fastq.gz","Francisco Chavez","10","17024","MBARI","RACHEL CARSON","ship"," 12.107","MOORING 2"," 3",NA," 4.3958","36.6942","-122.3785","25.6825"," 10","5.4760","marine biome  (ENVO:00000447)","coastal water (ENVO:00001250)","waterborne particulate matter (ENVO:01000436)","2024-06-18 19:25:00","0.5444","USA:California:Monterey Bay","FK60",NA,"60","17024c03_10c_eDNA"," 12.197","GTACACACCGCCCGTC","TGATCCTTCTGCAGGTTCACCTAC","PTLO","c","33.7404","Poretics","0.22um","-80","environmental","17024c03_10c_eDNA_FK","AVITI 2x150 bp low output flow cell","MSU",NA,"18","11.6184","2024"," 6","18","MBTS 17024"," 10","AVITI","MBTS 17024 10","0-20"
"128","17024c03_12c_eDNA_FK",NA,"FK","17024c03_12c_eDNA_L1_R1.fastq.gz","17024c03_12c_eDNA_L1_R2.fastq.gz","Francisco Chavez","12","17024","MBARI","RACHEL CARSON","ship","  3.253","MOORING 2"," 3",NA," 1.5232","36.6942","-122.3785","25.6768","  0","5.5290","marine biome  (ENVO:00000447)","coastal water (ENVO:00001250)","waterborne particulate matter (ENVO:01000436)","2024-06-18 19:25:00","0.2762","USA:California:Monterey Bay","FK61",NA,"61","17024c03_12c_eDNA","  3.277","GTACACACCGCCCGTC","TGATCCTTCTGCAGGTTCACCTAC","PTLO","c","33.7401","Poretics","0.22um","-80","environmental","17024c03_12c_eDNA_FK","AVITI 2x150 bp low output flow cell","MSU",NA,"18","11.6465","2024"," 6","18","MBTS 17024","  0","AVITI","MBTS 17024 0","0-20"
"129","17024c02_06c_eDNA_FK",NA,"FK","17024c02_06c_eDNA_L1_R1.fastq.gz","17024c02_06c_eDNA_L1_R2.fastq.gz","Francisco Chavez"," 6","17024","MBARI","RACHEL CARSON","ship"," 60.941","MOORING 1"," 2",NA," 0.0506","36.7460","-122.0202","26.2623"," 60","2.1372","marine biome  (ENVO:00000447)","coastal water (ENVO:00001250)","waterborne particulate matter (ENVO:01000436)","2024-06-18 16:32:00","0.1387","USA:California:Monterey Bay","FK63",NA,"63","17024c02_06c_eDNA"," 61.403","GTACACACCGCCCGTC","TGATCCTTCTGCAGGTTCACCTAC","PTLO","c","33.9574","Poretics","0.22um","-80","environmental","17024c02_06c_eDNA_FK","AVITI 2x150 bp low output flow cell","MSU",NA,"18"," 9.2530","2024"," 6","18","MBTS 17024"," 60","AVITI","MBTS 17024 60","60"
"130","17024c02_09c_eDNA_FK",NA,"FK","17024c02_09c_eDNA_L1_R1.fastq.gz","17024c02_09c_eDNA_L1_R2.fastq.gz","Francisco Chavez"," 9","17024","MBARI","RACHEL CARSON","ship"," 20.614","MOORING 1"," 2",NA," 0.9414","36.7460","-122.0202","26.0365"," 20","3.6120","marine biome  (ENVO:00000447)","coastal water (ENVO:00001250)","waterborne particulate matter (ENVO:01000436)","2024-06-18 16:32:00","0.2219","USA:California:Monterey Bay","FK64",NA,"64","17024c02_09c_eDNA"," 20.767","GTACACACCGCCCGTC","TGATCCTTCTGCAGGTTCACCTAC","PTLO","c","33.8423","Poretics","0.22um","-80","environmental","17024c02_09c_eDNA_FK","AVITI 2x150 bp low output flow cell","MSU",NA,"18","10.0700","2024"," 6","18","MBTS 17024"," 20","AVITI","MBTS 17024 20","0-20"
"131","17024c02_10c_eDNA_FK",NA,"FK","17024c02_10c_eDNA_L1_R1.fastq.gz","17024c02_10c_eDNA_L1_R2.fastq.gz","Francisco Chavez","10","17024","MBARI","RACHEL CARSON","ship"," 10.885","MOORING 1"," 2",NA," 0.8851","36.7460","-122.0202","26.0181"," 10","3.7566","marine biome  (ENVO:00000447)","coastal water (ENVO:00001250)","waterborne particulate matter (ENVO:01000436)","2024-06-18 16:32:00","0.2166","USA:California:Monterey Bay","FK65",NA,"65","17024c02_10c_eDNA"," 10.966","GTACACACCGCCCGTC","TGATCCTTCTGCAGGTTCACCTAC","PTLO","c","33.8387","Poretics","0.22um","-80","environmental","17024c02_10c_eDNA_FK","AVITI 2x150 bp low output flow cell","MSU",NA,"18","10.1609","2024"," 6","18","MBTS 17024"," 10","AVITI","MBTS 17024 10","0-20"
"132","17024c02_12c_eDNA_FK",NA,"FK","17024c02_12c_eDNA_L1_R1.fastq.gz","17024c02_12c_eDNA_L1_R2.fastq.gz","Francisco Chavez","12","17024","MBARI","RACHEL CARSON","ship","  3.006","MOORING 1"," 2",NA," 0.3006","36.7460","-122.0202","25.7693","  0","4.6399","marine biome  (ENVO:00000447)","coastal water (ENVO:00001250)","waterborne particulate matter (ENVO:01000436)","2024-06-18 16:32:00","0.1621","USA:California:Monterey Bay","FK66",NA,"66","17024c02_12c_eDNA","  3.029","GTACACACCGCCCGTC","TGATCCTTCTGCAGGTTCACCTAC","PTLO","c","33.7954","Poretics","0.22um","-80","environmental","17024c02_12c_eDNA_FK","AVITI 2x150 bp low output flow cell","MSU",NA,"18","11.3775","2024"," 6","18","MBTS 17024","  0","AVITI","MBTS 17024 0","0-20"
"133","17024c01_06c_eDNA_FK",NA,"FK","17024c01_06c_eDNA_L1_R1.fastq.gz","17024c01_06c_eDNA_L1_R2.fastq.gz","Francisco Chavez"," 6","17024","MBARI","RACHEL CARSON","ship"," 59.956","C1"," 1",NA," 0.0823","36.7982","-121.8468","26.3147"," 60","1.8801","marine biome  (ENVO:00000447)","coastal water (ENVO:00001250)","waterborne particulate matter (ENVO:01000436)","2024-06-18 14:54:00","0.1417","USA:California:Monterey Bay","FK68","28.146","68","17024c01_06c_eDNA"," 60.410","GTACACACCGCCCGTC","TGATCCTTCTGCAGGTTCACCTAC","PTLO","c","33.9718","Poretics","0.22um","-80","environmental","17024c01_06c_eDNA_FK","AVITI 2x150 bp low output flow cell","MSU",NA,"18"," 8.9956","2024"," 6","18","MBTS 17024"," 60","AVITI","MBTS 17024 60","60"
"134","17024c01_09c_eDNA_FK",NA,"FK","17024c01_09c_eDNA_L1_R1.fastq.gz","17024c01_09c_eDNA_L1_R2.fastq.gz","Francisco Chavez"," 9","17024","MBARI","RACHEL CARSON","ship"," 21.251","C1"," 1",NA," 0.4341","36.7982","-121.8468","26.0151"," 20","3.2835","marine biome  (ENVO:00000447)","coastal water (ENVO:00001250)","waterborne particulate matter (ENVO:01000436)","2024-06-18 14:54:00","0.1745","USA:California:Monterey Bay","FK69","23.958","69","17024c01_09c_eDNA"," 21.410","GTACACACCGCCCGTC","TGATCCTTCTGCAGGTTCACCTAC","PTLO","c","33.8335","Poretics","0.22um","-80","environmental","17024c01_09c_eDNA_FK","AVITI 2x150 bp low output flow cell","MSU",NA,"18","10.1561","2024"," 6","18","MBTS 17024"," 20","AVITI","MBTS 17024 20","0-20"
"135","17024c01_10c_eDNA_FK",NA,"FK","17024c01_10c_eDNA_L1_R1.fastq.gz","17024c01_10c_eDNA_L1_R2.fastq.gz","Francisco Chavez","10","17024","MBARI","RACHEL CARSON","ship"," 10.605","C1"," 1",NA," 0.6625","36.7982","-121.8468","25.8107"," 10","4.1077","marine biome  (ENVO:00000447)","coastal water (ENVO:00001250)","waterborne particulate matter (ENVO:01000436)","2024-06-18 14:54:00","0.1959","USA:California:Monterey Bay","FK70","22.198","70","17024c01_10c_eDNA"," 10.684","GTACACACCGCCCGTC","TGATCCTTCTGCAGGTTCACCTAC","PTLO","c","33.7882","Poretics","0.22um","-80","environmental","17024c01_10c_eDNA_FK","AVITI 2x150 bp low output flow cell","MSU",NA,"18","11.1195","2024"," 6","18","MBTS 17024"," 10","AVITI","MBTS 17024 10","0-20"
"136","17024c01_12c_eDNA_FK",NA,"FK","17024c01_12c_eDNA_L1_R1.fastq.gz","17024c01_12c_eDNA_L1_R2.fastq.gz","Francisco Chavez","12","17024","MBARI","RACHEL CARSON","ship","  2.744","C1"," 1",NA," 0.8344","36.7982","-121.8468","25.3231","  0","6.3169","marine biome  (ENVO:00000447)","coastal water (ENVO:00001250)","waterborne particulate matter (ENVO:01000436)","2024-06-18 14:54:00","0.2119","USA:California:Monterey Bay","FK71"," 4.796","71","17024c01_12c_eDNA","  2.764","GTACACACCGCCCGTC","TGATCCTTCTGCAGGTTCACCTAC","PTLO","c","33.7722","Poretics","0.22um","-80","environmental","17024c01_12c_eDNA_FK","AVITI 2x150 bp low output flow cell","MSU",NA,"18","13.5893","2024"," 6","18","MBTS 17024","  0","AVITI","MBTS 17024 0","0-20"
"137","CN24F150mMV2_SC42_FK","MV2","FK","CN24F150mMV2_SC42_L1_R1.fastq.gz","CN24F150mMV2_SC42_L1_R2.fastq.gz","Francisco Chavez",NA,NA,"MBARI",NA,"ESP",NA,NA,NA,"42",NA,NA,NA,NA,"150",NA,"marine biome  (ENVO:00000447)","coastal water (ENVO:00001250)","waterborne particulate matter (ENVO:01000436)",NA,NA,"USA:California:Monterey Bay","FK72",NA,"72","CN24F150mMV2_SC42",NA,"GTACACACCGCCCGTC","TGATCCTTCTGCAGGTTCACCTAC",NA,NA,NA,"Poretics","0.22um","-80","environmental","CN24F150mMV2_SC42_FK","AVITI 2x150 bp low output flow cell","MSU",NA,"18",NA,NA,NA,NA,"CN24F 150m exp","150","AVITI","CN24F 150m exp 150","150 - benchtop experiment"
"138","CN24F150mMV2_SC43_FK","MV2","FK","CN24F150mMV2_SC43_L1_R1.fastq.gz","CN24F150mMV2_SC43_L1_R2.fastq.gz","Francisco Chavez",NA,NA,"MBARI",NA,"ESP",NA,NA,NA,"43",NA,NA,NA,NA,"150",NA,"marine biome  (ENVO:00000447)","coastal water (ENVO:00001250)","waterborne particulate matter (ENVO:01000436)",NA,NA,"USA:California:Monterey Bay","FK73",NA,"73","CN24F150mMV2_SC43",NA,"GTACACACCGCCCGTC","TGATCCTTCTGCAGGTTCACCTAC",NA,NA,NA,"Poretics","0.22um","-80","environmental","CN24F150mMV2_SC43_FK","AVITI 2x150 bp low output flow cell","MSU",NA,"18",NA,NA,NA,NA,"CN24F 150m exp","150","AVITI","CN24F 150m exp 150","150 - benchtop experiment"
"139","CN24F150mMV2_SC44_FK","MV2","FK","CN24F150mMV2_SC44_L1_R1.fastq.gz","CN24F150mMV2_SC44_L1_R2.fastq.gz","Francisco Chavez",NA,NA,"MBARI",NA,"ESP",NA,NA,NA,"44",NA,NA,NA,NA,"150",NA,"marine biome  (ENVO:00000447)","coastal water (ENVO:00001250)","waterborne particulate matter (ENVO:01000436)",NA,NA,"USA:California:Monterey Bay","FK74",NA,"74","CN24F150mMV2_SC44",NA,"GTACACACCGCCCGTC","TGATCCTTCTGCAGGTTCACCTAC",NA,NA,NA,"Poretics","0.22um","-80","environmental","CN24F150mMV2_SC44_FK","AVITI 2x150 bp low output flow cell","MSU",NA,"18",NA,NA,NA,NA,"CN24F 150m exp","150","AVITI","CN24F 150m exp 150","150 - benchtop experiment"
"140","CN24F150mMV2_SC45_FK","MV2","FK","CN24F150mMV2_SC45_L1_R1.fastq.gz","CN24F150mMV2_SC45_L1_R2.fastq.gz","Francisco Chavez",NA,NA,"MBARI",NA,"ESP",NA,NA,NA,"45",NA,NA,NA,NA,"150",NA,"marine biome  (ENVO:00000447)","coastal water (ENVO:00001250)","waterborne particulate matter (ENVO:01000436)",NA,NA,"USA:California:Monterey Bay","FK75",NA,"75","CN24F150mMV2_SC45",NA,"GTACACACCGCCCGTC","TGATCCTTCTGCAGGTTCACCTAC",NA,NA,NA,"Poretics","0.22um","-80","environmental","CN24F150mMV2_SC45_FK","AVITI 2x150 bp low output flow cell","MSU",NA,"18",NA,NA,NA,NA,"CN24F 150m exp","150","AVITI","CN24F 150m exp 150","150 - benchtop experiment"
"141","CN24F150mMV2_SC46_FK","MV2","FK","CN24F150mMV2_SC46_L1_R1.fastq.gz","CN24F150mMV2_SC46_L1_R2.fastq.gz","Francisco Chavez",NA,NA,"MBARI",NA,"ESP",NA,NA,NA,"46",NA,NA,NA,NA,"150",NA,"marine biome  (ENVO:00000447)","coastal water (ENVO:00001250)","waterborne particulate matter (ENVO:01000436)",NA,NA,"USA:California:Monterey Bay","FK76",NA,"76","CN24F150mMV2_SC46",NA,"GTACACACCGCCCGTC","TGATCCTTCTGCAGGTTCACCTAC",NA,NA,NA,"Poretics","0.22um","-80","environmental","CN24F150mMV2_SC46_FK","AVITI 2x150 bp low output flow cell","MSU",NA,"18",NA,NA,NA,NA,"CN24F 150m exp","150","AVITI","CN24F 150m exp 150","150 - benchtop experiment"
"142","CN24F150mMV2_SC47_FK","MV2","FK","CN24F150mMV2_SC47_L1_R1.fastq.gz","CN24F150mMV2_SC47_L1_R2.fastq.gz","Francisco Chavez",NA,NA,"MBARI",NA,"ESP",NA,NA,NA,"47",NA,NA,NA,NA,"150",NA,"marine biome  (ENVO:00000447)","coastal water (ENVO:00001250)","waterborne particulate matter (ENVO:01000436)",NA,NA,"USA:California:Monterey Bay","FK77",NA,"77","CN24F150mMV2_SC47",NA,"GTACACACCGCCCGTC","TGATCCTTCTGCAGGTTCACCTAC",NA,NA,NA,"Poretics","0.22um","-80","environmental","CN24F150mMV2_SC47_FK","AVITI 2x150 bp low output flow cell","MSU",NA,"18",NA,NA,NA,NA,"CN24F 150m exp","150","AVITI","CN24F 150m exp 150","150 - benchtop experiment"
"143","CN24F150mMV2_SC48_FK","MV2","FK","CN24F150mMV2_SC48_L1_R1.fastq.gz","CN24F150mMV2_SC48_L1_R2.fastq.gz","Francisco Chavez",NA,NA,"MBARI",NA,"ESP",NA,NA,NA,"48",NA,NA,NA,NA,"150",NA,"marine biome  (ENVO:00000447)","coastal water (ENVO:00001250)","waterborne particulate matter (ENVO:01000436)",NA,NA,"USA:California:Monterey Bay","FK78",NA,"78","CN24F150mMV2_SC48",NA,"GTACACACCGCCCGTC","TGATCCTTCTGCAGGTTCACCTAC",NA,NA,NA,"Poretics","0.22um","-80","environmental","CN24F150mMV2_SC48_FK","AVITI 2x150 bp low output flow cell","MSU",NA,"18",NA,NA,NA,NA,"CN24F 150m exp","150","AVITI","CN24F 150m exp 150","150 - benchtop experiment"
"144","CN24F150mMV2_SC49_FK","MV2","FK","CN24F150mMV2_SC49_L1_R1.fastq.gz","CN24F150mMV2_SC49_L1_R2.fastq.gz","Francisco Chavez",NA,NA,"MBARI",NA,"ESP",NA,NA,NA,"49",NA,NA,NA,NA,"150",NA,"marine biome  (ENVO:00000447)","coastal water (ENVO:00001250)","waterborne particulate matter (ENVO:01000436)",NA,NA,"USA:California:Monterey Bay","FK79",NA,"79","CN24F150mMV2_SC49",NA,"GTACACACCGCCCGTC","TGATCCTTCTGCAGGTTCACCTAC",NA,NA,NA,"Poretics","0.22um","-80","environmental","CN24F150mMV2_SC49_FK","AVITI 2x150 bp low output flow cell","MSU",NA,"18",NA,NA,NA,NA,"CN24F 150m exp","150","AVITI","CN24F 150m exp 150","150 - benchtop experiment"
"145","CN24F150mMV2_SC50_FK","MV2","FK","CN24F150mMV2_SC50_L1_R1.fastq.gz","CN24F150mMV2_SC50_L1_R2.fastq.gz","Francisco Chavez",NA,NA,"MBARI",NA,"ESP",NA,NA,NA,"50",NA,NA,NA,NA,"150",NA,"marine biome  (ENVO:00000447)","coastal water (ENVO:00001250)","waterborne particulate matter (ENVO:01000436)",NA,NA,"USA:California:Monterey Bay","FK80",NA,"80","CN24F150mMV2_SC50",NA,"GTACACACCGCCCGTC","TGATCCTTCTGCAGGTTCACCTAC",NA,NA,NA,"Poretics","0.22um","-80","environmental","CN24F150mMV2_SC50_FK","AVITI 2x150 bp low output flow cell","MSU",NA,"18",NA,NA,NA,NA,"CN24F 150m exp","150","AVITI","CN24F 150m exp 150","150 - benchtop experiment"
"146","CN24F150mMV2_SC51_FK","MV2","FK","CN24F150mMV2_SC51_L1_R1.fastq.gz","CN24F150mMV2_SC51_L1_R2.fastq.gz","Francisco Chavez",NA,NA,"MBARI",NA,"ESP",NA,NA,NA,"51",NA,NA,NA,NA,"150",NA,"marine biome  (ENVO:00000447)","coastal water (ENVO:00001250)","waterborne particulate matter (ENVO:01000436)",NA,NA,"USA:California:Monterey Bay","FK81",NA,"81","CN24F150mMV2_SC51",NA,"GTACACACCGCCCGTC","TGATCCTTCTGCAGGTTCACCTAC",NA,NA,NA,"Poretics","0.22um","-80","environmental","CN24F150mMV2_SC51_FK","AVITI 2x150 bp low output flow cell","MSU",NA,"18",NA,NA,NA,NA,"CN24F 150m exp","150","AVITI","CN24F 150m exp 150","150 - benchtop experiment"
"147","CN24F150mMV2_SC52_FK","MV2","FK","CN24F150mMV2_SC52_L1_R1.fastq.gz","CN24F150mMV2_SC52_L1_R2.fastq.gz","Francisco Chavez",NA,NA,"MBARI",NA,"ESP",NA,NA,NA,"52",NA,NA,NA,NA,"150",NA,"marine biome  (ENVO:00000447)","coastal water (ENVO:00001250)","waterborne particulate matter (ENVO:01000436)",NA,NA,"USA:California:Monterey Bay","FK82",NA,"82","CN24F150mMV2_SC52",NA,"GTACACACCGCCCGTC","TGATCCTTCTGCAGGTTCACCTAC",NA,NA,NA,"Poretics","0.22um","-80","environmental","CN24F150mMV2_SC52_FK","AVITI 2x150 bp low output flow cell","MSU",NA,"18",NA,NA,NA,NA,"CN24F 150m exp","150","AVITI","CN24F 150m exp 150","150 - benchtop experiment"
"148","CN24F150mMV2_SC53_FK","MV2","FK","CN24F150mMV2_SC53_L1_R1.fastq.gz","CN24F150mMV2_SC53_L1_R2.fastq.gz","Francisco Chavez",NA,NA,"MBARI",NA,"ESP",NA,NA,NA,"53",NA,NA,NA,NA,"150",NA,"marine biome  (ENVO:00000447)","coastal water (ENVO:00001250)","waterborne particulate matter (ENVO:01000436)",NA,NA,"USA:California:Monterey Bay","FK83",NA,"83","CN24F150mMV2_SC53",NA,"GTACACACCGCCCGTC","TGATCCTTCTGCAGGTTCACCTAC",NA,NA,NA,"Poretics","0.22um","-80","environmental","CN24F150mMV2_SC53_FK","AVITI 2x150 bp low output flow cell","MSU",NA,"18",NA,NA,NA,NA,"CN24F 150m exp","150","AVITI","CN24F 150m exp 150","150 - benchtop experiment"
"149","CN24F150mMV2_SC54_FK","MV2","FK","CN24F150mMV2_SC54_L1_R1.fastq.gz","CN24F150mMV2_SC54_L1_R2.fastq.gz","Francisco Chavez",NA,NA,"MBARI",NA,"ESP",NA,NA,NA,"54",NA,NA,NA,NA,"150",NA,"marine biome  (ENVO:00000447)","coastal water (ENVO:00001250)","waterborne particulate matter (ENVO:01000436)",NA,NA,"USA:California:Monterey Bay","FK84",NA,"84","CN24F150mMV2_SC54",NA,"GTACACACCGCCCGTC","TGATCCTTCTGCAGGTTCACCTAC",NA,NA,NA,"Poretics","0.22um","-80","environmental","CN24F150mMV2_SC54_FK","AVITI 2x150 bp low output flow cell","MSU",NA,"18",NA,NA,NA,NA,"CN24F 150m exp","150","AVITI","CN24F 150m exp 150","150 - benchtop experiment"
"150","CN24F150mMV2_SC55_FK","MV2","FK","CN24F150mMV2_SC55_L1_R1.fastq.gz","CN24F150mMV2_SC55_L1_R2.fastq.gz","Francisco Chavez",NA,NA,"MBARI",NA,"ESP",NA,NA,NA,"55",NA,NA,NA,NA,"150",NA,"marine biome  (ENVO:00000447)","coastal water (ENVO:00001250)","waterborne particulate matter (ENVO:01000436)",NA,NA,"USA:California:Monterey Bay","FK85",NA,"85","CN24F150mMV2_SC55",NA,"GTACACACCGCCCGTC","TGATCCTTCTGCAGGTTCACCTAC",NA,NA,NA,"Poretics","0.22um","-80","environmental","CN24F150mMV2_SC55_FK","AVITI 2x150 bp low output flow cell","MSU",NA,"18",NA,NA,NA,NA,"CN24F 150m exp","150","AVITI","CN24F 150m exp 150","150 - benchtop experiment"
"151","CN24F150mMV2_SC56_FK","MV2","FK","CN24F150mMV2_SC56_L1_R1.fastq.gz","CN24F150mMV2_SC56_L1_R2.fastq.gz","Francisco Chavez",NA,NA,"MBARI",NA,"ESP",NA,NA,NA,"56",NA,NA,NA,NA,"150",NA,"marine biome  (ENVO:00000447)","coastal water (ENVO:00001250)","waterborne particulate matter (ENVO:01000436)",NA,NA,"USA:California:Monterey Bay","FK86",NA,"86","CN24F150mMV2_SC56",NA,"GTACACACCGCCCGTC","TGATCCTTCTGCAGGTTCACCTAC",NA,NA,NA,"Poretics","0.22um","-80","environmental","CN24F150mMV2_SC56_FK","AVITI 2x150 bp low output flow cell","MSU",NA,"18",NA,NA,NA,NA,"CN24F 150m exp","150","AVITI","CN24F 150m exp 150","150 - benchtop experiment"
"152","CN24F150mMV2_SC57_FK","MV2","FK","CN24F150mMV2_SC57_L1_R1.fastq.gz","CN24F150mMV2_SC57_L1_R2.fastq.gz","Francisco Chavez",NA,NA,"MBARI",NA,"ESP",NA,NA,NA,"57",NA,NA,NA,NA,"150",NA,"marine biome  (ENVO:00000447)","coastal water (ENVO:00001250)","waterborne particulate matter (ENVO:01000436)",NA,NA,"USA:California:Monterey Bay","FK87",NA,"87","CN24F150mMV2_SC57",NA,"GTACACACCGCCCGTC","TGATCCTTCTGCAGGTTCACCTAC",NA,NA,NA,"Poretics","0.22um","-80","environmental","CN24F150mMV2_SC57_FK","AVITI 2x150 bp low output flow cell","MSU",NA,"18",NA,NA,NA,NA,"CN24F 150m exp","150","AVITI","CN24F 150m exp 150","150 - benchtop experiment"
"153","CN24F150mMV2_SC58_FK","MV2","FK","CN24F150mMV2_SC58_L1_R1.fastq.gz","CN24F150mMV2_SC58_L1_R2.fastq.gz","Francisco Chavez",NA,NA,"MBARI",NA,"ESP",NA,NA,NA,"58",NA,NA,NA,NA,"150",NA,"marine biome  (ENVO:00000447)","coastal water (ENVO:00001250)","waterborne particulate matter (ENVO:01000436)",NA,NA,"USA:California:Monterey Bay","FK88",NA,"88","CN24F150mMV2_SC58",NA,"GTACACACCGCCCGTC","TGATCCTTCTGCAGGTTCACCTAC",NA,NA,NA,"Poretics","0.22um","-80","environmental","CN24F150mMV2_SC58_FK","AVITI 2x150 bp low output flow cell","MSU",NA,"18",NA,NA,NA,NA,"CN24F 150m exp","150","AVITI","CN24F 150m exp 150","150 - benchtop experiment"
"154","CN24F150mMV2_SC59_FK","MV2","FK","CN24F150mMV2_SC59_L1_R1.fastq.gz","CN24F150mMV2_SC59_L1_R2.fastq.gz","Francisco Chavez",NA,NA,"MBARI",NA,"ESP",NA,NA,NA,"59",NA,NA,NA,NA,"150",NA,"marine biome  (ENVO:00000447)","coastal water (ENVO:00001250)","waterborne particulate matter (ENVO:01000436)",NA,NA,"USA:California:Monterey Bay","FK89",NA,"89","CN24F150mMV2_SC59",NA,"GTACACACCGCCCGTC","TGATCCTTCTGCAGGTTCACCTAC",NA,NA,NA,"Poretics","0.22um","-80","environmental","CN24F150mMV2_SC59_FK","AVITI 2x150 bp low output flow cell","MSU",NA,"18",NA,NA,NA,NA,"CN24F 150m exp","150","AVITI","CN24F 150m exp 150","150 - benchtop experiment"
"155","14223c01_05c_eDNA_FD",NA,"FD","14223c01_05c_eDNA_S1_L001_R1_001.fastq.gz","14223c01_05c_eDNA_S1_L001_R2_001.fastq.gz","Francisco Chavez"," 5","14223","MBARI","Rachel Carson","ship","301.012","MARS"," 1",NA,"-0.0994","36.7110","-122.1960","26.6553","300","1.0366","marine biome  (ENVO:00000447)","coastal water (ENVO:00001250)","waterborne particulate matter (ENVO:01000436)","2023-05-22 17:53:00","0.1247","USA:California:Monterey Bay","FD1","37.857"," 1","14223c01_05c_eDNA","303.469","GTACACACCGCCCGTC","TGATCCTTCTGCAGGTTCACCTAC","Cannon","c","34.1852","Poretics","0.22um","-80","environmental","14223c01_05c_eDNA_FD","NGS Illumina Miseq","MSU","GATTCACGAC","18"," 7.8849","2023"," 5","22","CN23S MARS","300","MiSeq","CN23S MARS 300","200-700"
"156","14223c01_06c_eDNA_FD",NA,"FD","14223c01_06c_eDNA_S3_L001_R1_001.fastq.gz","14223c01_06c_eDNA_S3_L001_R2_001.fastq.gz","Francisco Chavez"," 6","14223","MBARI","Rachel Carson","ship","251.868","MARS"," 1",NA,"-0.0791","36.7110","-122.1960","26.5679","250","1.2635","marine biome  (ENVO:00000447)","coastal water (ENVO:00001250)","waterborne particulate matter (ENVO:01000436)","2023-05-22 17:53:00","0.1266","USA:California:Monterey Bay","FD3","31.056"," 3","14223c01_06c_eDNA","253.894","GTACACACCGCCCGTC","TGATCCTTCTGCAGGTTCACCTAC","Cannon","c","34.1584","Poretics","0.22um","-80","environmental","14223c01_06c_eDNA_FD","NGS Illumina Miseq","MSU","ATCCGATCTT","18"," 8.3253","2023"," 5","22","CN23S MARS","250","MiSeq","CN23S MARS 250","200-700"
"157","14223c01_04c_eDNA_FD",NA,"FD","14223c01_04c_eDNA_S5_L001_R1_001.fastq.gz","14223c01_04c_eDNA_S5_L001_R2_001.fastq.gz","Francisco Chavez"," 4","14223","MBARI","Rachel Carson","ship","401.441","MARS"," 1",NA,"-0.1082","36.7110","-122.1960","26.7393","400","0.8192","marine biome  (ENVO:00000447)","coastal water (ENVO:00001250)","waterborne particulate matter (ENVO:01000436)","2023-05-22 17:53:00","0.1239","USA:California:Monterey Bay","FD5","39.831"," 5","14223c01_04c_eDNA","404.817","GTACACACCGCCCGTC","TGATCCTTCTGCAGGTTCACCTAC","Cannon","c","34.1991","Poretics","0.22um","-80","environmental","14223c01_04c_eDNA_FD","NGS Illumina Miseq","MSU","CTTGAAGAGG","18"," 7.3874","2023"," 5","22","CN23S MARS","400","MiSeq","CN23S MARS 400","200-700"
"158","14223c01_02c_eDNA_FD",NA,"FD","14223c01_02c_eDNA_S7_L001_R1_001.fastq.gz","14223c01_02c_eDNA_S7_L001_R2_001.fastq.gz","Francisco Chavez"," 2","14223","MBARI","Rachel Carson","ship","601.895","MARS"," 1",NA,"-0.1048","36.7110","-122.1960","26.9458","600","0.3844","marine biome  (ENVO:00000447)","coastal water (ENVO:00001250)","waterborne particulate matter (ENVO:01000436)","2023-05-22 17:53:00","0.1242","USA:California:Monterey Bay","FD7","43.736"," 7","14223c01_02c_eDNA","607.252","GTACACACCGCCCGTC","TGATCCTTCTGCAGGTTCACCTAC","Cannon","c","34.2505","Poretics","0.22um","-80","environmental","14223c01_02c_eDNA_FD","NGS Illumina Miseq","MSU","GAAGACTCGG","18"," 6.1689","2023"," 5","22","CN23S MARS","600","MiSeq","CN23S MARS 600","200-700"
"159","14223c01_01c_eDNA_FD",NA,"FD","14223c01_01c_eDNA_S8_L001_R1_001.fastq.gz","14223c01_01c_eDNA_S8_L001_R2_001.fastq.gz","Francisco Chavez"," 1","14223","MBARI","Rachel Carson","ship","699.856","MARS"," 1",NA,"-0.0637","36.7110","-122.1960","27.1194","700","0.2595","marine biome  (ENVO:00000447)","coastal water (ENVO:00001250)","waterborne particulate matter (ENVO:01000436)","2023-05-22 17:53:00","0.1280","USA:California:Monterey Bay","FD8","46.121"," 8","14223c01_01c_eDNA","706.253","GTACACACCGCCCGTC","TGATCCTTCTGCAGGTTCACCTAC","Cannon","c","34.3191","Poretics","0.22um","-80","environmental","14223c01_01c_eDNA_FD","NGS Illumina Miseq","MSU","AACGTGAACG","18"," 5.1966","2023"," 5","22","CN23S MARS","700","MiSeq","CN23S MARS 700","200-700"
"160","14223c01_03c_eDNA_FD",NA,"FD","14223c01_03c_eDNA_S9_L001_R1_001.fastq.gz","14223c01_03c_eDNA_S9_L001_R2_001.fastq.gz","Francisco Chavez"," 3","14223","MBARI","Rachel Carson","ship","500.926","MARS"," 1",NA,"-0.1120","36.7110","-122.1960","26.8855","500","0.5040","marine biome  (ENVO:00000447)","coastal water (ENVO:00001250)","waterborne particulate matter (ENVO:01000436)","2023-05-22 17:53:00","0.1235","USA:California:Monterey Bay","FD9","35.907"," 9","14223c01_03c_eDNA","505.260","GTACACACCGCCCGTC","TGATCCTTCTGCAGGTTCACCTAC","Cannon","c","34.2243","Poretics","0.22um","-80","environmental","14223c01_03c_eDNA_FD","NGS Illumina Miseq","MSU","CGTAGAACAG","18"," 6.4669","2023"," 5","22","CN23S MARS","500","MiSeq","CN23S MARS 500","200-700"
"161","25424c02_03c_eDNA_FD",NA,"FD","25424c02_03c_eDNA_S21_L001_R1_001.fastq.gz","25424c02_03c_eDNA_S21_L001_R2_001.fastq.gz","Francisco Chavez"," 3","25424","MBARI","Rachel Carson","ship","150.486","Mooring1"," 2",NA,"-0.0498","36.7465","-122.0202","26.2959","150","1.4903","marine biome  (ENVO:00000447)","coastal water (ENVO:00001250)","waterborne particulate matter (ENVO:01000436)","2024-09-10 16:26:00","0.1293","USA:California:Monterey Bay","FD21",NA,"21","25424c02_03c_eDNA","151.659","GTACACACCGCCCGTC","TGATCCTTCTGCAGGTTCACCTAC","PTLO","c","34.0379","Poretics","0.22um","-80","environmental","25424c02_03c_eDNA_FD","NGS Illumina Miseq","MSU","GAACGTTCGG","18"," 9.4442","2024"," 9","10","MBTS 25424","150","MiSeq","MBTS 25424 150","150"
"162","22624c03_03c_eDNA_FD",NA,"FD","22624c03_03c_eDNA_S41_L001_R1_001.fastq.gz","22624c03_03c_eDNA_S41_L001_R2_001.fastq.gz","Francisco Chavez"," 3","22624","MBARI","RACHEL CARSON","ship","150.793","MOORING2"," 3",NA,"-0.0733","36.6968","-122.3775","26.4110","150","1.5728","marine biome  (ENVO:00000447)","coastal water (ENVO:00001250)","waterborne particulate matter (ENVO:01000436)","2024-08-13 20:07:00","0.1272","USA:California:Monterey Bay","FD41",NA,"41","22624c03_03c_eDNA","151.969","GTACACACCGCCCGTC","TGATCCTTCTGCAGGTTCACCTAC","PTLO","c","34.1293","Poretics","0.22um","-80","environmental","22624c03_03c_eDNA_FD","NGS Illumina Miseq","MSU","CCTTACCTAT","18"," 9.1746","2024"," 8","13","MBTS 22624","150","MiSeq","MBTS 22624 150","150"
"163","20524c03_12c_eDNA_FD",NA,"FD","20524c03_12c_eDNA_S52_L001_R1_001.fastq.gz","20524c03_12c_eDNA_S52_L001_R2_001.fastq.gz","Francisco Chavez","12","20524","MBARI","RACHEL CARSON","ship","  2.759","MOORING 2"," 3",NA,"10.9805","36.6982","-122.3780","25.0906","  0","9.0136","marine biome  (ENVO:00000447)","coastal water (ENVO:00001250)","waterborne particulate matter (ENVO:01000436)","2024-07-23 20:06:00","1.1592","USA:California:Monterey Bay","FD52",NA,"52","20524c03_12c_eDNA","  2.779","GTACACACCGCCCGTC","TGATCCTTCTGCAGGTTCACCTAC","PTLO","c","33.7366","Poretics","0.22um","-80","environmental","20524c03_12c_eDNA_FD","NGS Illumina Miseq","MSU","CTGGTAGCTA","18","14.5710","2024"," 7","23","MBTS 20524","  0","MiSeq","MBTS 20524 0","0-20"
"164","20524c03_03c_eDNA_FD",NA,"FD","20524c03_03c_eDNA_S56_L001_R1_001.fastq.gz","20524c03_03c_eDNA_S56_L001_R2_001.fastq.gz","Francisco Chavez"," 3","20524","MBARI","RACHEL CARSON","ship","150.594","MOORING 2"," 3",NA,"-0.0631","36.6982","-122.3780","26.3322","150","1.6350","marine biome  (ENVO:00000447)","coastal water (ENVO:00001250)","waterborne particulate matter (ENVO:01000436)","2024-07-23 20:06:00","0.1281","USA:California:Monterey Bay","FD56",NA,"56","20524c03_03c_eDNA","151.768","GTACACACCGCCCGTC","TGATCCTTCTGCAGGTTCACCTAC","PTLO","c","34.0385","Poretics","0.22um","-80","environmental","20524c03_03c_eDNA_FD","NGS Illumina Miseq","MSU","TCATACCAAG","18"," 9.2232","2024"," 7","23","MBTS 20524","150","MiSeq","MBTS 20524 150","150"
"165","17024c03_03c_eDNA_FD",NA,"FD","17024c03_03c_eDNA_S57_L001_R1_001.fastq.gz","17024c03_03c_eDNA_S57_L001_R2_001.fastq.gz","Francisco Chavez"," 3","17024","MBARI","RACHEL CARSON","ship","151.154","MOORING 2"," 3",NA,"-0.0711","36.6942","-122.3785","26.4364","150","2.0085","marine biome  (ENVO:00000447)","coastal water (ENVO:00001250)","waterborne particulate matter (ENVO:01000436)","2024-06-18 19:25:00","0.1274","USA:California:Monterey Bay","FD57",NA,"57","17024c03_03c_eDNA","152.332","GTACACACCGCCCGTC","TGATCCTTCTGCAGGTTCACCTAC","PTLO","c","34.0072","Poretics","0.22um","-80","environmental","17024c03_03c_eDNA_FD","NGS Illumina Miseq","MSU","AGCATCGTGC","18"," 8.4001","2024"," 6","18","MBTS 17024","150","MiSeq","MBTS 17024 150","150"
"166","17024c03_06c_eDNA_FD",NA,"FD","17024c03_06c_eDNA_S58_L001_R1_001.fastq.gz","17024c03_06c_eDNA_S58_L001_R2_001.fastq.gz","Francisco Chavez"," 6","17024","MBARI","RACHEL CARSON","ship"," 61.079","MOORING 2"," 3",NA,"-0.0199","36.6942","-122.3785","26.0472"," 60","2.6978","marine biome  (ENVO:00000447)","coastal water (ENVO:00001250)","waterborne particulate matter (ENVO:01000436)","2024-06-18 19:25:00","0.1321","USA:California:Monterey Bay","FD58",NA,"58","17024c03_06c_eDNA"," 61.542","GTACACACCGCCCGTC","TGATCCTTCTGCAGGTTCACCTAC","PTLO","c","33.7522","Poretics","0.22um","-80","environmental","17024c03_06c_eDNA_FD","NGS Illumina Miseq","MSU","CATACCGCTG","18"," 9.5887","2024"," 6","18","MBTS 17024"," 60","MiSeq","MBTS 17024 60","60"
"167","14223c01_05c_eDNA_FK",NA,"FK","14223c01_05c_eDNA_L1_R1.fastq.gz","14223c01_05c_eDNA_L1_R2.fastq.gz","Francisco Chavez"," 5","14223","MBARI","Rachel Carson","ship","301.012","MARS"," 1",NA,"-0.0994","36.7110","-122.1960","26.6553","300","1.0366","marine biome  (ENVO:00000447)","coastal water (ENVO:00001250)","waterborne particulate matter (ENVO:01000436)","2023-05-22 17:53:00","0.1247","USA:California:Monterey Bay","FK1","37.857"," 1","14223c01_05c_eDNA","303.469","GTACACACCGCCCGTC","TGATCCTTCTGCAGGTTCACCTAC","Cannon","c","34.1852","Poretics","0.22um","-80","environmental","14223c01_05c_eDNA_FK","AVITI 2x150 bp low output flow cell","MSU",NA,"18"," 7.8849","2023"," 5","22","CN23S MARS","300","AVITI","CN23S MARS 300","200-700"
"168","14223c01_07c_eDNA_FK",NA,"FK","14223c01_07c_eDNA_L1_R1.fastq.gz","14223c01_07c_eDNA_L1_R2.fastq.gz","Francisco Chavez"," 7","14223","MBARI","Rachel Carson","ship","202.055","MARS"," 1",NA,"-0.0468","36.7110","-122.1960","26.5257","200","1.3929","marine biome  (ENVO:00000447)","coastal water (ENVO:00001250)","waterborne particulate matter (ENVO:01000436)","2023-05-22 17:53:00","0.1296","USA:California:Monterey Bay","FK2","27.967"," 2","14223c01_07c_eDNA","203.656","GTACACACCGCCCGTC","TGATCCTTCTGCAGGTTCACCTAC","Cannon","c","34.1371","Poretics","0.22um","-80","environmental","14223c01_07c_eDNA_FK","AVITI 2x150 bp low output flow cell","MSU",NA,"18"," 8.4879","2023"," 5","22","CN23S MARS","200","AVITI","CN23S MARS 200","200-700"
"169","14223c01_06c_eDNA_FK",NA,"FK","14223c01_06c_eDNA_L1_R1.fastq.gz","14223c01_06c_eDNA_L1_R2.fastq.gz","Francisco Chavez"," 6","14223","MBARI","Rachel Carson","ship","251.868","MARS"," 1",NA,"-0.0791","36.7110","-122.1960","26.5679","250","1.2635","marine biome  (ENVO:00000447)","coastal water (ENVO:00001250)","waterborne particulate matter (ENVO:01000436)","2023-05-22 17:53:00","0.1266","USA:California:Monterey Bay","FK3","31.056"," 3","14223c01_06c_eDNA","253.894","GTACACACCGCCCGTC","TGATCCTTCTGCAGGTTCACCTAC","Cannon","c","34.1584","Poretics","0.22um","-80","environmental","14223c01_06c_eDNA_FK","AVITI 2x150 bp low output flow cell","MSU",NA,"18"," 8.3253","2023"," 5","22","CN23S MARS","250","AVITI","CN23S MARS 250","200-700"
"170","14223c01_04c_eDNA_FK",NA,"FK","14223c01_04c_eDNA_L1_R1.fastq.gz","14223c01_04c_eDNA_L1_R2.fastq.gz","Francisco Chavez"," 4","14223","MBARI","Rachel Carson","ship","401.441","MARS"," 1",NA,"-0.1082","36.7110","-122.1960","26.7393","400","0.8192","marine biome  (ENVO:00000447)","coastal water (ENVO:00001250)","waterborne particulate matter (ENVO:01000436)","2023-05-22 17:53:00","0.1239","USA:California:Monterey Bay","FK5","39.831"," 5","14223c01_04c_eDNA","404.817","GTACACACCGCCCGTC","TGATCCTTCTGCAGGTTCACCTAC","Cannon","c","34.1991","Poretics","0.22um","-80","environmental","14223c01_04c_eDNA_FK","AVITI 2x150 bp low output flow cell","MSU",NA,"18"," 7.3874","2023"," 5","22","CN23S MARS","400","AVITI","CN23S MARS 400","200-700"
"171","14223c01_01c_eDNA_FK",NA,"FK","14223c01_01c_eDNA_L1_R1.fastq.gz","14223c01_01c_eDNA_L1_R2.fastq.gz","Francisco Chavez"," 1","14223","MBARI","Rachel Carson","ship","699.856","MARS"," 1",NA,"-0.0637","36.7110","-122.1960","27.1194","700","0.2595","marine biome  (ENVO:00000447)","coastal water (ENVO:00001250)","waterborne particulate matter (ENVO:01000436)","2023-05-22 17:53:00","0.1280","USA:California:Monterey Bay","FK8","46.121"," 8","14223c01_01c_eDNA","706.253","GTACACACCGCCCGTC","TGATCCTTCTGCAGGTTCACCTAC","Cannon","c","34.3191","Poretics","0.22um","-80","environmental","14223c01_01c_eDNA_FK","AVITI 2x150 bp low output flow cell","MSU",NA,"18"," 5.1966","2023"," 5","22","CN23S MARS","700","AVITI","CN23S MARS 700","200-700"
"172","22624c02_03c_eDNA_FK",NA,"FK","22624c02_03c_eDNA_L1_R1.fastq.gz","22624c02_03c_eDNA_L1_R2.fastq.gz","Francisco Chavez"," 3","22624","MBARI","RACHEL CARSON","ship","150.696","MOORING1"," 2",NA,"-0.0698","36.7472","-122.0217","26.3675","150","1.5880","marine biome  (ENVO:00000447)","coastal water (ENVO:00001250)","waterborne particulate matter (ENVO:01000436)","2024-08-13 17:36:00","0.1275","USA:California:Monterey Bay","FK36",NA,"36","22624c02_03c_eDNA","151.871","GTACACACCGCCCGTC","TGATCCTTCTGCAGGTTCACCTAC","PTLO","c","34.1000","Poretics","0.22um","-80","environmental","22624c02_03c_eDNA_FK","AVITI 2x150 bp low output flow cell","MSU",NA,"18"," 9.3023","2024"," 8","13","MBTS 22624","150","AVITI","MBTS 22624 150","150"
"173","22624c03_12c_eDNA_FK",NA,"FK","22624c03_12c_eDNA_L1_R1.fastq.gz","22624c03_12c_eDNA_L1_R2.fastq.gz","Francisco Chavez","12","22624","MBARI","RACHEL CARSON","ship","  3.292","MOORING2"," 3",NA," 1.1250","36.6968","-122.3775","25.3035","  0","5.7844","marine biome  (ENVO:00000447)","coastal water (ENVO:00001250)","waterborne particulate matter (ENVO:01000436)","2024-08-13 20:07:00","0.2390","USA:California:Monterey Bay","FK37",NA,"37","22624c03_12c_eDNA","  3.316","GTACACACCGCCCGTC","TGATCCTTCTGCAGGTTCACCTAC","PTLO","c","33.7200","Poretics","0.22um","-80","environmental","22624c03_12c_eDNA_FK","AVITI 2x150 bp low output flow cell","MSU",NA,"18","13.4873","2024"," 8","13","MBTS 22624","  0","AVITI","MBTS 22624 0","0-20"
"174","22624c03_03c_eDNA_FK",NA,"FK","22624c03_03c_eDNA_L1_R1.fastq.gz","22624c03_03c_eDNA_L1_R2.fastq.gz","Francisco Chavez"," 3","22624","MBARI","RACHEL CARSON","ship","150.793","MOORING2"," 3",NA,"-0.0733","36.6968","-122.3775","26.4110","150","1.5728","marine biome  (ENVO:00000447)","coastal water (ENVO:00001250)","waterborne particulate matter (ENVO:01000436)","2024-08-13 20:07:00","0.1272","USA:California:Monterey Bay","FK41",NA,"41","22624c03_03c_eDNA","151.969","GTACACACCGCCCGTC","TGATCCTTCTGCAGGTTCACCTAC","PTLO","c","34.1293","Poretics","0.22um","-80","environmental","22624c03_03c_eDNA_FK","AVITI 2x150 bp low output flow cell","MSU",NA,"18"," 9.1746","2024"," 8","13","MBTS 22624","150","AVITI","MBTS 22624 150","150"
"175","20524c03_12c_eDNA_FK",NA,"FK","20524c03_12c_eDNA_L1_R1.fastq.gz","20524c03_12c_eDNA_L1_R2.fastq.gz","Francisco Chavez","12","20524","MBARI","RACHEL CARSON","ship","  2.759","MOORING 2"," 3",NA,"10.9805","36.6982","-122.3780","25.0906","  0","9.0136","marine biome  (ENVO:00000447)","coastal water (ENVO:00001250)","waterborne particulate matter (ENVO:01000436)","2024-07-23 20:06:00","1.1592","USA:California:Monterey Bay","FK52",NA,"52","20524c03_12c_eDNA","  2.779","GTACACACCGCCCGTC","TGATCCTTCTGCAGGTTCACCTAC","PTLO","c","33.7366","Poretics","0.22um","-80","environmental","20524c03_12c_eDNA_FK","AVITI 2x150 bp low output flow cell","MSU",NA,"18","14.5710","2024"," 7","23","MBTS 20524","  0","AVITI","MBTS 20524 0","0-20"
"176","17024c03_03c_eDNA_FK",NA,"FK","17024c03_03c_eDNA_L1_R1.fastq.gz","17024c03_03c_eDNA_L1_R2.fastq.gz","Francisco Chavez"," 3","17024","MBARI","RACHEL CARSON","ship","151.154","MOORING 2"," 3",NA,"-0.0711","36.6942","-122.3785","26.4364","150","2.0085","marine biome  (ENVO:00000447)","coastal water (ENVO:00001250)","waterborne particulate matter (ENVO:01000436)","2024-06-18 19:25:00","0.1274","USA:California:Monterey Bay","FK57",NA,"57","17024c03_03c_eDNA","152.332","GTACACACCGCCCGTC","TGATCCTTCTGCAGGTTCACCTAC","PTLO","c","34.0072","Poretics","0.22um","-80","environmental","17024c03_03c_eDNA_FK","AVITI 2x150 bp low output flow cell","MSU",NA,"18"," 8.4001","2024"," 6","18","MBTS 17024","150","AVITI","MBTS 17024 150","150"
"177","17024c02_03c_eDNA_FK",NA,"FK","17024c02_03c_eDNA_L1_R1.fastq.gz","17024c02_03c_eDNA_L1_R2.fastq.gz","Francisco Chavez"," 3","17024","MBARI","RACHEL CARSON","ship","151.895","MOORING 1"," 2",NA,"-0.0586","36.7460","-122.0202","26.5569","150","1.3839","marine biome  (ENVO:00000447)","coastal water (ENVO:00001250)","waterborne particulate matter (ENVO:01000436)","2024-06-18 16:32:00","0.1285","USA:California:Monterey Bay","FK62",NA,"62","17024c02_03c_eDNA","153.079","GTACACACCGCCCGTC","TGATCCTTCTGCAGGTTCACCTAC","PTLO","c","34.1188","Poretics","0.22um","-80","environmental","17024c02_03c_eDNA_FK","AVITI 2x150 bp low output flow cell","MSU",NA,"18"," 8.1818","2024"," 6","18","MBTS 17024","150","AVITI","MBTS 17024 150","150"
"178","17024c01_03c_eDNA_FK",NA,"FK","17024c01_03c_eDNA_L1_R1.fastq.gz","17024c01_03c_eDNA_L1_R2.fastq.gz","Francisco Chavez"," 3","17024","MBARI","RACHEL CARSON","ship","150.653","C1"," 1",NA," 0.0127","36.7982","-121.8468","26.5255","150","1.4072","marine biome  (ENVO:00000447)","coastal water (ENVO:00001250)","waterborne particulate matter (ENVO:01000436)","2024-06-18 14:54:00","0.1352","USA:California:Monterey Bay","FK67","32.027","67","17024c01_03c_eDNA","151.829","GTACACACCGCCCGTC","TGATCCTTCTGCAGGTTCACCTAC","PTLO","c","34.0735","Poretics","0.22um","-80","environmental","17024c01_03c_eDNA_FK","AVITI 2x150 bp low output flow cell","MSU",NA,"18"," 8.1545","2024"," 6","18","MBTS 17024","150","AVITI","MBTS 17024 150","150"
